{
  "type": "FeatureCollection",
  "features": [
    {
      "type": "Feature",
      "properties": {
        "P33_001": 4,
        "P33_002": "29427",
        "P33_003": "29",
        "P33_004": 1,
        "P33_005": "イオンシネマ西大和",
        "P33_006": "636-0073",
        "P33_007": "河合町広瀬台3-5-1",
        "P33_008": "0745-31-7171",
        "P33_009": -1,
        "P33_010": "http://www.aeoncinema.com/cinema/nishiyamato/",
        "P33_011": "近鉄田原本線大輪田駅",
        "P33_012": 7,
        "P33_013": 1318,
        "P33_014": -1,
        "P33_015": "‐",
        "P33_016": "‐",
        "P33_017": "‐",
        "P33_018": -1,
        "P33_019": -1,
        "P33_020": -1,
        "P33_021": -1,
        "P33_022": -1,
        "P33_023": -1,
        "P33_024": -1,
        "P33_041": 1
      },
      "geometry": {
        "type": "Point",
        "coordinates": [
          135.7190919443542,
          34.585717777575354
        ]
      }
    },
    {
      "type": "Feature",
      "properties": {
        "P33_001": 3,
        "P33_002": "29205",
        "P33_003": "29",
        "P33_004": 1,
        "P33_005": "ＴＯＨＯシネマズ 橿原",
        "P33_006": "634-0837",
        "P33_007": "橿原市曲川町7-20-1（イオンモール橿原3F）",
        "P33_008": "050-6868-5031",
        "P33_009": -1,
        "P33_010": "http://hlo.tohotheater.jp/net/schedule/013/TNPI2000J01.do",
        "P33_011": "‐",
        "P33_012": 9,
        "P33_013": 1630,
        "P33_014": -1,
        "P33_015": "‐",
        "P33_016": "‐",
        "P33_017": "‐",
        "P33_018": -1,
        "P33_019": -1,
        "P33_020": -1,
        "P33_021": -1,
        "P33_022": -1,
        "P33_023": -1,
        "P33_024": -1,
        "P33_041": 1
      },
      "geometry": {
        "type": "Point",
        "coordinates": [
          135.76308177167078,
          34.50612701938459
        ]
      }
    },
    {
      "type": "Feature",
      "properties": {
        "P33_001": 2,
        "P33_002": "29205",
        "P33_003": "29",
        "P33_004": 1,
        "P33_005": "ＭＯＶＩＸ橿原",
        "P33_006": "634-0008",
        "P33_007": "橿原市十市町1222-1",
        "P33_008": "0744-21-1700",
        "P33_009": -1,
        "P33_010": "http://www.smt-cinema.com/site/kashihara/",
        "P33_011": "近鉄橿原線新ノ口駅",
        "P33_012": 9,
        "P33_013": 2025,
        "P33_014": -1,
        "P33_015": "‐",
        "P33_016": "‐",
        "P33_017": "‐",
        "P33_018": -1,
        "P33_019": -1,
        "P33_020": -1,
        "P33_021": -1,
        "P33_022": -1,
        "P33_023": -1,
        "P33_024": -1,
        "P33_041": 1
      },
      "geometry": {
        "type": "Point",
        "coordinates": [
          135.79662000025704,
          34.529273999793645
        ]
      }
    },
    {
      "type": "Feature",
      "properties": {
        "P33_001": 1,
        "P33_002": "29203",
        "P33_003": "29",
        "P33_004": 1,
        "P33_005": "シネマサンシャイン大和郡山",
        "P33_006": "639-1101",
        "P33_007": "大和郡山市下三橋町741（イオンモール大和郡山3F）",
        "P33_008": "0743-58-5111",
        "P33_009": -1,
        "P33_010": "http://www.cinemasunshine.co.jp/theater/yamatokoriyama/",
        "P33_011": "‐",
        "P33_012": 9,
        "P33_013": 1566,
        "P33_014": -1,
        "P33_015": "‐",
        "P33_016": "‐",
        "P33_017": "‐",
        "P33_018": -1,
        "P33_019": -1,
        "P33_020": -1,
        "P33_021": -1,
        "P33_022": -1,
        "P33_023": -1,
        "P33_024": -1,
        "P33_041": 1
      },
      "geometry": {
        "type": "Point",
        "coordinates": [
          135.80230407895635,
          34.65090062098776
        ]
      }
    },
    {
      "type": "Feature",
      "properties": {
        "P33_001": 63,
        "P33_002": "29201",
        "P33_003": "29",
        "P33_004": 2,
        "P33_005": "飛鳥公民館白毫寺分館",
        "P33_006": "630-8302",
        "P33_007": "奈良市白毫寺町58-2",
        "P33_008": "0742-26-4435",
        "P33_009": 19720000,
        "P33_010": "‐",
        "P33_011": "‐",
        "P33_012": -1,
        "P33_013": -1,
        "P33_014": 3,
        "P33_015": "‐",
        "P33_016": "‐",
        "P33_017": "‐",
        "P33_018": -1,
        "P33_019": 284,
        "P33_020": -1,
        "P33_021": -1,
        "P33_022": -1,
        "P33_023": -1,
        "P33_024": -1,
        "P33_041": 1
      },
      "geometry": {
        "type": "Point",
        "coordinates": [
          135.84684999993183,
          34.671050999911074
        ]
      }
    },
    {
      "type": "Feature",
      "properties": {
        "P33_001": 5,
        "P33_002": "29201",
        "P33_003": "29",
        "P33_004": 2,
        "P33_005": "春日公民館済美南分館",
        "P33_006": "630-8141",
        "P33_007": "奈良市南京終町7-554-3",
        "P33_008": "‐",
        "P33_009": 19970000,
        "P33_010": "‐",
        "P33_011": "‐",
        "P33_012": -1,
        "P33_013": -1,
        "P33_014": 3,
        "P33_015": "‐",
        "P33_016": "‐",
        "P33_017": "‐",
        "P33_018": -1,
        "P33_019": 254,
        "P33_020": -1,
        "P33_021": -1,
        "P33_022": -1,
        "P33_023": -1,
        "P33_024": -1,
        "P33_041": 1
      },
      "geometry": {
        "type": "Point",
        "coordinates": [
          135.82624900004956,
          34.66556700002599
        ]
      }
    },
    {
      "type": "Feature",
      "properties": {
        "P33_001": 6,
        "P33_002": "29201",
        "P33_003": "29",
        "P33_004": 2,
        "P33_005": "春日公民館大安寺分館",
        "P33_006": "630-8133",
        "P33_007": "奈良市大安寺4-4-34",
        "P33_008": "0742-61-6527",
        "P33_009": 19790000,
        "P33_010": "‐",
        "P33_011": "‐",
        "P33_012": -1,
        "P33_013": -1,
        "P33_014": 3,
        "P33_015": "‐",
        "P33_016": "‐",
        "P33_017": "‐",
        "P33_018": -1,
        "P33_019": 293,
        "P33_020": -1,
        "P33_021": -1,
        "P33_022": -1,
        "P33_023": -1,
        "P33_024": -1,
        "P33_041": 1
      },
      "geometry": {
        "type": "Point",
        "coordinates": [
          135.81238499993827,
          34.67095599949566
        ]
      }
    },
    {
      "type": "Feature",
      "properties": {
        "P33_001": 7,
        "P33_002": "29201",
        "P33_003": "29",
        "P33_004": 2,
        "P33_005": "春日公民館西木辻分館",
        "P33_006": "630-8325",
        "P33_007": "奈良市西木辻町200-67",
        "P33_008": "0742-24-5801",
        "P33_009": 19690000,
        "P33_010": "‐",
        "P33_011": "‐",
        "P33_012": -1,
        "P33_013": -1,
        "P33_014": 3,
        "P33_015": "‐",
        "P33_016": "‐",
        "P33_017": "‐",
        "P33_018": -1,
        "P33_019": 483,
        "P33_020": -1,
        "P33_021": -1,
        "P33_022": -1,
        "P33_023": -1,
        "P33_024": -1,
        "P33_041": 1
      },
      "geometry": {
        "type": "Point",
        "coordinates": [
          135.8255630000612,
          34.67435099967564
        ]
      }
    },
    {
      "type": "Feature",
      "properties": {
        "P33_001": 8,
        "P33_002": "29201",
        "P33_003": "29",
        "P33_004": 2,
        "P33_005": "京西公民館平松分館",
        "P33_006": "631-0846",
        "P33_007": "奈良市平松1-24-1",
        "P33_008": "0742-48-3195",
        "P33_009": 19690000,
        "P33_010": "‐",
        "P33_011": "‐",
        "P33_012": -1,
        "P33_013": -1,
        "P33_014": 3,
        "P33_015": "‐",
        "P33_016": "‐",
        "P33_017": "‐",
        "P33_018": -1,
        "P33_019": 357,
        "P33_020": -1,
        "P33_021": -1,
        "P33_022": -1,
        "P33_023": -1,
        "P33_024": -1,
        "P33_041": 1
      },
      "geometry": {
        "type": "Point",
        "coordinates": [
          135.7767220000214,
          34.679317999651346
        ]
      }
    },
    {
      "type": "Feature",
      "properties": {
        "P33_001": 9,
        "P33_002": "29201",
        "P33_003": "29",
        "P33_004": 2,
        "P33_005": "興東公民館大平尾分館",
        "P33_006": "630-1243",
        "P33_007": "奈良市大平尾町471",
        "P33_008": "0742-93-0443",
        "P33_009": 19960000,
        "P33_010": "‐",
        "P33_011": "‐",
        "P33_012": -1,
        "P33_013": -1,
        "P33_014": 3,
        "P33_015": "‐",
        "P33_016": "‐",
        "P33_017": "‐",
        "P33_018": -1,
        "P33_019": 150,
        "P33_020": -1,
        "P33_021": -1,
        "P33_022": -1,
        "P33_023": -1,
        "P33_024": -1,
        "P33_041": 1
      },
      "geometry": {
        "type": "Point",
        "coordinates": [
          135.92653499982873,
          34.68293299966211
        ]
      }
    },
    {
      "type": "Feature",
      "properties": {
        "P33_001": 10,
        "P33_002": "29201",
        "P33_003": "29",
        "P33_004": 2,
        "P33_005": "興東公民館狭川分館",
        "P33_006": "630-1102",
        "P33_007": "奈良市下狭川町3109-2",
        "P33_008": "0742-95-0004",
        "P33_009": 19720000,
        "P33_010": "‐",
        "P33_011": "‐",
        "P33_012": -1,
        "P33_013": -1,
        "P33_014": 3,
        "P33_015": "‐",
        "P33_016": "‐",
        "P33_017": "‐",
        "P33_018": -1,
        "P33_019": 253,
        "P33_020": -1,
        "P33_021": -1,
        "P33_022": -1,
        "P33_023": -1,
        "P33_024": -1,
        "P33_041": 1
      },
      "geometry": {
        "type": "Point",
        "coordinates": [
          135.91301299968913,
          34.73500000011562
        ]
      }
    },
    {
      "type": "Feature",
      "properties": {
        "P33_001": 11,
        "P33_002": "29201",
        "P33_003": "29",
        "P33_004": 2,
        "P33_005": "興東公民館東里分館",
        "P33_006": "630-1111",
        "P33_007": "奈良市須川町776",
        "P33_008": "0742-95-0900",
        "P33_009": 19740000,
        "P33_010": "‐",
        "P33_011": "‐",
        "P33_012": -1,
        "P33_013": -1,
        "P33_014": 3,
        "P33_015": "‐",
        "P33_016": "‐",
        "P33_017": "‐",
        "P33_018": -1,
        "P33_019": 201,
        "P33_020": -1,
        "P33_021": -1,
        "P33_022": -1,
        "P33_023": -1,
        "P33_024": -1,
        "P33_041": 1
      },
      "geometry": {
        "type": "Point",
        "coordinates": [
          135.9103009999731,
          34.716260000224416
        ]
      }
    },
    {
      "type": "Feature",
      "properties": {
        "P33_001": 12,
        "P33_002": "29201",
        "P33_003": "29",
        "P33_004": 2,
        "P33_005": "西部公民館学園大和分館",
        "P33_006": "631-0041",
        "P33_007": "奈良市学園大和町1-10-1",
        "P33_008": "0742-49-5402",
        "P33_009": 19730000,
        "P33_010": "‐",
        "P33_011": "‐",
        "P33_012": -1,
        "P33_013": -1,
        "P33_014": 3,
        "P33_015": "‐",
        "P33_016": "‐",
        "P33_017": "‐",
        "P33_018": -1,
        "P33_019": 352,
        "P33_020": -1,
        "P33_021": -1,
        "P33_022": -1,
        "P33_023": -1,
        "P33_024": -1,
        "P33_041": 1
      },
      "geometry": {
        "type": "Point",
        "coordinates": [
          135.74736955559754,
          34.68777670666506
        ]
      }
    },
    {
      "type": "Feature",
      "properties": {
        "P33_001": 13,
        "P33_002": "29201",
        "P33_003": "29",
        "P33_004": 2,
        "P33_005": "田原公民館杣ノ川分館",
        "P33_006": "630-2152",
        "P33_007": "奈良市杣ノ川町698",
        "P33_008": "0742-81-0362",
        "P33_009": 19960000,
        "P33_010": "‐",
        "P33_011": "‐",
        "P33_012": -1,
        "P33_013": -1,
        "P33_014": 3,
        "P33_015": "‐",
        "P33_016": "‐",
        "P33_017": "‐",
        "P33_018": -1,
        "P33_019": 150,
        "P33_020": -1,
        "P33_021": -1,
        "P33_022": -1,
        "P33_023": -1,
        "P33_024": -1,
        "P33_041": 1
      },
      "geometry": {
        "type": "Point",
        "coordinates": [
          135.94489199990534,
          34.64861800030638
        ]
      }
    },
    {
      "type": "Feature",
      "properties": {
        "P33_001": 14,
        "P33_002": "29201",
        "P33_003": "29",
        "P33_004": 2,
        "P33_005": "田原公民館水間分館",
        "P33_006": "630-2151",
        "P33_007": "奈良市水間町989-1",
        "P33_008": "0742-81-0778",
        "P33_009": 19900000,
        "P33_010": "‐",
        "P33_011": "‐",
        "P33_012": -1,
        "P33_013": -1,
        "P33_014": 3,
        "P33_015": "‐",
        "P33_016": "‐",
        "P33_017": "‐",
        "P33_018": -1,
        "P33_019": 207,
        "P33_020": -1,
        "P33_021": -1,
        "P33_022": -1,
        "P33_023": -1,
        "P33_024": -1,
        "P33_041": 1
      },
      "geometry": {
        "type": "Point",
        "coordinates": [
          135.94597000002506,
          34.672569999426564
        ]
      }
    },
    {
      "type": "Feature",
      "properties": {
        "P33_001": 15,
        "P33_002": "29201",
        "P33_003": "29",
        "P33_004": 2,
        "P33_005": "田原公民館横田分館",
        "P33_006": "630-2174",
        "P33_007": "奈良市横田町336-1",
        "P33_008": "0742-81-0465",
        "P33_009": 19720000,
        "P33_010": "‐",
        "P33_011": "‐",
        "P33_012": -1,
        "P33_013": -1,
        "P33_014": 3,
        "P33_015": "‐",
        "P33_016": "‐",
        "P33_017": "‐",
        "P33_018": -1,
        "P33_019": 345,
        "P33_020": -1,
        "P33_021": -1,
        "P33_022": -1,
        "P33_023": -1,
        "P33_024": -1,
        "P33_041": 1
      },
      "geometry": {
        "type": "Point",
        "coordinates": [
          135.91036194459554,
          34.658290555288694
        ]
      }
    },
    {
      "type": "Feature",
      "properties": {
        "P33_001": 16,
        "P33_002": "29201",
        "P33_003": "29",
        "P33_004": 2,
        "P33_005": "都跡公民館佐紀分館",
        "P33_006": "630-8003",
        "P33_007": "奈良市佐紀町3089",
        "P33_008": "0742-34-9546",
        "P33_009": 19810000,
        "P33_010": "‐",
        "P33_011": "‐",
        "P33_012": -1,
        "P33_013": -1,
        "P33_014": 3,
        "P33_015": "‐",
        "P33_016": "‐",
        "P33_017": "‐",
        "P33_018": -1,
        "P33_019": 150,
        "P33_020": -1,
        "P33_021": -1,
        "P33_022": -1,
        "P33_023": -1,
        "P33_024": -1,
        "P33_041": 1
      },
      "geometry": {
        "type": "Point",
        "coordinates": [
          135.79346799981204,
          34.698599000187144
        ]
      }
    },
    {
      "type": "Feature",
      "properties": {
        "P33_001": 17,
        "P33_002": "29201",
        "P33_003": "29",
        "P33_004": 2,
        "P33_005": "富雄公民館元町分館",
        "P33_006": "631-0076",
        "P33_007": "奈良市富雄北2-2-8",
        "P33_008": "0742-46-1431",
        "P33_009": 19680000,
        "P33_010": "‐",
        "P33_011": "‐",
        "P33_012": -1,
        "P33_013": -1,
        "P33_014": 3,
        "P33_015": "‐",
        "P33_016": "‐",
        "P33_017": "‐",
        "P33_018": -1,
        "P33_019": 211,
        "P33_020": -1,
        "P33_021": -1,
        "P33_022": -1,
        "P33_023": -1,
        "P33_024": -1,
        "P33_041": 1
      },
      "geometry": {
        "type": "Point",
        "coordinates": [
          135.73646099994872,
          34.69491800007363
        ]
      }
    },
    {
      "type": "Feature",
      "properties": {
        "P33_001": 18,
        "P33_002": "29201",
        "P33_003": "29",
        "P33_004": 2,
        "P33_005": "奈良市生涯学習センター",
        "P33_006": "630-8357",
        "P33_007": "奈良市杉ヶ町23",
        "P33_008": "0742-26-8811",
        "P33_009": 19980000,
        "P33_010": "‐",
        "P33_011": "‐",
        "P33_012": -1,
        "P33_013": -1,
        "P33_014": 1,
        "P33_015": "‐",
        "P33_016": "‐",
        "P33_017": "‐",
        "P33_018": -1,
        "P33_019": 3589,
        "P33_020": -1,
        "P33_021": -1,
        "P33_022": -1,
        "P33_023": -1,
        "P33_024": -1,
        "P33_041": 1
      },
      "geometry": {
        "type": "Point",
        "coordinates": [
          135.82113416381998,
          34.6774095305196
        ]
      }
    },
    {
      "type": "Feature",
      "properties": {
        "P33_001": 19,
        "P33_002": "29201",
        "P33_003": "29",
        "P33_004": 2,
        "P33_005": "市立西部公民館",
        "P33_006": "631-0034",
        "P33_007": "奈良市学園南3-1-5",
        "P33_008": "0742-44-0101",
        "P33_009": 19710000,
        "P33_010": "‐",
        "P33_011": "‐",
        "P33_012": -1,
        "P33_013": -1,
        "P33_014": 2,
        "P33_015": "‐",
        "P33_016": "‐",
        "P33_017": "‐",
        "P33_018": -1,
        "P33_019": 3337,
        "P33_020": -1,
        "P33_021": -1,
        "P33_022": -1,
        "P33_023": -1,
        "P33_024": -1,
        "P33_041": 1
      },
      "geometry": {
        "type": "Point",
        "coordinates": [
          135.75014525440517,
          34.696649507346216
        ]
      }
    },
    {
      "type": "Feature",
      "properties": {
        "P33_001": 20,
        "P33_002": "29201",
        "P33_003": "29",
        "P33_004": 2,
        "P33_005": "市立中部公民館",
        "P33_006": "630-8228",
        "P33_007": "奈良市上三条町23-4",
        "P33_008": "0742-26-6506",
        "P33_009": 19480000,
        "P33_010": "‐",
        "P33_011": "‐",
        "P33_012": -1,
        "P33_013": -1,
        "P33_014": 2,
        "P33_015": "‐",
        "P33_016": "‐",
        "P33_017": "‐",
        "P33_018": -1,
        "P33_019": 4359,
        "P33_020": -1,
        "P33_021": -1,
        "P33_022": -1,
        "P33_023": -1,
        "P33_024": -1,
        "P33_041": 1
      },
      "geometry": {
        "type": "Point",
        "coordinates": [
          135.8258354075461,
          34.68232081817651
        ]
      }
    },
    {
      "type": "Feature",
      "properties": {
        "P33_001": 21,
        "P33_002": "29201",
        "P33_003": "29",
        "P33_004": 2,
        "P33_005": "市立南部公民館",
        "P33_006": "630-8434",
        "P33_007": "奈良市山町27-1",
        "P33_008": "0742-62-5931",
        "P33_009": 19700000,
        "P33_010": "‐",
        "P33_011": "‐",
        "P33_012": -1,
        "P33_013": -1,
        "P33_014": 2,
        "P33_015": "‐",
        "P33_016": "‐",
        "P33_017": "‐",
        "P33_018": -1,
        "P33_019": 980,
        "P33_020": -1,
        "P33_021": -1,
        "P33_022": -1,
        "P33_023": -1,
        "P33_024": -1,
        "P33_041": 1
      },
      "geometry": {
        "type": "Point",
        "coordinates": [
          135.82874800004168,
          34.64374199985592
        ]
      }
    },
    {
      "type": "Feature",
      "properties": {
        "P33_001": 22,
        "P33_002": "29201",
        "P33_003": "29",
        "P33_004": 2,
        "P33_005": "市立三笠公民館",
        "P33_006": "630-8115",
        "P33_007": "奈良市大宮町4-313-3",
        "P33_008": "0742-33-0515",
        "P33_009": 19720000,
        "P33_010": "‐",
        "P33_011": "‐",
        "P33_012": -1,
        "P33_013": -1,
        "P33_014": 2,
        "P33_015": "‐",
        "P33_016": "‐",
        "P33_017": "‐",
        "P33_018": -1,
        "P33_019": 753,
        "P33_020": -1,
        "P33_021": -1,
        "P33_022": -1,
        "P33_023": -1,
        "P33_024": -1,
        "P33_041": 1
      },
      "geometry": {
        "type": "Point",
        "coordinates": [
          135.80867772835956,
          34.68294702120082
        ]
      }
    },
    {
      "type": "Feature",
      "properties": {
        "P33_001": 23,
        "P33_002": "29201",
        "P33_003": "29",
        "P33_004": 2,
        "P33_005": "南部公民館精華分館",
        "P33_006": "630-8411",
        "P33_007": "奈良市高樋町640-1",
        "P33_008": "0742-64-3818",
        "P33_009": 19820000,
        "P33_010": "‐",
        "P33_011": "‐",
        "P33_012": -1,
        "P33_013": -1,
        "P33_014": 3,
        "P33_015": "‐",
        "P33_016": "‐",
        "P33_017": "‐",
        "P33_018": -1,
        "P33_019": 523,
        "P33_020": -1,
        "P33_021": -1,
        "P33_022": -1,
        "P33_023": -1,
        "P33_024": -1,
        "P33_041": 1
      },
      "geometry": {
        "type": "Point",
        "coordinates": [
          135.85380499978078,
          34.633272000372614
        ]
      }
    },
    {
      "type": "Feature",
      "properties": {
        "P33_001": 24,
        "P33_002": "29201",
        "P33_003": "29",
        "P33_004": 2,
        "P33_005": "南部公民館東九条分館",
        "P33_006": "630-8144",
        "P33_007": "奈良市東九条町318",
        "P33_008": "0742-61-9943",
        "P33_009": 19740000,
        "P33_010": "‐",
        "P33_011": "‐",
        "P33_012": -1,
        "P33_013": -1,
        "P33_014": 3,
        "P33_015": "‐",
        "P33_016": "‐",
        "P33_017": "‐",
        "P33_018": -1,
        "P33_019": 174,
        "P33_020": -1,
        "P33_021": -1,
        "P33_022": -1,
        "P33_023": -1,
        "P33_024": -1,
        "P33_041": 3
      },
      "geometry": {
        "type": "Point",
        "coordinates": [
          135.81709100011054,
          34.66019800040136
        ]
      }
    },
    {
      "type": "Feature",
      "properties": {
        "P33_001": 25,
        "P33_002": "29201",
        "P33_003": "29",
        "P33_004": 2,
        "P33_005": "南部公民館明治分館",
        "P33_006": "630-8442",
        "P33_007": "奈良市北永井町508-2",
        "P33_008": "0742-62-6728",
        "P33_009": 19960000,
        "P33_010": "‐",
        "P33_011": "‐",
        "P33_012": -1,
        "P33_013": -1,
        "P33_014": 3,
        "P33_015": "‐",
        "P33_016": "‐",
        "P33_017": "‐",
        "P33_018": -1,
        "P33_019": 309,
        "P33_020": -1,
        "P33_021": -1,
        "P33_022": -1,
        "P33_023": -1,
        "P33_024": -1,
        "P33_041": 1
      },
      "geometry": {
        "type": "Point",
        "coordinates": [
          135.82652700002936,
          34.6558889994729
        ]
      }
    },
    {
      "type": "Feature",
      "properties": {
        "P33_001": 26,
        "P33_002": "29201",
        "P33_003": "29",
        "P33_004": 2,
        "P33_005": "二名公民館西登美ヶ丘分館",
        "P33_006": "631-0006",
        "P33_007": "奈良市西登美ヶ丘5-3-9",
        "P33_008": "0742-41-8336",
        "P33_009": 19760000,
        "P33_010": "‐",
        "P33_011": "‐",
        "P33_012": -1,
        "P33_013": -1,
        "P33_014": 3,
        "P33_015": "‐",
        "P33_016": "‐",
        "P33_017": "‐",
        "P33_018": -1,
        "P33_019": 279,
        "P33_020": -1,
        "P33_021": -1,
        "P33_022": -1,
        "P33_023": -1,
        "P33_024": -1,
        "P33_041": 1
      },
      "geometry": {
        "type": "Point",
        "coordinates": [
          135.73815800023888,
          34.713232999803246
        ]
      }
    },
    {
      "type": "Feature",
      "properties": {
        "P33_001": 27,
        "P33_002": "29201",
        "P33_003": "29",
        "P33_004": 2,
        "P33_005": "二名公民館二名分館",
        "P33_006": "631-0072",
        "P33_007": "奈良市二名1-2400-4",
        "P33_008": "0742-43-7059",
        "P33_009": 19740000,
        "P33_010": "‐",
        "P33_011": "‐",
        "P33_012": -1,
        "P33_013": -1,
        "P33_014": 3,
        "P33_015": "‐",
        "P33_016": "‐",
        "P33_017": "‐",
        "P33_018": -1,
        "P33_019": 190,
        "P33_020": -1,
        "P33_021": -1,
        "P33_022": -1,
        "P33_023": -1,
        "P33_024": -1,
        "P33_041": 1
      },
      "geometry": {
        "type": "Point",
        "coordinates": [
          135.73394300025333,
          34.70513399983605
        ]
      }
    },
    {
      "type": "Feature",
      "properties": {
        "P33_001": 28,
        "P33_002": "29201",
        "P33_003": "29",
        "P33_004": 2,
        "P33_005": "伏見公民館あやめ池分館",
        "P33_006": "631-0033",
        "P33_007": "奈良市あやめ池南1-7-62",
        "P33_008": "0742-45-4743",
        "P33_009": 19660000,
        "P33_010": "‐",
        "P33_011": "‐",
        "P33_012": -1,
        "P33_013": -1,
        "P33_014": 3,
        "P33_015": "‐",
        "P33_016": "‐",
        "P33_017": "‐",
        "P33_018": -1,
        "P33_019": 685,
        "P33_020": -1,
        "P33_021": -1,
        "P33_022": -1,
        "P33_023": -1,
        "P33_024": -1,
        "P33_041": 1
      },
      "geometry": {
        "type": "Point",
        "coordinates": [
          135.7599790000568,
          34.69632900011881
        ]
      }
    },
    {
      "type": "Feature",
      "properties": {
        "P33_001": 29,
        "P33_002": "29201",
        "P33_003": "29",
        "P33_004": 2,
        "P33_005": "平城公民館歌姫分館",
        "P33_006": "631-0802",
        "P33_007": "奈良市歌姫町1024",
        "P33_008": "‐",
        "P33_009": 19710000,
        "P33_010": "‐",
        "P33_011": "‐",
        "P33_012": -1,
        "P33_013": -1,
        "P33_014": 3,
        "P33_015": "‐",
        "P33_016": "‐",
        "P33_017": "‐",
        "P33_018": -1,
        "P33_019": 268,
        "P33_020": -1,
        "P33_021": -1,
        "P33_022": -1,
        "P33_023": -1,
        "P33_024": -1,
        "P33_041": 1
      },
      "geometry": {
        "type": "Point",
        "coordinates": [
          135.7956339997936,
          34.70376700037113
        ]
      }
    },
    {
      "type": "Feature",
      "properties": {
        "P33_001": 30,
        "P33_002": "29201",
        "P33_003": "29",
        "P33_004": 2,
        "P33_005": "三笠公民館大安寺西分館",
        "P33_006": "630-8015",
        "P33_007": "奈良市四条大路南1-22",
        "P33_008": "0742-35-5329",
        "P33_009": 19920000,
        "P33_010": "‐",
        "P33_011": "‐",
        "P33_012": -1,
        "P33_013": -1,
        "P33_014": 3,
        "P33_015": "‐",
        "P33_016": "‐",
        "P33_017": "‐",
        "P33_018": -1,
        "P33_019": 252,
        "P33_020": -1,
        "P33_021": -1,
        "P33_022": -1,
        "P33_023": -1,
        "P33_024": -1,
        "P33_041": 1
      },
      "geometry": {
        "type": "Point",
        "coordinates": [
          135.80656600006583,
          34.67706000071825
        ]
      }
    },
    {
      "type": "Feature",
      "properties": {
        "P33_001": 31,
        "P33_002": "29201",
        "P33_003": "29",
        "P33_004": 2,
        "P33_005": "柳生公民館興ヶ原分館",
        "P33_006": "630-1232",
        "P33_007": "奈良市興ヶ原町349-1",
        "P33_008": "0742-94-0930",
        "P33_009": 19740000,
        "P33_010": "‐",
        "P33_011": "‐",
        "P33_012": -1,
        "P33_013": -1,
        "P33_014": 3,
        "P33_015": "‐",
        "P33_016": "‐",
        "P33_017": "‐",
        "P33_018": -1,
        "P33_019": 159,
        "P33_020": -1,
        "P33_021": -1,
        "P33_022": -1,
        "P33_023": -1,
        "P33_024": -1,
        "P33_041": 1
      },
      "geometry": {
        "type": "Point",
        "coordinates": [
          135.96780964068765,
          34.7355178405804
        ]
      }
    },
    {
      "type": "Feature",
      "properties": {
        "P33_001": 32,
        "P33_002": "29201",
        "P33_003": "29",
        "P33_004": 2,
        "P33_005": "柳生公民館北野山分館",
        "P33_006": "630-1234",
        "P33_007": "奈良市北野山町724",
        "P33_008": "0742-94-0521",
        "P33_009": 19820000,
        "P33_010": "‐",
        "P33_011": "‐",
        "P33_012": -1,
        "P33_013": -1,
        "P33_014": 3,
        "P33_015": "‐",
        "P33_016": "‐",
        "P33_017": "‐",
        "P33_018": -1,
        "P33_019": 61,
        "P33_020": -1,
        "P33_021": -1,
        "P33_022": -1,
        "P33_023": -1,
        "P33_024": -1,
        "P33_041": 1
      },
      "geometry": {
        "type": "Point",
        "coordinates": [
          135.97352558632028,
          34.69356070038771
        ]
      }
    },
    {
      "type": "Feature",
      "properties": {
        "P33_001": 33,
        "P33_002": "29201",
        "P33_003": "29",
        "P33_004": 2,
        "P33_005": "柳生公民館丹生分館",
        "P33_006": "630-1235",
        "P33_007": "奈良市丹生町847",
        "P33_008": "0742-94-0627",
        "P33_009": 19740000,
        "P33_010": "‐",
        "P33_011": "‐",
        "P33_012": -1,
        "P33_013": -1,
        "P33_014": 3,
        "P33_015": "‐",
        "P33_016": "‐",
        "P33_017": "‐",
        "P33_018": -1,
        "P33_019": 130,
        "P33_020": -1,
        "P33_021": -1,
        "P33_022": -1,
        "P33_023": -1,
        "P33_024": -1,
        "P33_041": 1
      },
      "geometry": {
        "type": "Point",
        "coordinates": [
          135.96665236421188,
          34.69655542117872
        ]
      }
    },
    {
      "type": "Feature",
      "properties": {
        "P33_001": 34,
        "P33_002": "29201",
        "P33_003": "29",
        "P33_004": 2,
        "P33_005": "柳生公民館邑地分館",
        "P33_006": "630-1233",
        "P33_007": "奈良市邑地町451-4",
        "P33_008": "0742-94-0126",
        "P33_009": 19840000,
        "P33_010": "‐",
        "P33_011": "‐",
        "P33_012": -1,
        "P33_013": -1,
        "P33_014": 3,
        "P33_015": "‐",
        "P33_016": "‐",
        "P33_017": "‐",
        "P33_018": -1,
        "P33_019": 136,
        "P33_020": -1,
        "P33_021": -1,
        "P33_022": -1,
        "P33_023": -1,
        "P33_024": -1,
        "P33_041": 1
      },
      "geometry": {
        "type": "Point",
        "coordinates": [
          135.9791421870455,
          34.71632279777273
        ]
      }
    },
    {
      "type": "Feature",
      "properties": {
        "P33_001": 35,
        "P33_002": "29201",
        "P33_003": "29",
        "P33_004": 2,
        "P33_005": "若草公民館佐保分館",
        "P33_006": "630-8113",
        "P33_007": "奈良市法蓮町291-3",
        "P33_008": "0742-27-5773",
        "P33_009": 19860000,
        "P33_010": "‐",
        "P33_011": "‐",
        "P33_012": -1,
        "P33_013": -1,
        "P33_014": 3,
        "P33_015": "‐",
        "P33_016": "‐",
        "P33_017": "‐",
        "P33_018": -1,
        "P33_019": 415,
        "P33_020": -1,
        "P33_021": -1,
        "P33_022": -1,
        "P33_023": -1,
        "P33_024": -1,
        "P33_041": 1
      },
      "geometry": {
        "type": "Point",
        "coordinates": [
          135.81992799998426,
          34.690197000341364
        ]
      }
    },
    {
      "type": "Feature",
      "properties": {
        "P33_001": 36,
        "P33_002": "29201",
        "P33_003": "29",
        "P33_004": 2,
        "P33_005": "市立飛鳥公民館",
        "P33_006": "630-8306",
        "P33_007": "奈良市紀寺町984",
        "P33_008": "0742-23-2804",
        "P33_009": 19870000,
        "P33_010": "‐",
        "P33_011": "‐",
        "P33_012": -1,
        "P33_013": -1,
        "P33_014": 2,
        "P33_015": "‐",
        "P33_016": "‐",
        "P33_017": "‐",
        "P33_018": -1,
        "P33_019": 501,
        "P33_020": -1,
        "P33_021": -1,
        "P33_022": -1,
        "P33_023": -1,
        "P33_024": -1,
        "P33_041": 1
      },
      "geometry": {
        "type": "Point",
        "coordinates": [
          135.83535199995785,
          34.675800999956
        ]
      }
    },
    {
      "type": "Feature",
      "properties": {
        "P33_001": 37,
        "P33_002": "29201",
        "P33_003": "29",
        "P33_004": 2,
        "P33_005": "市立春日公民館",
        "P33_006": "630-8141",
        "P33_007": "奈良市南京終町1-86-1",
        "P33_008": "0742-62-2253",
        "P33_009": 19760000,
        "P33_010": "‐",
        "P33_011": "‐",
        "P33_012": -1,
        "P33_013": -1,
        "P33_014": 2,
        "P33_015": "‐",
        "P33_016": "‐",
        "P33_017": "‐",
        "P33_018": -1,
        "P33_019": 543,
        "P33_020": -1,
        "P33_021": -1,
        "P33_022": -1,
        "P33_023": -1,
        "P33_024": -1,
        "P33_041": 1
      },
      "geometry": {
        "type": "Point",
        "coordinates": [
          135.82249317099033,
          34.67191789271103
        ]
      }
    },
    {
      "type": "Feature",
      "properties": {
        "P33_001": 38,
        "P33_002": "29201",
        "P33_003": "29",
        "P33_004": 2,
        "P33_005": "市立京西公民館",
        "P33_006": "630-8044",
        "P33_007": "奈良市六条西1-3-43-2",
        "P33_008": "0742-44-2669",
        "P33_009": 19790000,
        "P33_010": "‐",
        "P33_011": "‐",
        "P33_012": -1,
        "P33_013": -1,
        "P33_014": 2,
        "P33_015": "‐",
        "P33_016": "‐",
        "P33_017": "‐",
        "P33_018": -1,
        "P33_019": 538,
        "P33_020": -1,
        "P33_021": -1,
        "P33_022": -1,
        "P33_023": -1,
        "P33_024": -1,
        "P33_041": 1
      },
      "geometry": {
        "type": "Point",
        "coordinates": [
          135.77096300005076,
          34.671973000136994
        ]
      }
    },
    {
      "type": "Feature",
      "properties": {
        "P33_001": 39,
        "P33_002": "29201",
        "P33_003": "29",
        "P33_004": 2,
        "P33_005": "市立興東公民館",
        "P33_006": "630-1242",
        "P33_007": "奈良市大柳生町3633",
        "P33_008": "0742-93-0400",
        "P33_009": 19760000,
        "P33_010": "‐",
        "P33_011": "‐",
        "P33_012": -1,
        "P33_013": -1,
        "P33_014": 2,
        "P33_015": "‐",
        "P33_016": "‐",
        "P33_017": "‐",
        "P33_018": -1,
        "P33_019": 429,
        "P33_020": -1,
        "P33_021": -1,
        "P33_022": -1,
        "P33_023": -1,
        "P33_024": -1,
        "P33_041": 1
      },
      "geometry": {
        "type": "Point",
        "coordinates": [
          135.92887500034666,
          34.70730500013406
        ]
      }
    },
    {
      "type": "Feature",
      "properties": {
        "P33_001": 40,
        "P33_002": "29201",
        "P33_003": "29",
        "P33_004": 2,
        "P33_005": "市立月ヶ瀬公民館",
        "P33_006": "630-2302",
        "P33_007": "奈良市月ヶ瀬尾山2815",
        "P33_008": "0743-92-0346",
        "P33_009": 19650000,
        "P33_010": "‐",
        "P33_011": "‐",
        "P33_012": -1,
        "P33_013": -1,
        "P33_014": 2,
        "P33_015": "‐",
        "P33_016": "‐",
        "P33_017": "‐",
        "P33_018": -1,
        "P33_019": 1846,
        "P33_020": -1,
        "P33_021": -1,
        "P33_022": -1,
        "P33_023": -1,
        "P33_024": -1,
        "P33_041": 1
      },
      "geometry": {
        "type": "Point",
        "coordinates": [
          136.0443640001954,
          34.71028600029752
        ]
      }
    },
    {
      "type": "Feature",
      "properties": {
        "P33_001": 41,
        "P33_002": "29201",
        "P33_003": "29",
        "P33_004": 2,
        "P33_005": "市立都祁公民館",
        "P33_006": "632-0251",
        "P33_007": "奈良市針町2191",
        "P33_008": "0743-82-1362",
        "P33_009": 19690000,
        "P33_010": "‐",
        "P33_011": "‐",
        "P33_012": -1,
        "P33_013": -1,
        "P33_014": 2,
        "P33_015": "‐",
        "P33_016": "‐",
        "P33_017": "‐",
        "P33_018": -1,
        "P33_019": 425,
        "P33_020": -1,
        "P33_021": -1,
        "P33_022": -1,
        "P33_023": -1,
        "P33_024": -1,
        "P33_041": 1
      },
      "geometry": {
        "type": "Point",
        "coordinates": [
          135.95585658676004,
          34.61266299983945
        ]
      }
    },
    {
      "type": "Feature",
      "properties": {
        "P33_001": 42,
        "P33_002": "29201",
        "P33_003": "29",
        "P33_004": 2,
        "P33_005": "市立富雄南公民館",
        "P33_006": "631-0052",
        "P33_007": "奈良市中町501-3",
        "P33_008": "0742-48-3066",
        "P33_009": 19830000,
        "P33_010": "‐",
        "P33_011": "‐",
        "P33_012": -1,
        "P33_013": -1,
        "P33_014": 2,
        "P33_015": "‐",
        "P33_016": "‐",
        "P33_017": "‐",
        "P33_018": -1,
        "P33_019": 504,
        "P33_020": -1,
        "P33_021": -1,
        "P33_022": -1,
        "P33_023": -1,
        "P33_024": -1,
        "P33_041": 1
      },
      "geometry": {
        "type": "Point",
        "coordinates": [
          135.75049014987792,
          34.6785841034413
        ]
      }
    },
    {
      "type": "Feature",
      "properties": {
        "P33_001": 43,
        "P33_002": "29201",
        "P33_003": "29",
        "P33_004": 2,
        "P33_005": "市立富雄公民館",
        "P33_006": "631-0065",
        "P33_007": "奈良市鳥見町2-9",
        "P33_008": "0742-43-5386",
        "P33_009": 19730000,
        "P33_010": "‐",
        "P33_011": "‐",
        "P33_012": -1,
        "P33_013": -1,
        "P33_014": 2,
        "P33_015": "‐",
        "P33_016": "‐",
        "P33_017": "‐",
        "P33_018": -1,
        "P33_019": 701,
        "P33_020": -1,
        "P33_021": -1,
        "P33_022": -1,
        "P33_023": -1,
        "P33_024": -1,
        "P33_041": 1
      },
      "geometry": {
        "type": "Point",
        "coordinates": [
          135.7268621130014,
          34.68923116841389
        ]
      }
    },
    {
      "type": "Feature",
      "properties": {
        "P33_001": 44,
        "P33_002": "29201",
        "P33_003": "29",
        "P33_004": 2,
        "P33_005": "市立登美ヶ丘公民館",
        "P33_006": "631-0003",
        "P33_007": "奈良市中登美ヶ丘3-4162-81",
        "P33_008": "0742-43-7431",
        "P33_009": 19750000,
        "P33_010": "‐",
        "P33_011": "‐",
        "P33_012": -1,
        "P33_013": -1,
        "P33_014": 2,
        "P33_015": "‐",
        "P33_016": "‐",
        "P33_017": "‐",
        "P33_018": -1,
        "P33_019": 599,
        "P33_020": -1,
        "P33_021": -1,
        "P33_022": -1,
        "P33_023": -1,
        "P33_024": -1,
        "P33_041": 1
      },
      "geometry": {
        "type": "Point",
        "coordinates": [
          135.74860000010545,
          34.7197479996071
        ]
      }
    },
    {
      "type": "Feature",
      "properties": {
        "P33_001": 45,
        "P33_002": "29201",
        "P33_003": "29",
        "P33_004": 2,
        "P33_005": "市立登美ヶ丘南公民館",
        "P33_006": "631-0013",
        "P33_007": "奈良市中山町西2-921-1",
        "P33_008": "0742-47-6375",
        "P33_009": 19890000,
        "P33_010": "‐",
        "P33_011": "‐",
        "P33_012": -1,
        "P33_013": -1,
        "P33_014": 2,
        "P33_015": "‐",
        "P33_016": "‐",
        "P33_017": "‐",
        "P33_018": -1,
        "P33_019": 500,
        "P33_020": -1,
        "P33_021": -1,
        "P33_022": -1,
        "P33_023": -1,
        "P33_024": -1,
        "P33_041": 1
      },
      "geometry": {
        "type": "Point",
        "coordinates": [
          135.75463400022983,
          34.71309600002028
        ]
      }
    },
    {
      "type": "Feature",
      "properties": {
        "P33_001": 46,
        "P33_002": "29201",
        "P33_003": "29",
        "P33_004": 2,
        "P33_005": "市立二名公民館",
        "P33_006": "631-0027",
        "P33_007": "奈良市学園赤松町3684",
        "P33_008": "0742-46-9113",
        "P33_009": 19780000,
        "P33_010": "‐",
        "P33_011": "‐",
        "P33_012": -1,
        "P33_013": -1,
        "P33_014": 2,
        "P33_015": "‐",
        "P33_016": "‐",
        "P33_017": "‐",
        "P33_018": -1,
        "P33_019": 500,
        "P33_020": -1,
        "P33_021": -1,
        "P33_022": -1,
        "P33_023": -1,
        "P33_024": -1,
        "P33_041": 1
      },
      "geometry": {
        "type": "Point",
        "coordinates": [
          135.73814399992372,
          34.70521100008388
        ]
      }
    },
    {
      "type": "Feature",
      "properties": {
        "P33_001": 47,
        "P33_002": "29201",
        "P33_003": "29",
        "P33_004": 2,
        "P33_005": "市立平城西公民館",
        "P33_006": "631-0804",
        "P33_007": "奈良市神功4-25",
        "P33_008": "0742-72-5711",
        "P33_009": 19800000,
        "P33_010": "‐",
        "P33_011": "‐",
        "P33_012": -1,
        "P33_013": -1,
        "P33_014": 2,
        "P33_015": "‐",
        "P33_016": "‐",
        "P33_017": "‐",
        "P33_018": -1,
        "P33_019": 499,
        "P33_020": -1,
        "P33_021": -1,
        "P33_022": -1,
        "P33_023": -1,
        "P33_024": -1,
        "P33_041": 1
      },
      "geometry": {
        "type": "Point",
        "coordinates": [
          135.7773889998235,
          34.72059399980774
        ]
      }
    },
    {
      "type": "Feature",
      "properties": {
        "P33_001": 48,
        "P33_002": "29201",
        "P33_003": "29",
        "P33_004": 2,
        "P33_005": "市立伏見公民館",
        "P33_006": "631-0841",
        "P33_007": "奈良市青野町191-1",
        "P33_008": "0742-45-9864",
        "P33_009": 19820000,
        "P33_010": "‐",
        "P33_011": "‐",
        "P33_012": -1,
        "P33_013": -1,
        "P33_014": 2,
        "P33_015": "‐",
        "P33_016": "‐",
        "P33_017": "‐",
        "P33_018": -1,
        "P33_019": 516,
        "P33_020": -1,
        "P33_021": -1,
        "P33_022": -1,
        "P33_023": -1,
        "P33_024": -1,
        "P33_041": 1
      },
      "geometry": {
        "type": "Point",
        "coordinates": [
          135.774204000326,
          34.68946100005611
        ]
      }
    },
    {
      "type": "Feature",
      "properties": {
        "P33_001": 49,
        "P33_002": "29201",
        "P33_003": "29",
        "P33_004": 2,
        "P33_005": "市立平城公民館",
        "P33_006": "631-0811",
        "P33_007": "奈良市秋篠町1468",
        "P33_008": "0742-48-3578",
        "P33_009": 19850000,
        "P33_010": "‐",
        "P33_011": "‐",
        "P33_012": -1,
        "P33_013": -1,
        "P33_014": 2,
        "P33_015": "‐",
        "P33_016": "‐",
        "P33_017": "‐",
        "P33_018": -1,
        "P33_019": 571,
        "P33_020": -1,
        "P33_021": -1,
        "P33_022": -1,
        "P33_023": -1,
        "P33_024": -1,
        "P33_041": 1
      },
      "geometry": {
        "type": "Point",
        "coordinates": [
          135.7776159998626,
          34.706191000167486
        ]
      }
    },
    {
      "type": "Feature",
      "properties": {
        "P33_001": 50,
        "P33_002": "29201",
        "P33_003": "29",
        "P33_004": 2,
        "P33_005": "市立平城東公民館",
        "P33_006": "631-0806",
        "P33_007": "奈良市朱雀6-9-1",
        "P33_008": "0742-71-9677",
        "P33_009": 19900000,
        "P33_010": "‐",
        "P33_011": "‐",
        "P33_012": -1,
        "P33_013": -1,
        "P33_014": 2,
        "P33_015": "‐",
        "P33_016": "‐",
        "P33_017": "‐",
        "P33_018": -1,
        "P33_019": 500,
        "P33_020": -1,
        "P33_021": -1,
        "P33_022": -1,
        "P33_023": -1,
        "P33_024": -1,
        "P33_041": 1
      },
      "geometry": {
        "type": "Point",
        "coordinates": [
          135.7972459998606,
          34.71598099954578
        ]
      }
    },
    {
      "type": "Feature",
      "properties": {
        "P33_001": 51,
        "P33_002": "29201",
        "P33_003": "29",
        "P33_004": 2,
        "P33_005": "市立都跡公民館",
        "P33_006": "630-8032",
        "P33_007": "奈良市五条町204-1",
        "P33_008": "0742-34-5954",
        "P33_009": 19490000,
        "P33_010": "‐",
        "P33_011": "‐",
        "P33_012": -1,
        "P33_013": -1,
        "P33_014": 2,
        "P33_015": "‐",
        "P33_016": "‐",
        "P33_017": "‐",
        "P33_018": -1,
        "P33_019": 518,
        "P33_020": -1,
        "P33_021": -1,
        "P33_022": -1,
        "P33_023": -1,
        "P33_024": -1,
        "P33_041": 1
      },
      "geometry": {
        "type": "Point",
        "coordinates": [
          135.78916899986734,
          34.67508700072852
        ]
      }
    },
    {
      "type": "Feature",
      "properties": {
        "P33_001": 52,
        "P33_002": "29201",
        "P33_003": "29",
        "P33_004": 2,
        "P33_005": "市立柳生公民館",
        "P33_006": "630-1237",
        "P33_007": "奈良市柳生町340",
        "P33_008": "0742-94-0504",
        "P33_009": 19740000,
        "P33_010": "‐",
        "P33_011": "‐",
        "P33_012": -1,
        "P33_013": -1,
        "P33_014": 2,
        "P33_015": "‐",
        "P33_016": "‐",
        "P33_017": "‐",
        "P33_018": -1,
        "P33_019": 335,
        "P33_020": -1,
        "P33_021": -1,
        "P33_022": -1,
        "P33_023": -1,
        "P33_024": -1,
        "P33_041": 1
      },
      "geometry": {
        "type": "Point",
        "coordinates": [
          135.95292099978397,
          34.72817799954301
        ]
      }
    },
    {
      "type": "Feature",
      "properties": {
        "P33_001": 53,
        "P33_002": "29201",
        "P33_003": "29",
        "P33_004": 2,
        "P33_005": "市立若草公民館",
        "P33_006": "630-8202",
        "P33_007": "奈良市川上町575",
        "P33_008": "0742-26-0130",
        "P33_009": 19750000,
        "P33_010": "‐",
        "P33_011": "‐",
        "P33_012": -1,
        "P33_013": -1,
        "P33_014": 2,
        "P33_015": "‐",
        "P33_016": "‐",
        "P33_017": "‐",
        "P33_018": -1,
        "P33_019": 750,
        "P33_020": -1,
        "P33_021": -1,
        "P33_022": -1,
        "P33_023": -1,
        "P33_024": -1,
        "P33_041": 1
      },
      "geometry": {
        "type": "Point",
        "coordinates": [
          135.83246000005337,
          34.69254800001243
        ]
      }
    },
    {
      "type": "Feature",
      "properties": {
        "P33_001": 54,
        "P33_002": "29201",
        "P33_003": "29",
        "P33_004": 2,
        "P33_005": "市立田原公民館",
        "P33_006": "630-2175",
        "P33_007": "奈良市茗荷町1078-1",
        "P33_008": "0742-81-0888",
        "P33_009": 19720000,
        "P33_010": "‐",
        "P33_011": "‐",
        "P33_012": -1,
        "P33_013": -1,
        "P33_014": 2,
        "P33_015": "‐",
        "P33_016": "‐",
        "P33_017": "‐",
        "P33_018": -1,
        "P33_019": 550,
        "P33_020": -1,
        "P33_021": -1,
        "P33_022": -1,
        "P33_023": -1,
        "P33_024": -1,
        "P33_041": 1
      },
      "geometry": {
        "type": "Point",
        "coordinates": [
          135.90772000006686,
          34.657078000009854
        ]
      }
    },
    {
      "type": "Feature",
      "properties": {
        "P33_001": 69,
        "P33_002": "29202",
        "P33_003": "29",
        "P33_004": 2,
        "P33_005": "市立菅原公民館",
        "P33_006": "635-0059",
        "P33_007": "大和高田市吉井77-1",
        "P33_008": "0745-23-3561",
        "P33_009": 19860000,
        "P33_010": "‐",
        "P33_011": "‐",
        "P33_012": -1,
        "P33_013": -1,
        "P33_014": 2,
        "P33_015": "‐",
        "P33_016": "‐",
        "P33_017": "‐",
        "P33_018": -1,
        "P33_019": 330,
        "P33_020": -1,
        "P33_021": -1,
        "P33_022": -1,
        "P33_023": -1,
        "P33_024": -1,
        "P33_041": 1
      },
      "geometry": {
        "type": "Point",
        "coordinates": [
          135.7560432509848,
          34.486251048406636
        ]
      }
    },
    {
      "type": "Feature",
      "properties": {
        "P33_001": 64,
        "P33_002": "29202",
        "P33_003": "29",
        "P33_004": 2,
        "P33_005": "中央公民館",
        "P33_006": "635-0096",
        "P33_007": "大和高田市西町1-15",
        "P33_008": "0745-22-1315",
        "P33_009": 19490000,
        "P33_010": "‐",
        "P33_011": "‐",
        "P33_012": -1,
        "P33_013": -1,
        "P33_014": 1,
        "P33_015": "‐",
        "P33_016": "‐",
        "P33_017": "‐",
        "P33_018": -1,
        "P33_019": 1797,
        "P33_020": -1,
        "P33_021": -1,
        "P33_022": -1,
        "P33_023": -1,
        "P33_024": -1,
        "P33_041": 1
      },
      "geometry": {
        "type": "Point",
        "coordinates": [
          135.7396496131475,
          34.516446516464434
        ]
      }
    },
    {
      "type": "Feature",
      "properties": {
        "P33_001": 65,
        "P33_002": "29202",
        "P33_003": "29",
        "P33_004": 2,
        "P33_005": "市立土庫公民館",
        "P33_006": "635-0002",
        "P33_007": "大和高田市土庫3-359-3",
        "P33_008": "0745-23-3560",
        "P33_009": 19830000,
        "P33_010": "‐",
        "P33_011": "‐",
        "P33_012": -1,
        "P33_013": -1,
        "P33_014": 2,
        "P33_015": "‐",
        "P33_016": "‐",
        "P33_017": "‐",
        "P33_018": -1,
        "P33_019": 330,
        "P33_020": -1,
        "P33_021": -1,
        "P33_022": -1,
        "P33_023": -1,
        "P33_024": -1,
        "P33_041": 1
      },
      "geometry": {
        "type": "Point",
        "coordinates": [
          135.75641691745057,
          34.522208605850764
        ]
      }
    },
    {
      "type": "Feature",
      "properties": {
        "P33_001": 66,
        "P33_002": "29202",
        "P33_003": "29",
        "P33_004": 2,
        "P33_005": "市立陵西公民館",
        "P33_006": "635-0074",
        "P33_007": "大和高田市市場276-1",
        "P33_008": "0745-23-3562",
        "P33_009": 19870000,
        "P33_010": "‐",
        "P33_011": "‐",
        "P33_012": -1,
        "P33_013": -1,
        "P33_014": 2,
        "P33_015": "‐",
        "P33_016": "‐",
        "P33_017": "‐",
        "P33_018": -1,
        "P33_019": 336,
        "P33_020": -1,
        "P33_021": -1,
        "P33_022": -1,
        "P33_023": -1,
        "P33_024": -1,
        "P33_041": 1
      },
      "geometry": {
        "type": "Point",
        "coordinates": [
          135.72498621228192,
          34.518198456525674
        ]
      }
    },
    {
      "type": "Feature",
      "properties": {
        "P33_001": 76,
        "P33_002": "29203",
        "P33_003": "29",
        "P33_004": 2,
        "P33_005": "治道地区公民館",
        "P33_006": "639-1115",
        "P33_007": "大和郡山市横田町261-1",
        "P33_008": "0743-55-3121",
        "P33_009": 19910000,
        "P33_010": "‐",
        "P33_011": "‐",
        "P33_012": -1,
        "P33_013": -1,
        "P33_014": 2,
        "P33_015": "‐",
        "P33_016": "‐",
        "P33_017": "‐",
        "P33_018": -1,
        "P33_019": 903,
        "P33_020": -1,
        "P33_021": -1,
        "P33_022": -1,
        "P33_023": -1,
        "P33_024": -1,
        "P33_041": 1
      },
      "geometry": {
        "type": "Point",
        "coordinates": [
          135.80663588282718,
          34.62348002357815
        ]
      }
    },
    {
      "type": "Feature",
      "properties": {
        "P33_001": 70,
        "P33_002": "29203",
        "P33_003": "29",
        "P33_004": 2,
        "P33_005": "昭和地区公民館",
        "P33_006": "639-1124",
        "P33_007": "大和郡山市馬司町331-56",
        "P33_008": "0743-56-0330",
        "P33_009": 19860000,
        "P33_010": "‐",
        "P33_011": "‐",
        "P33_012": -1,
        "P33_013": -1,
        "P33_014": 2,
        "P33_015": "‐",
        "P33_016": "‐",
        "P33_017": "‐",
        "P33_018": -1,
        "P33_019": 871,
        "P33_020": -1,
        "P33_021": -1,
        "P33_022": -1,
        "P33_023": -1,
        "P33_024": -1,
        "P33_041": 1
      },
      "geometry": {
        "type": "Point",
        "coordinates": [
          135.78106080429131,
          34.60999606725113
        ]
      }
    },
    {
      "type": "Feature",
      "properties": {
        "P33_001": 71,
        "P33_002": "29203",
        "P33_003": "29",
        "P33_004": 2,
        "P33_005": "中央公民館",
        "P33_006": "639-1007",
        "P33_007": "大和郡山市南郡山町529-1",
        "P33_008": "0743-53-5350",
        "P33_009": 19730000,
        "P33_010": "‐",
        "P33_011": "‐",
        "P33_012": -1,
        "P33_013": -1,
        "P33_014": 1,
        "P33_015": "‐",
        "P33_016": "‐",
        "P33_017": "‐",
        "P33_018": -1,
        "P33_019": 4548,
        "P33_020": -1,
        "P33_021": -1,
        "P33_022": -1,
        "P33_023": -1,
        "P33_024": -1,
        "P33_041": 1
      },
      "geometry": {
        "type": "Point",
        "coordinates": [
          135.78223500024964,
          34.64830199983764
        ]
      }
    },
    {
      "type": "Feature",
      "properties": {
        "P33_001": 72,
        "P33_002": "29203",
        "P33_003": "29",
        "P33_004": 2,
        "P33_005": "南部公民館",
        "P33_006": "639-1123",
        "P33_007": "大和郡山市筒井町600-4",
        "P33_008": "0743-59-1316",
        "P33_009": 19850000,
        "P33_010": "‐",
        "P33_011": "‐",
        "P33_012": -1,
        "P33_013": -1,
        "P33_014": 2,
        "P33_015": "‐",
        "P33_016": "‐",
        "P33_017": "‐",
        "P33_018": -1,
        "P33_019": 2149,
        "P33_020": -1,
        "P33_021": -1,
        "P33_022": -1,
        "P33_023": -1,
        "P33_024": -1,
        "P33_041": 1
      },
      "geometry": {
        "type": "Point",
        "coordinates": [
          135.7795506939849,
          34.620744249118964
        ]
      }
    },
    {
      "type": "Feature",
      "properties": {
        "P33_001": 73,
        "P33_002": "29203",
        "P33_003": "29",
        "P33_004": 2,
        "P33_005": "平和地区公民館",
        "P33_006": "639-1107",
        "P33_007": "大和郡山市若槻町4-4",
        "P33_008": "0743-55-3121",
        "P33_009": 19930000,
        "P33_010": "‐",
        "P33_011": "‐",
        "P33_012": -1,
        "P33_013": -1,
        "P33_014": 2,
        "P33_015": "‐",
        "P33_016": "‐",
        "P33_017": "‐",
        "P33_018": -1,
        "P33_019": 1500,
        "P33_020": -1,
        "P33_021": -1,
        "P33_022": -1,
        "P33_023": -1,
        "P33_024": -1,
        "P33_041": 1
      },
      "geometry": {
        "type": "Point",
        "coordinates": [
          135.80065500005415,
          34.63938399953739
        ]
      }
    },
    {
      "type": "Feature",
      "properties": {
        "P33_001": 74,
        "P33_002": "29203",
        "P33_003": "29",
        "P33_004": 2,
        "P33_005": "片桐地区公民館",
        "P33_006": "639-1042",
        "P33_007": "大和郡山市小泉町105-1",
        "P33_008": "0743-54-1181",
        "P33_009": 19880000,
        "P33_010": "‐",
        "P33_011": "‐",
        "P33_012": -1,
        "P33_013": -1,
        "P33_014": 2,
        "P33_015": "‐",
        "P33_016": "‐",
        "P33_017": "‐",
        "P33_018": -1,
        "P33_019": 2247,
        "P33_020": -1,
        "P33_021": -1,
        "P33_022": -1,
        "P33_023": -1,
        "P33_024": -1,
        "P33_041": 1
      },
      "geometry": {
        "type": "Point",
        "coordinates": [
          135.7634150001337,
          34.629447999908514
        ]
      }
    },
    {
      "type": "Feature",
      "properties": {
        "P33_001": 90,
        "P33_002": "29204",
        "P33_003": "29",
        "P33_004": 2,
        "P33_005": "市立朝和公民館",
        "P33_006": "632-0046",
        "P33_007": "天理市三昧田町460-3",
        "P33_008": "0743-66-0001",
        "P33_009": 19790000,
        "P33_010": "‐",
        "P33_011": "‐",
        "P33_012": -1,
        "P33_013": -1,
        "P33_014": 2,
        "P33_015": "‐",
        "P33_016": "‐",
        "P33_017": "‐",
        "P33_018": -1,
        "P33_019": 400,
        "P33_020": -1,
        "P33_021": -1,
        "P33_022": -1,
        "P33_023": -1,
        "P33_024": -1,
        "P33_041": 1
      },
      "geometry": {
        "type": "Point",
        "coordinates": [
          135.84078600009803,
          34.57532600040763
        ]
      }
    },
    {
      "type": "Feature",
      "properties": {
        "P33_001": 77,
        "P33_002": "29204",
        "P33_003": "29",
        "P33_004": 2,
        "P33_005": "市立櫟本公民館",
        "P33_006": "632-0004",
        "P33_007": "天理市櫟本町2064-2",
        "P33_008": "0743-65-0801",
        "P33_009": 19710000,
        "P33_010": "‐",
        "P33_011": "‐",
        "P33_012": -1,
        "P33_013": -1,
        "P33_014": 2,
        "P33_015": "‐",
        "P33_016": "‐",
        "P33_017": "‐",
        "P33_018": -1,
        "P33_019": 311,
        "P33_020": -1,
        "P33_021": -1,
        "P33_022": -1,
        "P33_023": -1,
        "P33_024": -1,
        "P33_041": 1
      },
      "geometry": {
        "type": "Point",
        "coordinates": [
          135.82839999993493,
          34.62250399982053
        ]
      }
    },
    {
      "type": "Feature",
      "properties": {
        "P33_001": 78,
        "P33_002": "29204",
        "P33_003": "29",
        "P33_004": 2,
        "P33_005": "市立井戸堂公民館",
        "P33_006": "632-0075",
        "P33_007": "天理市西井戸堂町122-4",
        "P33_008": "0743-63-2241",
        "P33_009": 19820000,
        "P33_010": "‐",
        "P33_011": "‐",
        "P33_012": -1,
        "P33_013": -1,
        "P33_014": 2,
        "P33_015": "‐",
        "P33_016": "‐",
        "P33_017": "‐",
        "P33_018": -1,
        "P33_019": 399,
        "P33_020": -1,
        "P33_021": -1,
        "P33_022": -1,
        "P33_023": -1,
        "P33_024": -1,
        "P33_041": 1
      },
      "geometry": {
        "type": "Point",
        "coordinates": [
          135.81711158062697,
          34.58197690688862
        ]
      }
    },
    {
      "type": "Feature",
      "properties": {
        "P33_001": 79,
        "P33_002": "29204",
        "P33_003": "29",
        "P33_004": 2,
        "P33_005": "市立祝徳公民館",
        "P33_006": "632-0017",
        "P33_007": "天理市田部町320",
        "P33_008": "0743-62-0295",
        "P33_009": 19560000,
        "P33_010": "‐",
        "P33_011": "‐",
        "P33_012": -1,
        "P33_013": -1,
        "P33_014": 2,
        "P33_015": "‐",
        "P33_016": "‐",
        "P33_017": "‐",
        "P33_018": -1,
        "P33_019": 176,
        "P33_020": -1,
        "P33_021": -1,
        "P33_022": -1,
        "P33_023": -1,
        "P33_024": -1,
        "P33_041": 1
      },
      "geometry": {
        "type": "Point",
        "coordinates": [
          135.83125499973093,
          34.61190299958662
        ]
      }
    },
    {
      "type": "Feature",
      "properties": {
        "P33_001": 80,
        "P33_002": "29204",
        "P33_003": "29",
        "P33_004": 2,
        "P33_005": "市立式上公民館",
        "P33_006": "632-0055",
        "P33_007": "天理市遠田町45-9",
        "P33_008": "0743-67-0002",
        "P33_009": 19750000,
        "P33_010": "‐",
        "P33_011": "‐",
        "P33_012": -1,
        "P33_013": -1,
        "P33_014": 3,
        "P33_015": "‐",
        "P33_016": "‐",
        "P33_017": "‐",
        "P33_018": -1,
        "P33_019": 330,
        "P33_020": -1,
        "P33_021": -1,
        "P33_022": -1,
        "P33_023": -1,
        "P33_024": -1,
        "P33_041": 1
      },
      "geometry": {
        "type": "Point",
        "coordinates": [
          135.82541500011018,
          34.558523999625876
        ]
      }
    },
    {
      "type": "Feature",
      "properties": {
        "P33_001": 81,
        "P33_002": "29204",
        "P33_003": "29",
        "P33_004": 2,
        "P33_005": "市立前栽公民館",
        "P33_006": "632-0078",
        "P33_007": "天理市杉本町351-3",
        "P33_008": "0743-62-4569",
        "P33_009": 19960000,
        "P33_010": "‐",
        "P33_011": "‐",
        "P33_012": -1,
        "P33_013": -1,
        "P33_014": 2,
        "P33_015": "‐",
        "P33_016": "‐",
        "P33_017": "‐",
        "P33_018": -1,
        "P33_019": 1217,
        "P33_020": -1,
        "P33_021": -1,
        "P33_022": -1,
        "P33_023": -1,
        "P33_024": -1,
        "P33_041": 1
      },
      "geometry": {
        "type": "Point",
        "coordinates": [
          135.8168889999098,
          34.59897599987176
        ]
      }
    },
    {
      "type": "Feature",
      "properties": {
        "P33_001": 82,
        "P33_002": "29204",
        "P33_003": "29",
        "P33_004": 2,
        "P33_005": "市立丹波市公民館",
        "P33_006": "632-0034",
        "P33_007": "天理市丹波市町285-2",
        "P33_008": "0743-62-3223",
        "P33_009": 19860000,
        "P33_010": "‐",
        "P33_011": "‐",
        "P33_012": -1,
        "P33_013": -1,
        "P33_014": 2,
        "P33_015": "‐",
        "P33_016": "‐",
        "P33_017": "‐",
        "P33_018": -1,
        "P33_019": 614,
        "P33_020": -1,
        "P33_021": -1,
        "P33_022": -1,
        "P33_023": -1,
        "P33_024": -1,
        "P33_041": 1
      },
      "geometry": {
        "type": "Point",
        "coordinates": [
          135.83416599982166,
          34.59621299986163
        ]
      }
    },
    {
      "type": "Feature",
      "properties": {
        "P33_001": 83,
        "P33_002": "29204",
        "P33_003": "29",
        "P33_004": 2,
        "P33_005": "市立東部公民館",
        "P33_006": "632-0013",
        "P33_007": "天理市豊井町87",
        "P33_008": "0743-63-3941",
        "P33_009": 19770000,
        "P33_010": "‐",
        "P33_011": "‐",
        "P33_012": -1,
        "P33_013": -1,
        "P33_014": 2,
        "P33_015": "‐",
        "P33_016": "‐",
        "P33_017": "‐",
        "P33_018": -1,
        "P33_019": 348,
        "P33_020": -1,
        "P33_021": -1,
        "P33_022": -1,
        "P33_023": -1,
        "P33_024": -1,
        "P33_041": 1
      },
      "geometry": {
        "type": "Point",
        "coordinates": [
          135.85104229039862,
          34.60192146641938
        ]
      }
    },
    {
      "type": "Feature",
      "properties": {
        "P33_001": 84,
        "P33_002": "29204",
        "P33_003": "29",
        "P33_004": 2,
        "P33_005": "市立二階堂公民館",
        "P33_006": "632-0084",
        "P33_007": "天理市嘉幡町520",
        "P33_008": "0743-64-1529",
        "P33_009": 19800000,
        "P33_010": "‐",
        "P33_011": "‐",
        "P33_012": -1,
        "P33_013": -1,
        "P33_014": 2,
        "P33_015": "‐",
        "P33_016": "‐",
        "P33_017": "‐",
        "P33_018": -1,
        "P33_019": 400,
        "P33_020": -1,
        "P33_021": -1,
        "P33_022": -1,
        "P33_023": -1,
        "P33_024": -1,
        "P33_041": 1
      },
      "geometry": {
        "type": "Point",
        "coordinates": [
          135.79624308426148,
          34.59145525979837
        ]
      }
    },
    {
      "type": "Feature",
      "properties": {
        "P33_001": 85,
        "P33_002": "29204",
        "P33_003": "29",
        "P33_004": 2,
        "P33_005": "市立福住公民館",
        "P33_006": "632-0122",
        "P33_007": "天理市福住町2025",
        "P33_008": "0743-69-2001",
        "P33_009": 19820000,
        "P33_010": "‐",
        "P33_011": "‐",
        "P33_012": -1,
        "P33_013": -1,
        "P33_014": 2,
        "P33_015": "‐",
        "P33_016": "‐",
        "P33_017": "‐",
        "P33_018": -1,
        "P33_019": 521,
        "P33_020": -1,
        "P33_021": -1,
        "P33_022": -1,
        "P33_023": -1,
        "P33_024": -1,
        "P33_041": 1
      },
      "geometry": {
        "type": "Point",
        "coordinates": [
          135.91562300000675,
          34.61148000063775
        ]
      }
    },
    {
      "type": "Feature",
      "properties": {
        "P33_001": 86,
        "P33_002": "29204",
        "P33_003": "29",
        "P33_004": 2,
        "P33_005": "市立柳本公民館",
        "P33_006": "632-0052",
        "P33_007": "天理市柳本町1127",
        "P33_008": "0743-66-1004",
        "P33_009": 19740000,
        "P33_010": "‐",
        "P33_011": "‐",
        "P33_012": -1,
        "P33_013": -1,
        "P33_014": 2,
        "P33_015": "‐",
        "P33_016": "‐",
        "P33_017": "‐",
        "P33_018": -1,
        "P33_019": 388,
        "P33_020": -1,
        "P33_021": -1,
        "P33_022": -1,
        "P33_023": -1,
        "P33_024": -1,
        "P33_041": 1
      },
      "geometry": {
        "type": "Point",
        "coordinates": [
          135.8438080000313,
          34.55939900013917
        ]
      }
    },
    {
      "type": "Feature",
      "properties": {
        "P33_001": 87,
        "P33_002": "29204",
        "P33_003": "29",
        "P33_004": 2,
        "P33_005": "市立山田公民館",
        "P33_006": "632-0121",
        "P33_007": "天理市山田町1548",
        "P33_008": "0743-69-2012",
        "P33_009": 19820000,
        "P33_010": "‐",
        "P33_011": "‐",
        "P33_012": -1,
        "P33_013": -1,
        "P33_014": 2,
        "P33_015": "‐",
        "P33_016": "‐",
        "P33_017": "‐",
        "P33_018": -1,
        "P33_019": 667,
        "P33_020": -1,
        "P33_021": -1,
        "P33_022": -1,
        "P33_023": -1,
        "P33_024": -1,
        "P33_041": 1
      },
      "geometry": {
        "type": "Point",
        "coordinates": [
          135.93739000005792,
          34.62718699954016
        ]
      }
    },
    {
      "type": "Feature",
      "properties": {
        "P33_001": 103,
        "P33_002": "29205",
        "P33_003": "29",
        "P33_004": 2,
        "P33_005": "中央公民館",
        "P33_006": "634-0075",
        "P33_007": "橿原市小房町11-1",
        "P33_008": "0744-22-2001",
        "P33_009": 19710000,
        "P33_010": "‐",
        "P33_011": "‐",
        "P33_012": -1,
        "P33_013": -1,
        "P33_014": 1,
        "P33_015": "‐",
        "P33_016": "‐",
        "P33_017": "‐",
        "P33_018": -1,
        "P33_019": 2736,
        "P33_020": -1,
        "P33_021": -1,
        "P33_022": -1,
        "P33_023": -1,
        "P33_024": -1,
        "P33_041": 1
      },
      "geometry": {
        "type": "Point",
        "coordinates": [
          135.7971782857064,
          34.49998551480629
        ]
      }
    },
    {
      "type": "Feature",
      "properties": {
        "P33_001": 91,
        "P33_002": "29205",
        "P33_003": "29",
        "P33_004": 2,
        "P33_005": "鴨公地区公民館",
        "P33_006": "643-0072",
        "P33_007": "橿原市醍醐町42-2",
        "P33_008": "0744-23-5535",
        "P33_009": 20010000,
        "P33_010": "‐",
        "P33_011": "‐",
        "P33_012": -1,
        "P33_013": -1,
        "P33_014": 2,
        "P33_015": "‐",
        "P33_016": "‐",
        "P33_017": "‐",
        "P33_018": -1,
        "P33_019": 503,
        "P33_020": -1,
        "P33_021": -1,
        "P33_022": -1,
        "P33_023": -1,
        "P33_024": -1,
        "P33_041": 1
      },
      "geometry": {
        "type": "Point",
        "coordinates": [
          135.80384200007964,
          34.504669999890936
        ]
      }
    },
    {
      "type": "Feature",
      "properties": {
        "P33_001": 92,
        "P33_002": "29205",
        "P33_003": "29",
        "P33_004": 2,
        "P33_005": "金橋地区公民館",
        "P33_006": "643-0834",
        "P33_007": "橿原市雲梯町927",
        "P33_008": "0744-23-7206",
        "P33_009": 19850000,
        "P33_010": "‐",
        "P33_011": "‐",
        "P33_012": -1,
        "P33_013": -1,
        "P33_014": 2,
        "P33_015": "‐",
        "P33_016": "‐",
        "P33_017": "‐",
        "P33_018": -1,
        "P33_019": 638,
        "P33_020": -1,
        "P33_021": -1,
        "P33_022": -1,
        "P33_023": -1,
        "P33_024": -1,
        "P33_041": 1
      },
      "geometry": {
        "type": "Point",
        "coordinates": [
          135.77221833331024,
          34.50042611091674
        ]
      }
    },
    {
      "type": "Feature",
      "properties": {
        "P33_001": 93,
        "P33_002": "29205",
        "P33_003": "29",
        "P33_004": 2,
        "P33_005": "香久山地区公民館",
        "P33_006": "634-0012",
        "P33_007": "橿原市膳夫町477",
        "P33_008": "0744-22-9342",
        "P33_009": 19820000,
        "P33_010": "‐",
        "P33_011": "‐",
        "P33_012": -1,
        "P33_013": -1,
        "P33_014": 2,
        "P33_015": "‐",
        "P33_016": "‐",
        "P33_017": "‐",
        "P33_018": -1,
        "P33_019": 609,
        "P33_020": -1,
        "P33_021": -1,
        "P33_022": -1,
        "P33_023": -1,
        "P33_024": -1,
        "P33_041": 1
      },
      "geometry": {
        "type": "Point",
        "coordinates": [
          135.82298700002602,
          34.508241000089065
        ]
      }
    },
    {
      "type": "Feature",
      "properties": {
        "P33_001": 94,
        "P33_002": "29205",
        "P33_003": "29",
        "P33_004": 2,
        "P33_005": "今井地区公民館",
        "P33_006": "634-0812",
        "P33_007": "橿原市今井町2-3-23",
        "P33_008": "0744-25-3102",
        "P33_009": 19830000,
        "P33_010": "‐",
        "P33_011": "‐",
        "P33_012": -1,
        "P33_013": -1,
        "P33_014": 2,
        "P33_015": "‐",
        "P33_016": "‐",
        "P33_017": "‐",
        "P33_018": -1,
        "P33_019": 646,
        "P33_020": -1,
        "P33_021": -1,
        "P33_022": -1,
        "P33_023": -1,
        "P33_024": -1,
        "P33_041": 1
      },
      "geometry": {
        "type": "Point",
        "coordinates": [
          135.78898199976277,
          34.50530099983824
        ]
      }
    },
    {
      "type": "Feature",
      "properties": {
        "P33_001": 95,
        "P33_002": "29205",
        "P33_003": "29",
        "P33_004": 2,
        "P33_005": "耳成地区公民館",
        "P33_006": "643-0007",
        "P33_007": "橿原市葛本町593",
        "P33_008": "0744-25-5780",
        "P33_009": 19840000,
        "P33_010": "‐",
        "P33_011": "‐",
        "P33_012": -1,
        "P33_013": -1,
        "P33_014": 2,
        "P33_015": "‐",
        "P33_016": "‐",
        "P33_017": "‐",
        "P33_018": -1,
        "P33_019": 537,
        "P33_020": -1,
        "P33_021": -1,
        "P33_022": -1,
        "P33_023": -1,
        "P33_024": -1,
        "P33_041": 1
      },
      "geometry": {
        "type": "Point",
        "coordinates": [
          135.80584299996897,
          34.52317700012884
        ]
      }
    },
    {
      "type": "Feature",
      "properties": {
        "P33_001": 96,
        "P33_002": "29205",
        "P33_003": "29",
        "P33_004": 2,
        "P33_005": "新沢地区公民館",
        "P33_006": "634-0826",
        "P33_007": "橿原市川西町611",
        "P33_008": "0744-28-2429",
        "P33_009": 19840000,
        "P33_010": "‐",
        "P33_011": "‐",
        "P33_012": -1,
        "P33_013": -1,
        "P33_014": 2,
        "P33_015": "‐",
        "P33_016": "‐",
        "P33_017": "‐",
        "P33_018": -1,
        "P33_019": 601,
        "P33_020": -1,
        "P33_021": -1,
        "P33_022": -1,
        "P33_023": -1,
        "P33_024": -1,
        "P33_041": 1
      },
      "geometry": {
        "type": "Point",
        "coordinates": [
          135.77148846563543,
          34.47673603499946
        ]
      }
    },
    {
      "type": "Feature",
      "properties": {
        "P33_001": 97,
        "P33_002": "29205",
        "P33_003": "29",
        "P33_004": 2,
        "P33_005": "真菅地区公民館",
        "P33_006": "643-0831",
        "P33_007": "橿原市曽我町1281-18",
        "P33_008": "0744-29-9123",
        "P33_009": 19970000,
        "P33_010": "‐",
        "P33_011": "‐",
        "P33_012": -1,
        "P33_013": -1,
        "P33_014": 2,
        "P33_015": "‐",
        "P33_016": "‐",
        "P33_017": "‐",
        "P33_018": -1,
        "P33_019": 754,
        "P33_020": -1,
        "P33_021": -1,
        "P33_022": -1,
        "P33_023": -1,
        "P33_024": -1,
        "P33_041": 1
      },
      "geometry": {
        "type": "Point",
        "coordinates": [
          135.7787220001297,
          34.51204700038557
        ]
      }
    },
    {
      "type": "Feature",
      "properties": {
        "P33_001": 98,
        "P33_002": "29205",
        "P33_003": "29",
        "P33_004": 2,
        "P33_005": "畝傍地区公民館",
        "P33_006": "643-0064",
        "P33_007": "橿原市見瀬町202-1",
        "P33_008": "0744-27-7103",
        "P33_009": 19850000,
        "P33_010": "‐",
        "P33_011": "‐",
        "P33_012": -1,
        "P33_013": -1,
        "P33_014": 2,
        "P33_015": "‐",
        "P33_016": "‐",
        "P33_017": "‐",
        "P33_018": -1,
        "P33_019": 638,
        "P33_020": -1,
        "P33_021": -1,
        "P33_022": -1,
        "P33_023": -1,
        "P33_024": -1,
        "P33_041": 1
      },
      "geometry": {
        "type": "Point",
        "coordinates": [
          135.79262000004044,
          34.48064138894396
        ]
      }
    },
    {
      "type": "Feature",
      "properties": {
        "P33_001": 99,
        "P33_002": "29205",
        "P33_003": "29",
        "P33_004": 2,
        "P33_005": "多地区公民館",
        "P33_006": "643-0802",
        "P33_007": "橿原市新口町244-2",
        "P33_008": "0744-29-5835",
        "P33_009": 20060000,
        "P33_010": "‐",
        "P33_011": "‐",
        "P33_012": -1,
        "P33_013": -1,
        "P33_014": 2,
        "P33_015": "‐",
        "P33_016": "‐",
        "P33_017": "‐",
        "P33_018": -1,
        "P33_019": 498,
        "P33_020": -1,
        "P33_021": -1,
        "P33_022": -1,
        "P33_023": -1,
        "P33_024": -1,
        "P33_041": 1
      },
      "geometry": {
        "type": "Point",
        "coordinates": [
          135.78916899986734,
          34.52635700005549
        ]
      }
    },
    {
      "type": "Feature",
      "properties": {
        "P33_001": 100,
        "P33_002": "29205",
        "P33_003": "29",
        "P33_004": 2,
        "P33_005": "白橿地区公民館",
        "P33_006": "643-0051",
        "P33_007": "橿原市白橿町2-32-11",
        "P33_008": "0744-27-2186",
        "P33_009": 19780000,
        "P33_010": "‐",
        "P33_011": "‐",
        "P33_012": -1,
        "P33_013": -1,
        "P33_014": 2,
        "P33_015": "‐",
        "P33_016": "‐",
        "P33_017": "‐",
        "P33_018": -1,
        "P33_019": 1124,
        "P33_020": -1,
        "P33_021": -1,
        "P33_022": -1,
        "P33_023": -1,
        "P33_024": -1,
        "P33_041": 1
      },
      "geometry": {
        "type": "Point",
        "coordinates": [
          135.79105277808847,
          34.47481555552091
        ]
      }
    },
    {
      "type": "Feature",
      "properties": {
        "P33_001": 101,
        "P33_002": "29205",
        "P33_003": "29",
        "P33_004": 2,
        "P33_005": "八木地区公民館",
        "P33_006": "634-0005",
        "P33_007": "橿原市北八木町2-1-6",
        "P33_008": "0744-23-6943",
        "P33_009": 19830000,
        "P33_010": "‐",
        "P33_011": "‐",
        "P33_012": -1,
        "P33_013": -1,
        "P33_014": 2,
        "P33_015": "‐",
        "P33_016": "‐",
        "P33_017": "‐",
        "P33_018": -1,
        "P33_019": 461,
        "P33_020": -1,
        "P33_021": -1,
        "P33_022": -1,
        "P33_023": -1,
        "P33_024": -1,
        "P33_041": 1
      },
      "geometry": {
        "type": "Point",
        "coordinates": [
          135.79609958380803,
          34.511476279390905
        ]
      }
    },
    {
      "type": "Feature",
      "properties": {
        "P33_001": 106,
        "P33_002": "29206",
        "P33_003": "29",
        "P33_004": 2,
        "P33_005": "中央公民館",
        "P33_006": "633-0062",
        "P33_007": "桜井市粟殿202",
        "P33_008": "0744-45-0965",
        "P33_009": 19810000,
        "P33_010": "‐",
        "P33_011": "‐",
        "P33_012": -1,
        "P33_013": -1,
        "P33_014": 1,
        "P33_015": "‐",
        "P33_016": "‐",
        "P33_017": "‐",
        "P33_018": -1,
        "P33_019": 2102,
        "P33_020": -1,
        "P33_021": -1,
        "P33_022": -1,
        "P33_023": -1,
        "P33_024": -1,
        "P33_041": 1
      },
      "geometry": {
        "type": "Point",
        "coordinates": [
          135.8431790001187,
          34.517821000326734
        ]
      }
    },
    {
      "type": "Feature",
      "properties": {
        "P33_001": 126,
        "P33_002": "29207",
        "P33_003": "29",
        "P33_004": 2,
        "P33_005": "市立宇智公民館",
        "P33_006": "637-0004",
        "P33_007": "五條市今井3-3-48",
        "P33_008": "0747-22-9673",
        "P33_009": 19750000,
        "P33_010": "‐",
        "P33_011": "‐",
        "P33_012": -1,
        "P33_013": -1,
        "P33_014": 2,
        "P33_015": "‐",
        "P33_016": "‐",
        "P33_017": "‐",
        "P33_018": -1,
        "P33_019": 648,
        "P33_020": -1,
        "P33_021": -1,
        "P33_022": -1,
        "P33_023": -1,
        "P33_024": -1,
        "P33_041": 1
      },
      "geometry": {
        "type": "Point",
        "coordinates": [
          135.70529300004222,
          34.35819699946372
        ]
      }
    },
    {
      "type": "Feature",
      "properties": {
        "P33_001": 107,
        "P33_002": "29207",
        "P33_003": "29",
        "P33_004": 2,
        "P33_005": "市立大阿太公民館",
        "P33_006": "637-0020",
        "P33_007": "五條市西阿田町729",
        "P33_008": "0747-22-9634",
        "P33_009": 19760000,
        "P33_010": "‐",
        "P33_011": "‐",
        "P33_012": -1,
        "P33_013": -1,
        "P33_014": 2,
        "P33_015": "‐",
        "P33_016": "‐",
        "P33_017": "‐",
        "P33_018": -1,
        "P33_019": 122,
        "P33_020": -1,
        "P33_021": -1,
        "P33_022": -1,
        "P33_023": -1,
        "P33_024": -1,
        "P33_041": 1
      },
      "geometry": {
        "type": "Point",
        "coordinates": [
          135.74282600003863,
          34.3764549995582
        ]
      }
    },
    {
      "type": "Feature",
      "properties": {
        "P33_001": 108,
        "P33_002": "29207",
        "P33_003": "29",
        "P33_004": 2,
        "P33_005": "市立賀名生公民館",
        "P33_006": "637-0116",
        "P33_007": "五條市西吉野町和田298-1",
        "P33_008": "0747-32-0001",
        "P33_009": 19790000,
        "P33_010": "‐",
        "P33_011": "‐",
        "P33_012": -1,
        "P33_013": -1,
        "P33_014": 2,
        "P33_015": "‐",
        "P33_016": "‐",
        "P33_017": "‐",
        "P33_018": -1,
        "P33_019": 401,
        "P33_020": -1,
        "P33_021": -1,
        "P33_022": -1,
        "P33_023": -1,
        "P33_024": -1,
        "P33_041": 1
      },
      "geometry": {
        "type": "Point",
        "coordinates": [
          135.72365799981594,
          34.29435200014221
        ]
      }
    },
    {
      "type": "Feature",
      "properties": {
        "P33_001": 109,
        "P33_002": "29207",
        "P33_003": "29",
        "P33_004": 2,
        "P33_005": "市立北宇智公民館",
        "P33_006": "637-0016",
        "P33_007": "五條市近内町735",
        "P33_008": "0747-25-3207",
        "P33_009": 19570000,
        "P33_010": "‐",
        "P33_011": "‐",
        "P33_012": -1,
        "P33_013": -1,
        "P33_014": 2,
        "P33_015": "‐",
        "P33_016": "‐",
        "P33_017": "‐",
        "P33_018": -1,
        "P33_019": 295,
        "P33_020": -1,
        "P33_021": -1,
        "P33_022": -1,
        "P33_023": -1,
        "P33_024": -1,
        "P33_041": 1
      },
      "geometry": {
        "type": "Point",
        "coordinates": [
          135.70580999984827,
          34.382954000407175
        ]
      }
    },
    {
      "type": "Feature",
      "properties": {
        "P33_001": 110,
        "P33_002": "29207",
        "P33_003": "29",
        "P33_004": 2,
        "P33_005": "市立阪合部公民館",
        "P33_006": "637-0061",
        "P33_007": "五條市中町35-1",
        "P33_008": "0747-22-3220",
        "P33_009": 19640000,
        "P33_010": "‐",
        "P33_011": "‐",
        "P33_012": -1,
        "P33_013": -1,
        "P33_014": 2,
        "P33_015": "‐",
        "P33_016": "‐",
        "P33_017": "‐",
        "P33_018": -1,
        "P33_019": 552,
        "P33_020": -1,
        "P33_021": -1,
        "P33_022": -1,
        "P33_023": -1,
        "P33_024": -1,
        "P33_041": 1
      },
      "geometry": {
        "type": "Point",
        "coordinates": [
          135.68027651413476,
          34.33587147964349
        ]
      }
    },
    {
      "type": "Feature",
      "properties": {
        "P33_001": 111,
        "P33_002": "29207",
        "P33_003": "29",
        "P33_004": 2,
        "P33_005": "市立新町公民館",
        "P33_006": "637-0043",
        "P33_007": "五條市新町1-7-10",
        "P33_008": "0747-25-2300",
        "P33_009": 19870000,
        "P33_010": "‐",
        "P33_011": "‐",
        "P33_012": -1,
        "P33_013": -1,
        "P33_014": 2,
        "P33_015": "‐",
        "P33_016": "‐",
        "P33_017": "‐",
        "P33_018": -1,
        "P33_019": 425,
        "P33_020": -1,
        "P33_021": -1,
        "P33_022": -1,
        "P33_023": -1,
        "P33_024": -1,
        "P33_041": 1
      },
      "geometry": {
        "type": "Point",
        "coordinates": [
          135.69116599956436,
          34.34902000063277
        ]
      }
    },
    {
      "type": "Feature",
      "properties": {
        "P33_001": 112,
        "P33_002": "29207",
        "P33_003": "29",
        "P33_004": 2,
        "P33_005": "市立須恵公民館",
        "P33_006": "637-0005",
        "P33_007": "五條市須恵3-4-44",
        "P33_008": "0747-22-9850",
        "P33_009": 19740000,
        "P33_010": "‐",
        "P33_011": "‐",
        "P33_012": -1,
        "P33_013": -1,
        "P33_014": 2,
        "P33_015": "‐",
        "P33_016": "‐",
        "P33_017": "‐",
        "P33_018": -1,
        "P33_019": 577,
        "P33_020": -1,
        "P33_021": -1,
        "P33_022": -1,
        "P33_023": -1,
        "P33_024": -1,
        "P33_041": 1
      },
      "geometry": {
        "type": "Point",
        "coordinates": [
          135.6986360001403,
          34.35370399980731
        ]
      }
    },
    {
      "type": "Feature",
      "properties": {
        "P33_001": 113,
        "P33_002": "29207",
        "P33_003": "29",
        "P33_004": 2,
        "P33_005": "市立中央公民館",
        "P33_006": "637-0041",
        "P33_007": "五條市本町3-1-13",
        "P33_008": "0747-24-2001",
        "P33_009": 19770000,
        "P33_010": "‐",
        "P33_011": "‐",
        "P33_012": -1,
        "P33_013": -1,
        "P33_014": 1,
        "P33_015": "‐",
        "P33_016": "‐",
        "P33_017": "‐",
        "P33_018": -1,
        "P33_019": 1697,
        "P33_020": -1,
        "P33_021": -1,
        "P33_022": -1,
        "P33_023": -1,
        "P33_024": -1,
        "P33_041": 1
      },
      "geometry": {
        "type": "Point",
        "coordinates": [
          135.6921008445656,
          34.353666532530234
        ]
      }
    },
    {
      "type": "Feature",
      "properties": {
        "P33_001": 114,
        "P33_002": "29207",
        "P33_003": "29",
        "P33_004": 2,
        "P33_005": "市立田園公民館",
        "P33_006": "637-0093",
        "P33_007": "五條市田園4-14-3",
        "P33_008": "0747-23-1511",
        "P33_009": 20000000,
        "P33_010": "‐",
        "P33_011": "‐",
        "P33_012": -1,
        "P33_013": -1,
        "P33_014": 2,
        "P33_015": "‐",
        "P33_016": "‐",
        "P33_017": "‐",
        "P33_018": -1,
        "P33_019": 635,
        "P33_020": -1,
        "P33_021": -1,
        "P33_022": -1,
        "P33_023": -1,
        "P33_024": -1,
        "P33_041": 1
      },
      "geometry": {
        "type": "Point",
        "coordinates": [
          135.68850600005302,
          34.368586999566844
        ]
      }
    },
    {
      "type": "Feature",
      "properties": {
        "P33_001": 115,
        "P33_002": "29207",
        "P33_003": "29",
        "P33_004": 2,
        "P33_005": "市立野原公民館",
        "P33_006": "637-0036",
        "P33_007": "五條市野原西3-4-3",
        "P33_008": "0747-23-2961",
        "P33_009": 19750000,
        "P33_010": "‐",
        "P33_011": "‐",
        "P33_012": -1,
        "P33_013": -1,
        "P33_014": 2,
        "P33_015": "‐",
        "P33_016": "‐",
        "P33_017": "‐",
        "P33_018": -1,
        "P33_019": 658,
        "P33_020": -1,
        "P33_021": -1,
        "P33_022": -1,
        "P33_023": -1,
        "P33_024": -1,
        "P33_041": 1
      },
      "geometry": {
        "type": "Point",
        "coordinates": [
          135.7027589999866,
          34.34514999991096
        ]
      }
    },
    {
      "type": "Feature",
      "properties": {
        "P33_001": 116,
        "P33_002": "29207",
        "P33_003": "29",
        "P33_004": 2,
        "P33_005": "市立白銀南公民館",
        "P33_006": "638-0653",
        "P33_007": "五條市西吉野町十日市228-3",
        "P33_008": "0747-34-0217",
        "P33_009": 19830000,
        "P33_010": "‐",
        "P33_011": "‐",
        "P33_012": -1,
        "P33_013": -1,
        "P33_014": 2,
        "P33_015": "‐",
        "P33_016": "‐",
        "P33_017": "‐",
        "P33_018": -1,
        "P33_019": 111,
        "P33_020": -1,
        "P33_021": -1,
        "P33_022": -1,
        "P33_023": -1,
        "P33_024": -1,
        "P33_041": 1
      },
      "geometry": {
        "type": "Point",
        "coordinates": [
          135.76362200020554,
          34.30308099983417
        ]
      }
    },
    {
      "type": "Feature",
      "properties": {
        "P33_001": 117,
        "P33_002": "29207",
        "P33_003": "29",
        "P33_004": 2,
        "P33_005": "市立二見公民館",
        "P33_006": "637-0071",
        "P33_007": "五條市二見2-5-1",
        "P33_008": "0747-22-0400",
        "P33_009": 19710000,
        "P33_010": "‐",
        "P33_011": "‐",
        "P33_012": -1,
        "P33_013": -1,
        "P33_014": 2,
        "P33_015": "‐",
        "P33_016": "‐",
        "P33_017": "‐",
        "P33_018": -1,
        "P33_019": 800,
        "P33_020": -1,
        "P33_021": -1,
        "P33_022": -1,
        "P33_023": -1,
        "P33_024": -1,
        "P33_041": 1
      },
      "geometry": {
        "type": "Point",
        "coordinates": [
          135.68588100012218,
          34.34409599947952
        ]
      }
    },
    {
      "type": "Feature",
      "properties": {
        "P33_001": 118,
        "P33_002": "29207",
        "P33_003": "29",
        "P33_004": 2,
        "P33_005": "市立牧野公民館",
        "P33_006": "637-0082",
        "P33_007": "五條市中之町1764-1",
        "P33_008": "0747-24-3175",
        "P33_009": 19730000,
        "P33_010": "‐",
        "P33_011": "‐",
        "P33_012": -1,
        "P33_013": -1,
        "P33_014": 2,
        "P33_015": "‐",
        "P33_016": "‐",
        "P33_017": "‐",
        "P33_018": -1,
        "P33_019": 577,
        "P33_020": -1,
        "P33_021": -1,
        "P33_022": -1,
        "P33_023": -1,
        "P33_024": -1,
        "P33_041": 1
      },
      "geometry": {
        "type": "Point",
        "coordinates": [
          135.67985599995893,
          34.3622069998685
        ]
      }
    },
    {
      "type": "Feature",
      "properties": {
        "P33_001": 119,
        "P33_002": "29207",
        "P33_003": "29",
        "P33_004": 2,
        "P33_005": "市立南阿太公民館",
        "P33_006": "637-0024",
        "P33_007": "五條市滝町504",
        "P33_008": "0747-25-0695",
        "P33_009": 19750000,
        "P33_010": "‐",
        "P33_011": "‐",
        "P33_012": -1,
        "P33_013": -1,
        "P33_014": 2,
        "P33_015": "‐",
        "P33_016": "‐",
        "P33_017": "‐",
        "P33_018": -1,
        "P33_019": 103,
        "P33_020": -1,
        "P33_021": -1,
        "P33_022": -1,
        "P33_023": -1,
        "P33_024": -1,
        "P33_041": 1
      },
      "geometry": {
        "type": "Point",
        "coordinates": [
          135.75031899992493,
          34.36097300006401
        ]
      }
    },
    {
      "type": "Feature",
      "properties": {
        "P33_001": 120,
        "P33_002": "29207",
        "P33_003": "29",
        "P33_004": 2,
        "P33_005": "市立南宇智公民館",
        "P33_006": "637-0035",
        "P33_007": "五條市霊安寺町2016-3",
        "P33_008": "0747-24-4246",
        "P33_009": 19800000,
        "P33_010": "‐",
        "P33_011": "‐",
        "P33_012": -1,
        "P33_013": -1,
        "P33_014": 2,
        "P33_015": "‐",
        "P33_016": "‐",
        "P33_017": "‐",
        "P33_018": -1,
        "P33_019": 170,
        "P33_020": -1,
        "P33_021": -1,
        "P33_022": -1,
        "P33_023": -1,
        "P33_024": -1,
        "P33_041": 1
      },
      "geometry": {
        "type": "Point",
        "coordinates": [
          135.70123328391955,
          34.33536090556902
        ]
      }
    },
    {
      "type": "Feature",
      "properties": {
        "P33_001": 121,
        "P33_002": "29207",
        "P33_003": "29",
        "P33_004": 2,
        "P33_005": "市立宗桧公民館",
        "P33_006": "637-0237",
        "P33_007": "五條市西吉野町宗川野97",
        "P33_008": "0747-33-0425",
        "P33_009": 19700000,
        "P33_010": "‐",
        "P33_011": "‐",
        "P33_012": -1,
        "P33_013": -1,
        "P33_014": 2,
        "P33_015": "‐",
        "P33_016": "‐",
        "P33_017": "‐",
        "P33_018": -1,
        "P33_019": -1,
        "P33_020": -1,
        "P33_021": -1,
        "P33_022": -1,
        "P33_023": -1,
        "P33_024": -1,
        "P33_041": 1
      },
      "geometry": {
        "type": "Point",
        "coordinates": [
          135.7486340003879,
          34.26245799991521
        ]
      }
    },
    {
      "type": "Feature",
      "properties": {
        "P33_001": 122,
        "P33_002": "29207",
        "P33_003": "29",
        "P33_004": 2,
        "P33_005": "市立宗桧公民館立川渡分館",
        "P33_006": "637-0222",
        "P33_007": "五條市西吉野町立川渡68-1",
        "P33_008": "0747-33-0927",
        "P33_009": 19840000,
        "P33_010": "‐",
        "P33_011": "‐",
        "P33_012": -1,
        "P33_013": -1,
        "P33_014": 3,
        "P33_015": "‐",
        "P33_016": "‐",
        "P33_017": "‐",
        "P33_018": -1,
        "P33_019": 66,
        "P33_020": -1,
        "P33_021": -1,
        "P33_022": -1,
        "P33_023": -1,
        "P33_024": -1,
        "P33_041": 1
      },
      "geometry": {
        "type": "Point",
        "coordinates": [
          135.74906739290245,
          34.25661955739358
        ]
      }
    },
    {
      "type": "Feature",
      "properties": {
        "P33_001": 123,
        "P33_002": "29207",
        "P33_003": "29",
        "P33_004": 2,
        "P33_005": "市立宗桧公民館西日裏分館",
        "P33_006": "637-0226",
        "P33_007": "五條市西吉野町西日裏443-2",
        "P33_008": "0747-33-0622",
        "P33_009": 19820000,
        "P33_010": "‐",
        "P33_011": "‐",
        "P33_012": -1,
        "P33_013": -1,
        "P33_014": 3,
        "P33_015": "‐",
        "P33_016": "‐",
        "P33_017": "‐",
        "P33_018": -1,
        "P33_019": 109,
        "P33_020": -1,
        "P33_021": -1,
        "P33_022": -1,
        "P33_023": -1,
        "P33_024": -1,
        "P33_041": 1
      },
      "geometry": {
        "type": "Point",
        "coordinates": [
          135.79578149550724,
          34.26221908720418
        ]
      }
    },
    {
      "type": "Feature",
      "properties": {
        "P33_001": 128,
        "P33_002": "29208",
        "P33_003": "29",
        "P33_004": 2,
        "P33_005": "葛公民館",
        "P33_006": "639-2251",
        "P33_007": "御所市戸毛979-1",
        "P33_008": "0745-67-1896",
        "P33_009": 19890000,
        "P33_010": "‐",
        "P33_011": "‐",
        "P33_012": -1,
        "P33_013": -1,
        "P33_014": 3,
        "P33_015": "‐",
        "P33_016": "‐",
        "P33_017": "‐",
        "P33_018": -1,
        "P33_019": 882,
        "P33_020": -1,
        "P33_021": -1,
        "P33_022": -1,
        "P33_023": -1,
        "P33_024": -1,
        "P33_041": 1
      },
      "geometry": {
        "type": "Point",
        "coordinates": [
          135.7591457603374,
          34.4318550815803
        ]
      }
    },
    {
      "type": "Feature",
      "properties": {
        "P33_001": 127,
        "P33_002": "29208",
        "P33_003": "29",
        "P33_004": 2,
        "P33_005": "中央公民館",
        "P33_006": "639-2306",
        "P33_007": "御所市大字元町382-1",
        "P33_008": "0745-62-1681",
        "P33_009": 19730000,
        "P33_010": "‐",
        "P33_011": "‐",
        "P33_012": -1,
        "P33_013": -1,
        "P33_014": 1,
        "P33_015": "‐",
        "P33_016": "‐",
        "P33_017": "‐",
        "P33_018": -1,
        "P33_019": -1,
        "P33_020": -1,
        "P33_021": -1,
        "P33_022": -1,
        "P33_023": -1,
        "P33_024": -1,
        "P33_041": 1
      },
      "geometry": {
        "type": "Point",
        "coordinates": [
          135.73007700015557,
          34.46933799989387
        ]
      }
    },
    {
      "type": "Feature",
      "properties": {
        "P33_001": 135,
        "P33_002": "29209",
        "P33_003": "29",
        "P33_004": 2,
        "P33_005": "鹿ノ台ふれあいホール（旧：鹿ノ台地区公民館）",
        "P33_006": "630-0113",
        "P33_007": "生駒市鹿ノ台南2-3-3",
        "P33_008": "0743-78-7966",
        "P33_009": 19800000,
        "P33_010": "‐",
        "P33_011": "‐",
        "P33_012": -1,
        "P33_013": -1,
        "P33_014": 2,
        "P33_015": "‐",
        "P33_016": "‐",
        "P33_017": "‐",
        "P33_018": 1657,
        "P33_019": 1074,
        "P33_020": -1,
        "P33_021": -1,
        "P33_022": -1,
        "P33_023": -1,
        "P33_024": -1,
        "P33_041": 1
      },
      "geometry": {
        "type": "Point",
        "coordinates": [
          135.74911123160973,
          34.73392163048633
        ]
      }
    },
    {
      "type": "Feature",
      "properties": {
        "P33_001": 129,
        "P33_002": "29209",
        "P33_003": "29",
        "P33_004": 2,
        "P33_005": "たけまるホール（旧：中央公民館）",
        "P33_006": "630-0245",
        "P33_007": "生駒市北新町9-28",
        "P33_008": "0743-75-0101",
        "P33_009": 19810401,
        "P33_010": "‐",
        "P33_011": "‐",
        "P33_012": -1,
        "P33_013": -1,
        "P33_014": 1,
        "P33_015": "‐",
        "P33_016": "‐",
        "P33_017": "‐",
        "P33_018": 3001,
        "P33_019": 4409,
        "P33_020": 2,
        "P33_021": 928,
        "P33_022": 1038,
        "P33_023": -1,
        "P33_024": -1,
        "P33_041": 1
      },
      "geometry": {
        "type": "Point",
        "coordinates": [
          135.69669277793423,
          34.69398027723981
        ]
      }
    },
    {
      "type": "Feature",
      "properties": {
        "P33_001": 130,
        "P33_002": "29209",
        "P33_003": "29",
        "P33_004": 2,
        "P33_005": "図書会館（東地区公民館）",
        "P33_006": "630-0212",
        "P33_007": "生駒市辻町238",
        "P33_008": "0743-75-5303",
        "P33_009": 19860000,
        "P33_010": "‐",
        "P33_011": "‐",
        "P33_012": -1,
        "P33_013": -1,
        "P33_014": 2,
        "P33_015": "‐",
        "P33_016": "‐",
        "P33_017": "‐",
        "P33_018": 2903,
        "P33_019": 5979,
        "P33_020": 4,
        "P33_021": 400,
        "P33_022": -1,
        "P33_023": 6,
        "P33_024": -1,
        "P33_041": 1
      },
      "geometry": {
        "type": "Point",
        "coordinates": [
          135.70858083353792,
          34.696393332928125
        ]
      }
    },
    {
      "type": "Feature",
      "properties": {
        "P33_001": 138,
        "P33_002": "29210",
        "P33_003": "29",
        "P33_004": 2,
        "P33_005": "中央公民館",
        "P33_006": "639-0231",
        "P33_007": "香芝市下田西3-7-5",
        "P33_008": "0745-77-4981",
        "P33_009": 19800000,
        "P33_010": "‐",
        "P33_011": "‐",
        "P33_012": -1,
        "P33_013": -1,
        "P33_014": 1,
        "P33_015": "‐",
        "P33_016": "‐",
        "P33_017": "‐",
        "P33_018": -1,
        "P33_019": 2635,
        "P33_020": -1,
        "P33_021": -1,
        "P33_022": -1,
        "P33_023": -1,
        "P33_024": -1,
        "P33_041": 1
      },
      "geometry": {
        "type": "Point",
        "coordinates": [
          135.7001890000865,
          34.53987700047264
        ]
      }
    },
    {
      "type": "Feature",
      "properties": {
        "P33_001": 192,
        "P33_002": "29211",
        "P33_003": "29",
        "P33_004": 2,
        "P33_005": "加守分館",
        "P33_006": "639-0271",
        "P33_007": "葛城市加守585",
        "P33_008": "0745-76-4946",
        "P33_009": 19730000,
        "P33_010": "‐",
        "P33_011": "‐",
        "P33_012": -1,
        "P33_013": -1,
        "P33_014": 3,
        "P33_015": "‐",
        "P33_016": "‐",
        "P33_017": "‐",
        "P33_018": -1,
        "P33_019": 157,
        "P33_020": -1,
        "P33_021": -1,
        "P33_022": -1,
        "P33_023": -1,
        "P33_024": -1,
        "P33_041": 1
      },
      "geometry": {
        "type": "Point",
        "coordinates": [
          135.69219300022635,
          34.53190700004334
        ]
      }
    },
    {
      "type": "Feature",
      "properties": {
        "P33_001": 139,
        "P33_002": "29211",
        "P33_003": "29",
        "P33_004": 2,
        "P33_005": "柿本人麻呂コミュニティセンター",
        "P33_006": "639-2111",
        "P33_007": "葛城市柿本161",
        "P33_008": "‐",
        "P33_009": 19960000,
        "P33_010": "‐",
        "P33_011": "‐",
        "P33_012": -1,
        "P33_013": -1,
        "P33_014": 4,
        "P33_015": "‐",
        "P33_016": "‐",
        "P33_017": "‐",
        "P33_018": -1,
        "P33_019": 183,
        "P33_020": -1,
        "P33_021": -1,
        "P33_022": -1,
        "P33_023": -1,
        "P33_024": -1,
        "P33_041": 1
      },
      "geometry": {
        "type": "Point",
        "coordinates": [
          135.72691000009732,
          34.48945999951759
        ]
      }
    },
    {
      "type": "Feature",
      "properties": {
        "P33_001": 140,
        "P33_002": "29211",
        "P33_003": "29",
        "P33_004": 2,
        "P33_005": "柿本分館",
        "P33_006": "639-2111",
        "P33_007": "葛城市柿本145",
        "P33_008": "0745-69-7993",
        "P33_009": 19570000,
        "P33_010": "‐",
        "P33_011": "‐",
        "P33_012": -1,
        "P33_013": -1,
        "P33_014": 3,
        "P33_015": "‐",
        "P33_016": "‐",
        "P33_017": "‐",
        "P33_018": -1,
        "P33_019": 72,
        "P33_020": -1,
        "P33_021": -1,
        "P33_022": -1,
        "P33_023": -1,
        "P33_024": -1,
        "P33_041": 1
      },
      "geometry": {
        "type": "Point",
        "coordinates": [
          135.7292069998887,
          34.49090200032052
        ]
      }
    },
    {
      "type": "Feature",
      "properties": {
        "P33_001": 141,
        "P33_002": "29211",
        "P33_003": "29",
        "P33_004": 2,
        "P33_005": "葛城市コミュニティセンター",
        "P33_006": "639-2127",
        "P33_007": "葛城市新町337",
        "P33_008": "0745-69-6961",
        "P33_009": 19830000,
        "P33_010": "‐",
        "P33_011": "‐",
        "P33_012": -1,
        "P33_013": -1,
        "P33_014": 2,
        "P33_015": "‐",
        "P33_016": "‐",
        "P33_017": "‐",
        "P33_018": -1,
        "P33_019": 1213,
        "P33_020": -1,
        "P33_021": -1,
        "P33_022": -1,
        "P33_023": -1,
        "P33_024": -1,
        "P33_041": 1
      },
      "geometry": {
        "type": "Point",
        "coordinates": [
          135.74136399996766,
          34.48218500022853
        ]
      }
    },
    {
      "type": "Feature",
      "properties": {
        "P33_001": 142,
        "P33_002": "29211",
        "P33_003": "29",
        "P33_004": 2,
        "P33_005": "中央公民館",
        "P33_006": "639-2137",
        "P33_007": "葛城市南藤井17",
        "P33_008": "0745-69-5131",
        "P33_009": 19750000,
        "P33_010": "‐",
        "P33_011": "‐",
        "P33_012": -1,
        "P33_013": -1,
        "P33_014": 1,
        "P33_015": "‐",
        "P33_016": "‐",
        "P33_017": "‐",
        "P33_018": -1,
        "P33_019": 3337,
        "P33_020": -1,
        "P33_021": -1,
        "P33_022": -1,
        "P33_023": -1,
        "P33_024": -1,
        "P33_041": 1
      },
      "geometry": {
        "type": "Point",
        "coordinates": [
          135.71473081019255,
          34.48562109934549
        ]
      }
    },
    {
      "type": "Feature",
      "properties": {
        "P33_001": 143,
        "P33_002": "29211",
        "P33_003": "29",
        "P33_004": 2,
        "P33_005": "磐城地区公民館",
        "P33_006": "639-2164",
        "P33_007": "葛城市長尾472-1",
        "P33_008": "0745-48-6060",
        "P33_009": 19800000,
        "P33_010": "‐",
        "P33_011": "‐",
        "P33_012": -1,
        "P33_013": -1,
        "P33_014": 2,
        "P33_015": "‐",
        "P33_016": "‐",
        "P33_017": "‐",
        "P33_018": -1,
        "P33_019": 406,
        "P33_020": -1,
        "P33_021": -1,
        "P33_022": -1,
        "P33_023": -1,
        "P33_024": -1,
        "P33_041": 1
      },
      "geometry": {
        "type": "Point",
        "coordinates": [
          135.7077840003372,
          34.50773600054729
        ]
      }
    },
    {
      "type": "Feature",
      "properties": {
        "P33_001": 144,
        "P33_002": "29211",
        "P33_003": "29",
        "P33_004": 2,
        "P33_005": "當麻公民館",
        "P33_006": "639-2164",
        "P33_007": "葛城市長尾89-1",
        "P33_008": "0745-48-6000",
        "P33_009": 19660000,
        "P33_010": "‐",
        "P33_011": "‐",
        "P33_012": -1,
        "P33_013": -1,
        "P33_014": 2,
        "P33_015": "‐",
        "P33_016": "‐",
        "P33_017": "‐",
        "P33_018": -1,
        "P33_019": 781,
        "P33_020": -1,
        "P33_021": -1,
        "P33_022": -1,
        "P33_023": -1,
        "P33_024": -1,
        "P33_041": 1
      },
      "geometry": {
        "type": "Point",
        "coordinates": [
          135.70684599998842,
          34.51089400018381
        ]
      }
    },
    {
      "type": "Feature",
      "properties": {
        "P33_001": 145,
        "P33_002": "29211",
        "P33_003": "29",
        "P33_004": 2,
        "P33_005": "當麻地区公民館",
        "P33_006": "639-0276",
        "P33_007": "葛城市當麻1239",
        "P33_008": "0745-48-5666",
        "P33_009": 19760000,
        "P33_010": "‐",
        "P33_011": "‐",
        "P33_012": -1,
        "P33_013": -1,
        "P33_014": 2,
        "P33_015": "‐",
        "P33_016": "‐",
        "P33_017": "‐",
        "P33_018": -1,
        "P33_019": 412,
        "P33_020": -1,
        "P33_021": -1,
        "P33_022": -1,
        "P33_023": -1,
        "P33_024": -1,
        "P33_041": 1
      },
      "geometry": {
        "type": "Point",
        "coordinates": [
          135.69669499966983,
          34.515844000214464
        ]
      }
    },
    {
      "type": "Feature",
      "properties": {
        "P33_001": 146,
        "P33_002": "29211",
        "P33_003": "29",
        "P33_004": 2,
        "P33_005": "葛木コミュニティセンター",
        "P33_006": "639-2144",
        "P33_007": "葛城市葛木93-3",
        "P33_008": "‐",
        "P33_009": 19980000,
        "P33_010": "‐",
        "P33_011": "‐",
        "P33_012": -1,
        "P33_013": -1,
        "P33_014": 4,
        "P33_015": "‐",
        "P33_016": "‐",
        "P33_017": "‐",
        "P33_018": -1,
        "P33_019": 197,
        "P33_020": -1,
        "P33_021": -1,
        "P33_022": -1,
        "P33_023": -1,
        "P33_024": -1,
        "P33_041": 1
      },
      "geometry": {
        "type": "Point",
        "coordinates": [
          135.71778500017675,
          34.48591500049976
        ]
      }
    },
    {
      "type": "Feature",
      "properties": {
        "P33_001": 147,
        "P33_002": "29211",
        "P33_003": "29",
        "P33_004": 2,
        "P33_005": "京阪忍海分館",
        "P33_006": "639-2123",
        "P33_007": "葛城市忍海437-65",
        "P33_008": "‐",
        "P33_009": 19860000,
        "P33_010": "‐",
        "P33_011": "‐",
        "P33_012": -1,
        "P33_013": -1,
        "P33_014": 3,
        "P33_015": "‐",
        "P33_016": "‐",
        "P33_017": "‐",
        "P33_018": -1,
        "P33_019": 79,
        "P33_020": -1,
        "P33_021": -1,
        "P33_022": -1,
        "P33_023": -1,
        "P33_024": -1,
        "P33_041": 1
      },
      "geometry": {
        "type": "Point",
        "coordinates": [
          135.72772799967652,
          34.47435999982727
        ]
      }
    },
    {
      "type": "Feature",
      "properties": {
        "P33_001": 148,
        "P33_002": "29211",
        "P33_003": "29",
        "P33_004": 2,
        "P33_005": "今在家分館",
        "P33_006": "639-0274",
        "P33_007": "葛城市今在家176",
        "P33_008": "0745-48-5995",
        "P33_009": 19850000,
        "P33_010": "‐",
        "P33_011": "‐",
        "P33_012": -1,
        "P33_013": -1,
        "P33_014": 3,
        "P33_015": "‐",
        "P33_016": "‐",
        "P33_017": "‐",
        "P33_018": -1,
        "P33_019": 217,
        "P33_020": -1,
        "P33_021": -1,
        "P33_022": -1,
        "P33_023": -1,
        "P33_024": -1,
        "P33_041": 1
      },
      "geometry": {
        "type": "Point",
        "coordinates": [
          135.70385299998355,
          34.52049799962143
        ]
      }
    },
    {
      "type": "Feature",
      "properties": {
        "P33_001": 149,
        "P33_002": "29211",
        "P33_003": "29",
        "P33_004": 2,
        "P33_005": "三才分館",
        "P33_006": "639-2113",
        "P33_007": "葛城市北花内771-1",
        "P33_008": "0745-69-7541",
        "P33_009": 19890000,
        "P33_010": "‐",
        "P33_011": "‐",
        "P33_012": -1,
        "P33_013": -1,
        "P33_014": 3,
        "P33_015": "‐",
        "P33_016": "‐",
        "P33_017": "‐",
        "P33_018": -1,
        "P33_019": 138,
        "P33_020": -1,
        "P33_021": -1,
        "P33_022": -1,
        "P33_023": -1,
        "P33_024": -1,
        "P33_041": 1
      },
      "geometry": {
        "type": "Point",
        "coordinates": [
          135.7249530002326,
          34.4860450002602
        ]
      }
    },
    {
      "type": "Feature",
      "properties": {
        "P33_001": 150,
        "P33_002": "29211",
        "P33_003": "29",
        "P33_004": 2,
        "P33_005": "山口コミュニティセンター",
        "P33_006": "639-2134",
        "P33_007": "葛城市山口180",
        "P33_008": "‐",
        "P33_009": 19920000,
        "P33_010": "‐",
        "P33_011": "‐",
        "P33_012": -1,
        "P33_013": -1,
        "P33_014": 4,
        "P33_015": "‐",
        "P33_016": "‐",
        "P33_017": "‐",
        "P33_018": -1,
        "P33_019": 112,
        "P33_020": -1,
        "P33_021": -1,
        "P33_022": -1,
        "P33_023": -1,
        "P33_024": -1,
        "P33_041": 1
      },
      "geometry": {
        "type": "Point",
        "coordinates": [
          135.70229083344606,
          34.471737499995186
        ]
      }
    },
    {
      "type": "Feature",
      "properties": {
        "P33_001": 151,
        "P33_002": "29211",
        "P33_003": "29",
        "P33_004": 2,
        "P33_005": "尺土分館",
        "P33_006": "639-2162",
        "P33_007": "葛城市尺土213-12",
        "P33_008": "0745-48-5963",
        "P33_009": 19930000,
        "P33_010": "‐",
        "P33_011": "‐",
        "P33_012": -1,
        "P33_013": -1,
        "P33_014": 3,
        "P33_015": "‐",
        "P33_016": "‐",
        "P33_017": "‐",
        "P33_018": -1,
        "P33_019": 347,
        "P33_020": -1,
        "P33_021": -1,
        "P33_022": -1,
        "P33_023": -1,
        "P33_024": -1,
        "P33_041": 1
      },
      "geometry": {
        "type": "Point",
        "coordinates": [
          135.72400900023172,
          34.50908099972208
        ]
      }
    },
    {
      "type": "Feature",
      "properties": {
        "P33_001": 152,
        "P33_002": "29211",
        "P33_003": "29",
        "P33_004": 2,
        "P33_005": "勝根分館",
        "P33_006": "639-0275",
        "P33_007": "葛城市勝根218",
        "P33_008": "0745-48-7544",
        "P33_009": 19910000,
        "P33_010": "‐",
        "P33_011": "‐",
        "P33_012": -1,
        "P33_013": -1,
        "P33_014": 3,
        "P33_015": "‐",
        "P33_016": "‐",
        "P33_017": "‐",
        "P33_018": -1,
        "P33_019": 234,
        "P33_020": -1,
        "P33_021": -1,
        "P33_022": -1,
        "P33_023": -1,
        "P33_024": -1,
        "P33_041": 1
      },
      "geometry": {
        "type": "Point",
        "coordinates": [
          135.7081000002065,
          34.51825100006577
        ]
      }
    },
    {
      "type": "Feature",
      "properties": {
        "P33_001": 153,
        "P33_002": "29211",
        "P33_003": "29",
        "P33_004": 2,
        "P33_005": "新在家分館",
        "P33_006": "639-0272",
        "P33_007": "葛城市新在家159",
        "P33_008": "0745-48-7522",
        "P33_009": 19800000,
        "P33_010": "‐",
        "P33_011": "‐",
        "P33_012": -1,
        "P33_013": -1,
        "P33_014": 3,
        "P33_015": "‐",
        "P33_016": "‐",
        "P33_017": "‐",
        "P33_018": -1,
        "P33_019": 199,
        "P33_020": -1,
        "P33_021": -1,
        "P33_022": -1,
        "P33_023": -1,
        "P33_024": -1,
        "P33_041": 1
      },
      "geometry": {
        "type": "Point",
        "coordinates": [
          135.69304899969507,
          34.52319699997389
        ]
      }
    },
    {
      "type": "Feature",
      "properties": {
        "P33_001": 154,
        "P33_002": "29211",
        "P33_003": "29",
        "P33_004": 2,
        "P33_005": "新庄コミュニティセンター",
        "P33_006": "639-2143",
        "P33_007": "葛城市南道穂147-5",
        "P33_008": "0745-69-7907",
        "P33_009": 19990000,
        "P33_010": "‐",
        "P33_011": "‐",
        "P33_012": -1,
        "P33_013": -1,
        "P33_014": 4,
        "P33_015": "‐",
        "P33_016": "‐",
        "P33_017": "‐",
        "P33_018": -1,
        "P33_019": 401,
        "P33_020": -1,
        "P33_021": -1,
        "P33_022": -1,
        "P33_023": -1,
        "P33_024": -1,
        "P33_041": 1
      },
      "geometry": {
        "type": "Point",
        "coordinates": [
          135.71951500000236,
          34.48883900026044
        ]
      }
    },
    {
      "type": "Feature",
      "properties": {
        "P33_001": 155,
        "P33_002": "29211",
        "P33_003": "29",
        "P33_004": 2,
        "P33_005": "新庄屋敷町コミュニティセンター",
        "P33_006": "639-2147",
        "P33_007": "葛城市新庄500-3",
        "P33_008": "0745-69-9688",
        "P33_009": 19930000,
        "P33_010": "‐",
        "P33_011": "‐",
        "P33_012": -1,
        "P33_013": -1,
        "P33_014": 4,
        "P33_015": "‐",
        "P33_016": "‐",
        "P33_017": "‐",
        "P33_018": -1,
        "P33_019": 139,
        "P33_020": -1,
        "P33_021": -1,
        "P33_022": -1,
        "P33_023": -1,
        "P33_024": -1,
        "P33_041": 1
      },
      "geometry": {
        "type": "Point",
        "coordinates": [
          135.7153709999248,
          34.48817500064557
        ]
      }
    },
    {
      "type": "Feature",
      "properties": {
        "P33_001": 156,
        "P33_002": "29211",
        "P33_003": "29",
        "P33_004": 2,
        "P33_005": "新村分館",
        "P33_006": "639-2121",
        "P33_007": "葛城市新村345-3",
        "P33_008": "0745-62-8716",
        "P33_009": 19890000,
        "P33_010": "‐",
        "P33_011": "‐",
        "P33_012": -1,
        "P33_013": -1,
        "P33_014": 3,
        "P33_015": "‐",
        "P33_016": "‐",
        "P33_017": "‐",
        "P33_018": -1,
        "P33_019": 226,
        "P33_020": -1,
        "P33_021": -1,
        "P33_022": -1,
        "P33_023": -1,
        "P33_024": -1,
        "P33_041": 1
      },
      "geometry": {
        "type": "Point",
        "coordinates": [
          135.74556833320742,
          34.47749833353801
        ]
      }
    },
    {
      "type": "Feature",
      "properties": {
        "P33_001": 157,
        "P33_002": "29211",
        "P33_003": "29",
        "P33_004": 2,
        "P33_005": "新町分館",
        "P33_006": "639-2127",
        "P33_007": "葛城市新町163-1",
        "P33_008": "‐",
        "P33_009": 19840000,
        "P33_010": "‐",
        "P33_011": "‐",
        "P33_012": -1,
        "P33_013": -1,
        "P33_014": 3,
        "P33_015": "‐",
        "P33_016": "‐",
        "P33_017": "‐",
        "P33_018": -1,
        "P33_019": 116,
        "P33_020": -1,
        "P33_021": -1,
        "P33_022": -1,
        "P33_023": -1,
        "P33_024": -1,
        "P33_041": 1
      },
      "geometry": {
        "type": "Point",
        "coordinates": [
          135.73623900026368,
          34.480848999986094
        ]
      }
    },
    {
      "type": "Feature",
      "properties": {
        "P33_001": 158,
        "P33_002": "29211",
        "P33_003": "29",
        "P33_004": 2,
        "P33_005": "西室コミュニティセンター",
        "P33_006": "639-2103",
        "P33_007": "葛城市西室95-3",
        "P33_008": "‐",
        "P33_009": 19960000,
        "P33_010": "‐",
        "P33_011": "‐",
        "P33_012": -1,
        "P33_013": -1,
        "P33_014": 4,
        "P33_015": "‐",
        "P33_016": "‐",
        "P33_017": "‐",
        "P33_018": -1,
        "P33_019": 169,
        "P33_020": -1,
        "P33_021": -1,
        "P33_022": -1,
        "P33_023": -1,
        "P33_024": -1,
        "P33_041": 1
      },
      "geometry": {
        "type": "Point",
        "coordinates": [
          135.72827249973943,
          34.49388055558084
        ]
      }
    },
    {
      "type": "Feature",
      "properties": {
        "P33_001": 159,
        "P33_002": "29211",
        "P33_003": "29",
        "P33_004": 2,
        "P33_005": "西辻コミュニティセンター",
        "P33_006": "639-2125",
        "P33_007": "葛城市西辻195-1",
        "P33_008": "0745-65-2676",
        "P33_009": 19940000,
        "P33_010": "‐",
        "P33_011": "‐",
        "P33_012": -1,
        "P33_013": -1,
        "P33_014": 4,
        "P33_015": "‐",
        "P33_016": "‐",
        "P33_017": "‐",
        "P33_018": -1,
        "P33_019": 264,
        "P33_020": -1,
        "P33_021": -1,
        "P33_022": -1,
        "P33_023": -1,
        "P33_024": -1,
        "P33_041": 1
      },
      "geometry": {
        "type": "Point",
        "coordinates": [
          135.72362944423466,
          34.475043332983915
        ]
      }
    },
    {
      "type": "Feature",
      "properties": {
        "P33_001": 160,
        "P33_002": "29211",
        "P33_003": "29",
        "P33_004": 2,
        "P33_005": "染野分館",
        "P33_006": "639-0273",
        "P33_007": "葛城市染野321-1",
        "P33_008": "0745-48-7990",
        "P33_009": 19760000,
        "P33_010": "‐",
        "P33_011": "‐",
        "P33_012": -1,
        "P33_013": -1,
        "P33_014": 3,
        "P33_015": "‐",
        "P33_016": "‐",
        "P33_017": "‐",
        "P33_018": -1,
        "P33_019": 172,
        "P33_020": -1,
        "P33_021": -1,
        "P33_022": -1,
        "P33_023": -1,
        "P33_024": -1,
        "P33_041": 1
      },
      "geometry": {
        "type": "Point",
        "coordinates": [
          135.69764252884943,
          34.52177493683794
        ]
      }
    },
    {
      "type": "Feature",
      "properties": {
        "P33_001": 161,
        "P33_002": "29211",
        "P33_003": "29",
        "P33_004": 2,
        "P33_005": "大屋コミュニティセンター",
        "P33_006": "639-2145",
        "P33_007": "葛城市大屋238",
        "P33_008": "‐",
        "P33_009": 19940000,
        "P33_010": "‐",
        "P33_011": "‐",
        "P33_012": -1,
        "P33_013": -1,
        "P33_014": 4,
        "P33_015": "‐",
        "P33_016": "‐",
        "P33_017": "‐",
        "P33_018": -1,
        "P33_019": 105,
        "P33_020": -1,
        "P33_021": -1,
        "P33_022": -1,
        "P33_023": -1,
        "P33_024": -1,
        "P33_041": 1
      },
      "geometry": {
        "type": "Point",
        "coordinates": [
          135.71130300010927,
          34.48719499979433
        ]
      }
    },
    {
      "type": "Feature",
      "properties": {
        "P33_001": 162,
        "P33_002": "29211",
        "P33_003": "29",
        "P33_004": 2,
        "P33_005": "大屋北コミュニティセンター",
        "P33_006": "639-2143",
        "P33_007": "葛城市南道穂234-11",
        "P33_008": "‐",
        "P33_009": 19960000,
        "P33_010": "‐",
        "P33_011": "‐",
        "P33_012": -1,
        "P33_013": -1,
        "P33_014": 4,
        "P33_015": "‐",
        "P33_016": "‐",
        "P33_017": "‐",
        "P33_018": -1,
        "P33_019": 139,
        "P33_020": -1,
        "P33_021": -1,
        "P33_022": -1,
        "P33_023": -1,
        "P33_024": -1,
        "P33_041": 1
      },
      "geometry": {
        "type": "Point",
        "coordinates": [
          135.71642250005166,
          34.48967638918213
        ]
      }
    },
    {
      "type": "Feature",
      "properties": {
        "P33_001": 163,
        "P33_002": "29211",
        "P33_003": "29",
        "P33_004": 2,
        "P33_005": "中戸分館",
        "P33_006": "639-2146",
        "P33_007": "葛城市中戸180-4",
        "P33_008": "0745-69-4567",
        "P33_009": 19850000,
        "P33_010": "‐",
        "P33_011": "‐",
        "P33_012": -1,
        "P33_013": -1,
        "P33_014": 3,
        "P33_015": "‐",
        "P33_016": "‐",
        "P33_017": "‐",
        "P33_018": -1,
        "P33_019": 287,
        "P33_020": -1,
        "P33_021": -1,
        "P33_022": -1,
        "P33_023": -1,
        "P33_024": -1,
        "P33_041": 1
      },
      "geometry": {
        "type": "Point",
        "coordinates": [
          135.71202499994212,
          34.494050999489424
        ]
      }
    },
    {
      "type": "Feature",
      "properties": {
        "P33_001": 164,
        "P33_002": "29211",
        "P33_003": "29",
        "P33_004": 2,
        "P33_005": "笛堂コミュニティセンター",
        "P33_006": "639-2112",
        "P33_007": "葛城市笛堂240-1",
        "P33_008": "0745-69-7909",
        "P33_009": 19960000,
        "P33_010": "‐",
        "P33_011": "‐",
        "P33_012": -1,
        "P33_013": -1,
        "P33_014": 4,
        "P33_015": "‐",
        "P33_016": "‐",
        "P33_017": "‐",
        "P33_018": -1,
        "P33_019": 423,
        "P33_020": -1,
        "P33_021": -1,
        "P33_022": -1,
        "P33_023": -1,
        "P33_024": -1,
        "P33_041": 1
      },
      "geometry": {
        "type": "Point",
        "coordinates": [
          135.7412720003114,
          34.48798899993727
        ]
      }
    },
    {
      "type": "Feature",
      "properties": {
        "P33_001": 165,
        "P33_002": "29211",
        "P33_003": "29",
        "P33_004": 2,
        "P33_005": "東室コミュニティセンター",
        "P33_006": "639-2102",
        "P33_007": "葛城市東室262-2",
        "P33_008": "0745-69-9302",
        "P33_009": 19920000,
        "P33_010": "‐",
        "P33_011": "‐",
        "P33_012": -1,
        "P33_013": -1,
        "P33_014": 4,
        "P33_015": "‐",
        "P33_016": "‐",
        "P33_017": "‐",
        "P33_018": -1,
        "P33_019": 119,
        "P33_020": -1,
        "P33_021": -1,
        "P33_022": -1,
        "P33_023": -1,
        "P33_024": -1,
        "P33_041": 1
      },
      "geometry": {
        "type": "Point",
        "coordinates": [
          135.72946699994625,
          34.494379999780676
        ]
      }
    },
    {
      "type": "Feature",
      "properties": {
        "P33_001": 166,
        "P33_002": "29211",
        "P33_003": "29",
        "P33_004": 2,
        "P33_005": "南花内コミュニティセンター",
        "P33_006": "639-2126",
        "P33_007": "葛城市南花内129-2",
        "P33_008": "0745-69-7534",
        "P33_009": 19990000,
        "P33_010": "‐",
        "P33_011": "‐",
        "P33_012": -1,
        "P33_013": -1,
        "P33_014": 4,
        "P33_015": "‐",
        "P33_016": "‐",
        "P33_017": "‐",
        "P33_018": -1,
        "P33_019": 223,
        "P33_020": -1,
        "P33_021": -1,
        "P33_022": -1,
        "P33_023": -1,
        "P33_024": -1,
        "P33_041": 1
      },
      "geometry": {
        "type": "Point",
        "coordinates": [
          135.72953403743708,
          34.48100770605671
        ]
      }
    },
    {
      "type": "Feature",
      "properties": {
        "P33_001": 167,
        "P33_002": "29211",
        "P33_003": "29",
        "P33_004": 2,
        "P33_005": "南今市分館",
        "P33_006": "639-2151",
        "P33_007": "葛城市南今市5-1",
        "P33_008": "0745-48-6166",
        "P33_009": 19870000,
        "P33_010": "‐",
        "P33_011": "‐",
        "P33_012": -1,
        "P33_013": -1,
        "P33_014": 3,
        "P33_015": "‐",
        "P33_016": "‐",
        "P33_017": "‐",
        "P33_018": -1,
        "P33_019": 113,
        "P33_020": -1,
        "P33_021": -1,
        "P33_022": -1,
        "P33_023": -1,
        "P33_024": -1,
        "P33_041": 1
      },
      "geometry": {
        "type": "Point",
        "coordinates": [
          135.71014978796066,
          34.50485933134797
        ]
      }
    },
    {
      "type": "Feature",
      "properties": {
        "P33_001": 168,
        "P33_002": "29211",
        "P33_003": "29",
        "P33_004": 2,
        "P33_005": "南新町わかくさ台分館",
        "P33_006": "639-2123",
        "P33_007": "葛城市忍海99-7",
        "P33_008": "‐",
        "P33_009": 19850000,
        "P33_010": "‐",
        "P33_011": "‐",
        "P33_012": -1,
        "P33_013": -1,
        "P33_014": 3,
        "P33_015": "‐",
        "P33_016": "‐",
        "P33_017": "‐",
        "P33_018": -1,
        "P33_019": 65,
        "P33_020": -1,
        "P33_021": -1,
        "P33_022": -1,
        "P33_023": -1,
        "P33_024": -1,
        "P33_041": 1
      },
      "geometry": {
        "type": "Point",
        "coordinates": [
          135.73753399971437,
          34.478609999907874
        ]
      }
    },
    {
      "type": "Feature",
      "properties": {
        "P33_001": 169,
        "P33_002": "29211",
        "P33_003": "29",
        "P33_004": 2,
        "P33_005": "南新町分館",
        "P33_006": "639-2123",
        "P33_007": "葛城市忍海228-1",
        "P33_008": "‐",
        "P33_009": 19840000,
        "P33_010": "‐",
        "P33_011": "‐",
        "P33_012": -1,
        "P33_013": -1,
        "P33_014": 3,
        "P33_015": "‐",
        "P33_016": "‐",
        "P33_017": "‐",
        "P33_018": -1,
        "P33_019": 107,
        "P33_020": -1,
        "P33_021": -1,
        "P33_022": -1,
        "P33_023": -1,
        "P33_024": -1,
        "P33_041": 1
      },
      "geometry": {
        "type": "Point",
        "coordinates": [
          135.73414581283654,
          34.47741259995799
        ]
      }
    },
    {
      "type": "Feature",
      "properties": {
        "P33_001": 170,
        "P33_002": "29211",
        "P33_003": "29",
        "P33_004": 2,
        "P33_005": "南藤井コミュニティセンター",
        "P33_006": "639-2137",
        "P33_007": "葛城市南藤井111",
        "P33_008": "‐",
        "P33_009": 19940000,
        "P33_010": "‐",
        "P33_011": "‐",
        "P33_012": -1,
        "P33_013": -1,
        "P33_014": 4,
        "P33_015": "‐",
        "P33_016": "‐",
        "P33_017": "‐",
        "P33_018": -1,
        "P33_019": 264,
        "P33_020": -1,
        "P33_021": -1,
        "P33_022": -1,
        "P33_023": -1,
        "P33_024": -1,
        "P33_041": 1
      },
      "geometry": {
        "type": "Point",
        "coordinates": [
          135.713040999632,
          34.48397299973251
        ]
      }
    },
    {
      "type": "Feature",
      "properties": {
        "P33_001": 171,
        "P33_002": "29211",
        "P33_003": "29",
        "P33_004": 2,
        "P33_005": "南道穂コミュニティセンター",
        "P33_006": "639-2143",
        "P33_007": "葛城市南道穂86-4",
        "P33_008": "0745-69-9678",
        "P33_009": 19930000,
        "P33_010": "‐",
        "P33_011": "‐",
        "P33_012": -1,
        "P33_013": -1,
        "P33_014": 4,
        "P33_015": "‐",
        "P33_016": "‐",
        "P33_017": "‐",
        "P33_018": -1,
        "P33_019": 269,
        "P33_020": -1,
        "P33_021": -1,
        "P33_022": -1,
        "P33_023": -1,
        "P33_024": -1,
        "P33_041": 1
      },
      "geometry": {
        "type": "Point",
        "coordinates": [
          135.72439800005404,
          34.48809599995266
        ]
      }
    },
    {
      "type": "Feature",
      "properties": {
        "P33_001": 172,
        "P33_002": "29211",
        "P33_003": "29",
        "P33_004": 2,
        "P33_005": "梅室コミュニティセンター",
        "P33_006": "639-2133",
        "P33_007": "葛城市梅室234-2",
        "P33_008": "‐",
        "P33_009": 19930000,
        "P33_010": "‐",
        "P33_011": "‐",
        "P33_012": -1,
        "P33_013": -1,
        "P33_014": 4,
        "P33_015": "‐",
        "P33_016": "‐",
        "P33_017": "‐",
        "P33_018": -1,
        "P33_019": 89,
        "P33_020": -1,
        "P33_021": -1,
        "P33_022": -1,
        "P33_023": -1,
        "P33_024": -1,
        "P33_041": 1
      },
      "geometry": {
        "type": "Point",
        "coordinates": [
          135.70516300001344,
          34.467999999973976
        ]
      }
    },
    {
      "type": "Feature",
      "properties": {
        "P33_001": 173,
        "P33_002": "29211",
        "P33_003": "29",
        "P33_004": 2,
        "P33_005": "八川分館",
        "P33_006": "639-2163",
        "P33_007": "葛城市八川280-6",
        "P33_008": "0745-48-5962",
        "P33_009": 19960000,
        "P33_010": "‐",
        "P33_011": "‐",
        "P33_012": -1,
        "P33_013": -1,
        "P33_014": 3,
        "P33_015": "‐",
        "P33_016": "‐",
        "P33_017": "‐",
        "P33_018": -1,
        "P33_019": 264,
        "P33_020": -1,
        "P33_021": -1,
        "P33_022": -1,
        "P33_023": -1,
        "P33_024": -1,
        "P33_041": 1
      },
      "geometry": {
        "type": "Point",
        "coordinates": [
          135.71581500026085,
          34.50432100052226
        ]
      }
    },
    {
      "type": "Feature",
      "properties": {
        "P33_001": 174,
        "P33_002": "29211",
        "P33_003": "29",
        "P33_004": 2,
        "P33_005": "疋田フルールコミュニティセンター",
        "P33_006": "639-2101",
        "P33_007": "葛城市疋田243-4",
        "P33_008": "‐",
        "P33_009": 20040000,
        "P33_010": "‐",
        "P33_011": "‐",
        "P33_012": -1,
        "P33_013": -1,
        "P33_014": 4,
        "P33_015": "‐",
        "P33_016": "‐",
        "P33_017": "‐",
        "P33_018": -1,
        "P33_019": 148,
        "P33_020": -1,
        "P33_021": -1,
        "P33_022": -1,
        "P33_023": -1,
        "P33_024": -1,
        "P33_041": 1
      },
      "geometry": {
        "type": "Point",
        "coordinates": [
          135.7263219999003,
          34.5063130001345
        ]
      }
    },
    {
      "type": "Feature",
      "properties": {
        "P33_001": 175,
        "P33_002": "29211",
        "P33_003": "29",
        "P33_004": 2,
        "P33_005": "疋田東和苑コミュニティセンター",
        "P33_006": "639-2101",
        "P33_007": "葛城市疋田104-3",
        "P33_008": "‐",
        "P33_009": 20040000,
        "P33_010": "‐",
        "P33_011": "‐",
        "P33_012": -1,
        "P33_013": -1,
        "P33_014": 4,
        "P33_015": "‐",
        "P33_016": "‐",
        "P33_017": "‐",
        "P33_018": -1,
        "P33_019": 189,
        "P33_020": -1,
        "P33_021": -1,
        "P33_022": -1,
        "P33_023": -1,
        "P33_024": -1,
        "P33_041": 1
      },
      "geometry": {
        "type": "Point",
        "coordinates": [
          135.72199299976322,
          34.504167999481524
        ]
      }
    },
    {
      "type": "Feature",
      "properties": {
        "P33_001": 176,
        "P33_002": "29211",
        "P33_003": "29",
        "P33_004": 2,
        "P33_005": "疋田分館",
        "P33_006": "639-2101",
        "P33_007": "葛城市疋田400-1",
        "P33_008": "0745-69-2469",
        "P33_009": 19760000,
        "P33_010": "‐",
        "P33_011": "‐",
        "P33_012": -1,
        "P33_013": -1,
        "P33_014": 3,
        "P33_015": "‐",
        "P33_016": "‐",
        "P33_017": "‐",
        "P33_018": -1,
        "P33_019": 505,
        "P33_020": -1,
        "P33_021": -1,
        "P33_022": -1,
        "P33_023": -1,
        "P33_024": -1,
        "P33_041": 1
      },
      "geometry": {
        "type": "Point",
        "coordinates": [
          135.72380599976697,
          34.50269100010121
        ]
      }
    },
    {
      "type": "Feature",
      "properties": {
        "P33_001": 177,
        "P33_002": "29211",
        "P33_003": "29",
        "P33_004": 2,
        "P33_005": "兵家分館",
        "P33_006": "639-2154",
        "P33_007": "葛城市兵家737",
        "P33_008": "0745-48-6169",
        "P33_009": 19750000,
        "P33_010": "‐",
        "P33_011": "‐",
        "P33_012": -1,
        "P33_013": -1,
        "P33_014": 3,
        "P33_015": "‐",
        "P33_016": "‐",
        "P33_017": "‐",
        "P33_018": -1,
        "P33_019": 147,
        "P33_020": -1,
        "P33_021": -1,
        "P33_022": -1,
        "P33_023": -1,
        "P33_024": -1,
        "P33_041": 1
      },
      "geometry": {
        "type": "Point",
        "coordinates": [
          135.69945592393572,
          34.5003761358683
        ]
      }
    },
    {
      "type": "Feature",
      "properties": {
        "P33_001": 178,
        "P33_002": "29211",
        "P33_003": "29",
        "P33_004": 2,
        "P33_005": "平岡分館",
        "P33_006": "639-2136",
        "P33_007": "葛城市平岡65-1",
        "P33_008": "‐",
        "P33_009": 19840000,
        "P33_010": "‐",
        "P33_011": "‐",
        "P33_012": -1,
        "P33_013": -1,
        "P33_014": 3,
        "P33_015": "‐",
        "P33_016": "‐",
        "P33_017": "‐",
        "P33_018": -1,
        "P33_019": 134,
        "P33_020": -1,
        "P33_021": -1,
        "P33_022": -1,
        "P33_023": -1,
        "P33_024": -1,
        "P33_041": 1
      },
      "geometry": {
        "type": "Point",
        "coordinates": [
          135.7086770003974,
          34.475146999947675
        ]
      }
    },
    {
      "type": "Feature",
      "properties": {
        "P33_001": 179,
        "P33_002": "29211",
        "P33_003": "29",
        "P33_004": 2,
        "P33_005": "北花内ＪＲ地区コミュニティセンター",
        "P33_006": "639-2113",
        "P33_007": "葛城市北花内914",
        "P33_008": "0745-69-7909",
        "P33_009": 19960000,
        "P33_010": "‐",
        "P33_011": "‐",
        "P33_012": -1,
        "P33_013": -1,
        "P33_014": 4,
        "P33_015": "‐",
        "P33_016": "‐",
        "P33_017": "‐",
        "P33_018": -1,
        "P33_019": 291,
        "P33_020": -1,
        "P33_021": -1,
        "P33_022": -1,
        "P33_023": -1,
        "P33_024": -1,
        "P33_041": 1
      },
      "geometry": {
        "type": "Point",
        "coordinates": [
          135.73564800024062,
          34.487546999830634
        ]
      }
    },
    {
      "type": "Feature",
      "properties": {
        "P33_001": 180,
        "P33_002": "29211",
        "P33_003": "29",
        "P33_004": 2,
        "P33_005": "北花内コミュニティセンター",
        "P33_006": "639-2113",
        "P33_007": "葛城市北花内51",
        "P33_008": "0745-69-3611",
        "P33_009": 19960000,
        "P33_010": "‐",
        "P33_011": "‐",
        "P33_012": -1,
        "P33_013": -1,
        "P33_014": 4,
        "P33_015": "‐",
        "P33_016": "‐",
        "P33_017": "‐",
        "P33_018": -1,
        "P33_019": 481,
        "P33_020": -1,
        "P33_021": -1,
        "P33_022": -1,
        "P33_023": -1,
        "P33_024": -1,
        "P33_041": 1
      },
      "geometry": {
        "type": "Point",
        "coordinates": [
          135.7295590000855,
          34.484109999515475
        ]
      }
    },
    {
      "type": "Feature",
      "properties": {
        "P33_001": 181,
        "P33_002": "29211",
        "P33_003": "29",
        "P33_004": 2,
        "P33_005": "北花内近鉄駅前分館",
        "P33_006": "639-2113",
        "P33_007": "葛城市北花内570-1",
        "P33_008": "0745-69-7911",
        "P33_009": 19760000,
        "P33_010": "‐",
        "P33_011": "‐",
        "P33_012": -1,
        "P33_013": -1,
        "P33_014": 3,
        "P33_015": "‐",
        "P33_016": "‐",
        "P33_017": "‐",
        "P33_018": -1,
        "P33_019": 100,
        "P33_020": -1,
        "P33_021": -1,
        "P33_022": -1,
        "P33_023": -1,
        "P33_024": -1,
        "P33_041": 1
      },
      "geometry": {
        "type": "Point",
        "coordinates": [
          135.72792199969714,
          34.48742200041527
        ]
      }
    },
    {
      "type": "Feature",
      "properties": {
        "P33_001": 182,
        "P33_002": "29211",
        "P33_003": "29",
        "P33_004": 2,
        "P33_005": "北道穂コミュニティセンター",
        "P33_006": "639-2142",
        "P33_007": "葛城市北道穂100",
        "P33_008": "‐",
        "P33_009": 19930000,
        "P33_010": "‐",
        "P33_011": "‐",
        "P33_012": -1,
        "P33_013": -1,
        "P33_014": 4,
        "P33_015": "‐",
        "P33_016": "‐",
        "P33_017": "‐",
        "P33_018": -1,
        "P33_019": 148,
        "P33_020": -1,
        "P33_021": -1,
        "P33_022": -1,
        "P33_023": -1,
        "P33_024": -1,
        "P33_041": 1
      },
      "geometry": {
        "type": "Point",
        "coordinates": [
          135.72249194410364,
          34.4927525002998
        ]
      }
    },
    {
      "type": "Feature",
      "properties": {
        "P33_001": 183,
        "P33_002": "29211",
        "P33_003": "29",
        "P33_004": 2,
        "P33_005": "林堂東分館",
        "P33_006": "639-2131",
        "P33_007": "葛城市林堂74-2",
        "P33_008": "‐",
        "P33_009": 19730000,
        "P33_010": "‐",
        "P33_011": "‐",
        "P33_012": -1,
        "P33_013": -1,
        "P33_014": 3,
        "P33_015": "‐",
        "P33_016": "‐",
        "P33_017": "‐",
        "P33_018": -1,
        "P33_019": 93,
        "P33_020": -1,
        "P33_021": -1,
        "P33_022": -1,
        "P33_023": -1,
        "P33_024": -1,
        "P33_041": 1
      },
      "geometry": {
        "type": "Point",
        "coordinates": [
          135.72277000010982,
          34.48185277819207
        ]
      }
    },
    {
      "type": "Feature",
      "properties": {
        "P33_001": 184,
        "P33_002": "29211",
        "P33_003": "29",
        "P33_004": 2,
        "P33_005": "林堂南分館",
        "P33_006": "639-2131",
        "P33_007": "葛城市林堂229-10",
        "P33_008": "‐",
        "P33_009": 20050000,
        "P33_010": "‐",
        "P33_011": "‐",
        "P33_012": -1,
        "P33_013": -1,
        "P33_014": 3,
        "P33_015": "‐",
        "P33_016": "‐",
        "P33_017": "‐",
        "P33_018": -1,
        "P33_019": 120,
        "P33_020": -1,
        "P33_021": -1,
        "P33_022": -1,
        "P33_023": -1,
        "P33_024": -1,
        "P33_041": 1
      },
      "geometry": {
        "type": "Point",
        "coordinates": [
          135.71979419778745,
          34.47576413955868
        ]
      }
    },
    {
      "type": "Feature",
      "properties": {
        "P33_001": 185,
        "P33_002": "29211",
        "P33_003": "29",
        "P33_004": 2,
        "P33_005": "林堂分館",
        "P33_006": "639-2131",
        "P33_007": "葛城市林堂284-3",
        "P33_008": "‐",
        "P33_009": 19740000,
        "P33_010": "‐",
        "P33_011": "‐",
        "P33_012": -1,
        "P33_013": -1,
        "P33_014": 3,
        "P33_015": "‐",
        "P33_016": "‐",
        "P33_017": "‐",
        "P33_018": -1,
        "P33_019": 124,
        "P33_020": -1,
        "P33_021": -1,
        "P33_022": -1,
        "P33_023": -1,
        "P33_024": -1,
        "P33_041": 1
      },
      "geometry": {
        "type": "Point",
        "coordinates": [
          135.720737691619,
          34.48042145205888
        ]
      }
    },
    {
      "type": "Feature",
      "properties": {
        "P33_001": 186,
        "P33_002": "29211",
        "P33_003": "29",
        "P33_004": 2,
        "P33_005": "脇田分館",
        "P33_006": "639-2124",
        "P33_007": "葛城市脇田171-1",
        "P33_008": "0745-62-0706",
        "P33_009": 19770000,
        "P33_010": "‐",
        "P33_011": "‐",
        "P33_012": -1,
        "P33_013": -1,
        "P33_014": 3,
        "P33_015": "‐",
        "P33_016": "‐",
        "P33_017": "‐",
        "P33_018": -1,
        "P33_019": 51,
        "P33_020": -1,
        "P33_021": -1,
        "P33_022": -1,
        "P33_023": -1,
        "P33_024": -1,
        "P33_041": 1
      },
      "geometry": {
        "type": "Point",
        "coordinates": [
          135.71988500012142,
          34.47173300014519
        ]
      }
    },
    {
      "type": "Feature",
      "properties": {
        "P33_001": 187,
        "P33_002": "29211",
        "P33_003": "29",
        "P33_004": 2,
        "P33_005": "弁之庄分館",
        "P33_006": "639-2141",
        "P33_007": "葛城市辨之庄313-2",
        "P33_008": "0745-69-4253",
        "P33_009": 19760000,
        "P33_010": "‐",
        "P33_011": "‐",
        "P33_012": -1,
        "P33_013": -1,
        "P33_014": 3,
        "P33_015": "‐",
        "P33_016": "‐",
        "P33_017": "‐",
        "P33_018": -1,
        "P33_019": 162,
        "P33_020": -1,
        "P33_021": -1,
        "P33_022": -1,
        "P33_023": -1,
        "P33_024": -1,
        "P33_041": 1
      },
      "geometry": {
        "type": "Point",
        "coordinates": [
          135.7182902122265,
          34.49225602759762
        ]
      }
    },
    {
      "type": "Feature",
      "properties": {
        "P33_001": 188,
        "P33_002": "29211",
        "P33_003": "29",
        "P33_004": 2,
        "P33_005": "當麻分館",
        "P33_006": "639-0276",
        "P33_007": "葛城市當麻189",
        "P33_008": "‐",
        "P33_009": 19800000,
        "P33_010": "‐",
        "P33_011": "‐",
        "P33_012": -1,
        "P33_013": -1,
        "P33_014": 3,
        "P33_015": "‐",
        "P33_016": "‐",
        "P33_017": "‐",
        "P33_018": -1,
        "P33_019": 101,
        "P33_020": -1,
        "P33_021": -1,
        "P33_022": -1,
        "P33_023": -1,
        "P33_024": -1,
        "P33_041": 1
      },
      "geometry": {
        "type": "Point",
        "coordinates": [
          135.70092300018953,
          34.51490400058858
        ]
      }
    },
    {
      "type": "Feature",
      "properties": {
        "P33_001": 189,
        "P33_002": "29211",
        "P33_003": "29",
        "P33_004": 2,
        "P33_005": "薑コミュニティセンター",
        "P33_006": "639-2122",
        "P33_007": "葛城市薑225",
        "P33_008": "‐",
        "P33_009": 19940000,
        "P33_010": "‐",
        "P33_011": "‐",
        "P33_012": -1,
        "P33_013": -1,
        "P33_014": 4,
        "P33_015": "‐",
        "P33_016": "‐",
        "P33_017": "‐",
        "P33_018": -1,
        "P33_019": 330,
        "P33_020": -1,
        "P33_021": -1,
        "P33_022": -1,
        "P33_023": -1,
        "P33_024": -1,
        "P33_041": 1
      },
      "geometry": {
        "type": "Point",
        "coordinates": [
          135.7367379996645,
          34.473903000220666
        ]
      }
    },
    {
      "type": "Feature",
      "properties": {
        "P33_001": 210,
        "P33_002": "29212",
        "P33_003": "29",
        "P33_004": 2,
        "P33_005": "中央公民館室生分館",
        "P33_006": "633-0315",
        "P33_007": "宇陀市室生大野1637（室生振興センター内）",
        "P33_008": "0745-92-2496",
        "P33_009": 19550000,
        "P33_010": "‐",
        "P33_011": "‐",
        "P33_012": -1,
        "P33_013": -1,
        "P33_014": 3,
        "P33_015": "‐",
        "P33_016": "‐",
        "P33_017": "‐",
        "P33_018": -1,
        "P33_019": 1830,
        "P33_020": -1,
        "P33_021": -1,
        "P33_022": -1,
        "P33_023": -1,
        "P33_024": -1,
        "P33_041": 1
      },
      "geometry": {
        "type": "Point",
        "coordinates": [
          136.015916000185,
          34.564888999824255
        ]
      }
    },
    {
      "type": "Feature",
      "properties": {
        "P33_001": 193,
        "P33_002": "29212",
        "P33_003": "29",
        "P33_004": 2,
        "P33_005": "笠間地区公民館",
        "P33_006": "632-0202",
        "P33_007": "宇陀市室生上笠間444-1",
        "P33_008": "0745-92-3604",
        "P33_009": 19550000,
        "P33_010": "‐",
        "P33_011": "‐",
        "P33_012": -1,
        "P33_013": -1,
        "P33_014": 2,
        "P33_015": "‐",
        "P33_016": "‐",
        "P33_017": "‐",
        "P33_018": -1,
        "P33_019": 230,
        "P33_020": -1,
        "P33_021": -1,
        "P33_022": -1,
        "P33_023": -1,
        "P33_024": -1,
        "P33_041": 1
      },
      "geometry": {
        "type": "Point",
        "coordinates": [
          136.02914499976563,
          34.61189200020918
        ]
      }
    },
    {
      "type": "Feature",
      "properties": {
        "P33_001": 194,
        "P33_002": "29212",
        "P33_003": "29",
        "P33_004": 2,
        "P33_005": "向渕地区公民館",
        "P33_006": "633-0316",
        "P33_007": "宇陀市室生向渕969",
        "P33_008": "0745-92-3322",
        "P33_009": 19550000,
        "P33_010": "‐",
        "P33_011": "‐",
        "P33_012": -1,
        "P33_013": -1,
        "P33_014": 2,
        "P33_015": "‐",
        "P33_016": "‐",
        "P33_017": "‐",
        "P33_018": -1,
        "P33_019": 680,
        "P33_020": -1,
        "P33_021": -1,
        "P33_022": -1,
        "P33_023": -1,
        "P33_024": -1,
        "P33_041": 1
      },
      "geometry": {
        "type": "Point",
        "coordinates": [
          135.99535700028233,
          34.57719899963686
        ]
      }
    },
    {
      "type": "Feature",
      "properties": {
        "P33_001": 195,
        "P33_002": "29212",
        "P33_003": "29",
        "P33_004": 2,
        "P33_005": "三本松地区公民館",
        "P33_006": "633-0317",
        "P33_007": "宇陀市室生三本松2091",
        "P33_008": "0745-92-3332",
        "P33_009": 19550000,
        "P33_010": "‐",
        "P33_011": "‐",
        "P33_012": -1,
        "P33_013": -1,
        "P33_014": 2,
        "P33_015": "‐",
        "P33_016": "‐",
        "P33_017": "‐",
        "P33_018": -1,
        "P33_019": 140,
        "P33_020": -1,
        "P33_021": -1,
        "P33_022": -1,
        "P33_023": -1,
        "P33_024": -1,
        "P33_041": 1
      },
      "geometry": {
        "type": "Point",
        "coordinates": [
          136.02825700005948,
          34.57252200048486
        ]
      }
    },
    {
      "type": "Feature",
      "properties": {
        "P33_001": 196,
        "P33_002": "29212",
        "P33_003": "29",
        "P33_004": 2,
        "P33_005": "室生地区公民館",
        "P33_006": "633-0421",
        "P33_007": "宇陀市室生973",
        "P33_008": "0745-93-2252",
        "P33_009": 19550000,
        "P33_010": "‐",
        "P33_011": "‐",
        "P33_012": -1,
        "P33_013": -1,
        "P33_014": 2,
        "P33_015": "‐",
        "P33_016": "‐",
        "P33_017": "‐",
        "P33_018": -1,
        "P33_019": 190,
        "P33_020": -1,
        "P33_021": -1,
        "P33_022": -1,
        "P33_023": -1,
        "P33_024": -1,
        "P33_041": 3
      },
      "geometry": {
        "type": "Point",
        "coordinates": [
          136.03896500011868,
          34.53585299925518
        ]
      }
    },
    {
      "type": "Feature",
      "properties": {
        "P33_001": 197,
        "P33_002": "29212",
        "P33_003": "29",
        "P33_004": 2,
        "P33_005": "西谷地区公民館",
        "P33_006": "633-0312",
        "P33_007": "宇陀市室生西谷286",
        "P33_008": "0745-92-2255",
        "P33_009": 19550000,
        "P33_010": "‐",
        "P33_011": "‐",
        "P33_012": -1,
        "P33_013": -1,
        "P33_014": 2,
        "P33_015": "‐",
        "P33_016": "‐",
        "P33_017": "‐",
        "P33_018": -1,
        "P33_019": 226,
        "P33_020": -1,
        "P33_021": -1,
        "P33_022": -1,
        "P33_023": -1,
        "P33_024": -1,
        "P33_041": 1
      },
      "geometry": {
        "type": "Point",
        "coordinates": [
          136.05178299986468,
          34.56800399987068
        ]
      }
    },
    {
      "type": "Feature",
      "properties": {
        "P33_001": 198,
        "P33_002": "29212",
        "P33_003": "29",
        "P33_004": 2,
        "P33_005": "多田地区公民館",
        "P33_006": "632-0206",
        "P33_007": "宇陀市室生多田415",
        "P33_008": "0743-82-0213",
        "P33_009": 19550000,
        "P33_010": "‐",
        "P33_011": "‐",
        "P33_012": -1,
        "P33_013": -1,
        "P33_014": 2,
        "P33_015": "‐",
        "P33_016": "‐",
        "P33_017": "‐",
        "P33_018": -1,
        "P33_019": 250,
        "P33_020": -1,
        "P33_021": -1,
        "P33_022": -1,
        "P33_023": -1,
        "P33_024": -1,
        "P33_041": 1
      },
      "geometry": {
        "type": "Point",
        "coordinates": [
          135.98305400029736,
          34.5946380001659
        ]
      }
    },
    {
      "type": "Feature",
      "properties": {
        "P33_001": 199,
        "P33_002": "29212",
        "P33_003": "29",
        "P33_004": 2,
        "P33_005": "大野地区公民館",
        "P33_006": "633-0315",
        "P33_007": "宇陀市室生大野1912",
        "P33_008": "0745-92-3925",
        "P33_009": 19550000,
        "P33_010": "‐",
        "P33_011": "‐",
        "P33_012": -1,
        "P33_013": -1,
        "P33_014": 2,
        "P33_015": "‐",
        "P33_016": "‐",
        "P33_017": "‐",
        "P33_018": -1,
        "P33_019": 360,
        "P33_020": -1,
        "P33_021": -1,
        "P33_022": -1,
        "P33_023": -1,
        "P33_024": -1,
        "P33_041": 1
      },
      "geometry": {
        "type": "Point",
        "coordinates": [
          136.01327500037695,
          34.5638150003154
        ]
      }
    },
    {
      "type": "Feature",
      "properties": {
        "P33_001": 200,
        "P33_002": "29212",
        "P33_003": "29",
        "P33_004": 2,
        "P33_005": "田口地区公民館",
        "P33_006": "633-0423",
        "P33_007": "宇陀市室生田口元上田口2061",
        "P33_008": "0745-93-2001",
        "P33_009": 19550000,
        "P33_010": "‐",
        "P33_011": "‐",
        "P33_012": -1,
        "P33_013": -1,
        "P33_014": 2,
        "P33_015": "‐",
        "P33_016": "‐",
        "P33_017": "‐",
        "P33_018": -1,
        "P33_019": 200,
        "P33_020": -1,
        "P33_021": -1,
        "P33_022": -1,
        "P33_023": -1,
        "P33_024": -1,
        "P33_041": 1
      },
      "geometry": {
        "type": "Point",
        "coordinates": [
          136.05125099996243,
          34.51059000008267
        ]
      }
    },
    {
      "type": "Feature",
      "properties": {
        "P33_001": 201,
        "P33_002": "29212",
        "P33_003": "29",
        "P33_004": 2,
        "P33_005": "宇太地区公民館",
        "P33_006": "633-2226",
        "P33_007": "宇陀市菟田野古市場271",
        "P33_008": "‐",
        "P33_009": 19600000,
        "P33_010": "‐",
        "P33_011": "‐",
        "P33_012": -1,
        "P33_013": -1,
        "P33_014": 2,
        "P33_015": "‐",
        "P33_016": "‐",
        "P33_017": "‐",
        "P33_018": -1,
        "P33_019": 323,
        "P33_020": -1,
        "P33_021": -1,
        "P33_022": -1,
        "P33_023": -1,
        "P33_024": -1,
        "P33_041": 1
      },
      "geometry": {
        "type": "Point",
        "coordinates": [
          135.96958599992448,
          34.4741890001542
        ]
      }
    },
    {
      "type": "Feature",
      "properties": {
        "P33_001": 202,
        "P33_002": "29212",
        "P33_003": "29",
        "P33_004": 2,
        "P33_005": "大宇陀南部地区公民館",
        "P33_006": "633-2153",
        "P33_007": "宇陀市大宇陀下宮奥293-1",
        "P33_008": "‐",
        "P33_009": 19730000,
        "P33_010": "‐",
        "P33_011": "‐",
        "P33_012": -1,
        "P33_013": -1,
        "P33_014": 2,
        "P33_015": "‐",
        "P33_016": "‐",
        "P33_017": "‐",
        "P33_018": -1,
        "P33_019": 155,
        "P33_020": -1,
        "P33_021": -1,
        "P33_022": -1,
        "P33_023": -1,
        "P33_024": -1,
        "P33_041": 1
      },
      "geometry": {
        "type": "Point",
        "coordinates": [
          135.92221399987173,
          34.45780899963405
        ]
      }
    },
    {
      "type": "Feature",
      "properties": {
        "P33_001": 203,
        "P33_002": "29212",
        "P33_003": "29",
        "P33_004": 2,
        "P33_005": "中央公民館兼大宇陀分館",
        "P33_006": "633-2165",
        "P33_007": "宇陀市大宇陀中庄202",
        "P33_008": "0745-83-0551",
        "P33_009": 19730000,
        "P33_010": "‐",
        "P33_011": "‐",
        "P33_012": -1,
        "P33_013": -1,
        "P33_014": 4,
        "P33_015": "‐",
        "P33_016": "‐",
        "P33_017": "‐",
        "P33_018": -1,
        "P33_019": 2,
        "P33_020": -1,
        "P33_021": -1,
        "P33_022": -1,
        "P33_023": -1,
        "P33_024": -1,
        "P33_041": 1
      },
      "geometry": {
        "type": "Point",
        "coordinates": [
          135.92868499993307,
          34.47883699976118
        ]
      }
    },
    {
      "type": "Feature",
      "properties": {
        "P33_001": 204,
        "P33_002": "29212",
        "P33_003": "29",
        "P33_004": 2,
        "P33_005": "中央公民館榛原分館",
        "P33_006": "633-0253",
        "P33_007": "宇陀市榛原萩原2610-1（榛原総合センター内）",
        "P33_008": "0745-82-0374",
        "P33_009": 19890000,
        "P33_010": "‐",
        "P33_011": "‐",
        "P33_012": -1,
        "P33_013": -1,
        "P33_014": 3,
        "P33_015": "‐",
        "P33_016": "‐",
        "P33_017": "‐",
        "P33_018": -1,
        "P33_019": 674,
        "P33_020": -1,
        "P33_021": -1,
        "P33_022": -1,
        "P33_023": -1,
        "P33_024": -1,
        "P33_041": 1
      },
      "geometry": {
        "type": "Point",
        "coordinates": [
          135.9574010001811,
          34.53216000030931
        ]
      }
    },
    {
      "type": "Feature",
      "properties": {
        "P33_001": 205,
        "P33_002": "29212",
        "P33_003": "29",
        "P33_004": 2,
        "P33_005": "中央公民館菟田野分館",
        "P33_006": "633-2221",
        "P33_007": "宇陀市菟田野松井502",
        "P33_008": "0745-84-3521",
        "P33_009": 19720000,
        "P33_010": "‐",
        "P33_011": "‐",
        "P33_012": -1,
        "P33_013": -1,
        "P33_014": 3,
        "P33_015": "‐",
        "P33_016": "‐",
        "P33_017": "‐",
        "P33_018": -1,
        "P33_019": 946,
        "P33_020": -1,
        "P33_021": -1,
        "P33_022": -1,
        "P33_023": -1,
        "P33_024": -1,
        "P33_041": 1
      },
      "geometry": {
        "type": "Point",
        "coordinates": [
          135.9780909998936,
          34.47330300026347
        ]
      }
    },
    {
      "type": "Feature",
      "properties": {
        "P33_001": 206,
        "P33_002": "29212",
        "P33_003": "29",
        "P33_004": 2,
        "P33_005": "大和富士ホール",
        "P33_006": "633-0206",
        "P33_007": "宇陀市榛原天満台西2-45-4",
        "P33_008": "0745-82-8135",
        "P33_009": 19970000,
        "P33_010": "‐",
        "P33_011": "‐",
        "P33_012": -1,
        "P33_013": -1,
        "P33_014": 2,
        "P33_015": "‐",
        "P33_016": "‐",
        "P33_017": "‐",
        "P33_018": -1,
        "P33_019": 445,
        "P33_020": -1,
        "P33_021": -1,
        "P33_022": -1,
        "P33_023": -1,
        "P33_024": -1,
        "P33_041": 1
      },
      "geometry": {
        "type": "Point",
        "coordinates": [
          135.96866699976195,
          34.544905000206036
        ]
      }
    },
    {
      "type": "Feature",
      "properties": {
        "P33_001": 207,
        "P33_002": "29212",
        "P33_003": "29",
        "P33_004": 2,
        "P33_005": "芳野地区公民館",
        "P33_006": "633-2212",
        "P33_007": "宇陀市菟田野区下芳野789-3",
        "P33_008": "‐",
        "P33_009": -1,
        "P33_010": "‐",
        "P33_011": "‐",
        "P33_012": -1,
        "P33_013": -1,
        "P33_014": 3,
        "P33_015": "‐",
        "P33_016": "‐",
        "P33_017": "‐",
        "P33_018": -1,
        "P33_019": 355,
        "P33_020": -1,
        "P33_021": -1,
        "P33_022": -1,
        "P33_023": -1,
        "P33_024": -1,
        "P33_041": 3
      },
      "geometry": {
        "type": "Point",
        "coordinates": [
          135.95226900007805,
          34.52802899984409
        ]
      }
    },
    {
      "type": "Feature",
      "properties": {
        "P33_001": 214,
        "P33_002": "29342",
        "P33_003": "29",
        "P33_004": 2,
        "P33_005": "平群町公民館福貴分館",
        "P33_006": "636-0936",
        "P33_007": "平群町大字福貴774-1",
        "P33_008": "‐",
        "P33_009": -1,
        "P33_010": "‐",
        "P33_011": "‐",
        "P33_012": -1,
        "P33_013": -1,
        "P33_014": 3,
        "P33_015": "‐",
        "P33_016": "‐",
        "P33_017": "‐",
        "P33_018": -1,
        "P33_019": -1,
        "P33_020": -1,
        "P33_021": -1,
        "P33_022": -1,
        "P33_023": -1,
        "P33_024": -1,
        "P33_041": 3
      },
      "geometry": {
        "type": "Point",
        "coordinates": [
          135.69782999986532,
          34.63071000057075
        ]
      }
    },
    {
      "type": "Feature",
      "properties": {
        "P33_001": 212,
        "P33_002": "29342",
        "P33_003": "29",
        "P33_004": 2,
        "P33_005": "中央公民館",
        "P33_006": "636-0936",
        "P33_007": "平群町福貴1037-2",
        "P33_008": "0745-45-2101",
        "P33_009": 19720000,
        "P33_010": "‐",
        "P33_011": "‐",
        "P33_012": -1,
        "P33_013": -1,
        "P33_014": 1,
        "P33_015": "‐",
        "P33_016": "‐",
        "P33_017": "‐",
        "P33_018": -1,
        "P33_019": 1387,
        "P33_020": -1,
        "P33_021": -1,
        "P33_022": -1,
        "P33_023": -1,
        "P33_024": -1,
        "P33_041": 1
      },
      "geometry": {
        "type": "Point",
        "coordinates": [
          135.69943099992616,
          34.62922500017774
        ]
      }
    },
    {
      "type": "Feature",
      "properties": {
        "P33_001": 213,
        "P33_002": "29342",
        "P33_003": "29",
        "P33_004": 2,
        "P33_005": "椿井公民館",
        "P33_006": "636-0911",
        "P33_007": "平群町椿井194",
        "P33_008": "‐",
        "P33_009": 19770000,
        "P33_010": "‐",
        "P33_011": "‐",
        "P33_012": -1,
        "P33_013": -1,
        "P33_014": 2,
        "P33_015": "‐",
        "P33_016": "‐",
        "P33_017": "‐",
        "P33_018": -1,
        "P33_019": -1,
        "P33_020": -1,
        "P33_021": -1,
        "P33_022": -1,
        "P33_023": -1,
        "P33_024": -1,
        "P33_041": 1
      },
      "geometry": {
        "type": "Point",
        "coordinates": [
          135.708500999816,
          34.6189440005351
        ]
      }
    },
    {
      "type": "Feature",
      "properties": {
        "P33_001": 219,
        "P33_002": "29344",
        "P33_003": "29",
        "P33_004": 2,
        "P33_005": "西公民館",
        "P33_006": "636-0154",
        "P33_007": "斑鳩町龍田西4-2-25",
        "P33_008": "0745-75-3911",
        "P33_009": 19900000,
        "P33_010": "‐",
        "P33_011": "‐",
        "P33_012": -1,
        "P33_013": -1,
        "P33_014": 2,
        "P33_015": "‐",
        "P33_016": "‐",
        "P33_017": "‐",
        "P33_018": -1,
        "P33_019": 431,
        "P33_020": -1,
        "P33_021": -1,
        "P33_022": -1,
        "P33_023": -1,
        "P33_024": -1,
        "P33_041": 1
      },
      "geometry": {
        "type": "Point",
        "coordinates": [
          135.716581666639,
          34.60597000033999
        ]
      }
    },
    {
      "type": "Feature",
      "properties": {
        "P33_001": 216,
        "P33_002": "29344",
        "P33_003": "29",
        "P33_004": 2,
        "P33_005": "中央公民館",
        "P33_006": "636-0153",
        "P33_007": "斑鳩町龍田南2-2-43",
        "P33_008": "0745-74-1511",
        "P33_009": 19620000,
        "P33_010": "‐",
        "P33_011": "‐",
        "P33_012": -1,
        "P33_013": -1,
        "P33_014": 1,
        "P33_015": "‐",
        "P33_016": "‐",
        "P33_017": "‐",
        "P33_018": -1,
        "P33_019": 3868,
        "P33_020": -1,
        "P33_021": -1,
        "P33_022": -1,
        "P33_023": -1,
        "P33_024": -1,
        "P33_041": 1
      },
      "geometry": {
        "type": "Point",
        "coordinates": [
          135.72798000679873,
          34.60673788876384
        ]
      }
    },
    {
      "type": "Feature",
      "properties": {
        "P33_001": 217,
        "P33_002": "29344",
        "P33_003": "29",
        "P33_004": 2,
        "P33_005": "東公民館",
        "P33_006": "636-0123",
        "P33_007": "斑鳩町興留5-5-28",
        "P33_008": "0745-74-4122",
        "P33_009": 19880000,
        "P33_010": "‐",
        "P33_011": "‐",
        "P33_012": -1,
        "P33_013": -1,
        "P33_014": 2,
        "P33_015": "‐",
        "P33_016": "‐",
        "P33_017": "‐",
        "P33_018": -1,
        "P33_019": 420,
        "P33_020": -1,
        "P33_021": -1,
        "P33_022": -1,
        "P33_023": -1,
        "P33_024": -1,
        "P33_041": 1
      },
      "geometry": {
        "type": "Point",
        "coordinates": [
          135.7380699997067,
          34.6048319996382
        ]
      }
    },
    {
      "type": "Feature",
      "properties": {
        "P33_001": 226,
        "P33_002": "29345",
        "P33_003": "29",
        "P33_004": 2,
        "P33_005": "中央公民館",
        "P33_006": "639-1061",
        "P33_007": "安堵町東安堵1469",
        "P33_008": "0743-57-2033",
        "P33_009": 19790000,
        "P33_010": "‐",
        "P33_011": "‐",
        "P33_012": -1,
        "P33_013": -1,
        "P33_014": 1,
        "P33_015": "‐",
        "P33_016": "‐",
        "P33_017": "‐",
        "P33_018": -1,
        "P33_019": 768,
        "P33_020": -1,
        "P33_021": -1,
        "P33_022": -1,
        "P33_023": -1,
        "P33_024": -1,
        "P33_041": 1
      },
      "geometry": {
        "type": "Point",
        "coordinates": [
          135.75627600000627,
          34.603465999628185
        ]
      }
    },
    {
      "type": "Feature",
      "properties": {
        "P33_001": 220,
        "P33_002": "29345",
        "P33_003": "29",
        "P33_004": 2,
        "P33_005": "岡崎公民館",
        "P33_006": "639-1062",
        "P33_007": "安堵町岡崎194-3",
        "P33_008": "0743-57-4224",
        "P33_009": 19790000,
        "P33_010": "‐",
        "P33_011": "‐",
        "P33_012": -1,
        "P33_013": -1,
        "P33_014": 2,
        "P33_015": "‐",
        "P33_016": "‐",
        "P33_017": "‐",
        "P33_018": -1,
        "P33_019": 162,
        "P33_020": -1,
        "P33_021": -1,
        "P33_022": -1,
        "P33_023": -1,
        "P33_024": -1,
        "P33_041": 1
      },
      "geometry": {
        "type": "Point",
        "coordinates": [
          135.76351944440725,
          34.60409305548998
        ]
      }
    },
    {
      "type": "Feature",
      "properties": {
        "P33_001": 221,
        "P33_002": "29345",
        "P33_003": "29",
        "P33_004": 2,
        "P33_005": "笠目公民館",
        "P33_006": "639-1065",
        "P33_007": "安堵町笠目534",
        "P33_008": "0743-57-3858",
        "P33_009": 19790000,
        "P33_010": "‐",
        "P33_011": "‐",
        "P33_012": -1,
        "P33_013": -1,
        "P33_014": 2,
        "P33_015": "‐",
        "P33_016": "‐",
        "P33_017": "‐",
        "P33_018": -1,
        "P33_019": 180,
        "P33_020": -1,
        "P33_021": -1,
        "P33_022": -1,
        "P33_023": -1,
        "P33_024": -1,
        "P33_041": 1
      },
      "geometry": {
        "type": "Point",
        "coordinates": [
          135.74337361825917,
          34.6007171301603
        ]
      }
    },
    {
      "type": "Feature",
      "properties": {
        "P33_001": 222,
        "P33_002": "29345",
        "P33_003": "29",
        "P33_004": 2,
        "P33_005": "窪田公民館",
        "P33_006": "639-1064",
        "P33_007": "安堵町窪田316",
        "P33_008": "0743-57-4212",
        "P33_009": 19800000,
        "P33_010": "‐",
        "P33_011": "‐",
        "P33_012": -1,
        "P33_013": -1,
        "P33_014": 2,
        "P33_015": "‐",
        "P33_016": "‐",
        "P33_017": "‐",
        "P33_018": -1,
        "P33_019": 199,
        "P33_020": -1,
        "P33_021": -1,
        "P33_022": -1,
        "P33_023": -1,
        "P33_024": -1,
        "P33_041": 1
      },
      "geometry": {
        "type": "Point",
        "coordinates": [
          135.76161555561504,
          34.59524027768279
        ]
      }
    },
    {
      "type": "Feature",
      "properties": {
        "P33_001": 223,
        "P33_002": "29345",
        "P33_003": "29",
        "P33_004": 2,
        "P33_005": "小泉苑公民館",
        "P33_006": "639-1061",
        "P33_007": "安堵町東安堵34-6",
        "P33_008": "0743-57-3913",
        "P33_009": 19870000,
        "P33_010": "‐",
        "P33_011": "‐",
        "P33_012": -1,
        "P33_013": -1,
        "P33_014": 2,
        "P33_015": "‐",
        "P33_016": "‐",
        "P33_017": "‐",
        "P33_018": -1,
        "P33_019": 121,
        "P33_020": -1,
        "P33_021": -1,
        "P33_022": -1,
        "P33_023": -1,
        "P33_024": -1,
        "P33_041": 1
      },
      "geometry": {
        "type": "Point",
        "coordinates": [
          135.7605512070946,
          34.615928785544995
        ]
      }
    },
    {
      "type": "Feature",
      "properties": {
        "P33_001": 224,
        "P33_002": "29345",
        "P33_003": "29",
        "P33_004": 2,
        "P33_005": "西安堵公民館",
        "P33_006": "639-1066",
        "P33_007": "安堵町西安堵742",
        "P33_008": "0743-57-2001",
        "P33_009": 19820000,
        "P33_010": "‐",
        "P33_011": "‐",
        "P33_012": -1,
        "P33_013": -1,
        "P33_014": 2,
        "P33_015": "‐",
        "P33_016": "‐",
        "P33_017": "‐",
        "P33_018": -1,
        "P33_019": 140,
        "P33_020": -1,
        "P33_021": -1,
        "P33_022": -1,
        "P33_023": -1,
        "P33_024": -1,
        "P33_041": 1
      },
      "geometry": {
        "type": "Point",
        "coordinates": [
          135.7513522219296,
          34.60436833316069
        ]
      }
    },
    {
      "type": "Feature",
      "properties": {
        "P33_001": 225,
        "P33_002": "29345",
        "P33_003": "29",
        "P33_004": 2,
        "P33_005": "東安堵公民館",
        "P33_006": "639-1061",
        "P33_007": "安堵町東安堵1330",
        "P33_008": "0743-57-5278",
        "P33_009": 19820000,
        "P33_010": "‐",
        "P33_011": "‐",
        "P33_012": -1,
        "P33_013": -1,
        "P33_014": 2,
        "P33_015": "‐",
        "P33_016": "‐",
        "P33_017": "‐",
        "P33_018": -1,
        "P33_019": 170,
        "P33_020": -1,
        "P33_021": -1,
        "P33_022": -1,
        "P33_023": -1,
        "P33_024": -1,
        "P33_041": 3
      },
      "geometry": {
        "type": "Point",
        "coordinates": [
          135.760138999795,
          34.61807899994433
        ]
      }
    },
    {
      "type": "Feature",
      "properties": {
        "P33_001": 228,
        "P33_002": "29361",
        "P33_003": "29",
        "P33_004": 2,
        "P33_005": "中央公民館",
        "P33_006": "636-0202",
        "P33_007": "川西町結崎32-1",
        "P33_008": "0745-44-2214",
        "P33_009": 19700000,
        "P33_010": "‐",
        "P33_011": "‐",
        "P33_012": -1,
        "P33_013": -1,
        "P33_014": 1,
        "P33_015": "‐",
        "P33_016": "‐",
        "P33_017": "‐",
        "P33_018": -1,
        "P33_019": -1,
        "P33_020": -1,
        "P33_021": -1,
        "P33_022": -1,
        "P33_023": -1,
        "P33_024": -1,
        "P33_041": 1
      },
      "geometry": {
        "type": "Point",
        "coordinates": [
          135.77489155408034,
          34.58439907895675
        ]
      }
    },
    {
      "type": "Feature",
      "properties": {
        "P33_001": 238,
        "P33_002": "29362",
        "P33_003": "29",
        "P33_004": 2,
        "P33_005": "中央公民館",
        "P33_006": "636-0213",
        "P33_007": "三宅町大字伴堂689",
        "P33_008": "0745-44-2210",
        "P33_009": 19660000,
        "P33_010": "‐",
        "P33_011": "‐",
        "P33_012": -1,
        "P33_013": -1,
        "P33_014": 1,
        "P33_015": "‐",
        "P33_016": "‐",
        "P33_017": "‐",
        "P33_018": -1,
        "P33_019": 801,
        "P33_020": -1,
        "P33_021": -1,
        "P33_022": -1,
        "P33_023": -1,
        "P33_024": -1,
        "P33_041": 1
      },
      "geometry": {
        "type": "Point",
        "coordinates": [
          135.7731619445074,
          34.57365750024648
        ]
      }
    },
    {
      "type": "Feature",
      "properties": {
        "P33_001": 229,
        "P33_002": "29362",
        "P33_003": "29",
        "P33_004": 2,
        "P33_005": "中央公民館三河分館",
        "P33_006": "636-0211",
        "P33_007": "三宅町大字三河615",
        "P33_008": "0745-43-0364",
        "P33_009": -1,
        "P33_010": "‐",
        "P33_011": "‐",
        "P33_012": -1,
        "P33_013": -1,
        "P33_014": 3,
        "P33_015": "‐",
        "P33_016": "‐",
        "P33_017": "‐",
        "P33_018": -1,
        "P33_019": 102,
        "P33_020": -1,
        "P33_021": -1,
        "P33_022": -1,
        "P33_023": -1,
        "P33_024": -1,
        "P33_041": 1
      },
      "geometry": {
        "type": "Point",
        "coordinates": [
          135.78417611132394,
          34.57528555549184
        ]
      }
    },
    {
      "type": "Feature",
      "properties": {
        "P33_001": 230,
        "P33_002": "29362",
        "P33_003": "29",
        "P33_004": 2,
        "P33_005": "中央公民館小柳分館",
        "P33_006": "636-0216",
        "P33_007": "三宅町大字小柳71-1",
        "P33_008": "0745-43-0950",
        "P33_009": -1,
        "P33_010": "‐",
        "P33_011": "‐",
        "P33_012": -1,
        "P33_013": -1,
        "P33_014": 3,
        "P33_015": "‐",
        "P33_016": "‐",
        "P33_017": "‐",
        "P33_018": -1,
        "P33_019": 144,
        "P33_020": -1,
        "P33_021": -1,
        "P33_022": -1,
        "P33_023": -1,
        "P33_024": -1,
        "P33_041": 1
      },
      "geometry": {
        "type": "Point",
        "coordinates": [
          135.75812944429168,
          34.57741083341438
        ]
      }
    },
    {
      "type": "Feature",
      "properties": {
        "P33_001": 231,
        "P33_002": "29362",
        "P33_003": "29",
        "P33_004": 2,
        "P33_005": "中央公民館石見分館",
        "P33_006": "636-0212",
        "P33_007": "三宅町大字石見650",
        "P33_008": "0745-44-0035",
        "P33_009": -1,
        "P33_010": "‐",
        "P33_011": "‐",
        "P33_012": -1,
        "P33_013": -1,
        "P33_014": 3,
        "P33_015": "‐",
        "P33_016": "‐",
        "P33_017": "‐",
        "P33_018": -1,
        "P33_019": 334,
        "P33_020": -1,
        "P33_021": -1,
        "P33_022": -1,
        "P33_023": -1,
        "P33_024": -1,
        "P33_041": 1
      },
      "geometry": {
        "type": "Point",
        "coordinates": [
          135.7877899999745,
          34.57255900027496
        ]
      }
    },
    {
      "type": "Feature",
      "properties": {
        "P33_001": 232,
        "P33_002": "29362",
        "P33_003": "29",
        "P33_004": 2,
        "P33_005": "中央公民館但馬分館",
        "P33_006": "636-0214",
        "P33_007": "三宅町大字但馬137-1",
        "P33_008": "‐",
        "P33_009": -1,
        "P33_010": "‐",
        "P33_011": "‐",
        "P33_012": -1,
        "P33_013": -1,
        "P33_014": 3,
        "P33_015": "‐",
        "P33_016": "‐",
        "P33_017": "‐",
        "P33_018": -1,
        "P33_019": 154,
        "P33_020": -1,
        "P33_021": -1,
        "P33_022": -1,
        "P33_023": -1,
        "P33_024": -1,
        "P33_041": 1
      },
      "geometry": {
        "type": "Point",
        "coordinates": [
          135.76928029083336,
          34.56877800016857
        ]
      }
    },
    {
      "type": "Feature",
      "properties": {
        "P33_001": 233,
        "P33_002": "29362",
        "P33_003": "29",
        "P33_004": 2,
        "P33_005": "中央公民館東屏風分館",
        "P33_006": "636-0217",
        "P33_007": "三宅町大字屏風430-38",
        "P33_008": "‐",
        "P33_009": -1,
        "P33_010": "‐",
        "P33_011": "‐",
        "P33_012": -1,
        "P33_013": -1,
        "P33_014": 3,
        "P33_015": "‐",
        "P33_016": "‐",
        "P33_017": "‐",
        "P33_018": -1,
        "P33_019": 128,
        "P33_020": -1,
        "P33_021": -1,
        "P33_022": -1,
        "P33_023": -1,
        "P33_024": -1,
        "P33_041": 2
      },
      "geometry": {
        "type": "Point",
        "coordinates": [
          135.77756900001197,
          34.57831399982599
        ]
      }
    },
    {
      "type": "Feature",
      "properties": {
        "P33_001": 234,
        "P33_002": "29362",
        "P33_003": "29",
        "P33_004": 2,
        "P33_005": "中央公民館伴堂東分館",
        "P33_006": "636-0213",
        "P33_007": "三宅町大字伴堂136-10",
        "P33_008": "‐",
        "P33_009": -1,
        "P33_010": "‐",
        "P33_011": "‐",
        "P33_012": -1,
        "P33_013": -1,
        "P33_014": 3,
        "P33_015": "‐",
        "P33_016": "‐",
        "P33_017": "‐",
        "P33_018": -1,
        "P33_019": 64,
        "P33_020": -1,
        "P33_021": -1,
        "P33_022": -1,
        "P33_023": -1,
        "P33_024": -1,
        "P33_041": 1
      },
      "geometry": {
        "type": "Point",
        "coordinates": [
          135.7818906466872,
          34.57318687212798
        ]
      }
    },
    {
      "type": "Feature",
      "properties": {
        "P33_001": 235,
        "P33_002": "29362",
        "P33_003": "29",
        "P33_004": 2,
        "P33_005": "中央公民館伴堂分館",
        "P33_006": "636-0213",
        "P33_007": "三宅町大字伴堂500-4",
        "P33_008": "‐",
        "P33_009": -1,
        "P33_010": "‐",
        "P33_011": "‐",
        "P33_012": -1,
        "P33_013": -1,
        "P33_014": 3,
        "P33_015": "‐",
        "P33_016": "‐",
        "P33_017": "‐",
        "P33_018": -1,
        "P33_019": 81,
        "P33_020": -1,
        "P33_021": -1,
        "P33_022": -1,
        "P33_023": -1,
        "P33_024": -1,
        "P33_041": 2
      },
      "geometry": {
        "type": "Point",
        "coordinates": [
          135.77507700041892,
          34.574955999436106
        ]
      }
    },
    {
      "type": "Feature",
      "properties": {
        "P33_001": 236,
        "P33_002": "29362",
        "P33_003": "29",
        "P33_004": 2,
        "P33_005": "中央公民館屏風分館",
        "P33_006": "636-0217",
        "P33_007": "三宅町大字屏風375",
        "P33_008": "0745-43-1777",
        "P33_009": -1,
        "P33_010": "‐",
        "P33_011": "‐",
        "P33_012": -1,
        "P33_013": -1,
        "P33_014": 3,
        "P33_015": "‐",
        "P33_016": "‐",
        "P33_017": "‐",
        "P33_018": -1,
        "P33_019": 84,
        "P33_020": -1,
        "P33_021": -1,
        "P33_022": -1,
        "P33_023": -1,
        "P33_024": -1,
        "P33_041": 1
      },
      "geometry": {
        "type": "Point",
        "coordinates": [
          135.77192700001893,
          34.578477000021614
        ]
      }
    },
    {
      "type": "Feature",
      "properties": {
        "P33_001": 245,
        "P33_002": "29363",
        "P33_003": "29",
        "P33_004": 2,
        "P33_005": "田原本町公民館",
        "P33_006": "636-0247",
        "P33_007": "田原本町阪手233-1",
        "P33_008": "0744-32-6191",
        "P33_009": 19710000,
        "P33_010": "‐",
        "P33_011": "‐",
        "P33_012": -1,
        "P33_013": -1,
        "P33_014": 1,
        "P33_015": "‐",
        "P33_016": "‐",
        "P33_017": "‐",
        "P33_018": -1,
        "P33_019": 1687,
        "P33_020": -1,
        "P33_021": -1,
        "P33_022": -1,
        "P33_023": -1,
        "P33_024": -1,
        "P33_041": 1
      },
      "geometry": {
        "type": "Point",
        "coordinates": [
          135.80223830012704,
          34.55742530007043
        ]
      }
    },
    {
      "type": "Feature",
      "properties": {
        "P33_001": 239,
        "P33_002": "29363",
        "P33_003": "29",
        "P33_004": 2,
        "P33_005": "田原本町公民館北分館",
        "P33_006": "636-0223",
        "P33_007": "田原本町大字鍵155",
        "P33_008": "0744-32-2517",
        "P33_009": 19610000,
        "P33_010": "‐",
        "P33_011": "‐",
        "P33_012": -1,
        "P33_013": -1,
        "P33_014": 3,
        "P33_015": "‐",
        "P33_016": "‐",
        "P33_017": "‐",
        "P33_018": -1,
        "P33_019": 464,
        "P33_020": -1,
        "P33_021": -1,
        "P33_022": -1,
        "P33_023": -1,
        "P33_024": -1,
        "P33_041": 1
      },
      "geometry": {
        "type": "Point",
        "coordinates": [
          135.80096046986267,
          34.566759368383764
        ]
      }
    },
    {
      "type": "Feature",
      "properties": {
        "P33_001": 240,
        "P33_002": "29363",
        "P33_003": "29",
        "P33_004": 2,
        "P33_005": "田原本町公民館田原本分館",
        "P33_006": "636-0312",
        "P33_007": "田原本町大字新町48",
        "P33_008": "0744-32-4801",
        "P33_009": 19610000,
        "P33_010": "‐",
        "P33_011": "‐",
        "P33_012": -1,
        "P33_013": -1,
        "P33_014": 3,
        "P33_015": "‐",
        "P33_016": "‐",
        "P33_017": "‐",
        "P33_018": -1,
        "P33_019": 1056,
        "P33_020": -1,
        "P33_021": -1,
        "P33_022": -1,
        "P33_023": -1,
        "P33_024": -1,
        "P33_041": 1
      },
      "geometry": {
        "type": "Point",
        "coordinates": [
          135.79146577651917,
          34.55808369060923
        ]
      }
    },
    {
      "type": "Feature",
      "properties": {
        "P33_001": 241,
        "P33_002": "29363",
        "P33_003": "29",
        "P33_004": 2,
        "P33_005": "田原本町公民館南分館",
        "P33_006": "636-0246",
        "P33_007": "田原本町大字千代306",
        "P33_008": "0744-32-2729",
        "P33_009": 19610000,
        "P33_010": "‐",
        "P33_011": "‐",
        "P33_012": -1,
        "P33_013": -1,
        "P33_014": 3,
        "P33_015": "‐",
        "P33_016": "‐",
        "P33_017": "‐",
        "P33_018": -1,
        "P33_019": 468,
        "P33_020": -1,
        "P33_021": -1,
        "P33_022": -1,
        "P33_023": -1,
        "P33_024": -1,
        "P33_041": 1
      },
      "geometry": {
        "type": "Point",
        "coordinates": [
          135.7963593558962,
          34.54159754137591
        ]
      }
    },
    {
      "type": "Feature",
      "properties": {
        "P33_001": 242,
        "P33_002": "29363",
        "P33_003": "29",
        "P33_004": 2,
        "P33_005": "田原本町公民館東分館",
        "P33_006": "636-0242",
        "P33_007": "田原本町大字大木1-1",
        "P33_008": "0744-32-2327",
        "P33_009": 19610000,
        "P33_010": "‐",
        "P33_011": "‐",
        "P33_012": -1,
        "P33_013": -1,
        "P33_014": 3,
        "P33_015": "‐",
        "P33_016": "‐",
        "P33_017": "‐",
        "P33_018": -1,
        "P33_019": 484,
        "P33_020": -1,
        "P33_021": -1,
        "P33_022": -1,
        "P33_023": -1,
        "P33_024": -1,
        "P33_041": 1
      },
      "geometry": {
        "type": "Point",
        "coordinates": [
          135.81466750000695,
          34.549152222231854
        ]
      }
    },
    {
      "type": "Feature",
      "properties": {
        "P33_001": 243,
        "P33_002": "29363",
        "P33_003": "29",
        "P33_004": 2,
        "P33_005": "田原本町公民館平野分館",
        "P33_006": "636-0305",
        "P33_007": "田原本町大字平野62-3",
        "P33_008": "0744-32-2501",
        "P33_009": 19610000,
        "P33_010": "‐",
        "P33_011": "‐",
        "P33_012": -1,
        "P33_013": -1,
        "P33_014": 3,
        "P33_015": "‐",
        "P33_016": "‐",
        "P33_017": "‐",
        "P33_018": -1,
        "P33_019": 558,
        "P33_020": -1,
        "P33_021": -1,
        "P33_022": -1,
        "P33_023": -1,
        "P33_024": -1,
        "P33_041": 1
      },
      "geometry": {
        "type": "Point",
        "coordinates": [
          135.77450714600593,
          34.55026239863091
        ]
      }
    },
    {
      "type": "Feature",
      "properties": {
        "P33_001": 249,
        "P33_002": "29385",
        "P33_003": "29",
        "P33_004": 2,
        "P33_005": "曽爾村公民館小長尾分館",
        "P33_006": "633-1213",
        "P33_007": "曽爾村大字小長尾249-2",
        "P33_008": "‐",
        "P33_009": 19780000,
        "P33_010": "‐",
        "P33_011": "‐",
        "P33_012": -1,
        "P33_013": -1,
        "P33_014": 3,
        "P33_015": "‐",
        "P33_016": "‐",
        "P33_017": "‐",
        "P33_018": -1,
        "P33_019": 201,
        "P33_020": -1,
        "P33_021": -1,
        "P33_022": -1,
        "P33_023": -1,
        "P33_024": -1,
        "P33_041": 1
      },
      "geometry": {
        "type": "Point",
        "coordinates": [
          136.11602300003972,
          34.50987499986502
        ]
      }
    },
    {
      "type": "Feature",
      "properties": {
        "P33_001": 246,
        "P33_002": "29385",
        "P33_003": "29",
        "P33_004": 2,
        "P33_005": "曽爾村公民館太良路分館",
        "P33_006": "633-1202",
        "P33_007": "曽爾村大字太良路663",
        "P33_008": "0745-94-2859",
        "P33_009": 19790000,
        "P33_010": "‐",
        "P33_011": "‐",
        "P33_012": -1,
        "P33_013": -1,
        "P33_014": 3,
        "P33_015": "‐",
        "P33_016": "‐",
        "P33_017": "‐",
        "P33_018": -1,
        "P33_019": 178,
        "P33_020": -1,
        "P33_021": -1,
        "P33_022": -1,
        "P33_023": -1,
        "P33_024": -1,
        "P33_041": 3
      },
      "geometry": {
        "type": "Point",
        "coordinates": [
          136.14124,
          34.5236620005932
        ]
      }
    },
    {
      "type": "Feature",
      "properties": {
        "P33_001": 247,
        "P33_002": "29385",
        "P33_003": "29",
        "P33_004": 2,
        "P33_005": "曽爾村公民館長野分館",
        "P33_006": "633-1214",
        "P33_007": "曽爾村大字長野1285-3",
        "P33_008": "0745-96-2245",
        "P33_009": 19780000,
        "P33_010": "‐",
        "P33_011": "‐",
        "P33_012": -1,
        "P33_013": -1,
        "P33_014": 3,
        "P33_015": "‐",
        "P33_016": "‐",
        "P33_017": "‐",
        "P33_018": -1,
        "P33_019": 236,
        "P33_020": -1,
        "P33_021": -1,
        "P33_022": -1,
        "P33_023": -1,
        "P33_024": -1,
        "P33_041": 3
      },
      "geometry": {
        "type": "Point",
        "coordinates": [
          136.11637000036546,
          34.504669999890936
        ]
      }
    },
    {
      "type": "Feature",
      "properties": {
        "P33_001": 248,
        "P33_002": "29385",
        "P33_003": "29",
        "P33_004": 2,
        "P33_005": "中央公民館",
        "P33_006": "633-1212",
        "P33_007": "曽爾村大字今井字前田513-2",
        "P33_008": "0745-94-2101",
        "P33_009": 19700000,
        "P33_010": "‐",
        "P33_011": "‐",
        "P33_012": -1,
        "P33_013": -1,
        "P33_014": 1,
        "P33_015": "‐",
        "P33_016": "‐",
        "P33_017": "‐",
        "P33_018": -1,
        "P33_019": 234,
        "P33_020": -1,
        "P33_021": -1,
        "P33_022": -1,
        "P33_023": -1,
        "P33_024": -1,
        "P33_041": 3
      },
      "geometry": {
        "type": "Point",
        "coordinates": [
          136.12439700019905,
          34.51094999959641
        ]
      }
    },
    {
      "type": "Feature",
      "properties": {
        "P33_001": 261,
        "P33_002": "29401",
        "P33_003": "29",
        "P33_004": 2,
        "P33_005": "中央公民館",
        "P33_006": "635-0154",
        "P33_007": "高取町観覚寺1023",
        "P33_008": "0744-52-3715",
        "P33_009": 19950000,
        "P33_010": "‐",
        "P33_011": "‐",
        "P33_012": -1,
        "P33_013": -1,
        "P33_014": 1,
        "P33_015": "‐",
        "P33_016": "‐",
        "P33_017": "‐",
        "P33_018": -1,
        "P33_019": 3398,
        "P33_020": -1,
        "P33_021": -1,
        "P33_022": -1,
        "P33_023": -1,
        "P33_024": -1,
        "P33_041": 1
      },
      "geometry": {
        "type": "Point",
        "coordinates": [
          135.79055499967626,
          34.45036300067191
        ]
      }
    },
    {
      "type": "Feature",
      "properties": {
        "P33_001": 250,
        "P33_002": "29401",
        "P33_003": "29",
        "P33_004": 2,
        "P33_005": "中央公民館越智分館",
        "P33_006": "635-0144",
        "P33_007": "高取町越智271-3",
        "P33_008": "0744-52-2298",
        "P33_009": 19890000,
        "P33_010": "‐",
        "P33_011": "‐",
        "P33_012": -1,
        "P33_013": -1,
        "P33_014": 3,
        "P33_015": "‐",
        "P33_016": "‐",
        "P33_017": "‐",
        "P33_018": -1,
        "P33_019": 193,
        "P33_020": -1,
        "P33_021": -1,
        "P33_022": -1,
        "P33_023": -1,
        "P33_024": -1,
        "P33_041": 1
      },
      "geometry": {
        "type": "Point",
        "coordinates": [
          135.76755599990227,
          34.46460600001654
        ]
      }
    },
    {
      "type": "Feature",
      "properties": {
        "P33_001": 251,
        "P33_002": "29401",
        "P33_003": "29",
        "P33_004": 2,
        "P33_005": "中央公民館下子島分館",
        "P33_006": "635-0151",
        "P33_007": "高取町下子島427",
        "P33_008": "0744-52-3525",
        "P33_009": 19810000,
        "P33_010": "‐",
        "P33_011": "‐",
        "P33_012": -1,
        "P33_013": -1,
        "P33_014": 3,
        "P33_015": "‐",
        "P33_016": "‐",
        "P33_017": "‐",
        "P33_018": -1,
        "P33_019": 112,
        "P33_020": -1,
        "P33_021": -1,
        "P33_022": -1,
        "P33_023": -1,
        "P33_024": -1,
        "P33_041": 1
      },
      "geometry": {
        "type": "Point",
        "coordinates": [
          135.80035500006204,
          34.44288699963933
        ]
      }
    },
    {
      "type": "Feature",
      "properties": {
        "P33_001": 252,
        "P33_002": "29401",
        "P33_003": "29",
        "P33_004": 2,
        "P33_005": "中央公民館下土佐分館",
        "P33_006": "635-0153",
        "P33_007": "高取町下土佐386-3",
        "P33_008": "0744-52-4357",
        "P33_009": 19730000,
        "P33_010": "‐",
        "P33_011": "‐",
        "P33_012": -1,
        "P33_013": -1,
        "P33_014": 3,
        "P33_015": "‐",
        "P33_016": "‐",
        "P33_017": "‐",
        "P33_018": -1,
        "P33_019": 174,
        "P33_020": -1,
        "P33_021": -1,
        "P33_022": -1,
        "P33_023": -1,
        "P33_024": -1,
        "P33_041": 1
      },
      "geometry": {
        "type": "Point",
        "coordinates": [
          135.79702400017555,
          34.44575999956485
        ]
      }
    },
    {
      "type": "Feature",
      "properties": {
        "P33_001": 253,
        "P33_002": "29401",
        "P33_003": "29",
        "P33_004": 2,
        "P33_005": "中央公民館観覚寺分館",
        "P33_006": "635-0154",
        "P33_007": "高取町観覚寺12-1",
        "P33_008": "0744-52-3751",
        "P33_009": 19880000,
        "P33_010": "‐",
        "P33_011": "‐",
        "P33_012": -1,
        "P33_013": -1,
        "P33_014": 3,
        "P33_015": "‐",
        "P33_016": "‐",
        "P33_017": "‐",
        "P33_018": -1,
        "P33_019": 299,
        "P33_020": -1,
        "P33_021": -1,
        "P33_022": -1,
        "P33_023": -1,
        "P33_024": -1,
        "P33_041": 1
      },
      "geometry": {
        "type": "Point",
        "coordinates": [
          135.79779777803958,
          34.45080944459152
        ]
      }
    },
    {
      "type": "Feature",
      "properties": {
        "P33_001": 254,
        "P33_002": "29401",
        "P33_003": "29",
        "P33_004": 2,
        "P33_005": "中央公民館吉備分館",
        "P33_006": "635-0133",
        "P33_007": "高取町吉備315",
        "P33_008": "0744-52-4626",
        "P33_009": 19840000,
        "P33_010": "‐",
        "P33_011": "‐",
        "P33_012": -1,
        "P33_013": -1,
        "P33_014": 3,
        "P33_015": "‐",
        "P33_016": "‐",
        "P33_017": "‐",
        "P33_018": -1,
        "P33_019": 87,
        "P33_020": -1,
        "P33_021": -1,
        "P33_022": -1,
        "P33_023": -1,
        "P33_024": -1,
        "P33_041": 1
      },
      "geometry": {
        "type": "Point",
        "coordinates": [
          135.79009098584933,
          34.445140946251016
        ]
      }
    },
    {
      "type": "Feature",
      "properties": {
        "P33_001": 255,
        "P33_002": "29401",
        "P33_003": "29",
        "P33_004": 2,
        "P33_005": "中央公民館薩摩分館",
        "P33_006": "635-0134",
        "P33_007": "高取町薩摩594",
        "P33_008": "0744-52-4416",
        "P33_009": 19790000,
        "P33_010": "‐",
        "P33_011": "‐",
        "P33_012": -1,
        "P33_013": -1,
        "P33_014": 3,
        "P33_015": "‐",
        "P33_016": "‐",
        "P33_017": "‐",
        "P33_018": -1,
        "P33_019": 107,
        "P33_020": -1,
        "P33_021": -1,
        "P33_022": -1,
        "P33_023": -1,
        "P33_024": -1,
        "P33_041": 1
      },
      "geometry": {
        "type": "Point",
        "coordinates": [
          135.783140000097,
          34.449699000289414
        ]
      }
    },
    {
      "type": "Feature",
      "properties": {
        "P33_001": 256,
        "P33_002": "29401",
        "P33_003": "29",
        "P33_004": 2,
        "P33_005": "中央公民館市尾分館",
        "P33_006": "635-0123",
        "P33_007": "高取町市尾751",
        "P33_008": "0744-52-4535",
        "P33_009": 19600000,
        "P33_010": "‐",
        "P33_011": "‐",
        "P33_012": -1,
        "P33_013": -1,
        "P33_014": 3,
        "P33_015": "‐",
        "P33_016": "‐",
        "P33_017": "‐",
        "P33_018": -1,
        "P33_019": 138,
        "P33_020": -1,
        "P33_021": -1,
        "P33_022": -1,
        "P33_023": -1,
        "P33_024": -1,
        "P33_041": 1
      },
      "geometry": {
        "type": "Point",
        "coordinates": [
          135.77344699994669,
          34.4416270001898
        ]
      }
    },
    {
      "type": "Feature",
      "properties": {
        "P33_001": 257,
        "P33_002": "29401",
        "P33_003": "29",
        "P33_004": 2,
        "P33_005": "中央公民館車木分館",
        "P33_006": "635-0143",
        "P33_007": "高取町車木259-2",
        "P33_008": "0745-65-0501",
        "P33_009": 19850000,
        "P33_010": "‐",
        "P33_011": "‐",
        "P33_012": -1,
        "P33_013": -1,
        "P33_014": 3,
        "P33_015": "‐",
        "P33_016": "‐",
        "P33_017": "‐",
        "P33_018": -1,
        "P33_019": 180,
        "P33_020": -1,
        "P33_021": -1,
        "P33_022": -1,
        "P33_023": -1,
        "P33_024": -1,
        "P33_041": 1
      },
      "geometry": {
        "type": "Point",
        "coordinates": [
          135.7665570003536,
          34.456398999811405
        ]
      }
    },
    {
      "type": "Feature",
      "properties": {
        "P33_001": 258,
        "P33_002": "29401",
        "P33_003": "29",
        "P33_004": 2,
        "P33_005": "中央公民館上土佐分館",
        "P33_006": "635-0152",
        "P33_007": "高取町上土佐33-2",
        "P33_008": "0744-52-4661",
        "P33_009": 19680000,
        "P33_010": "‐",
        "P33_011": "‐",
        "P33_012": -1,
        "P33_013": -1,
        "P33_014": 3,
        "P33_015": "‐",
        "P33_016": "‐",
        "P33_017": "‐",
        "P33_018": -1,
        "P33_019": 154,
        "P33_020": -1,
        "P33_021": -1,
        "P33_022": -1,
        "P33_023": -1,
        "P33_024": -1,
        "P33_041": 1
      },
      "geometry": {
        "type": "Point",
        "coordinates": [
          135.80100700025093,
          34.4455920005594
        ]
      }
    },
    {
      "type": "Feature",
      "properties": {
        "P33_001": 259,
        "P33_002": "29401",
        "P33_003": "29",
        "P33_004": 2,
        "P33_005": "中央公民館清水谷分館",
        "P33_006": "635-0103",
        "P33_007": "高取町清水谷298-1",
        "P33_008": "0744-52-3637",
        "P33_009": 19690000,
        "P33_010": "‐",
        "P33_011": "‐",
        "P33_012": -1,
        "P33_013": -1,
        "P33_014": 3,
        "P33_015": "‐",
        "P33_016": "‐",
        "P33_017": "‐",
        "P33_018": -1,
        "P33_019": 166,
        "P33_020": -1,
        "P33_021": -1,
        "P33_022": -1,
        "P33_023": -1,
        "P33_024": -1,
        "P33_041": 1
      },
      "geometry": {
        "type": "Point",
        "coordinates": [
          135.7999805555058,
          34.43875305607876
        ]
      }
    },
    {
      "type": "Feature",
      "properties": {
        "P33_001": 267,
        "P33_002": "29425",
        "P33_003": "29",
        "P33_004": 2,
        "P33_005": "泉の広場公民館",
        "P33_006": "636-0012",
        "P33_007": "王寺町本町4-645-1",
        "P33_008": "0745-73-1162",
        "P33_009": 19790000,
        "P33_010": "‐",
        "P33_011": "‐",
        "P33_012": -1,
        "P33_013": -1,
        "P33_014": 2,
        "P33_015": "‐",
        "P33_016": "‐",
        "P33_017": "‐",
        "P33_018": -1,
        "P33_019": 1071,
        "P33_020": -1,
        "P33_021": -1,
        "P33_022": -1,
        "P33_023": -1,
        "P33_024": -1,
        "P33_041": 1
      },
      "geometry": {
        "type": "Point",
        "coordinates": [
          135.70189099976477,
          34.58171899992849
        ]
      }
    },
    {
      "type": "Feature",
      "properties": {
        "P33_001": 263,
        "P33_002": "29425",
        "P33_003": "29",
        "P33_004": 2,
        "P33_005": "中央公民館",
        "P33_006": "636-0003",
        "P33_007": "王寺町久度2-17-21",
        "P33_008": "0745-32-0261",
        "P33_009": 19570000,
        "P33_010": "‐",
        "P33_011": "‐",
        "P33_012": -1,
        "P33_013": -1,
        "P33_014": 1,
        "P33_015": "‐",
        "P33_016": "‐",
        "P33_017": "‐",
        "P33_018": -1,
        "P33_019": 1560,
        "P33_020": -1,
        "P33_021": -1,
        "P33_022": -1,
        "P33_023": -1,
        "P33_024": -1,
        "P33_041": 1
      },
      "geometry": {
        "type": "Point",
        "coordinates": [
          135.70415999989174,
          34.599479999958625
        ]
      }
    },
    {
      "type": "Feature",
      "properties": {
        "P33_001": 264,
        "P33_002": "29425",
        "P33_003": "29",
        "P33_004": 2,
        "P33_005": "王寺南公民館",
        "P33_006": "636-0021",
        "P33_007": "王寺町畠田9-1608",
        "P33_008": "0745-32-5201",
        "P33_009": 19820000,
        "P33_010": "‐",
        "P33_011": "‐",
        "P33_012": -1,
        "P33_013": -1,
        "P33_014": 2,
        "P33_015": "‐",
        "P33_016": "‐",
        "P33_017": "‐",
        "P33_018": -1,
        "P33_019": 3670,
        "P33_020": -1,
        "P33_021": -1,
        "P33_022": -1,
        "P33_023": -1,
        "P33_024": -1,
        "P33_041": 1
      },
      "geometry": {
        "type": "Point",
        "coordinates": [
          135.6960109997265,
          34.57307799986179
        ]
      }
    },
    {
      "type": "Feature",
      "properties": {
        "P33_001": 289,
        "P33_002": "29426",
        "P33_003": "29",
        "P33_004": 2,
        "P33_005": "みささぎ台公民館",
        "P33_006": "635-0835",
        "P33_007": "広陵町みささぎ台17-5",
        "P33_008": "‐",
        "P33_009": 19880000,
        "P33_010": "‐",
        "P33_011": "‐",
        "P33_012": -1,
        "P33_013": -1,
        "P33_014": 3,
        "P33_015": "‐",
        "P33_016": "‐",
        "P33_017": "‐",
        "P33_018": -1,
        "P33_019": 351,
        "P33_020": -1,
        "P33_021": -1,
        "P33_022": -1,
        "P33_023": -1,
        "P33_024": -1,
        "P33_041": 1
      },
      "geometry": {
        "type": "Point",
        "coordinates": [
          135.73233600005742,
          34.53137199996637
        ]
      }
    },
    {
      "type": "Feature",
      "properties": {
        "P33_001": 268,
        "P33_002": "29426",
        "P33_003": "29",
        "P33_004": 2,
        "P33_005": "安部公民館",
        "P33_006": "635-0825",
        "P33_007": "広陵町大字安部786-1",
        "P33_008": "0745-55-3318",
        "P33_009": -1,
        "P33_010": "‐",
        "P33_011": "‐",
        "P33_012": -1,
        "P33_013": -1,
        "P33_014": 3,
        "P33_015": "‐",
        "P33_016": "‐",
        "P33_017": "‐",
        "P33_018": -1,
        "P33_019": 531,
        "P33_020": -1,
        "P33_021": -1,
        "P33_022": -1,
        "P33_023": -1,
        "P33_024": -1,
        "P33_041": 1
      },
      "geometry": {
        "type": "Point",
        "coordinates": [
          135.7363882463186,
          34.53718248845572
        ]
      }
    },
    {
      "type": "Feature",
      "properties": {
        "P33_001": 269,
        "P33_002": "29426",
        "P33_003": "29",
        "P33_004": 2,
        "P33_005": "笠公民館",
        "P33_006": "635-0821",
        "P33_007": "広陵町大字笠53",
        "P33_008": "‐",
        "P33_009": 19770000,
        "P33_010": "‐",
        "P33_011": "‐",
        "P33_012": -1,
        "P33_013": -1,
        "P33_014": 3,
        "P33_015": "‐",
        "P33_016": "‐",
        "P33_017": "‐",
        "P33_018": -1,
        "P33_019": 300,
        "P33_020": -1,
        "P33_021": -1,
        "P33_022": -1,
        "P33_023": -1,
        "P33_024": -1,
        "P33_041": 1
      },
      "geometry": {
        "type": "Point",
        "coordinates": [
          135.7432440002723,
          34.5492920000696
        ]
      }
    },
    {
      "type": "Feature",
      "properties": {
        "P33_001": 270,
        "P33_002": "29426",
        "P33_003": "29",
        "P33_004": 2,
        "P33_005": "萱野公民館",
        "P33_006": "635-0805",
        "P33_007": "広陵町大字萱野589-3",
        "P33_008": "‐",
        "P33_009": -1,
        "P33_010": "‐",
        "P33_011": "‐",
        "P33_012": -1,
        "P33_013": -1,
        "P33_014": 3,
        "P33_015": "‐",
        "P33_016": "‐",
        "P33_017": "‐",
        "P33_018": -1,
        "P33_019": 411,
        "P33_020": -1,
        "P33_021": -1,
        "P33_022": -1,
        "P33_023": -1,
        "P33_024": -1,
        "P33_041": 1
      },
      "geometry": {
        "type": "Point",
        "coordinates": [
          135.7479900003791,
          34.56785500048774
        ]
      }
    },
    {
      "type": "Feature",
      "properties": {
        "P33_001": 271,
        "P33_002": "29426",
        "P33_003": "29",
        "P33_004": 2,
        "P33_005": "広陵中央公民館",
        "P33_006": "635-0821",
        "P33_007": "広陵町大字笠382-1",
        "P33_008": "0745-55-1181",
        "P33_009": 19730000,
        "P33_010": "‐",
        "P33_011": "‐",
        "P33_012": -1,
        "P33_013": -1,
        "P33_014": 1,
        "P33_015": "‐",
        "P33_016": "‐",
        "P33_017": "‐",
        "P33_018": -1,
        "P33_019": 1890,
        "P33_020": -1,
        "P33_021": -1,
        "P33_022": -1,
        "P33_023": -1,
        "P33_024": -1,
        "P33_041": 1
      },
      "geometry": {
        "type": "Point",
        "coordinates": [
          135.74828600028115,
          34.54866600046737
        ]
      }
    },
    {
      "type": "Feature",
      "properties": {
        "P33_001": 272,
        "P33_002": "29426",
        "P33_003": "29",
        "P33_004": 2,
        "P33_005": "寺戸公民館",
        "P33_006": "635-0817",
        "P33_007": "広陵町大字寺戸324",
        "P33_008": "0745-56-6327",
        "P33_009": 19840000,
        "P33_010": "‐",
        "P33_011": "‐",
        "P33_012": -1,
        "P33_013": -1,
        "P33_014": 3,
        "P33_015": "‐",
        "P33_016": "‐",
        "P33_017": "‐",
        "P33_018": -1,
        "P33_019": 175,
        "P33_020": -1,
        "P33_021": -1,
        "P33_022": -1,
        "P33_023": -1,
        "P33_024": -1,
        "P33_041": 1
      },
      "geometry": {
        "type": "Point",
        "coordinates": [
          135.74604740315692,
          34.56175411507735
        ]
      }
    },
    {
      "type": "Feature",
      "properties": {
        "P33_001": 273,
        "P33_002": "29426",
        "P33_003": "29",
        "P33_004": 2,
        "P33_005": "斉音寺公民館",
        "P33_006": "635-0823",
        "P33_007": "広陵町大字三吉316-1",
        "P33_008": "‐",
        "P33_009": 19830000,
        "P33_010": "‐",
        "P33_011": "‐",
        "P33_012": -1,
        "P33_013": -1,
        "P33_014": 3,
        "P33_015": "‐",
        "P33_016": "‐",
        "P33_017": "‐",
        "P33_018": -1,
        "P33_019": 300,
        "P33_020": -1,
        "P33_021": -1,
        "P33_022": -1,
        "P33_023": -1,
        "P33_024": -1,
        "P33_041": 1
      },
      "geometry": {
        "type": "Point",
        "coordinates": [
          135.74589800013158,
          34.55227200001052
        ]
      }
    },
    {
      "type": "Feature",
      "properties": {
        "P33_001": 274,
        "P33_002": "29426",
        "P33_003": "29",
        "P33_004": 2,
        "P33_005": "赤部公民館",
        "P33_006": "635-0823",
        "P33_007": "広陵町大字三吉482-1",
        "P33_008": "‐",
        "P33_009": 19830000,
        "P33_010": "‐",
        "P33_011": "‐",
        "P33_012": -1,
        "P33_013": -1,
        "P33_014": 3,
        "P33_015": "‐",
        "P33_016": "‐",
        "P33_017": "‐",
        "P33_018": -1,
        "P33_019": 299,
        "P33_020": -1,
        "P33_021": -1,
        "P33_022": -1,
        "P33_023": -1,
        "P33_024": -1,
        "P33_041": 1
      },
      "geometry": {
        "type": "Point",
        "coordinates": [
          135.73851500030676,
          34.54938200013994
        ]
      }
    },
    {
      "type": "Feature",
      "properties": {
        "P33_001": 275,
        "P33_002": "29426",
        "P33_003": "29",
        "P33_004": 2,
        "P33_005": "大垣内公民館",
        "P33_006": "635-0823",
        "P33_007": "広陵町大字三吉647-1",
        "P33_008": "‐",
        "P33_009": 19830000,
        "P33_010": "‐",
        "P33_011": "‐",
        "P33_012": -1,
        "P33_013": -1,
        "P33_014": 3,
        "P33_015": "‐",
        "P33_016": "‐",
        "P33_017": "‐",
        "P33_018": -1,
        "P33_019": 299,
        "P33_020": -1,
        "P33_021": -1,
        "P33_022": -1,
        "P33_023": -1,
        "P33_024": -1,
        "P33_041": 1
      },
      "geometry": {
        "type": "Point",
        "coordinates": [
          135.73630800012663,
          34.5470260001238
        ]
      }
    },
    {
      "type": "Feature",
      "properties": {
        "P33_001": 276,
        "P33_002": "29426",
        "P33_003": "29",
        "P33_004": 2,
        "P33_005": "大場公民館",
        "P33_006": "635-0801",
        "P33_007": "広陵町大字大場64-2",
        "P33_008": "‐",
        "P33_009": 19880000,
        "P33_010": "‐",
        "P33_011": "‐",
        "P33_012": -1,
        "P33_013": -1,
        "P33_014": 3,
        "P33_015": "‐",
        "P33_016": "‐",
        "P33_017": "‐",
        "P33_018": -1,
        "P33_019": 103,
        "P33_020": -1,
        "P33_021": -1,
        "P33_022": -1,
        "P33_023": -1,
        "P33_024": -1,
        "P33_041": 1
      },
      "geometry": {
        "type": "Point",
        "coordinates": [
          135.76085399971177,
          34.572366999766665
        ]
      }
    },
    {
      "type": "Feature",
      "properties": {
        "P33_001": 277,
        "P33_002": "29426",
        "P33_003": "29",
        "P33_004": 2,
        "P33_005": "大塚公民館",
        "P33_006": "635-0834",
        "P33_007": "広陵町大字大塚671",
        "P33_008": "‐",
        "P33_009": 19730000,
        "P33_010": "‐",
        "P33_011": "‐",
        "P33_012": -1,
        "P33_013": -1,
        "P33_014": 3,
        "P33_015": "‐",
        "P33_016": "‐",
        "P33_017": "‐",
        "P33_018": -1,
        "P33_019": 259,
        "P33_020": -1,
        "P33_021": -1,
        "P33_022": -1,
        "P33_023": -1,
        "P33_024": -1,
        "P33_041": 1
      },
      "geometry": {
        "type": "Point",
        "coordinates": [
          135.73514700031177,
          34.534788000213936
        ]
      }
    },
    {
      "type": "Feature",
      "properties": {
        "P33_001": 278,
        "P33_002": "29426",
        "P33_003": "29",
        "P33_004": 2,
        "P33_005": "大野公民館",
        "P33_006": "635-0803",
        "P33_007": "広陵町大字大野548",
        "P33_008": "0745-57-2170",
        "P33_009": 19820000,
        "P33_010": "‐",
        "P33_011": "‐",
        "P33_012": -1,
        "P33_013": -1,
        "P33_014": 3,
        "P33_015": "‐",
        "P33_016": "‐",
        "P33_017": "‐",
        "P33_018": -1,
        "P33_019": 290,
        "P33_020": -1,
        "P33_021": -1,
        "P33_022": -1,
        "P33_023": -1,
        "P33_024": -1,
        "P33_041": 1
      },
      "geometry": {
        "type": "Point",
        "coordinates": [
          135.74719000023921,
          34.567865000410265
        ]
      }
    },
    {
      "type": "Feature",
      "properties": {
        "P33_001": 279,
        "P33_002": "29426",
        "P33_003": "29",
        "P33_004": 2,
        "P33_005": "沢公民館",
        "P33_006": "635-0804",
        "P33_007": "広陵町大字沢538-1",
        "P33_008": "‐",
        "P33_009": 19820000,
        "P33_010": "‐",
        "P33_011": "‐",
        "P33_012": -1,
        "P33_013": -1,
        "P33_014": 3,
        "P33_015": "‐",
        "P33_016": "‐",
        "P33_017": "‐",
        "P33_018": -1,
        "P33_019": 287,
        "P33_020": -1,
        "P33_021": -1,
        "P33_022": -1,
        "P33_023": -1,
        "P33_024": -1,
        "P33_041": 1
      },
      "geometry": {
        "type": "Point",
        "coordinates": [
          135.7434549999512,
          34.57456199926463
        ]
      }
    },
    {
      "type": "Feature",
      "properties": {
        "P33_001": 280,
        "P33_002": "29426",
        "P33_003": "29",
        "P33_004": 2,
        "P33_005": "中公民館",
        "P33_006": "635-0816",
        "P33_007": "広陵町大字中174-2",
        "P33_008": "0745-57-0410",
        "P33_009": 19860000,
        "P33_010": "‐",
        "P33_011": "‐",
        "P33_012": -1,
        "P33_013": -1,
        "P33_014": 3,
        "P33_015": "‐",
        "P33_016": "‐",
        "P33_017": "‐",
        "P33_018": -1,
        "P33_019": 178,
        "P33_020": -1,
        "P33_021": -1,
        "P33_022": -1,
        "P33_023": -1,
        "P33_024": -1,
        "P33_041": 1
      },
      "geometry": {
        "type": "Point",
        "coordinates": [
          135.74989599982015,
          34.55883499974954
        ]
      }
    },
    {
      "type": "Feature",
      "properties": {
        "P33_001": 281,
        "P33_002": "29426",
        "P33_003": "29",
        "P33_004": 2,
        "P33_005": "的場公民館",
        "P33_006": "635-0802",
        "P33_007": "広陵町大字的場25-2",
        "P33_008": "0745-57-0700",
        "P33_009": 19820000,
        "P33_010": "‐",
        "P33_011": "‐",
        "P33_012": -1,
        "P33_013": -1,
        "P33_014": 3,
        "P33_015": "‐",
        "P33_016": "‐",
        "P33_017": "‐",
        "P33_018": -1,
        "P33_019": 264,
        "P33_020": -1,
        "P33_021": -1,
        "P33_022": -1,
        "P33_023": -1,
        "P33_024": -1,
        "P33_041": 1
      },
      "geometry": {
        "type": "Point",
        "coordinates": [
          135.7529309998046,
          34.567715000037154
        ]
      }
    },
    {
      "type": "Feature",
      "properties": {
        "P33_001": 282,
        "P33_002": "29426",
        "P33_003": "29",
        "P33_004": 2,
        "P33_005": "南郷公民館",
        "P33_006": "635-0814",
        "P33_007": "広陵町大字南郷922",
        "P33_008": "‐",
        "P33_009": 19780000,
        "P33_010": "‐",
        "P33_011": "‐",
        "P33_012": -1,
        "P33_013": -1,
        "P33_014": 3,
        "P33_015": "‐",
        "P33_016": "‐",
        "P33_017": "‐",
        "P33_018": -1,
        "P33_019": 230,
        "P33_020": -1,
        "P33_021": -1,
        "P33_022": -1,
        "P33_023": -1,
        "P33_024": -1,
        "P33_041": 1
      },
      "geometry": {
        "type": "Point",
        "coordinates": [
          135.75190499988958,
          34.537085000149844
        ]
      }
    },
    {
      "type": "Feature",
      "properties": {
        "P33_001": 283,
        "P33_002": "29426",
        "P33_003": "29",
        "P33_004": 2,
        "P33_005": "南公民館",
        "P33_006": "635-0818",
        "P33_007": "広陵町大字南67-1",
        "P33_008": "‐",
        "P33_009": 19770000,
        "P33_010": "‐",
        "P33_011": "‐",
        "P33_012": -1,
        "P33_013": -1,
        "P33_014": 3,
        "P33_015": "‐",
        "P33_016": "‐",
        "P33_017": "‐",
        "P33_018": -1,
        "P33_019": 399,
        "P33_020": -1,
        "P33_021": -1,
        "P33_022": -1,
        "P33_023": -1,
        "P33_024": -1,
        "P33_041": 1
      },
      "geometry": {
        "type": "Point",
        "coordinates": [
          135.74895199981927,
          34.561805999990476
        ]
      }
    },
    {
      "type": "Feature",
      "properties": {
        "P33_001": 284,
        "P33_002": "29426",
        "P33_003": "29",
        "P33_004": 2,
        "P33_005": "疋相公民館",
        "P33_006": "635-0822",
        "P33_007": "広陵町大字疋相109-6",
        "P33_008": "0745-55-5990",
        "P33_009": 19810000,
        "P33_010": "‐",
        "P33_011": "‐",
        "P33_012": -1,
        "P33_013": -1,
        "P33_014": 3,
        "P33_015": "‐",
        "P33_016": "‐",
        "P33_017": "‐",
        "P33_018": -1,
        "P33_019": 329,
        "P33_020": -1,
        "P33_021": -1,
        "P33_022": -1,
        "P33_023": -1,
        "P33_024": -1,
        "P33_041": 1
      },
      "geometry": {
        "type": "Point",
        "coordinates": [
          135.73890300034805,
          34.543192999959714
        ]
      }
    },
    {
      "type": "Feature",
      "properties": {
        "P33_001": 285,
        "P33_002": "29426",
        "P33_003": "29",
        "P33_004": 2,
        "P33_005": "百済神主公民館",
        "P33_006": "635-0813",
        "P33_007": "広陵町大字百済2436-9",
        "P33_008": "‐",
        "P33_009": 19820000,
        "P33_010": "‐",
        "P33_011": "‐",
        "P33_012": -1,
        "P33_013": -1,
        "P33_014": 3,
        "P33_015": "‐",
        "P33_016": "‐",
        "P33_017": "‐",
        "P33_018": -1,
        "P33_019": 137,
        "P33_020": -1,
        "P33_021": -1,
        "P33_022": -1,
        "P33_023": -1,
        "P33_024": -1,
        "P33_041": 1
      },
      "geometry": {
        "type": "Point",
        "coordinates": [
          135.76433500007727,
          34.5382960002093
        ]
      }
    },
    {
      "type": "Feature",
      "properties": {
        "P33_001": 286,
        "P33_002": "29426",
        "P33_003": "29",
        "P33_004": 2,
        "P33_005": "平尾公民館",
        "P33_006": "635-0822",
        "P33_007": "広陵町大字平尾512-5",
        "P33_008": "‐",
        "P33_009": 19730000,
        "P33_010": "‐",
        "P33_011": "‐",
        "P33_012": -1,
        "P33_013": -1,
        "P33_014": 3,
        "P33_015": "‐",
        "P33_016": "‐",
        "P33_017": "‐",
        "P33_018": -1,
        "P33_019": 282,
        "P33_020": -1,
        "P33_021": -1,
        "P33_022": -1,
        "P33_023": -1,
        "P33_024": -1,
        "P33_041": 2
      },
      "geometry": {
        "type": "Point",
        "coordinates": [
          135.7365249999406,
          34.540079000135826
        ]
      }
    },
    {
      "type": "Feature",
      "properties": {
        "P33_001": 287,
        "P33_002": "29426",
        "P33_003": "29",
        "P33_004": 2,
        "P33_005": "弁財天公民館",
        "P33_006": "635-0811",
        "P33_007": "広陵町大字弁財天390-4",
        "P33_008": "‐",
        "P33_009": 19800000,
        "P33_010": "‐",
        "P33_011": "‐",
        "P33_012": -1,
        "P33_013": -1,
        "P33_014": 3,
        "P33_015": "‐",
        "P33_016": "‐",
        "P33_017": "‐",
        "P33_018": -1,
        "P33_019": 286,
        "P33_020": -1,
        "P33_021": -1,
        "P33_022": -1,
        "P33_023": -1,
        "P33_024": -1,
        "P33_041": 1
      },
      "geometry": {
        "type": "Point",
        "coordinates": [
          135.75152500002838,
          34.56449400019787
        ]
      }
    },
    {
      "type": "Feature",
      "properties": {
        "P33_001": 288,
        "P33_002": "29426",
        "P33_003": "29",
        "P33_004": 2,
        "P33_005": "六道山公民館",
        "P33_006": "635-0834",
        "P33_007": "広陵町大字大塚550-2",
        "P33_008": "‐",
        "P33_009": 19740000,
        "P33_010": "‐",
        "P33_011": "‐",
        "P33_012": -1,
        "P33_013": -1,
        "P33_014": 3,
        "P33_015": "‐",
        "P33_016": "‐",
        "P33_017": "‐",
        "P33_018": -1,
        "P33_019": 259,
        "P33_020": -1,
        "P33_021": -1,
        "P33_022": -1,
        "P33_023": -1,
        "P33_024": -1,
        "P33_041": 1
      },
      "geometry": {
        "type": "Point",
        "coordinates": [
          135.73313000006226,
          34.53027499994484
        ]
      }
    },
    {
      "type": "Feature",
      "properties": {
        "P33_001": 293,
        "P33_002": "29427",
        "P33_003": "29",
        "P33_004": 2,
        "P33_005": "西大和地区公民館",
        "P33_006": "636-0073",
        "P33_007": "河合町広瀬台3-7",
        "P33_008": "0745-32-1388",
        "P33_009": 19770000,
        "P33_010": "‐",
        "P33_011": "‐",
        "P33_012": -1,
        "P33_013": -1,
        "P33_014": 2,
        "P33_015": "‐",
        "P33_016": "‐",
        "P33_017": "‐",
        "P33_018": -1,
        "P33_019": 455,
        "P33_020": -1,
        "P33_021": -1,
        "P33_022": -1,
        "P33_023": -1,
        "P33_024": -1,
        "P33_041": 1
      },
      "geometry": {
        "type": "Point",
        "coordinates": [
          135.71929299983435,
          34.58607900069211
        ]
      }
    },
    {
      "type": "Feature",
      "properties": {
        "P33_001": 290,
        "P33_002": "29427",
        "P33_003": "29",
        "P33_004": 2,
        "P33_005": "中央公民館",
        "P33_006": "636-0053",
        "P33_007": "河合町池部2-13-1",
        "P33_008": "0745-57-2271",
        "P33_009": 19710000,
        "P33_010": "‐",
        "P33_011": "‐",
        "P33_012": -1,
        "P33_013": -1,
        "P33_014": 1,
        "P33_015": "‐",
        "P33_016": "‐",
        "P33_017": "‐",
        "P33_018": -1,
        "P33_019": 2386,
        "P33_020": -1,
        "P33_021": -1,
        "P33_022": -1,
        "P33_023": -1,
        "P33_024": -1,
        "P33_041": 1
      },
      "geometry": {
        "type": "Point",
        "coordinates": [
          135.73695083324125,
          34.57751749951051
        ]
      }
    },
    {
      "type": "Feature",
      "properties": {
        "P33_001": 291,
        "P33_002": "29427",
        "P33_003": "29",
        "P33_004": 2,
        "P33_005": "南部地区公民館",
        "P33_006": "636-0062",
        "P33_007": "河合町大字佐味田588",
        "P33_008": "‐",
        "P33_009": 19880000,
        "P33_010": "‐",
        "P33_011": "‐",
        "P33_012": -1,
        "P33_013": -1,
        "P33_014": 2,
        "P33_015": "‐",
        "P33_016": "‐",
        "P33_017": "‐",
        "P33_018": -1,
        "P33_019": 414,
        "P33_020": -1,
        "P33_021": -1,
        "P33_022": -1,
        "P33_023": -1,
        "P33_024": -1,
        "P33_041": 1
      },
      "geometry": {
        "type": "Point",
        "coordinates": [
          135.7325011088215,
          34.56591317013446
        ]
      }
    },
    {
      "type": "Feature",
      "properties": {
        "P33_001": 295,
        "P33_002": "29442",
        "P33_003": "29",
        "P33_004": 2,
        "P33_005": "中央公民館",
        "P33_006": "638-0821",
        "P33_007": "大淀町大字下渕948",
        "P33_008": "0747-52-1524",
        "P33_009": 19730000,
        "P33_010": "‐",
        "P33_011": "‐",
        "P33_012": -1,
        "P33_013": -1,
        "P33_014": 1,
        "P33_015": "‐",
        "P33_016": "‐",
        "P33_017": "‐",
        "P33_018": -1,
        "P33_019": -1,
        "P33_020": -1,
        "P33_021": -1,
        "P33_022": -1,
        "P33_023": -1,
        "P33_024": -1,
        "P33_041": 1
      },
      "geometry": {
        "type": "Point",
        "coordinates": [
          135.79237419349246,
          34.38336051756158
        ]
      }
    },
    {
      "type": "Feature",
      "properties": {
        "P33_001": 307,
        "P33_002": "29444",
        "P33_003": "29",
        "P33_004": 2,
        "P33_005": "黒滝村中央公民館",
        "P33_006": "638-0251",
        "P33_007": "黒滝村大字寺戸196",
        "P33_008": "0747-62-2314",
        "P33_009": 19710000,
        "P33_010": "‐",
        "P33_011": "‐",
        "P33_012": -1,
        "P33_013": -1,
        "P33_014": 1,
        "P33_015": "‐",
        "P33_016": "‐",
        "P33_017": "‐",
        "P33_018": -1,
        "P33_019": 629,
        "P33_020": -1,
        "P33_021": -1,
        "P33_022": -1,
        "P33_023": -1,
        "P33_024": -1,
        "P33_041": 1
      },
      "geometry": {
        "type": "Point",
        "coordinates": [
          135.84974300010032,
          34.31100099988322
        ]
      }
    },
    {
      "type": "Feature",
      "properties": {
        "P33_001": 309,
        "P33_002": "29446",
        "P33_003": "29",
        "P33_004": 2,
        "P33_005": "ふるさとセンターつどい",
        "P33_006": "638-0551",
        "P33_007": "天川村籠山100",
        "P33_008": "0747-65-0100",
        "P33_009": 19940000,
        "P33_010": "‐",
        "P33_011": "‐",
        "P33_012": -1,
        "P33_013": -1,
        "P33_014": 4,
        "P33_015": "‐",
        "P33_016": "‐",
        "P33_017": "‐",
        "P33_018": -1,
        "P33_019": 400,
        "P33_020": -1,
        "P33_021": -1,
        "P33_022": -1,
        "P33_023": -1,
        "P33_024": -1,
        "P33_041": 1
      },
      "geometry": {
        "type": "Point",
        "coordinates": [
          135.80235599995137,
          34.194577000543894
        ]
      }
    },
    {
      "type": "Feature",
      "properties": {
        "P33_001": 308,
        "P33_002": "29446",
        "P33_003": "29",
        "P33_004": 2,
        "P33_005": "洞川地区公民館",
        "P33_006": "638-0431",
        "P33_007": "天川村洞川4962-1",
        "P33_008": "0747-64-0932",
        "P33_009": 19730000,
        "P33_010": "‐",
        "P33_011": "‐",
        "P33_012": -1,
        "P33_013": -1,
        "P33_014": 2,
        "P33_015": "‐",
        "P33_016": "‐",
        "P33_017": "‐",
        "P33_018": -1,
        "P33_019": 370,
        "P33_020": -1,
        "P33_021": -1,
        "P33_022": -1,
        "P33_023": -1,
        "P33_024": -1,
        "P33_041": 1
      },
      "geometry": {
        "type": "Point",
        "coordinates": [
          135.87831700004944,
          34.26869300035315
        ]
      }
    },
    {
      "type": "Feature",
      "properties": {
        "P33_001": 310,
        "P33_002": "29447",
        "P33_003": "29",
        "P33_004": 2,
        "P33_005": "村立野迫川公民館",
        "P33_006": "637-0424",
        "P33_007": "野迫川村大字中157",
        "P33_008": "‐",
        "P33_009": 19920000,
        "P33_010": "‐",
        "P33_011": "‐",
        "P33_012": -1,
        "P33_013": -1,
        "P33_014": 1,
        "P33_015": "‐",
        "P33_016": "‐",
        "P33_017": "‐",
        "P33_018": -1,
        "P33_019": 1296,
        "P33_020": -1,
        "P33_021": -1,
        "P33_022": -1,
        "P33_023": -1,
        "P33_024": -1,
        "P33_041": 1
      },
      "geometry": {
        "type": "Point",
        "coordinates": [
          135.658254,
          34.20882299978851
        ]
      }
    },
    {
      "type": "Feature",
      "properties": {
        "P33_001": 311,
        "P33_002": "29453",
        "P33_003": "29",
        "P33_004": 2,
        "P33_005": "中央公民館",
        "P33_006": "633-2492",
        "P33_007": "東吉野村大字小川475",
        "P33_008": "0746-42-0150",
        "P33_009": 19640000,
        "P33_010": "‐",
        "P33_011": "‐",
        "P33_012": -1,
        "P33_013": -1,
        "P33_014": 1,
        "P33_015": "‐",
        "P33_016": "‐",
        "P33_017": "‐",
        "P33_018": -1,
        "P33_019": 470,
        "P33_020": -1,
        "P33_021": -1,
        "P33_022": -1,
        "P33_023": -1,
        "P33_024": -1,
        "P33_041": 1
      },
      "geometry": {
        "type": "Point",
        "coordinates": [
          135.97183400030318,
          34.402012999899476
        ]
      }
    },
    {
      "type": "Feature",
      "properties": {
        "P33_001": 318,
        "P33_002": "29205",
        "P33_003": "29",
        "P33_004": 5,
        "P33_005": "橿原市昆虫館",
        "P33_006": "634-0024",
        "P33_007": "橿原市南山町624",
        "P33_008": "0744-24-7246",
        "P33_009": -1,
        "P33_010": "‐",
        "P33_011": "‐",
        "P33_012": -1,
        "P33_013": -1,
        "P33_014": -1,
        "P33_015": "‐",
        "P33_016": "‐",
        "P33_017": "‐",
        "P33_018": -1,
        "P33_019": -1,
        "P33_020": -1,
        "P33_021": -1,
        "P33_022": -1,
        "P33_023": -1,
        "P33_024": -1,
        "P33_041": 1
      },
      "geometry": {
        "type": "Point",
        "coordinates": [
          135.82718089931922,
          34.49132543144536
        ]
      }
    },
    {
      "type": "Feature",
      "properties": {
        "P33_001": 328,
        "P33_002": "29343",
        "P33_003": "29",
        "P33_004": 6,
        "P33_005": "農業公園　信貴山のどか村",
        "P33_006": "636-0833",
        "P33_007": "三郷町信貴南畑1-7-1",
        "P33_008": "0745-73-8203",
        "P33_009": -1,
        "P33_010": "‐",
        "P33_011": "‐",
        "P33_012": -1,
        "P33_013": -1,
        "P33_014": -1,
        "P33_015": "‐",
        "P33_016": "‐",
        "P33_017": "有",
        "P33_018": -1,
        "P33_019": -1,
        "P33_020": -1,
        "P33_021": -1,
        "P33_022": -1,
        "P33_023": -1,
        "P33_024": -1,
        "P33_041": 1
      },
      "geometry": {
        "type": "Point",
        "coordinates": [
          135.6612440001788,
          34.6036310002689
        ]
      }
    },
    {
      "type": "Feature",
      "properties": {
        "P33_001": 322,
        "P33_002": "29201",
        "P33_003": "29",
        "P33_004": 6,
        "P33_005": "奈良国立博物館",
        "P33_006": "630-8213",
        "P33_007": "奈良市登大路町50",
        "P33_008": "0742-22-7771",
        "P33_009": -1,
        "P33_010": "‐",
        "P33_011": "‐",
        "P33_012": -1,
        "P33_013": -1,
        "P33_014": -1,
        "P33_015": "322",
        "P33_016": "9:30～17:00",
        "P33_017": "有",
        "P33_018": -1,
        "P33_019": -1,
        "P33_020": -1,
        "P33_021": -1,
        "P33_022": -1,
        "P33_023": -1,
        "P33_024": -1,
        "P33_041": 1
      },
      "geometry": {
        "type": "Point",
        "coordinates": [
          135.83831147155757,
          34.68310318794974
        ]
      }
    },
    {
      "type": "Feature",
      "properties": {
        "P33_001": 325,
        "P33_002": "29209",
        "P33_003": "29",
        "P33_004": 6,
        "P33_005": "生駒山上遊園地",
        "P33_006": "630-0231",
        "P33_007": "生駒市菜畑町2312-1",
        "P33_008": "0743-74-2173",
        "P33_009": -1,
        "P33_010": "‐",
        "P33_011": "‐",
        "P33_012": -1,
        "P33_013": -1,
        "P33_014": -1,
        "P33_015": "228",
        "P33_016": "10:00～17:00､10:00～16:00(11月)",
        "P33_017": "無",
        "P33_018": -1,
        "P33_019": -1,
        "P33_020": -1,
        "P33_021": -1,
        "P33_022": -1,
        "P33_023": -1,
        "P33_024": -1,
        "P33_041": 1
      },
      "geometry": {
        "type": "Point",
        "coordinates": [
          135.67876800009708,
          34.67921200062612
        ]
      }
    },
    {
      "type": "Feature",
      "properties": {
        "P33_001": 329,
        "P33_002": "29402",
        "P33_003": "29",
        "P33_004": 6,
        "P33_005": "国営飛鳥歴史公園",
        "P33_006": "634-0144",
        "P33_007": "明日香村大字平田538",
        "P33_008": "0744-54-2441",
        "P33_009": -1,
        "P33_010": "‐",
        "P33_011": "‐",
        "P33_012": -1,
        "P33_013": -1,
        "P33_014": -1,
        "P33_015": "365",
        "P33_016": "9:30～17:00",
        "P33_017": "無",
        "P33_018": -1,
        "P33_019": -1,
        "P33_020": -1,
        "P33_021": -1,
        "P33_022": -1,
        "P33_023": -1,
        "P33_024": -1,
        "P33_041": 1
      },
      "geometry": {
        "type": "Point",
        "coordinates": [
          135.80353500017145,
          34.46568400041556
        ]
      }
    },
    {
      "type": "Feature",
      "properties": {
        "P33_001": 330,
        "P33_002": "29449",
        "P33_003": "29",
        "P33_004": 6,
        "P33_005": "２１世紀の森 紀伊半島森林植物公園",
        "P33_006": "637-1441",
        "P33_007": "十津川村小川112-1",
        "P33_008": "0746-62-0567",
        "P33_009": -1,
        "P33_010": "‐",
        "P33_011": "‐",
        "P33_012": -1,
        "P33_013": -1,
        "P33_014": -1,
        "P33_015": "‐",
        "P33_016": "‐",
        "P33_017": "‐",
        "P33_018": -1,
        "P33_019": -1,
        "P33_020": -1,
        "P33_021": -1,
        "P33_022": -1,
        "P33_023": -1,
        "P33_024": -1,
        "P33_041": 1
      },
      "geometry": {
        "type": "Point",
        "coordinates": [
          135.85562100009358,
          33.96788699975246
        ]
      }
    },
    {
      "type": "Feature",
      "properties": {
        "P33_001": 324,
        "P33_002": "29208",
        "P33_003": "29",
        "P33_004": 6,
        "P33_005": "かもきみの湯",
        "P33_006": "639-2264",
        "P33_007": "御所市大字五百家333",
        "P33_008": "0745-66-2641",
        "P33_009": -1,
        "P33_010": "‐",
        "P33_011": "‐",
        "P33_012": -1,
        "P33_013": -1,
        "P33_014": -1,
        "P33_015": "‐",
        "P33_016": "‐",
        "P33_017": "‐",
        "P33_018": -1,
        "P33_019": -1,
        "P33_020": -1,
        "P33_021": -1,
        "P33_022": -1,
        "P33_023": -1,
        "P33_024": -1,
        "P33_041": 1
      },
      "geometry": {
        "type": "Point",
        "coordinates": [
          135.71649999998522,
          34.412645000123504
        ]
      }
    },
    {
      "type": "Feature",
      "properties": {
        "P33_001": 323,
        "P33_002": "29204",
        "P33_003": "29",
        "P33_004": 6,
        "P33_005": "天然大和温泉　奈良健康ランド",
        "P33_006": "632-0084",
        "P33_007": "天理市嘉幡町600-1",
        "P33_008": "0743-64-1126",
        "P33_009": -1,
        "P33_010": "‐",
        "P33_011": "‐",
        "P33_012": -1,
        "P33_013": -1,
        "P33_014": -1,
        "P33_015": "‐",
        "P33_016": "‐",
        "P33_017": "‐",
        "P33_018": -1,
        "P33_019": -1,
        "P33_020": -1,
        "P33_021": -1,
        "P33_022": -1,
        "P33_023": -1,
        "P33_024": -1,
        "P33_041": 1
      },
      "geometry": {
        "type": "Point",
        "coordinates": [
          135.79610388914523,
          34.59225416663546
        ]
      }
    },
    {
      "type": "Feature",
      "properties": {
        "P33_001": 327,
        "P33_002": "29212",
        "P33_003": "29",
        "P33_004": 6,
        "P33_005": "花の郷　滝谷花しょうぶ園",
        "P33_006": "633-0313",
        "P33_007": "宇陀市室生滝谷348",
        "P33_008": "0745-92-3187",
        "P33_009": -1,
        "P33_010": "‐",
        "P33_011": "‐",
        "P33_012": -1,
        "P33_013": -1,
        "P33_014": -1,
        "P33_015": "‐",
        "P33_016": "‐",
        "P33_017": "‐",
        "P33_018": -1,
        "P33_019": -1,
        "P33_020": -1,
        "P33_021": -1,
        "P33_022": -1,
        "P33_023": -1,
        "P33_024": -1,
        "P33_041": 1
      },
      "geometry": {
        "type": "Point",
        "coordinates": [
          136.04031799990915,
          34.566757000243676
        ]
      }
    },
    {
      "type": "Feature",
      "properties": {
        "P33_001": 320,
        "P33_002": "29201",
        "P33_003": "29",
        "P33_004": 6,
        "P33_005": "ゆららの湯　押熊店",
        "P33_006": "631-0011",
        "P33_007": "奈良市押熊町2147-1",
        "P33_008": "0742-40-1126",
        "P33_009": -1,
        "P33_010": "‐",
        "P33_011": "‐",
        "P33_012": -1,
        "P33_013": -1,
        "P33_014": -1,
        "P33_015": "‐",
        "P33_016": "‐",
        "P33_017": "‐",
        "P33_018": -1,
        "P33_019": -1,
        "P33_020": -1,
        "P33_021": -1,
        "P33_022": -1,
        "P33_023": -1,
        "P33_024": -1,
        "P33_041": 1
      },
      "geometry": {
        "type": "Point",
        "coordinates": [
          135.7653159997037,
          34.71822699964653
        ]
      }
    },
    {
      "type": "Feature",
      "properties": {
        "P33_001": 321,
        "P33_002": "29201",
        "P33_003": "29",
        "P33_004": 6,
        "P33_005": "春日大社神苑",
        "P33_006": "630-8212",
        "P33_007": "奈良市春日野町160",
        "P33_008": "0742-22-7788",
        "P33_009": -1,
        "P33_010": "‐",
        "P33_011": "‐",
        "P33_012": -1,
        "P33_013": -1,
        "P33_014": -1,
        "P33_015": "‐",
        "P33_016": "‐",
        "P33_017": "‐",
        "P33_018": -1,
        "P33_019": -1,
        "P33_020": -1,
        "P33_021": -1,
        "P33_022": -1,
        "P33_023": -1,
        "P33_024": -1,
        "P33_041": 1
      },
      "geometry": {
        "type": "Point",
        "coordinates": [
          135.84458400011388,
          34.68226200002471
        ]
      }
    },
    {
      "type": "Feature",
      "properties": {
        "P33_001": 326,
        "P33_002": "29212",
        "P33_003": "29",
        "P33_004": 6,
        "P33_005": "森野旧薬園",
        "P33_006": "633-2161",
        "P33_007": "宇陀市大宇陀上新1880",
        "P33_008": "0745-83-0002",
        "P33_009": -1,
        "P33_010": "‐",
        "P33_011": "‐",
        "P33_012": -1,
        "P33_013": -1,
        "P33_014": -1,
        "P33_015": "‐",
        "P33_016": "‐",
        "P33_017": "‐",
        "P33_018": -1,
        "P33_019": -1,
        "P33_020": -1,
        "P33_021": -1,
        "P33_022": -1,
        "P33_023": -1,
        "P33_024": -1,
        "P33_041": 1
      },
      "geometry": {
        "type": "Point",
        "coordinates": [
          135.9325519998119,
          34.477897999590205
        ]
      }
    },
    {
      "type": "Feature",
      "properties": {
        "P33_001": 55,
        "P33_002": "29201",
        "P33_003": "29",
        "P33_004": 2,
        "P33_005": "奈良県文化会館",
        "P33_006": "630-8213",
        "P33_007": "奈良市登大路町6-2",
        "P33_008": "0742-23-8921",
        "P33_009": 19680430,
        "P33_010": "http://www.pref.nara.jp/1717.htm",
        "P33_011": "近鉄奈良線近鉄奈良駅",
        "P33_012": -1,
        "P33_013": -1,
        "P33_014": -1,
        "P33_015": "‐",
        "P33_016": "‐",
        "P33_017": "‐",
        "P33_018": 17882,
        "P33_019": 17038,
        "P33_020": 2,
        "P33_021": 1313,
        "P33_022": 1613,
        "P33_023": 10,
        "P33_024": 6,
        "P33_041": 1
      },
      "geometry": {
        "type": "Point",
        "coordinates": [
          135.83126770419466,
          34.68616156833812
        ]
      }
    },
    {
      "type": "Feature",
      "properties": {
        "P33_001": 316,
        "P33_002": "29205",
        "P33_003": "29",
        "P33_004": 3,
        "P33_005": "奈良県橿原文化会館",
        "P33_006": "634-0005",
        "P33_007": "橿原市北八木町3-65-5",
        "P33_008": "0744-23-2711",
        "P33_009": 19820331,
        "P33_010": "http://www4.kcn.ne.jp/~kashibun/",
        "P33_011": "近鉄大阪線大和八木駅",
        "P33_012": -1,
        "P33_013": -1,
        "P33_014": -1,
        "P33_015": "‐",
        "P33_016": "‐",
        "P33_017": "‐",
        "P33_018": 5500,
        "P33_019": 8882,
        "P33_020": 2,
        "P33_021": 1304,
        "P33_022": 1604,
        "P33_023": 2,
        "P33_024": 1,
        "P33_041": 1
      },
      "geometry": {
        "type": "Point",
        "coordinates": [
          135.7948472223614,
          34.514091111361935
        ]
      }
    },
    {
      "type": "Feature",
      "properties": {
        "P33_001": 56,
        "P33_002": "29201",
        "P33_003": "29",
        "P33_004": 2,
        "P33_005": "奈良県新公会堂（ビッグルーフ）",
        "P33_006": "630-8212",
        "P33_007": "奈良市春日野町101",
        "P33_008": "0742-27-2630",
        "P33_009": 19870930,
        "P33_010": "‐",
        "P33_011": "ＪＲ奈良線奈良駅",
        "P33_012": -1,
        "P33_013": -1,
        "P33_014": -1,
        "P33_015": "‐",
        "P33_016": "‐",
        "P33_017": "‐",
        "P33_018": 48432,
        "P33_019": 9089,
        "P33_020": 2,
        "P33_021": 500,
        "P33_022": 4000,
        "P33_023": 8,
        "P33_024": -1,
        "P33_041": 1
      },
      "geometry": {
        "type": "Point",
        "coordinates": [
          135.84328999996123,
          34.68382583299955
        ]
      }
    },
    {
      "type": "Feature",
      "properties": {
        "P33_001": 190,
        "P33_002": "29211",
        "P33_003": "29",
        "P33_004": 2,
        "P33_005": "葛城市當間文化会館",
        "P33_006": "639-2155",
        "P33_007": "葛城市竹内256-9",
        "P33_008": "0745-48-5000",
        "P33_009": 19880131,
        "P33_010": "‐",
        "P33_011": "‐",
        "P33_012": -1,
        "P33_013": -1,
        "P33_014": -1,
        "P33_015": "‐",
        "P33_016": "‐",
        "P33_017": "‐",
        "P33_018": 2857,
        "P33_019": 3491,
        "P33_020": 1,
        "P33_021": 500,
        "P33_022": 500,
        "P33_023": 1,
        "P33_024": 1,
        "P33_041": 1
      },
      "geometry": {
        "type": "Point",
        "coordinates": [
          135.7060397070239,
          34.51071232660863
        ]
      }
    },
    {
      "type": "Feature",
      "properties": {
        "P33_001": 292,
        "P33_002": "29427",
        "P33_003": "29",
        "P33_004": 2,
        "P33_005": "河合町立文化会館（まほろばホール）",
        "P33_006": "636-0071",
        "P33_007": "河合町高塚台1-8-3",
        "P33_008": "0745-72-1100",
        "P33_009": 19910331,
        "P33_010": "‐",
        "P33_011": "ＪＲ大和路線王寺駅",
        "P33_012": -1,
        "P33_013": -1,
        "P33_014": -1,
        "P33_015": "‐",
        "P33_016": "‐",
        "P33_017": "‐",
        "P33_018": 7603,
        "P33_019": 4000,
        "P33_020": 2,
        "P33_021": 607,
        "P33_022": 707,
        "P33_023": -1,
        "P33_024": -1,
        "P33_041": 1
      },
      "geometry": {
        "type": "Point",
        "coordinates": [
          135.72264747911925,
          34.58034481313919
        ]
      }
    },
    {
      "type": "Feature",
      "properties": {
        "P33_001": 191,
        "P33_002": "29211",
        "P33_003": "29",
        "P33_004": 2,
        "P33_005": "葛城市新庄文化会館（マルベリーホール）",
        "P33_006": "639-2137",
        "P33_007": "葛城市南藤井70-1",
        "P33_008": "0745-69-4600",
        "P33_009": 19920531,
        "P33_010": "‐",
        "P33_011": "‐",
        "P33_012": -1,
        "P33_013": -1,
        "P33_014": -1,
        "P33_015": "‐",
        "P33_016": "‐",
        "P33_017": "‐",
        "P33_018": 8061,
        "P33_019": 3293,
        "P33_020": 1,
        "P33_021": 717,
        "P33_022": 717,
        "P33_023": -1,
        "P33_024": 1,
        "P33_041": 1
      },
      "geometry": {
        "type": "Point",
        "coordinates": [
          135.71458412348048,
          34.48480538907675
        ]
      }
    },
    {
      "type": "Feature",
      "properties": {
        "P33_001": 57,
        "P33_002": "29201",
        "P33_003": "29",
        "P33_004": 2,
        "P33_005": "奈良市ならまちセンター",
        "P33_006": "630-8362",
        "P33_007": "奈良市東寺林町38",
        "P33_008": "0742-27-1151",
        "P33_009": 19890331,
        "P33_010": "‐",
        "P33_011": "近鉄奈良線近鉄奈良駅",
        "P33_012": -1,
        "P33_013": -1,
        "P33_014": -1,
        "P33_015": "‐",
        "P33_016": "‐",
        "P33_017": "‐",
        "P33_018": 3755,
        "P33_019": 10097,
        "P33_020": 1,
        "P33_021": 306,
        "P33_022": 306,
        "P33_023": 3,
        "P33_024": 1,
        "P33_041": 1
      },
      "geometry": {
        "type": "Point",
        "coordinates": [
          135.83135259767792,
          34.67994758408801
        ]
      }
    },
    {
      "type": "Feature",
      "properties": {
        "P33_001": 315,
        "P33_002": "29201",
        "P33_003": "29",
        "P33_004": 3,
        "P33_005": "奈良市音声館",
        "P33_006": "630-8335",
        "P33_007": "奈良市鳴川町32-1",
        "P33_008": "0742-27-7700",
        "P33_009": 19941003,
        "P33_010": "‐",
        "P33_011": "‐",
        "P33_012": -1,
        "P33_013": -1,
        "P33_014": -1,
        "P33_015": "‐",
        "P33_016": "‐",
        "P33_017": "‐",
        "P33_018": 1326,
        "P33_019": 1194,
        "P33_020": 1,
        "P33_021": 90,
        "P33_022": 90,
        "P33_023": 3,
        "P33_024": 1,
        "P33_041": 1
      },
      "geometry": {
        "type": "Point",
        "coordinates": [
          135.82867799991473,
          34.67604599997691
        ]
      }
    },
    {
      "type": "Feature",
      "properties": {
        "P33_001": 136,
        "P33_002": "29210",
        "P33_003": "29",
        "P33_004": 2,
        "P33_005": "香芝市文化施設香芝市ふたかみ文化センター",
        "P33_006": "639-0243",
        "P33_007": "香芝市藤山1-17-17",
        "P33_008": "0745-77-1000",
        "P33_009": 19920200,
        "P33_010": "‐",
        "P33_011": "近鉄大阪線下田駅",
        "P33_012": -1,
        "P33_013": -1,
        "P33_014": -1,
        "P33_015": "‐",
        "P33_016": "‐",
        "P33_017": "‐",
        "P33_018": 4820,
        "P33_019": 8509,
        "P33_020": 1,
        "P33_021": 314,
        "P33_022": 314,
        "P33_023": 4,
        "P33_024": 1,
        "P33_041": 1
      },
      "geometry": {
        "type": "Point",
        "coordinates": [
          135.69931415885097,
          34.542594268128106
        ]
      }
    },
    {
      "type": "Feature",
      "properties": {
        "P33_001": 58,
        "P33_002": "29201",
        "P33_003": "29",
        "P33_004": 2,
        "P33_005": "奈良市都祁交流センター",
        "P33_006": "632-0221",
        "P33_007": "奈良市都祁白石町1133",
        "P33_008": "0743-82-2112",
        "P33_009": 19910930,
        "P33_010": "‐",
        "P33_011": "‐",
        "P33_012": -1,
        "P33_013": -1,
        "P33_014": -1,
        "P33_015": "‐",
        "P33_016": "‐",
        "P33_017": "‐",
        "P33_018": 15063,
        "P33_019": 2517,
        "P33_020": 1,
        "P33_021": 416,
        "P33_022": 416,
        "P33_023": 2,
        "P33_024": 1,
        "P33_041": 1
      },
      "geometry": {
        "type": "Point",
        "coordinates": [
          135.95695499980005,
          34.60452400018216
        ]
      }
    },
    {
      "type": "Feature",
      "properties": {
        "P33_001": 102,
        "P33_002": "29205",
        "P33_003": "29",
        "P33_004": 2,
        "P33_005": "橿原市立かしはら万葉ホール",
        "P33_006": "634-0075",
        "P33_007": "橿原市小房町11-5",
        "P33_008": "0744-29-1300",
        "P33_009": 19960229,
        "P33_010": "‐",
        "P33_011": "近鉄橿原線畝傍御陵前駅",
        "P33_012": -1,
        "P33_013": -1,
        "P33_014": -1,
        "P33_015": "‐",
        "P33_016": "‐",
        "P33_017": "‐",
        "P33_018": 18802,
        "P33_019": 19286,
        "P33_020": 1,
        "P33_021": 849,
        "P33_022": 849,
        "P33_023": 6,
        "P33_024": 1,
        "P33_041": 1
      },
      "geometry": {
        "type": "Point",
        "coordinates": [
          135.7964449299067,
          34.50040760334539
        ]
      }
    },
    {
      "type": "Feature",
      "properties": {
        "P33_001": 208,
        "P33_002": "29212",
        "P33_003": "29",
        "P33_004": 2,
        "P33_005": "宇陀市文化会館（阿騎野かぎひろセンター）",
        "P33_006": "633-2164",
        "P33_007": "宇陀市大宇陀拾生871",
        "P33_008": "0745-83-0977",
        "P33_009": 19900929,
        "P33_010": "‐",
        "P33_011": "‐",
        "P33_012": -1,
        "P33_013": -1,
        "P33_014": -1,
        "P33_015": "‐",
        "P33_016": "‐",
        "P33_017": "‐",
        "P33_018": 2646,
        "P33_019": 3667,
        "P33_020": 1,
        "P33_021": 503,
        "P33_022": 503,
        "P33_023": 1,
        "P33_024": 1,
        "P33_041": 1
      },
      "geometry": {
        "type": "Point",
        "coordinates": [
          135.93257300004316,
          34.47520100045046
        ]
      }
    },
    {
      "type": "Feature",
      "properties": {
        "P33_001": 67,
        "P33_002": "29202",
        "P33_003": "29",
        "P33_004": 2,
        "P33_005": "大和高田さざんかホール",
        "P33_006": "635-0082",
        "P33_007": "大和高田市本郷町6-36",
        "P33_008": "0745-53-8200",
        "P33_009": 19960620,
        "P33_010": "http://www1.kcn.ne.jp/~sazanka/",
        "P33_011": "ＪＲ和歌山線高田駅",
        "P33_012": -1,
        "P33_013": -1,
        "P33_014": -1,
        "P33_015": "‐",
        "P33_016": "‐",
        "P33_017": "‐",
        "P33_018": 4640,
        "P33_019": 10501,
        "P33_020": 2,
        "P33_021": 1040,
        "P33_022": 1278,
        "P33_023": 1,
        "P33_024": 1,
        "P33_041": 1
      },
      "geometry": {
        "type": "Point",
        "coordinates": [
          135.7440898029406,
          34.51374951962758
        ]
      }
    },
    {
      "type": "Feature",
      "properties": {
        "P33_001": 294,
        "P33_002": "29442",
        "P33_003": "29",
        "P33_004": 2,
        "P33_005": "大淀町文化会館",
        "P33_006": "638-0812",
        "P33_007": "大淀町桧垣本2090",
        "P33_008": "0747-54-2110",
        "P33_009": 19970300,
        "P33_010": "‐",
        "P33_011": "‐",
        "P33_012": -1,
        "P33_013": -1,
        "P33_014": -1,
        "P33_015": "‐",
        "P33_016": "‐",
        "P33_017": "‐",
        "P33_018": 14802,
        "P33_019": 6609,
        "P33_020": 1,
        "P33_021": 700,
        "P33_022": 700,
        "P33_023": 4,
        "P33_024": -1,
        "P33_041": 1
      },
      "geometry": {
        "type": "Point",
        "coordinates": [
          135.78933236698393,
          34.38973002835677
        ]
      }
    },
    {
      "type": "Feature",
      "properties": {
        "P33_001": 218,
        "P33_002": "29344",
        "P33_003": "29",
        "P33_004": 2,
        "P33_005": "斑鳩町文化振興センター（いかるがホール）",
        "P33_006": "636-0123",
        "P33_007": "斑鳩町興留10-6-43",
        "P33_008": "0745-75-7743",
        "P33_009": 19970630,
        "P33_010": "‐",
        "P33_011": "‐",
        "P33_012": -1,
        "P33_013": -1,
        "P33_014": -1,
        "P33_015": "‐",
        "P33_016": "‐",
        "P33_017": "‐",
        "P33_018": 13869,
        "P33_019": 8188,
        "P33_020": 2,
        "P33_021": 729,
        "P33_022": 953,
        "P33_023": 4,
        "P33_024": -1,
        "P33_041": 1
      },
      "geometry": {
        "type": "Point",
        "coordinates": [
          135.73805776567133,
          34.59683972180416
        ]
      }
    },
    {
      "type": "Feature",
      "properties": {
        "P33_001": 59,
        "P33_002": "29201",
        "P33_003": "29",
        "P33_004": 2,
        "P33_005": "なら１００年会館",
        "P33_006": "630-8121",
        "P33_007": "奈良市三条宮前町7-1",
        "P33_008": "0742-34-0100",
        "P33_009": 19981000,
        "P33_010": "http://www.nara100.com",
        "P33_011": "ＪＲ関西本線奈良駅",
        "P33_012": -1,
        "P33_013": -1,
        "P33_014": -1,
        "P33_015": "‐",
        "P33_016": "‐",
        "P33_017": "‐",
        "P33_018": 16061,
        "P33_019": 22401,
        "P33_020": 2,
        "P33_021": 1720,
        "P33_022": 2166,
        "P33_023": 1,
        "P33_024": -1,
        "P33_041": 1
      },
      "geometry": {
        "type": "Point",
        "coordinates": [
          135.8166005563237,
          34.68023979491993
        ]
      }
    },
    {
      "type": "Feature",
      "properties": {
        "P33_001": 75,
        "P33_002": "29203",
        "P33_003": "29",
        "P33_004": 2,
        "P33_005": "やまと郡山城ホール",
        "P33_006": "639-1160",
        "P33_007": "大和郡山市北郡山町211-3",
        "P33_008": "0743-54-8000",
        "P33_009": 20010331,
        "P33_010": "‐",
        "P33_011": "近鉄橿原線郡山駅",
        "P33_012": -1,
        "P33_013": -1,
        "P33_014": -1,
        "P33_015": "‐",
        "P33_016": "‐",
        "P33_017": "‐",
        "P33_018": 14801,
        "P33_019": 16670,
        "P33_020": 2,
        "P33_021": 1013,
        "P33_022": 1324,
        "P33_023": 3,
        "P33_024": 1,
        "P33_041": 1
      },
      "geometry": {
        "type": "Point",
        "coordinates": [
          135.78235192777936,
          34.6520525181045
        ]
      }
    },
    {
      "type": "Feature",
      "properties": {
        "P33_001": 60,
        "P33_002": "29201",
        "P33_003": "29",
        "P33_004": 2,
        "P33_005": "奈良市西部会館市民ホール（学園前ホール）",
        "P33_006": "631-0034",
        "P33_007": "奈良市学園南3-1-5",
        "P33_008": "0742-51-2001",
        "P33_009": 20010323,
        "P33_010": "‐",
        "P33_011": "近鉄奈良線学園前駅",
        "P33_012": -1,
        "P33_013": -1,
        "P33_014": -1,
        "P33_015": "‐",
        "P33_016": "‐",
        "P33_017": "‐",
        "P33_018": 4661,
        "P33_019": 1860,
        "P33_020": 1,
        "P33_021": 305,
        "P33_022": 305,
        "P33_023": -1,
        "P33_024": -1,
        "P33_041": 1
      },
      "geometry": {
        "type": "Point",
        "coordinates": [
          135.75014529980587,
          34.696649509649106
        ]
      }
    },
    {
      "type": "Feature",
      "properties": {
        "P33_001": 61,
        "P33_002": "29201",
        "P33_003": "29",
        "P33_004": 2,
        "P33_005": "奈良市北部会館市民ホール",
        "P33_006": "631-0805",
        "P33_007": "奈良市右京1-1-4",
        "P33_008": "0742-71-5747",
        "P33_009": 20040500,
        "P33_010": "‐",
        "P33_011": "‐",
        "P33_012": -1,
        "P33_013": -1,
        "P33_014": -1,
        "P33_015": "‐",
        "P33_016": "‐",
        "P33_017": "‐",
        "P33_018": 4000,
        "P33_019": 1728,
        "P33_020": 1,
        "P33_021": 210,
        "P33_022": 210,
        "P33_023": 3,
        "P33_024": -1,
        "P33_041": 1
      },
      "geometry": {
        "type": "Point",
        "coordinates": [
          135.7909967096927,
          34.721887351267235
        ]
      }
    },
    {
      "type": "Feature",
      "properties": {
        "P33_001": 244,
        "P33_002": "29363",
        "P33_003": "29",
        "P33_004": 2,
        "P33_005": "田原本青垣生涯学習センター弥生の里ホール",
        "P33_006": "636-0247",
        "P33_007": "田原本町阪手233-1",
        "P33_008": "0744-31-7000",
        "P33_009": 20040930,
        "P33_010": "‐",
        "P33_011": "‐",
        "P33_012": -1,
        "P33_013": -1,
        "P33_014": -1,
        "P33_015": "‐",
        "P33_016": "‐",
        "P33_017": "‐",
        "P33_018": 19176,
        "P33_019": 13447,
        "P33_020": 1,
        "P33_021": 801,
        "P33_022": 801,
        "P33_023": -1,
        "P33_024": -1,
        "P33_041": 1
      },
      "geometry": {
        "type": "Point",
        "coordinates": [
          135.80223831703157,
          34.55742530467621
        ]
      }
    },
    {
      "type": "Feature",
      "properties": {
        "P33_001": 215,
        "P33_002": "29343",
        "P33_003": "29",
        "P33_004": 2,
        "P33_005": "三郷町文化センター",
        "P33_006": "636-0812",
        "P33_007": "三郷町勢野西1-2-2",
        "P33_008": "0745-72-4461",
        "P33_009": 19850530,
        "P33_010": "‐",
        "P33_011": "‐",
        "P33_012": -1,
        "P33_013": -1,
        "P33_014": -1,
        "P33_015": "‐",
        "P33_016": "‐",
        "P33_017": "‐",
        "P33_018": 11259,
        "P33_019": 6267,
        "P33_020": 1,
        "P33_021": 480,
        "P33_022": 480,
        "P33_023": 1,
        "P33_024": 1,
        "P33_041": 1
      },
      "geometry": {
        "type": "Point",
        "coordinates": [
          135.69662057684008,
          34.60139425548908
        ]
      }
    },
    {
      "type": "Feature",
      "properties": {
        "P33_001": 137,
        "P33_002": "29210",
        "P33_003": "29",
        "P33_004": 2,
        "P33_005": "香芝市文化施設香芝市モナミホール",
        "P33_006": "639-0231",
        "P33_007": "香芝市下田西3-7-18",
        "P33_008": "0745-77-1000",
        "P33_009": 19800300,
        "P33_010": "‐",
        "P33_011": "‐",
        "P33_012": -1,
        "P33_013": -1,
        "P33_014": -1,
        "P33_015": "‐",
        "P33_016": "‐",
        "P33_017": "‐",
        "P33_018": 5752,
        "P33_019": 2981,
        "P33_020": 1,
        "P33_021": 1030,
        "P33_022": 1030,
        "P33_023": -1,
        "P33_024": -1,
        "P33_041": 1
      },
      "geometry": {
        "type": "Point",
        "coordinates": [
          135.69989583579527,
          34.5397047557029
        ]
      }
    },
    {
      "type": "Feature",
      "properties": {
        "P33_001": 131,
        "P33_002": "29209",
        "P33_003": "29",
        "P33_004": 2,
        "P33_005": "南コミュニティセンターせせらぎ",
        "P33_006": "630-0223",
        "P33_007": "生駒市小瀬町18",
        "P33_008": "0743-77-0001",
        "P33_009": 19980331,
        "P33_010": "‐",
        "P33_011": "‐",
        "P33_012": -1,
        "P33_013": -1,
        "P33_014": -1,
        "P33_015": "‐",
        "P33_016": "‐",
        "P33_017": "‐",
        "P33_018": 6471,
        "P33_019": 5492,
        "P33_020": 2,
        "P33_021": 306,
        "P33_022": 426,
        "P33_023": 6,
        "P33_024": -1,
        "P33_041": 1
      },
      "geometry": {
        "type": "Point",
        "coordinates": [
          135.70688300009692,
          34.66618599960569
        ]
      }
    },
    {
      "type": "Feature",
      "properties": {
        "P33_001": 132,
        "P33_002": "29209",
        "P33_003": "29",
        "P33_004": 2,
        "P33_005": "北コミュニティセンターＩＳＴＡはばたき",
        "P33_006": "630-0131",
        "P33_007": "生駒市上町1543",
        "P33_008": "0743-71-3331",
        "P33_009": 20021002,
        "P33_010": "‐",
        "P33_011": "‐",
        "P33_012": -1,
        "P33_013": -1,
        "P33_014": -1,
        "P33_015": "‐",
        "P33_016": "‐",
        "P33_017": "‐",
        "P33_018": 15875,
        "P33_019": 8881,
        "P33_020": 2,
        "P33_021": 456,
        "P33_022": 656,
        "P33_023": 9,
        "P33_024": -1,
        "P33_041": 1
      },
      "geometry": {
        "type": "Point",
        "coordinates": [
          135.72256699964504,
          34.718471000212524
        ]
      }
    },
    {
      "type": "Feature",
      "properties": {
        "P33_001": 133,
        "P33_002": "29209",
        "P33_003": "29",
        "P33_004": 2,
        "P33_005": "芸術会館美楽来",
        "P33_006": "630-0246",
        "P33_007": "生駒市西松ケ丘2-20",
        "P33_008": "0743-74-1101",
        "P33_009": 19980430,
        "P33_010": "‐",
        "P33_011": "‐",
        "P33_012": -1,
        "P33_013": -1,
        "P33_014": -1,
        "P33_015": "‐",
        "P33_016": "‐",
        "P33_017": "‐",
        "P33_018": 4932,
        "P33_019": 2859,
        "P33_020": -1,
        "P33_021": -1,
        "P33_022": -1,
        "P33_023": 4,
        "P33_024": 3,
        "P33_041": 1
      },
      "geometry": {
        "type": "Point",
        "coordinates": [
          135.69493900022485,
          34.69690800000841
        ]
      }
    },
    {
      "type": "Feature",
      "properties": {
        "P33_001": 104,
        "P33_002": "29206",
        "P33_003": "29",
        "P33_004": 2,
        "P33_005": "桜井市民会館",
        "P33_006": "633-0062",
        "P33_007": "桜井市粟殿202",
        "P33_008": "0744-45-0964",
        "P33_009": 19810331,
        "P33_010": "‐",
        "P33_011": "ＪＲ桜井線桜井駅",
        "P33_012": -1,
        "P33_013": -1,
        "P33_014": -1,
        "P33_015": "‐",
        "P33_016": "‐",
        "P33_017": "‐",
        "P33_018": 6443,
        "P33_019": 6277,
        "P33_020": 1,
        "P33_021": 1201,
        "P33_022": 1201,
        "P33_023": -1,
        "P33_024": -1,
        "P33_041": 1
      },
      "geometry": {
        "type": "Point",
        "coordinates": [
          135.8431790001187,
          34.517821000326734
        ]
      }
    },
    {
      "type": "Feature",
      "properties": {
        "P33_001": 305,
        "P33_002": "29443",
        "P33_003": "29",
        "P33_004": 2,
        "P33_005": "下市観光文化センター",
        "P33_006": "638-0041",
        "P33_007": "下市町下市3071",
        "P33_008": "0747-52-1711",
        "P33_009": 19900831,
        "P33_010": "‐",
        "P33_011": "‐",
        "P33_012": -1,
        "P33_013": -1,
        "P33_014": -1,
        "P33_015": "‐",
        "P33_016": "‐",
        "P33_017": "‐",
        "P33_018": 11000,
        "P33_019": 3045,
        "P33_020": 1,
        "P33_021": 412,
        "P33_022": 412,
        "P33_023": 2,
        "P33_024": 1,
        "P33_041": 1
      },
      "geometry": {
        "type": "Point",
        "coordinates": [
          135.7906130125737,
          34.367151010845994
        ]
      }
    },
    {
      "type": "Feature",
      "properties": {
        "P33_001": 265,
        "P33_002": "29425",
        "P33_003": "29",
        "P33_004": 2,
        "P33_005": "王寺町やわらぎ会館",
        "P33_006": "636-0002",
        "P33_007": "王寺町王寺2-1-18",
        "P33_008": "0745-31-5555",
        "P33_009": 19950322,
        "P33_010": "‐",
        "P33_011": "‐",
        "P33_012": -1,
        "P33_013": -1,
        "P33_014": -1,
        "P33_015": "‐",
        "P33_016": "‐",
        "P33_017": "‐",
        "P33_018": 1600,
        "P33_019": 6285,
        "P33_020": 1,
        "P33_021": 202,
        "P33_022": 202,
        "P33_023": 2,
        "P33_024": -1,
        "P33_041": 1
      },
      "geometry": {
        "type": "Point",
        "coordinates": [
          135.70622099195512,
          34.594811933722745
        ]
      }
    },
    {
      "type": "Feature",
      "properties": {
        "P33_001": 227,
        "P33_002": "29361",
        "P33_003": "29",
        "P33_004": 2,
        "P33_005": "川西文化会館（コスモホール）",
        "P33_006": "636-0202",
        "P33_007": "川西町結崎32-1",
        "P33_008": "0745-44-2214",
        "P33_009": 19960920,
        "P33_010": "‐",
        "P33_011": "‐",
        "P33_012": -1,
        "P33_013": -1,
        "P33_014": -1,
        "P33_015": "‐",
        "P33_016": "‐",
        "P33_017": "‐",
        "P33_018": 9592,
        "P33_019": 5686,
        "P33_020": 1,
        "P33_021": 390,
        "P33_022": 390,
        "P33_023": -1,
        "P33_024": -1,
        "P33_041": 1
      },
      "geometry": {
        "type": "Point",
        "coordinates": [
          135.774891599964,
          34.584399079724385
        ]
      }
    },
    {
      "type": "Feature",
      "properties": {
        "P33_001": 211,
        "P33_002": "29322",
        "P33_003": "29",
        "P33_004": 2,
        "P33_005": "山添村ふるさとセンター（ふれあいホール）",
        "P33_006": "630-2344",
        "P33_007": "山添村大西1367",
        "P33_008": "0743-85-0970",
        "P33_009": 19971215,
        "P33_010": "‐",
        "P33_011": "‐",
        "P33_012": -1,
        "P33_013": -1,
        "P33_014": -1,
        "P33_015": "‐",
        "P33_016": "‐",
        "P33_017": "‐",
        "P33_018": 6463,
        "P33_019": 1616,
        "P33_020": 1,
        "P33_021": 486,
        "P33_022": 486,
        "P33_023": 1,
        "P33_024": -1,
        "P33_041": 1
      },
      "geometry": {
        "type": "Point",
        "coordinates": [
          136.04207700014618,
          34.68579100008766
        ]
      }
    },
    {
      "type": "Feature",
      "properties": {
        "P33_001": 88,
        "P33_002": "29204",
        "P33_003": "29",
        "P33_004": 2,
        "P33_005": "天理市民会館（やまのべホール）",
        "P33_006": "632-0016",
        "P33_007": "天理市川原城町739",
        "P33_008": "0743-62-3095",
        "P33_009": 19670300,
        "P33_010": "‐",
        "P33_011": "ＪＲ桜井線天理駅",
        "P33_012": -1,
        "P33_013": -1,
        "P33_014": -1,
        "P33_015": "‐",
        "P33_016": "‐",
        "P33_017": "‐",
        "P33_018": 3245,
        "P33_019": 3886,
        "P33_020": 1,
        "P33_021": 785,
        "P33_022": 785,
        "P33_023": 8,
        "P33_024": -1,
        "P33_041": 1
      },
      "geometry": {
        "type": "Point",
        "coordinates": [
          135.83263200006172,
          34.59807499971343
        ]
      }
    },
    {
      "type": "Feature",
      "properties": {
        "P33_001": 124,
        "P33_002": "29207",
        "P33_003": "29",
        "P33_004": 2,
        "P33_005": "五條市市民会館",
        "P33_006": "637-0041",
        "P33_007": "五條市本町3-1-13",
        "P33_008": "0747-23-1731",
        "P33_009": 19711021,
        "P33_010": "‐",
        "P33_011": "ＪＲ和歌山線五條駅",
        "P33_012": -1,
        "P33_013": -1,
        "P33_014": -1,
        "P33_015": "‐",
        "P33_016": "‐",
        "P33_017": "‐",
        "P33_018": 1826,
        "P33_019": 2752,
        "P33_020": 1,
        "P33_021": 395,
        "P33_022": 395,
        "P33_023": 6,
        "P33_024": -1,
        "P33_041": 1
      },
      "geometry": {
        "type": "Point",
        "coordinates": [
          135.6921008445656,
          34.353666532530234
        ]
      }
    },
    {
      "type": "Feature",
      "properties": {
        "P33_001": 89,
        "P33_002": "29204",
        "P33_003": "29",
        "P33_004": 2,
        "P33_005": "天理市文化センター",
        "P33_006": "632-0035",
        "P33_007": "天理市守目堂町117",
        "P33_008": "0743-63-5779",
        "P33_009": 19880401,
        "P33_010": "‐",
        "P33_011": "‐",
        "P33_012": -1,
        "P33_013": -1,
        "P33_014": -1,
        "P33_015": "‐",
        "P33_016": "‐",
        "P33_017": "‐",
        "P33_018": 2929,
        "P33_019": 5199,
        "P33_020": 1,
        "P33_021": 276,
        "P33_022": 276,
        "P33_023": 3,
        "P33_024": 1,
        "P33_041": 1
      },
      "geometry": {
        "type": "Point",
        "coordinates": [
          135.83648556761685,
          34.59632415582855
        ]
      }
    },
    {
      "type": "Feature",
      "properties": {
        "P33_001": 209,
        "P33_002": "29212",
        "P33_003": "29",
        "P33_004": 2,
        "P33_005": "宇陀市榛原総合センター",
        "P33_006": "633-0253",
        "P33_007": "宇陀市榛原萩原2610-1",
        "P33_008": "0745-82-3377",
        "P33_009": 19870630,
        "P33_010": "‐",
        "P33_011": "‐",
        "P33_012": -1,
        "P33_013": -1,
        "P33_014": -1,
        "P33_015": "‐",
        "P33_016": "‐",
        "P33_017": "‐",
        "P33_018": 1645,
        "P33_019": 2520,
        "P33_020": 1,
        "P33_021": 500,
        "P33_022": 500,
        "P33_023": 2,
        "P33_024": -1,
        "P33_041": 1
      },
      "geometry": {
        "type": "Point",
        "coordinates": [
          135.9574010001811,
          34.53216000030931
        ]
      }
    },
    {
      "type": "Feature",
      "properties": {
        "P33_001": 260,
        "P33_002": "29401",
        "P33_003": "29",
        "P33_004": 2,
        "P33_005": "高取市リベルテホール",
        "P33_006": "635-0154",
        "P33_007": "高取町観覚寺1023",
        "P33_008": "0744-52-3715",
        "P33_009": 19941130,
        "P33_010": "‐",
        "P33_011": "‐",
        "P33_012": -1,
        "P33_013": -1,
        "P33_014": -1,
        "P33_015": "‐",
        "P33_016": "‐",
        "P33_017": "‐",
        "P33_018": 5264,
        "P33_019": 3397,
        "P33_020": 1,
        "P33_021": 474,
        "P33_022": 474,
        "P33_023": 3,
        "P33_024": -1,
        "P33_041": 1
      },
      "geometry": {
        "type": "Point",
        "coordinates": [
          135.79055499967626,
          34.45036300067191
        ]
      }
    },
    {
      "type": "Feature",
      "properties": {
        "P33_001": 266,
        "P33_002": "29425",
        "P33_003": "29",
        "P33_004": 2,
        "P33_005": "王寺町文化福祉センター",
        "P33_006": "636-0021",
        "P33_007": "王寺町畠田9-1608",
        "P33_008": "0745-32-5201",
        "P33_009": 19821020,
        "P33_010": "‐",
        "P33_011": "‐",
        "P33_012": -1,
        "P33_013": -1,
        "P33_014": -1,
        "P33_015": "‐",
        "P33_016": "‐",
        "P33_017": "‐",
        "P33_018": 8908,
        "P33_019": 3693,
        "P33_020": 1,
        "P33_021": 668,
        "P33_022": 668,
        "P33_023": 3,
        "P33_024": 1,
        "P33_041": 1
      },
      "geometry": {
        "type": "Point",
        "coordinates": [
          135.6960109997265,
          34.57307799986179
        ]
      }
    },
    {
      "type": "Feature",
      "properties": {
        "P33_001": 68,
        "P33_002": "29202",
        "P33_003": "29",
        "P33_004": 2,
        "P33_005": "奈良県産業会館",
        "P33_006": "635-0015",
        "P33_007": "大和高田市幸町2-33",
        "P33_008": "0745-22-2727",
        "P33_009": 19850603,
        "P33_010": "‐",
        "P33_011": "‐",
        "P33_012": -1,
        "P33_013": -1,
        "P33_014": -1,
        "P33_015": "‐",
        "P33_016": "‐",
        "P33_017": "‐",
        "P33_018": 6000,
        "P33_019": 6533,
        "P33_020": 1,
        "P33_021": 618,
        "P33_022": 618,
        "P33_023": 6,
        "P33_024": 1,
        "P33_041": 1
      },
      "geometry": {
        "type": "Point",
        "coordinates": [
          135.74479994498418,
          34.51712903900327
        ]
      }
    },
    {
      "type": "Feature",
      "properties": {
        "P33_001": 125,
        "P33_002": "29207",
        "P33_003": "29",
        "P33_004": 2,
        "P33_005": "五條市立西吉野コミュニティセンター",
        "P33_006": "638-0657",
        "P33_007": "五條市西吉野町八ツ川451",
        "P33_008": "0747-34-0046",
        "P33_009": 19891215,
        "P33_010": "‐",
        "P33_011": "‐",
        "P33_012": -1,
        "P33_013": -1,
        "P33_014": -1,
        "P33_015": "‐",
        "P33_016": "‐",
        "P33_017": "‐",
        "P33_018": 4611,
        "P33_019": 1604,
        "P33_020": 1,
        "P33_021": 360,
        "P33_022": 360,
        "P33_023": 2,
        "P33_024": 1,
        "P33_041": 1
      },
      "geometry": {
        "type": "Point",
        "coordinates": [
          135.7648119999488,
          34.30390400028977
        ]
      }
    },
    {
      "type": "Feature",
      "properties": {
        "P33_001": 134,
        "P33_002": "29209",
        "P33_003": "29",
        "P33_004": 2,
        "P33_005": "生駒市コミュニティセンター",
        "P33_006": "630-0257",
        "P33_007": "生駒市元町1-6-12",
        "P33_008": "0743-73-0500",
        "P33_009": 19000300,
        "P33_010": "‐",
        "P33_011": "‐",
        "P33_012": -1,
        "P33_013": -1,
        "P33_014": -1,
        "P33_015": "‐",
        "P33_016": "‐",
        "P33_017": "‐",
        "P33_018": 1660,
        "P33_019": 4555,
        "P33_020": 1,
        "P33_021": 271,
        "P33_022": 271,
        "P33_023": 11,
        "P33_024": 1,
        "P33_041": 1
      },
      "geometry": {
        "type": "Point",
        "coordinates": [
          135.69874426145222,
          34.692045034691475
        ]
      }
    },
    {
      "type": "Feature",
      "properties": {
        "P33_001": 105,
        "P33_002": "29206",
        "P33_003": "29",
        "P33_004": 2,
        "P33_005": "桜井市まほろばセンター",
        "P33_006": "633-0091",
        "P33_007": "桜井市大字桜井1259",
        "P33_008": "0744-42-1973",
        "P33_009": 19910331,
        "P33_010": "‐",
        "P33_011": "‐",
        "P33_012": -1,
        "P33_013": -1,
        "P33_014": -1,
        "P33_015": "‐",
        "P33_016": "‐",
        "P33_017": "‐",
        "P33_018": -1,
        "P33_019": -1,
        "P33_020": 1,
        "P33_021": 200,
        "P33_022": 200,
        "P33_023": 1,
        "P33_024": 2,
        "P33_041": 1
      },
      "geometry": {
        "type": "Point",
        "coordinates": [
          135.84582767554028,
          34.51263303714397
        ]
      }
    },
    {
      "type": "Feature",
      "properties": {
        "P33_001": 237,
        "P33_002": "29362",
        "P33_003": "29",
        "P33_004": 2,
        "P33_005": "三宅町文化ホール",
        "P33_006": "636-0213",
        "P33_007": "三宅町伴堂689",
        "P33_008": "0745-44-4100",
        "P33_009": 19930622,
        "P33_010": "‐",
        "P33_011": "‐",
        "P33_012": -1,
        "P33_013": -1,
        "P33_014": -1,
        "P33_015": "‐",
        "P33_016": "‐",
        "P33_017": "‐",
        "P33_018": 6120,
        "P33_019": 1936,
        "P33_020": 1,
        "P33_021": 426,
        "P33_022": 426,
        "P33_023": 2,
        "P33_024": -1,
        "P33_041": 1
      },
      "geometry": {
        "type": "Point",
        "coordinates": [
          135.77282399968618,
          34.57373499945413
        ]
      }
    },
    {
      "type": "Feature",
      "properties": {
        "P33_001": 312,
        "P33_002": "29201",
        "P33_003": "29",
        "P33_004": 3,
        "P33_005": "秋篠音楽堂",
        "P33_006": "631-0821",
        "P33_007": "奈良市西大寺東町2-4-1（ならファミリー6Ｆ）",
        "P33_008": "0742-35-7070",
        "P33_009": -1,
        "P33_010": "‐",
        "P33_011": "近鉄奈良線大和西大寺駅",
        "P33_012": -1,
        "P33_013": -1,
        "P33_014": -1,
        "P33_015": "‐",
        "P33_016": "‐",
        "P33_017": "‐",
        "P33_018": -1,
        "P33_019": -1,
        "P33_020": -1,
        "P33_021": -1,
        "P33_022": -1,
        "P33_023": -1,
        "P33_024": -1,
        "P33_041": 1
      },
      "geometry": {
        "type": "Point",
        "coordinates": [
          135.78516641567563,
          34.695004566532745
        ]
      }
    },
    {
      "type": "Feature",
      "properties": {
        "P33_001": 319,
        "P33_002": "29450",
        "P33_003": "29",
        "P33_004": 5,
        "P33_005": "下北山スポーツ公園",
        "P33_006": "639-3805",
        "P33_007": "下北山村大字上池原1026",
        "P33_008": "0746-85-2711",
        "P33_009": -1,
        "P33_010": "‐",
        "P33_011": "奈良交通バス下北山池原",
        "P33_012": -1,
        "P33_013": -1,
        "P33_014": -1,
        "P33_015": "‐",
        "P33_016": "‐",
        "P33_017": "‐",
        "P33_018": -1,
        "P33_019": -1,
        "P33_020": -1,
        "P33_021": -1,
        "P33_022": -1,
        "P33_023": -1,
        "P33_024": -1,
        "P33_041": 1
      },
      "geometry": {
        "type": "Point",
        "coordinates": [
          135.96253472261225,
          34.04792666672436
        ]
      }
    },
    {
      "type": "Feature",
      "properties": {
        "P33_001": 313,
        "P33_002": "29201",
        "P33_003": "29",
        "P33_004": 3,
        "P33_005": "ＮＥＶＥＲＬＡＮＤ（ネバーランド）",
        "P33_006": "630-8001",
        "P33_007": "奈良市法華寺町122-1",
        "P33_008": "0742-36-2431",
        "P33_009": -1,
        "P33_010": "‐",
        "P33_011": "近鉄新大宮駅",
        "P33_012": -1,
        "P33_013": -1,
        "P33_014": -1,
        "P33_015": "‐",
        "P33_016": "‐",
        "P33_017": "‐",
        "P33_018": -1,
        "P33_019": -1,
        "P33_020": -1,
        "P33_021": -1,
        "P33_022": -1,
        "P33_023": -1,
        "P33_024": -1,
        "P33_041": 1
      },
      "geometry": {
        "type": "Point",
        "coordinates": [
          135.80999399996264,
          34.687831000402696
        ]
      }
    },
    {
      "type": "Feature",
      "properties": {
        "P33_001": 314,
        "P33_002": "29201",
        "P33_003": "29",
        "P33_004": 3,
        "P33_005": "ビバリーヒルズ",
        "P33_006": "630-8266",
        "P33_007": "奈良市大宮町2-5-1（商店街6プラザ花芝1F）",
        "P33_008": "0742-26-7444",
        "P33_009": -1,
        "P33_010": "‐",
        "P33_011": "近鉄奈良線奈良駅",
        "P33_012": -1,
        "P33_013": -1,
        "P33_014": -1,
        "P33_015": "‐",
        "P33_016": "‐",
        "P33_017": "‐",
        "P33_018": -1,
        "P33_019": -1,
        "P33_020": -1,
        "P33_021": -1,
        "P33_022": -1,
        "P33_023": -1,
        "P33_024": -1,
        "P33_041": 1
      },
      "geometry": {
        "type": "Point",
        "coordinates": [
          135.81634100013028,
          34.683318000133596
        ]
      }
    },
    {
      "type": "Feature",
      "properties": {
        "P33_001": 317,
        "P33_002": "29202",
        "P33_003": "29",
        "P33_004": 5,
        "P33_005": "大和高田市総合公園多目的グラウンド",
        "P33_006": "635-0058",
        "P33_007": "大和高田市大字西坊城414",
        "P33_008": "0745-52-4700",
        "P33_009": -1,
        "P33_010": "‐",
        "P33_011": "近鉄南大阪線浮孔駅",
        "P33_012": -1,
        "P33_013": -1,
        "P33_014": -1,
        "P33_015": "‐",
        "P33_016": "‐",
        "P33_017": "‐",
        "P33_018": -1,
        "P33_019": -1,
        "P33_020": -1,
        "P33_021": -1,
        "P33_022": -1,
        "P33_023": -1,
        "P33_024": -1,
        "P33_041": 1
      },
      "geometry": {
        "type": "Point",
        "coordinates": [
          135.74760300011883,
          34.49128000000185
        ]
      }
    }
  ],
  "bbox": [
    135.658254,
    33.96788699975246,
    136.14124,
    34.7355178405804
  ]
}