{
  "type": "FeatureCollection",
  "features": [
    {
      "type": "Feature",
      "properties": {
        "P33_001": 2,
        "P33_002": "25201",
        "P33_003": "25",
        "P33_004": 1,
        "P33_005": "大津アレックスシネマ",
        "P33_006": "520-0041",
        "P33_007": "大津市浜町2-1（浜大津アーカス4F）",
        "P33_008": "077-527-9616",
        "P33_009": -1,
        "P33_010": "http://alex-cinemas.com/otsu/",
        "P33_011": "京阪浜大津駅",
        "P33_012": 5,
        "P33_013": 823,
        "P33_014": -1,
        "P33_015": "‐",
        "P33_016": "‐",
        "P33_017": "‐",
        "P33_018": -1,
        "P33_019": -1,
        "P33_020": -1,
        "P33_021": -1,
        "P33_022": -1,
        "P33_023": -1,
        "P33_024": -1,
        "P33_041": 1
      },
      "geometry": {
        "type": "Point",
        "coordinates": [
          135.8667912899998,
          35.010790683222396
        ]
      }
    },
    {
      "type": "Feature",
      "properties": {
        "P33_001": 1,
        "P33_002": "25201",
        "P33_003": "25",
        "P33_004": 1,
        "P33_005": "ユナイテッド・シネマ大津",
        "P33_006": "520-0806",
        "P33_007": "大津市打出浜14-30（大津パルコ7F）",
        "P33_008": "0570-783-014",
        "P33_009": -1,
        "P33_010": "http://www.unitedcinemas.jp/otsu/index.html",
        "P33_011": "‐",
        "P33_012": 7,
        "P33_013": 1774,
        "P33_014": -1,
        "P33_015": "‐",
        "P33_016": "‐",
        "P33_017": "‐",
        "P33_018": -1,
        "P33_019": -1,
        "P33_020": -1,
        "P33_021": -1,
        "P33_022": -1,
        "P33_023": -1,
        "P33_024": -1,
        "P33_041": 1
      },
      "geometry": {
        "type": "Point",
        "coordinates": [
          135.8792341415877,
          35.00447367225696
        ]
      }
    },
    {
      "type": "Feature",
      "properties": {
        "P33_001": 5,
        "P33_002": "25206",
        "P33_003": "25",
        "P33_004": 1,
        "P33_005": "イオンシネマ草津",
        "P33_006": "525-0067",
        "P33_007": "草津市新浜町300（イオンモール草津3F）",
        "P33_008": "077-561-4545",
        "P33_009": -1,
        "P33_010": "http://www.aeoncinema.com/cinema/kusatsu/",
        "P33_011": "ＪＲ南草津駅",
        "P33_012": 9,
        "P33_013": 1556,
        "P33_014": -1,
        "P33_015": "‐",
        "P33_016": "‐",
        "P33_017": "‐",
        "P33_018": -1,
        "P33_019": -1,
        "P33_020": -1,
        "P33_021": -1,
        "P33_022": -1,
        "P33_023": -1,
        "P33_024": -1,
        "P33_041": 1
      },
      "geometry": {
        "type": "Point",
        "coordinates": [
          135.9126964320182,
          34.9980473120679
        ]
      }
    },
    {
      "type": "Feature",
      "properties": {
        "P33_001": 4,
        "P33_002": "25204",
        "P33_003": "25",
        "P33_004": 1,
        "P33_005": "イオンシネマ近江八幡",
        "P33_006": "523-0891",
        "P33_007": "近江八幡市鷹飼町190-9（イオン近江八幡SC2番街4F）",
        "P33_008": "0748-37-3433",
        "P33_009": -1,
        "P33_010": "http://www.aeoncinema.com/cinema/oumihachiman/",
        "P33_011": "ＪＲ近江八幡駅",
        "P33_012": 8,
        "P33_013": 1762,
        "P33_014": -1,
        "P33_015": "‐",
        "P33_016": "‐",
        "P33_017": "‐",
        "P33_018": -1,
        "P33_019": -1,
        "P33_020": -1,
        "P33_021": -1,
        "P33_022": -1,
        "P33_023": -1,
        "P33_024": -1,
        "P33_041": 1
      },
      "geometry": {
        "type": "Point",
        "coordinates": [
          136.1044725000918,
          35.120460555252855
        ]
      }
    },
    {
      "type": "Feature",
      "properties": {
        "P33_001": 6,
        "P33_002": "25209",
        "P33_003": "25",
        "P33_004": 1,
        "P33_005": "水口アレックスシネマ",
        "P33_006": "528-0037",
        "P33_007": "甲賀市水口町本綾野566-1（アル・プラザ水口別棟2F）",
        "P33_008": "0748-63-8801",
        "P33_009": -1,
        "P33_010": "http://www.alex-cinemas.com/minakuti/",
        "P33_011": "‐",
        "P33_012": 5,
        "P33_013": 980,
        "P33_014": -1,
        "P33_015": "‐",
        "P33_016": "‐",
        "P33_017": "‐",
        "P33_018": -1,
        "P33_019": -1,
        "P33_020": -1,
        "P33_021": -1,
        "P33_022": -1,
        "P33_023": -1,
        "P33_024": -1,
        "P33_041": 1
      },
      "geometry": {
        "type": "Point",
        "coordinates": [
          136.16999916658582,
          34.976795277760154
        ]
      }
    },
    {
      "type": "Feature",
      "properties": {
        "P33_001": 3,
        "P33_002": "25202",
        "P33_003": "25",
        "P33_004": 1,
        "P33_005": "彦根ビバシティ・シネマ",
        "P33_006": "522-0044",
        "P33_007": "彦根市竹ヶ鼻町43-1",
        "P33_008": "0749-26-1002",
        "P33_009": -1,
        "P33_010": "http://www.vivacitycinema.co.jp/",
        "P33_011": "ＪＲ南彦根駅",
        "P33_012": 4,
        "P33_013": 555,
        "P33_014": -1,
        "P33_015": "‐",
        "P33_016": "‐",
        "P33_017": "‐",
        "P33_018": -1,
        "P33_019": -1,
        "P33_020": -1,
        "P33_021": -1,
        "P33_022": -1,
        "P33_023": -1,
        "P33_024": -1,
        "P33_041": 1
      },
      "geometry": {
        "type": "Point",
        "coordinates": [
          136.25023784100998,
          35.243832079132325
        ]
      }
    },
    {
      "type": "Feature",
      "properties": {
        "P33_001": 215,
        "P33_002": "25203",
        "P33_003": "25",
        "P33_004": 5,
        "P33_005": "滋賀県立長浜ドーム",
        "P33_006": "526-0829",
        "P33_007": "長浜市田村町1320",
        "P33_008": "0749-64-0808",
        "P33_009": -1,
        "P33_010": "‐",
        "P33_011": "ＪＲ北陸本線田村駅",
        "P33_012": -1,
        "P33_013": -1,
        "P33_014": -1,
        "P33_015": "349",
        "P33_016": "‐",
        "P33_017": "‐",
        "P33_018": -1,
        "P33_019": -1,
        "P33_020": -1,
        "P33_021": -1,
        "P33_022": -1,
        "P33_023": -1,
        "P33_024": -1,
        "P33_041": 1
      },
      "geometry": {
        "type": "Point",
        "coordinates": [
          136.28152821432795,
          35.35256083396233
        ]
      }
    },
    {
      "type": "Feature",
      "properties": {
        "P33_001": 232,
        "P33_002": "25212",
        "P33_003": "25",
        "P33_004": 6,
        "P33_005": "家族旅行村ビラデスト今津",
        "P33_006": "520-1601",
        "P33_007": "高島市今津町深清水2405-1",
        "P33_008": "0740-22-6868",
        "P33_009": -1,
        "P33_010": "‐",
        "P33_011": "‐",
        "P33_012": -1,
        "P33_013": -1,
        "P33_014": -1,
        "P33_015": "244",
        "P33_016": "9:00～17:00(平日)､9:00～21:00(日祝日)",
        "P33_017": "有",
        "P33_018": -1,
        "P33_019": -1,
        "P33_020": -1,
        "P33_021": -1,
        "P33_022": -1,
        "P33_023": -1,
        "P33_024": -1,
        "P33_041": 1
      },
      "geometry": {
        "type": "Point",
        "coordinates": [
          135.99807042329584,
          35.45922781748231
        ]
      }
    },
    {
      "type": "Feature",
      "properties": {
        "P33_001": 227,
        "P33_002": "25206",
        "P33_003": "25",
        "P33_004": 6,
        "P33_005": "滋賀県立琵琶湖博物館",
        "P33_006": "525-0001",
        "P33_007": "草津市下物町1091",
        "P33_008": "077-568-4811",
        "P33_009": -1,
        "P33_010": "‐",
        "P33_011": "‐",
        "P33_012": -1,
        "P33_013": -1,
        "P33_014": -1,
        "P33_015": "311",
        "P33_016": "9:30～17:00",
        "P33_017": "有",
        "P33_018": -1,
        "P33_019": -1,
        "P33_020": -1,
        "P33_021": -1,
        "P33_022": -1,
        "P33_023": -1,
        "P33_024": -1,
        "P33_041": 1
      },
      "geometry": {
        "type": "Point",
        "coordinates": [
          135.93493601513916,
          35.074175368748726
        ]
      }
    },
    {
      "type": "Feature",
      "properties": {
        "P33_001": 48,
        "P33_002": "25201",
        "P33_003": "25",
        "P33_004": 2,
        "P33_005": "真野北公民館",
        "P33_006": "520-0221",
        "P33_007": "大津市緑町4-1",
        "P33_008": "077-574-3211",
        "P33_009": 19940000,
        "P33_010": "‐",
        "P33_011": "‐",
        "P33_012": -1,
        "P33_013": -1,
        "P33_014": 2,
        "P33_015": "‐",
        "P33_016": "‐",
        "P33_017": "‐",
        "P33_018": -1,
        "P33_019": 986,
        "P33_020": -1,
        "P33_021": -1,
        "P33_022": -1,
        "P33_023": -1,
        "P33_024": -1,
        "P33_041": 1
      },
      "geometry": {
        "type": "Point",
        "coordinates": [
          135.90883352194183,
          35.141663198416076
        ]
      }
    },
    {
      "type": "Feature",
      "properties": {
        "P33_001": 7,
        "P33_002": "25201",
        "P33_003": "25",
        "P33_004": 2,
        "P33_005": "市立堅田公民館",
        "P33_006": "520-0242",
        "P33_007": "大津市本堅田3-8-1",
        "P33_008": "077-572-0222",
        "P33_009": 19670000,
        "P33_010": "‐",
        "P33_011": "‐",
        "P33_012": -1,
        "P33_013": -1,
        "P33_014": 2,
        "P33_015": "‐",
        "P33_016": "‐",
        "P33_017": "‐",
        "P33_018": -1,
        "P33_019": 1047,
        "P33_020": -1,
        "P33_021": -1,
        "P33_022": -1,
        "P33_023": -1,
        "P33_024": -1,
        "P33_041": 1
      },
      "geometry": {
        "type": "Point",
        "coordinates": [
          135.91480388868246,
          35.114298889421406
        ]
      }
    },
    {
      "type": "Feature",
      "properties": {
        "P33_001": 8,
        "P33_002": "25201",
        "P33_003": "25",
        "P33_004": 2,
        "P33_005": "市立唐崎公民館",
        "P33_006": "520-0106",
        "P33_007": "大津市唐崎2-10-1",
        "P33_008": "075-578-3084",
        "P33_009": 19820000,
        "P33_010": "‐",
        "P33_011": "‐",
        "P33_012": -1,
        "P33_013": -1,
        "P33_014": 2,
        "P33_015": "‐",
        "P33_016": "‐",
        "P33_017": "‐",
        "P33_018": -1,
        "P33_019": 931,
        "P33_020": -1,
        "P33_021": -1,
        "P33_022": -1,
        "P33_023": -1,
        "P33_024": -1,
        "P33_041": 1
      },
      "geometry": {
        "type": "Point",
        "coordinates": [
          135.8656509089314,
          35.04857998553219
        ]
      }
    },
    {
      "type": "Feature",
      "properties": {
        "P33_001": 9,
        "P33_002": "25201",
        "P33_003": "25",
        "P33_004": 2,
        "P33_005": "伊香立公民館",
        "P33_006": "520-0355",
        "P33_007": "大津市伊香立生津町133-1",
        "P33_008": "077-598-2001",
        "P33_009": 19820000,
        "P33_010": "‐",
        "P33_011": "‐",
        "P33_012": -1,
        "P33_013": -1,
        "P33_014": 2,
        "P33_015": "‐",
        "P33_016": "‐",
        "P33_017": "‐",
        "P33_018": -1,
        "P33_019": 539,
        "P33_020": -1,
        "P33_021": -1,
        "P33_022": -1,
        "P33_023": -1,
        "P33_024": -1,
        "P33_041": 1
      },
      "geometry": {
        "type": "Point",
        "coordinates": [
          135.8726071694319,
          35.14227834899003
        ]
      }
    },
    {
      "type": "Feature",
      "properties": {
        "P33_001": 10,
        "P33_002": "25201",
        "P33_003": "25",
        "P33_004": 2,
        "P33_005": "下阪本公民館",
        "P33_006": "520-0105",
        "P33_007": "大津市下阪本3-14-30",
        "P33_008": "077-578-0017",
        "P33_009": 19790000,
        "P33_010": "‐",
        "P33_011": "‐",
        "P33_012": -1,
        "P33_013": -1,
        "P33_014": 2,
        "P33_015": "‐",
        "P33_016": "‐",
        "P33_017": "‐",
        "P33_018": -1,
        "P33_019": 1275,
        "P33_020": -1,
        "P33_021": -1,
        "P33_022": -1,
        "P33_023": -1,
        "P33_024": -1,
        "P33_041": 1
      },
      "geometry": {
        "type": "Point",
        "coordinates": [
          135.87623194438743,
          35.062389444846566
        ]
      }
    },
    {
      "type": "Feature",
      "properties": {
        "P33_001": 11,
        "P33_002": "25201",
        "P33_003": "25",
        "P33_004": 2,
        "P33_005": "仰木の里公民館",
        "P33_006": "520-0246",
        "P33_007": "大津市仰木の里7-1-25",
        "P33_008": "077-573-7135",
        "P33_009": 19970000,
        "P33_010": "‐",
        "P33_011": "‐",
        "P33_012": -1,
        "P33_013": -1,
        "P33_014": 2,
        "P33_015": "‐",
        "P33_016": "‐",
        "P33_017": "‐",
        "P33_018": -1,
        "P33_019": 1027,
        "P33_020": -1,
        "P33_021": -1,
        "P33_022": -1,
        "P33_023": -1,
        "P33_024": -1,
        "P33_041": 1
      },
      "geometry": {
        "type": "Point",
        "coordinates": [
          135.89419777782345,
          35.109095277447715
        ]
      }
    },
    {
      "type": "Feature",
      "properties": {
        "P33_001": 12,
        "P33_002": "25201",
        "P33_003": "25",
        "P33_004": 2,
        "P33_005": "仰木公民館",
        "P33_006": "520-0247",
        "P33_007": "大津市仰木4-15-11",
        "P33_008": "077-572-0205",
        "P33_009": 19750000,
        "P33_010": "‐",
        "P33_011": "‐",
        "P33_012": -1,
        "P33_013": -1,
        "P33_014": 2,
        "P33_015": "‐",
        "P33_016": "‐",
        "P33_017": "‐",
        "P33_018": -1,
        "P33_019": -1,
        "P33_020": -1,
        "P33_021": -1,
        "P33_022": -1,
        "P33_023": -1,
        "P33_024": -1,
        "P33_041": 1
      },
      "geometry": {
        "type": "Point",
        "coordinates": [
          135.88219555570578,
          35.10815416683284
        ]
      }
    },
    {
      "type": "Feature",
      "properties": {
        "P33_001": 13,
        "P33_002": "25201",
        "P33_003": "25",
        "P33_004": 2,
        "P33_005": "滋賀公民館",
        "P33_006": "520-0011",
        "P33_007": "大津市南志賀1-8-32",
        "P33_008": "077-522-2180",
        "P33_009": 19740000,
        "P33_010": "‐",
        "P33_011": "‐",
        "P33_012": -1,
        "P33_013": -1,
        "P33_014": 2,
        "P33_015": "‐",
        "P33_016": "‐",
        "P33_017": "‐",
        "P33_018": -1,
        "P33_019": 904,
        "P33_020": -1,
        "P33_021": -1,
        "P33_022": -1,
        "P33_023": -1,
        "P33_024": -1,
        "P33_041": 1
      },
      "geometry": {
        "type": "Point",
        "coordinates": [
          135.85705276182995,
          35.03565055554573
        ]
      }
    },
    {
      "type": "Feature",
      "properties": {
        "P33_001": 14,
        "P33_002": "25201",
        "P33_003": "25",
        "P33_004": 2,
        "P33_005": "真野公民館",
        "P33_006": "520-0232",
        "P33_007": "大津市真野4-6-2",
        "P33_008": "077-572-1164",
        "P33_009": 19640000,
        "P33_010": "‐",
        "P33_011": "‐",
        "P33_012": -1,
        "P33_013": -1,
        "P33_014": 2,
        "P33_015": "‐",
        "P33_016": "‐",
        "P33_017": "‐",
        "P33_018": -1,
        "P33_019": 1315,
        "P33_020": -1,
        "P33_021": -1,
        "P33_022": -1,
        "P33_023": -1,
        "P33_024": -1,
        "P33_041": 1
      },
      "geometry": {
        "type": "Point",
        "coordinates": [
          135.91265033002745,
          35.13155786786057
        ]
      }
    },
    {
      "type": "Feature",
      "properties": {
        "P33_001": 15,
        "P33_002": "25201",
        "P33_003": "25",
        "P33_004": 2,
        "P33_005": "瀬田公民館",
        "P33_006": "520-2141",
        "P33_007": "大津市大江3-2-1",
        "P33_008": "077-545-4084",
        "P33_009": 19670000,
        "P33_010": "‐",
        "P33_011": "‐",
        "P33_012": -1,
        "P33_013": -1,
        "P33_014": 2,
        "P33_015": "‐",
        "P33_016": "‐",
        "P33_017": "‐",
        "P33_018": -1,
        "P33_019": 1810,
        "P33_020": -1,
        "P33_021": -1,
        "P33_022": -1,
        "P33_023": -1,
        "P33_024": -1,
        "P33_041": 1
      },
      "geometry": {
        "type": "Point",
        "coordinates": [
          135.91987720697307,
          34.9812620280643
        ]
      }
    },
    {
      "type": "Feature",
      "properties": {
        "P33_001": 16,
        "P33_002": "25201",
        "P33_003": "25",
        "P33_004": 2,
        "P33_005": "晴嵐公民館",
        "P33_006": "520-0843",
        "P33_007": "大津市北大路1-9-5",
        "P33_008": "077-537-3221",
        "P33_009": 19700000,
        "P33_010": "‐",
        "P33_011": "‐",
        "P33_012": -1,
        "P33_013": -1,
        "P33_014": 2,
        "P33_015": "‐",
        "P33_016": "‐",
        "P33_017": "‐",
        "P33_018": -1,
        "P33_019": 995,
        "P33_020": -1,
        "P33_021": -1,
        "P33_022": -1,
        "P33_023": -1,
        "P33_024": -1,
        "P33_041": 1
      },
      "geometry": {
        "type": "Point",
        "coordinates": [
          135.89923679362371,
          34.975785623660485
        ]
      }
    },
    {
      "type": "Feature",
      "properties": {
        "P33_001": 17,
        "P33_002": "25201",
        "P33_003": "25",
        "P33_004": 2,
        "P33_005": "石山公民館",
        "P33_006": "520-0861",
        "P33_007": "大津市石山寺3-15-15",
        "P33_008": "077-537-0001",
        "P33_009": 19860000,
        "P33_010": "‐",
        "P33_011": "‐",
        "P33_012": -1,
        "P33_013": -1,
        "P33_014": 2,
        "P33_015": "‐",
        "P33_016": "‐",
        "P33_017": "‐",
        "P33_018": -1,
        "P33_019": 921,
        "P33_020": -1,
        "P33_021": -1,
        "P33_022": -1,
        "P33_023": -1,
        "P33_024": -1,
        "P33_041": 1
      },
      "geometry": {
        "type": "Point",
        "coordinates": [
          135.90836333329105,
          34.95410583302074
        ]
      }
    },
    {
      "type": "Feature",
      "properties": {
        "P33_001": 18,
        "P33_002": "25201",
        "P33_003": "25",
        "P33_004": 2,
        "P33_005": "膳所公民館",
        "P33_006": "520-0814",
        "P33_007": "大津市本丸町6-40",
        "P33_008": "077-524-2205",
        "P33_009": 19690000,
        "P33_010": "‐",
        "P33_011": "‐",
        "P33_012": -1,
        "P33_013": -1,
        "P33_014": 2,
        "P33_015": "‐",
        "P33_016": "‐",
        "P33_017": "‐",
        "P33_018": -1,
        "P33_019": 2082,
        "P33_020": -1,
        "P33_021": -1,
        "P33_022": -1,
        "P33_023": -1,
        "P33_024": -1,
        "P33_041": 1
      },
      "geometry": {
        "type": "Point",
        "coordinates": [
          135.89370300011979,
          34.994733000094485
        ]
      }
    },
    {
      "type": "Feature",
      "properties": {
        "P33_001": 19,
        "P33_002": "25201",
        "P33_003": "25",
        "P33_004": 2,
        "P33_005": "市教育委員会山中比叡平公民館",
        "P33_006": "520-0016",
        "P33_007": "大津市比叡平3-57-1",
        "P33_008": "077-529-0146",
        "P33_009": 19840000,
        "P33_010": "‐",
        "P33_011": "‐",
        "P33_012": -1,
        "P33_013": -1,
        "P33_014": 2,
        "P33_015": "‐",
        "P33_016": "‐",
        "P33_017": "‐",
        "P33_018": -1,
        "P33_019": 488,
        "P33_020": -1,
        "P33_021": -1,
        "P33_022": -1,
        "P33_023": -1,
        "P33_024": -1,
        "P33_041": 1
      },
      "geometry": {
        "type": "Point",
        "coordinates": [
          135.8313664326685,
          35.03133620954667
        ]
      }
    },
    {
      "type": "Feature",
      "properties": {
        "P33_001": 20,
        "P33_002": "25201",
        "P33_003": "25",
        "P33_004": 2,
        "P33_005": "市教育委員会富士見公民館",
        "P33_006": "520-0842",
        "P33_007": "大津市園山2-15-33",
        "P33_008": "077-534-8122",
        "P33_009": 19810000,
        "P33_010": "‐",
        "P33_011": "‐",
        "P33_012": -1,
        "P33_013": -1,
        "P33_014": 2,
        "P33_015": "‐",
        "P33_016": "‐",
        "P33_017": "‐",
        "P33_018": -1,
        "P33_019": 965,
        "P33_020": -1,
        "P33_021": -1,
        "P33_022": -1,
        "P33_023": -1,
        "P33_024": -1,
        "P33_041": 1
      },
      "geometry": {
        "type": "Point",
        "coordinates": [
          135.8879183338182,
          34.985535277827125
        ]
      }
    },
    {
      "type": "Feature",
      "properties": {
        "P33_001": 21,
        "P33_002": "25201",
        "P33_003": "25",
        "P33_004": 2,
        "P33_005": "瀬田北公民館",
        "P33_006": "520-2145",
        "P33_007": "大津市大将軍1-14-30",
        "P33_008": "077-544-2021",
        "P33_009": 19910000,
        "P33_010": "‐",
        "P33_011": "‐",
        "P33_012": -1,
        "P33_013": -1,
        "P33_014": 2,
        "P33_015": "‐",
        "P33_016": "‐",
        "P33_017": "‐",
        "P33_018": -1,
        "P33_019": 961,
        "P33_020": -1,
        "P33_021": -1,
        "P33_022": -1,
        "P33_023": -1,
        "P33_024": -1,
        "P33_041": 1
      },
      "geometry": {
        "type": "Point",
        "coordinates": [
          135.92436718480687,
          34.991391584054576
        ]
      }
    },
    {
      "type": "Feature",
      "properties": {
        "P33_001": 22,
        "P33_002": "25201",
        "P33_003": "25",
        "P33_004": 2,
        "P33_005": "市立大石公民館",
        "P33_006": "520-2263",
        "P33_007": "大津市大石中1-7-4",
        "P33_008": "077-546-1002",
        "P33_009": 19800000,
        "P33_010": "‐",
        "P33_011": "‐",
        "P33_012": -1,
        "P33_013": -1,
        "P33_014": 2,
        "P33_015": "‐",
        "P33_016": "‐",
        "P33_017": "‐",
        "P33_018": -1,
        "P33_019": 568,
        "P33_020": -1,
        "P33_021": -1,
        "P33_022": -1,
        "P33_023": -1,
        "P33_024": -1,
        "P33_041": 1
      },
      "geometry": {
        "type": "Point",
        "coordinates": [
          135.91310638863715,
          34.91020916667411
        ]
      }
    },
    {
      "type": "Feature",
      "properties": {
        "P33_001": 23,
        "P33_002": "25201",
        "P33_003": "25",
        "P33_004": 2,
        "P33_005": "市立逢坂公民館",
        "P33_006": "520-0044",
        "P33_007": "大津市京町3-1-3",
        "P33_008": "077-524-7827",
        "P33_009": 19830000,
        "P33_010": "‐",
        "P33_011": "‐",
        "P33_012": -1,
        "P33_013": -1,
        "P33_014": 2,
        "P33_015": "‐",
        "P33_016": "‐",
        "P33_017": "‐",
        "P33_018": -1,
        "P33_019": 969,
        "P33_020": -1,
        "P33_021": -1,
        "P33_022": -1,
        "P33_023": -1,
        "P33_024": -1,
        "P33_041": 1
      },
      "geometry": {
        "type": "Point",
        "coordinates": [
          135.86551722265037,
          35.00435861113724
        ]
      }
    },
    {
      "type": "Feature",
      "properties": {
        "P33_001": 24,
        "P33_002": "25201",
        "P33_003": "25",
        "P33_004": 2,
        "P33_005": "市立坂本公民館",
        "P33_006": "520-0113",
        "P33_007": "大津市坂本6-1-12",
        "P33_008": "077-578-0015",
        "P33_009": 19830000,
        "P33_010": "‐",
        "P33_011": "‐",
        "P33_012": -1,
        "P33_013": -1,
        "P33_014": 2,
        "P33_015": "‐",
        "P33_016": "‐",
        "P33_017": "‐",
        "P33_018": -1,
        "P33_019": 692,
        "P33_020": -1,
        "P33_021": -1,
        "P33_022": -1,
        "P33_023": -1,
        "P33_024": -1,
        "P33_041": 1
      },
      "geometry": {
        "type": "Point",
        "coordinates": [
          135.8707783335135,
          35.0714505557698
        ]
      }
    },
    {
      "type": "Feature",
      "properties": {
        "P33_001": 25,
        "P33_002": "25201",
        "P33_003": "25",
        "P33_004": 2,
        "P33_005": "市立小野公民館",
        "P33_006": "520-0532",
        "P33_007": "大津市湖青1-1-2",
        "P33_008": "077-594-2000",
        "P33_009": 19820000,
        "P33_010": "‐",
        "P33_011": "‐",
        "P33_012": -1,
        "P33_013": -1,
        "P33_014": 2,
        "P33_015": "‐",
        "P33_016": "‐",
        "P33_017": "‐",
        "P33_018": -1,
        "P33_019": 364,
        "P33_020": -1,
        "P33_021": -1,
        "P33_022": -1,
        "P33_023": -1,
        "P33_024": -1,
        "P33_041": 1
      },
      "geometry": {
        "type": "Point",
        "coordinates": [
          135.92229000033728,
          35.14196694455212
        ]
      }
    },
    {
      "type": "Feature",
      "properties": {
        "P33_001": 26,
        "P33_002": "25201",
        "P33_003": "25",
        "P33_004": 2,
        "P33_005": "市立小野公民館分館",
        "P33_006": "520-0532",
        "P33_007": "大津市湖青1-1-5",
        "P33_008": "077-594-2000",
        "P33_009": 19880000,
        "P33_010": "‐",
        "P33_011": "‐",
        "P33_012": -1,
        "P33_013": -1,
        "P33_014": 3,
        "P33_015": "‐",
        "P33_016": "‐",
        "P33_017": "‐",
        "P33_018": -1,
        "P33_019": 220,
        "P33_020": -1,
        "P33_021": -1,
        "P33_022": -1,
        "P33_023": -1,
        "P33_024": -1,
        "P33_041": 1
      },
      "geometry": {
        "type": "Point",
        "coordinates": [
          135.92249294997816,
          35.138987838778846
        ]
      }
    },
    {
      "type": "Feature",
      "properties": {
        "P33_001": 27,
        "P33_002": "25201",
        "P33_003": "25",
        "P33_004": 2,
        "P33_005": "市立上田上公民館",
        "P33_006": "520-2112",
        "P33_007": "大津市牧1-1-24",
        "P33_008": "077-549-0003",
        "P33_009": 19800000,
        "P33_010": "‐",
        "P33_011": "‐",
        "P33_012": -1,
        "P33_013": -1,
        "P33_014": 2,
        "P33_015": "‐",
        "P33_016": "‐",
        "P33_017": "‐",
        "P33_018": -1,
        "P33_019": 471,
        "P33_020": -1,
        "P33_021": -1,
        "P33_022": -1,
        "P33_023": -1,
        "P33_024": -1,
        "P33_041": 1
      },
      "geometry": {
        "type": "Point",
        "coordinates": [
          135.96192388863082,
          34.95954611110867
        ]
      }
    },
    {
      "type": "Feature",
      "properties": {
        "P33_001": 28,
        "P33_002": "25201",
        "P33_003": "25",
        "P33_004": 2,
        "P33_005": "市立瀬田東公民館",
        "P33_006": "520-2153",
        "P33_007": "大津市一里山3-16-1",
        "P33_008": "077-545-9001",
        "P33_009": 19920000,
        "P33_010": "‐",
        "P33_011": "‐",
        "P33_012": -1,
        "P33_013": -1,
        "P33_014": 2,
        "P33_015": "‐",
        "P33_016": "‐",
        "P33_017": "‐",
        "P33_018": -1,
        "P33_019": 1081,
        "P33_020": -1,
        "P33_021": -1,
        "P33_022": -1,
        "P33_023": -1,
        "P33_024": -1,
        "P33_041": 1
      },
      "geometry": {
        "type": "Point",
        "coordinates": [
          135.93448177272867,
          34.984837522815866
        ]
      }
    },
    {
      "type": "Feature",
      "properties": {
        "P33_001": 29,
        "P33_002": "25201",
        "P33_003": "25",
        "P33_004": 2,
        "P33_005": "市立瀬田南公民館",
        "P33_006": "520-2132",
        "P33_007": "大津市神領3-8-9",
        "P33_008": "077-544-2031",
        "P33_009": 19910000,
        "P33_010": "‐",
        "P33_011": "‐",
        "P33_012": -1,
        "P33_013": -1,
        "P33_014": 2,
        "P33_015": "‐",
        "P33_016": "‐",
        "P33_017": "‐",
        "P33_018": -1,
        "P33_019": 931,
        "P33_020": -1,
        "P33_021": -1,
        "P33_022": -1,
        "P33_023": -1,
        "P33_024": -1,
        "P33_041": 1
      },
      "geometry": {
        "type": "Point",
        "coordinates": [
          135.91418750013239,
          34.97128944384714
        ]
      }
    },
    {
      "type": "Feature",
      "properties": {
        "P33_001": 30,
        "P33_002": "25201",
        "P33_003": "25",
        "P33_004": 2,
        "P33_005": "市立大津公民館",
        "P33_006": "520-0042",
        "P33_007": "大津市島ノ関14-1",
        "P33_008": "077-526-2666",
        "P33_009": 19470000,
        "P33_010": "‐",
        "P33_011": "‐",
        "P33_012": -1,
        "P33_013": -1,
        "P33_014": 4,
        "P33_015": "‐",
        "P33_016": "‐",
        "P33_017": "‐",
        "P33_018": -1,
        "P33_019": 2015,
        "P33_020": -1,
        "P33_021": -1,
        "P33_022": -1,
        "P33_023": -1,
        "P33_024": -1,
        "P33_041": 1
      },
      "geometry": {
        "type": "Point",
        "coordinates": [
          135.8697842268466,
          35.00951405468975
        ]
      }
    },
    {
      "type": "Feature",
      "properties": {
        "P33_001": 31,
        "P33_002": "25201",
        "P33_003": "25",
        "P33_004": 2,
        "P33_005": "市立田上公民館",
        "P33_006": "520-2276",
        "P33_007": "大津市里3-9-1",
        "P33_008": "077-546-0001",
        "P33_009": 19790000,
        "P33_010": "‐",
        "P33_011": "‐",
        "P33_012": -1,
        "P33_013": -1,
        "P33_014": 2,
        "P33_015": "‐",
        "P33_016": "‐",
        "P33_017": "‐",
        "P33_018": -1,
        "P33_019": 699,
        "P33_020": -1,
        "P33_021": -1,
        "P33_022": -1,
        "P33_023": -1,
        "P33_024": -1,
        "P33_041": 1
      },
      "geometry": {
        "type": "Point",
        "coordinates": [
          135.92887445544008,
          34.93828036049396
        ]
      }
    },
    {
      "type": "Feature",
      "properties": {
        "P33_001": 32,
        "P33_002": "25201",
        "P33_003": "25",
        "P33_004": 2,
        "P33_005": "市立平野公民館",
        "P33_006": "520-0806",
        "P33_007": "大津市打出浜10-30",
        "P33_008": "077-522-6276",
        "P33_009": 19780000,
        "P33_010": "‐",
        "P33_011": "‐",
        "P33_012": -1,
        "P33_013": -1,
        "P33_014": 2,
        "P33_015": "‐",
        "P33_016": "‐",
        "P33_017": "‐",
        "P33_018": -1,
        "P33_019": 557,
        "P33_020": -1,
        "P33_021": -1,
        "P33_022": -1,
        "P33_023": -1,
        "P33_024": -1,
        "P33_041": 1
      },
      "geometry": {
        "type": "Point",
        "coordinates": [
          135.87949840437076,
          35.00293166666121
        ]
      }
    },
    {
      "type": "Feature",
      "properties": {
        "P33_001": 33,
        "P33_002": "25201",
        "P33_003": "25",
        "P33_004": 2,
        "P33_005": "市立雄琴公民館",
        "P33_006": "520-0101",
        "P33_007": "大津市雄琴1-17-2",
        "P33_008": "077-578-1035",
        "P33_009": 19770000,
        "P33_010": "‐",
        "P33_011": "‐",
        "P33_012": -1,
        "P33_013": -1,
        "P33_014": 2,
        "P33_015": "‐",
        "P33_016": "‐",
        "P33_017": "‐",
        "P33_018": -1,
        "P33_019": 574,
        "P33_020": -1,
        "P33_021": -1,
        "P33_022": -1,
        "P33_023": -1,
        "P33_024": -1,
        "P33_041": 1
      },
      "geometry": {
        "type": "Point",
        "coordinates": [
          135.89563384451546,
          35.090056028465234
        ]
      }
    },
    {
      "type": "Feature",
      "properties": {
        "P33_001": 34,
        "P33_002": "25201",
        "P33_003": "25",
        "P33_004": 2,
        "P33_005": "市立和邇公民館",
        "P33_006": "520-0526",
        "P33_007": "大津市和邇中94-1",
        "P33_008": "077-594-2234",
        "P33_009": 19710000,
        "P33_010": "‐",
        "P33_011": "‐",
        "P33_012": -1,
        "P33_013": -1,
        "P33_014": 2,
        "P33_015": "‐",
        "P33_016": "‐",
        "P33_017": "‐",
        "P33_018": -1,
        "P33_019": 566,
        "P33_020": -1,
        "P33_021": -1,
        "P33_022": -1,
        "P33_023": -1,
        "P33_024": -1,
        "P33_041": 1
      },
      "geometry": {
        "type": "Point",
        "coordinates": [
          135.92105541090098,
          35.156315750715706
        ]
      }
    },
    {
      "type": "Feature",
      "properties": {
        "P33_001": 35,
        "P33_002": "25201",
        "P33_003": "25",
        "P33_004": 2,
        "P33_005": "市立葛川公民館",
        "P33_006": "520-0475",
        "P33_007": "大津市葛川坊村町237-37",
        "P33_008": "077-599-2001",
        "P33_009": 19820000,
        "P33_010": "‐",
        "P33_011": "‐",
        "P33_012": -1,
        "P33_013": -1,
        "P33_014": 2,
        "P33_015": "‐",
        "P33_016": "‐",
        "P33_017": "‐",
        "P33_018": -1,
        "P33_019": 510,
        "P33_020": -1,
        "P33_021": -1,
        "P33_022": -1,
        "P33_023": -1,
        "P33_024": -1,
        "P33_041": 1
      },
      "geometry": {
        "type": "Point",
        "coordinates": [
          135.86688899997333,
          35.24799099950693
        ]
      }
    },
    {
      "type": "Feature",
      "properties": {
        "P33_001": 36,
        "P33_002": "25201",
        "P33_003": "25",
        "P33_004": 2,
        "P33_005": "中央公民館",
        "P33_006": "520-0043",
        "P33_007": "大津市中央2-2-5",
        "P33_008": "077-526-4835",
        "P33_009": 19850000,
        "P33_010": "‐",
        "P33_011": "‐",
        "P33_012": -1,
        "P33_013": -1,
        "P33_014": 2,
        "P33_015": "‐",
        "P33_016": "‐",
        "P33_017": "‐",
        "P33_018": -1,
        "P33_019": 984,
        "P33_020": -1,
        "P33_021": -1,
        "P33_022": -1,
        "P33_023": -1,
        "P33_024": -1,
        "P33_041": 1
      },
      "geometry": {
        "type": "Point",
        "coordinates": [
          135.86547025588166,
          35.008404916570534
        ]
      }
    },
    {
      "type": "Feature",
      "properties": {
        "P33_001": 37,
        "P33_002": "25201",
        "P33_003": "25",
        "P33_004": 2,
        "P33_005": "長等公民館",
        "P33_006": "520-0033",
        "P33_007": "大津市大門通16-40",
        "P33_008": "077-525-0854",
        "P33_009": 19790000,
        "P33_010": "‐",
        "P33_011": "‐",
        "P33_012": -1,
        "P33_013": -1,
        "P33_014": 2,
        "P33_015": "‐",
        "P33_016": "‐",
        "P33_017": "‐",
        "P33_018": -1,
        "P33_019": 638,
        "P33_020": -1,
        "P33_021": -1,
        "P33_022": -1,
        "P33_023": -1,
        "P33_024": -1,
        "P33_041": 1
      },
      "geometry": {
        "type": "Point",
        "coordinates": [
          135.85787366787932,
          35.0149496548182
        ]
      }
    },
    {
      "type": "Feature",
      "properties": {
        "P33_001": 38,
        "P33_002": "25201",
        "P33_003": "25",
        "P33_004": 2,
        "P33_005": "藤尾公民館",
        "P33_006": "520-0063",
        "P33_007": "大津市横木2-4-1",
        "P33_008": "077-522-3876",
        "P33_009": 19780000,
        "P33_010": "‐",
        "P33_011": "‐",
        "P33_012": -1,
        "P33_013": -1,
        "P33_014": 2,
        "P33_015": "‐",
        "P33_016": "‐",
        "P33_017": "‐",
        "P33_018": -1,
        "P33_019": 1125,
        "P33_020": -1,
        "P33_021": -1,
        "P33_022": -1,
        "P33_023": -1,
        "P33_024": -1,
        "P33_041": 1
      },
      "geometry": {
        "type": "Point",
        "coordinates": [
          135.832836205281,
          34.993088400620316
        ]
      }
    },
    {
      "type": "Feature",
      "properties": {
        "P33_001": 39,
        "P33_002": "25201",
        "P33_003": "25",
        "P33_004": 2,
        "P33_005": "南郷公民館",
        "P33_006": "520-0865",
        "P33_007": "大津市南郷1-12-13",
        "P33_008": "077-533-0292",
        "P33_009": 19830000,
        "P33_010": "‐",
        "P33_011": "‐",
        "P33_012": -1,
        "P33_013": -1,
        "P33_014": 2,
        "P33_015": "‐",
        "P33_016": "‐",
        "P33_017": "‐",
        "P33_018": -1,
        "P33_019": 1057,
        "P33_020": -1,
        "P33_021": -1,
        "P33_022": -1,
        "P33_023": -1,
        "P33_024": -1,
        "P33_041": 1
      },
      "geometry": {
        "type": "Point",
        "coordinates": [
          135.90826000032936,
          34.94236333372445
        ]
      }
    },
    {
      "type": "Feature",
      "properties": {
        "P33_001": 40,
        "P33_002": "25201",
        "P33_003": "25",
        "P33_004": 2,
        "P33_005": "日吉台公民館",
        "P33_006": "520-0112",
        "P33_007": "大津市日吉台1-15-1",
        "P33_008": "077-579-4518",
        "P33_009": 19850000,
        "P33_010": "‐",
        "P33_011": "‐",
        "P33_012": -1,
        "P33_013": -1,
        "P33_014": 2,
        "P33_015": "‐",
        "P33_016": "‐",
        "P33_017": "‐",
        "P33_018": -1,
        "P33_019": 731,
        "P33_020": -1,
        "P33_021": -1,
        "P33_022": -1,
        "P33_023": -1,
        "P33_024": -1,
        "P33_041": 1
      },
      "geometry": {
        "type": "Point",
        "coordinates": [
          135.8786449998892,
          35.07912666653005
        ]
      }
    },
    {
      "type": "Feature",
      "properties": {
        "P33_001": 57,
        "P33_002": "25202",
        "P33_003": "25",
        "P33_004": 2,
        "P33_005": "稲枝地区公民館",
        "P33_006": "521-1133",
        "P33_007": "彦根市本庄町60",
        "P33_008": "0749-43-4041",
        "P33_009": 19810000,
        "P33_010": "‐",
        "P33_011": "‐",
        "P33_012": -1,
        "P33_013": -1,
        "P33_014": 2,
        "P33_015": "‐",
        "P33_016": "‐",
        "P33_017": "‐",
        "P33_018": -1,
        "P33_019": 604,
        "P33_020": -1,
        "P33_021": -1,
        "P33_022": -1,
        "P33_023": -1,
        "P33_024": -1,
        "P33_041": 1
      },
      "geometry": {
        "type": "Point",
        "coordinates": [
          136.18052006217206,
          35.21295368668397
        ]
      }
    },
    {
      "type": "Feature",
      "properties": {
        "P33_001": 49,
        "P33_002": "25202",
        "P33_003": "25",
        "P33_004": 2,
        "P33_005": "西地区公民館",
        "P33_006": "522-0064",
        "P33_007": "彦根市本町1-9-1",
        "P33_008": "0749-24-2957",
        "P33_009": 19810000,
        "P33_010": "‐",
        "P33_011": "‐",
        "P33_012": -1,
        "P33_013": -1,
        "P33_014": 2,
        "P33_015": "‐",
        "P33_016": "‐",
        "P33_017": "‐",
        "P33_018": -1,
        "P33_019": 501,
        "P33_020": -1,
        "P33_021": -1,
        "P33_022": -1,
        "P33_023": -1,
        "P33_024": -1,
        "P33_041": 1
      },
      "geometry": {
        "type": "Point",
        "coordinates": [
          136.25267884037322,
          35.26947161429584
        ]
      }
    },
    {
      "type": "Feature",
      "properties": {
        "P33_001": 50,
        "P33_002": "25202",
        "P33_003": "25",
        "P33_004": 2,
        "P33_005": "中地区公民館",
        "P33_006": "522-0053",
        "P33_007": "彦根市大薮町2610",
        "P33_008": "0749-24-0801",
        "P33_009": 19880000,
        "P33_010": "‐",
        "P33_011": "‐",
        "P33_012": -1,
        "P33_013": -1,
        "P33_014": 2,
        "P33_015": "‐",
        "P33_016": "‐",
        "P33_017": "‐",
        "P33_018": -1,
        "P33_019": 577,
        "P33_020": -1,
        "P33_021": -1,
        "P33_022": -1,
        "P33_023": -1,
        "P33_024": -1,
        "P33_041": 1
      },
      "geometry": {
        "type": "Point",
        "coordinates": [
          136.234853358686,
          35.26513948136748
        ]
      }
    },
    {
      "type": "Feature",
      "properties": {
        "P33_001": 51,
        "P33_002": "25202",
        "P33_003": "25",
        "P33_004": 2,
        "P33_005": "南地区公民館",
        "P33_006": "522-0046",
        "P33_007": "彦根市甘呂町1321-1",
        "P33_008": "0749-25-5177",
        "P33_009": 19970000,
        "P33_010": "‐",
        "P33_011": "‐",
        "P33_012": -1,
        "P33_013": -1,
        "P33_014": 2,
        "P33_015": "‐",
        "P33_016": "‐",
        "P33_017": "‐",
        "P33_018": -1,
        "P33_019": 776,
        "P33_020": -1,
        "P33_021": -1,
        "P33_022": -1,
        "P33_023": -1,
        "P33_024": -1,
        "P33_041": 1
      },
      "geometry": {
        "type": "Point",
        "coordinates": [
          136.21754072784393,
          35.244949079706515
        ]
      }
    },
    {
      "type": "Feature",
      "properties": {
        "P33_001": 52,
        "P33_002": "25202",
        "P33_003": "25",
        "P33_004": 2,
        "P33_005": "市立旭森地区公民館",
        "P33_006": "522-0024",
        "P33_007": "彦根市正法寺町642-1",
        "P33_008": "0749-26-0675",
        "P33_009": 19840000,
        "P33_010": "‐",
        "P33_011": "‐",
        "P33_012": -1,
        "P33_013": -1,
        "P33_014": 2,
        "P33_015": "‐",
        "P33_016": "‐",
        "P33_017": "‐",
        "P33_018": -1,
        "P33_019": 407,
        "P33_020": -1,
        "P33_021": -1,
        "P33_022": -1,
        "P33_023": -1,
        "P33_024": -1,
        "P33_041": 1
      },
      "geometry": {
        "type": "Point",
        "coordinates": [
          136.2705750004111,
          35.249582999925686
        ]
      }
    },
    {
      "type": "Feature",
      "properties": {
        "P33_001": 89,
        "P33_002": "25203",
        "P33_003": "25",
        "P33_004": 2,
        "P33_005": "市立びわ公民館",
        "P33_006": "526-0108",
        "P33_007": "長浜市難波町448",
        "P33_008": "0749-72-4300",
        "P33_009": 19570000,
        "P33_010": "‐",
        "P33_011": "‐",
        "P33_012": -1,
        "P33_013": -1,
        "P33_014": 2,
        "P33_015": "‐",
        "P33_016": "‐",
        "P33_017": "‐",
        "P33_018": -1,
        "P33_019": 2048,
        "P33_020": -1,
        "P33_021": -1,
        "P33_022": -1,
        "P33_023": -1,
        "P33_024": -1,
        "P33_041": 1
      },
      "geometry": {
        "type": "Point",
        "coordinates": [
          136.2329542550071,
          35.41165790290957
        ]
      }
    },
    {
      "type": "Feature",
      "properties": {
        "P33_001": 58,
        "P33_002": "25203",
        "P33_003": "25",
        "P33_004": 2,
        "P33_005": "市立下草野公民館",
        "P33_006": "526-0214",
        "P33_007": "長浜市北ノ郷町105",
        "P33_008": "0749-74-2340",
        "P33_009": 19800000,
        "P33_010": "‐",
        "P33_011": "‐",
        "P33_012": -1,
        "P33_013": -1,
        "P33_014": 2,
        "P33_015": "‐",
        "P33_016": "‐",
        "P33_017": "‐",
        "P33_018": -1,
        "P33_019": 698,
        "P33_020": -1,
        "P33_021": -1,
        "P33_022": -1,
        "P33_023": -1,
        "P33_024": -1,
        "P33_041": 1
      },
      "geometry": {
        "type": "Point",
        "coordinates": [
          136.32987444400854,
          35.4339119447228
        ]
      }
    },
    {
      "type": "Feature",
      "properties": {
        "P33_001": 59,
        "P33_002": "25203",
        "P33_003": "25",
        "P33_004": 2,
        "P33_005": "市立七尾公民館",
        "P33_006": "526-0235",
        "P33_007": "長浜市佐野町181",
        "P33_008": "0749-74-0458",
        "P33_009": 19580000,
        "P33_010": "‐",
        "P33_011": "‐",
        "P33_012": -1,
        "P33_013": -1,
        "P33_014": 2,
        "P33_015": "‐",
        "P33_016": "‐",
        "P33_017": "‐",
        "P33_018": -1,
        "P33_019": 763,
        "P33_020": -1,
        "P33_021": -1,
        "P33_022": -1,
        "P33_023": -1,
        "P33_024": -1,
        "P33_041": 1
      },
      "geometry": {
        "type": "Point",
        "coordinates": [
          136.33132699997947,
          35.41489500037991
        ]
      }
    },
    {
      "type": "Feature",
      "properties": {
        "P33_001": 60,
        "P33_002": "25203",
        "P33_003": "25",
        "P33_004": 2,
        "P33_005": "市立上草野公民館",
        "P33_006": "526-0203",
        "P33_007": "長浜市野瀬町809",
        "P33_008": "0749-76-0001",
        "P33_009": 19780000,
        "P33_010": "‐",
        "P33_011": "‐",
        "P33_012": -1,
        "P33_013": -1,
        "P33_014": 2,
        "P33_015": "‐",
        "P33_016": "‐",
        "P33_017": "‐",
        "P33_018": -1,
        "P33_019": 900,
        "P33_020": -1,
        "P33_021": -1,
        "P33_022": -1,
        "P33_023": -1,
        "P33_024": -1,
        "P33_041": 1
      },
      "geometry": {
        "type": "Point",
        "coordinates": [
          136.32000999986613,
          35.462915999616605
        ]
      }
    },
    {
      "type": "Feature",
      "properties": {
        "P33_001": 61,
        "P33_002": "25203",
        "P33_003": "25",
        "P33_004": 2,
        "P33_005": "市立神照公民館",
        "P33_006": "526-0015",
        "P33_007": "長浜市神照町308",
        "P33_008": "0749-62-0265",
        "P33_009": 19500000,
        "P33_010": "‐",
        "P33_011": "‐",
        "P33_012": -1,
        "P33_013": -1,
        "P33_014": 2,
        "P33_015": "‐",
        "P33_016": "‐",
        "P33_017": "‐",
        "P33_018": -1,
        "P33_019": 437,
        "P33_020": -1,
        "P33_021": -1,
        "P33_022": -1,
        "P33_023": -1,
        "P33_024": -1,
        "P33_041": 1
      },
      "geometry": {
        "type": "Point",
        "coordinates": [
          136.2745165854127,
          35.39871149016672
        ]
      }
    },
    {
      "type": "Feature",
      "properties": {
        "P33_001": 62,
        "P33_002": "25203",
        "P33_003": "25",
        "P33_004": 2,
        "P33_005": "市立神田公民館",
        "P33_006": "526-0828",
        "P33_007": "長浜市加田町2727",
        "P33_008": "0749-62-7037",
        "P33_009": 19500000,
        "P33_010": "‐",
        "P33_011": "‐",
        "P33_012": -1,
        "P33_013": -1,
        "P33_014": 2,
        "P33_015": "‐",
        "P33_016": "‐",
        "P33_017": "‐",
        "P33_018": -1,
        "P33_019": 801,
        "P33_020": -1,
        "P33_021": -1,
        "P33_022": -1,
        "P33_023": -1,
        "P33_024": -1,
        "P33_041": 1
      },
      "geometry": {
        "type": "Point",
        "coordinates": [
          136.3015070725536,
          35.35880373296625
        ]
      }
    },
    {
      "type": "Feature",
      "properties": {
        "P33_001": 63,
        "P33_002": "25203",
        "P33_003": "25",
        "P33_004": 2,
        "P33_005": "市立西黒田公民館",
        "P33_006": "526-0823",
        "P33_007": "長浜市常喜町500-1",
        "P33_008": "0749-62-0381",
        "P33_009": 19500000,
        "P33_010": "‐",
        "P33_011": "‐",
        "P33_012": -1,
        "P33_013": -1,
        "P33_014": 2,
        "P33_015": "‐",
        "P33_016": "‐",
        "P33_017": "‐",
        "P33_018": -1,
        "P33_019": 400,
        "P33_020": -1,
        "P33_021": -1,
        "P33_022": -1,
        "P33_023": -1,
        "P33_024": -1,
        "P33_041": 1
      },
      "geometry": {
        "type": "Point",
        "coordinates": [
          136.3136175547149,
          35.37011547363619
        ]
      }
    },
    {
      "type": "Feature",
      "properties": {
        "P33_001": 64,
        "P33_002": "25203",
        "P33_003": "25",
        "P33_004": 2,
        "P33_005": "市立長浜公民館",
        "P33_006": "526-0037",
        "P33_007": "長浜市高田町10-51",
        "P33_008": "0749-62-1808",
        "P33_009": 19500000,
        "P33_010": "‐",
        "P33_011": "‐",
        "P33_012": -1,
        "P33_013": -1,
        "P33_014": 2,
        "P33_015": "‐",
        "P33_016": "‐",
        "P33_017": "‐",
        "P33_018": -1,
        "P33_019": 1050,
        "P33_020": -1,
        "P33_021": -1,
        "P33_022": -1,
        "P33_023": -1,
        "P33_024": -1,
        "P33_041": 1
      },
      "geometry": {
        "type": "Point",
        "coordinates": [
          136.275583045903,
          35.38050085173964
        ]
      }
    },
    {
      "type": "Feature",
      "properties": {
        "P33_001": 65,
        "P33_002": "25203",
        "P33_003": "25",
        "P33_004": 2,
        "P33_005": "市立田根公民館",
        "P33_006": "526-0273",
        "P33_007": "長浜市高畑町316-1",
        "P33_008": "0749-74-1450",
        "P33_009": 19770000,
        "P33_010": "‐",
        "P33_011": "‐",
        "P33_012": -1,
        "P33_013": -1,
        "P33_014": 2,
        "P33_015": "‐",
        "P33_016": "‐",
        "P33_017": "‐",
        "P33_018": -1,
        "P33_019": 834,
        "P33_020": -1,
        "P33_021": -1,
        "P33_022": -1,
        "P33_023": -1,
        "P33_024": -1,
        "P33_041": 1
      },
      "geometry": {
        "type": "Point",
        "coordinates": [
          136.2913436288172,
          35.45472733069736
        ]
      }
    },
    {
      "type": "Feature",
      "properties": {
        "P33_001": 66,
        "P33_002": "25203",
        "P33_003": "25",
        "P33_004": 2,
        "P33_005": "市立湯田公民館",
        "P33_006": "526-0244",
        "P33_007": "長浜市内保町2645",
        "P33_008": "0749-74-1438",
        "P33_009": 19770000,
        "P33_010": "‐",
        "P33_011": "‐",
        "P33_012": -1,
        "P33_013": -1,
        "P33_014": 2,
        "P33_015": "‐",
        "P33_016": "‐",
        "P33_017": "‐",
        "P33_018": -1,
        "P33_019": 798,
        "P33_020": -1,
        "P33_021": -1,
        "P33_022": -1,
        "P33_023": -1,
        "P33_024": -1,
        "P33_041": 1
      },
      "geometry": {
        "type": "Point",
        "coordinates": [
          136.2955994444315,
          35.43228944427167
        ]
      }
    },
    {
      "type": "Feature",
      "properties": {
        "P33_001": 67,
        "P33_002": "25203",
        "P33_003": "25",
        "P33_004": 2,
        "P33_005": "市立南郷里公民館",
        "P33_006": "526-0841",
        "P33_007": "長浜市新栄町625-1",
        "P33_008": "0749-62-0287",
        "P33_009": 19500000,
        "P33_010": "‐",
        "P33_011": "‐",
        "P33_012": -1,
        "P33_013": -1,
        "P33_014": 2,
        "P33_015": "‐",
        "P33_016": "‐",
        "P33_017": "‐",
        "P33_018": -1,
        "P33_019": 410,
        "P33_020": -1,
        "P33_021": -1,
        "P33_022": -1,
        "P33_023": -1,
        "P33_024": -1,
        "P33_041": 1
      },
      "geometry": {
        "type": "Point",
        "coordinates": [
          136.30109587091928,
          35.38914974538101
        ]
      }
    },
    {
      "type": "Feature",
      "properties": {
        "P33_001": 68,
        "P33_002": "25203",
        "P33_003": "25",
        "P33_004": 2,
        "P33_005": "市立北郷里公民館",
        "P33_006": "526-0802",
        "P33_007": "長浜市東上坂町976-7",
        "P33_008": "0749-62-5479",
        "P33_009": 19500000,
        "P33_010": "‐",
        "P33_011": "‐",
        "P33_012": -1,
        "P33_013": -1,
        "P33_014": 2,
        "P33_015": "‐",
        "P33_016": "‐",
        "P33_017": "‐",
        "P33_018": -1,
        "P33_019": 391,
        "P33_020": -1,
        "P33_021": -1,
        "P33_022": -1,
        "P33_023": -1,
        "P33_024": -1,
        "P33_041": 1
      },
      "geometry": {
        "type": "Point",
        "coordinates": [
          136.32136379731335,
          35.40129759026865
        ]
      }
    },
    {
      "type": "Feature",
      "properties": {
        "P33_001": 69,
        "P33_002": "25203",
        "P33_003": "25",
        "P33_004": 2,
        "P33_005": "市立六荘公民館",
        "P33_006": "526-0042",
        "P33_007": "長浜市勝町490",
        "P33_008": "0749-62-0198",
        "P33_009": 19500000,
        "P33_010": "‐",
        "P33_011": "‐",
        "P33_012": -1,
        "P33_013": -1,
        "P33_014": 2,
        "P33_015": "‐",
        "P33_016": "‐",
        "P33_017": "‐",
        "P33_018": -1,
        "P33_019": 1423,
        "P33_020": -1,
        "P33_021": -1,
        "P33_022": -1,
        "P33_023": -1,
        "P33_024": -1,
        "P33_041": 1
      },
      "geometry": {
        "type": "Point",
        "coordinates": [
          136.2871623767078,
          35.371389632575024
        ]
      }
    },
    {
      "type": "Feature",
      "properties": {
        "P33_001": 102,
        "P33_002": "25204",
        "P33_003": "25",
        "P33_004": 2,
        "P33_005": "岡山コミュニティセンター",
        "P33_006": "523-0058",
        "P33_007": "近江八幡市加茂町1524-2",
        "P33_008": "0748-33-3478",
        "P33_009": 19790000,
        "P33_010": "‐",
        "P33_011": "‐",
        "P33_012": -1,
        "P33_013": -1,
        "P33_014": 2,
        "P33_015": "‐",
        "P33_016": "‐",
        "P33_017": "‐",
        "P33_018": -1,
        "P33_019": 595,
        "P33_020": -1,
        "P33_021": -1,
        "P33_022": -1,
        "P33_023": -1,
        "P33_024": -1,
        "P33_041": 1
      },
      "geometry": {
        "type": "Point",
        "coordinates": [
          136.06956519221407,
          35.13226553490673
        ]
      }
    },
    {
      "type": "Feature",
      "properties": {
        "P33_001": 90,
        "P33_002": "25204",
        "P33_003": "25",
        "P33_004": 2,
        "P33_005": "沖島コミュニティセンター",
        "P33_006": "523-0801",
        "P33_007": "近江八幡市沖島町268-1",
        "P33_008": "0748-33-9979",
        "P33_009": 19830000,
        "P33_010": "‐",
        "P33_011": "‐",
        "P33_012": -1,
        "P33_013": -1,
        "P33_014": 2,
        "P33_015": "‐",
        "P33_016": "‐",
        "P33_017": "‐",
        "P33_018": -1,
        "P33_019": 348,
        "P33_020": -1,
        "P33_021": -1,
        "P33_022": -1,
        "P33_023": -1,
        "P33_024": -1,
        "P33_041": 1
      },
      "geometry": {
        "type": "Point",
        "coordinates": [
          136.05537381702683,
          35.20075889902541
        ]
      }
    },
    {
      "type": "Feature",
      "properties": {
        "P33_001": 91,
        "P33_002": "25204",
        "P33_003": "25",
        "P33_004": 2,
        "P33_005": "桐原コミュニティセンター",
        "P33_006": "523-0041",
        "P33_007": "近江八幡市中小森町1178",
        "P33_008": "0748-33-3535",
        "P33_009": 19780000,
        "P33_010": "‐",
        "P33_011": "‐",
        "P33_012": -1,
        "P33_013": -1,
        "P33_014": 2,
        "P33_015": "‐",
        "P33_016": "‐",
        "P33_017": "‐",
        "P33_018": -1,
        "P33_019": 1173,
        "P33_020": -1,
        "P33_021": -1,
        "P33_022": -1,
        "P33_023": -1,
        "P33_024": -1,
        "P33_041": 1
      },
      "geometry": {
        "type": "Point",
        "coordinates": [
          136.08290300011848,
          35.110427999785415
        ]
      }
    },
    {
      "type": "Feature",
      "properties": {
        "P33_001": 92,
        "P33_002": "25204",
        "P33_003": "25",
        "P33_004": 2,
        "P33_005": "金田コミュニティセンター",
        "P33_006": "523-0001",
        "P33_007": "近江八幡市金剛寺町375",
        "P33_008": "0748-37-7255",
        "P33_009": 19790000,
        "P33_010": "‐",
        "P33_011": "‐",
        "P33_012": -1,
        "P33_013": -1,
        "P33_014": 2,
        "P33_015": "‐",
        "P33_016": "‐",
        "P33_017": "‐",
        "P33_018": -1,
        "P33_019": 666,
        "P33_020": -1,
        "P33_021": -1,
        "P33_022": -1,
        "P33_023": -1,
        "P33_024": -1,
        "P33_041": 1
      },
      "geometry": {
        "type": "Point",
        "coordinates": [
          136.11617399968205,
          35.125412000112206
        ]
      }
    },
    {
      "type": "Feature",
      "properties": {
        "P33_001": 93,
        "P33_002": "25204",
        "P33_003": "25",
        "P33_004": 2,
        "P33_005": "中央公民館",
        "P33_006": "523-8501",
        "P33_007": "近江八幡市桜宮町214-10",
        "P33_008": "0748-36-5533",
        "P33_009": 19620000,
        "P33_010": "‐",
        "P33_011": "‐",
        "P33_012": -1,
        "P33_013": -1,
        "P33_014": 1,
        "P33_015": "‐",
        "P33_016": "‐",
        "P33_017": "‐",
        "P33_018": -1,
        "P33_019": -1,
        "P33_020": -1,
        "P33_021": -1,
        "P33_022": -1,
        "P33_023": -1,
        "P33_024": -1,
        "P33_041": 1
      },
      "geometry": {
        "type": "Point",
        "coordinates": [
          136.09817399951535,
          35.12766999985858
        ]
      }
    },
    {
      "type": "Feature",
      "properties": {
        "P33_001": 94,
        "P33_002": "25204",
        "P33_003": "25",
        "P33_004": 2,
        "P33_005": "島コミュニティセンター",
        "P33_006": "523-0804",
        "P33_007": "近江八幡市島町1671-1",
        "P33_008": "0748-32-2510",
        "P33_009": 19750000,
        "P33_010": "‐",
        "P33_011": "‐",
        "P33_012": -1,
        "P33_013": -1,
        "P33_014": 2,
        "P33_015": "‐",
        "P33_016": "‐",
        "P33_017": "‐",
        "P33_018": -1,
        "P33_019": 506,
        "P33_020": -1,
        "P33_021": -1,
        "P33_022": -1,
        "P33_023": -1,
        "P33_024": -1,
        "P33_041": 1
      },
      "geometry": {
        "type": "Point",
        "coordinates": [
          136.08350899974405,
          35.16796599989006
        ]
      }
    },
    {
      "type": "Feature",
      "properties": {
        "P33_001": 95,
        "P33_002": "25204",
        "P33_003": "25",
        "P33_004": 2,
        "P33_005": "馬淵コミュニティセンター",
        "P33_006": "523-0022",
        "P33_007": "近江八幡市馬淵町1636-1",
        "P33_008": "0748-37-7017",
        "P33_009": 19770000,
        "P33_010": "‐",
        "P33_011": "‐",
        "P33_012": -1,
        "P33_013": -1,
        "P33_014": 2,
        "P33_015": "‐",
        "P33_016": "‐",
        "P33_017": "‐",
        "P33_018": -1,
        "P33_019": 490,
        "P33_020": -1,
        "P33_021": -1,
        "P33_022": -1,
        "P33_023": -1,
        "P33_024": -1,
        "P33_041": 1
      },
      "geometry": {
        "type": "Point",
        "coordinates": [
          136.11129023773572,
          35.10287156005333
        ]
      }
    },
    {
      "type": "Feature",
      "properties": {
        "P33_001": 96,
        "P33_002": "25204",
        "P33_003": "25",
        "P33_004": 2,
        "P33_005": "八幡コミュニティセンター",
        "P33_006": "523-0895",
        "P33_007": "近江八幡市宇津呂町73-1",
        "P33_008": "0748-32-2300",
        "P33_009": 19620000,
        "P33_010": "‐",
        "P33_011": "‐",
        "P33_012": -1,
        "P33_013": -1,
        "P33_014": 2,
        "P33_015": "‐",
        "P33_016": "‐",
        "P33_017": "‐",
        "P33_018": -1,
        "P33_019": 1197,
        "P33_020": -1,
        "P33_021": -1,
        "P33_022": -1,
        "P33_023": -1,
        "P33_024": -1,
        "P33_041": 1
      },
      "geometry": {
        "type": "Point",
        "coordinates": [
          136.09085652618114,
          35.1349544476748
        ]
      }
    },
    {
      "type": "Feature",
      "properties": {
        "P33_001": 97,
        "P33_002": "25204",
        "P33_003": "25",
        "P33_004": 2,
        "P33_005": "武佐コミュニティセンター",
        "P33_006": "523-0011",
        "P33_007": "近江八幡市友定町305",
        "P33_008": "0748-37-6017",
        "P33_009": 19800000,
        "P33_010": "‐",
        "P33_011": "‐",
        "P33_012": -1,
        "P33_013": -1,
        "P33_014": 2,
        "P33_015": "‐",
        "P33_016": "‐",
        "P33_017": "‐",
        "P33_018": -1,
        "P33_019": 550,
        "P33_020": -1,
        "P33_021": -1,
        "P33_022": -1,
        "P33_023": -1,
        "P33_024": -1,
        "P33_041": 1
      },
      "geometry": {
        "type": "Point",
        "coordinates": [
          136.13372257527885,
          35.11839486405719
        ]
      }
    },
    {
      "type": "Feature",
      "properties": {
        "P33_001": 98,
        "P33_002": "25204",
        "P33_003": "25",
        "P33_004": 2,
        "P33_005": "北里コミュニティセンター",
        "P33_006": "523-0061",
        "P33_007": "近江八幡市江頭町973",
        "P33_008": "0748-36-8004",
        "P33_009": 19810000,
        "P33_010": "‐",
        "P33_011": "‐",
        "P33_012": -1,
        "P33_013": -1,
        "P33_014": 2,
        "P33_015": "‐",
        "P33_016": "‐",
        "P33_017": "‐",
        "P33_018": -1,
        "P33_019": -1,
        "P33_020": -1,
        "P33_021": -1,
        "P33_022": -1,
        "P33_023": -1,
        "P33_024": -1,
        "P33_041": 1
      },
      "geometry": {
        "type": "Point",
        "coordinates": [
          136.05096040708435,
          35.11351862509794
        ]
      }
    },
    {
      "type": "Feature",
      "properties": {
        "P33_001": 117,
        "P33_002": "25206",
        "P33_003": "25",
        "P33_004": 2,
        "P33_005": "志津公民館",
        "P33_006": "525-0025",
        "P33_007": "草津市青地町561",
        "P33_008": "077-562-0047",
        "P33_009": 19780000,
        "P33_010": "‐",
        "P33_011": "‐",
        "P33_012": -1,
        "P33_013": -1,
        "P33_014": 2,
        "P33_015": "‐",
        "P33_016": "‐",
        "P33_017": "‐",
        "P33_018": -1,
        "P33_019": 572,
        "P33_020": -1,
        "P33_021": -1,
        "P33_022": -1,
        "P33_023": -1,
        "P33_024": -1,
        "P33_041": 1
      },
      "geometry": {
        "type": "Point",
        "coordinates": [
          135.97466200035169,
          35.00564899988074
        ]
      }
    },
    {
      "type": "Feature",
      "properties": {
        "P33_001": 103,
        "P33_002": "25206",
        "P33_003": "25",
        "P33_004": 2,
        "P33_005": "志津南公民館",
        "P33_006": "525-0045",
        "P33_007": "草津市若草5-10",
        "P33_008": "077-563-6206",
        "P33_009": 19970000,
        "P33_010": "‐",
        "P33_011": "‐",
        "P33_012": -1,
        "P33_013": -1,
        "P33_014": 2,
        "P33_015": "‐",
        "P33_016": "‐",
        "P33_017": "‐",
        "P33_018": -1,
        "P33_019": 499,
        "P33_020": -1,
        "P33_021": -1,
        "P33_022": -1,
        "P33_023": -1,
        "P33_024": -1,
        "P33_041": 1
      },
      "geometry": {
        "type": "Point",
        "coordinates": [
          135.96990083875195,
          34.98528951336341
        ]
      }
    },
    {
      "type": "Feature",
      "properties": {
        "P33_001": 104,
        "P33_002": "25206",
        "P33_003": "25",
        "P33_004": 2,
        "P33_005": "渋川市民センター",
        "P33_006": "525-0025",
        "P33_007": "草津市西渋川2-9-38",
        "P33_008": "077-569-0350",
        "P33_009": 20070000,
        "P33_010": "‐",
        "P33_011": "‐",
        "P33_012": -1,
        "P33_013": -1,
        "P33_014": 2,
        "P33_015": "‐",
        "P33_016": "‐",
        "P33_017": "‐",
        "P33_018": -1,
        "P33_019": 4305,
        "P33_020": -1,
        "P33_021": -1,
        "P33_022": -1,
        "P33_023": -1,
        "P33_024": -1,
        "P33_041": 1
      },
      "geometry": {
        "type": "Point",
        "coordinates": [
          135.9647199999215,
          35.030372000363535
        ]
      }
    },
    {
      "type": "Feature",
      "properties": {
        "P33_001": 105,
        "P33_002": "25206",
        "P33_003": "25",
        "P33_004": 2,
        "P33_005": "矢倉市民センター",
        "P33_006": "525-0054",
        "P33_007": "草津市東矢倉2-13-6",
        "P33_008": "077-565-1560",
        "P33_009": 19830000,
        "P33_010": "‐",
        "P33_011": "‐",
        "P33_012": -1,
        "P33_013": -1,
        "P33_014": 2,
        "P33_015": "‐",
        "P33_016": "‐",
        "P33_017": "‐",
        "P33_018": -1,
        "P33_019": 467,
        "P33_020": -1,
        "P33_021": -1,
        "P33_022": -1,
        "P33_023": -1,
        "P33_024": -1,
        "P33_041": 1
      },
      "geometry": {
        "type": "Point",
        "coordinates": [
          135.95462166673448,
          35.00499083373882
        ]
      }
    },
    {
      "type": "Feature",
      "properties": {
        "P33_001": 106,
        "P33_002": "25206",
        "P33_003": "25",
        "P33_004": 2,
        "P33_005": "市立老上公民館",
        "P33_006": "525-0055",
        "P33_007": "草津市野路町520",
        "P33_008": "077-564-1430",
        "P33_009": 19800000,
        "P33_010": "‐",
        "P33_011": "‐",
        "P33_012": -1,
        "P33_013": -1,
        "P33_014": 2,
        "P33_015": "‐",
        "P33_016": "‐",
        "P33_017": "‐",
        "P33_018": -1,
        "P33_019": 477,
        "P33_020": -1,
        "P33_021": -1,
        "P33_022": -1,
        "P33_023": -1,
        "P33_024": -1,
        "P33_041": 1
      },
      "geometry": {
        "type": "Point",
        "coordinates": [
          135.93747472226846,
          35.00368166656984
        ]
      }
    },
    {
      "type": "Feature",
      "properties": {
        "P33_001": 107,
        "P33_002": "25206",
        "P33_003": "25",
        "P33_004": 2,
        "P33_005": "市立笠縫東公民館",
        "P33_006": "525-0015",
        "P33_007": "草津市集町58-8",
        "P33_008": "077-568-3164",
        "P33_009": 19820000,
        "P33_010": "‐",
        "P33_011": "‐",
        "P33_012": -1,
        "P33_013": -1,
        "P33_014": 2,
        "P33_015": "‐",
        "P33_016": "‐",
        "P33_017": "‐",
        "P33_018": -1,
        "P33_019": 465,
        "P33_020": -1,
        "P33_021": -1,
        "P33_022": -1,
        "P33_023": -1,
        "P33_024": -1,
        "P33_041": 1
      },
      "geometry": {
        "type": "Point",
        "coordinates": [
          135.95084804180712,
          35.036984685003105
        ]
      }
    },
    {
      "type": "Feature",
      "properties": {
        "P33_001": 108,
        "P33_002": "25206",
        "P33_003": "25",
        "P33_004": 2,
        "P33_005": "市立笠縫公民館",
        "P33_006": "525-0028",
        "P33_007": "草津市上笠1-18-33",
        "P33_008": "077-562-0071",
        "P33_009": 19770000,
        "P33_010": "‐",
        "P33_011": "‐",
        "P33_012": -1,
        "P33_013": -1,
        "P33_014": 2,
        "P33_015": "‐",
        "P33_016": "‐",
        "P33_017": "‐",
        "P33_018": -1,
        "P33_019": 537,
        "P33_020": -1,
        "P33_021": -1,
        "P33_022": -1,
        "P33_023": -1,
        "P33_024": -1,
        "P33_041": 1
      },
      "geometry": {
        "type": "Point",
        "coordinates": [
          135.9463911115147,
          35.03247444423725
        ]
      }
    },
    {
      "type": "Feature",
      "properties": {
        "P33_001": 109,
        "P33_002": "25206",
        "P33_003": "25",
        "P33_004": 2,
        "P33_005": "市立草津公民館",
        "P33_006": "525-0034",
        "P33_007": "草津市草津1-4-33",
        "P33_008": "077-564-4999",
        "P33_009": 19810000,
        "P33_010": "‐",
        "P33_011": "‐",
        "P33_012": -1,
        "P33_013": -1,
        "P33_014": 2,
        "P33_015": "‐",
        "P33_016": "‐",
        "P33_017": "‐",
        "P33_018": -1,
        "P33_019": 660,
        "P33_020": -1,
        "P33_021": -1,
        "P33_022": -1,
        "P33_023": -1,
        "P33_024": -1,
        "P33_041": 1
      },
      "geometry": {
        "type": "Point",
        "coordinates": [
          135.96091472257632,
          35.01786777808826
        ]
      }
    },
    {
      "type": "Feature",
      "properties": {
        "P33_001": 110,
        "P33_002": "25206",
        "P33_003": "25",
        "P33_004": 2,
        "P33_005": "市立玉川公民館",
        "P33_006": "525-0055",
        "P33_007": "草津市野路9-7-42",
        "P33_008": "077-564-0189",
        "P33_009": 19840000,
        "P33_010": "‐",
        "P33_011": "‐",
        "P33_012": -1,
        "P33_013": -1,
        "P33_014": 2,
        "P33_015": "‐",
        "P33_016": "‐",
        "P33_017": "‐",
        "P33_018": -1,
        "P33_019": -1,
        "P33_020": -1,
        "P33_021": -1,
        "P33_022": -1,
        "P33_023": -1,
        "P33_024": -1,
        "P33_041": 1
      },
      "geometry": {
        "type": "Point",
        "coordinates": [
          135.94931805647818,
          34.99485150254744
        ]
      }
    },
    {
      "type": "Feature",
      "properties": {
        "P33_001": 111,
        "P33_002": "25206",
        "P33_003": "25",
        "P33_004": 2,
        "P33_005": "市立常盤公民館",
        "P33_006": "525-0006",
        "P33_007": "草津市志那中町111-1",
        "P33_008": "077-568-1970",
        "P33_009": 19780000,
        "P33_010": "‐",
        "P33_011": "‐",
        "P33_012": -1,
        "P33_013": -1,
        "P33_014": 2,
        "P33_015": "‐",
        "P33_016": "‐",
        "P33_017": "‐",
        "P33_018": -1,
        "P33_019": 550,
        "P33_020": -1,
        "P33_021": -1,
        "P33_022": -1,
        "P33_023": -1,
        "P33_024": -1,
        "P33_041": 1
      },
      "geometry": {
        "type": "Point",
        "coordinates": [
          135.9444490498399,
          35.05275979318247
        ]
      }
    },
    {
      "type": "Feature",
      "properties": {
        "P33_001": 112,
        "P33_002": "25206",
        "P33_003": "25",
        "P33_004": 2,
        "P33_005": "市立南笠東公民館",
        "P33_006": "525-0072",
        "P33_007": "草津市笠山1-1-47",
        "P33_008": "077-561-8469",
        "P33_009": 19990000,
        "P33_010": "‐",
        "P33_011": "‐",
        "P33_012": -1,
        "P33_013": -1,
        "P33_014": 2,
        "P33_015": "‐",
        "P33_016": "‐",
        "P33_017": "‐",
        "P33_018": -1,
        "P33_019": 625,
        "P33_020": -1,
        "P33_021": -1,
        "P33_022": -1,
        "P33_023": -1,
        "P33_024": -1,
        "P33_041": 1
      },
      "geometry": {
        "type": "Point",
        "coordinates": [
          135.94569649394916,
          34.99208114879516
        ]
      }
    },
    {
      "type": "Feature",
      "properties": {
        "P33_001": 113,
        "P33_002": "25206",
        "P33_003": "25",
        "P33_004": 2,
        "P33_005": "市立山田公民館",
        "P33_006": "525-0063",
        "P33_007": "草津市南山田町678",
        "P33_008": "077-562-0044",
        "P33_009": 19540000,
        "P33_010": "‐",
        "P33_011": "‐",
        "P33_012": -1,
        "P33_013": -1,
        "P33_014": 2,
        "P33_015": "‐",
        "P33_016": "‐",
        "P33_017": "‐",
        "P33_018": -1,
        "P33_019": 625,
        "P33_020": -1,
        "P33_021": -1,
        "P33_022": -1,
        "P33_023": -1,
        "P33_024": -1,
        "P33_041": 1
      },
      "geometry": {
        "type": "Point",
        "coordinates": [
          135.93143982002542,
          35.02462927203605
        ]
      }
    },
    {
      "type": "Feature",
      "properties": {
        "P33_001": 114,
        "P33_002": "25206",
        "P33_003": "25",
        "P33_004": 2,
        "P33_005": "草津第二市民センター",
        "P33_006": "525-0032",
        "P33_007": "草津市大路1-16-18",
        "P33_008": "077-563-5673",
        "P33_009": 19820000,
        "P33_010": "‐",
        "P33_011": "‐",
        "P33_012": -1,
        "P33_013": -1,
        "P33_014": 2,
        "P33_015": "‐",
        "P33_016": "‐",
        "P33_017": "‐",
        "P33_018": -1,
        "P33_019": 474,
        "P33_020": -1,
        "P33_021": -1,
        "P33_022": -1,
        "P33_023": -1,
        "P33_024": -1,
        "P33_041": 1
      },
      "geometry": {
        "type": "Point",
        "coordinates": [
          135.96326666636784,
          35.019207500169486
        ]
      }
    },
    {
      "type": "Feature",
      "properties": {
        "P33_001": 127,
        "P33_002": "25207",
        "P33_003": "25",
        "P33_004": 2,
        "P33_005": "市立小津公民館",
        "P33_006": "524-0063",
        "P33_007": "守山市欲賀町901-1",
        "P33_008": "077-585-3366",
        "P33_009": 19760000,
        "P33_010": "‐",
        "P33_011": "‐",
        "P33_012": -1,
        "P33_013": -1,
        "P33_014": 2,
        "P33_015": "‐",
        "P33_016": "‐",
        "P33_017": "‐",
        "P33_018": -1,
        "P33_019": 627,
        "P33_020": -1,
        "P33_021": -1,
        "P33_022": -1,
        "P33_023": -1,
        "P33_024": -1,
        "P33_041": 1
      },
      "geometry": {
        "type": "Point",
        "coordinates": [
          135.9640870348973,
          35.05992683248431
        ]
      }
    },
    {
      "type": "Feature",
      "properties": {
        "P33_001": 118,
        "P33_002": "25207",
        "P33_003": "25",
        "P33_004": 2,
        "P33_005": "市立河西公民館",
        "P33_006": "524-0011",
        "P33_007": "守山市今市町160",
        "P33_008": "077-583-2792",
        "P33_009": 19760000,
        "P33_010": "‐",
        "P33_011": "‐",
        "P33_012": -1,
        "P33_013": -1,
        "P33_014": 2,
        "P33_015": "‐",
        "P33_016": "‐",
        "P33_017": "‐",
        "P33_018": -1,
        "P33_019": 648,
        "P33_020": -1,
        "P33_021": -1,
        "P33_022": -1,
        "P33_023": -1,
        "P33_024": -1,
        "P33_041": 1
      },
      "geometry": {
        "type": "Point",
        "coordinates": [
          135.9894592184338,
          35.080084255738306
        ]
      }
    },
    {
      "type": "Feature",
      "properties": {
        "P33_001": 119,
        "P33_002": "25207",
        "P33_003": "25",
        "P33_004": 2,
        "P33_005": "市立北公民館",
        "P33_006": "524-0103",
        "P33_007": "守山市洲本町1353-2",
        "P33_008": "077-585-1004",
        "P33_009": 19710000,
        "P33_010": "‐",
        "P33_011": "‐",
        "P33_012": -1,
        "P33_013": -1,
        "P33_014": 2,
        "P33_015": "‐",
        "P33_016": "‐",
        "P33_017": "‐",
        "P33_018": -1,
        "P33_019": 717,
        "P33_020": -1,
        "P33_021": -1,
        "P33_022": -1,
        "P33_023": -1,
        "P33_024": -1,
        "P33_041": 1
      },
      "geometry": {
        "type": "Point",
        "coordinates": [
          135.97163439126263,
          35.090181418706806
        ]
      }
    },
    {
      "type": "Feature",
      "properties": {
        "P33_001": 120,
        "P33_002": "25207",
        "P33_003": "25",
        "P33_004": 2,
        "P33_005": "市立玉津公民館",
        "P33_006": "524-0015",
        "P33_007": "守山市矢島町3091",
        "P33_008": "077-585-4822",
        "P33_009": 19760000,
        "P33_010": "‐",
        "P33_011": "‐",
        "P33_012": -1,
        "P33_013": -1,
        "P33_014": 2,
        "P33_015": "‐",
        "P33_016": "‐",
        "P33_017": "‐",
        "P33_018": -1,
        "P33_019": 1576,
        "P33_020": -1,
        "P33_021": -1,
        "P33_022": -1,
        "P33_023": -1,
        "P33_024": -1,
        "P33_041": 1
      },
      "geometry": {
        "type": "Point",
        "coordinates": [
          135.97084746817177,
          35.079309505011686
        ]
      }
    },
    {
      "type": "Feature",
      "properties": {
        "P33_001": 121,
        "P33_002": "25207",
        "P33_003": "25",
        "P33_004": 2,
        "P33_005": "市立中央公民館",
        "P33_006": "524-0051",
        "P33_007": "守山市三宅町125",
        "P33_008": "077-583-2532",
        "P33_009": 19860000,
        "P33_010": "‐",
        "P33_011": "‐",
        "P33_012": -1,
        "P33_013": -1,
        "P33_014": 1,
        "P33_015": "‐",
        "P33_016": "‐",
        "P33_017": "‐",
        "P33_018": -1,
        "P33_019": 2633,
        "P33_020": -1,
        "P33_021": -1,
        "P33_022": -1,
        "P33_023": -1,
        "P33_024": -1,
        "P33_041": 1
      },
      "geometry": {
        "type": "Point",
        "coordinates": [
          135.97891861120848,
          35.063542500026955
        ]
      }
    },
    {
      "type": "Feature",
      "properties": {
        "P33_001": 122,
        "P33_002": "25207",
        "P33_003": "25",
        "P33_004": 2,
        "P33_005": "市立中洲公民館",
        "P33_006": "524-0215",
        "P33_007": "守山市幸津川町1043-5",
        "P33_008": "077-585-2004",
        "P33_009": 19760000,
        "P33_010": "‐",
        "P33_011": "‐",
        "P33_012": -1,
        "P33_013": -1,
        "P33_014": 2,
        "P33_015": "‐",
        "P33_016": "‐",
        "P33_017": "‐",
        "P33_018": -1,
        "P33_019": 499,
        "P33_020": -1,
        "P33_021": -1,
        "P33_022": -1,
        "P33_023": -1,
        "P33_024": -1,
        "P33_041": 1
      },
      "geometry": {
        "type": "Point",
        "coordinates": [
          135.9862169440875,
          35.10911083332767
        ]
      }
    },
    {
      "type": "Feature",
      "properties": {
        "P33_001": 123,
        "P33_002": "25207",
        "P33_003": "25",
        "P33_004": 2,
        "P33_005": "市立速野公民館",
        "P33_006": "524-0102",
        "P33_007": "守山市水保町2236",
        "P33_008": "077-585-3953",
        "P33_009": 19760000,
        "P33_010": "‐",
        "P33_011": "‐",
        "P33_012": -1,
        "P33_013": -1,
        "P33_014": 2,
        "P33_015": "‐",
        "P33_016": "‐",
        "P33_017": "‐",
        "P33_018": -1,
        "P33_019": 501,
        "P33_020": -1,
        "P33_021": -1,
        "P33_022": -1,
        "P33_023": -1,
        "P33_024": -1,
        "P33_041": 1
      },
      "geometry": {
        "type": "Point",
        "coordinates": [
          135.95844833284713,
          35.1003386114641
        ]
      }
    },
    {
      "type": "Feature",
      "properties": {
        "P33_001": 124,
        "P33_002": "25207",
        "P33_003": "25",
        "P33_004": 2,
        "P33_005": "市立守山公民館",
        "P33_006": "524-0046",
        "P33_007": "守山市今宿2-5-15",
        "P33_008": "077-583-5229",
        "P33_009": 19770000,
        "P33_010": "‐",
        "P33_011": "‐",
        "P33_012": -1,
        "P33_013": -1,
        "P33_014": 2,
        "P33_015": "‐",
        "P33_016": "‐",
        "P33_017": "‐",
        "P33_018": -1,
        "P33_019": 460,
        "P33_020": -1,
        "P33_021": -1,
        "P33_022": -1,
        "P33_023": -1,
        "P33_024": -1,
        "P33_041": 1
      },
      "geometry": {
        "type": "Point",
        "coordinates": [
          135.98687305558033,
          35.05067194442525
        ]
      }
    },
    {
      "type": "Feature",
      "properties": {
        "P33_001": 125,
        "P33_002": "25207",
        "P33_003": "25",
        "P33_004": 2,
        "P33_005": "市立吉身公民館",
        "P33_006": "524-0021",
        "P33_007": "守山市吉身3-2-8",
        "P33_008": "077-583-1650",
        "P33_009": 19780000,
        "P33_010": "‐",
        "P33_011": "‐",
        "P33_012": -1,
        "P33_013": -1,
        "P33_014": 2,
        "P33_015": "‐",
        "P33_016": "‐",
        "P33_017": "‐",
        "P33_018": -1,
        "P33_019": 633,
        "P33_020": -1,
        "P33_021": -1,
        "P33_022": -1,
        "P33_023": -1,
        "P33_024": -1,
        "P33_041": 1
      },
      "geometry": {
        "type": "Point",
        "coordinates": [
          135.99726972225602,
          35.05777277812444
        ]
      }
    },
    {
      "type": "Feature",
      "properties": {
        "P33_001": 126,
        "P33_002": "25207",
        "P33_003": "25",
        "P33_004": 2,
        "P33_005": "市立吉身公民館分館",
        "P33_006": "524-0021",
        "P33_007": "守山市吉身3-2-14",
        "P33_008": "‐",
        "P33_009": 19980000,
        "P33_010": "‐",
        "P33_011": "‐",
        "P33_012": -1,
        "P33_013": -1,
        "P33_014": 3,
        "P33_015": "‐",
        "P33_016": "‐",
        "P33_017": "‐",
        "P33_018": -1,
        "P33_019": 821,
        "P33_020": -1,
        "P33_021": -1,
        "P33_022": -1,
        "P33_023": -1,
        "P33_024": -1,
        "P33_041": 1
      },
      "geometry": {
        "type": "Point",
        "coordinates": [
          135.99746388890972,
          35.05813250025676
        ]
      }
    },
    {
      "type": "Feature",
      "properties": {
        "P33_001": 129,
        "P33_002": "25208",
        "P33_003": "25",
        "P33_004": 2,
        "P33_005": "市立中央公民館",
        "P33_006": "520-3015",
        "P33_007": "栗東市安養寺8-4-5",
        "P33_008": "077-551-0145",
        "P33_009": 19700000,
        "P33_010": "‐",
        "P33_011": "‐",
        "P33_012": -1,
        "P33_013": -1,
        "P33_014": 1,
        "P33_015": "‐",
        "P33_016": "‐",
        "P33_017": "‐",
        "P33_018": -1,
        "P33_019": 1319,
        "P33_020": -1,
        "P33_021": -1,
        "P33_022": -1,
        "P33_023": -1,
        "P33_024": -1,
        "P33_041": 1
      },
      "geometry": {
        "type": "Point",
        "coordinates": [
          135.99687333332412,
          35.02206972207987
        ]
      }
    },
    {
      "type": "Feature",
      "properties": {
        "P33_001": 146,
        "P33_002": "25209",
        "P33_003": "25",
        "P33_004": 2,
        "P33_005": "鮎河公民館",
        "P33_006": "528-0202",
        "P33_007": "甲賀市土山町鮎河1950",
        "P33_008": "0748-69-0204",
        "P33_009": 19550000,
        "P33_010": "‐",
        "P33_011": "‐",
        "P33_012": -1,
        "P33_013": -1,
        "P33_014": 2,
        "P33_015": "‐",
        "P33_016": "‐",
        "P33_017": "‐",
        "P33_018": -1,
        "P33_019": 353,
        "P33_020": -1,
        "P33_021": -1,
        "P33_022": -1,
        "P33_023": -1,
        "P33_024": -1,
        "P33_041": 1
      },
      "geometry": {
        "type": "Point",
        "coordinates": [
          136.33725617525528,
          34.957101661053976
        ]
      }
    },
    {
      "type": "Feature",
      "properties": {
        "P33_001": 130,
        "P33_002": "25209",
        "P33_003": "25",
        "P33_004": 2,
        "P33_005": "甲南公民館",
        "P33_006": "520-3311",
        "P33_007": "甲賀市甲南町竜法師600",
        "P33_008": "0748-86-3036",
        "P33_009": 20000000,
        "P33_010": "‐",
        "P33_011": "‐",
        "P33_012": -1,
        "P33_013": -1,
        "P33_014": 2,
        "P33_015": "‐",
        "P33_016": "‐",
        "P33_017": "‐",
        "P33_018": -1,
        "P33_019": 1263,
        "P33_020": -1,
        "P33_021": -1,
        "P33_022": -1,
        "P33_023": -1,
        "P33_024": -1,
        "P33_041": 1
      },
      "geometry": {
        "type": "Point",
        "coordinates": [
          136.17033469877074,
          34.919429429198594
        ]
      }
    },
    {
      "type": "Feature",
      "properties": {
        "P33_001": 131,
        "P33_002": "25209",
        "P33_003": "25",
        "P33_004": 2,
        "P33_005": "山内公民館",
        "P33_006": "528-0208",
        "P33_007": "甲賀市土山町黒川1970",
        "P33_008": "0748-68-0001",
        "P33_009": 19550000,
        "P33_010": "‐",
        "P33_011": "‐",
        "P33_012": -1,
        "P33_013": -1,
        "P33_014": 2,
        "P33_015": "‐",
        "P33_016": "‐",
        "P33_017": "‐",
        "P33_018": -1,
        "P33_019": 450,
        "P33_020": -1,
        "P33_021": -1,
        "P33_022": -1,
        "P33_023": -1,
        "P33_024": -1,
        "P33_041": 1
      },
      "geometry": {
        "type": "Point",
        "coordinates": [
          136.32748154771122,
          34.92367738812558
        ]
      }
    },
    {
      "type": "Feature",
      "properties": {
        "P33_001": 132,
        "P33_002": "25209",
        "P33_003": "25",
        "P33_004": 2,
        "P33_005": "信楽中央公民館",
        "P33_006": "529-1851",
        "P33_007": "甲賀市信楽町長野1252",
        "P33_008": "0748-82-8075",
        "P33_009": 19540000,
        "P33_010": "‐",
        "P33_011": "‐",
        "P33_012": -1,
        "P33_013": -1,
        "P33_014": 2,
        "P33_015": "‐",
        "P33_016": "‐",
        "P33_017": "‐",
        "P33_018": -1,
        "P33_019": 1343,
        "P33_020": -1,
        "P33_021": -1,
        "P33_022": -1,
        "P33_023": -1,
        "P33_024": -1,
        "P33_041": 1
      },
      "geometry": {
        "type": "Point",
        "coordinates": [
          136.0589888454328,
          34.87838960360889
        ]
      }
    },
    {
      "type": "Feature",
      "properties": {
        "P33_001": 133,
        "P33_002": "25209",
        "P33_003": "25",
        "P33_004": 2,
        "P33_005": "大野公民館",
        "P33_006": "528-0235",
        "P33_007": "甲賀市土山町大野2154",
        "P33_008": "0748-67-0001",
        "P33_009": 19520000,
        "P33_010": "‐",
        "P33_011": "‐",
        "P33_012": -1,
        "P33_013": -1,
        "P33_014": 2,
        "P33_015": "‐",
        "P33_016": "‐",
        "P33_017": "‐",
        "P33_018": -1,
        "P33_019": 530,
        "P33_020": -1,
        "P33_021": -1,
        "P33_022": -1,
        "P33_023": -1,
        "P33_024": -1,
        "P33_041": 1
      },
      "geometry": {
        "type": "Point",
        "coordinates": [
          136.23292976584239,
          34.94597138540564
        ]
      }
    },
    {
      "type": "Feature",
      "properties": {
        "P33_001": 134,
        "P33_002": "25209",
        "P33_003": "25",
        "P33_004": 2,
        "P33_005": "土山中央公民館",
        "P33_006": "528-0212",
        "P33_007": "甲賀市土山町南土山甲406",
        "P33_008": "0748-66-0158",
        "P33_009": 19600000,
        "P33_010": "‐",
        "P33_011": "‐",
        "P33_012": -1,
        "P33_013": -1,
        "P33_014": 1,
        "P33_015": "‐",
        "P33_016": "‐",
        "P33_017": "‐",
        "P33_018": -1,
        "P33_019": 878,
        "P33_020": -1,
        "P33_021": -1,
        "P33_022": -1,
        "P33_023": -1,
        "P33_024": -1,
        "P33_041": 1
      },
      "geometry": {
        "type": "Point",
        "coordinates": [
          136.2814686268785,
          34.93460013886666
        ]
      }
    },
    {
      "type": "Feature",
      "properties": {
        "P33_001": 135,
        "P33_002": "25209",
        "P33_003": "25",
        "P33_004": 2,
        "P33_005": "伴谷公民館",
        "P33_006": "528-0064",
        "P33_007": "甲賀市水口町伴中山3736",
        "P33_008": "0748-62-4982",
        "P33_009": 19520000,
        "P33_010": "‐",
        "P33_011": "‐",
        "P33_012": -1,
        "P33_013": -1,
        "P33_014": 2,
        "P33_015": "‐",
        "P33_016": "‐",
        "P33_017": "‐",
        "P33_018": -1,
        "P33_019": 587,
        "P33_020": -1,
        "P33_021": -1,
        "P33_022": -1,
        "P33_023": -1,
        "P33_024": -1,
        "P33_041": 1
      },
      "geometry": {
        "type": "Point",
        "coordinates": [
          136.15633555538625,
          34.99782611109891
        ]
      }
    },
    {
      "type": "Feature",
      "properties": {
        "P33_001": 157,
        "P33_002": "25210",
        "P33_003": "25",
        "P33_004": 2,
        "P33_005": "コミュニティセンターぎおう",
        "P33_006": "520-2304",
        "P33_007": "野洲市永原463",
        "P33_008": "077-586-3200",
        "P33_009": 19910000,
        "P33_010": "‐",
        "P33_011": "‐",
        "P33_012": -1,
        "P33_013": -1,
        "P33_014": 2,
        "P33_015": "‐",
        "P33_016": "‐",
        "P33_017": "‐",
        "P33_018": -1,
        "P33_019": 1081,
        "P33_020": -1,
        "P33_021": -1,
        "P33_022": -1,
        "P33_023": -1,
        "P33_024": -1,
        "P33_041": 1
      },
      "geometry": {
        "type": "Point",
        "coordinates": [
          136.04130945382303,
          35.08644597623012
        ]
      }
    },
    {
      "type": "Feature",
      "properties": {
        "P33_001": 147,
        "P33_002": "25210",
        "P33_003": "25",
        "P33_004": 2,
        "P33_005": "コミュニティセンターきたの",
        "P33_006": "520-2362",
        "P33_007": "野洲市市三宅313",
        "P33_008": "077-586-2450",
        "P33_009": 19980000,
        "P33_010": "‐",
        "P33_011": "‐",
        "P33_012": -1,
        "P33_013": -1,
        "P33_014": 4,
        "P33_015": "‐",
        "P33_016": "‐",
        "P33_017": "‐",
        "P33_018": -1,
        "P33_019": 1168,
        "P33_020": -1,
        "P33_021": -1,
        "P33_022": -1,
        "P33_023": -1,
        "P33_024": -1,
        "P33_041": 1
      },
      "geometry": {
        "type": "Point",
        "coordinates": [
          136.0205018094177,
          35.077152855931914
        ]
      }
    },
    {
      "type": "Feature",
      "properties": {
        "P33_001": 148,
        "P33_002": "25210",
        "P33_003": "25",
        "P33_004": 2,
        "P33_005": "コミュニティセンターしのはら",
        "P33_006": "520-2313",
        "P33_007": "野洲市大篠原4024-2",
        "P33_008": "077-587-1444",
        "P33_009": 19920000,
        "P33_010": "‐",
        "P33_011": "‐",
        "P33_012": -1,
        "P33_013": -1,
        "P33_014": 2,
        "P33_015": "‐",
        "P33_016": "‐",
        "P33_017": "‐",
        "P33_018": -1,
        "P33_019": 1087,
        "P33_020": -1,
        "P33_021": -1,
        "P33_022": -1,
        "P33_023": -1,
        "P33_024": -1,
        "P33_041": 1
      },
      "geometry": {
        "type": "Point",
        "coordinates": [
          136.05899632656218,
          35.09041572279176
        ]
      }
    },
    {
      "type": "Feature",
      "properties": {
        "P33_001": 149,
        "P33_002": "25210",
        "P33_003": "25",
        "P33_004": 2,
        "P33_005": "コミュニティセンターなかさと",
        "P33_006": "520-2423",
        "P33_007": "野洲市西河原2366-1",
        "P33_008": "077-589-4740",
        "P33_009": 20060000,
        "P33_010": "‐",
        "P33_011": "‐",
        "P33_012": -1,
        "P33_013": -1,
        "P33_014": 4,
        "P33_015": "‐",
        "P33_016": "‐",
        "P33_017": "‐",
        "P33_018": -1,
        "P33_019": 1200,
        "P33_020": -1,
        "P33_021": -1,
        "P33_022": -1,
        "P33_023": -1,
        "P33_024": -1,
        "P33_041": 1
      },
      "geometry": {
        "type": "Point",
        "coordinates": [
          136.01176553239006,
          35.10196300636809
        ]
      }
    },
    {
      "type": "Feature",
      "properties": {
        "P33_001": 150,
        "P33_002": "25210",
        "P33_003": "25",
        "P33_004": 2,
        "P33_005": "コミュニティセンターひょうず",
        "P33_006": "520-2412",
        "P33_007": "野洲市六条1509-1",
        "P33_008": "077-589-4010",
        "P33_009": 20070000,
        "P33_010": "‐",
        "P33_011": "‐",
        "P33_012": -1,
        "P33_013": -1,
        "P33_014": 4,
        "P33_015": "‐",
        "P33_016": "‐",
        "P33_017": "‐",
        "P33_018": -1,
        "P33_019": 1219,
        "P33_020": -1,
        "P33_021": -1,
        "P33_022": -1,
        "P33_023": -1,
        "P33_024": -1,
        "P33_041": 1
      },
      "geometry": {
        "type": "Point",
        "coordinates": [
          136.00529999998218,
          35.11108500027905
        ]
      }
    },
    {
      "type": "Feature",
      "properties": {
        "P33_001": 151,
        "P33_002": "25210",
        "P33_003": "25",
        "P33_004": 2,
        "P33_005": "コミュニティセンターみかみ",
        "P33_006": "520-2323",
        "P33_007": "野洲市三上828",
        "P33_008": "077-586-5234",
        "P33_009": 19930000,
        "P33_010": "‐",
        "P33_011": "‐",
        "P33_012": -1,
        "P33_013": -1,
        "P33_014": 2,
        "P33_015": "‐",
        "P33_016": "‐",
        "P33_017": "‐",
        "P33_018": -1,
        "P33_019": 1058,
        "P33_020": -1,
        "P33_021": -1,
        "P33_022": -1,
        "P33_023": -1,
        "P33_024": -1,
        "P33_041": 1
      },
      "geometry": {
        "type": "Point",
        "coordinates": [
          136.0272530551854,
          35.05104972203234
        ]
      }
    },
    {
      "type": "Feature",
      "properties": {
        "P33_001": 152,
        "P33_002": "25210",
        "P33_003": "25",
        "P33_004": 2,
        "P33_005": "コミュニティセンターやす",
        "P33_006": "520-2331",
        "P33_007": "野洲市小篠原2142",
        "P33_008": "077-586-3864",
        "P33_009": 19930000,
        "P33_010": "‐",
        "P33_011": "‐",
        "P33_012": -1,
        "P33_013": -1,
        "P33_014": 2,
        "P33_015": "‐",
        "P33_016": "‐",
        "P33_017": "‐",
        "P33_018": -1,
        "P33_019": 1024,
        "P33_020": -1,
        "P33_021": -1,
        "P33_022": -1,
        "P33_023": -1,
        "P33_024": -1,
        "P33_041": 1
      },
      "geometry": {
        "type": "Point",
        "coordinates": [
          136.0208836113614,
          35.06684972225386
        ]
      }
    },
    {
      "type": "Feature",
      "properties": {
        "P33_001": 153,
        "P33_002": "25210",
        "P33_003": "25",
        "P33_004": 2,
        "P33_005": "中央公民館",
        "P33_006": "520-2331",
        "P33_007": "野洲市小篠原2142",
        "P33_008": "077-587-1125",
        "P33_009": 19550000,
        "P33_010": "‐",
        "P33_011": "‐",
        "P33_012": -1,
        "P33_013": -1,
        "P33_014": 2,
        "P33_015": "‐",
        "P33_016": "‐",
        "P33_017": "‐",
        "P33_018": -1,
        "P33_019": 5100,
        "P33_020": -1,
        "P33_021": -1,
        "P33_022": -1,
        "P33_023": -1,
        "P33_024": -1,
        "P33_041": 1
      },
      "geometry": {
        "type": "Point",
        "coordinates": [
          136.0208836113614,
          35.06684972225386
        ]
      }
    },
    {
      "type": "Feature",
      "properties": {
        "P33_001": 154,
        "P33_002": "25210",
        "P33_003": "25",
        "P33_004": 2,
        "P33_005": "中主公民館",
        "P33_006": "520-2422",
        "P33_007": "野洲市比留田3313-3",
        "P33_008": "077-589-3111",
        "P33_009": 19570000,
        "P33_010": "‐",
        "P33_011": "‐",
        "P33_012": -1,
        "P33_013": -1,
        "P33_014": 2,
        "P33_015": "‐",
        "P33_016": "‐",
        "P33_017": "‐",
        "P33_018": -1,
        "P33_019": 3175,
        "P33_020": -1,
        "P33_021": -1,
        "P33_022": -1,
        "P33_023": -1,
        "P33_024": -1,
        "P33_041": 1
      },
      "geometry": {
        "type": "Point",
        "coordinates": [
          136.0176155178473,
          35.10922208578493
        ]
      }
    },
    {
      "type": "Feature",
      "properties": {
        "P33_001": 168,
        "P33_002": "25211",
        "P33_003": "25",
        "P33_004": 2,
        "P33_005": "市民学習交流センター",
        "P33_006": "520-3202",
        "P33_007": "湖南市西峰町1-1",
        "P33_008": "0748-75-8190",
        "P33_009": 19990000,
        "P33_010": "‐",
        "P33_011": "‐",
        "P33_012": -1,
        "P33_013": -1,
        "P33_014": 2,
        "P33_015": "‐",
        "P33_016": "‐",
        "P33_017": "‐",
        "P33_018": -1,
        "P33_019": 1846,
        "P33_020": -1,
        "P33_021": -1,
        "P33_022": -1,
        "P33_023": -1,
        "P33_024": -1,
        "P33_041": 1
      },
      "geometry": {
        "type": "Point",
        "coordinates": [
          136.12605615494024,
          35.01372754028231
        ]
      }
    },
    {
      "type": "Feature",
      "properties": {
        "P33_001": 158,
        "P33_002": "25211",
        "P33_003": "25",
        "P33_004": 2,
        "P33_005": "菩提寺まちづくりセンター",
        "P33_006": "520-3242",
        "P33_007": "湖南市菩提寺775-1",
        "P33_008": "0748-74-3471",
        "P33_009": 19450000,
        "P33_010": "‐",
        "P33_011": "‐",
        "P33_012": -1,
        "P33_013": -1,
        "P33_014": 2,
        "P33_015": "‐",
        "P33_016": "‐",
        "P33_017": "‐",
        "P33_018": -1,
        "P33_019": 1068,
        "P33_020": -1,
        "P33_021": -1,
        "P33_022": -1,
        "P33_023": -1,
        "P33_024": -1,
        "P33_041": 1
      },
      "geometry": {
        "type": "Point",
        "coordinates": [
          136.06336472224675,
          35.02587083380002
        ]
      }
    },
    {
      "type": "Feature",
      "properties": {
        "P33_001": 159,
        "P33_002": "25211",
        "P33_003": "25",
        "P33_004": 2,
        "P33_005": "石部まちづくりセンター",
        "P33_006": "520-3195",
        "P33_007": "湖南市石部中央1-2-3",
        "P33_008": "0748-77-0003",
        "P33_009": -1,
        "P33_010": "‐",
        "P33_011": "‐",
        "P33_012": -1,
        "P33_013": -1,
        "P33_014": 2,
        "P33_015": "‐",
        "P33_016": "‐",
        "P33_017": "‐",
        "P33_018": -1,
        "P33_019": 3782,
        "P33_020": -1,
        "P33_021": -1,
        "P33_022": -1,
        "P33_023": -1,
        "P33_024": -1,
        "P33_041": 1
      },
      "geometry": {
        "type": "Point",
        "coordinates": [
          136.05912528167457,
          35.01080866406054
        ]
      }
    },
    {
      "type": "Feature",
      "properties": {
        "P33_001": 160,
        "P33_002": "25211",
        "P33_003": "25",
        "P33_004": 2,
        "P33_005": "石部南まちづくりセンター",
        "P33_006": "520-3108",
        "P33_007": "湖南市石部南3-5-1",
        "P33_008": "0748-77-2535",
        "P33_009": 19850000,
        "P33_010": "‐",
        "P33_011": "‐",
        "P33_012": -1,
        "P33_013": -1,
        "P33_014": 2,
        "P33_015": "‐",
        "P33_016": "‐",
        "P33_017": "‐",
        "P33_018": -1,
        "P33_019": 361,
        "P33_020": -1,
        "P33_021": -1,
        "P33_022": -1,
        "P33_023": -1,
        "P33_024": -1,
        "P33_041": 1
      },
      "geometry": {
        "type": "Point",
        "coordinates": [
          136.06168384779187,
          34.99410141556277
        ]
      }
    },
    {
      "type": "Feature",
      "properties": {
        "P33_001": 161,
        "P33_002": "25211",
        "P33_003": "25",
        "P33_004": 2,
        "P33_005": "岩根まちづくりセンター",
        "P33_006": "520-3252",
        "P33_007": "湖南市岩根1155-1",
        "P33_008": "0748-72-7871",
        "P33_009": 19960000,
        "P33_010": "‐",
        "P33_011": "‐",
        "P33_012": -1,
        "P33_013": -1,
        "P33_014": 2,
        "P33_015": "‐",
        "P33_016": "‐",
        "P33_017": "‐",
        "P33_018": -1,
        "P33_019": 967,
        "P33_020": -1,
        "P33_021": -1,
        "P33_022": -1,
        "P33_023": -1,
        "P33_024": -1,
        "P33_041": 1
      },
      "geometry": {
        "type": "Point",
        "coordinates": [
          136.1126980559348,
          35.002303889328495
        ]
      }
    },
    {
      "type": "Feature",
      "properties": {
        "P33_001": 162,
        "P33_002": "25211",
        "P33_003": "25",
        "P33_004": 2,
        "P33_005": "柑子袋まちづくりセンター",
        "P33_006": "520-3233",
        "P33_007": "湖南市柑子袋860-1",
        "P33_008": "0748-71-2560",
        "P33_009": 19990000,
        "P33_010": "‐",
        "P33_011": "‐",
        "P33_012": -1,
        "P33_013": -1,
        "P33_014": 2,
        "P33_015": "‐",
        "P33_016": "‐",
        "P33_017": "‐",
        "P33_018": -1,
        "P33_019": 913,
        "P33_020": -1,
        "P33_021": -1,
        "P33_022": -1,
        "P33_023": -1,
        "P33_024": -1,
        "P33_041": 1
      },
      "geometry": {
        "type": "Point",
        "coordinates": [
          136.07003062927706,
          35.00263136405361
        ]
      }
    },
    {
      "type": "Feature",
      "properties": {
        "P33_001": 163,
        "P33_002": "25211",
        "P33_003": "25",
        "P33_004": 2,
        "P33_005": "下田まちづくりセンター",
        "P33_006": "520-3201",
        "P33_007": "湖南市下田1515",
        "P33_008": "0748-75-0011",
        "P33_009": 19860000,
        "P33_010": "‐",
        "P33_011": "‐",
        "P33_012": -1,
        "P33_013": -1,
        "P33_014": 2,
        "P33_015": "‐",
        "P33_016": "‐",
        "P33_017": "‐",
        "P33_018": -1,
        "P33_019": 868,
        "P33_020": -1,
        "P33_021": -1,
        "P33_022": -1,
        "P33_023": -1,
        "P33_024": -1,
        "P33_041": 1
      },
      "geometry": {
        "type": "Point",
        "coordinates": [
          136.13145106301,
          35.025449503534055
        ]
      }
    },
    {
      "type": "Feature",
      "properties": {
        "P33_001": 164,
        "P33_002": "25211",
        "P33_003": "25",
        "P33_004": 2,
        "P33_005": "中央まちづくりセンター",
        "P33_006": "520-3228",
        "P33_007": "湖南市中央1-1",
        "P33_008": "0748-72-3762",
        "P33_009": 19690000,
        "P33_010": "‐",
        "P33_011": "‐",
        "P33_012": -1,
        "P33_013": -1,
        "P33_014": 1,
        "P33_015": "‐",
        "P33_016": "‐",
        "P33_017": "‐",
        "P33_018": -1,
        "P33_019": 446,
        "P33_020": -1,
        "P33_021": -1,
        "P33_022": -1,
        "P33_023": -1,
        "P33_024": -1,
        "P33_041": 1
      },
      "geometry": {
        "type": "Point",
        "coordinates": [
          136.08349514122227,
          35.00390872431775
        ]
      }
    },
    {
      "type": "Feature",
      "properties": {
        "P33_001": 165,
        "P33_002": "25211",
        "P33_003": "25",
        "P33_004": 2,
        "P33_005": "三雲まちづくりセンター",
        "P33_006": "520-3221",
        "P33_007": "湖南市三雲1186",
        "P33_008": "0748-72-4532",
        "P33_009": 19900000,
        "P33_010": "‐",
        "P33_011": "‐",
        "P33_012": -1,
        "P33_013": -1,
        "P33_014": 2,
        "P33_015": "‐",
        "P33_016": "‐",
        "P33_017": "‐",
        "P33_018": -1,
        "P33_019": 1033,
        "P33_020": -1,
        "P33_021": -1,
        "P33_022": -1,
        "P33_023": -1,
        "P33_024": -1,
        "P33_041": 1
      },
      "geometry": {
        "type": "Point",
        "coordinates": [
          136.10718666663638,
          34.98464666602045
        ]
      }
    },
    {
      "type": "Feature",
      "properties": {
        "P33_001": 182,
        "P33_002": "25214",
        "P33_003": "25",
        "P33_004": 2,
        "P33_005": "伊吹薬草の里文化センター",
        "P33_006": "521-0314",
        "P33_007": "米原市春照37",
        "P33_008": "0749-58-0105",
        "P33_009": 19940331,
        "P33_010": "‐",
        "P33_011": "‐",
        "P33_012": -1,
        "P33_013": -1,
        "P33_014": 2,
        "P33_015": "‐",
        "P33_016": "‐",
        "P33_017": "‐",
        "P33_018": 38994,
        "P33_019": 4784,
        "P33_020": 1,
        "P33_021": 350,
        "P33_022": 350,
        "P33_023": 1,
        "P33_024": 2,
        "P33_041": 1
      },
      "geometry": {
        "type": "Point",
        "coordinates": [
          136.3832349166643,
          35.38193749019459
        ]
      }
    },
    {
      "type": "Feature",
      "properties": {
        "P33_001": 177,
        "P33_002": "25214",
        "P33_003": "25",
        "P33_004": 2,
        "P33_005": "近江公民館",
        "P33_006": "521-0072",
        "P33_007": "米原市顔戸1513",
        "P33_008": "0749-52-3483",
        "P33_009": 19750000,
        "P33_010": "‐",
        "P33_011": "‐",
        "P33_012": -1,
        "P33_013": -1,
        "P33_014": 2,
        "P33_015": "‐",
        "P33_016": "‐",
        "P33_017": "‐",
        "P33_018": -1,
        "P33_019": 2484,
        "P33_020": -1,
        "P33_021": -1,
        "P33_022": -1,
        "P33_023": -1,
        "P33_024": -1,
        "P33_041": 1
      },
      "geometry": {
        "type": "Point",
        "coordinates": [
          136.30128287211238,
          35.34124492974015
        ]
      }
    },
    {
      "type": "Feature",
      "properties": {
        "P33_001": 178,
        "P33_002": "25214",
        "P33_003": "25",
        "P33_004": 2,
        "P33_005": "山東公民館",
        "P33_006": "521-0242",
        "P33_007": "米原市長岡3127",
        "P33_008": "0749-55-2578",
        "P33_009": 19780000,
        "P33_010": "‐",
        "P33_011": "‐",
        "P33_012": -1,
        "P33_013": -1,
        "P33_014": 2,
        "P33_015": "‐",
        "P33_016": "‐",
        "P33_017": "‐",
        "P33_018": -1,
        "P33_019": 1764,
        "P33_020": -1,
        "P33_021": -1,
        "P33_022": -1,
        "P33_023": -1,
        "P33_024": -1,
        "P33_041": 1
      },
      "geometry": {
        "type": "Point",
        "coordinates": [
          136.366774061188,
          35.36557015805262
        ]
      }
    },
    {
      "type": "Feature",
      "properties": {
        "P33_001": 179,
        "P33_002": "25214",
        "P33_003": "25",
        "P33_004": 2,
        "P33_005": "米原公民館",
        "P33_006": "521-0016",
        "P33_007": "米原市下多良3-3",
        "P33_008": "0749-52-2240",
        "P33_009": 19820000,
        "P33_010": "‐",
        "P33_011": "‐",
        "P33_012": -1,
        "P33_013": -1,
        "P33_014": 1,
        "P33_015": "‐",
        "P33_016": "‐",
        "P33_017": "‐",
        "P33_018": -1,
        "P33_019": 2604,
        "P33_020": -1,
        "P33_021": -1,
        "P33_022": -1,
        "P33_023": -1,
        "P33_024": -1,
        "P33_041": 1
      },
      "geometry": {
        "type": "Point",
        "coordinates": [
          136.28390570245674,
          35.31462425971218
        ]
      }
    },
    {
      "type": "Feature",
      "properties": {
        "P33_001": 99,
        "P33_002": "25204",
        "P33_003": "25",
        "P33_004": 2,
        "P33_005": "安土町公民館",
        "P33_006": "521-1311",
        "P33_007": "近江八幡市安土町下豊浦4660",
        "P33_008": "0748-46-2346",
        "P33_009": 19790000,
        "P33_010": "‐",
        "P33_011": "‐",
        "P33_012": -1,
        "P33_013": -1,
        "P33_014": 1,
        "P33_015": "‐",
        "P33_016": "‐",
        "P33_017": "‐",
        "P33_018": -1,
        "P33_019": 1993,
        "P33_020": -1,
        "P33_021": -1,
        "P33_022": -1,
        "P33_023": -1,
        "P33_024": -1,
        "P33_041": 1
      },
      "geometry": {
        "type": "Point",
        "coordinates": [
          136.1326035288948,
          35.145815608575525
        ]
      }
    },
    {
      "type": "Feature",
      "properties": {
        "P33_001": 191,
        "P33_002": "25383",
        "P33_003": "25",
        "P33_004": 2,
        "P33_005": "町立鎌掛公民館",
        "P33_006": "529-1631",
        "P33_007": "日野町鎌掛2526",
        "P33_008": "0748-52-1210",
        "P33_009": 19550000,
        "P33_010": "‐",
        "P33_011": "‐",
        "P33_012": -1,
        "P33_013": -1,
        "P33_014": 2,
        "P33_015": "‐",
        "P33_016": "‐",
        "P33_017": "‐",
        "P33_018": -1,
        "P33_019": 797,
        "P33_020": -1,
        "P33_021": -1,
        "P33_022": -1,
        "P33_023": -1,
        "P33_024": -1,
        "P33_041": 1
      },
      "geometry": {
        "type": "Point",
        "coordinates": [
          136.26035644267137,
          34.98623804739435
        ]
      }
    },
    {
      "type": "Feature",
      "properties": {
        "P33_001": 183,
        "P33_002": "25383",
        "P33_003": "25",
        "P33_004": 2,
        "P33_005": "町立西桜谷公民館",
        "P33_006": "529-1663",
        "P33_007": "日野町北脇988",
        "P33_008": "0748-53-0007",
        "P33_009": 19550000,
        "P33_010": "‐",
        "P33_011": "‐",
        "P33_012": -1,
        "P33_013": -1,
        "P33_014": 2,
        "P33_015": "‐",
        "P33_016": "‐",
        "P33_017": "‐",
        "P33_018": -1,
        "P33_019": 415,
        "P33_020": -1,
        "P33_021": -1,
        "P33_022": -1,
        "P33_023": -1,
        "P33_024": -1,
        "P33_041": 1
      },
      "geometry": {
        "type": "Point",
        "coordinates": [
          136.2308317698598,
          35.05538438455649
        ]
      }
    },
    {
      "type": "Feature",
      "properties": {
        "P33_001": 184,
        "P33_002": "25383",
        "P33_003": "25",
        "P33_004": 2,
        "P33_005": "町立西大路公民館",
        "P33_006": "529-1628",
        "P33_007": "日野町西大路48-1",
        "P33_008": "0748-52-1050",
        "P33_009": 19550000,
        "P33_010": "‐",
        "P33_011": "‐",
        "P33_012": -1,
        "P33_013": -1,
        "P33_014": 2,
        "P33_015": "‐",
        "P33_016": "‐",
        "P33_017": "‐",
        "P33_018": -1,
        "P33_019": 922,
        "P33_020": -1,
        "P33_021": -1,
        "P33_022": -1,
        "P33_023": -1,
        "P33_024": -1,
        "P33_041": 1
      },
      "geometry": {
        "type": "Point",
        "coordinates": [
          136.27552236520208,
          35.008565901890925
        ]
      }
    },
    {
      "type": "Feature",
      "properties": {
        "P33_001": 185,
        "P33_002": "25383",
        "P33_003": "25",
        "P33_004": 2,
        "P33_005": "町立中央公民館",
        "P33_006": "529-1698",
        "P33_007": "日野町河原1-1",
        "P33_008": "0748-52-6566",
        "P33_009": 19550000,
        "P33_010": "‐",
        "P33_011": "‐",
        "P33_012": -1,
        "P33_013": -1,
        "P33_014": 1,
        "P33_015": "‐",
        "P33_016": "‐",
        "P33_017": "‐",
        "P33_018": -1,
        "P33_019": -1,
        "P33_020": -1,
        "P33_021": -1,
        "P33_022": -1,
        "P33_023": -1,
        "P33_024": -1,
        "P33_041": 1
      },
      "geometry": {
        "type": "Point",
        "coordinates": [
          136.2460255529199,
          35.018016351047216
        ]
      }
    },
    {
      "type": "Feature",
      "properties": {
        "P33_001": 186,
        "P33_002": "25383",
        "P33_003": "25",
        "P33_004": 2,
        "P33_005": "町立東桜谷公民館",
        "P33_006": "529-1617",
        "P33_007": "日野町大字中之郷428-8",
        "P33_008": "0748-52-3092",
        "P33_009": 19550000,
        "P33_010": "‐",
        "P33_011": "‐",
        "P33_012": -1,
        "P33_013": -1,
        "P33_014": 2,
        "P33_015": "‐",
        "P33_016": "‐",
        "P33_017": "‐",
        "P33_018": -1,
        "P33_019": 898,
        "P33_020": -1,
        "P33_021": -1,
        "P33_022": -1,
        "P33_023": -1,
        "P33_024": -1,
        "P33_041": 1
      },
      "geometry": {
        "type": "Point",
        "coordinates": [
          136.26633666688716,
          35.040143333539326
        ]
      }
    },
    {
      "type": "Feature",
      "properties": {
        "P33_001": 187,
        "P33_002": "25383",
        "P33_003": "25",
        "P33_004": 2,
        "P33_005": "町立南比都佐公民館",
        "P33_006": "529-1634",
        "P33_007": "日野町深山口939",
        "P33_008": "0748-52-1220",
        "P33_009": 19550000,
        "P33_010": "‐",
        "P33_011": "‐",
        "P33_012": -1,
        "P33_013": -1,
        "P33_014": 2,
        "P33_015": "‐",
        "P33_016": "‐",
        "P33_017": "‐",
        "P33_018": -1,
        "P33_019": 891,
        "P33_020": -1,
        "P33_021": -1,
        "P33_022": -1,
        "P33_023": -1,
        "P33_024": -1,
        "P33_041": 1
      },
      "geometry": {
        "type": "Point",
        "coordinates": [
          136.2305536110279,
          34.9880205555726
        ]
      }
    },
    {
      "type": "Feature",
      "properties": {
        "P33_001": 188,
        "P33_002": "25383",
        "P33_003": "25",
        "P33_004": 2,
        "P33_005": "町立公民館",
        "P33_006": "529-1609",
        "P33_007": "日野町中道2-12",
        "P33_008": "0748-52-0016",
        "P33_009": 19550000,
        "P33_010": "‐",
        "P33_011": "‐",
        "P33_012": -1,
        "P33_013": -1,
        "P33_014": 2,
        "P33_015": "‐",
        "P33_016": "‐",
        "P33_017": "‐",
        "P33_018": -1,
        "P33_019": 1236,
        "P33_020": -1,
        "P33_021": -1,
        "P33_022": -1,
        "P33_023": -1,
        "P33_024": -1,
        "P33_041": 1
      },
      "geometry": {
        "type": "Point",
        "coordinates": [
          136.2496794742584,
          35.015176862571074
        ]
      }
    },
    {
      "type": "Feature",
      "properties": {
        "P33_001": 189,
        "P33_002": "25383",
        "P33_003": "25",
        "P33_004": 2,
        "P33_005": "町立必佐公民館",
        "P33_006": "529-1657",
        "P33_007": "日野町三十坪1290",
        "P33_008": "0748-52-3091",
        "P33_009": 19550000,
        "P33_010": "‐",
        "P33_011": "‐",
        "P33_012": -1,
        "P33_013": -1,
        "P33_014": 2,
        "P33_015": "‐",
        "P33_016": "‐",
        "P33_017": "‐",
        "P33_018": -1,
        "P33_019": 1248,
        "P33_020": -1,
        "P33_021": -1,
        "P33_022": -1,
        "P33_023": -1,
        "P33_024": -1,
        "P33_041": 1
      },
      "geometry": {
        "type": "Point",
        "coordinates": [
          136.21480027801016,
          35.01861972220748
        ]
      }
    },
    {
      "type": "Feature",
      "properties": {
        "P33_001": 192,
        "P33_002": "25384",
        "P33_003": "25",
        "P33_004": 2,
        "P33_005": "竜王町公民館",
        "P33_006": "520-2552",
        "P33_007": "竜王町小口276-1",
        "P33_008": "0748-58-1005",
        "P33_009": 19740710,
        "P33_010": "‐",
        "P33_011": "‐",
        "P33_012": -1,
        "P33_013": -1,
        "P33_014": 1,
        "P33_015": "‐",
        "P33_016": "‐",
        "P33_017": "‐",
        "P33_018": 6691,
        "P33_019": 2889,
        "P33_020": 1,
        "P33_021": 360,
        "P33_022": 360,
        "P33_023": -1,
        "P33_024": 1,
        "P33_041": 1
      },
      "geometry": {
        "type": "Point",
        "coordinates": [
          136.12442194427825,
          35.06220194450355
        ]
      }
    },
    {
      "type": "Feature",
      "properties": {
        "P33_001": 195,
        "P33_002": "25425",
        "P33_003": "25",
        "P33_004": 2,
        "P33_005": "町立愛知川公民館",
        "P33_006": "529-1331",
        "P33_007": "愛荘町愛知川13-2",
        "P33_008": "0749-42-5141",
        "P33_009": 19550000,
        "P33_010": "‐",
        "P33_011": "‐",
        "P33_012": -1,
        "P33_013": -1,
        "P33_014": 1,
        "P33_015": "‐",
        "P33_016": "‐",
        "P33_017": "‐",
        "P33_018": -1,
        "P33_019": 1635,
        "P33_020": -1,
        "P33_021": -1,
        "P33_022": -1,
        "P33_023": -1,
        "P33_024": -1,
        "P33_041": 1
      },
      "geometry": {
        "type": "Point",
        "coordinates": [
          136.211275198651,
          35.17108874675196
        ]
      }
    },
    {
      "type": "Feature",
      "properties": {
        "P33_001": 193,
        "P33_002": "25425",
        "P33_003": "25",
        "P33_004": 2,
        "P33_005": "町立秦荘公民館",
        "P33_006": "529-1206",
        "P33_007": "愛荘町蚊野1725",
        "P33_008": "0749-37-2160",
        "P33_009": 19730000,
        "P33_010": "‐",
        "P33_011": "‐",
        "P33_012": -1,
        "P33_013": -1,
        "P33_014": 1,
        "P33_015": "‐",
        "P33_016": "‐",
        "P33_017": "‐",
        "P33_018": -1,
        "P33_019": 1038,
        "P33_020": -1,
        "P33_021": -1,
        "P33_022": -1,
        "P33_023": -1,
        "P33_024": -1,
        "P33_041": 1
      },
      "geometry": {
        "type": "Point",
        "coordinates": [
          136.26042361113838,
          35.17008027732559
        ]
      }
    },
    {
      "type": "Feature",
      "properties": {
        "P33_001": 197,
        "P33_002": "25441",
        "P33_003": "25",
        "P33_004": 2,
        "P33_005": "豊郷町公民館",
        "P33_006": "529-1161",
        "P33_007": "豊郷町大字四十九院1252",
        "P33_008": "0749-35-8010",
        "P33_009": 19570000,
        "P33_010": "‐",
        "P33_011": "‐",
        "P33_012": -1,
        "P33_013": -1,
        "P33_014": 1,
        "P33_015": "‐",
        "P33_016": "‐",
        "P33_017": "‐",
        "P33_018": -1,
        "P33_019": 5091,
        "P33_020": -1,
        "P33_021": -1,
        "P33_022": -1,
        "P33_023": -1,
        "P33_024": -1,
        "P33_041": 1
      },
      "geometry": {
        "type": "Point",
        "coordinates": [
          136.2391651459073,
          35.20473181178925
        ]
      }
    },
    {
      "type": "Feature",
      "properties": {
        "P33_001": 198,
        "P33_002": "25442",
        "P33_003": "25",
        "P33_004": 2,
        "P33_005": "甲良町公民館",
        "P33_006": "522-0244",
        "P33_007": "甲良町大字在士350",
        "P33_008": "0749-38-3315",
        "P33_009": 19550000,
        "P33_010": "‐",
        "P33_011": "‐",
        "P33_012": -1,
        "P33_013": -1,
        "P33_014": 4,
        "P33_015": "‐",
        "P33_016": "‐",
        "P33_017": "‐",
        "P33_018": -1,
        "P33_019": 1172,
        "P33_020": -1,
        "P33_021": -1,
        "P33_022": -1,
        "P33_023": -1,
        "P33_024": -1,
        "P33_041": 1
      },
      "geometry": {
        "type": "Point",
        "coordinates": [
          136.2615763888289,
          35.20452194460947
        ]
      }
    },
    {
      "type": "Feature",
      "properties": {
        "P33_001": 199,
        "P33_002": "25443",
        "P33_003": "25",
        "P33_004": 2,
        "P33_005": "中央公民館",
        "P33_006": "522-0352",
        "P33_007": "多賀町久徳160-1",
        "P33_008": "0749-48-1800",
        "P33_009": 19490000,
        "P33_010": "‐",
        "P33_011": "‐",
        "P33_012": -1,
        "P33_013": -1,
        "P33_014": 1,
        "P33_015": "‐",
        "P33_016": "‐",
        "P33_017": "‐",
        "P33_018": -1,
        "P33_019": 1254,
        "P33_020": -1,
        "P33_021": -1,
        "P33_022": -1,
        "P33_023": -1,
        "P33_024": -1,
        "P33_041": 1
      },
      "geometry": {
        "type": "Point",
        "coordinates": [
          136.29623546956654,
          35.229469310068254
        ]
      }
    },
    {
      "type": "Feature",
      "properties": {
        "P33_001": 70,
        "P33_002": "25203",
        "P33_003": "25",
        "P33_004": 2,
        "P33_005": "虎姫公民館",
        "P33_006": "529-0142",
        "P33_007": "長浜市田町108",
        "P33_008": "0749-73-2273",
        "P33_009": 19520000,
        "P33_010": "‐",
        "P33_011": "‐",
        "P33_012": -1,
        "P33_013": -1,
        "P33_014": 1,
        "P33_015": "‐",
        "P33_016": "‐",
        "P33_017": "‐",
        "P33_018": -1,
        "P33_019": 1716,
        "P33_020": -1,
        "P33_021": -1,
        "P33_022": -1,
        "P33_023": -1,
        "P33_024": -1,
        "P33_041": 1
      },
      "geometry": {
        "type": "Point",
        "coordinates": [
          136.26001611916413,
          35.42253770906064
        ]
      }
    },
    {
      "type": "Feature",
      "properties": {
        "P33_001": 71,
        "P33_002": "25203",
        "P33_003": "25",
        "P33_004": 2,
        "P33_005": "高月中央公民館",
        "P33_006": "529-0233",
        "P33_007": "長浜市高月町大字渡岸寺141-1",
        "P33_008": "0749-85-5204",
        "P33_009": 19790000,
        "P33_010": "‐",
        "P33_011": "‐",
        "P33_012": -1,
        "P33_013": -1,
        "P33_014": 1,
        "P33_015": "‐",
        "P33_016": "‐",
        "P33_017": "‐",
        "P33_018": -1,
        "P33_019": 1927,
        "P33_020": -1,
        "P33_021": -1,
        "P33_022": -1,
        "P33_023": -1,
        "P33_024": -1,
        "P33_041": 1
      },
      "geometry": {
        "type": "Point",
        "coordinates": [
          136.2352939997454,
          35.47486100048339
        ]
      }
    },
    {
      "type": "Feature",
      "properties": {
        "P33_001": 72,
        "P33_002": "25203",
        "P33_003": "25",
        "P33_004": 2,
        "P33_005": "南公民館",
        "P33_006": "529-0233",
        "P33_007": "長浜市高月町大字高月250",
        "P33_008": "0749-85-5863",
        "P33_009": 19950000,
        "P33_010": "‐",
        "P33_011": "‐",
        "P33_012": -1,
        "P33_013": -1,
        "P33_014": 2,
        "P33_015": "‐",
        "P33_016": "‐",
        "P33_017": "‐",
        "P33_018": -1,
        "P33_019": 2014,
        "P33_020": -1,
        "P33_021": -1,
        "P33_022": -1,
        "P33_023": -1,
        "P33_024": -1,
        "P33_041": 1
      },
      "geometry": {
        "type": "Point",
        "coordinates": [
          136.23524174552463,
          35.46862809254137
        ]
      }
    },
    {
      "type": "Feature",
      "properties": {
        "P33_001": 73,
        "P33_002": "25203",
        "P33_003": "25",
        "P33_004": 2,
        "P33_005": "公立木之本公民館",
        "P33_006": "529-0425",
        "P33_007": "長浜市木之本町木之本1757-2",
        "P33_008": "0749-82-2411",
        "P33_009": 19800000,
        "P33_010": "‐",
        "P33_011": "‐",
        "P33_012": -1,
        "P33_013": -1,
        "P33_014": 1,
        "P33_015": "‐",
        "P33_016": "‐",
        "P33_017": "‐",
        "P33_018": -1,
        "P33_019": 2013,
        "P33_020": -1,
        "P33_021": -1,
        "P33_022": -1,
        "P33_023": -1,
        "P33_024": -1,
        "P33_041": 1
      },
      "geometry": {
        "type": "Point",
        "coordinates": [
          136.22251184339956,
          35.502213615676965
        ]
      }
    },
    {
      "type": "Feature",
      "properties": {
        "P33_001": 74,
        "P33_002": "25203",
        "P33_003": "25",
        "P33_004": 2,
        "P33_005": "西浅井公民館",
        "P33_006": "529-0792",
        "P33_007": "長浜市西浅井町大浦2590",
        "P33_008": "0749-89-1127",
        "P33_009": 19880000,
        "P33_010": "‐",
        "P33_011": "‐",
        "P33_012": -1,
        "P33_013": -1,
        "P33_014": 1,
        "P33_015": "‐",
        "P33_016": "‐",
        "P33_017": "‐",
        "P33_018": -1,
        "P33_019": 1332,
        "P33_020": -1,
        "P33_021": -1,
        "P33_022": -1,
        "P33_023": -1,
        "P33_024": -1,
        "P33_041": 1
      },
      "geometry": {
        "type": "Point",
        "coordinates": [
          136.1236426491138,
          35.49851456952509
        ]
      }
    },
    {
      "type": "Feature",
      "properties": {
        "P33_001": 210,
        "P33_002": "25201",
        "P33_003": "25",
        "P33_004": 5,
        "P33_005": "大津市科学館",
        "P33_006": "520-0814",
        "P33_007": "大津市本丸町6-50",
        "P33_008": "077-522-1907",
        "P33_009": -1,
        "P33_010": "‐",
        "P33_011": "‐",
        "P33_012": -1,
        "P33_013": -1,
        "P33_014": -1,
        "P33_015": "‐",
        "P33_016": "‐",
        "P33_017": "‐",
        "P33_018": -1,
        "P33_019": -1,
        "P33_020": -1,
        "P33_021": -1,
        "P33_022": -1,
        "P33_023": -1,
        "P33_024": -1,
        "P33_041": 1
      },
      "geometry": {
        "type": "Point",
        "coordinates": [
          135.89375138850173,
          34.99403666683752
        ]
      }
    },
    {
      "type": "Feature",
      "properties": {
        "P33_001": 217,
        "P33_002": "25209",
        "P33_003": "25",
        "P33_004": 5,
        "P33_005": "滋賀県立陶芸の森",
        "P33_006": "529-1804",
        "P33_007": "甲賀市信楽町勅旨2188-7",
        "P33_008": "0748-83-0909",
        "P33_009": -1,
        "P33_010": "‐",
        "P33_011": "‐",
        "P33_012": -1,
        "P33_013": -1,
        "P33_014": -1,
        "P33_015": "‐",
        "P33_016": "‐",
        "P33_017": "‐",
        "P33_018": -1,
        "P33_019": -1,
        "P33_020": -1,
        "P33_021": -1,
        "P33_022": -1,
        "P33_023": -1,
        "P33_024": -1,
        "P33_041": 1
      },
      "geometry": {
        "type": "Point",
        "coordinates": [
          136.0591929998026,
          34.88574399983438
        ]
      }
    },
    {
      "type": "Feature",
      "properties": {
        "P33_001": 211,
        "P33_002": "25203",
        "P33_003": "25",
        "P33_004": 5,
        "P33_005": "長浜鉄道スクエア",
        "P33_006": "526-0057",
        "P33_007": "長浜市北船町1-41",
        "P33_008": "0749-63-4091",
        "P33_009": -1,
        "P33_010": "‐",
        "P33_011": "‐",
        "P33_012": -1,
        "P33_013": -1,
        "P33_014": -1,
        "P33_015": "‐",
        "P33_016": "‐",
        "P33_017": "‐",
        "P33_018": -1,
        "P33_019": -1,
        "P33_020": -1,
        "P33_021": -1,
        "P33_022": -1,
        "P33_023": -1,
        "P33_024": -1,
        "P33_041": 1
      },
      "geometry": {
        "type": "Point",
        "coordinates": [
          136.2657949996764,
          35.376871999858835
        ]
      }
    },
    {
      "type": "Feature",
      "properties": {
        "P33_001": 208,
        "P33_002": "25201",
        "P33_003": "25",
        "P33_004": 5,
        "P33_005": "びわ湖バレイ",
        "P33_006": "520-0514",
        "P33_007": "大津市木戸1547-1",
        "P33_008": "077-592-1155",
        "P33_009": -1,
        "P33_010": "‐",
        "P33_011": "‐",
        "P33_012": -1,
        "P33_013": -1,
        "P33_014": -1,
        "P33_015": "‐",
        "P33_016": "‐",
        "P33_017": "‐",
        "P33_018": -1,
        "P33_019": -1,
        "P33_020": -1,
        "P33_021": -1,
        "P33_022": -1,
        "P33_023": -1,
        "P33_024": -1,
        "P33_041": 1
      },
      "geometry": {
        "type": "Point",
        "coordinates": [
          135.9071562749186,
          35.20304190057367
        ]
      }
    },
    {
      "type": "Feature",
      "properties": {
        "P33_001": 212,
        "P33_002": "25203",
        "P33_003": "25",
        "P33_004": 5,
        "P33_005": "ヤンマーミュージアム",
        "P33_006": "526-0055",
        "P33_007": "長浜市三和町6-50",
        "P33_008": "0749-62-8887",
        "P33_009": -1,
        "P33_010": "‐",
        "P33_011": "‐",
        "P33_012": -1,
        "P33_013": -1,
        "P33_014": -1,
        "P33_015": "‐",
        "P33_016": "‐",
        "P33_017": "‐",
        "P33_018": -1,
        "P33_019": -1,
        "P33_020": -1,
        "P33_021": -1,
        "P33_022": -1,
        "P33_023": -1,
        "P33_024": -1,
        "P33_041": 1
      },
      "geometry": {
        "type": "Point",
        "coordinates": [
          136.27092778786843,
          35.37497382468719
        ]
      }
    },
    {
      "type": "Feature",
      "properties": {
        "P33_001": 213,
        "P33_002": "25203",
        "P33_003": "25",
        "P33_004": 5,
        "P33_005": "曳山博物館",
        "P33_006": "526-0059",
        "P33_007": "長浜市元浜町14-8",
        "P33_008": "0749-65-3300",
        "P33_009": -1,
        "P33_010": "‐",
        "P33_011": "‐",
        "P33_012": -1,
        "P33_013": -1,
        "P33_014": -1,
        "P33_015": "‐",
        "P33_016": "‐",
        "P33_017": "‐",
        "P33_018": -1,
        "P33_019": -1,
        "P33_020": -1,
        "P33_021": -1,
        "P33_022": -1,
        "P33_023": -1,
        "P33_024": -1,
        "P33_041": 1
      },
      "geometry": {
        "type": "Point",
        "coordinates": [
          136.26898229798647,
          35.381423082950086
        ]
      }
    },
    {
      "type": "Feature",
      "properties": {
        "P33_001": 216,
        "P33_002": "25209",
        "P33_003": "25",
        "P33_004": 5,
        "P33_005": "甲賀の里忍術村",
        "P33_006": "520-3405",
        "P33_007": "甲賀市甲賀町隠岐394",
        "P33_008": "0748-88-5000",
        "P33_009": -1,
        "P33_010": "‐",
        "P33_011": "‐",
        "P33_012": -1,
        "P33_013": -1,
        "P33_014": -1,
        "P33_015": "‐",
        "P33_016": "‐",
        "P33_017": "‐",
        "P33_018": -1,
        "P33_019": -1,
        "P33_020": -1,
        "P33_021": -1,
        "P33_022": -1,
        "P33_023": -1,
        "P33_024": -1,
        "P33_041": 1
      },
      "geometry": {
        "type": "Point",
        "coordinates": [
          136.2078174925021,
          34.9192983263292
        ]
      }
    },
    {
      "type": "Feature",
      "properties": {
        "P33_001": 218,
        "P33_002": "25212",
        "P33_003": "25",
        "P33_004": 5,
        "P33_005": "滋賀県立びわ湖こどもの国",
        "P33_006": "520-1232",
        "P33_007": "高島市安曇川町大字北船木2981",
        "P33_008": "0740-34-1392",
        "P33_009": -1,
        "P33_010": "‐",
        "P33_011": "‐",
        "P33_012": -1,
        "P33_013": -1,
        "P33_014": -1,
        "P33_015": "‐",
        "P33_016": "‐",
        "P33_017": "‐",
        "P33_018": -1,
        "P33_019": -1,
        "P33_020": -1,
        "P33_021": -1,
        "P33_022": -1,
        "P33_023": -1,
        "P33_024": -1,
        "P33_041": 1
      },
      "geometry": {
        "type": "Point",
        "coordinates": [
          136.0751000000523,
          35.31981700035098
        ]
      }
    },
    {
      "type": "Feature",
      "properties": {
        "P33_001": 209,
        "P33_002": "25201",
        "P33_003": "25",
        "P33_004": 5,
        "P33_005": "滋賀県立琵琶湖文化館",
        "P33_006": "520-0806",
        "P33_007": "大津市打出浜1-1",
        "P33_008": "077-522-8179",
        "P33_009": -1,
        "P33_010": "‐",
        "P33_011": "‐",
        "P33_012": -1,
        "P33_013": -1,
        "P33_014": -1,
        "P33_015": "‐",
        "P33_016": "‐",
        "P33_017": "‐",
        "P33_018": -1,
        "P33_019": -1,
        "P33_020": -1,
        "P33_021": -1,
        "P33_022": -1,
        "P33_023": -1,
        "P33_024": -1,
        "P33_041": 1
      },
      "geometry": {
        "type": "Point",
        "coordinates": [
          135.8739719998342,
          35.00812099962641
        ]
      }
    },
    {
      "type": "Feature",
      "properties": {
        "P33_001": 214,
        "P33_002": "25203",
        "P33_003": "25",
        "P33_004": 5,
        "P33_005": "長浜オルゴール堂",
        "P33_006": "526-0059",
        "P33_007": "長浜市元浜町13-31",
        "P33_008": "0749-65-5678",
        "P33_009": -1,
        "P33_010": "‐",
        "P33_011": "‐",
        "P33_012": -1,
        "P33_013": -1,
        "P33_014": -1,
        "P33_015": "‐",
        "P33_016": "‐",
        "P33_017": "‐",
        "P33_018": -1,
        "P33_019": -1,
        "P33_020": -1,
        "P33_021": -1,
        "P33_022": -1,
        "P33_023": -1,
        "P33_024": -1,
        "P33_041": 1
      },
      "geometry": {
        "type": "Point",
        "coordinates": [
          136.2684315922734,
          35.38117897805341
        ]
      }
    },
    {
      "type": "Feature",
      "properties": {
        "P33_001": 233,
        "P33_002": "25383",
        "P33_003": "25",
        "P33_004": 6,
        "P33_005": "滋賀農業公園ブルーメの丘",
        "P33_006": "529-1628",
        "P33_007": "日野町西大路843",
        "P33_008": "0748-52-2611",
        "P33_009": -1,
        "P33_010": "‐",
        "P33_011": "‐",
        "P33_012": -1,
        "P33_013": -1,
        "P33_014": -1,
        "P33_015": "‐",
        "P33_016": "9:30～18:00(3～11月)､10:00～17:00(12～2月)",
        "P33_017": "有",
        "P33_018": -1,
        "P33_019": -1,
        "P33_020": -1,
        "P33_021": -1,
        "P33_022": -1,
        "P33_023": -1,
        "P33_024": -1,
        "P33_041": 1
      },
      "geometry": {
        "type": "Point",
        "coordinates": [
          136.28113399975794,
          35.01420300038599
        ]
      }
    },
    {
      "type": "Feature",
      "properties": {
        "P33_001": 223,
        "P33_002": "25203",
        "P33_003": "25",
        "P33_004": 6,
        "P33_005": "黒壁スクエア",
        "P33_006": "526-0059",
        "P33_007": "長浜市元浜町12-38",
        "P33_008": "0749-65-2330",
        "P33_009": -1,
        "P33_010": "‐",
        "P33_011": "‐",
        "P33_012": -1,
        "P33_013": -1,
        "P33_014": -1,
        "P33_015": "362",
        "P33_016": "施設により異なる",
        "P33_017": "無",
        "P33_018": -1,
        "P33_019": -1,
        "P33_020": -1,
        "P33_021": -1,
        "P33_022": -1,
        "P33_023": -1,
        "P33_024": -1,
        "P33_041": 1
      },
      "geometry": {
        "type": "Point",
        "coordinates": [
          136.26708300004984,
          35.380694999863344
        ]
      }
    },
    {
      "type": "Feature",
      "properties": {
        "P33_001": 235,
        "P33_002": "25384",
        "P33_003": "25",
        "P33_004": 6,
        "P33_005": "滋賀県希望が丘文化公園",
        "P33_006": "520-2551",
        "P33_007": "竜王町薬師1178",
        "P33_008": "077-586-2111",
        "P33_009": -1,
        "P33_010": "‐",
        "P33_011": "‐",
        "P33_012": -1,
        "P33_013": -1,
        "P33_014": -1,
        "P33_015": "347",
        "P33_016": "9:00～17:00､7:00～18:00(5～8月)",
        "P33_017": "無",
        "P33_018": -1,
        "P33_019": -1,
        "P33_020": -1,
        "P33_021": -1,
        "P33_022": -1,
        "P33_023": -1,
        "P33_024": -1,
        "P33_041": 1
      },
      "geometry": {
        "type": "Point",
        "coordinates": [
          136.08270899957722,
          35.046456999760075
        ]
      }
    },
    {
      "type": "Feature",
      "properties": {
        "P33_001": 222,
        "P33_002": "25201",
        "P33_003": "25",
        "P33_004": 6,
        "P33_005": "ブルーベリーフィールズ紀伊国屋",
        "P33_006": "520-0362",
        "P33_007": "大津市伊香立上龍華町673",
        "P33_008": "077-598-2623",
        "P33_009": -1,
        "P33_010": "‐",
        "P33_011": "‐",
        "P33_012": -1,
        "P33_013": -1,
        "P33_014": -1,
        "P33_015": "12月26日～2月28日",
        "P33_016": "‐",
        "P33_017": "無",
        "P33_018": -1,
        "P33_019": -1,
        "P33_020": -1,
        "P33_021": -1,
        "P33_022": -1,
        "P33_023": -1,
        "P33_024": -1,
        "P33_041": 1
      },
      "geometry": {
        "type": "Point",
        "coordinates": [
          135.87927200031865,
          35.16795899941479
        ]
      }
    },
    {
      "type": "Feature",
      "properties": {
        "P33_001": 234,
        "P33_002": "25384",
        "P33_003": "25",
        "P33_004": 6,
        "P33_005": "アグリパーク竜王",
        "P33_006": "520-2531",
        "P33_007": "竜王町山之上6526",
        "P33_008": "0748-57-1311",
        "P33_009": -1,
        "P33_010": "‐",
        "P33_011": "‐",
        "P33_012": -1,
        "P33_013": -1,
        "P33_014": -1,
        "P33_015": "‐",
        "P33_016": "‐",
        "P33_017": "‐",
        "P33_018": -1,
        "P33_019": -1,
        "P33_020": -1,
        "P33_021": -1,
        "P33_022": -1,
        "P33_023": -1,
        "P33_024": -1,
        "P33_041": 1
      },
      "geometry": {
        "type": "Point",
        "coordinates": [
          136.1453352301112,
          35.04361975916311
        ]
      }
    },
    {
      "type": "Feature",
      "properties": {
        "P33_001": 229,
        "P33_002": "25212",
        "P33_003": "25",
        "P33_004": 6,
        "P33_005": "ガリバー青少年旅行村",
        "P33_006": "520-1142",
        "P33_007": "高島市鹿ヶ瀬987-1",
        "P33_008": "0740-37-0744",
        "P33_009": -1,
        "P33_010": "‐",
        "P33_011": "‐",
        "P33_012": -1,
        "P33_013": -1,
        "P33_014": -1,
        "P33_015": "‐",
        "P33_016": "‐",
        "P33_017": "‐",
        "P33_018": -1,
        "P33_019": -1,
        "P33_020": -1,
        "P33_021": -1,
        "P33_022": -1,
        "P33_023": -1,
        "P33_024": -1,
        "P33_041": 1
      },
      "geometry": {
        "type": "Point",
        "coordinates": [
          135.92630500040545,
          35.27342199997372
        ]
      }
    },
    {
      "type": "Feature",
      "properties": {
        "P33_001": 219,
        "P33_002": "25201",
        "P33_003": "25",
        "P33_004": 6,
        "P33_005": "スパリゾート雄琴あがりゃんせ",
        "P33_006": "520-0102",
        "P33_007": "大津市苗鹿3-9-5",
        "P33_008": "077-577-3715",
        "P33_009": -1,
        "P33_010": "‐",
        "P33_011": "‐",
        "P33_012": -1,
        "P33_013": -1,
        "P33_014": -1,
        "P33_015": "‐",
        "P33_016": "‐",
        "P33_017": "‐",
        "P33_018": -1,
        "P33_019": -1,
        "P33_020": -1,
        "P33_021": -1,
        "P33_022": -1,
        "P33_023": -1,
        "P33_024": -1,
        "P33_041": 1
      },
      "geometry": {
        "type": "Point",
        "coordinates": [
          135.8946409569261,
          35.085984514881766
        ]
      }
    },
    {
      "type": "Feature",
      "properties": {
        "P33_001": 230,
        "P33_002": "25212",
        "P33_003": "25",
        "P33_004": 6,
        "P33_005": "高島市マキノ農業公園 マキノピックランド",
        "P33_006": "520-1834",
        "P33_007": "高島市マキノ町寺久保835-1",
        "P33_008": "0740-27-1811",
        "P33_009": -1,
        "P33_010": "‐",
        "P33_011": "‐",
        "P33_012": -1,
        "P33_013": -1,
        "P33_014": -1,
        "P33_015": "‐",
        "P33_016": "‐",
        "P33_017": "‐",
        "P33_018": -1,
        "P33_019": -1,
        "P33_020": -1,
        "P33_021": -1,
        "P33_022": -1,
        "P33_023": -1,
        "P33_024": -1,
        "P33_041": 1
      },
      "geometry": {
        "type": "Point",
        "coordinates": [
          136.03700899977324,
          35.47117199954155
        ]
      }
    },
    {
      "type": "Feature",
      "properties": {
        "P33_001": 228,
        "P33_002": "25210",
        "P33_003": "25",
        "P33_004": 6,
        "P33_005": "びわ湖鮎家の郷",
        "P33_006": "524-0201",
        "P33_007": "野洲市吉川4187",
        "P33_008": "077-589-3999",
        "P33_009": -1,
        "P33_010": "‐",
        "P33_011": "‐",
        "P33_012": -1,
        "P33_013": -1,
        "P33_014": -1,
        "P33_015": "‐",
        "P33_016": "‐",
        "P33_017": "‐",
        "P33_018": -1,
        "P33_019": -1,
        "P33_020": -1,
        "P33_021": -1,
        "P33_022": -1,
        "P33_023": -1,
        "P33_024": -1,
        "P33_041": 1
      },
      "geometry": {
        "type": "Point",
        "coordinates": [
          135.98153651974556,
          35.129738515537845
        ]
      }
    },
    {
      "type": "Feature",
      "properties": {
        "P33_001": 224,
        "P33_002": "25206",
        "P33_003": "25",
        "P33_004": 6,
        "P33_005": "ふれあい農園ロックベイガーデン",
        "P33_006": "525-0001",
        "P33_007": "草津市下物町1431",
        "P33_008": "077-568-3078",
        "P33_009": -1,
        "P33_010": "‐",
        "P33_011": "‐",
        "P33_012": -1,
        "P33_013": -1,
        "P33_014": -1,
        "P33_015": "‐",
        "P33_016": "‐",
        "P33_017": "‐",
        "P33_018": -1,
        "P33_019": -1,
        "P33_020": -1,
        "P33_021": -1,
        "P33_022": -1,
        "P33_023": -1,
        "P33_024": -1,
        "P33_041": 1
      },
      "geometry": {
        "type": "Point",
        "coordinates": [
          135.94009599996272,
          35.06993800017174
        ]
      }
    },
    {
      "type": "Feature",
      "properties": {
        "P33_001": 220,
        "P33_002": "25201",
        "P33_003": "25",
        "P33_004": 6,
        "P33_005": "滋賀県南郷水産センター",
        "P33_006": "520-2279",
        "P33_007": "大津市黒津4-4-1",
        "P33_008": "077-546-1153",
        "P33_009": -1,
        "P33_010": "‐",
        "P33_011": "‐",
        "P33_012": -1,
        "P33_013": -1,
        "P33_014": -1,
        "P33_015": "‐",
        "P33_016": "‐",
        "P33_017": "‐",
        "P33_018": -1,
        "P33_019": -1,
        "P33_020": -1,
        "P33_021": -1,
        "P33_022": -1,
        "P33_023": -1,
        "P33_024": -1,
        "P33_041": 1
      },
      "geometry": {
        "type": "Point",
        "coordinates": [
          135.91197385072388,
          34.939291330978605
        ]
      }
    },
    {
      "type": "Feature",
      "properties": {
        "P33_001": 231,
        "P33_002": "25212",
        "P33_003": "25",
        "P33_004": 6,
        "P33_005": "新旭風車村公園・新旭風車村アイリスハウス",
        "P33_006": "520-1511",
        "P33_007": "高島市新旭町大字藁園336",
        "P33_008": "0740-25-6464",
        "P33_009": -1,
        "P33_010": "‐",
        "P33_011": "‐",
        "P33_012": -1,
        "P33_013": -1,
        "P33_014": -1,
        "P33_015": "‐",
        "P33_016": "‐",
        "P33_017": "‐",
        "P33_018": -1,
        "P33_019": -1,
        "P33_020": -1,
        "P33_021": -1,
        "P33_022": -1,
        "P33_023": -1,
        "P33_024": -1,
        "P33_041": 1
      },
      "geometry": {
        "type": "Point",
        "coordinates": [
          136.067069999916,
          35.350445000133895
        ]
      }
    },
    {
      "type": "Feature",
      "properties": {
        "P33_001": 225,
        "P33_002": "25206",
        "P33_003": "25",
        "P33_004": 6,
        "P33_005": "草津市立水生植物公園みずの森",
        "P33_006": "525-0001",
        "P33_007": "草津市下物町1091",
        "P33_008": "077-568-2332",
        "P33_009": -1,
        "P33_010": "‐",
        "P33_011": "‐",
        "P33_012": -1,
        "P33_013": -1,
        "P33_014": -1,
        "P33_015": "‐",
        "P33_016": "‐",
        "P33_017": "‐",
        "P33_018": -1,
        "P33_019": -1,
        "P33_020": -1,
        "P33_021": -1,
        "P33_022": -1,
        "P33_023": -1,
        "P33_024": -1,
        "P33_041": 1
      },
      "geometry": {
        "type": "Point",
        "coordinates": [
          135.9404059999515,
          35.073954999758456
        ]
      }
    },
    {
      "type": "Feature",
      "properties": {
        "P33_001": 226,
        "P33_002": "25206",
        "P33_003": "25",
        "P33_004": 6,
        "P33_005": "草津湯元 水春",
        "P33_006": "525-0067",
        "P33_007": "草津市新浜町300（イオンモール草津 スポーツ＆レジャー棟）",
        "P33_008": "077-516-1126",
        "P33_009": -1,
        "P33_010": "‐",
        "P33_011": "‐",
        "P33_012": -1,
        "P33_013": -1,
        "P33_014": -1,
        "P33_015": "‐",
        "P33_016": "‐",
        "P33_017": "‐",
        "P33_018": -1,
        "P33_019": -1,
        "P33_020": -1,
        "P33_021": -1,
        "P33_022": -1,
        "P33_023": -1,
        "P33_024": -1,
        "P33_041": 1
      },
      "geometry": {
        "type": "Point",
        "coordinates": [
          135.91270299539028,
          34.99804731279963
        ]
      }
    },
    {
      "type": "Feature",
      "properties": {
        "P33_001": 221,
        "P33_002": "25201",
        "P33_003": "25",
        "P33_004": 6,
        "P33_005": "柳が崎湖畔公園 びわ湖大津館",
        "P33_006": "520-0022",
        "P33_007": "大津市柳が崎5-35",
        "P33_008": "077-511-4187",
        "P33_009": -1,
        "P33_010": "‐",
        "P33_011": "‐",
        "P33_012": -1,
        "P33_013": -1,
        "P33_014": -1,
        "P33_015": "‐",
        "P33_016": "‐",
        "P33_017": "‐",
        "P33_018": -1,
        "P33_019": -1,
        "P33_020": -1,
        "P33_021": -1,
        "P33_022": -1,
        "P33_023": -1,
        "P33_024": -1,
        "P33_041": 1
      },
      "geometry": {
        "type": "Point",
        "coordinates": [
          135.8678047219978,
          35.02671000031405
        ]
      }
    },
    {
      "type": "Feature",
      "properties": {
        "P33_001": 41,
        "P33_002": "25201",
        "P33_003": "25",
        "P33_004": 2,
        "P33_005": "滋賀県立芸術劇場びわ湖ホール",
        "P33_006": "520-0806",
        "P33_007": "大津市打出浜15-1",
        "P33_008": "077-523-7133",
        "P33_009": 19980312,
        "P33_010": "‐",
        "P33_011": "‐",
        "P33_012": -1,
        "P33_013": -1,
        "P33_014": -1,
        "P33_015": "‐",
        "P33_016": "‐",
        "P33_017": "‐",
        "P33_018": 20000,
        "P33_019": 29264,
        "P33_020": 3,
        "P33_021": 1844,
        "P33_022": 2971,
        "P33_023": 1,
        "P33_024": -1,
        "P33_041": 1
      },
      "geometry": {
        "type": "Point",
        "coordinates": [
          135.87676833352788,
          35.007100278087805
        ]
      }
    },
    {
      "type": "Feature",
      "properties": {
        "P33_001": 100,
        "P33_002": "25204",
        "P33_003": "25",
        "P33_004": 2,
        "P33_005": "近江八幡市文化会館",
        "P33_006": "523-0892",
        "P33_007": "近江八幡市出町366",
        "P33_008": "0748-33-8111",
        "P33_009": 19790331,
        "P33_010": "‐",
        "P33_011": "ＪＲ琵琶湖線近江八幡駅",
        "P33_012": -1,
        "P33_013": -1,
        "P33_014": -1,
        "P33_015": "‐",
        "P33_016": "‐",
        "P33_017": "‐",
        "P33_018": 6071,
        "P33_019": 5110,
        "P33_020": 2,
        "P33_021": 1130,
        "P33_022": 1430,
        "P33_023": 3,
        "P33_024": 1,
        "P33_041": 1
      },
      "geometry": {
        "type": "Point",
        "coordinates": [
          136.09890050680215,
          35.128706013853815
        ]
      }
    },
    {
      "type": "Feature",
      "properties": {
        "P33_001": 172,
        "P33_002": "25212",
        "P33_003": "25",
        "P33_004": 2,
        "P33_005": "高島市民会館",
        "P33_006": "520-1622",
        "P33_007": "高島市今津町中沼1-3-1",
        "P33_008": "0740-22-1764",
        "P33_009": 19801121,
        "P33_010": "‐",
        "P33_011": "ＪＲ湖西線近江今津駅",
        "P33_012": -1,
        "P33_013": -1,
        "P33_014": -1,
        "P33_015": "‐",
        "P33_016": "‐",
        "P33_017": "‐",
        "P33_018": 2328,
        "P33_019": 3735,
        "P33_020": 1,
        "P33_021": 1024,
        "P33_022": 1024,
        "P33_023": 1,
        "P33_024": 1,
        "P33_041": 1
      },
      "geometry": {
        "type": "Point",
        "coordinates": [
          136.03383436960456,
          35.39910290505377
        ]
      }
    },
    {
      "type": "Feature",
      "properties": {
        "P33_001": 205,
        "P33_002": "25207",
        "P33_003": "25",
        "P33_004": 3,
        "P33_005": "守山市市民文化会館（守山市民ホール）",
        "P33_006": "524-0051",
        "P33_007": "守山市三宅町125",
        "P33_008": "077-583-2532",
        "P33_009": 19861123,
        "P33_010": "http://www.moriyamabuntai.com/",
        "P33_011": "ＪＲ琵琶湖線守山駅",
        "P33_012": -1,
        "P33_013": -1,
        "P33_014": -1,
        "P33_015": "‐",
        "P33_016": "‐",
        "P33_017": "‐",
        "P33_018": 12827,
        "P33_019": 8970,
        "P33_020": 2,
        "P33_021": 1306,
        "P33_022": 1606,
        "P33_023": 1,
        "P33_024": 1,
        "P33_041": 1
      },
      "geometry": {
        "type": "Point",
        "coordinates": [
          135.97891861120848,
          35.063542500026955
        ]
      }
    },
    {
      "type": "Feature",
      "properties": {
        "P33_001": 115,
        "P33_002": "25206",
        "P33_003": "25",
        "P33_004": 2,
        "P33_005": "しが県民芸術創造館",
        "P33_006": "525-0059",
        "P33_007": "草津市野路6-15-11",
        "P33_008": "077-564-5815",
        "P33_009": 19880312,
        "P33_010": "‐",
        "P33_011": "ＪＲ東海道本線南草津駅",
        "P33_012": -1,
        "P33_013": -1,
        "P33_014": -1,
        "P33_015": "‐",
        "P33_016": "‐",
        "P33_017": "‐",
        "P33_018": 10262,
        "P33_019": 3985,
        "P33_020": 1,
        "P33_021": 801,
        "P33_022": 801,
        "P33_023": -1,
        "P33_024": 1,
        "P33_041": 1
      },
      "geometry": {
        "type": "Point",
        "coordinates": [
          135.95398960843022,
          35.00054020201616
        ]
      }
    },
    {
      "type": "Feature",
      "properties": {
        "P33_001": 180,
        "P33_002": "25214",
        "P33_003": "25",
        "P33_004": 2,
        "P33_005": "滋賀県立文化産業交流会館",
        "P33_006": "521-0016",
        "P33_007": "米原市下多良2-137",
        "P33_008": "0749-52-5111",
        "P33_009": 19880109,
        "P33_010": "http://www.shiga-bunsan.jp/",
        "P33_011": "ＪＲ琵琶湖線米原駅",
        "P33_012": -1,
        "P33_013": -1,
        "P33_014": -1,
        "P33_015": "‐",
        "P33_016": "‐",
        "P33_017": "‐",
        "P33_018": 11409,
        "P33_019": 10533,
        "P33_020": 2,
        "P33_021": 1962,
        "P33_022": 2169,
        "P33_023": 2,
        "P33_024": -1,
        "P33_041": 1
      },
      "geometry": {
        "type": "Point",
        "coordinates": [
          136.28388333357083,
          35.3139966667758
        ]
      }
    },
    {
      "type": "Feature",
      "properties": {
        "P33_001": 116,
        "P33_002": "25206",
        "P33_003": "25",
        "P33_004": 2,
        "P33_005": "草津アミカホール",
        "P33_006": "525-8588",
        "P33_007": "草津市草津3-13-30",
        "P33_008": "077-561-2345",
        "P33_009": 19920417,
        "P33_010": "‐",
        "P33_011": "‐",
        "P33_012": -1,
        "P33_013": -1,
        "P33_014": -1,
        "P33_015": "‐",
        "P33_016": "‐",
        "P33_017": "‐",
        "P33_018": -1,
        "P33_019": 1656,
        "P33_020": 1,
        "P33_021": 308,
        "P33_022": 308,
        "P33_023": 3,
        "P33_024": -1,
        "P33_041": 1
      },
      "geometry": {
        "type": "Point",
        "coordinates": [
          135.96036199978388,
          35.013878999922035
        ]
      }
    },
    {
      "type": "Feature",
      "properties": {
        "P33_001": 190,
        "P33_002": "25383",
        "P33_003": "25",
        "P33_004": 2,
        "P33_005": "日野町町民会館わたむきホール虹",
        "P33_006": "529-1601",
        "P33_007": "日野町松尾1661",
        "P33_008": "0748-53-3233",
        "P33_009": 19920102,
        "P33_010": "‐",
        "P33_011": "‐",
        "P33_012": -1,
        "P33_013": -1,
        "P33_014": -1,
        "P33_015": "‐",
        "P33_016": "‐",
        "P33_017": "‐",
        "P33_018": 14628,
        "P33_019": 5878,
        "P33_020": 2,
        "P33_021": 754,
        "P33_022": 1004,
        "P33_023": 3,
        "P33_024": -1,
        "P33_041": 1
      },
      "geometry": {
        "type": "Point",
        "coordinates": [
          136.24522111462656,
          35.0201991522108
        ]
      }
    },
    {
      "type": "Feature",
      "properties": {
        "P33_001": 166,
        "P33_002": "25211",
        "P33_003": "25",
        "P33_004": 2,
        "P33_005": "湖南市甲西文化ホール",
        "P33_006": "520-3234",
        "P33_007": "湖南市中央5-57",
        "P33_008": "0748-72-2133",
        "P33_009": 19861101,
        "P33_010": "‐",
        "P33_011": "ＪＲ草津線甲西駅",
        "P33_012": -1,
        "P33_013": -1,
        "P33_014": -1,
        "P33_015": "‐",
        "P33_016": "‐",
        "P33_017": "‐",
        "P33_018": 5707,
        "P33_019": 1935,
        "P33_020": 1,
        "P33_021": 412,
        "P33_022": 412,
        "P33_023": 1,
        "P33_024": 1,
        "P33_041": 1
      },
      "geometry": {
        "type": "Point",
        "coordinates": [
          136.08555451468789,
          35.00495222246276
        ]
      }
    },
    {
      "type": "Feature",
      "properties": {
        "P33_001": 53,
        "P33_002": "25202",
        "P33_003": "25",
        "P33_004": 2,
        "P33_005": "ひこね市文化プラザ",
        "P33_006": "522-0055",
        "P33_007": "彦根市野瀬町187-4",
        "P33_008": "0749-26-8601",
        "P33_009": 19961129,
        "P33_010": "‐",
        "P33_011": "‐",
        "P33_012": -1,
        "P33_013": -1,
        "P33_014": -1,
        "P33_015": "‐",
        "P33_016": "‐",
        "P33_017": "‐",
        "P33_018": 43991,
        "P33_019": 13812,
        "P33_020": 3,
        "P33_021": 1480,
        "P33_022": 2096,
        "P33_023": 1,
        "P33_024": 1,
        "P33_041": 1
      },
      "geometry": {
        "type": "Point",
        "coordinates": [
          136.23295166674382,
          35.25593472203828
        ]
      }
    },
    {
      "type": "Feature",
      "properties": {
        "P33_001": 128,
        "P33_002": "25208",
        "P33_003": "25",
        "P33_004": 2,
        "P33_005": "栗東芸術文化会館さきら",
        "P33_006": "520-3031",
        "P33_007": "栗東市綣2-1-28",
        "P33_008": "077-551-1455",
        "P33_009": 19990228,
        "P33_010": "http://www.sakira-ritto.net",
        "P33_011": "ＪＲ琵琶湖線栗東駅",
        "P33_012": -1,
        "P33_013": -1,
        "P33_014": -1,
        "P33_015": "‐",
        "P33_016": "‐",
        "P33_017": "‐",
        "P33_018": 28261,
        "P33_019": 11751,
        "P33_020": 3,
        "P33_021": 810,
        "P33_022": 1416,
        "P33_023": 1,
        "P33_024": 1,
        "P33_041": 1
      },
      "geometry": {
        "type": "Point",
        "coordinates": [
          135.98417861116033,
          35.03568388884248
        ]
      }
    },
    {
      "type": "Feature",
      "properties": {
        "P33_001": 176,
        "P33_002": "25213",
        "P33_003": "25",
        "P33_004": 2,
        "P33_005": "東近江市立八日市文化芸術会館",
        "P33_006": "527-0039",
        "P33_007": "東近江市青葉町1-50",
        "P33_008": "0748-23-6862",
        "P33_009": 19810331,
        "P33_010": "‐",
        "P33_011": "‐",
        "P33_012": -1,
        "P33_013": -1,
        "P33_014": -1,
        "P33_015": "‐",
        "P33_016": "‐",
        "P33_017": "‐",
        "P33_018": 13792,
        "P33_019": 3678,
        "P33_020": 1,
        "P33_021": 804,
        "P33_022": 804,
        "P33_023": 2,
        "P33_024": 1,
        "P33_041": 1
      },
      "geometry": {
        "type": "Point",
        "coordinates": [
          136.19780745386012,
          35.10665312356646
        ]
      }
    },
    {
      "type": "Feature",
      "properties": {
        "P33_001": 136,
        "P33_002": "25209",
        "P33_003": "25",
        "P33_004": 2,
        "P33_005": "あいこうか市民ホール",
        "P33_006": "528-0005",
        "P33_007": "甲賀市水口町水口5633",
        "P33_008": "0748-62-2626",
        "P33_009": 19830331,
        "P33_010": "‐",
        "P33_011": "近江鉄道近江線水口城南駅",
        "P33_012": -1,
        "P33_013": -1,
        "P33_014": -1,
        "P33_015": "‐",
        "P33_016": "‐",
        "P33_017": "‐",
        "P33_018": 8851,
        "P33_019": 4034,
        "P33_020": 1,
        "P33_021": 851,
        "P33_022": 851,
        "P33_023": -1,
        "P33_024": 1,
        "P33_041": 1
      },
      "geometry": {
        "type": "Point",
        "coordinates": [
          136.16646518613965,
          34.967270383704516
        ]
      }
    },
    {
      "type": "Feature",
      "properties": {
        "P33_001": 75,
        "P33_002": "25203",
        "P33_003": "25",
        "P33_004": 2,
        "P33_005": "長浜文化芸術会館",
        "P33_006": "526-0066",
        "P33_007": "長浜市大島町37",
        "P33_008": "0749-63-7400",
        "P33_009": 19751104,
        "P33_010": "‐",
        "P33_011": "‐",
        "P33_012": -1,
        "P33_013": -1,
        "P33_014": -1,
        "P33_015": "‐",
        "P33_016": "‐",
        "P33_017": "‐",
        "P33_018": 4397,
        "P33_019": 3145,
        "P33_020": 1,
        "P33_021": 458,
        "P33_022": 458,
        "P33_023": 1,
        "P33_024": 2,
        "P33_041": 1
      },
      "geometry": {
        "type": "Point",
        "coordinates": [
          136.2622424466477,
          35.37481842467334
        ]
      }
    },
    {
      "type": "Feature",
      "properties": {
        "P33_001": 155,
        "P33_002": "25210",
        "P33_003": "25",
        "P33_004": 2,
        "P33_005": "野洲文化ホール",
        "P33_006": "520-2331",
        "P33_007": "野洲市小篠原2142",
        "P33_008": "077-587-1950",
        "P33_009": 19830318,
        "P33_010": "‐",
        "P33_011": "ＪＲ琵琶湖線野洲駅",
        "P33_012": -1,
        "P33_013": -1,
        "P33_014": -1,
        "P33_015": "‐",
        "P33_016": "‐",
        "P33_017": "‐",
        "P33_018": 4877,
        "P33_019": 5100,
        "P33_020": 3,
        "P33_021": 1075,
        "P33_022": 1485,
        "P33_023": 2,
        "P33_024": 1,
        "P33_041": 1
      },
      "geometry": {
        "type": "Point",
        "coordinates": [
          136.0208836113614,
          35.06684972225386
        ]
      }
    },
    {
      "type": "Feature",
      "properties": {
        "P33_001": 173,
        "P33_002": "25213",
        "P33_003": "25",
        "P33_004": 2,
        "P33_005": "東近江市あかね文化ホール（あかね文化ホール）",
        "P33_006": "529-1531",
        "P33_007": "東近江市市子川原町461-1",
        "P33_008": "0748-55-0207",
        "P33_009": 19910630,
        "P33_010": "‐",
        "P33_011": "‐",
        "P33_012": -1,
        "P33_013": -1,
        "P33_014": -1,
        "P33_015": "‐",
        "P33_016": "‐",
        "P33_017": "‐",
        "P33_018": 8079,
        "P33_019": 4568,
        "P33_020": 1,
        "P33_021": 502,
        "P33_022": 502,
        "P33_023": 7,
        "P33_024": -1,
        "P33_041": 1
      },
      "geometry": {
        "type": "Point",
        "coordinates": [
          136.18238653386658,
          35.05926906879472
        ]
      }
    },
    {
      "type": "Feature",
      "properties": {
        "P33_001": 194,
        "P33_002": "25425",
        "P33_003": "25",
        "P33_004": 2,
        "P33_005": "愛荘町立ハーティーセンター秦荘（ハーティー、ハーティーセンター）",
        "P33_006": "529-1234",
        "P33_007": "愛荘町安孫子822",
        "P33_008": "0749-37-4110",
        "P33_009": 19950312,
        "P33_010": "‐",
        "P33_011": "‐",
        "P33_012": -1,
        "P33_013": -1,
        "P33_014": -1,
        "P33_015": "‐",
        "P33_016": "‐",
        "P33_017": "‐",
        "P33_018": 7624,
        "P33_019": 5523,
        "P33_020": 2,
        "P33_021": 475,
        "P33_022": 625,
        "P33_023": 6,
        "P33_024": 1,
        "P33_041": 1
      },
      "geometry": {
        "type": "Point",
        "coordinates": [
          136.24468575748023,
          35.17526992786226
        ]
      }
    },
    {
      "type": "Feature",
      "properties": {
        "P33_001": 101,
        "P33_002": "25204",
        "P33_003": "25",
        "P33_004": 2,
        "P33_005": "文芸セミナリヨ",
        "P33_006": "521-1321",
        "P33_007": "近江八幡市安土町桑実寺777",
        "P33_008": "0748-46-6507",
        "P33_009": 19940131,
        "P33_010": "‐",
        "P33_011": "ＪＲ琵琶湖線安土駅",
        "P33_012": -1,
        "P33_013": -1,
        "P33_014": -1,
        "P33_015": "‐",
        "P33_016": "‐",
        "P33_017": "‐",
        "P33_018": 63000,
        "P33_019": 1938,
        "P33_020": 1,
        "P33_021": 386,
        "P33_022": 386,
        "P33_023": 3,
        "P33_024": -1,
        "P33_041": 1
      },
      "geometry": {
        "type": "Point",
        "coordinates": [
          136.14743166706523,
          35.14871805522992
        ]
      }
    },
    {
      "type": "Feature",
      "properties": {
        "P33_001": 42,
        "P33_002": "25201",
        "P33_003": "25",
        "P33_004": 2,
        "P33_005": "滋賀県立県民交流センター（ピアザ淡海）",
        "P33_006": "520-0801",
        "P33_007": "大津市におの浜1-1-20",
        "P33_008": "077-527-3315",
        "P33_009": 19981215,
        "P33_010": "‐",
        "P33_011": "‐",
        "P33_012": -1,
        "P33_013": -1,
        "P33_014": -1,
        "P33_015": "‐",
        "P33_016": "‐",
        "P33_017": "‐",
        "P33_018": 6048,
        "P33_019": 11484,
        "P33_020": 1,
        "P33_021": 426,
        "P33_022": 426,
        "P33_023": 15,
        "P33_024": -1,
        "P33_041": 1
      },
      "geometry": {
        "type": "Point",
        "coordinates": [
          135.87858361114098,
          35.00673027805483
        ]
      }
    },
    {
      "type": "Feature",
      "properties": {
        "P33_001": 137,
        "P33_002": "25209",
        "P33_003": "25",
        "P33_004": 2,
        "P33_005": "甲南情報交流センター（忍（しのび）の里プラザ）",
        "P33_006": "520-3311",
        "P33_007": "甲賀市甲南町竜法師600",
        "P33_008": "0748-86-1046",
        "P33_009": 20000731,
        "P33_010": "‐",
        "P33_011": "‐",
        "P33_012": -1,
        "P33_013": -1,
        "P33_014": -1,
        "P33_015": "‐",
        "P33_016": "‐",
        "P33_017": "‐",
        "P33_018": 8287,
        "P33_019": 5346,
        "P33_020": 1,
        "P33_021": 525,
        "P33_022": 525,
        "P33_023": 2,
        "P33_024": -1,
        "P33_041": 1
      },
      "geometry": {
        "type": "Point",
        "coordinates": [
          136.17033469877074,
          34.919429429198594
        ]
      }
    },
    {
      "type": "Feature",
      "properties": {
        "P33_001": 181,
        "P33_002": "25214",
        "P33_003": "25",
        "P33_004": 2,
        "P33_005": "米原市民交流プラザ（ルッチプラザ）",
        "P33_006": "521-0242",
        "P33_007": "米原市長岡1050-1",
        "P33_008": "0749-55-4550",
        "P33_009": 20010310,
        "P33_010": "‐",
        "P33_011": "‐",
        "P33_012": -1,
        "P33_013": -1,
        "P33_014": -1,
        "P33_015": "‐",
        "P33_016": "‐",
        "P33_017": "‐",
        "P33_018": 16776,
        "P33_019": 9496,
        "P33_020": 1,
        "P33_021": 367,
        "P33_022": 367,
        "P33_023": 1,
        "P33_024": 1,
        "P33_041": 1
      },
      "geometry": {
        "type": "Point",
        "coordinates": [
          136.366774061188,
          35.36557015805262
        ]
      }
    },
    {
      "type": "Feature",
      "properties": {
        "P33_001": 174,
        "P33_002": "25213",
        "P33_003": "25",
        "P33_004": 2,
        "P33_005": "東近江市やわらぎホール",
        "P33_006": "521-1205",
        "P33_007": "東近江市躰光寺町254-3",
        "P33_008": "0748-42-2277",
        "P33_009": 19870820,
        "P33_010": "‐",
        "P33_011": "ＪＲ東海道本線能登川駅",
        "P33_012": -1,
        "P33_013": -1,
        "P33_014": -1,
        "P33_015": "‐",
        "P33_016": "‐",
        "P33_017": "‐",
        "P33_018": 1718,
        "P33_019": 921,
        "P33_020": 1,
        "P33_021": 300,
        "P33_022": 300,
        "P33_023": 1,
        "P33_024": -1,
        "P33_041": 1
      },
      "geometry": {
        "type": "Point",
        "coordinates": [
          136.16305444455193,
          35.18404277828319
        ]
      }
    },
    {
      "type": "Feature",
      "properties": {
        "P33_001": 196,
        "P33_002": "25441",
        "P33_003": "25",
        "P33_004": 2,
        "P33_005": "豊郷町文化ホール（豊栄のさと）",
        "P33_006": "529-1161",
        "P33_007": "豊郷町四十九院1252",
        "P33_008": "0749-35-8010",
        "P33_009": 19950930,
        "P33_010": "‐",
        "P33_011": "‐",
        "P33_012": -1,
        "P33_013": -1,
        "P33_014": -1,
        "P33_015": "‐",
        "P33_016": "‐",
        "P33_017": "‐",
        "P33_018": 19456,
        "P33_019": 5091,
        "P33_020": 1,
        "P33_021": 493,
        "P33_022": 493,
        "P33_023": -1,
        "P33_024": -1,
        "P33_041": 1
      },
      "geometry": {
        "type": "Point",
        "coordinates": [
          136.2391651459073,
          35.20473181178925
        ]
      }
    },
    {
      "type": "Feature",
      "properties": {
        "P33_001": 43,
        "P33_002": "25201",
        "P33_003": "25",
        "P33_004": 2,
        "P33_005": "大津市民会館",
        "P33_006": "520-0042",
        "P33_007": "大津市島の関14-1",
        "P33_008": "077-525-1234",
        "P33_009": 19750403,
        "P33_010": "‐",
        "P33_011": "京阪石山坂本線浜大津駅",
        "P33_012": -1,
        "P33_013": -1,
        "P33_014": -1,
        "P33_015": "‐",
        "P33_016": "‐",
        "P33_017": "‐",
        "P33_018": 4957,
        "P33_019": 8709,
        "P33_020": 2,
        "P33_021": 1300,
        "P33_022": 1500,
        "P33_023": -1,
        "P33_024": -1,
        "P33_041": 1
      },
      "geometry": {
        "type": "Point",
        "coordinates": [
          135.8697842268466,
          35.00951405468975
        ]
      }
    },
    {
      "type": "Feature",
      "properties": {
        "P33_001": 156,
        "P33_002": "25210",
        "P33_003": "25",
        "P33_004": 2,
        "P33_005": "野洲市豊積の里総合センター（さざなみホール）",
        "P33_006": "520-2422",
        "P33_007": "野洲市比留田3313-3",
        "P33_008": "077-589-3111",
        "P33_009": 19920723,
        "P33_010": "‐",
        "P33_011": "‐",
        "P33_012": -1,
        "P33_013": -1,
        "P33_014": -1,
        "P33_015": "‐",
        "P33_016": "‐",
        "P33_017": "‐",
        "P33_018": 22174,
        "P33_019": 3447,
        "P33_020": 1,
        "P33_021": 497,
        "P33_022": 497,
        "P33_023": 1,
        "P33_024": 1,
        "P33_041": 1
      },
      "geometry": {
        "type": "Point",
        "coordinates": [
          136.0176155178473,
          35.10922208578493
        ]
      }
    },
    {
      "type": "Feature",
      "properties": {
        "P33_001": 138,
        "P33_002": "25209",
        "P33_003": "25",
        "P33_004": 2,
        "P33_005": "甲賀市碧水ホール",
        "P33_006": "528-0005",
        "P33_007": "甲賀市水口町水口5671",
        "P33_008": "0748-63-2006",
        "P33_009": 19890624,
        "P33_010": "‐",
        "P33_011": "近江鉄道水口城南駅",
        "P33_012": -1,
        "P33_013": -1,
        "P33_014": -1,
        "P33_015": "‐",
        "P33_016": "‐",
        "P33_017": "‐",
        "P33_018": 4657,
        "P33_019": 1870,
        "P33_020": 1,
        "P33_021": 432,
        "P33_022": 432,
        "P33_023": 1,
        "P33_024": 1,
        "P33_041": 1
      },
      "geometry": {
        "type": "Point",
        "coordinates": [
          136.1656019997889,
          34.96788399983752
        ]
      }
    },
    {
      "type": "Feature",
      "properties": {
        "P33_001": 76,
        "P33_002": "25203",
        "P33_003": "25",
        "P33_004": 2,
        "P33_005": "木之本スティックホール",
        "P33_006": "529-0425",
        "P33_007": "長浜市木之本町木之本1757-6",
        "P33_008": "0749-82-5900",
        "P33_009": 19901013,
        "P33_010": "‐",
        "P33_011": "‐",
        "P33_012": -1,
        "P33_013": -1,
        "P33_014": -1,
        "P33_015": "‐",
        "P33_016": "‐",
        "P33_017": "‐",
        "P33_018": 4054,
        "P33_019": 1990,
        "P33_020": 1,
        "P33_021": 300,
        "P33_022": 300,
        "P33_023": -1,
        "P33_024": -1,
        "P33_041": 1
      },
      "geometry": {
        "type": "Point",
        "coordinates": [
          136.2219432919148,
          35.50273057593267
        ]
      }
    },
    {
      "type": "Feature",
      "properties": {
        "P33_001": 169,
        "P33_002": "25212",
        "P33_003": "25",
        "P33_004": 2,
        "P33_005": "ガリバーホール",
        "P33_006": "520-1121",
        "P33_007": "高島市勝野670",
        "P33_008": "0740-36-0219",
        "P33_009": 19930930,
        "P33_010": "‐",
        "P33_011": "‐",
        "P33_012": -1,
        "P33_013": -1,
        "P33_014": -1,
        "P33_015": "‐",
        "P33_016": "‐",
        "P33_017": "‐",
        "P33_018": 7732,
        "P33_019": 3884,
        "P33_020": 1,
        "P33_021": 498,
        "P33_022": 498,
        "P33_023": 4,
        "P33_024": -1,
        "P33_041": 1
      },
      "geometry": {
        "type": "Point",
        "coordinates": [
          136.01103134088623,
          35.300598694475255
        ]
      }
    },
    {
      "type": "Feature",
      "properties": {
        "P33_001": 139,
        "P33_002": "25209",
        "P33_003": "25",
        "P33_004": 2,
        "P33_005": "甲賀市あいの土山文化ホール",
        "P33_006": "528-0211",
        "P33_007": "甲賀市土山町北土山2222-2",
        "P33_008": "0748-66-1602",
        "P33_009": 19911218,
        "P33_010": "‐",
        "P33_011": "‐",
        "P33_012": -1,
        "P33_013": -1,
        "P33_014": -1,
        "P33_015": "‐",
        "P33_016": "‐",
        "P33_017": "‐",
        "P33_018": 36700,
        "P33_019": 1887,
        "P33_020": 1,
        "P33_021": 524,
        "P33_022": 524,
        "P33_023": 1,
        "P33_024": -1,
        "P33_041": 1
      },
      "geometry": {
        "type": "Point",
        "coordinates": [
          136.28030209662498,
          34.94024255265935
        ]
      }
    },
    {
      "type": "Feature",
      "properties": {
        "P33_001": 77,
        "P33_002": "25203",
        "P33_003": "25",
        "P33_004": 2,
        "P33_005": "びわ文化学習センター（リュートプラザ）",
        "P33_006": "526-0108",
        "P33_007": "長浜市難波町505",
        "P33_008": "0749-72-5257",
        "P33_009": 19990730,
        "P33_010": "‐",
        "P33_011": "‐",
        "P33_012": -1,
        "P33_013": -1,
        "P33_014": -1,
        "P33_015": "‐",
        "P33_016": "‐",
        "P33_017": "‐",
        "P33_018": 17923,
        "P33_019": 3396,
        "P33_020": 1,
        "P33_021": 356,
        "P33_022": 356,
        "P33_023": 1,
        "P33_024": 1,
        "P33_041": 1
      },
      "geometry": {
        "type": "Point",
        "coordinates": [
          136.23250518305258,
          35.410928318309786
        ]
      }
    },
    {
      "type": "Feature",
      "properties": {
        "P33_001": 140,
        "P33_002": "25209",
        "P33_003": "25",
        "P33_004": 2,
        "P33_005": "甲賀農村環境改善センター",
        "P33_006": "520-3435",
        "P33_007": "甲賀市甲賀町相模846",
        "P33_008": "0748-88-2129",
        "P33_009": 19880803,
        "P33_010": "‐",
        "P33_011": "‐",
        "P33_012": -1,
        "P33_013": -1,
        "P33_014": -1,
        "P33_015": "‐",
        "P33_016": "‐",
        "P33_017": "‐",
        "P33_018": 16100,
        "P33_019": 1085,
        "P33_020": 1,
        "P33_021": 400,
        "P33_022": 400,
        "P33_023": -1,
        "P33_024": -1,
        "P33_041": 1
      },
      "geometry": {
        "type": "Point",
        "coordinates": [
          136.21837123419772,
          34.905956681987796
        ]
      }
    },
    {
      "type": "Feature",
      "properties": {
        "P33_001": 78,
        "P33_002": "25203",
        "P33_003": "25",
        "P33_004": 2,
        "P33_005": "西浅井文化ホール",
        "P33_006": "529-0792",
        "P33_007": "長浜市西浅井町大浦2590",
        "P33_008": "0749-89-1121",
        "P33_009": 19880930,
        "P33_010": "‐",
        "P33_011": "‐",
        "P33_012": -1,
        "P33_013": -1,
        "P33_014": -1,
        "P33_015": "‐",
        "P33_016": "‐",
        "P33_017": "‐",
        "P33_018": 709,
        "P33_019": -1,
        "P33_020": 1,
        "P33_021": 288,
        "P33_022": 288,
        "P33_023": -1,
        "P33_024": -1,
        "P33_041": 1
      },
      "geometry": {
        "type": "Point",
        "coordinates": [
          136.1236426491138,
          35.49851456952509
        ]
      }
    },
    {
      "type": "Feature",
      "properties": {
        "P33_001": 44,
        "P33_002": "25201",
        "P33_003": "25",
        "P33_004": 2,
        "P33_005": "大津市生涯学習センター",
        "P33_006": "520-0814",
        "P33_007": "大津市本丸町6-50",
        "P33_008": "077-527-0025",
        "P33_009": 19920320,
        "P33_010": "‐",
        "P33_011": "‐",
        "P33_012": -1,
        "P33_013": -1,
        "P33_014": -1,
        "P33_015": "‐",
        "P33_016": "‐",
        "P33_017": "‐",
        "P33_018": 7203,
        "P33_019": 10086,
        "P33_020": 1,
        "P33_021": 500,
        "P33_022": 500,
        "P33_023": 8,
        "P33_024": 3,
        "P33_041": 1
      },
      "geometry": {
        "type": "Point",
        "coordinates": [
          135.89375138850173,
          34.99403666683752
        ]
      }
    },
    {
      "type": "Feature",
      "properties": {
        "P33_001": 45,
        "P33_002": "25201",
        "P33_003": "25",
        "P33_004": 2,
        "P33_005": "大津市北部地域文化センター",
        "P33_006": "520-0243",
        "P33_007": "大津市堅田2-1-11",
        "P33_008": "077-574-0140",
        "P33_009": 19930630,
        "P33_010": "‐",
        "P33_011": "‐",
        "P33_012": -1,
        "P33_013": -1,
        "P33_014": -1,
        "P33_015": "‐",
        "P33_016": "‐",
        "P33_017": "‐",
        "P33_018": 5914,
        "P33_019": 3374,
        "P33_020": 1,
        "P33_021": 500,
        "P33_022": 500,
        "P33_023": -1,
        "P33_024": -1,
        "P33_041": 1
      },
      "geometry": {
        "type": "Point",
        "coordinates": [
          135.91140611103768,
          35.11202722239407
        ]
      }
    },
    {
      "type": "Feature",
      "properties": {
        "P33_001": 79,
        "P33_002": "25203",
        "P33_003": "25",
        "P33_004": 2,
        "P33_005": "浅井文化ホール（あざい文化ホール）",
        "P33_006": "526-0244",
        "P33_007": "長浜市内保町2500",
        "P33_008": "0749-74-4000",
        "P33_009": 19960420,
        "P33_010": "‐",
        "P33_011": "‐",
        "P33_012": -1,
        "P33_013": -1,
        "P33_014": -1,
        "P33_015": "‐",
        "P33_016": "‐",
        "P33_017": "‐",
        "P33_018": 3826,
        "P33_019": 3215,
        "P33_020": 1,
        "P33_021": 487,
        "P33_022": 487,
        "P33_023": -1,
        "P33_024": -1,
        "P33_041": 1
      },
      "geometry": {
        "type": "Point",
        "coordinates": [
          136.29908689629258,
          35.42839415212188
        ]
      }
    },
    {
      "type": "Feature",
      "properties": {
        "P33_001": 46,
        "P33_002": "25201",
        "P33_003": "25",
        "P33_004": 2,
        "P33_005": "大津市和邇文化センター",
        "P33_006": "520-0528",
        "P33_007": "大津市和邇高城12",
        "P33_008": "077-594-8022",
        "P33_009": 19880319,
        "P33_010": "‐",
        "P33_011": "‐",
        "P33_012": -1,
        "P33_013": -1,
        "P33_014": -1,
        "P33_015": "‐",
        "P33_016": "‐",
        "P33_017": "‐",
        "P33_018": 4140,
        "P33_019": 2536,
        "P33_020": 1,
        "P33_021": 497,
        "P33_022": 1497,
        "P33_023": 1,
        "P33_024": 1,
        "P33_041": 1
      },
      "geometry": {
        "type": "Point",
        "coordinates": [
          135.92169638905582,
          35.159652777830075
        ]
      }
    },
    {
      "type": "Feature",
      "properties": {
        "P33_001": 80,
        "P33_002": "25203",
        "P33_003": "25",
        "P33_004": 2,
        "P33_005": "余呉文化ホール（はごろもホール）",
        "P33_006": "529-0515",
        "P33_007": "長浜市余呉町中之郷2434",
        "P33_008": "0749-86-8107",
        "P33_009": 19980623,
        "P33_010": "‐",
        "P33_011": "‐",
        "P33_012": -1,
        "P33_013": -1,
        "P33_014": -1,
        "P33_015": "‐",
        "P33_016": "‐",
        "P33_017": "‐",
        "P33_018": 1450,
        "P33_019": 1859,
        "P33_020": 1,
        "P33_021": 235,
        "P33_022": 235,
        "P33_023": -1,
        "P33_024": -1,
        "P33_041": 1
      },
      "geometry": {
        "type": "Point",
        "coordinates": [
          136.20418750018175,
          35.54249944390885
        ]
      }
    },
    {
      "type": "Feature",
      "properties": {
        "P33_001": 167,
        "P33_002": "25211",
        "P33_003": "25",
        "P33_004": 2,
        "P33_005": "湖南市石部文化ホール",
        "P33_006": "520-3106",
        "P33_007": "湖南市石部中央1-2-3",
        "P33_008": "0748-77-8657",
        "P33_009": 19900710,
        "P33_010": "‐",
        "P33_011": "ＪＲ草津線石部駅",
        "P33_012": -1,
        "P33_013": -1,
        "P33_014": -1,
        "P33_015": "‐",
        "P33_016": "‐",
        "P33_017": "‐",
        "P33_018": 3954,
        "P33_019": 3782,
        "P33_020": 1,
        "P33_021": 505,
        "P33_022": 505,
        "P33_023": -1,
        "P33_024": -1,
        "P33_041": 1
      },
      "geometry": {
        "type": "Point",
        "coordinates": [
          136.05912528167457,
          35.01080866406054
        ]
      }
    },
    {
      "type": "Feature",
      "properties": {
        "P33_001": 81,
        "P33_002": "25203",
        "P33_003": "25",
        "P33_004": 2,
        "P33_005": "長浜市虎姫文化ホール（すいせん館）",
        "P33_006": "529-0112",
        "P33_007": "長浜市宮部町3445",
        "P33_008": "0749-73-4853",
        "P33_009": 19960515,
        "P33_010": "‐",
        "P33_011": "‐",
        "P33_012": -1,
        "P33_013": -1,
        "P33_014": -1,
        "P33_015": "‐",
        "P33_016": "‐",
        "P33_017": "‐",
        "P33_018": 10806,
        "P33_019": 4113,
        "P33_020": 1,
        "P33_021": 314,
        "P33_022": 314,
        "P33_023": -1,
        "P33_024": -1,
        "P33_041": 1
      },
      "geometry": {
        "type": "Point",
        "coordinates": [
          136.26632388892392,
          35.42202111101203
        ]
      }
    },
    {
      "type": "Feature",
      "properties": {
        "P33_001": 82,
        "P33_002": "25203",
        "P33_003": "25",
        "P33_004": 2,
        "P33_005": "湖北文化ホール",
        "P33_006": "529-0341",
        "P33_007": "長浜市湖北町速水2745",
        "P33_008": "0749-78-1287",
        "P33_009": 20001001,
        "P33_010": "‐",
        "P33_011": "‐",
        "P33_012": -1,
        "P33_013": -1,
        "P33_014": -1,
        "P33_015": "‐",
        "P33_016": "‐",
        "P33_017": "‐",
        "P33_018": 5471,
        "P33_019": 2461,
        "P33_020": 1,
        "P33_021": 318,
        "P33_022": 318,
        "P33_023": 1,
        "P33_024": -1,
        "P33_041": 1
      },
      "geometry": {
        "type": "Point",
        "coordinates": [
          136.2433100000816,
          35.44625800030743
        ]
      }
    },
    {
      "type": "Feature",
      "properties": {
        "P33_001": 170,
        "P33_002": "25212",
        "P33_003": "25",
        "P33_004": 2,
        "P33_005": "高島市藤樹の里文化芸術会館",
        "P33_006": "520-1224",
        "P33_007": "高島市安曇川町上小川106",
        "P33_008": "0740-32-2461",
        "P33_009": 19790331,
        "P33_010": "‐",
        "P33_011": "ＪＲ湖西線安曇川駅",
        "P33_012": -1,
        "P33_013": -1,
        "P33_014": -1,
        "P33_015": "‐",
        "P33_016": "‐",
        "P33_017": "‐",
        "P33_018": 8700,
        "P33_019": 2323,
        "P33_020": 1,
        "P33_021": 507,
        "P33_022": 507,
        "P33_023": 2,
        "P33_024": 2,
        "P33_041": 1
      },
      "geometry": {
        "type": "Point",
        "coordinates": [
          136.02990664312475,
          35.32461131391975
        ]
      }
    },
    {
      "type": "Feature",
      "properties": {
        "P33_001": 54,
        "P33_002": "25202",
        "P33_003": "25",
        "P33_004": 2,
        "P33_005": "みずほ文化センター",
        "P33_006": "521-1105",
        "P33_007": "彦根市田原町11",
        "P33_008": "0749-43-8111",
        "P33_009": 19990224,
        "P33_010": "‐",
        "P33_011": "‐",
        "P33_012": -1,
        "P33_013": -1,
        "P33_014": -1,
        "P33_015": "‐",
        "P33_016": "‐",
        "P33_017": "‐",
        "P33_018": 2051,
        "P33_019": 1511,
        "P33_020": 1,
        "P33_021": 403,
        "P33_022": 403,
        "P33_023": -1,
        "P33_024": -1,
        "P33_041": 1
      },
      "geometry": {
        "type": "Point",
        "coordinates": [
          136.18038930300153,
          35.21385855097898
        ]
      }
    },
    {
      "type": "Feature",
      "properties": {
        "P33_001": 171,
        "P33_002": "25212",
        "P33_003": "25",
        "P33_004": 2,
        "P33_005": "高島市文化交流施設やまびこ館（朽木公民館）",
        "P33_006": "520-1401",
        "P33_007": "高島市朽木市場792",
        "P33_008": "0740-38-2324",
        "P33_009": 20030307,
        "P33_010": "‐",
        "P33_011": "‐",
        "P33_012": -1,
        "P33_013": -1,
        "P33_014": -1,
        "P33_015": "‐",
        "P33_016": "‐",
        "P33_017": "‐",
        "P33_018": 2500,
        "P33_019": 2319,
        "P33_020": 1,
        "P33_021": 275,
        "P33_022": 275,
        "P33_023": 3,
        "P33_024": -1,
        "P33_041": 1
      },
      "geometry": {
        "type": "Point",
        "coordinates": [
          135.9160064095921,
          35.351857170219205
        ]
      }
    },
    {
      "type": "Feature",
      "properties": {
        "P33_001": 175,
        "P33_002": "25213",
        "P33_003": "25",
        "P33_004": 2,
        "P33_005": "東近江市てんびんの里文化学習センター",
        "P33_006": "529-1421",
        "P33_007": "東近江市五個荘竜田町583",
        "P33_008": "0748-48-7100",
        "P33_009": 19951031,
        "P33_010": "‐",
        "P33_011": "‐",
        "P33_012": -1,
        "P33_013": -1,
        "P33_014": -1,
        "P33_015": "‐",
        "P33_016": "‐",
        "P33_017": "‐",
        "P33_018": 5751,
        "P33_019": 4287,
        "P33_020": 1,
        "P33_021": 240,
        "P33_022": 240,
        "P33_023": -1,
        "P33_024": -1,
        "P33_041": 1
      },
      "geometry": {
        "type": "Point",
        "coordinates": [
          136.18477111074625,
          35.15204305560536
        ]
      }
    },
    {
      "type": "Feature",
      "properties": {
        "P33_001": 47,
        "P33_002": "25201",
        "P33_003": "25",
        "P33_004": 2,
        "P33_005": "大津市伝統芸能会館",
        "P33_006": "520-0036",
        "P33_007": "大津市園城寺町246-24",
        "P33_008": "077-527-5236",
        "P33_009": 19950315,
        "P33_010": "‐",
        "P33_011": "‐",
        "P33_012": -1,
        "P33_013": -1,
        "P33_014": -1,
        "P33_015": "‐",
        "P33_016": "‐",
        "P33_017": "‐",
        "P33_018": 5280,
        "P33_019": -1,
        "P33_020": 1,
        "P33_021": 217,
        "P33_022": 217,
        "P33_023": 1,
        "P33_024": -1,
        "P33_041": 1
      },
      "geometry": {
        "type": "Point",
        "coordinates": [
          135.8548247224503,
          35.01451119471782
        ]
      }
    },
    {
      "type": "Feature",
      "properties": {
        "P33_001": 55,
        "P33_002": "25202",
        "P33_003": "25",
        "P33_004": 2,
        "P33_005": "高宮地域文化センター",
        "P33_006": "522-0201",
        "P33_007": "彦根市高宮町2311",
        "P33_008": "0749-22-3510",
        "P33_009": 19890331,
        "P33_010": "‐",
        "P33_011": "‐",
        "P33_012": -1,
        "P33_013": -1,
        "P33_014": -1,
        "P33_015": "‐",
        "P33_016": "‐",
        "P33_017": "‐",
        "P33_018": 2864,
        "P33_019": 1034,
        "P33_020": 1,
        "P33_021": 300,
        "P33_022": 300,
        "P33_023": 3,
        "P33_024": -1,
        "P33_041": 1
      },
      "geometry": {
        "type": "Point",
        "coordinates": [
          136.25680638905513,
          35.23484333352752
        ]
      }
    },
    {
      "type": "Feature",
      "properties": {
        "P33_001": 203,
        "P33_002": "25201",
        "P33_003": "25",
        "P33_004": 3,
        "P33_005": "滋賀県立芸術劇場　びわ湖ホール",
        "P33_006": "520-0806",
        "P33_007": "大津市打出浜15-1",
        "P33_008": "077-523-7135",
        "P33_009": 19980900,
        "P33_010": "http://www.biwako-hall.or.jp/",
        "P33_011": "京阪石山坂本線浜石場駅",
        "P33_012": -1,
        "P33_013": -1,
        "P33_014": -1,
        "P33_015": "‐",
        "P33_016": "‐",
        "P33_017": "‐",
        "P33_018": -1,
        "P33_019": -1,
        "P33_020": 3,
        "P33_021": 1848,
        "P33_022": 2975,
        "P33_023": -1,
        "P33_024": -1,
        "P33_041": 1
      },
      "geometry": {
        "type": "Point",
        "coordinates": [
          135.87676833352788,
          35.007100278087805
        ]
      }
    },
    {
      "type": "Feature",
      "properties": {
        "P33_001": 204,
        "P33_002": "25203",
        "P33_003": "25",
        "P33_004": 3,
        "P33_005": "西浅井町文化小劇場",
        "P33_006": "529-0792",
        "P33_007": "長浜市西浅井町大浦2590",
        "P33_008": "0749-89-1127",
        "P33_009": -1,
        "P33_010": "‐",
        "P33_011": "ＪＲ湖西線永原駅",
        "P33_012": -1,
        "P33_013": -1,
        "P33_014": -1,
        "P33_015": "‐",
        "P33_016": "‐",
        "P33_017": "‐",
        "P33_018": -1,
        "P33_019": -1,
        "P33_020": -1,
        "P33_021": -1,
        "P33_022": -1,
        "P33_023": -1,
        "P33_024": -1,
        "P33_041": 1
      },
      "geometry": {
        "type": "Point",
        "coordinates": [
          136.1236426491138,
          35.49851456952509
        ]
      }
    },
    {
      "type": "Feature",
      "properties": {
        "P33_001": 200,
        "P33_002": "25201",
        "P33_003": "25",
        "P33_004": 3,
        "P33_005": "パーティーホールスターズ",
        "P33_006": "520-2143",
        "P33_007": "大津市萱野浦23-1（ロイヤルオークホテルB1F）",
        "P33_008": "077-543-9801",
        "P33_009": -1,
        "P33_010": "‐",
        "P33_011": "ＪＲ東海道本線石山駅",
        "P33_012": -1,
        "P33_013": -1,
        "P33_014": -1,
        "P33_015": "‐",
        "P33_016": "‐",
        "P33_017": "‐",
        "P33_018": -1,
        "P33_019": -1,
        "P33_020": -1,
        "P33_021": -1,
        "P33_022": -1,
        "P33_023": -1,
        "P33_024": -1,
        "P33_041": 1
      },
      "geometry": {
        "type": "Point",
        "coordinates": [
          135.9101480556009,
          34.98839888856389
        ]
      }
    },
    {
      "type": "Feature",
      "properties": {
        "P33_001": 201,
        "P33_002": "25201",
        "P33_003": "25",
        "P33_004": 3,
        "P33_005": "ハックルベリー",
        "P33_006": "520-0242",
        "P33_007": "大津市本堅田5-16-18（トムソーヤ通り）",
        "P33_008": "077-574-1022",
        "P33_009": -1,
        "P33_010": "‐",
        "P33_011": "ＪＲ湖西線堅田駅",
        "P33_012": -1,
        "P33_013": -1,
        "P33_014": -1,
        "P33_015": "‐",
        "P33_016": "‐",
        "P33_017": "‐",
        "P33_018": -1,
        "P33_019": -1,
        "P33_020": -1,
        "P33_021": -1,
        "P33_022": -1,
        "P33_023": -1,
        "P33_024": -1,
        "P33_041": 1
      },
      "geometry": {
        "type": "Point",
        "coordinates": [
          135.91432861070038,
          35.11898749998462
        ]
      }
    },
    {
      "type": "Feature",
      "properties": {
        "P33_001": 56,
        "P33_002": "25202",
        "P33_003": "25",
        "P33_004": 2,
        "P33_005": "彦根市民会館　会議室",
        "P33_006": "522-0001",
        "P33_007": "彦根市尾末町1-38",
        "P33_008": "0749-22-3013",
        "P33_009": -1,
        "P33_010": "‐",
        "P33_011": "ＪＲ東海道本線彦根駅",
        "P33_012": -1,
        "P33_013": -1,
        "P33_014": -1,
        "P33_015": "‐",
        "P33_016": "‐",
        "P33_017": "‐",
        "P33_018": -1,
        "P33_019": -1,
        "P33_020": -1,
        "P33_021": -1,
        "P33_022": -1,
        "P33_023": -1,
        "P33_024": -1,
        "P33_041": 1
      },
      "geometry": {
        "type": "Point",
        "coordinates": [
          136.25746305572767,
          35.27515388843025
        ]
      }
    },
    {
      "type": "Feature",
      "properties": {
        "P33_001": 206,
        "P33_002": "25208",
        "P33_003": "25",
        "P33_004": 3,
        "P33_005": "特定非営利活動法人ブラームスホール協会",
        "P33_006": "520-3047",
        "P33_007": "栗東市手原8-1-2",
        "P33_008": "077-553-1699",
        "P33_009": -1,
        "P33_010": "‐",
        "P33_011": "ＪＲ草津線手原駅",
        "P33_012": -1,
        "P33_013": -1,
        "P33_014": -1,
        "P33_015": "‐",
        "P33_016": "‐",
        "P33_017": "‐",
        "P33_018": -1,
        "P33_019": -1,
        "P33_020": -1,
        "P33_021": -1,
        "P33_022": -1,
        "P33_023": -1,
        "P33_024": -1,
        "P33_041": 1
      },
      "geometry": {
        "type": "Point",
        "coordinates": [
          136.00348749992324,
          35.028770833544286
        ]
      }
    },
    {
      "type": "Feature",
      "properties": {
        "P33_001": 202,
        "P33_002": "25201",
        "P33_003": "25",
        "P33_004": 3,
        "P33_005": "ライブハウス　クラブ　ビーフラット（Ｂ－ＦＬＡＴ）",
        "P33_006": "520-0047",
        "P33_007": "大津市浜大津2-3-11（パークサイドARK216F）",
        "P33_008": "077-510-6330",
        "P33_009": -1,
        "P33_010": "‐",
        "P33_011": "京阪京津線浜大津駅",
        "P33_012": -1,
        "P33_013": -1,
        "P33_014": -1,
        "P33_015": "‐",
        "P33_016": "‐",
        "P33_017": "‐",
        "P33_018": -1,
        "P33_019": -1,
        "P33_020": -1,
        "P33_021": -1,
        "P33_022": -1,
        "P33_023": -1,
        "P33_024": -1,
        "P33_041": 1
      },
      "geometry": {
        "type": "Point",
        "coordinates": [
          135.86132444421548,
          35.01160027753958
        ]
      }
    },
    {
      "type": "Feature",
      "properties": {
        "P33_001": 84,
        "P33_002": "25203",
        "P33_003": "25",
        "P33_004": 2,
        "P33_005": "市立浅井公民館",
        "P33_006": "526-0244",
        "P33_007": "長浜市内保町2500",
        "P33_008": "0749-74-4000",
        "P33_009": 19960000,
        "P33_010": "‐",
        "P33_011": "‐",
        "P33_012": -1,
        "P33_013": -1,
        "P33_014": 2,
        "P33_015": "‐",
        "P33_016": "‐",
        "P33_017": "‐",
        "P33_018": -1,
        "P33_019": 3215,
        "P33_020": -1,
        "P33_021": -1,
        "P33_022": -1,
        "P33_023": -1,
        "P33_024": -1,
        "P33_041": 1
      },
      "geometry": {
        "type": "Point",
        "coordinates": [
          136.29908689629258,
          35.42839415212188
        ]
      }
    },
    {
      "type": "Feature",
      "properties": {
        "P33_001": 141,
        "P33_002": "25209",
        "P33_003": "25",
        "P33_004": 2,
        "P33_005": "雲井公民館",
        "P33_006": "529-1803",
        "P33_007": "甲賀市信楽町牧72-3",
        "P33_008": "0748-83-1679",
        "P33_009": 19930000,
        "P33_010": "‐",
        "P33_011": "‐",
        "P33_012": -1,
        "P33_013": -1,
        "P33_014": 2,
        "P33_015": "‐",
        "P33_016": "‐",
        "P33_017": "‐",
        "P33_018": -1,
        "P33_019": 403,
        "P33_020": -1,
        "P33_021": -1,
        "P33_022": -1,
        "P33_023": -1,
        "P33_024": -1,
        "P33_041": 1
      },
      "geometry": {
        "type": "Point",
        "coordinates": [
          136.08217528644713,
          34.90786542702095
        ]
      }
    },
    {
      "type": "Feature",
      "properties": {
        "P33_001": 144,
        "P33_002": "25209",
        "P33_003": "25",
        "P33_004": 2,
        "P33_005": "多羅尾公民館",
        "P33_006": "529-1821",
        "P33_007": "甲賀市信楽町多羅尾2067-2",
        "P33_008": "0748-85-0001",
        "P33_009": 19770000,
        "P33_010": "‐",
        "P33_011": "‐",
        "P33_012": -1,
        "P33_013": -1,
        "P33_014": 2,
        "P33_015": "‐",
        "P33_016": "‐",
        "P33_017": "‐",
        "P33_018": -1,
        "P33_019": 388,
        "P33_020": -1,
        "P33_021": -1,
        "P33_022": -1,
        "P33_023": -1,
        "P33_024": -1,
        "P33_041": 1
      },
      "geometry": {
        "type": "Point",
        "coordinates": [
          136.0353794888234,
          34.81076751511419
        ]
      }
    },
    {
      "type": "Feature",
      "properties": {
        "P33_001": 145,
        "P33_002": "25209",
        "P33_003": "25",
        "P33_004": 2,
        "P33_005": "朝宮公民館",
        "P33_006": "529-1841",
        "P33_007": "甲賀市信楽町上朝宮467",
        "P33_008": "0748-84-0301",
        "P33_009": 19930000,
        "P33_010": "‐",
        "P33_011": "‐",
        "P33_012": -1,
        "P33_013": -1,
        "P33_014": 2,
        "P33_015": "‐",
        "P33_016": "‐",
        "P33_017": "‐",
        "P33_018": -1,
        "P33_019": 458,
        "P33_020": -1,
        "P33_021": -1,
        "P33_022": -1,
        "P33_023": -1,
        "P33_024": -1,
        "P33_041": 1
      },
      "geometry": {
        "type": "Point",
        "coordinates": [
          135.98207805505976,
          34.85232611126333
        ]
      }
    }
  ],
  "bbox": [
    135.8313664326685,
    34.81076751511419,
    136.3832349166643,
    35.54249944390885
  ]
}