{
  "type": "FeatureCollection",
  "features": [
    {
      "type": "Feature",
      "properties": {
        "P33_001": 10,
        "P33_002": "28110",
        "P33_003": "28",
        "P33_004": 1,
        "P33_005": "ＯＳシネマズミント神戸",
        "P33_006": "651-0096",
        "P33_007": "神戸市中央区雲井通7-1-1（ミント神戸9F）",
        "P33_008": "078-291-5330",
        "P33_009": -1,
        "P33_010": "http://www.jollios.net/cgi-bin/pc/site/det.cgi?tsc=21080",
        "P33_011": "ＪＲ三ノ宮駅",
        "P33_012": 8,
        "P33_013": 1631,
        "P33_014": -1,
        "P33_015": "‐",
        "P33_016": "‐",
        "P33_017": "‐",
        "P33_018": -1,
        "P33_019": -1,
        "P33_020": -1,
        "P33_021": -1,
        "P33_022": -1,
        "P33_023": -1,
        "P33_024": -1,
        "P33_041": 1
      },
      "geometry": {
        "type": "Point",
        "coordinates": [
          135.19603650320826,
          34.69446456563728
        ]
      }
    },
    {
      "type": "Feature",
      "properties": {
        "P33_001": 5,
        "P33_002": "28110",
        "P33_003": "28",
        "P33_004": 1,
        "P33_005": "神戸国際松竹",
        "P33_006": "651-0087",
        "P33_007": "神戸市中央区御幸通8-1-6（神戸国際会館11F）",
        "P33_008": "078-230-3580",
        "P33_009": -1,
        "P33_010": "http://www.smt-cinema.com/site/kobe/",
        "P33_011": "‐",
        "P33_012": 4,
        "P33_013": 685,
        "P33_014": -1,
        "P33_015": "‐",
        "P33_016": "‐",
        "P33_017": "‐",
        "P33_018": -1,
        "P33_019": -1,
        "P33_020": -1,
        "P33_021": -1,
        "P33_022": -1,
        "P33_023": -1,
        "P33_024": -1,
        "P33_041": 1
      },
      "geometry": {
        "type": "Point",
        "coordinates": [
          135.195902879723,
          34.692242217032764
        ]
      }
    },
    {
      "type": "Feature",
      "properties": {
        "P33_001": 6,
        "P33_002": "28110",
        "P33_003": "28",
        "P33_004": 1,
        "P33_005": "シネ・リーブル神戸",
        "P33_006": "650-0035",
        "P33_007": "神戸市中央区浪花町59（神戸朝日ビルディングB1F）",
        "P33_008": "078-334-2126",
        "P33_009": -1,
        "P33_010": "http://www.ttcg.jp/cinelibre_kobe/",
        "P33_011": "‐",
        "P33_012": 3,
        "P33_013": 322,
        "P33_014": -1,
        "P33_015": "‐",
        "P33_016": "‐",
        "P33_017": "‐",
        "P33_018": -1,
        "P33_019": -1,
        "P33_020": -1,
        "P33_021": -1,
        "P33_022": -1,
        "P33_023": -1,
        "P33_024": -1,
        "P33_041": 1
      },
      "geometry": {
        "type": "Point",
        "coordinates": [
          135.19236205215935,
          34.68944736371589
        ]
      }
    },
    {
      "type": "Feature",
      "properties": {
        "P33_001": 7,
        "P33_002": "28110",
        "P33_003": "28",
        "P33_004": 1,
        "P33_005": "ＯＳシネマズ 神戸ハーバーランド",
        "P33_006": "650-0044",
        "P33_007": "神戸市中央区東川崎1-7-2（神戸ハーバーランドumieサウスモール5F）",
        "P33_008": "078-360-3788",
        "P33_009": -1,
        "P33_010": "http://www.jollios.net/",
        "P33_011": "ＪＲ神戸駅",
        "P33_012": 9,
        "P33_013": 1400,
        "P33_014": -1,
        "P33_015": "‐",
        "P33_016": "‐",
        "P33_017": "‐",
        "P33_018": -1,
        "P33_019": -1,
        "P33_020": -1,
        "P33_021": -1,
        "P33_022": -1,
        "P33_023": -1,
        "P33_024": -1,
        "P33_041": 1
      },
      "geometry": {
        "type": "Point",
        "coordinates": [
          135.18242493255764,
          34.67959917772771
        ]
      }
    },
    {
      "type": "Feature",
      "properties": {
        "P33_001": 16,
        "P33_002": "28202",
        "P33_003": "28",
        "P33_004": 1,
        "P33_005": "ＭＯＶＩＸあまがさき",
        "P33_006": "661-0976",
        "P33_007": "尼崎市潮江1-3-1（あまがさきキューズモール4F）",
        "P33_008": "06-4960-7500",
        "P33_009": -1,
        "P33_010": "http://www.smt-cinema.com/site/amagasaki/",
        "P33_011": "ＪＲ尼崎駅",
        "P33_012": 11,
        "P33_013": 2008,
        "P33_014": -1,
        "P33_015": "‐",
        "P33_016": "‐",
        "P33_017": "‐",
        "P33_018": -1,
        "P33_019": -1,
        "P33_020": -1,
        "P33_021": -1,
        "P33_022": -1,
        "P33_023": -1,
        "P33_024": -1,
        "P33_041": 1
      },
      "geometry": {
        "type": "Point",
        "coordinates": [
          135.4305959255168,
          34.733499402401804
        ]
      }
    },
    {
      "type": "Feature",
      "properties": {
        "P33_001": 15,
        "P33_002": "28202",
        "P33_003": "28",
        "P33_004": 1,
        "P33_005": "塚口サンサン劇場",
        "P33_006": "661-0012",
        "P33_007": "尼崎市南塚口町2-1-1-103",
        "P33_008": "06-6429-3581",
        "P33_009": -1,
        "P33_010": "http://www.sunsun.info/",
        "P33_011": "阪急塚口駅",
        "P33_012": 4,
        "P33_013": 484,
        "P33_014": -1,
        "P33_015": "‐",
        "P33_016": "‐",
        "P33_017": "‐",
        "P33_018": -1,
        "P33_019": -1,
        "P33_020": -1,
        "P33_021": -1,
        "P33_022": -1,
        "P33_023": -1,
        "P33_024": -1,
        "P33_041": 1
      },
      "geometry": {
        "type": "Point",
        "coordinates": [
          135.41647087865437,
          34.75228987591401
        ]
      }
    },
    {
      "type": "Feature",
      "properties": {
        "P33_001": 19,
        "P33_002": "28207",
        "P33_003": "28",
        "P33_004": 1,
        "P33_005": "ＴＯＨＯシネマズ 伊丹",
        "P33_006": "664-0847",
        "P33_007": "伊丹市藤ノ木1-1-1（イオンモール伊丹4F）",
        "P33_008": "050-6868-5021",
        "P33_009": -1,
        "P33_010": "http://hlo.tohotheater.jp/net/schedule/038/TNPI2000J01.do",
        "P33_011": "‐",
        "P33_012": 8,
        "P33_013": 1853,
        "P33_014": -1,
        "P33_015": "‐",
        "P33_016": "‐",
        "P33_017": "‐",
        "P33_018": -1,
        "P33_019": -1,
        "P33_020": -1,
        "P33_021": -1,
        "P33_022": -1,
        "P33_023": -1,
        "P33_024": -1,
        "P33_041": 1
      },
      "geometry": {
        "type": "Point",
        "coordinates": [
          135.42376000194312,
          34.781764165798975
        ]
      }
    },
    {
      "type": "Feature",
      "properties": {
        "P33_001": 23,
        "P33_002": "28214",
        "P33_003": "28",
        "P33_004": 1,
        "P33_005": "シネ・ピピア１",
        "P33_006": "665-0852",
        "P33_007": "宝塚市売布2-5-1（ピピアめふ5F）",
        "P33_008": "0797-87-3565",
        "P33_009": -1,
        "P33_010": "http://www.cinepipia.com/",
        "P33_011": "阪急売布神社駅",
        "P33_012": 1,
        "P33_013": 50,
        "P33_014": -1,
        "P33_015": "‐",
        "P33_016": "‐",
        "P33_017": "‐",
        "P33_018": -1,
        "P33_019": -1,
        "P33_020": -1,
        "P33_021": -1,
        "P33_022": -1,
        "P33_023": -1,
        "P33_024": -1,
        "P33_041": 1
      },
      "geometry": {
        "type": "Point",
        "coordinates": [
          135.36168400209266,
          34.81568999956455
        ]
      }
    },
    {
      "type": "Feature",
      "properties": {
        "P33_001": 22,
        "P33_002": "28214",
        "P33_003": "28",
        "P33_004": 1,
        "P33_005": "シネ・ピピア２",
        "P33_006": "665-0852",
        "P33_007": "宝塚市売布2-5-1（ピピアめふ5F）",
        "P33_008": "0797-87-3565",
        "P33_009": -1,
        "P33_010": "http://www.cinepipia.com/",
        "P33_011": "阪急売布神社駅",
        "P33_012": 1,
        "P33_013": 50,
        "P33_014": -1,
        "P33_015": "‐",
        "P33_016": "‐",
        "P33_017": "‐",
        "P33_018": -1,
        "P33_019": -1,
        "P33_020": -1,
        "P33_021": -1,
        "P33_022": -1,
        "P33_023": -1,
        "P33_024": -1,
        "P33_041": 1
      },
      "geometry": {
        "type": "Point",
        "coordinates": [
          135.36168400209266,
          34.81568999956455
        ]
      }
    },
    {
      "type": "Feature",
      "properties": {
        "P33_001": 24,
        "P33_002": "28219",
        "P33_003": "28",
        "P33_004": 1,
        "P33_005": "イオンシネマ三田ウッディタウン",
        "P33_006": "669-1321",
        "P33_007": "三田市けやき台1-6-4（イオン三田ウッディタウン二番街）",
        "P33_008": "079-563-8787",
        "P33_009": -1,
        "P33_010": "http://www.aeoncinema.com/cinema/sanda/",
        "P33_011": "神戸電鉄公園都市線ウッディタウン中央駅",
        "P33_012": 7,
        "P33_013": 1555,
        "P33_014": -1,
        "P33_015": "‐",
        "P33_016": "‐",
        "P33_017": "‐",
        "P33_018": -1,
        "P33_019": -1,
        "P33_020": -1,
        "P33_021": -1,
        "P33_022": -1,
        "P33_023": -1,
        "P33_024": -1,
        "P33_041": 1
      },
      "geometry": {
        "type": "Point",
        "coordinates": [
          135.18608360961267,
          34.90819305374303
        ]
      }
    },
    {
      "type": "Feature",
      "properties": {
        "P33_001": 3,
        "P33_002": "28105",
        "P33_003": "28",
        "P33_004": 1,
        "P33_005": "ＣｉｎｅｍａＫＯＢＥ１",
        "P33_006": "652-0811",
        "P33_007": "神戸市兵庫区新開地6-2-20-101",
        "P33_008": "078-531-6607",
        "P33_009": -1,
        "P33_010": "http://cinemakobe.blog136.fc2.com/",
        "P33_011": "神戸高速鉄道新開地駅",
        "P33_012": 1,
        "P33_013": 121,
        "P33_014": -1,
        "P33_015": "‐",
        "P33_016": "‐",
        "P33_017": "‐",
        "P33_018": -1,
        "P33_019": -1,
        "P33_020": -1,
        "P33_021": -1,
        "P33_022": -1,
        "P33_023": -1,
        "P33_024": -1,
        "P33_041": 1
      },
      "geometry": {
        "type": "Point",
        "coordinates": [
          135.17483555390146,
          34.67589749846756
        ]
      }
    },
    {
      "type": "Feature",
      "properties": {
        "P33_001": 1,
        "P33_002": "28105",
        "P33_003": "28",
        "P33_004": 1,
        "P33_005": "神戸アートビレッジセンター",
        "P33_006": "652-0811",
        "P33_007": "神戸市兵庫区新開地5-3-14",
        "P33_008": "078-512-5500",
        "P33_009": -1,
        "P33_010": "http://kavc.or.jp/",
        "P33_011": "神戸高速新開地駅",
        "P33_012": 1,
        "P33_013": -1,
        "P33_014": -1,
        "P33_015": "‐",
        "P33_016": "‐",
        "P33_017": "‐",
        "P33_018": -1,
        "P33_019": -1,
        "P33_020": -1,
        "P33_021": -1,
        "P33_022": -1,
        "P33_023": -1,
        "P33_024": -1,
        "P33_041": 1
      },
      "geometry": {
        "type": "Point",
        "coordinates": [
          135.17353027814372,
          34.6762230540533
        ]
      }
    },
    {
      "type": "Feature",
      "properties": {
        "P33_001": 2,
        "P33_002": "28105",
        "P33_003": "28",
        "P33_004": 1,
        "P33_005": "パルシネマ",
        "P33_006": "652-0811",
        "P33_007": "神戸市兵庫区新開地1-4-3",
        "P33_008": "078-575-7879",
        "P33_009": -1,
        "P33_010": "http://www.sam.hi-ho.ne.jp/dragonfly/",
        "P33_011": "地下鉄湊川公園駅",
        "P33_012": 1,
        "P33_013": 135,
        "P33_014": -1,
        "P33_015": "‐",
        "P33_016": "‐",
        "P33_017": "‐",
        "P33_018": -1,
        "P33_019": -1,
        "P33_020": -1,
        "P33_021": -1,
        "P33_022": -1,
        "P33_023": -1,
        "P33_024": -1,
        "P33_041": 1
      },
      "geometry": {
        "type": "Point",
        "coordinates": [
          135.16811800227853,
          34.679065999320244
        ]
      }
    },
    {
      "type": "Feature",
      "properties": {
        "P33_001": 11,
        "P33_002": "28111",
        "P33_003": "28",
        "P33_004": 1,
        "P33_005": "カナート・ホール",
        "P33_006": "651-2412",
        "P33_007": "神戸市西区竜が岡1-21-1（カナート西神戸店）",
        "P33_008": "078-967-5101",
        "P33_009": -1,
        "P33_010": "http://www.とれび.jp/index.php",
        "P33_011": "‐",
        "P33_012": 1,
        "P33_013": 197,
        "P33_014": -1,
        "P33_015": "‐",
        "P33_016": "‐",
        "P33_017": "‐",
        "P33_018": -1,
        "P33_019": -1,
        "P33_020": -1,
        "P33_021": -1,
        "P33_022": -1,
        "P33_023": -1,
        "P33_024": -1,
        "P33_041": 1
      },
      "geometry": {
        "type": "Point",
        "coordinates": [
          134.94033079165152,
          34.71080745306397
        ]
      }
    },
    {
      "type": "Feature",
      "properties": {
        "P33_001": 17,
        "P33_002": "28203",
        "P33_003": "28",
        "P33_004": 1,
        "P33_005": "イオンシネマ明石",
        "P33_006": "674-0051",
        "P33_007": "明石市大久保町ゆりのき通1-3-2（イオンショッピングセンター1番町）",
        "P33_008": "‐",
        "P33_009": -1,
        "P33_010": "http://www.aeoncinema.com/cinema/akashi/",
        "P33_011": "ＪＲ大久保駅",
        "P33_012": 7,
        "P33_013": 1796,
        "P33_014": -1,
        "P33_015": "‐",
        "P33_016": "‐",
        "P33_017": "‐",
        "P33_018": -1,
        "P33_019": -1,
        "P33_020": -1,
        "P33_021": -1,
        "P33_022": -1,
        "P33_023": -1,
        "P33_024": -1,
        "P33_041": 1
      },
      "geometry": {
        "type": "Point",
        "coordinates": [
          134.9377280556326,
          34.68117685838635
        ]
      }
    },
    {
      "type": "Feature",
      "properties": {
        "P33_001": 20,
        "P33_002": "28210",
        "P33_003": "28",
        "P33_004": 1,
        "P33_005": "イオンシネマ加古川",
        "P33_006": "675-0101",
        "P33_007": "加古川市平岡町新在家615-1",
        "P33_008": "079-420-5501",
        "P33_009": -1,
        "P33_010": "http://www.aeoncinema.com/cinema/kakogawa/",
        "P33_011": "‐",
        "P33_012": 8,
        "P33_013": 1541,
        "P33_014": -1,
        "P33_015": "‐",
        "P33_016": "‐",
        "P33_017": "‐",
        "P33_018": -1,
        "P33_019": -1,
        "P33_020": -1,
        "P33_021": -1,
        "P33_022": -1,
        "P33_023": -1,
        "P33_024": -1,
        "P33_041": 1
      },
      "geometry": {
        "type": "Point",
        "coordinates": [
          134.86129300004794,
          34.7484019996415
        ]
      }
    },
    {
      "type": "Feature",
      "properties": {
        "P33_001": 14,
        "P33_002": "28201",
        "P33_003": "28",
        "P33_004": 1,
        "P33_005": "姫路ＯＳ",
        "P33_006": "670-0927",
        "P33_007": "姫路市駅前町254",
        "P33_008": "079-222-0061",
        "P33_009": -1,
        "P33_010": "http://www.jollios.net/cgi-bin/pc/site/det.cgi?tsc=21060",
        "P33_011": "‐",
        "P33_012": 3,
        "P33_013": 430,
        "P33_014": -1,
        "P33_015": "‐",
        "P33_016": "‐",
        "P33_017": "‐",
        "P33_018": -1,
        "P33_019": -1,
        "P33_020": -1,
        "P33_021": -1,
        "P33_022": -1,
        "P33_023": -1,
        "P33_024": -1,
        "P33_041": 1
      },
      "geometry": {
        "type": "Point",
        "coordinates": [
          134.69111333286207,
          34.82886750056276
        ]
      }
    },
    {
      "type": "Feature",
      "properties": {
        "P33_001": 12,
        "P33_002": "28201",
        "P33_003": "28",
        "P33_004": 1,
        "P33_005": "シネ・パレス山陽座",
        "P33_006": "670-0927",
        "P33_007": "姫路市駅前町353",
        "P33_008": "079-222-6701",
        "P33_009": -1,
        "P33_010": "http://www.sanyoza.co.jp",
        "P33_011": "ＪＲ姫路駅",
        "P33_012": 4,
        "P33_013": 720,
        "P33_014": -1,
        "P33_015": "‐",
        "P33_016": "‐",
        "P33_017": "‐",
        "P33_018": -1,
        "P33_019": -1,
        "P33_020": -1,
        "P33_021": -1,
        "P33_022": -1,
        "P33_023": -1,
        "P33_024": -1,
        "P33_041": 1
      },
      "geometry": {
        "type": "Point",
        "coordinates": [
          134.69243499853027,
          34.829511001343924
        ]
      }
    },
    {
      "type": "Feature",
      "properties": {
        "P33_001": 13,
        "P33_002": "28201",
        "P33_003": "28",
        "P33_004": 1,
        "P33_005": "姫路大劇シネマ",
        "P33_006": "670-0917",
        "P33_007": "姫路市忍町68",
        "P33_008": "079-289-1251",
        "P33_009": -1,
        "P33_010": "http://movie.geocities.jp/daigekikaikan/",
        "P33_011": "ＪＲ姫路駅",
        "P33_012": 3,
        "P33_013": 1034,
        "P33_014": -1,
        "P33_015": "‐",
        "P33_016": "‐",
        "P33_017": "‐",
        "P33_018": -1,
        "P33_019": -1,
        "P33_020": -1,
        "P33_021": -1,
        "P33_022": -1,
        "P33_023": -1,
        "P33_024": -1,
        "P33_041": 1
      },
      "geometry": {
        "type": "Point",
        "coordinates": [
          134.68829313889844,
          34.82978783822405
        ]
      }
    },
    {
      "type": "Feature",
      "properties": {
        "P33_001": 21,
        "P33_002": "28212",
        "P33_003": "28",
        "P33_004": 1,
        "P33_005": "プラット赤穂シネマ１・２・３",
        "P33_006": "678-0239",
        "P33_007": "赤穂市加里屋290-10",
        "P33_008": "0791-45-0258",
        "P33_009": -1,
        "P33_010": "‐",
        "P33_011": "ＪＲ播州赤穂駅",
        "P33_012": 3,
        "P33_013": 345,
        "P33_014": -1,
        "P33_015": "‐",
        "P33_016": "‐",
        "P33_017": "‐",
        "P33_018": -1,
        "P33_019": -1,
        "P33_020": -1,
        "P33_021": -1,
        "P33_022": -1,
        "P33_023": -1,
        "P33_024": -1,
        "P33_041": 1
      },
      "geometry": {
        "type": "Point",
        "coordinates": [
          134.39215900298348,
          34.75640400051552
        ]
      }
    },
    {
      "type": "Feature",
      "properties": {
        "P33_001": 8,
        "P33_002": "28110",
        "P33_003": "28",
        "P33_004": 1,
        "P33_005": "１０９シネマズＨＡＴ神戸",
        "P33_006": "651-0073",
        "P33_007": "神戸市中央区脇浜海岸通2-2-2（ブルメールHAT神戸2F）",
        "P33_008": "‐",
        "P33_009": -1,
        "P33_010": "http://www.109cinemas.net/hatkobe/",
        "P33_011": "阪神線岩屋駅",
        "P33_012": 10,
        "P33_013": 2011,
        "P33_014": -1,
        "P33_015": "‐",
        "P33_016": "‐",
        "P33_017": "‐",
        "P33_018": -1,
        "P33_019": -1,
        "P33_020": -1,
        "P33_021": -1,
        "P33_022": -1,
        "P33_023": -1,
        "P33_024": -1,
        "P33_041": 1
      },
      "geometry": {
        "type": "Point",
        "coordinates": [
          135.2142559998936,
          34.69959799870373
        ]
      }
    },
    {
      "type": "Feature",
      "properties": {
        "P33_001": 4,
        "P33_002": "28106",
        "P33_003": "28",
        "P33_004": 1,
        "P33_005": "神戸映画資料館",
        "P33_006": "653-0036",
        "P33_007": "神戸市長田区腕塚町5-5-1-201（アスタくにづか1番館北棟2F）",
        "P33_008": "078-754-8039",
        "P33_009": -1,
        "P33_010": "http://www.kobe-eiga.net/",
        "P33_011": "ＪＲ新長田駅",
        "P33_012": 1,
        "P33_013": 30,
        "P33_014": -1,
        "P33_015": "‐",
        "P33_016": "‐",
        "P33_017": "‐",
        "P33_018": -1,
        "P33_019": -1,
        "P33_020": -1,
        "P33_021": -1,
        "P33_022": -1,
        "P33_023": -1,
        "P33_024": -1,
        "P33_041": 1
      },
      "geometry": {
        "type": "Point",
        "coordinates": [
          135.14643816942473,
          34.65411472875593
        ]
      }
    },
    {
      "type": "Feature",
      "properties": {
        "P33_001": 18,
        "P33_002": "28204",
        "P33_003": "28",
        "P33_004": 1,
        "P33_005": "ＴＯＨＯシネマズ 西宮ＯＳ",
        "P33_006": "663-8204",
        "P33_007": "西宮市高松町14-2（阪急西宮ガーデンズ5F）",
        "P33_008": "050-6868-5051",
        "P33_009": -1,
        "P33_010": "http://hlo.tohotheater.jp/net/schedule/064/TNPI2000J01.do",
        "P33_011": "阪急西宮北口駅",
        "P33_012": 12,
        "P33_013": 2200,
        "P33_014": -1,
        "P33_015": "‐",
        "P33_016": "‐",
        "P33_017": "‐",
        "P33_018": -1,
        "P33_019": -1,
        "P33_020": -1,
        "P33_021": -1,
        "P33_022": -1,
        "P33_023": -1,
        "P33_024": -1,
        "P33_041": 1
      },
      "geometry": {
        "type": "Point",
        "coordinates": [
          135.36014200270125,
          34.74379300017956
        ]
      }
    },
    {
      "type": "Feature",
      "properties": {
        "P33_001": 9,
        "P33_002": "28110",
        "P33_003": "28",
        "P33_004": 1,
        "P33_005": "元町映画館",
        "P33_006": "650-0022",
        "P33_007": "神戸市中央区元町通り4-1-12",
        "P33_008": "078-366-2636",
        "P33_009": -1,
        "P33_010": "http://www.motoei.com/",
        "P33_011": "ＪＲ・阪神電車元町駅",
        "P33_012": 1,
        "P33_013": 66,
        "P33_014": -1,
        "P33_015": "‐",
        "P33_016": "‐",
        "P33_017": "‐",
        "P33_018": -1,
        "P33_019": -1,
        "P33_020": -1,
        "P33_021": -1,
        "P33_022": -1,
        "P33_023": -1,
        "P33_024": -1,
        "P33_041": 1
      },
      "geometry": {
        "type": "Point",
        "coordinates": [
          135.18395914122422,
          34.686621815753576
        ]
      }
    },
    {
      "type": "Feature",
      "properties": {
        "P33_001": 492,
        "P33_002": "28107",
        "P33_003": "28",
        "P33_004": 6,
        "P33_005": "神戸市立須磨海浜水族園",
        "P33_006": "654-0049",
        "P33_007": "神戸市須磨区若宮町1-3-5",
        "P33_008": "078-731-7301",
        "P33_009": -1,
        "P33_010": "‐",
        "P33_011": "‐",
        "P33_012": -1,
        "P33_013": -1,
        "P33_014": -1,
        "P33_015": "‐",
        "P33_016": "9:00～17:00",
        "P33_017": "有",
        "P33_018": -1,
        "P33_019": -1,
        "P33_020": -1,
        "P33_021": -1,
        "P33_022": -1,
        "P33_023": -1,
        "P33_024": -1,
        "P33_041": 1
      },
      "geometry": {
        "type": "Point",
        "coordinates": [
          135.12776333589528,
          34.643864164222
        ]
      }
    },
    {
      "type": "Feature",
      "properties": {
        "P33_001": 501,
        "P33_002": "28110",
        "P33_003": "28",
        "P33_004": 6,
        "P33_005": "神戸花鳥園",
        "P33_006": "650-0047",
        "P33_007": "神戸市中央区港島南町7-1-9",
        "P33_008": "078-302-8899",
        "P33_009": -1,
        "P33_010": "‐",
        "P33_011": "‐",
        "P33_012": -1,
        "P33_013": -1,
        "P33_014": -1,
        "P33_015": "365",
        "P33_016": "9:30～17:00(平日)､9:30～17:30(休日)",
        "P33_017": "有",
        "P33_018": -1,
        "P33_019": -1,
        "P33_020": -1,
        "P33_021": -1,
        "P33_022": -1,
        "P33_023": -1,
        "P33_024": -1,
        "P33_041": 1
      },
      "geometry": {
        "type": "Point",
        "coordinates": [
          135.22275200205198,
          34.65424899884845
        ]
      }
    },
    {
      "type": "Feature",
      "properties": {
        "P33_001": 509,
        "P33_002": "28201",
        "P33_003": "28",
        "P33_004": 6,
        "P33_005": "姫路市立動物園",
        "P33_006": "670-0012",
        "P33_007": "姫路市本町68",
        "P33_008": "079-284-3636",
        "P33_009": -1,
        "P33_010": "‐",
        "P33_011": "‐",
        "P33_012": -1,
        "P33_013": -1,
        "P33_014": -1,
        "P33_015": "362",
        "P33_016": "9:00～17:00",
        "P33_017": "有",
        "P33_018": -1,
        "P33_019": -1,
        "P33_020": -1,
        "P33_021": -1,
        "P33_022": -1,
        "P33_023": -1,
        "P33_024": -1,
        "P33_041": 1
      },
      "geometry": {
        "type": "Point",
        "coordinates": [
          134.69415699980905,
          34.83676600191497
        ]
      }
    },
    {
      "type": "Feature",
      "properties": {
        "P33_001": 505,
        "P33_002": "28201",
        "P33_003": "28",
        "P33_004": 6,
        "P33_005": "姫路セントラルパーク",
        "P33_006": "679-2121",
        "P33_007": "姫路市豊富町神谷1436-1",
        "P33_008": "079-264-1611",
        "P33_009": -1,
        "P33_010": "‐",
        "P33_011": "‐",
        "P33_012": -1,
        "P33_013": -1,
        "P33_014": -1,
        "P33_015": "335",
        "P33_016": "10:00～17:30(季節により変動)",
        "P33_017": "有",
        "P33_018": -1,
        "P33_019": -1,
        "P33_020": -1,
        "P33_021": -1,
        "P33_022": -1,
        "P33_023": -1,
        "P33_024": -1,
        "P33_041": 1
      },
      "geometry": {
        "type": "Point",
        "coordinates": [
          134.764385002865,
          34.871124000746114
        ]
      }
    },
    {
      "type": "Feature",
      "properties": {
        "P33_001": 516,
        "P33_002": "28207",
        "P33_003": "28",
        "P33_004": 6,
        "P33_005": "伊丹市昆虫館",
        "P33_006": "664-0015",
        "P33_007": "伊丹市昆陽池3-1（昆陽池公園内）",
        "P33_008": "072-785-3582",
        "P33_009": -1,
        "P33_010": "‐",
        "P33_011": "‐",
        "P33_012": -1,
        "P33_013": -1,
        "P33_014": -1,
        "P33_015": "‐",
        "P33_016": "9:30～16:30",
        "P33_017": "有",
        "P33_018": -1,
        "P33_019": -1,
        "P33_020": -1,
        "P33_021": -1,
        "P33_022": -1,
        "P33_023": -1,
        "P33_024": -1,
        "P33_041": 1
      },
      "geometry": {
        "type": "Point",
        "coordinates": [
          135.39492944686143,
          34.79130055355997
        ]
      }
    },
    {
      "type": "Feature",
      "properties": {
        "P33_001": 506,
        "P33_002": "28201",
        "P33_003": "28",
        "P33_004": 6,
        "P33_005": "姫路市立水族館",
        "P33_006": "670-0971",
        "P33_007": "姫路市西延末440（手柄山中央公園内）",
        "P33_008": "079-297-0321",
        "P33_009": -1,
        "P33_010": "‐",
        "P33_011": "‐",
        "P33_012": -1,
        "P33_013": -1,
        "P33_014": -1,
        "P33_015": "311",
        "P33_016": "9:00～17:00",
        "P33_017": "有",
        "P33_018": -1,
        "P33_019": -1,
        "P33_020": -1,
        "P33_021": -1,
        "P33_022": -1,
        "P33_023": -1,
        "P33_024": -1,
        "P33_041": 1
      },
      "geometry": {
        "type": "Point",
        "coordinates": [
          134.67599200103973,
          34.82273999896828
        ]
      }
    },
    {
      "type": "Feature",
      "properties": {
        "P33_001": 489,
        "P33_002": "28102",
        "P33_003": "28",
        "P33_004": 6,
        "P33_005": "六甲高山植物園",
        "P33_006": "657-0101",
        "P33_007": "神戸市灘区六甲山町北六甲4512-150",
        "P33_008": "078-891-1247",
        "P33_009": -1,
        "P33_010": "‐",
        "P33_011": "‐",
        "P33_012": -1,
        "P33_013": -1,
        "P33_014": -1,
        "P33_015": "‐",
        "P33_016": "10:00～17:00",
        "P33_017": "有",
        "P33_018": -1,
        "P33_019": -1,
        "P33_020": -1,
        "P33_021": -1,
        "P33_022": -1,
        "P33_023": -1,
        "P33_024": -1,
        "P33_041": 1
      },
      "geometry": {
        "type": "Point",
        "coordinates": [
          135.24162000254387,
          34.762319002207164
        ]
      }
    },
    {
      "type": "Feature",
      "properties": {
        "P33_001": 527,
        "P33_002": "28224",
        "P33_003": "28",
        "P33_004": 6,
        "P33_005": "南あわじクア施設さんゆ～館",
        "P33_006": "656-0451",
        "P33_007": "南あわじ市神代社家2332",
        "P33_008": "0799-43-3939",
        "P33_009": -1,
        "P33_010": "‐",
        "P33_011": "‐",
        "P33_012": -1,
        "P33_013": -1,
        "P33_014": -1,
        "P33_015": "344",
        "P33_016": "10:00～22:30",
        "P33_017": "有",
        "P33_018": -1,
        "P33_019": -1,
        "P33_020": -1,
        "P33_021": -1,
        "P33_022": -1,
        "P33_023": -1,
        "P33_024": -1,
        "P33_041": 1
      },
      "geometry": {
        "type": "Point",
        "coordinates": [
          134.78820200189648,
          34.27900899779521
        ]
      }
    },
    {
      "type": "Feature",
      "properties": {
        "P33_001": 485,
        "P33_002": "28102",
        "P33_003": "28",
        "P33_004": 6,
        "P33_005": "神戸市立王子動物園",
        "P33_006": "657-0838",
        "P33_007": "神戸市灘区王子町3-1",
        "P33_008": "078-861-5624",
        "P33_009": -1,
        "P33_010": "‐",
        "P33_011": "‐",
        "P33_012": -1,
        "P33_013": -1,
        "P33_014": -1,
        "P33_015": "‐",
        "P33_016": "9:00～17:00(3～10月)､9:00～16:30(11～2月)",
        "P33_017": "有",
        "P33_018": -1,
        "P33_019": -1,
        "P33_020": -1,
        "P33_021": -1,
        "P33_022": -1,
        "P33_023": -1,
        "P33_024": -1,
        "P33_041": 1
      },
      "geometry": {
        "type": "Point",
        "coordinates": [
          135.21506000179318,
          34.71156099782623
        ]
      }
    },
    {
      "type": "Feature",
      "properties": {
        "P33_001": 519,
        "P33_002": "28214",
        "P33_003": "28",
        "P33_004": 6,
        "P33_005": "宝塚市立手塚治虫記念館",
        "P33_006": "665-0844",
        "P33_007": "宝塚市武庫川町7-65",
        "P33_008": "0797-81-2970",
        "P33_009": -1,
        "P33_010": "‐",
        "P33_011": "‐",
        "P33_012": -1,
        "P33_013": -1,
        "P33_014": -1,
        "P33_015": "310",
        "P33_016": "9:30～17:00",
        "P33_017": "有",
        "P33_018": -1,
        "P33_019": -1,
        "P33_020": -1,
        "P33_021": -1,
        "P33_022": -1,
        "P33_023": -1,
        "P33_024": -1,
        "P33_041": 1
      },
      "geometry": {
        "type": "Point",
        "coordinates": [
          135.34836972320375,
          34.80716416504441
        ]
      }
    },
    {
      "type": "Feature",
      "properties": {
        "P33_001": 65,
        "P33_002": "28111",
        "P33_003": "28",
        "P33_004": 2,
        "P33_005": "市立玉津南公民館",
        "P33_006": "651-2126",
        "P33_007": "神戸市西区玉津町上池314",
        "P33_008": "078-914-4300",
        "P33_009": 19770000,
        "P33_010": "‐",
        "P33_011": "‐",
        "P33_012": -1,
        "P33_013": -1,
        "P33_014": 4,
        "P33_015": "‐",
        "P33_016": "‐",
        "P33_017": "‐",
        "P33_018": -1,
        "P33_019": 1750,
        "P33_020": -1,
        "P33_021": -1,
        "P33_022": -1,
        "P33_023": -1,
        "P33_024": -1,
        "P33_041": 1
      },
      "geometry": {
        "type": "Point",
        "coordinates": [
          134.9908179999569,
          34.660250000034885
        ]
      }
    },
    {
      "type": "Feature",
      "properties": {
        "P33_001": 27,
        "P33_002": "28101",
        "P33_003": "28",
        "P33_004": 2,
        "P33_005": "市立住之江公民館",
        "P33_006": "658-0053",
        "P33_007": "神戸市東灘区住吉宮町2-2-3",
        "P33_008": "078-822-1300",
        "P33_009": 19760000,
        "P33_010": "‐",
        "P33_011": "‐",
        "P33_012": -1,
        "P33_013": -1,
        "P33_014": 4,
        "P33_015": "‐",
        "P33_016": "‐",
        "P33_017": "‐",
        "P33_018": -1,
        "P33_019": 974,
        "P33_020": -1,
        "P33_021": -1,
        "P33_022": -1,
        "P33_023": -1,
        "P33_024": -1,
        "P33_041": 1
      },
      "geometry": {
        "type": "Point",
        "coordinates": [
          135.2636605530501,
          34.71396972209078
        ]
      }
    },
    {
      "type": "Feature",
      "properties": {
        "P33_001": 63,
        "P33_002": "28110",
        "P33_003": "28",
        "P33_004": 2,
        "P33_005": "市立清風公民館",
        "P33_006": "650-0017",
        "P33_007": "神戸市中央区楠町8-10-3",
        "P33_008": "078-371-3319",
        "P33_009": 19790000,
        "P33_010": "‐",
        "P33_011": "‐",
        "P33_012": -1,
        "P33_013": -1,
        "P33_014": 4,
        "P33_015": "‐",
        "P33_016": "‐",
        "P33_017": "‐",
        "P33_018": -1,
        "P33_019": 1399,
        "P33_020": -1,
        "P33_021": -1,
        "P33_022": -1,
        "P33_023": -1,
        "P33_024": -1,
        "P33_041": 1
      },
      "geometry": {
        "type": "Point",
        "coordinates": [
          135.174369444711,
          34.68647138846893
        ]
      }
    },
    {
      "type": "Feature",
      "properties": {
        "P33_001": 35,
        "P33_002": "28106",
        "P33_003": "28",
        "P33_004": 2,
        "P33_005": "市立長田公民館",
        "P33_006": "653-0004",
        "P33_007": "神戸市長田区四番町4-51",
        "P33_008": "078-575-1374",
        "P33_009": 19530000,
        "P33_010": "‐",
        "P33_011": "‐",
        "P33_012": -1,
        "P33_013": -1,
        "P33_014": 4,
        "P33_015": "‐",
        "P33_016": "‐",
        "P33_017": "‐",
        "P33_018": -1,
        "P33_019": 2229,
        "P33_020": -1,
        "P33_021": -1,
        "P33_022": -1,
        "P33_023": -1,
        "P33_024": -1,
        "P33_041": 1
      },
      "geometry": {
        "type": "Point",
        "coordinates": [
          135.15453100298168,
          34.669753998975125
        ]
      }
    },
    {
      "type": "Feature",
      "properties": {
        "P33_001": 41,
        "P33_002": "28108",
        "P33_003": "28",
        "P33_004": 2,
        "P33_005": "市立東垂水公民館",
        "P33_006": "655-0886",
        "P33_007": "神戸市垂水区東垂水1-1-1",
        "P33_008": "078-753-5025",
        "P33_009": 19790000,
        "P33_010": "‐",
        "P33_011": "‐",
        "P33_012": -1,
        "P33_013": -1,
        "P33_014": 4,
        "P33_015": "‐",
        "P33_016": "‐",
        "P33_017": "‐",
        "P33_018": -1,
        "P33_019": 1253,
        "P33_020": -1,
        "P33_021": -1,
        "P33_022": -1,
        "P33_023": -1,
        "P33_024": -1,
        "P33_041": 1
      },
      "geometry": {
        "type": "Point",
        "coordinates": [
          135.0684627797879,
          34.63684638987868
        ]
      }
    },
    {
      "type": "Feature",
      "properties": {
        "P33_001": 39,
        "P33_002": "28107",
        "P33_003": "28",
        "P33_004": 2,
        "P33_005": "市立南須磨公民館",
        "P33_006": "654-0038",
        "P33_007": "神戸市須磨区青葉町2-2-3",
        "P33_008": "078-735-2770",
        "P33_009": 19780000,
        "P33_010": "‐",
        "P33_011": "‐",
        "P33_012": -1,
        "P33_013": -1,
        "P33_014": 4,
        "P33_015": "‐",
        "P33_016": "‐",
        "P33_017": "‐",
        "P33_018": -1,
        "P33_019": 710,
        "P33_020": -1,
        "P33_021": -1,
        "P33_022": -1,
        "P33_023": -1,
        "P33_024": -1,
        "P33_041": 1
      },
      "geometry": {
        "type": "Point",
        "coordinates": [
          135.1333059980245,
          34.64880800001563
        ]
      }
    },
    {
      "type": "Feature",
      "properties": {
        "P33_001": 44,
        "P33_002": "28110",
        "P33_003": "28",
        "P33_004": 2,
        "P33_005": "市立葺合公民館",
        "P33_006": "651-0081",
        "P33_007": "神戸市中央区真砂通2-1-1",
        "P33_008": "078-232-4026",
        "P33_009": 19770000,
        "P33_010": "‐",
        "P33_011": "‐",
        "P33_012": -1,
        "P33_013": -1,
        "P33_014": 4,
        "P33_015": "‐",
        "P33_016": "‐",
        "P33_017": "‐",
        "P33_018": -1,
        "P33_019": 1503,
        "P33_020": -1,
        "P33_021": -1,
        "P33_022": -1,
        "P33_023": -1,
        "P33_024": -1,
        "P33_041": 1
      },
      "geometry": {
        "type": "Point",
        "coordinates": [
          135.20448027519453,
          34.69501694569074
        ]
      }
    },
    {
      "type": "Feature",
      "properties": {
        "P33_001": 133,
        "P33_002": "28201",
        "P33_003": "28",
        "P33_004": 2,
        "P33_005": "市立旭陽公民館",
        "P33_006": "671-1223",
        "P33_007": "姫路市網干区坂上430-2",
        "P33_008": "079-273-9849",
        "P33_009": 19880000,
        "P33_010": "‐",
        "P33_011": "‐",
        "P33_012": -1,
        "P33_013": -1,
        "P33_014": 2,
        "P33_015": "‐",
        "P33_016": "‐",
        "P33_017": "‐",
        "P33_018": -1,
        "P33_019": 349,
        "P33_020": -1,
        "P33_021": -1,
        "P33_022": -1,
        "P33_023": -1,
        "P33_024": -1,
        "P33_041": 1
      },
      "geometry": {
        "type": "Point",
        "coordinates": [
          134.58699600341976,
          34.8015980011948
        ]
      }
    },
    {
      "type": "Feature",
      "properties": {
        "P33_001": 66,
        "P33_002": "28201",
        "P33_003": "28",
        "P33_004": 2,
        "P33_005": "市立安室公民館",
        "P33_006": "670-0073",
        "P33_007": "姫路市御立中3-3-7",
        "P33_008": "079-295-8464",
        "P33_009": 19970000,
        "P33_010": "‐",
        "P33_011": "‐",
        "P33_012": -1,
        "P33_013": -1,
        "P33_014": 2,
        "P33_015": "‐",
        "P33_016": "‐",
        "P33_017": "‐",
        "P33_018": -1,
        "P33_019": 368,
        "P33_020": -1,
        "P33_021": -1,
        "P33_022": -1,
        "P33_023": -1,
        "P33_024": -1,
        "P33_041": 1
      },
      "geometry": {
        "type": "Point",
        "coordinates": [
          134.66813988612896,
          34.863895472780825
        ]
      }
    },
    {
      "type": "Feature",
      "properties": {
        "P33_001": 67,
        "P33_002": "28201",
        "P33_003": "28",
        "P33_004": 2,
        "P33_005": "市立安室東公民館",
        "P33_006": "670-0081",
        "P33_007": "姫路市田寺東2-6-2",
        "P33_008": "079-297-0602",
        "P33_009": 19910000,
        "P33_010": "‐",
        "P33_011": "‐",
        "P33_012": -1,
        "P33_013": -1,
        "P33_014": 2,
        "P33_015": "‐",
        "P33_016": "‐",
        "P33_017": "‐",
        "P33_018": -1,
        "P33_019": 749,
        "P33_020": -1,
        "P33_021": -1,
        "P33_022": -1,
        "P33_023": -1,
        "P33_024": -1,
        "P33_041": 1
      },
      "geometry": {
        "type": "Point",
        "coordinates": [
          134.6725036085784,
          34.855860277682844
        ]
      }
    },
    {
      "type": "Feature",
      "properties": {
        "P33_001": 68,
        "P33_002": "28201",
        "P33_003": "28",
        "P33_004": 2,
        "P33_005": "市立安富公民館",
        "P33_006": "671-2401",
        "P33_007": "姫路市安富町安志1151（事務所ネルパル内）",
        "P33_008": "079-066-2932",
        "P33_009": 20060000,
        "P33_010": "‐",
        "P33_011": "‐",
        "P33_012": -1,
        "P33_013": -1,
        "P33_014": 2,
        "P33_015": "‐",
        "P33_016": "‐",
        "P33_017": "‐",
        "P33_018": -1,
        "P33_019": 321,
        "P33_020": -1,
        "P33_021": -1,
        "P33_022": -1,
        "P33_023": -1,
        "P33_024": -1,
        "P33_041": 1
      },
      "geometry": {
        "type": "Point",
        "coordinates": [
          134.59563203369453,
          34.985726169446366
        ]
      }
    },
    {
      "type": "Feature",
      "properties": {
        "P33_001": 69,
        "P33_002": "28201",
        "P33_003": "28",
        "P33_004": 2,
        "P33_005": "市立伊勢公民館",
        "P33_006": "679-4232",
        "P33_007": "姫路市林田町上伊勢1077-5",
        "P33_008": "079-261-2719",
        "P33_009": 19840000,
        "P33_010": "‐",
        "P33_011": "‐",
        "P33_012": -1,
        "P33_013": -1,
        "P33_014": 2,
        "P33_015": "‐",
        "P33_016": "‐",
        "P33_017": "‐",
        "P33_018": -1,
        "P33_019": 443,
        "P33_020": -1,
        "P33_021": -1,
        "P33_022": -1,
        "P33_023": -1,
        "P33_024": -1,
        "P33_041": 1
      },
      "geometry": {
        "type": "Point",
        "coordinates": [
          134.6089080548212,
          34.90702111020612
        ]
      }
    },
    {
      "type": "Feature",
      "properties": {
        "P33_001": 70,
        "P33_002": "28201",
        "P33_003": "28",
        "P33_004": 2,
        "P33_005": "市立英賀保公民館",
        "P33_006": "672-8084",
        "P33_007": "姫路市飾磨区英賀清水町1-14",
        "P33_008": "079-239-4369",
        "P33_009": 19860000,
        "P33_010": "‐",
        "P33_011": "‐",
        "P33_012": -1,
        "P33_013": -1,
        "P33_014": 2,
        "P33_015": "‐",
        "P33_016": "‐",
        "P33_017": "‐",
        "P33_018": -1,
        "P33_019": 346,
        "P33_020": -1,
        "P33_021": -1,
        "P33_022": -1,
        "P33_023": -1,
        "P33_024": -1,
        "P33_041": 1
      },
      "geometry": {
        "type": "Point",
        "coordinates": [
          134.64494097904014,
          34.80790212726453
        ]
      }
    },
    {
      "type": "Feature",
      "properties": {
        "P33_001": 71,
        "P33_002": "28201",
        "P33_003": "28",
        "P33_004": 2,
        "P33_005": "市立家島公民館",
        "P33_006": "672-0101",
        "P33_007": "姫路市家島町真浦2137-1",
        "P33_008": "079-325-2331",
        "P33_009": 19640000,
        "P33_010": "‐",
        "P33_011": "‐",
        "P33_012": -1,
        "P33_013": -1,
        "P33_014": 2,
        "P33_015": "‐",
        "P33_016": "‐",
        "P33_017": "‐",
        "P33_018": -1,
        "P33_019": 616,
        "P33_020": -1,
        "P33_021": -1,
        "P33_022": -1,
        "P33_023": -1,
        "P33_024": -1,
        "P33_041": 1
      },
      "geometry": {
        "type": "Point",
        "coordinates": [
          134.53199699822395,
          34.67555799943196
        ]
      }
    },
    {
      "type": "Feature",
      "properties": {
        "P33_001": 72,
        "P33_002": "28201",
        "P33_003": "28",
        "P33_004": 2,
        "P33_005": "水上公民館",
        "P33_006": "670-0806",
        "P33_007": "姫路市増位新町2-12",
        "P33_008": "079-224-2830",
        "P33_009": 19910000,
        "P33_010": "‐",
        "P33_011": "‐",
        "P33_012": -1,
        "P33_013": -1,
        "P33_014": 2,
        "P33_015": "‐",
        "P33_016": "‐",
        "P33_017": "‐",
        "P33_018": -1,
        "P33_019": 6184,
        "P33_020": -1,
        "P33_021": -1,
        "P33_022": -1,
        "P33_023": -1,
        "P33_024": -1,
        "P33_041": 1
      },
      "geometry": {
        "type": "Point",
        "coordinates": [
          134.71071845482555,
          34.85647201342133
        ]
      }
    },
    {
      "type": "Feature",
      "properties": {
        "P33_001": 73,
        "P33_002": "28201",
        "P33_003": "28",
        "P33_004": 2,
        "P33_005": "市立花田公民館",
        "P33_006": "671-0255",
        "P33_007": "姫路市花田町小川1074-3",
        "P33_008": "079-252-5798",
        "P33_009": 19570000,
        "P33_010": "‐",
        "P33_011": "‐",
        "P33_012": -1,
        "P33_013": -1,
        "P33_014": 2,
        "P33_015": "‐",
        "P33_016": "‐",
        "P33_017": "‐",
        "P33_018": -1,
        "P33_019": 370,
        "P33_020": -1,
        "P33_021": -1,
        "P33_022": -1,
        "P33_023": -1,
        "P33_024": -1,
        "P33_041": 1
      },
      "geometry": {
        "type": "Point",
        "coordinates": [
          134.72090000208448,
          34.839518612503895
        ]
      }
    },
    {
      "type": "Feature",
      "properties": {
        "P33_001": 74,
        "P33_002": "28201",
        "P33_003": "28",
        "P33_004": 2,
        "P33_005": "市立古知公民館",
        "P33_006": "671-2113",
        "P33_007": "姫路市夢前町古知之庄318",
        "P33_008": "079-336-2880",
        "P33_009": 20080000,
        "P33_010": "‐",
        "P33_011": "‐",
        "P33_012": -1,
        "P33_013": -1,
        "P33_014": 2,
        "P33_015": "‐",
        "P33_016": "‐",
        "P33_017": "‐",
        "P33_018": -1,
        "P33_019": 493,
        "P33_020": -1,
        "P33_021": -1,
        "P33_022": -1,
        "P33_023": -1,
        "P33_024": -1,
        "P33_041": 1
      },
      "geometry": {
        "type": "Point",
        "coordinates": [
          134.6838678101581,
          34.94504228228303
        ]
      }
    },
    {
      "type": "Feature",
      "properties": {
        "P33_001": 75,
        "P33_002": "28201",
        "P33_003": "28",
        "P33_004": 2,
        "P33_005": "市立御国野公民館",
        "P33_006": "671-0232",
        "P33_007": "姫路市御国野町御着1142-8",
        "P33_008": "079-253-1876",
        "P33_009": 19570000,
        "P33_010": "‐",
        "P33_011": "‐",
        "P33_012": -1,
        "P33_013": -1,
        "P33_014": 2,
        "P33_015": "‐",
        "P33_016": "‐",
        "P33_017": "‐",
        "P33_018": -1,
        "P33_019": 405,
        "P33_020": -1,
        "P33_021": -1,
        "P33_022": -1,
        "P33_023": -1,
        "P33_024": -1,
        "P33_041": 1
      },
      "geometry": {
        "type": "Point",
        "coordinates": [
          134.74099599826246,
          34.818822001211565
        ]
      }
    },
    {
      "type": "Feature",
      "properties": {
        "P33_001": 76,
        "P33_002": "28201",
        "P33_003": "28",
        "P33_004": 2,
        "P33_005": "市立広畑公民館",
        "P33_006": "671-1114",
        "P33_007": "姫路市広畑区本町1-53",
        "P33_008": "079-238-6815",
        "P33_009": 20000000,
        "P33_010": "‐",
        "P33_011": "‐",
        "P33_012": -1,
        "P33_013": -1,
        "P33_014": 2,
        "P33_015": "‐",
        "P33_016": "‐",
        "P33_017": "‐",
        "P33_018": -1,
        "P33_019": 370,
        "P33_020": -1,
        "P33_021": -1,
        "P33_022": -1,
        "P33_023": -1,
        "P33_024": -1,
        "P33_041": 1
      },
      "geometry": {
        "type": "Point",
        "coordinates": [
          134.6297359974207,
          34.802347002351574
        ]
      }
    },
    {
      "type": "Feature",
      "properties": {
        "P33_001": 77,
        "P33_002": "28201",
        "P33_003": "28",
        "P33_004": 2,
        "P33_005": "市立広畑第二公民館",
        "P33_006": "671-1153",
        "P33_007": "姫路市広畑区高浜町3-21",
        "P33_008": "079-237-6220",
        "P33_009": 20060000,
        "P33_010": "‐",
        "P33_011": "‐",
        "P33_012": -1,
        "P33_013": -1,
        "P33_014": 2,
        "P33_015": "‐",
        "P33_016": "‐",
        "P33_017": "‐",
        "P33_018": -1,
        "P33_019": 370,
        "P33_020": -1,
        "P33_021": -1,
        "P33_022": -1,
        "P33_023": -1,
        "P33_024": -1,
        "P33_041": 1
      },
      "geometry": {
        "type": "Point",
        "coordinates": [
          134.6221400024473,
          34.79968299951327
        ]
      }
    },
    {
      "type": "Feature",
      "properties": {
        "P33_001": 78,
        "P33_002": "28201",
        "P33_003": "28",
        "P33_004": 2,
        "P33_005": "市立広峰公民館",
        "P33_006": "670-0883",
        "P33_007": "姫路市城北新町1-11-23",
        "P33_008": "079-288-0934",
        "P33_009": 19930000,
        "P33_010": "‐",
        "P33_011": "‐",
        "P33_012": -1,
        "P33_013": -1,
        "P33_014": 2,
        "P33_015": "‐",
        "P33_016": "‐",
        "P33_017": "‐",
        "P33_018": -1,
        "P33_019": 353,
        "P33_020": -1,
        "P33_021": -1,
        "P33_022": -1,
        "P33_023": -1,
        "P33_024": -1,
        "P33_041": 1
      },
      "geometry": {
        "type": "Point",
        "coordinates": [
          134.69793277982407,
          34.85368833302686
        ]
      }
    },
    {
      "type": "Feature",
      "properties": {
        "P33_001": 79,
        "P33_002": "28201",
        "P33_003": "28",
        "P33_004": 2,
        "P33_005": "市立荒川公民館",
        "P33_006": "670-0984",
        "P33_007": "姫路市町坪127-4",
        "P33_008": "079-293-6625",
        "P33_009": 19880000,
        "P33_010": "‐",
        "P33_011": "‐",
        "P33_012": -1,
        "P33_013": -1,
        "P33_014": 2,
        "P33_015": "‐",
        "P33_016": "‐",
        "P33_017": "‐",
        "P33_018": -1,
        "P33_019": 347,
        "P33_020": -1,
        "P33_021": -1,
        "P33_022": -1,
        "P33_023": -1,
        "P33_024": -1,
        "P33_041": 1
      },
      "geometry": {
        "type": "Point",
        "coordinates": [
          134.6582159991617,
          34.820829000483066
        ]
      }
    },
    {
      "type": "Feature",
      "properties": {
        "P33_001": 80,
        "P33_002": "28201",
        "P33_003": "28",
        "P33_004": 2,
        "P33_005": "市立香寺公民館",
        "P33_006": "679-2163",
        "P33_007": "姫路市香寺町土師396",
        "P33_008": "079-232-023",
        "P33_009": 20050000,
        "P33_010": "‐",
        "P33_011": "‐",
        "P33_012": -1,
        "P33_013": -1,
        "P33_014": 2,
        "P33_015": "‐",
        "P33_016": "‐",
        "P33_017": "‐",
        "P33_018": -1,
        "P33_019": 2001,
        "P33_020": -1,
        "P33_021": -1,
        "P33_022": -1,
        "P33_023": -1,
        "P33_024": -1,
        "P33_041": 1
      },
      "geometry": {
        "type": "Point",
        "coordinates": [
          134.72877299847983,
          34.926729000490376
        ]
      }
    },
    {
      "type": "Feature",
      "properties": {
        "P33_001": 81,
        "P33_002": "28201",
        "P33_003": "28",
        "P33_004": 2,
        "P33_005": "市立香寺北公民館",
        "P33_006": "679-2164",
        "P33_007": "姫路市香寺町中寺121-1",
        "P33_008": "079-232-6137",
        "P33_009": 20060000,
        "P33_010": "‐",
        "P33_011": "‐",
        "P33_012": -1,
        "P33_013": -1,
        "P33_014": 2,
        "P33_015": "‐",
        "P33_016": "‐",
        "P33_017": "‐",
        "P33_018": -1,
        "P33_019": 516,
        "P33_020": -1,
        "P33_021": -1,
        "P33_022": -1,
        "P33_023": -1,
        "P33_024": -1,
        "P33_041": 1
      },
      "geometry": {
        "type": "Point",
        "coordinates": [
          134.73168916732712,
          34.930843890299364
        ]
      }
    },
    {
      "type": "Feature",
      "properties": {
        "P33_001": 82,
        "P33_002": "28201",
        "P33_003": "28",
        "P33_004": 2,
        "P33_005": "市立高岡西公民館",
        "P33_006": "670-0065",
        "P33_007": "姫路市上手野41-4",
        "P33_008": "079-291-0303",
        "P33_009": 19950000,
        "P33_010": "‐",
        "P33_011": "‐",
        "P33_012": -1,
        "P33_013": -1,
        "P33_014": 2,
        "P33_015": "‐",
        "P33_016": "‐",
        "P33_017": "‐",
        "P33_018": -1,
        "P33_019": 357,
        "P33_020": -1,
        "P33_021": -1,
        "P33_022": -1,
        "P33_023": -1,
        "P33_024": -1,
        "P33_041": 1
      },
      "geometry": {
        "type": "Point",
        "coordinates": [
          134.65625400099637,
          34.84919799878434
        ]
      }
    },
    {
      "type": "Feature",
      "properties": {
        "P33_001": 83,
        "P33_002": "28201",
        "P33_003": "28",
        "P33_004": 2,
        "P33_005": "市立高浜公民館",
        "P33_006": "672-8038",
        "P33_007": "姫路市飾磨区阿成鹿古312",
        "P33_008": "079-235-9456",
        "P33_009": 19910000,
        "P33_010": "‐",
        "P33_011": "‐",
        "P33_012": -1,
        "P33_013": -1,
        "P33_014": 2,
        "P33_015": "‐",
        "P33_016": "‐",
        "P33_017": "‐",
        "P33_018": -1,
        "P33_019": 353,
        "P33_020": -1,
        "P33_021": -1,
        "P33_022": -1,
        "P33_023": -1,
        "P33_024": -1,
        "P33_041": 1
      },
      "geometry": {
        "type": "Point",
        "coordinates": [
          134.68707800314414,
          34.80161199823896
        ]
      }
    },
    {
      "type": "Feature",
      "properties": {
        "P33_001": 84,
        "P33_002": "28201",
        "P33_003": "28",
        "P33_004": 2,
        "P33_005": "市立妻鹿公民館",
        "P33_006": "672-8031",
        "P33_007": "姫路市飾磨区妻鹿170-6",
        "P33_008": "079-245-6846",
        "P33_009": 19870000,
        "P33_010": "‐",
        "P33_011": "‐",
        "P33_012": -1,
        "P33_013": -1,
        "P33_014": 2,
        "P33_015": "‐",
        "P33_016": "‐",
        "P33_017": "‐",
        "P33_018": -1,
        "P33_019": 504,
        "P33_020": -1,
        "P33_021": -1,
        "P33_022": -1,
        "P33_023": -1,
        "P33_024": -1,
        "P33_041": 1
      },
      "geometry": {
        "type": "Point",
        "coordinates": [
          134.69437199746565,
          34.79197999973906
        ]
      }
    },
    {
      "type": "Feature",
      "properties": {
        "P33_001": 85,
        "P33_002": "28201",
        "P33_003": "28",
        "P33_004": 2,
        "P33_005": "市立山田公民館",
        "P33_006": "679-2112",
        "P33_007": "姫路市山田町北山田109-6",
        "P33_008": "079-263-2001",
        "P33_009": 19580000,
        "P33_010": "‐",
        "P33_011": "‐",
        "P33_012": -1,
        "P33_013": -1,
        "P33_014": 2,
        "P33_015": "‐",
        "P33_016": "‐",
        "P33_017": "‐",
        "P33_018": -1,
        "P33_019": 346,
        "P33_020": -1,
        "P33_021": -1,
        "P33_022": -1,
        "P33_023": -1,
        "P33_024": -1,
        "P33_041": 1
      },
      "geometry": {
        "type": "Point",
        "coordinates": [
          134.7732950033966,
          34.911084000147476
        ]
      }
    },
    {
      "type": "Feature",
      "properties": {
        "P33_001": 86,
        "P33_002": "28201",
        "P33_003": "28",
        "P33_004": 2,
        "P33_005": "市立四郷公民館",
        "P33_006": "671-0246",
        "P33_007": "姫路市四郷町坂元258-1",
        "P33_008": "079-252-1424",
        "P33_009": 19620000,
        "P33_010": "‐",
        "P33_011": "‐",
        "P33_012": -1,
        "P33_013": -1,
        "P33_014": 2,
        "P33_015": "‐",
        "P33_016": "‐",
        "P33_017": "‐",
        "P33_018": -1,
        "P33_019": 354,
        "P33_020": -1,
        "P33_021": -1,
        "P33_022": -1,
        "P33_023": -1,
        "P33_024": -1,
        "P33_041": 1
      },
      "geometry": {
        "type": "Point",
        "coordinates": [
          134.72282499796646,
          34.81101749830313
        ]
      }
    },
    {
      "type": "Feature",
      "properties": {
        "P33_001": 87,
        "P33_002": "28201",
        "P33_003": "28",
        "P33_004": 2,
        "P33_005": "市立糸引公民館",
        "P33_006": "672-8004",
        "P33_007": "姫路市継156-1",
        "P33_008": "079-245-0049",
        "P33_009": 19620000,
        "P33_010": "‐",
        "P33_011": "‐",
        "P33_012": -1,
        "P33_013": -1,
        "P33_014": 2,
        "P33_015": "‐",
        "P33_016": "‐",
        "P33_017": "‐",
        "P33_018": -1,
        "P33_019": 352,
        "P33_020": -1,
        "P33_021": -1,
        "P33_022": -1,
        "P33_023": -1,
        "P33_024": -1,
        "P33_041": 1
      },
      "geometry": {
        "type": "Point",
        "coordinates": [
          134.72112100126776,
          34.792537999750145
        ]
      }
    },
    {
      "type": "Feature",
      "properties": {
        "P33_001": 88,
        "P33_002": "28201",
        "P33_003": "28",
        "P33_004": 2,
        "P33_005": "市立手柄公民館",
        "P33_006": "670-0966",
        "P33_007": "姫路市延末149-1",
        "P33_008": "079-289-1043",
        "P33_009": 19940000,
        "P33_010": "‐",
        "P33_011": "‐",
        "P33_012": -1,
        "P33_013": -1,
        "P33_014": 2,
        "P33_015": "‐",
        "P33_016": "‐",
        "P33_017": "‐",
        "P33_018": -1,
        "P33_019": 966,
        "P33_020": -1,
        "P33_021": -1,
        "P33_022": -1,
        "P33_023": -1,
        "P33_024": -1,
        "P33_041": 1
      },
      "geometry": {
        "type": "Point",
        "coordinates": [
          134.67892944209012,
          34.82140777721701
        ]
      }
    },
    {
      "type": "Feature",
      "properties": {
        "P33_001": 89,
        "P33_002": "28201",
        "P33_003": "28",
        "P33_004": 2,
        "P33_005": "市立勝原公民館",
        "P33_006": "671-1213",
        "P33_007": "姫路市勝原区宮田489-3",
        "P33_008": "079-274-3701",
        "P33_009": 19590000,
        "P33_010": "‐",
        "P33_011": "‐",
        "P33_012": -1,
        "P33_013": -1,
        "P33_014": 2,
        "P33_015": "‐",
        "P33_016": "‐",
        "P33_017": "‐",
        "P33_018": -1,
        "P33_019": 370,
        "P33_020": -1,
        "P33_021": -1,
        "P33_022": -1,
        "P33_023": -1,
        "P33_024": -1,
        "P33_041": 1
      },
      "geometry": {
        "type": "Point",
        "coordinates": [
          134.59607800230185,
          34.81397399797769
        ]
      }
    },
    {
      "type": "Feature",
      "properties": {
        "P33_001": 90,
        "P33_002": "28201",
        "P33_003": "28",
        "P33_004": 2,
        "P33_005": "市立城の西公民館",
        "P33_006": "670-0026",
        "P33_007": "姫路市岡町33",
        "P33_008": "079-295-8961",
        "P33_009": 19930000,
        "P33_010": "‐",
        "P33_011": "‐",
        "P33_012": -1,
        "P33_013": -1,
        "P33_014": 2,
        "P33_015": "‐",
        "P33_016": "‐",
        "P33_017": "‐",
        "P33_018": -1,
        "P33_019": 458,
        "P33_020": -1,
        "P33_021": -1,
        "P33_022": -1,
        "P33_023": -1,
        "P33_024": -1,
        "P33_041": 1
      },
      "geometry": {
        "type": "Point",
        "coordinates": [
          134.68471899779465,
          34.84041600138453
        ]
      }
    },
    {
      "type": "Feature",
      "properties": {
        "P33_001": 91,
        "P33_002": "28201",
        "P33_003": "28",
        "P33_004": 2,
        "P33_005": "市立城乾公民館",
        "P33_006": "670-0093",
        "P33_007": "姫路市南新在家6-1",
        "P33_008": "079-297-6625",
        "P33_009": 19910000,
        "P33_010": "‐",
        "P33_011": "‐",
        "P33_012": -1,
        "P33_013": -1,
        "P33_014": 2,
        "P33_015": "‐",
        "P33_016": "‐",
        "P33_017": "‐",
        "P33_018": -1,
        "P33_019": 370,
        "P33_020": -1,
        "P33_021": -1,
        "P33_022": -1,
        "P33_023": -1,
        "P33_024": -1,
        "P33_041": 1
      },
      "geometry": {
        "type": "Point",
        "coordinates": [
          134.685252000925,
          34.844526002202564
        ]
      }
    },
    {
      "type": "Feature",
      "properties": {
        "P33_001": 92,
        "P33_002": "28201",
        "P33_003": "28",
        "P33_004": 2,
        "P33_005": "市立城東公民館",
        "P33_006": "670-0848",
        "P33_007": "姫路市城東町竹之門15",
        "P33_008": "079-289-8198",
        "P33_009": 20000000,
        "P33_010": "‐",
        "P33_011": "‐",
        "P33_012": -1,
        "P33_013": -1,
        "P33_014": 2,
        "P33_015": "‐",
        "P33_016": "‐",
        "P33_017": "‐",
        "P33_018": -1,
        "P33_019": 370,
        "P33_020": -1,
        "P33_021": -1,
        "P33_022": -1,
        "P33_023": -1,
        "P33_024": -1,
        "P33_041": 1
      },
      "geometry": {
        "type": "Point",
        "coordinates": [
          134.70520299774074,
          34.837102000945166
        ]
      }
    },
    {
      "type": "Feature",
      "properties": {
        "P33_001": 93,
        "P33_002": "28201",
        "P33_003": "28",
        "P33_004": 2,
        "P33_005": "市立城南公民館",
        "P33_006": "670-0901",
        "P33_007": "姫路市西二階町68-1",
        "P33_008": "079-222-2168",
        "P33_009": 19990000,
        "P33_010": "‐",
        "P33_011": "‐",
        "P33_012": -1,
        "P33_013": -1,
        "P33_014": 2,
        "P33_015": "‐",
        "P33_016": "‐",
        "P33_017": "‐",
        "P33_018": -1,
        "P33_019": 369,
        "P33_020": -1,
        "P33_021": -1,
        "P33_022": -1,
        "P33_023": -1,
        "P33_024": -1,
        "P33_041": 1
      },
      "geometry": {
        "type": "Point",
        "coordinates": [
          134.68821900259084,
          34.83273600100781
        ]
      }
    },
    {
      "type": "Feature",
      "properties": {
        "P33_001": 94,
        "P33_002": "28201",
        "P33_003": "28",
        "P33_004": 2,
        "P33_005": "市立城北公民館",
        "P33_006": "670-0871",
        "P33_007": "姫路市伊伝居490-2",
        "P33_008": "079-289-1539",
        "P33_009": 19990000,
        "P33_010": "‐",
        "P33_011": "‐",
        "P33_012": -1,
        "P33_013": -1,
        "P33_014": 2,
        "P33_015": "‐",
        "P33_016": "‐",
        "P33_017": "‐",
        "P33_018": -1,
        "P33_019": 370,
        "P33_020": -1,
        "P33_021": -1,
        "P33_022": -1,
        "P33_023": -1,
        "P33_024": -1,
        "P33_041": 1
      },
      "geometry": {
        "type": "Point",
        "coordinates": [
          134.6982230014946,
          34.8507180000685
        ]
      }
    },
    {
      "type": "Feature",
      "properties": {
        "P33_001": 95,
        "P33_002": "28201",
        "P33_003": "28",
        "P33_004": 2,
        "P33_005": "市立城陽公民館",
        "P33_006": "670-0947",
        "P33_007": "姫路市北条1053-1",
        "P33_008": "079-288-0943",
        "P33_009": 19930000,
        "P33_010": "‐",
        "P33_011": "‐",
        "P33_012": -1,
        "P33_013": -1,
        "P33_014": 2,
        "P33_015": "‐",
        "P33_016": "‐",
        "P33_017": "‐",
        "P33_018": -1,
        "P33_019": 374,
        "P33_020": -1,
        "P33_021": -1,
        "P33_022": -1,
        "P33_023": -1,
        "P33_024": -1,
        "P33_041": 1
      },
      "geometry": {
        "type": "Point",
        "coordinates": [
          134.69792100084268,
          34.820915001466595
        ]
      }
    },
    {
      "type": "Feature",
      "properties": {
        "P33_001": 96,
        "P33_002": "28201",
        "P33_003": "28",
        "P33_004": 2,
        "P33_005": "市立飾磨公民館",
        "P33_006": "672-8055",
        "P33_007": "姫路市飾磨区宮16",
        "P33_008": "079-233-8488",
        "P33_009": 20000000,
        "P33_010": "‐",
        "P33_011": "‐",
        "P33_012": -1,
        "P33_013": -1,
        "P33_014": 2,
        "P33_015": "‐",
        "P33_016": "‐",
        "P33_017": "‐",
        "P33_018": -1,
        "P33_019": 370,
        "P33_020": -1,
        "P33_021": -1,
        "P33_022": -1,
        "P33_023": -1,
        "P33_024": -1,
        "P33_041": 1
      },
      "geometry": {
        "type": "Point",
        "coordinates": [
          134.66952400145453,
          34.79601000064621
        ]
      }
    },
    {
      "type": "Feature",
      "properties": {
        "P33_001": 97,
        "P33_002": "28201",
        "P33_003": "28",
        "P33_004": 2,
        "P33_005": "市立菅野公民館",
        "P33_006": "671-2134",
        "P33_007": "姫路市夢前町菅生澗1384-1（フレンデ内）",
        "P33_008": "079-335-4154",
        "P33_009": 20060000,
        "P33_010": "‐",
        "P33_011": "‐",
        "P33_012": -1,
        "P33_013": -1,
        "P33_014": 2,
        "P33_015": "‐",
        "P33_016": "‐",
        "P33_017": "‐",
        "P33_018": -1,
        "P33_019": 990,
        "P33_020": -1,
        "P33_021": -1,
        "P33_022": -1,
        "P33_023": -1,
        "P33_024": -1,
        "P33_041": 1
      },
      "geometry": {
        "type": "Point",
        "coordinates": [
          134.63573999904673,
          34.92335799953762
        ]
      }
    },
    {
      "type": "Feature",
      "properties": {
        "P33_001": 98,
        "P33_002": "28201",
        "P33_003": "28",
        "P33_004": 2,
        "P33_005": "市立青山公民館",
        "P33_006": "671-2222",
        "P33_007": "姫路市青山5-2-1",
        "P33_008": "079-266-7704",
        "P33_009": 19910000,
        "P33_010": "‐",
        "P33_011": "‐",
        "P33_012": -1,
        "P33_013": -1,
        "P33_014": 2,
        "P33_015": "‐",
        "P33_016": "‐",
        "P33_017": "‐",
        "P33_018": -1,
        "P33_019": 901,
        "P33_020": -1,
        "P33_021": -1,
        "P33_022": -1,
        "P33_023": -1,
        "P33_024": -1,
        "P33_041": 1
      },
      "geometry": {
        "type": "Point",
        "coordinates": [
          134.63970078259672,
          34.84535260343665
        ]
      }
    },
    {
      "type": "Feature",
      "properties": {
        "P33_001": 99,
        "P33_002": "28201",
        "P33_003": "28",
        "P33_004": 2,
        "P33_005": "市立船場公民館",
        "P33_006": "670-0046",
        "P33_007": "姫路市東雲町1-29",
        "P33_008": "079-291-2615",
        "P33_009": 19960000,
        "P33_010": "‐",
        "P33_011": "‐",
        "P33_012": -1,
        "P33_013": -1,
        "P33_014": 2,
        "P33_015": "‐",
        "P33_016": "‐",
        "P33_017": "‐",
        "P33_018": -1,
        "P33_019": 362,
        "P33_020": -1,
        "P33_021": -1,
        "P33_022": -1,
        "P33_023": -1,
        "P33_024": -1,
        "P33_041": 1
      },
      "geometry": {
        "type": "Point",
        "coordinates": [
          134.68293299974823,
          34.832835999035495
        ]
      }
    },
    {
      "type": "Feature",
      "properties": {
        "P33_001": 100,
        "P33_002": "28201",
        "P33_003": "28",
        "P33_004": 2,
        "P33_005": "市立船津公民館",
        "P33_006": "679-2101",
        "P33_007": "姫路市船津町3288",
        "P33_008": "079-232-8116",
        "P33_009": 19580000,
        "P33_010": "‐",
        "P33_011": "‐",
        "P33_012": -1,
        "P33_013": -1,
        "P33_014": 2,
        "P33_015": "‐",
        "P33_016": "‐",
        "P33_017": "‐",
        "P33_018": -1,
        "P33_019": 1210,
        "P33_020": -1,
        "P33_021": -1,
        "P33_022": -1,
        "P33_023": -1,
        "P33_024": -1,
        "P33_041": 1
      },
      "geometry": {
        "type": "Point",
        "coordinates": [
          134.74904600141178,
          34.92176300047707
        ]
      }
    },
    {
      "type": "Feature",
      "properties": {
        "P33_001": 101,
        "P33_002": "28201",
        "P33_003": "28",
        "P33_004": 2,
        "P33_005": "市立曽左公民館",
        "P33_006": "671-2201",
        "P33_007": "姫路市書写2961-1",
        "P33_008": "079-266-8736",
        "P33_009": 19620000,
        "P33_010": "‐",
        "P33_011": "‐",
        "P33_012": -1,
        "P33_013": -1,
        "P33_014": 2,
        "P33_015": "‐",
        "P33_016": "‐",
        "P33_017": "‐",
        "P33_018": -1,
        "P33_019": 351,
        "P33_020": -1,
        "P33_021": -1,
        "P33_022": -1,
        "P33_023": -1,
        "P33_024": -1,
        "P33_041": 1
      },
      "geometry": {
        "type": "Point",
        "coordinates": [
          134.6485649508314,
          34.874925185264146
        ]
      }
    },
    {
      "type": "Feature",
      "properties": {
        "P33_001": 102,
        "P33_002": "28201",
        "P33_003": "28",
        "P33_004": 2,
        "P33_005": "市立太市公民館",
        "P33_006": "671-2234",
        "P33_007": "姫路市西脇439-8",
        "P33_008": "079-269-1374",
        "P33_009": 19540000,
        "P33_010": "‐",
        "P33_011": "‐",
        "P33_012": -1,
        "P33_013": -1,
        "P33_014": 2,
        "P33_015": "‐",
        "P33_016": "‐",
        "P33_017": "‐",
        "P33_018": -1,
        "P33_019": 346,
        "P33_020": -1,
        "P33_021": -1,
        "P33_022": -1,
        "P33_023": -1,
        "P33_024": -1,
        "P33_041": 1
      },
      "geometry": {
        "type": "Point",
        "coordinates": [
          134.6046229985371,
          34.86346500040183
        ]
      }
    },
    {
      "type": "Feature",
      "properties": {
        "P33_001": 103,
        "P33_002": "28201",
        "P33_003": "28",
        "P33_004": 2,
        "P33_005": "市立大塩公民館",
        "P33_006": "671-0102",
        "P33_007": "姫路市大塩町汐咲1-39",
        "P33_008": "079-254-3178",
        "P33_009": 19590000,
        "P33_010": "‐",
        "P33_011": "‐",
        "P33_012": -1,
        "P33_013": -1,
        "P33_014": 2,
        "P33_015": "‐",
        "P33_016": "‐",
        "P33_017": "‐",
        "P33_018": -1,
        "P33_019": 395,
        "P33_020": -1,
        "P33_021": -1,
        "P33_022": -1,
        "P33_023": -1,
        "P33_024": -1,
        "P33_041": 1
      },
      "geometry": {
        "type": "Point",
        "coordinates": [
          134.75706999757008,
          34.77927099776301
        ]
      }
    },
    {
      "type": "Feature",
      "properties": {
        "P33_001": 104,
        "P33_002": "28201",
        "P33_003": "28",
        "P33_004": 2,
        "P33_005": "市立大津公民館",
        "P33_006": "671-1143",
        "P33_007": "姫路市大津区天満883-1",
        "P33_008": "079-236-1217",
        "P33_009": 19620000,
        "P33_010": "‐",
        "P33_011": "‐",
        "P33_012": -1,
        "P33_013": -1,
        "P33_014": 2,
        "P33_015": "‐",
        "P33_016": "‐",
        "P33_017": "‐",
        "P33_018": -1,
        "P33_019": 360,
        "P33_020": -1,
        "P33_021": -1,
        "P33_022": -1,
        "P33_023": -1,
        "P33_024": -1,
        "P33_041": 1
      },
      "geometry": {
        "type": "Point",
        "coordinates": [
          134.60781900067118,
          34.796008998730585
        ]
      }
    },
    {
      "type": "Feature",
      "properties": {
        "P33_001": 105,
        "P33_002": "28201",
        "P33_003": "28",
        "P33_004": 2,
        "P33_005": "市立大津茂公民館",
        "P33_006": "671-1212",
        "P33_007": "姫路市勝原区勝原町16-2",
        "P33_008": "079-236-6288",
        "P33_009": 19950000,
        "P33_010": "‐",
        "P33_011": "‐",
        "P33_012": -1,
        "P33_013": -1,
        "P33_014": 2,
        "P33_015": "‐",
        "P33_016": "‐",
        "P33_017": "‐",
        "P33_018": -1,
        "P33_019": 365,
        "P33_020": -1,
        "P33_021": -1,
        "P33_022": -1,
        "P33_023": -1,
        "P33_024": -1,
        "P33_041": 1
      },
      "geometry": {
        "type": "Point",
        "coordinates": [
          134.60048400229783,
          34.80711099950079
        ]
      }
    },
    {
      "type": "Feature",
      "properties": {
        "P33_001": 106,
        "P33_002": "28201",
        "P33_003": "28",
        "P33_004": 2,
        "P33_005": "市立谷外公民館",
        "P33_006": "671-0219",
        "P33_007": "姫路市飾東町豊国63-1",
        "P33_008": "079-252-3257",
        "P33_009": 19580000,
        "P33_010": "‐",
        "P33_011": "‐",
        "P33_012": -1,
        "P33_013": -1,
        "P33_014": 2,
        "P33_015": "‐",
        "P33_016": "‐",
        "P33_017": "‐",
        "P33_018": -1,
        "P33_019": 353,
        "P33_020": -1,
        "P33_021": -1,
        "P33_022": -1,
        "P33_023": -1,
        "P33_024": -1,
        "P33_041": 1
      },
      "geometry": {
        "type": "Point",
        "coordinates": [
          134.74134901189132,
          34.84161994667227
        ]
      }
    },
    {
      "type": "Feature",
      "properties": {
        "P33_001": 107,
        "P33_002": "28201",
        "P33_003": "28",
        "P33_004": 2,
        "P33_005": "市立谷内公民館",
        "P33_006": "671-0208",
        "P33_007": "姫路市飾東町八重畑1032-2",
        "P33_008": "079-262-0261",
        "P33_009": 19890000,
        "P33_010": "‐",
        "P33_011": "‐",
        "P33_012": -1,
        "P33_013": -1,
        "P33_014": 2,
        "P33_015": "‐",
        "P33_016": "‐",
        "P33_017": "‐",
        "P33_018": -1,
        "P33_019": 351,
        "P33_020": -1,
        "P33_021": -1,
        "P33_022": -1,
        "P33_023": -1,
        "P33_024": -1,
        "P33_041": 1
      },
      "geometry": {
        "type": "Point",
        "coordinates": [
          134.77505612607197,
          34.85742208847436
        ]
      }
    },
    {
      "type": "Feature",
      "properties": {
        "P33_001": 108,
        "P33_002": "28201",
        "P33_003": "28",
        "P33_004": 2,
        "P33_005": "市立置塩公民館",
        "P33_006": "671-2121",
        "P33_007": "姫路市夢前町宮置292-2",
        "P33_008": "079-335-3882",
        "P33_009": 20060000,
        "P33_010": "‐",
        "P33_011": "‐",
        "P33_012": -1,
        "P33_013": -1,
        "P33_014": 2,
        "P33_015": "‐",
        "P33_016": "‐",
        "P33_017": "‐",
        "P33_018": -1,
        "P33_019": 1058,
        "P33_020": -1,
        "P33_021": -1,
        "P33_022": -1,
        "P33_023": -1,
        "P33_024": -1,
        "P33_041": 1
      },
      "geometry": {
        "type": "Point",
        "coordinates": [
          134.67512534905654,
          34.91140317950049
        ]
      }
    },
    {
      "type": "Feature",
      "properties": {
        "P33_001": 109,
        "P33_002": "28201",
        "P33_003": "28",
        "P33_004": 2,
        "P33_005": "市立津田公民館",
        "P33_006": "672-8074",
        "P33_007": "姫路市飾磨区加茂373-1",
        "P33_008": "079-234-2132",
        "P33_009": 19900000,
        "P33_010": "‐",
        "P33_011": "‐",
        "P33_012": -1,
        "P33_013": -1,
        "P33_014": 2,
        "P33_015": "‐",
        "P33_016": "‐",
        "P33_017": "‐",
        "P33_018": -1,
        "P33_019": 350,
        "P33_020": -1,
        "P33_021": -1,
        "P33_022": -1,
        "P33_023": -1,
        "P33_024": -1,
        "P33_041": 1
      },
      "geometry": {
        "type": "Point",
        "coordinates": [
          134.65892500241102,
          34.80403100069888
        ]
      }
    },
    {
      "type": "Feature",
      "properties": {
        "P33_001": 110,
        "P33_002": "28201",
        "P33_003": "28",
        "P33_004": 2,
        "P33_005": "市立的形公民館",
        "P33_006": "671-0111",
        "P33_007": "姫路市的形町的形1358-4",
        "P33_008": "079-254-3293",
        "P33_009": 19580000,
        "P33_010": "‐",
        "P33_011": "‐",
        "P33_012": -1,
        "P33_013": -1,
        "P33_014": 2,
        "P33_015": "‐",
        "P33_016": "‐",
        "P33_017": "‐",
        "P33_018": -1,
        "P33_019": 399,
        "P33_020": -1,
        "P33_021": -1,
        "P33_022": -1,
        "P33_023": -1,
        "P33_024": -1,
        "P33_041": 1
      },
      "geometry": {
        "type": "Point",
        "coordinates": [
          134.7397449974747,
          34.777506998016094
        ]
      }
    },
    {
      "type": "Feature",
      "properties": {
        "P33_001": 111,
        "P33_002": "28201",
        "P33_003": "28",
        "P33_004": 2,
        "P33_005": "市立砥堀公民館",
        "P33_006": "670-0802",
        "P33_007": "姫路市砥堀1152-1",
        "P33_008": "079-264-6423",
        "P33_009": 19920000,
        "P33_010": "‐",
        "P33_011": "‐",
        "P33_012": -1,
        "P33_013": -1,
        "P33_014": 2,
        "P33_015": "‐",
        "P33_016": "‐",
        "P33_017": "‐",
        "P33_018": -1,
        "P33_019": 352,
        "P33_020": -1,
        "P33_021": -1,
        "P33_022": -1,
        "P33_023": -1,
        "P33_024": -1,
        "P33_041": 1
      },
      "geometry": {
        "type": "Point",
        "coordinates": [
          134.72993800290735,
          34.87152399881178
        ]
      }
    },
    {
      "type": "Feature",
      "properties": {
        "P33_001": 112,
        "P33_002": "28201",
        "P33_003": "28",
        "P33_004": 2,
        "P33_005": "市立東公民館",
        "P33_006": "670-0835",
        "P33_007": "姫路市幸町94",
        "P33_008": "079-288-2870",
        "P33_009": 19870000,
        "P33_010": "‐",
        "P33_011": "‐",
        "P33_012": -1,
        "P33_013": -1,
        "P33_014": 2,
        "P33_015": "‐",
        "P33_016": "‐",
        "P33_017": "‐",
        "P33_018": -1,
        "P33_019": 809,
        "P33_020": -1,
        "P33_021": -1,
        "P33_022": -1,
        "P33_023": -1,
        "P33_024": -1,
        "P33_041": 1
      },
      "geometry": {
        "type": "Point",
        "coordinates": [
          134.70503308584972,
          34.831588003701
        ]
      }
    },
    {
      "type": "Feature",
      "properties": {
        "P33_001": 113,
        "P33_002": "28201",
        "P33_003": "28",
        "P33_004": 2,
        "P33_005": "市立南大津公民館",
        "P33_006": "671-1132",
        "P33_007": "姫路市大津区勘兵衛町1-18-2",
        "P33_008": "079-239-9515",
        "P33_009": 19950000,
        "P33_010": "‐",
        "P33_011": "‐",
        "P33_012": -1,
        "P33_013": -1,
        "P33_014": 2,
        "P33_015": "‐",
        "P33_016": "‐",
        "P33_017": "‐",
        "P33_018": -1,
        "P33_019": 355,
        "P33_020": -1,
        "P33_021": -1,
        "P33_022": -1,
        "P33_023": -1,
        "P33_024": -1,
        "P33_041": 1
      },
      "geometry": {
        "type": "Point",
        "coordinates": [
          134.6146160010225,
          34.79139300074656
        ]
      }
    },
    {
      "type": "Feature",
      "properties": {
        "P33_001": 114,
        "P33_002": "28201",
        "P33_003": "28",
        "P33_004": 2,
        "P33_005": "市立白鳥公民館",
        "P33_006": "671-2216",
        "P33_007": "姫路市飾西85-1",
        "P33_008": "079-267-3750",
        "P33_009": 20010000,
        "P33_010": "‐",
        "P33_011": "‐",
        "P33_012": -1,
        "P33_013": -1,
        "P33_014": 2,
        "P33_015": "‐",
        "P33_016": "‐",
        "P33_017": "‐",
        "P33_018": -1,
        "P33_019": 370,
        "P33_020": -1,
        "P33_021": -1,
        "P33_022": -1,
        "P33_023": -1,
        "P33_024": -1,
        "P33_041": 1
      },
      "geometry": {
        "type": "Point",
        "coordinates": [
          134.63790599957633,
          34.86325399816187
        ]
      }
    },
    {
      "type": "Feature",
      "properties": {
        "P33_001": 115,
        "P33_002": "28201",
        "P33_003": "28",
        "P33_004": 2,
        "P33_005": "市立白浜公民館",
        "P33_006": "672-8023",
        "P33_007": "姫路市白浜町甲350-7",
        "P33_008": "079-246-4499",
        "P33_009": 20010000,
        "P33_010": "‐",
        "P33_011": "‐",
        "P33_012": -1,
        "P33_013": -1,
        "P33_014": 2,
        "P33_015": "‐",
        "P33_016": "‐",
        "P33_017": "‐",
        "P33_018": -1,
        "P33_019": 370,
        "P33_020": -1,
        "P33_021": -1,
        "P33_022": -1,
        "P33_023": -1,
        "P33_024": -1,
        "P33_041": 1
      },
      "geometry": {
        "type": "Point",
        "coordinates": [
          134.70728649360507,
          34.78563562435153
        ]
      }
    },
    {
      "type": "Feature",
      "properties": {
        "P33_001": 116,
        "P33_002": "28201",
        "P33_003": "28",
        "P33_004": 2,
        "P33_005": "市立八幡公民館",
        "P33_006": "671-1102",
        "P33_007": "姫路市広畑区蒲田3-161",
        "P33_008": "079-239-1796",
        "P33_009": 19880000,
        "P33_010": "‐",
        "P33_011": "‐",
        "P33_012": -1,
        "P33_013": -1,
        "P33_014": 2,
        "P33_015": "‐",
        "P33_016": "‐",
        "P33_017": "‐",
        "P33_018": -1,
        "P33_019": 351,
        "P33_020": -1,
        "P33_021": -1,
        "P33_022": -1,
        "P33_023": -1,
        "P33_024": -1,
        "P33_041": 1
      },
      "geometry": {
        "type": "Point",
        "coordinates": [
          134.6427809980531,
          34.82605599877271
        ]
      }
    },
    {
      "type": "Feature",
      "properties": {
        "P33_001": 117,
        "P33_002": "28201",
        "P33_003": "28",
        "P33_004": 2,
        "P33_005": "市立八木公民館",
        "P33_006": "672-8016",
        "P33_007": "姫路市木場1441-32",
        "P33_008": "079-245-0600",
        "P33_009": 19620000,
        "P33_010": "‐",
        "P33_011": "‐",
        "P33_012": -1,
        "P33_013": -1,
        "P33_014": 2,
        "P33_015": "‐",
        "P33_016": "‐",
        "P33_017": "‐",
        "P33_018": -1,
        "P33_019": 348,
        "P33_020": -1,
        "P33_021": -1,
        "P33_022": -1,
        "P33_023": -1,
        "P33_024": -1,
        "P33_041": 1
      },
      "geometry": {
        "type": "Point",
        "coordinates": [
          134.72487232928395,
          34.77847762945987
        ]
      }
    },
    {
      "type": "Feature",
      "properties": {
        "P33_001": 118,
        "P33_002": "28201",
        "P33_003": "28",
        "P33_004": 2,
        "P33_005": "市立別所公民館",
        "P33_006": "671-0221",
        "P33_007": "姫路市別所町別所1717-4",
        "P33_008": "079-253-0696",
        "P33_009": 19880000,
        "P33_010": "‐",
        "P33_011": "‐",
        "P33_012": -1,
        "P33_013": -1,
        "P33_014": 2,
        "P33_015": "‐",
        "P33_016": "‐",
        "P33_017": "‐",
        "P33_018": -1,
        "P33_019": 355,
        "P33_020": -1,
        "P33_021": -1,
        "P33_022": -1,
        "P33_023": -1,
        "P33_024": -1,
        "P33_041": 1
      },
      "geometry": {
        "type": "Point",
        "coordinates": [
          134.75588099829568,
          34.807291001905554
        ]
      }
    },
    {
      "type": "Feature",
      "properties": {
        "P33_001": 119,
        "P33_002": "28201",
        "P33_003": "28",
        "P33_004": 2,
        "P33_005": "市立峰相公民館",
        "P33_006": "671-2242",
        "P33_007": "姫路市六角278-3",
        "P33_008": "079-267-0052",
        "P33_009": 19880000,
        "P33_010": "‐",
        "P33_011": "‐",
        "P33_012": -1,
        "P33_013": -1,
        "P33_014": 2,
        "P33_015": "‐",
        "P33_016": "‐",
        "P33_017": "‐",
        "P33_018": -1,
        "P33_019": 352,
        "P33_020": -1,
        "P33_021": -1,
        "P33_022": -1,
        "P33_023": -1,
        "P33_024": -1,
        "P33_041": 1
      },
      "geometry": {
        "type": "Point",
        "coordinates": [
          134.63705799849149,
          34.883496001776344
        ]
      }
    },
    {
      "type": "Feature",
      "properties": {
        "P33_001": 120,
        "P33_002": "28201",
        "P33_003": "28",
        "P33_004": 2,
        "P33_005": "市立豊富公民館",
        "P33_006": "679-2122",
        "P33_007": "姫路市豊富町御蔭1118",
        "P33_008": "079-264-1477",
        "P33_009": 19580000,
        "P33_010": "‐",
        "P33_011": "‐",
        "P33_012": -1,
        "P33_013": -1,
        "P33_014": 2,
        "P33_015": "‐",
        "P33_016": "‐",
        "P33_017": "‐",
        "P33_018": -1,
        "P33_019": 349,
        "P33_020": -1,
        "P33_021": -1,
        "P33_022": -1,
        "P33_023": -1,
        "P33_024": -1,
        "P33_041": 1
      },
      "geometry": {
        "type": "Point",
        "coordinates": [
          134.74663000070046,
          34.88242800140295
        ]
      }
    },
    {
      "type": "Feature",
      "properties": {
        "P33_001": 121,
        "P33_002": "28201",
        "P33_003": "28",
        "P33_004": 2,
        "P33_005": "市立夢前公民館",
        "P33_006": "671-2103",
        "P33_007": "姫路市夢前町前之庄2160",
        "P33_008": "079-336-1458",
        "P33_009": 19840000,
        "P33_010": "‐",
        "P33_011": "‐",
        "P33_012": -1,
        "P33_013": -1,
        "P33_014": 2,
        "P33_015": "‐",
        "P33_016": "‐",
        "P33_017": "‐",
        "P33_018": -1,
        "P33_019": 2578,
        "P33_020": -1,
        "P33_021": -1,
        "P33_022": -1,
        "P33_023": -1,
        "P33_024": -1,
        "P33_041": 1
      },
      "geometry": {
        "type": "Point",
        "coordinates": [
          134.68486299727778,
          34.97302099946262
        ]
      }
    },
    {
      "type": "Feature",
      "properties": {
        "P33_001": 122,
        "P33_002": "28201",
        "P33_003": "28",
        "P33_004": 2,
        "P33_005": "市立網干公民館",
        "P33_006": "671-1234",
        "P33_007": "姫路市網干区新在家363-31",
        "P33_008": "079-273-4499",
        "P33_009": 19660000,
        "P33_010": "‐",
        "P33_011": "‐",
        "P33_012": -1,
        "P33_013": -1,
        "P33_014": 2,
        "P33_015": "‐",
        "P33_016": "‐",
        "P33_017": "‐",
        "P33_018": -1,
        "P33_019": 368,
        "P33_020": -1,
        "P33_021": -1,
        "P33_022": -1,
        "P33_023": -1,
        "P33_024": -1,
        "P33_041": 1
      },
      "geometry": {
        "type": "Point",
        "coordinates": [
          134.59197200207353,
          34.78028299953864
        ]
      }
    },
    {
      "type": "Feature",
      "properties": {
        "P33_001": 123,
        "P33_002": "28201",
        "P33_003": "28",
        "P33_004": 2,
        "P33_005": "市立網干西公民館",
        "P33_006": "671-1241",
        "P33_007": "姫路市網干区興浜1209-1",
        "P33_008": "079-272-7513",
        "P33_009": 19960000,
        "P33_010": "‐",
        "P33_011": "‐",
        "P33_012": -1,
        "P33_013": -1,
        "P33_014": 2,
        "P33_015": "‐",
        "P33_016": "‐",
        "P33_017": "‐",
        "P33_018": -1,
        "P33_019": 367,
        "P33_020": -1,
        "P33_021": -1,
        "P33_022": -1,
        "P33_023": -1,
        "P33_024": -1,
        "P33_041": 1
      },
      "geometry": {
        "type": "Point",
        "coordinates": [
          134.58192599811284,
          34.78134600224375
        ]
      }
    },
    {
      "type": "Feature",
      "properties": {
        "P33_001": 124,
        "P33_002": "28201",
        "P33_003": "28",
        "P33_004": 2,
        "P33_005": "市立野里公民館",
        "P33_006": "670-0813",
        "P33_007": "姫路市野里慶雲寺前町9-10",
        "P33_008": "079-282-9766",
        "P33_009": 19980000,
        "P33_010": "‐",
        "P33_011": "‐",
        "P33_012": -1,
        "P33_013": -1,
        "P33_014": 2,
        "P33_015": "‐",
        "P33_016": "‐",
        "P33_017": "‐",
        "P33_018": -1,
        "P33_019": 375,
        "P33_020": -1,
        "P33_021": -1,
        "P33_022": -1,
        "P33_023": -1,
        "P33_024": -1,
        "P33_041": 1
      },
      "geometry": {
        "type": "Point",
        "coordinates": [
          134.70165600087788,
          34.84502400190831
        ]
      }
    },
    {
      "type": "Feature",
      "properties": {
        "P33_001": 125,
        "P33_002": "28201",
        "P33_003": "28",
        "P33_004": 2,
        "P33_005": "市立余部公民館",
        "P33_006": "671-1262",
        "P33_007": "姫路市余部区上余部675-7",
        "P33_008": "079-272-1638",
        "P33_009": 19660000,
        "P33_010": "‐",
        "P33_011": "‐",
        "P33_012": -1,
        "P33_013": -1,
        "P33_014": 2,
        "P33_015": "‐",
        "P33_016": "‐",
        "P33_017": "‐",
        "P33_018": -1,
        "P33_019": 352,
        "P33_020": -1,
        "P33_021": -1,
        "P33_022": -1,
        "P33_023": -1,
        "P33_024": -1,
        "P33_041": 1
      },
      "geometry": {
        "type": "Point",
        "coordinates": [
          134.57020299869365,
          34.801714997547336
        ]
      }
    },
    {
      "type": "Feature",
      "properties": {
        "P33_001": 126,
        "P33_002": "28201",
        "P33_003": "28",
        "P33_004": 2,
        "P33_005": "市立林田公民館",
        "P33_006": "679-4206",
        "P33_007": "姫路市林田町林田13",
        "P33_008": "079-261-2287",
        "P33_009": 19670000,
        "P33_010": "‐",
        "P33_011": "‐",
        "P33_012": -1,
        "P33_013": -1,
        "P33_014": 2,
        "P33_015": "‐",
        "P33_016": "‐",
        "P33_017": "‐",
        "P33_018": -1,
        "P33_019": 458,
        "P33_020": -1,
        "P33_021": -1,
        "P33_022": -1,
        "P33_023": -1,
        "P33_024": -1,
        "P33_041": 1
      },
      "geometry": {
        "type": "Point",
        "coordinates": [
          134.5810099996179,
          34.9043300020516
        ]
      }
    },
    {
      "type": "Feature",
      "properties": {
        "P33_001": 140,
        "P33_002": "28202",
        "P33_003": "28",
        "P33_004": 2,
        "P33_005": "市立園田公民館",
        "P33_006": "661-0982",
        "P33_007": "尼崎市食満2-1-1",
        "P33_008": "06-6491-5496",
        "P33_009": 19620000,
        "P33_010": "‐",
        "P33_011": "‐",
        "P33_012": -1,
        "P33_013": -1,
        "P33_014": 2,
        "P33_015": "‐",
        "P33_016": "‐",
        "P33_017": "‐",
        "P33_018": -1,
        "P33_019": 1527,
        "P33_020": -1,
        "P33_021": -1,
        "P33_022": -1,
        "P33_023": -1,
        "P33_024": -1,
        "P33_041": 1
      },
      "geometry": {
        "type": "Point",
        "coordinates": [
          135.43433300075156,
          34.75973200097651
        ]
      }
    },
    {
      "type": "Feature",
      "properties": {
        "P33_001": 134,
        "P33_002": "28202",
        "P33_003": "28",
        "P33_004": 2,
        "P33_005": "市立小田公民館",
        "P33_006": "661-0976",
        "P33_007": "尼崎市潮江1-11-1-101",
        "P33_008": "06-6495-3181",
        "P33_009": 19590000,
        "P33_010": "‐",
        "P33_011": "‐",
        "P33_012": -1,
        "P33_013": -1,
        "P33_014": 2,
        "P33_015": "‐",
        "P33_016": "‐",
        "P33_017": "‐",
        "P33_018": -1,
        "P33_019": 1887,
        "P33_020": -1,
        "P33_021": -1,
        "P33_022": -1,
        "P33_023": -1,
        "P33_024": -1,
        "P33_041": 1
      },
      "geometry": {
        "type": "Point",
        "coordinates": [
          135.43368368398018,
          34.733295327224866
        ]
      }
    },
    {
      "type": "Feature",
      "properties": {
        "P33_001": 135,
        "P33_002": "28202",
        "P33_003": "28",
        "P33_004": 2,
        "P33_005": "市立大庄公民館",
        "P33_006": "660-0077",
        "P33_007": "尼崎市大庄西町3-6-14",
        "P33_008": "06-6416-0159",
        "P33_009": 19690000,
        "P33_010": "‐",
        "P33_011": "‐",
        "P33_012": -1,
        "P33_013": -1,
        "P33_014": 2,
        "P33_015": "‐",
        "P33_016": "‐",
        "P33_017": "‐",
        "P33_018": -1,
        "P33_019": 1561,
        "P33_020": -1,
        "P33_021": -1,
        "P33_022": -1,
        "P33_023": -1,
        "P33_024": -1,
        "P33_041": 1
      },
      "geometry": {
        "type": "Point",
        "coordinates": [
          135.39064699949614,
          34.72202299930942
        ]
      }
    },
    {
      "type": "Feature",
      "properties": {
        "P33_001": 136,
        "P33_002": "28202",
        "P33_003": "28",
        "P33_004": 2,
        "P33_005": "市立中央公民館",
        "P33_006": "660-0893",
        "P33_007": "尼崎市西難波町6-14-34",
        "P33_008": "06-6482-1750",
        "P33_009": 19500000,
        "P33_010": "‐",
        "P33_011": "‐",
        "P33_012": -1,
        "P33_013": -1,
        "P33_014": 1,
        "P33_015": "‐",
        "P33_016": "‐",
        "P33_017": "‐",
        "P33_018": -1,
        "P33_019": 2456,
        "P33_020": -1,
        "P33_021": -1,
        "P33_022": -1,
        "P33_023": -1,
        "P33_024": -1,
        "P33_041": 1
      },
      "geometry": {
        "type": "Point",
        "coordinates": [
          135.4083030023679,
          34.73089300152401
        ]
      }
    },
    {
      "type": "Feature",
      "properties": {
        "P33_001": 137,
        "P33_002": "28202",
        "P33_003": "28",
        "P33_004": 2,
        "P33_005": "市立武庫公民館",
        "P33_006": "661-0035",
        "P33_007": "尼崎市武庫之荘8-1-1",
        "P33_008": "06-6432-1177",
        "P33_009": 19680000,
        "P33_010": "‐",
        "P33_011": "‐",
        "P33_012": -1,
        "P33_013": -1,
        "P33_014": 2,
        "P33_015": "‐",
        "P33_016": "‐",
        "P33_017": "‐",
        "P33_018": -1,
        "P33_019": 2154,
        "P33_020": -1,
        "P33_021": -1,
        "P33_022": -1,
        "P33_023": -1,
        "P33_024": -1,
        "P33_041": 1
      },
      "geometry": {
        "type": "Point",
        "coordinates": [
          135.390007001418,
          34.76422200025467
        ]
      }
    },
    {
      "type": "Feature",
      "properties": {
        "P33_001": 138,
        "P33_002": "28202",
        "P33_003": "28",
        "P33_004": 2,
        "P33_005": "市立立花公民館",
        "P33_006": "661-0002",
        "P33_007": "尼崎市塚口町3-39-7",
        "P33_008": "06-6422-6741",
        "P33_009": 19720000,
        "P33_010": "‐",
        "P33_011": "‐",
        "P33_012": -1,
        "P33_013": -1,
        "P33_014": 2,
        "P33_015": "‐",
        "P33_016": "‐",
        "P33_017": "‐",
        "P33_018": -1,
        "P33_019": 1370,
        "P33_020": -1,
        "P33_021": -1,
        "P33_022": -1,
        "P33_023": -1,
        "P33_024": -1,
        "P33_041": 1
      },
      "geometry": {
        "type": "Point",
        "coordinates": [
          135.41130199903958,
          34.75600700075309
        ]
      }
    },
    {
      "type": "Feature",
      "properties": {
        "P33_001": 159,
        "P33_002": "28205",
        "P33_003": "28",
        "P33_004": 2,
        "P33_005": "鮎原公民館",
        "P33_006": "656-1325",
        "P33_007": "洲本市立五色町鮎原南谷59",
        "P33_008": "0799-32-0382",
        "P33_009": 19480000,
        "P33_010": "‐",
        "P33_011": "‐",
        "P33_012": -1,
        "P33_013": -1,
        "P33_014": 2,
        "P33_015": "‐",
        "P33_016": "‐",
        "P33_017": "‐",
        "P33_018": -1,
        "P33_019": 549,
        "P33_020": -1,
        "P33_021": -1,
        "P33_022": -1,
        "P33_023": -1,
        "P33_024": -1,
        "P33_041": 1
      },
      "geometry": {
        "type": "Point",
        "coordinates": [
          134.81764820777457,
          34.39722000107797
        ]
      }
    },
    {
      "type": "Feature",
      "properties": {
        "P33_001": 147,
        "P33_002": "28205",
        "P33_003": "28",
        "P33_004": 2,
        "P33_005": "五色中央公民館",
        "P33_006": "656-1301",
        "P33_007": "洲本市五色町都志170",
        "P33_008": "0799-33-1930",
        "P33_009": 19770000,
        "P33_010": "‐",
        "P33_011": "‐",
        "P33_012": -1,
        "P33_013": -1,
        "P33_014": 1,
        "P33_015": "‐",
        "P33_016": "‐",
        "P33_017": "‐",
        "P33_018": -1,
        "P33_019": 1536,
        "P33_020": -1,
        "P33_021": -1,
        "P33_022": -1,
        "P33_023": -1,
        "P33_024": -1,
        "P33_041": 1
      },
      "geometry": {
        "type": "Point",
        "coordinates": [
          134.78455471986027,
          34.412591112227126
        ]
      }
    },
    {
      "type": "Feature",
      "properties": {
        "P33_001": 148,
        "P33_002": "28205",
        "P33_003": "28",
        "P33_004": 2,
        "P33_005": "堺公民館",
        "P33_006": "656-1337",
        "P33_007": "洲本市五色町下堺692-8",
        "P33_008": "0799-35-0020",
        "P33_009": -1,
        "P33_010": "‐",
        "P33_011": "‐",
        "P33_012": -1,
        "P33_013": -1,
        "P33_014": 2,
        "P33_015": "‐",
        "P33_016": "‐",
        "P33_017": "‐",
        "P33_018": -1,
        "P33_019": 51,
        "P33_020": -1,
        "P33_021": -1,
        "P33_022": -1,
        "P33_023": -1,
        "P33_024": -1,
        "P33_041": 1
      },
      "geometry": {
        "type": "Point",
        "coordinates": [
          134.78700703374906,
          34.36416685368784
        ]
      }
    },
    {
      "type": "Feature",
      "properties": {
        "P33_001": 149,
        "P33_002": "28205",
        "P33_003": "28",
        "P33_004": 2,
        "P33_005": "都志公民館",
        "P33_006": "656-1304",
        "P33_007": "洲本市五色町都志280-1",
        "P33_008": "0799-36-2983",
        "P33_009": -1,
        "P33_010": "‐",
        "P33_011": "‐",
        "P33_012": -1,
        "P33_013": -1,
        "P33_014": 2,
        "P33_015": "‐",
        "P33_016": "‐",
        "P33_017": "‐",
        "P33_018": -1,
        "P33_019": 121,
        "P33_020": -1,
        "P33_021": -1,
        "P33_022": -1,
        "P33_023": -1,
        "P33_024": -1,
        "P33_041": 1
      },
      "geometry": {
        "type": "Point",
        "coordinates": [
          134.78393700062026,
          34.414352000527295
        ]
      }
    },
    {
      "type": "Feature",
      "properties": {
        "P33_001": 150,
        "P33_002": "28205",
        "P33_003": "28",
        "P33_004": 2,
        "P33_005": "鳥飼公民館",
        "P33_006": "656-1343",
        "P33_007": "洲本市五色町鳥飼中315",
        "P33_008": "0799-34-0923",
        "P33_009": -1,
        "P33_010": "‐",
        "P33_011": "‐",
        "P33_012": -1,
        "P33_013": -1,
        "P33_014": 2,
        "P33_015": "‐",
        "P33_016": "‐",
        "P33_017": "‐",
        "P33_018": -1,
        "P33_019": 349,
        "P33_020": -1,
        "P33_021": -1,
        "P33_022": -1,
        "P33_023": -1,
        "P33_024": -1,
        "P33_041": 1
      },
      "geometry": {
        "type": "Point",
        "coordinates": [
          134.7613624966481,
          34.373997222549406
        ]
      }
    },
    {
      "type": "Feature",
      "properties": {
        "P33_001": 151,
        "P33_002": "28205",
        "P33_003": "28",
        "P33_004": 2,
        "P33_005": "広石公民館",
        "P33_006": "656-1335",
        "P33_007": "洲本市五色町広石下965-2",
        "P33_008": "0799-35-0214",
        "P33_009": 19510000,
        "P33_010": "‐",
        "P33_011": "‐",
        "P33_012": -1,
        "P33_013": -1,
        "P33_014": 2,
        "P33_015": "‐",
        "P33_016": "‐",
        "P33_017": "‐",
        "P33_018": -1,
        "P33_019": 91,
        "P33_020": -1,
        "P33_021": -1,
        "P33_022": -1,
        "P33_023": -1,
        "P33_024": -1,
        "P33_041": 1
      },
      "geometry": {
        "type": "Point",
        "coordinates": [
          134.79342875401932,
          34.37604798454269
        ]
      }
    },
    {
      "type": "Feature",
      "properties": {
        "P33_001": 152,
        "P33_002": "28205",
        "P33_003": "28",
        "P33_004": 2,
        "P33_005": "市立安乎公民館",
        "P33_006": "656-2122",
        "P33_007": "洲本市安乎町中田11-2",
        "P33_008": "0799-28-0007",
        "P33_009": 19550000,
        "P33_010": "‐",
        "P33_011": "‐",
        "P33_012": -1,
        "P33_013": -1,
        "P33_014": 2,
        "P33_015": "‐",
        "P33_016": "‐",
        "P33_017": "‐",
        "P33_018": -1,
        "P33_019": 348,
        "P33_020": -1,
        "P33_021": -1,
        "P33_022": -1,
        "P33_023": -1,
        "P33_024": -1,
        "P33_041": 1
      },
      "geometry": {
        "type": "Point",
        "coordinates": [
          134.8773949993489,
          34.391498001385806
        ]
      }
    },
    {
      "type": "Feature",
      "properties": {
        "P33_001": 153,
        "P33_002": "28205",
        "P33_003": "28",
        "P33_004": 2,
        "P33_005": "市立大野公民館",
        "P33_006": "656-0055",
        "P33_007": "洲本市大野1404",
        "P33_008": "0799-24-3602",
        "P33_009": 19550000,
        "P33_010": "‐",
        "P33_011": "‐",
        "P33_012": -1,
        "P33_013": -1,
        "P33_014": 2,
        "P33_015": "‐",
        "P33_016": "‐",
        "P33_017": "‐",
        "P33_018": -1,
        "P33_019": 522,
        "P33_020": -1,
        "P33_021": -1,
        "P33_022": -1,
        "P33_023": -1,
        "P33_024": -1,
        "P33_041": 1
      },
      "geometry": {
        "type": "Point",
        "coordinates": [
          134.85260860962865,
          34.3301388900325
        ]
      }
    },
    {
      "type": "Feature",
      "properties": {
        "P33_001": 154,
        "P33_002": "28205",
        "P33_003": "28",
        "P33_004": 2,
        "P33_005": "市立加茂公民館",
        "P33_006": "656-0016",
        "P33_007": "洲本市下内膳470",
        "P33_008": "0799-24-4783",
        "P33_009": 19550000,
        "P33_010": "‐",
        "P33_011": "‐",
        "P33_012": -1,
        "P33_013": -1,
        "P33_014": 2,
        "P33_015": "‐",
        "P33_016": "‐",
        "P33_017": "‐",
        "P33_018": -1,
        "P33_019": 354,
        "P33_020": -1,
        "P33_021": -1,
        "P33_022": -1,
        "P33_023": -1,
        "P33_024": -1,
        "P33_041": 1
      },
      "geometry": {
        "type": "Point",
        "coordinates": [
          134.85757694254252,
          34.34783277805698
        ]
      }
    },
    {
      "type": "Feature",
      "properties": {
        "P33_001": 155,
        "P33_002": "28205",
        "P33_003": "28",
        "P33_004": 2,
        "P33_005": "市立洲本中央公民館",
        "P33_006": "656-0024",
        "P33_007": "洲本市山手3-3-2",
        "P33_008": "0799-22-1280",
        "P33_009": 19510000,
        "P33_010": "‐",
        "P33_011": "‐",
        "P33_012": -1,
        "P33_013": -1,
        "P33_014": 1,
        "P33_015": "‐",
        "P33_016": "‐",
        "P33_017": "‐",
        "P33_018": -1,
        "P33_019": 1006,
        "P33_020": -1,
        "P33_021": -1,
        "P33_022": -1,
        "P33_023": -1,
        "P33_024": -1,
        "P33_041": 1
      },
      "geometry": {
        "type": "Point",
        "coordinates": [
          134.89374199831,
          34.339660000441114
        ]
      }
    },
    {
      "type": "Feature",
      "properties": {
        "P33_001": 156,
        "P33_002": "28205",
        "P33_003": "28",
        "P33_004": 2,
        "P33_005": "市立千草公民館",
        "P33_006": "656-0031",
        "P33_007": "洲本市千草甲221-7",
        "P33_008": "0799-23-0516",
        "P33_009": 19840000,
        "P33_010": "‐",
        "P33_011": "‐",
        "P33_012": -1,
        "P33_013": -1,
        "P33_014": 2,
        "P33_015": "‐",
        "P33_016": "‐",
        "P33_017": "‐",
        "P33_018": -1,
        "P33_019": 376,
        "P33_020": -1,
        "P33_021": -1,
        "P33_022": -1,
        "P33_023": -1,
        "P33_024": -1,
        "P33_041": 1
      },
      "geometry": {
        "type": "Point",
        "coordinates": [
          134.88838777961521,
          34.32525138928973
        ]
      }
    },
    {
      "type": "Feature",
      "properties": {
        "P33_001": 157,
        "P33_002": "28205",
        "P33_003": "28",
        "P33_004": 2,
        "P33_005": "市立中川原公民館",
        "P33_006": "656-0002",
        "P33_007": "洲本市中川原町中川原907",
        "P33_008": "0799-28-1024",
        "P33_009": 19550000,
        "P33_010": "‐",
        "P33_011": "‐",
        "P33_012": -1,
        "P33_013": -1,
        "P33_014": 2,
        "P33_015": "‐",
        "P33_016": "‐",
        "P33_017": "‐",
        "P33_018": -1,
        "P33_019": 392,
        "P33_020": -1,
        "P33_021": -1,
        "P33_022": -1,
        "P33_023": -1,
        "P33_024": -1,
        "P33_041": 1
      },
      "geometry": {
        "type": "Point",
        "coordinates": [
          134.8717349966758,
          34.37332800097139
        ]
      }
    },
    {
      "type": "Feature",
      "properties": {
        "P33_001": 158,
        "P33_002": "28205",
        "P33_003": "28",
        "P33_004": 2,
        "P33_005": "市立由良公民館",
        "P33_006": "656-2541",
        "P33_007": "洲本市由良1-6-10",
        "P33_008": "0799-27-2167",
        "P33_009": 19470000,
        "P33_010": "‐",
        "P33_011": "‐",
        "P33_012": -1,
        "P33_013": -1,
        "P33_014": 2,
        "P33_015": "‐",
        "P33_016": "‐",
        "P33_017": "‐",
        "P33_018": -1,
        "P33_019": 602,
        "P33_020": -1,
        "P33_021": -1,
        "P33_022": -1,
        "P33_023": -1,
        "P33_024": -1,
        "P33_041": 1
      },
      "geometry": {
        "type": "Point",
        "coordinates": [
          134.94443000103414,
          34.28676100211129
        ]
      }
    },
    {
      "type": "Feature",
      "properties": {
        "P33_001": 162,
        "P33_002": "28206",
        "P33_003": "28",
        "P33_004": 2,
        "P33_005": "市立公民館",
        "P33_006": "659-0068",
        "P33_007": "芦屋市業平町8-5",
        "P33_008": "0797-35-0700",
        "P33_009": 19530000,
        "P33_010": "‐",
        "P33_011": "‐",
        "P33_012": -1,
        "P33_013": -1,
        "P33_014": 1,
        "P33_015": "‐",
        "P33_016": "‐",
        "P33_017": "‐",
        "P33_018": -1,
        "P33_019": 2225,
        "P33_020": -1,
        "P33_021": -1,
        "P33_022": -1,
        "P33_023": -1,
        "P33_024": -1,
        "P33_041": 1
      },
      "geometry": {
        "type": "Point",
        "coordinates": [
          135.30338299969415,
          34.732320000325096
        ]
      }
    },
    {
      "type": "Feature",
      "properties": {
        "P33_001": 165,
        "P33_002": "28207",
        "P33_003": "28",
        "P33_004": 2,
        "P33_005": "市立中央公民館",
        "P33_006": "664-8503",
        "P33_007": "伊丹市千僧1-1-1",
        "P33_008": "072-784-8000",
        "P33_009": 19730000,
        "P33_010": "‐",
        "P33_011": "‐",
        "P33_012": -1,
        "P33_013": -1,
        "P33_014": 1,
        "P33_015": "‐",
        "P33_016": "‐",
        "P33_017": "‐",
        "P33_018": -1,
        "P33_019": 3494,
        "P33_020": -1,
        "P33_021": -1,
        "P33_022": -1,
        "P33_023": -1,
        "P33_024": -1,
        "P33_041": 1
      },
      "geometry": {
        "type": "Point",
        "coordinates": [
          135.4021669986822,
          34.78460900026492
        ]
      }
    },
    {
      "type": "Feature",
      "properties": {
        "P33_001": 203,
        "P33_002": "28209",
        "P33_003": "28",
        "P33_004": 2,
        "P33_005": "五荘地区公民館",
        "P33_006": "668-0011",
        "P33_007": "豊岡市上陰137-7",
        "P33_008": "0796-23-3745",
        "P33_009": 20050000,
        "P33_010": "‐",
        "P33_011": "‐",
        "P33_012": -1,
        "P33_013": -1,
        "P33_014": 2,
        "P33_015": "‐",
        "P33_016": "‐",
        "P33_017": "‐",
        "P33_018": -1,
        "P33_019": 1292,
        "P33_020": -1,
        "P33_021": -1,
        "P33_022": -1,
        "P33_023": -1,
        "P33_024": -1,
        "P33_041": 1
      },
      "geometry": {
        "type": "Point",
        "coordinates": [
          134.8114069983392,
          35.5475249979709
        ]
      }
    },
    {
      "type": "Feature",
      "properties": {
        "P33_001": 167,
        "P33_002": "28209",
        "P33_003": "28",
        "P33_004": 2,
        "P33_005": "五荘地区公民館大浜分館",
        "P33_006": "668-0004",
        "P33_007": "豊岡市新堂243-1",
        "P33_008": "0796-24-8233",
        "P33_009": 20050000,
        "P33_010": "‐",
        "P33_011": "‐",
        "P33_012": -1,
        "P33_013": -1,
        "P33_014": 3,
        "P33_015": "‐",
        "P33_016": "‐",
        "P33_017": "‐",
        "P33_018": -1,
        "P33_019": 150,
        "P33_020": -1,
        "P33_021": -1,
        "P33_022": -1,
        "P33_023": -1,
        "P33_024": -1,
        "P33_041": 1
      },
      "geometry": {
        "type": "Point",
        "coordinates": [
          134.7851459974771,
          35.56646099935568
        ]
      }
    },
    {
      "type": "Feature",
      "properties": {
        "P33_001": 168,
        "P33_002": "28209",
        "P33_003": "28",
        "P33_004": 2,
        "P33_005": "弘道地区公民館",
        "P33_006": "668-0214",
        "P33_007": "豊岡市出石町内町1",
        "P33_008": "0796-52-5810",
        "P33_009": 20050000,
        "P33_010": "‐",
        "P33_011": "‐",
        "P33_012": -1,
        "P33_013": -1,
        "P33_014": 2,
        "P33_015": "‐",
        "P33_016": "‐",
        "P33_017": "‐",
        "P33_018": -1,
        "P33_019": 572,
        "P33_020": -1,
        "P33_021": -1,
        "P33_022": -1,
        "P33_023": -1,
        "P33_024": -1,
        "P33_041": 1
      },
      "geometry": {
        "type": "Point",
        "coordinates": [
          134.87508277663193,
          35.46139583177339
        ]
      }
    },
    {
      "type": "Feature",
      "properties": {
        "P33_001": 169,
        "P33_002": "28209",
        "P33_003": "28",
        "P33_004": 2,
        "P33_005": "港地区公民館",
        "P33_006": "668-6124",
        "P33_007": "豊岡市気比2435",
        "P33_008": "0796-28-3402",
        "P33_009": 20050000,
        "P33_010": "‐",
        "P33_011": "‐",
        "P33_012": -1,
        "P33_013": -1,
        "P33_014": 2,
        "P33_015": "‐",
        "P33_016": "‐",
        "P33_017": "‐",
        "P33_018": -1,
        "P33_019": 713,
        "P33_020": -1,
        "P33_021": -1,
        "P33_022": -1,
        "P33_023": -1,
        "P33_024": -1,
        "P33_041": 1
      },
      "geometry": {
        "type": "Point",
        "coordinates": [
          134.83968699948443,
          35.6348959991361
        ]
      }
    },
    {
      "type": "Feature",
      "properties": {
        "P33_001": 170,
        "P33_002": "28209",
        "P33_003": "28",
        "P33_004": 2,
        "P33_005": "高橋地区公民館",
        "P33_006": "668-0373",
        "P33_007": "豊岡市但東町久畑830",
        "P33_008": "0796-55-0001",
        "P33_009": 20050000,
        "P33_010": "‐",
        "P33_011": "‐",
        "P33_012": -1,
        "P33_013": -1,
        "P33_014": 2,
        "P33_015": "‐",
        "P33_016": "‐",
        "P33_017": "‐",
        "P33_018": -1,
        "P33_019": 486,
        "P33_020": -1,
        "P33_021": -1,
        "P33_022": -1,
        "P33_023": -1,
        "P33_024": -1,
        "P33_041": 1
      },
      "geometry": {
        "type": "Point",
        "coordinates": [
          135.009318001019,
          35.41847600091861
        ]
      }
    },
    {
      "type": "Feature",
      "properties": {
        "P33_001": 171,
        "P33_002": "28209",
        "P33_003": "28",
        "P33_004": 2,
        "P33_005": "合橋地区公民館",
        "P33_006": "668-0393",
        "P33_007": "豊岡市但東町出合150",
        "P33_008": "0796-54-0990",
        "P33_009": 20050000,
        "P33_010": "‐",
        "P33_011": "‐",
        "P33_012": -1,
        "P33_013": -1,
        "P33_014": 2,
        "P33_015": "‐",
        "P33_016": "‐",
        "P33_017": "‐",
        "P33_018": -1,
        "P33_019": 1531,
        "P33_020": -1,
        "P33_021": -1,
        "P33_022": -1,
        "P33_023": -1,
        "P33_024": -1,
        "P33_041": 1
      },
      "geometry": {
        "type": "Point",
        "coordinates": [
          134.95014899995329,
          35.47036400087715
        ]
      }
    },
    {
      "type": "Feature",
      "properties": {
        "P33_001": 172,
        "P33_002": "28209",
        "P33_003": "28",
        "P33_004": 2,
        "P33_005": "国府地区公民館",
        "P33_006": "669-5327",
        "P33_007": "豊岡市日高町野々庄934-2",
        "P33_008": "0796-42-5244",
        "P33_009": 20050000,
        "P33_010": "‐",
        "P33_011": "‐",
        "P33_012": -1,
        "P33_013": -1,
        "P33_014": 2,
        "P33_015": "‐",
        "P33_016": "‐",
        "P33_017": "‐",
        "P33_018": -1,
        "P33_019": 554,
        "P33_020": -1,
        "P33_021": -1,
        "P33_022": -1,
        "P33_023": -1,
        "P33_024": -1,
        "P33_041": 1
      },
      "geometry": {
        "type": "Point",
        "coordinates": [
          134.80049222440812,
          35.49174027719195
        ]
      }
    },
    {
      "type": "Feature",
      "properties": {
        "P33_001": 173,
        "P33_002": "28209",
        "P33_003": "28",
        "P33_004": 2,
        "P33_005": "三江地区公民館",
        "P33_006": "668-0873",
        "P33_007": "豊岡市庄境626",
        "P33_008": "0796-23-6164",
        "P33_009": 20050000,
        "P33_010": "‐",
        "P33_011": "‐",
        "P33_012": -1,
        "P33_013": -1,
        "P33_014": 2,
        "P33_015": "‐",
        "P33_016": "‐",
        "P33_017": "‐",
        "P33_018": -1,
        "P33_019": 641,
        "P33_020": -1,
        "P33_021": -1,
        "P33_022": -1,
        "P33_023": -1,
        "P33_024": -1,
        "P33_041": 1
      },
      "geometry": {
        "type": "Point",
        "coordinates": [
          134.8433899977578,
          35.55305299970288
        ]
      }
    },
    {
      "type": "Feature",
      "properties": {
        "P33_001": 174,
        "P33_002": "28209",
        "P33_003": "28",
        "P33_004": 2,
        "P33_005": "三方地区公民館",
        "P33_006": "669-5361",
        "P33_007": "豊岡市日高町栗山901-2",
        "P33_008": "0796-44-1275",
        "P33_009": 20050000,
        "P33_010": "‐",
        "P33_011": "‐",
        "P33_012": -1,
        "P33_013": -1,
        "P33_014": 2,
        "P33_015": "‐",
        "P33_016": "‐",
        "P33_017": "‐",
        "P33_018": -1,
        "P33_019": 531,
        "P33_020": -1,
        "P33_021": -1,
        "P33_022": -1,
        "P33_023": -1,
        "P33_024": -1,
        "P33_041": 1
      },
      "geometry": {
        "type": "Point",
        "coordinates": [
          134.72114600162374,
          35.45503699783524
        ]
      }
    },
    {
      "type": "Feature",
      "properties": {
        "P33_001": 175,
        "P33_002": "28209",
        "P33_003": "28",
        "P33_004": 2,
        "P33_005": "資母地区公民館",
        "P33_006": "668-0345",
        "P33_007": "豊岡市但東町中山815",
        "P33_008": "0796-56-0001",
        "P33_009": 20050000,
        "P33_010": "‐",
        "P33_011": "‐",
        "P33_012": -1,
        "P33_013": -1,
        "P33_014": 2,
        "P33_015": "‐",
        "P33_016": "‐",
        "P33_017": "‐",
        "P33_018": -1,
        "P33_019": 628,
        "P33_020": -1,
        "P33_021": -1,
        "P33_022": -1,
        "P33_023": -1,
        "P33_024": -1,
        "P33_041": 1
      },
      "geometry": {
        "type": "Point",
        "coordinates": [
          134.99477799981784,
          35.496121999612114
        ]
      }
    },
    {
      "type": "Feature",
      "properties": {
        "P33_001": 176,
        "P33_002": "28209",
        "P33_003": "28",
        "P33_004": 2,
        "P33_005": "寺坂地区公民館",
        "P33_006": "668-0241",
        "P33_007": "豊岡市出石町寺坂157",
        "P33_008": "0796-52-5589",
        "P33_009": 20050000,
        "P33_010": "‐",
        "P33_011": "‐",
        "P33_012": -1,
        "P33_013": -1,
        "P33_014": 2,
        "P33_015": "‐",
        "P33_016": "‐",
        "P33_017": "‐",
        "P33_018": -1,
        "P33_019": 438,
        "P33_020": -1,
        "P33_021": -1,
        "P33_022": -1,
        "P33_023": -1,
        "P33_024": -1,
        "P33_041": 1
      },
      "geometry": {
        "type": "Point",
        "coordinates": [
          134.89550499688468,
          35.453403001479245
        ]
      }
    },
    {
      "type": "Feature",
      "properties": {
        "P33_001": 177,
        "P33_002": "28209",
        "P33_003": "28",
        "P33_004": 2,
        "P33_005": "小坂地区公民館",
        "P33_006": "668-0206",
        "P33_007": "豊岡市出石町福居946",
        "P33_008": "0796-52-2572",
        "P33_009": 20050000,
        "P33_010": "‐",
        "P33_011": "‐",
        "P33_012": -1,
        "P33_013": -1,
        "P33_014": 2,
        "P33_015": "‐",
        "P33_016": "‐",
        "P33_017": "‐",
        "P33_018": -1,
        "P33_019": 405,
        "P33_020": -1,
        "P33_021": -1,
        "P33_022": -1,
        "P33_023": -1,
        "P33_024": -1,
        "P33_041": 1
      },
      "geometry": {
        "type": "Point",
        "coordinates": [
          134.84900592693035,
          35.491197433946084
        ]
      }
    },
    {
      "type": "Feature",
      "properties": {
        "P33_001": 178,
        "P33_002": "28209",
        "P33_003": "28",
        "P33_004": 2,
        "P33_005": "小野地区公民館",
        "P33_006": "668-0203",
        "P33_007": "豊岡市出石町袴狭380-1",
        "P33_008": "0796-52-4480",
        "P33_009": 20050000,
        "P33_010": "‐",
        "P33_011": "‐",
        "P33_012": -1,
        "P33_013": -1,
        "P33_014": 2,
        "P33_015": "‐",
        "P33_016": "‐",
        "P33_017": "‐",
        "P33_018": -1,
        "P33_019": -1,
        "P33_020": -1,
        "P33_021": -1,
        "P33_022": -1,
        "P33_023": -1,
        "P33_024": -1,
        "P33_041": 1
      },
      "geometry": {
        "type": "Point",
        "coordinates": [
          134.87045032878703,
          35.49065539908088
        ]
      }
    },
    {
      "type": "Feature",
      "properties": {
        "P33_001": 179,
        "P33_002": "28209",
        "P33_003": "28",
        "P33_004": 2,
        "P33_005": "城崎地区公民館",
        "P33_006": "669-6195",
        "P33_007": "豊岡市城崎町桃島1057-1",
        "P33_008": "0796-32-3220",
        "P33_009": 20050000,
        "P33_010": "‐",
        "P33_011": "‐",
        "P33_012": -1,
        "P33_013": -1,
        "P33_014": 2,
        "P33_015": "‐",
        "P33_016": "‐",
        "P33_017": "‐",
        "P33_018": -1,
        "P33_019": 705,
        "P33_020": -1,
        "P33_021": -1,
        "P33_022": -1,
        "P33_023": -1,
        "P33_024": -1,
        "P33_041": 1
      },
      "geometry": {
        "type": "Point",
        "coordinates": [
          134.81431999865063,
          35.62916600198369
        ]
      }
    },
    {
      "type": "Feature",
      "properties": {
        "P33_001": 180,
        "P33_002": "28209",
        "P33_003": "28",
        "P33_004": 2,
        "P33_005": "新田地区公民館",
        "P33_006": "668-0872",
        "P33_007": "豊岡市河谷596",
        "P33_008": "0796-24-3160",
        "P33_009": 20050000,
        "P33_010": "‐",
        "P33_011": "‐",
        "P33_012": -1,
        "P33_013": -1,
        "P33_014": 2,
        "P33_015": "‐",
        "P33_016": "‐",
        "P33_017": "‐",
        "P33_018": -1,
        "P33_019": 594,
        "P33_020": -1,
        "P33_021": -1,
        "P33_022": -1,
        "P33_023": -1,
        "P33_024": -1,
        "P33_041": 1
      },
      "geometry": {
        "type": "Point",
        "coordinates": [
          134.83930200323562,
          35.52930499854264
        ]
      }
    },
    {
      "type": "Feature",
      "properties": {
        "P33_001": 181,
        "P33_002": "28209",
        "P33_003": "28",
        "P33_004": 2,
        "P33_005": "神美地区公民館",
        "P33_006": "668-0823",
        "P33_007": "豊岡市三宅81-1",
        "P33_008": "0796-27-0727",
        "P33_009": 20050000,
        "P33_010": "‐",
        "P33_011": "‐",
        "P33_012": -1,
        "P33_013": -1,
        "P33_014": 2,
        "P33_015": "‐",
        "P33_016": "‐",
        "P33_017": "‐",
        "P33_018": -1,
        "P33_019": 499,
        "P33_020": -1,
        "P33_021": -1,
        "P33_022": -1,
        "P33_023": -1,
        "P33_024": -1,
        "P33_041": 1
      },
      "geometry": {
        "type": "Point",
        "coordinates": [
          134.85899799822204,
          35.52126200100811
        ]
      }
    },
    {
      "type": "Feature",
      "properties": {
        "P33_001": 182,
        "P33_002": "28209",
        "P33_003": "28",
        "P33_004": 2,
        "P33_005": "菅谷地区公民館",
        "P33_006": "668-0261",
        "P33_007": "豊岡市出石町荒木810",
        "P33_008": "0796-52-6545",
        "P33_009": 20050000,
        "P33_010": "‐",
        "P33_011": "‐",
        "P33_012": -1,
        "P33_013": -1,
        "P33_014": 2,
        "P33_015": "‐",
        "P33_016": "‐",
        "P33_017": "‐",
        "P33_018": -1,
        "P33_019": 258,
        "P33_020": -1,
        "P33_021": -1,
        "P33_022": -1,
        "P33_023": -1,
        "P33_024": -1,
        "P33_041": 1
      },
      "geometry": {
        "type": "Point",
        "coordinates": [
          134.83402600256215,
          35.46440399932868
        ]
      }
    },
    {
      "type": "Feature",
      "properties": {
        "P33_001": 183,
        "P33_002": "28209",
        "P33_003": "28",
        "P33_004": 2,
        "P33_005": "清滝地区公民館",
        "P33_006": "669-5368",
        "P33_007": "豊岡市日高町山宮1337-1",
        "P33_008": "0796-45-1534",
        "P33_009": 20050000,
        "P33_010": "‐",
        "P33_011": "‐",
        "P33_012": -1,
        "P33_013": -1,
        "P33_014": 2,
        "P33_015": "‐",
        "P33_016": "‐",
        "P33_017": "‐",
        "P33_018": -1,
        "P33_019": 486,
        "P33_020": -1,
        "P33_021": -1,
        "P33_022": -1,
        "P33_023": -1,
        "P33_024": -1,
        "P33_041": 1
      },
      "geometry": {
        "type": "Point",
        "coordinates": [
          134.69535500024753,
          35.48755999936194
        ]
      }
    },
    {
      "type": "Feature",
      "properties": {
        "P33_001": 184,
        "P33_002": "28209",
        "P33_003": "28",
        "P33_004": 2,
        "P33_005": "西気地区公民館",
        "P33_006": "669-5372",
        "P33_007": "豊岡市日高町栗栖野739-1",
        "P33_008": "0796-45-1316",
        "P33_009": 20050000,
        "P33_010": "‐",
        "P33_011": "‐",
        "P33_012": -1,
        "P33_013": -1,
        "P33_014": 2,
        "P33_015": "‐",
        "P33_016": "‐",
        "P33_017": "‐",
        "P33_018": -1,
        "P33_019": 382,
        "P33_020": -1,
        "P33_021": -1,
        "P33_022": -1,
        "P33_023": -1,
        "P33_024": -1,
        "P33_041": 1
      },
      "geometry": {
        "type": "Point",
        "coordinates": [
          134.66797900129978,
          35.50271600086369
        ]
      }
    },
    {
      "type": "Feature",
      "properties": {
        "P33_001": 185,
        "P33_002": "28209",
        "P33_003": "28",
        "P33_004": 2,
        "P33_005": "竹野地区公民館",
        "P33_006": "669-6201",
        "P33_007": "豊岡市竹野町竹野1585-1",
        "P33_008": "0796-47-1071",
        "P33_009": 20050000,
        "P33_010": "‐",
        "P33_011": "‐",
        "P33_012": -1,
        "P33_013": -1,
        "P33_014": 2,
        "P33_015": "‐",
        "P33_016": "‐",
        "P33_017": "‐",
        "P33_018": -1,
        "P33_019": 1031,
        "P33_020": -1,
        "P33_021": -1,
        "P33_022": -1,
        "P33_023": -1,
        "P33_024": -1,
        "P33_041": 1
      },
      "geometry": {
        "type": "Point",
        "coordinates": [
          134.75774299728914,
          35.649960000070415
        ]
      }
    },
    {
      "type": "Feature",
      "properties": {
        "P33_001": 186,
        "P33_002": "28209",
        "P33_003": "28",
        "P33_004": 2,
        "P33_005": "竹野南地区公民館",
        "P33_006": "669-6332",
        "P33_007": "豊岡市竹野町森本984-1",
        "P33_008": "0796-48-0008",
        "P33_009": 20050000,
        "P33_010": "‐",
        "P33_011": "‐",
        "P33_012": -1,
        "P33_013": -1,
        "P33_014": 2,
        "P33_015": "‐",
        "P33_016": "‐",
        "P33_017": "‐",
        "P33_018": -1,
        "P33_019": 927,
        "P33_020": -1,
        "P33_021": -1,
        "P33_022": -1,
        "P33_023": -1,
        "P33_024": -1,
        "P33_041": 1
      },
      "geometry": {
        "type": "Point",
        "coordinates": [
          134.7311169988866,
          35.57911999934042
        ]
      }
    },
    {
      "type": "Feature",
      "properties": {
        "P33_001": 187,
        "P33_002": "28209",
        "P33_003": "28",
        "P33_004": 2,
        "P33_005": "中央公民館",
        "P33_006": "668-8666",
        "P33_007": "豊岡市中央町2-4",
        "P33_008": "0796-21-9051",
        "P33_009": 20050000,
        "P33_010": "‐",
        "P33_011": "‐",
        "P33_012": -1,
        "P33_013": -1,
        "P33_014": 1,
        "P33_015": "‐",
        "P33_016": "‐",
        "P33_017": "‐",
        "P33_018": -1,
        "P33_019": 1447,
        "P33_020": -1,
        "P33_021": -1,
        "P33_022": -1,
        "P33_023": -1,
        "P33_024": -1,
        "P33_041": 1
      },
      "geometry": {
        "type": "Point",
        "coordinates": [
          134.82018999733273,
          35.54430900066035
        ]
      }
    },
    {
      "type": "Feature",
      "properties": {
        "P33_001": 188,
        "P33_002": "28209",
        "P33_003": "28",
        "P33_004": 2,
        "P33_005": "中筋地区公民館",
        "P33_006": "668-0844",
        "P33_007": "豊岡市土渕281-1",
        "P33_008": "0796-23-3746",
        "P33_009": 20050000,
        "P33_010": "‐",
        "P33_011": "‐",
        "P33_012": -1,
        "P33_013": -1,
        "P33_014": 2,
        "P33_015": "‐",
        "P33_016": "‐",
        "P33_017": "‐",
        "P33_018": -1,
        "P33_019": 528,
        "P33_020": -1,
        "P33_021": -1,
        "P33_022": -1,
        "P33_023": -1,
        "P33_024": -1,
        "P33_041": 1
      },
      "geometry": {
        "type": "Point",
        "coordinates": [
          134.82048000168717,
          35.50150400154396
        ]
      }
    },
    {
      "type": "Feature",
      "properties": {
        "P33_001": 189,
        "P33_002": "28209",
        "P33_003": "28",
        "P33_004": 2,
        "P33_005": "中竹野地区公民館",
        "P33_006": "669-6225",
        "P33_007": "豊岡市竹野町轟1051",
        "P33_008": "0796-47-0503",
        "P33_009": 20050000,
        "P33_010": "‐",
        "P33_011": "‐",
        "P33_012": -1,
        "P33_013": -1,
        "P33_014": 2,
        "P33_015": "‐",
        "P33_016": "‐",
        "P33_017": "‐",
        "P33_018": -1,
        "P33_019": 674,
        "P33_020": -1,
        "P33_021": -1,
        "P33_022": -1,
        "P33_023": -1,
        "P33_024": -1,
        "P33_041": 1
      },
      "geometry": {
        "type": "Point",
        "coordinates": [
          134.75325300181711,
          35.622590999910756
        ]
      }
    },
    {
      "type": "Feature",
      "properties": {
        "P33_001": 190,
        "P33_002": "28209",
        "P33_003": "28",
        "P33_004": 2,
        "P33_005": "田鶴野地区公民館",
        "P33_006": "668-0804",
        "P33_007": "豊岡市野上162",
        "P33_008": "0796-24-0319",
        "P33_009": 20050000,
        "P33_010": "‐",
        "P33_011": "‐",
        "P33_012": -1,
        "P33_013": -1,
        "P33_014": 2,
        "P33_015": "‐",
        "P33_016": "‐",
        "P33_017": "‐",
        "P33_018": -1,
        "P33_019": 589,
        "P33_020": -1,
        "P33_021": -1,
        "P33_022": -1,
        "P33_023": -1,
        "P33_024": -1,
        "P33_041": 1
      },
      "geometry": {
        "type": "Point",
        "coordinates": [
          134.8193229985446,
          35.562895998954005
        ]
      }
    },
    {
      "type": "Feature",
      "properties": {
        "P33_001": 191,
        "P33_002": "28209",
        "P33_003": "28",
        "P33_004": 2,
        "P33_005": "奈佐地区公民館",
        "P33_006": "668-0078",
        "P33_007": "豊岡市吉井593-5",
        "P33_008": "0796-23-3747",
        "P33_009": 20050000,
        "P33_010": "‐",
        "P33_011": "‐",
        "P33_012": -1,
        "P33_013": -1,
        "P33_014": 2,
        "P33_015": "‐",
        "P33_016": "‐",
        "P33_017": "‐",
        "P33_018": -1,
        "P33_019": 497,
        "P33_020": -1,
        "P33_021": -1,
        "P33_022": -1,
        "P33_023": -1,
        "P33_024": -1,
        "P33_041": 1
      },
      "geometry": {
        "type": "Point",
        "coordinates": [
          134.7746499994948,
          35.54016900192274
        ]
      }
    },
    {
      "type": "Feature",
      "properties": {
        "P33_001": 192,
        "P33_002": "28209",
        "P33_003": "28",
        "P33_004": 2,
        "P33_005": "日高地区公民館",
        "P33_006": "669-5341",
        "P33_007": "豊岡市日高町国分寺850",
        "P33_008": "0796-42-2023",
        "P33_009": 20050000,
        "P33_010": "‐",
        "P33_011": "‐",
        "P33_012": -1,
        "P33_013": -1,
        "P33_014": 2,
        "P33_015": "‐",
        "P33_016": "‐",
        "P33_017": "‐",
        "P33_018": -1,
        "P33_019": 2073,
        "P33_020": -1,
        "P33_021": -1,
        "P33_022": -1,
        "P33_023": -1,
        "P33_024": -1,
        "P33_041": 1
      },
      "geometry": {
        "type": "Point",
        "coordinates": [
          134.77175829052828,
          35.47066000069627
        ]
      }
    },
    {
      "type": "Feature",
      "properties": {
        "P33_001": 193,
        "P33_002": "28209",
        "P33_003": "28",
        "P33_004": 2,
        "P33_005": "八条地区公民館",
        "P33_006": "668-0052",
        "P33_007": "豊岡市九日市下町402",
        "P33_008": "0796-24-1164",
        "P33_009": 20050000,
        "P33_010": "‐",
        "P33_011": "‐",
        "P33_012": -1,
        "P33_013": -1,
        "P33_014": 2,
        "P33_015": "‐",
        "P33_016": "‐",
        "P33_017": "‐",
        "P33_018": -1,
        "P33_019": 813,
        "P33_020": -1,
        "P33_021": -1,
        "P33_022": -1,
        "P33_023": -1,
        "P33_024": -1,
        "P33_041": 1
      },
      "geometry": {
        "type": "Point",
        "coordinates": [
          134.823640001417,
          35.52928199914515
        ]
      }
    },
    {
      "type": "Feature",
      "properties": {
        "P33_001": 194,
        "P33_002": "28209",
        "P33_003": "28",
        "P33_004": 2,
        "P33_005": "八代地区公民館",
        "P33_006": "669-5337",
        "P33_007": "豊岡市日高町中333-1",
        "P33_008": "0796-42-0894",
        "P33_009": 20050000,
        "P33_010": "‐",
        "P33_011": "‐",
        "P33_012": -1,
        "P33_013": -1,
        "P33_014": 2,
        "P33_015": "‐",
        "P33_016": "‐",
        "P33_017": "‐",
        "P33_018": -1,
        "P33_019": 425,
        "P33_020": -1,
        "P33_021": -1,
        "P33_022": -1,
        "P33_023": -1,
        "P33_024": -1,
        "P33_041": 1
      },
      "geometry": {
        "type": "Point",
        "coordinates": [
          134.76132512729197,
          35.494999944922995
        ]
      }
    },
    {
      "type": "Feature",
      "properties": {
        "P33_001": 195,
        "P33_002": "28209",
        "P33_003": "28",
        "P33_004": 2,
        "P33_005": "福住地区公民館",
        "P33_006": "668-0263",
        "P33_007": "豊岡市出石町福住460-1",
        "P33_008": "0796-52-4012",
        "P33_009": 20050000,
        "P33_010": "‐",
        "P33_011": "‐",
        "P33_012": -1,
        "P33_013": -1,
        "P33_014": 2,
        "P33_015": "‐",
        "P33_016": "‐",
        "P33_017": "‐",
        "P33_018": -1,
        "P33_019": 494,
        "P33_020": -1,
        "P33_021": -1,
        "P33_022": -1,
        "P33_023": -1,
        "P33_024": -1,
        "P33_041": 1
      },
      "geometry": {
        "type": "Point",
        "coordinates": [
          134.8657489996299,
          35.46164399868155
        ]
      }
    },
    {
      "type": "Feature",
      "properties": {
        "P33_001": 196,
        "P33_002": "28209",
        "P33_003": "28",
        "P33_004": 2,
        "P33_005": "豊岡地区公民館",
        "P33_006": "668-0046",
        "P33_007": "豊岡市立野町1-4",
        "P33_008": "0796-23-1492",
        "P33_009": 20050000,
        "P33_010": "‐",
        "P33_011": "‐",
        "P33_012": -1,
        "P33_013": -1,
        "P33_014": 2,
        "P33_015": "‐",
        "P33_016": "‐",
        "P33_017": "‐",
        "P33_018": -1,
        "P33_019": 1288,
        "P33_020": -1,
        "P33_021": -1,
        "P33_022": -1,
        "P33_023": -1,
        "P33_024": -1,
        "P33_041": 1
      },
      "geometry": {
        "type": "Point",
        "coordinates": [
          134.825834443328,
          35.54375722354275
        ]
      }
    },
    {
      "type": "Feature",
      "properties": {
        "P33_001": 215,
        "P33_002": "28210",
        "P33_003": "28",
        "P33_004": 2,
        "P33_005": "市立加古川公民館",
        "P33_006": "675-0066",
        "P33_007": "加古川市加古川町寺家町12-4",
        "P33_008": "079-423-3841",
        "P33_009": 19490000,
        "P33_010": "‐",
        "P33_011": "‐",
        "P33_012": -1,
        "P33_013": -1,
        "P33_014": 2,
        "P33_015": "‐",
        "P33_016": "‐",
        "P33_017": "‐",
        "P33_018": -1,
        "P33_019": 1598,
        "P33_020": -1,
        "P33_021": -1,
        "P33_022": -1,
        "P33_023": -1,
        "P33_024": -1,
        "P33_041": 1
      },
      "geometry": {
        "type": "Point",
        "coordinates": [
          134.83305277900342,
          34.7669572239601
        ]
      }
    },
    {
      "type": "Feature",
      "properties": {
        "P33_001": 204,
        "P33_002": "28210",
        "P33_003": "28",
        "P33_004": 2,
        "P33_005": "市立加古川西公民館",
        "P33_006": "675-0054",
        "P33_007": "加古川市米田町平津384-2",
        "P33_008": "079-432-3467",
        "P33_009": 19530000,
        "P33_010": "‐",
        "P33_011": "‐",
        "P33_012": -1,
        "P33_013": -1,
        "P33_014": 2,
        "P33_015": "‐",
        "P33_016": "‐",
        "P33_017": "‐",
        "P33_018": -1,
        "P33_019": 1317,
        "P33_020": -1,
        "P33_021": -1,
        "P33_022": -1,
        "P33_023": -1,
        "P33_024": -1,
        "P33_041": 1
      },
      "geometry": {
        "type": "Point",
        "coordinates": [
          134.81572861101463,
          34.78605055587283
        ]
      }
    },
    {
      "type": "Feature",
      "properties": {
        "P33_001": 205,
        "P33_002": "28210",
        "P33_003": "28",
        "P33_004": 2,
        "P33_005": "市立加古川北公民館",
        "P33_006": "675-0009",
        "P33_007": "加古川市神野町西条1519-2",
        "P33_008": "079-438-7409",
        "P33_009": 19800000,
        "P33_010": "‐",
        "P33_011": "‐",
        "P33_012": -1,
        "P33_013": -1,
        "P33_014": 2,
        "P33_015": "‐",
        "P33_016": "‐",
        "P33_017": "‐",
        "P33_018": -1,
        "P33_019": 1144,
        "P33_020": -1,
        "P33_021": -1,
        "P33_022": -1,
        "P33_023": -1,
        "P33_024": -1,
        "P33_041": 1
      },
      "geometry": {
        "type": "Point",
        "coordinates": [
          134.88356305433996,
          34.78624138879198
        ]
      }
    },
    {
      "type": "Feature",
      "properties": {
        "P33_001": 206,
        "P33_002": "28210",
        "P33_003": "28",
        "P33_004": 2,
        "P33_005": "市立志方公民館",
        "P33_006": "675-0321",
        "P33_007": "加古川市志方町志方町1758-3",
        "P33_008": "079-452-0700",
        "P33_009": 19860000,
        "P33_010": "‐",
        "P33_011": "‐",
        "P33_012": -1,
        "P33_013": -1,
        "P33_014": 2,
        "P33_015": "‐",
        "P33_016": "‐",
        "P33_017": "‐",
        "P33_018": -1,
        "P33_019": 1597,
        "P33_020": -1,
        "P33_021": -1,
        "P33_022": -1,
        "P33_023": -1,
        "P33_024": -1,
        "P33_041": 1
      },
      "geometry": {
        "type": "Point",
        "coordinates": [
          134.81940611237047,
          34.82107749937813
        ]
      }
    },
    {
      "type": "Feature",
      "properties": {
        "P33_001": 207,
        "P33_002": "28210",
        "P33_003": "28",
        "P33_004": 2,
        "P33_005": "市立東加古川公民館",
        "P33_006": "675-0101",
        "P33_007": "加古川市平岡町新在家457-3",
        "P33_008": "079-423-6066",
        "P33_009": 19730000,
        "P33_010": "‐",
        "P33_011": "‐",
        "P33_012": -1,
        "P33_013": -1,
        "P33_014": 2,
        "P33_015": "‐",
        "P33_016": "‐",
        "P33_017": "‐",
        "P33_018": -1,
        "P33_019": 1004,
        "P33_020": -1,
        "P33_021": -1,
        "P33_022": -1,
        "P33_023": -1,
        "P33_024": -1,
        "P33_041": 1
      },
      "geometry": {
        "type": "Point",
        "coordinates": [
          134.86245939056914,
          34.74575906233977
        ]
      }
    },
    {
      "type": "Feature",
      "properties": {
        "P33_001": 208,
        "P33_002": "28210",
        "P33_003": "28",
        "P33_004": 2,
        "P33_005": "市立氷丘公民館",
        "P33_006": "675-0061",
        "P33_007": "加古川市加古川町大野931",
        "P33_008": "079-424-3741",
        "P33_009": 19860000,
        "P33_010": "‐",
        "P33_011": "‐",
        "P33_012": -1,
        "P33_013": -1,
        "P33_014": 2,
        "P33_015": "‐",
        "P33_016": "‐",
        "P33_017": "‐",
        "P33_018": -1,
        "P33_019": 1127,
        "P33_020": -1,
        "P33_021": -1,
        "P33_022": -1,
        "P33_023": -1,
        "P33_024": -1,
        "P33_041": 1
      },
      "geometry": {
        "type": "Point",
        "coordinates": [
          134.85658699915828,
          34.771413000301514
        ]
      }
    },
    {
      "type": "Feature",
      "properties": {
        "P33_001": 209,
        "P33_002": "28210",
        "P33_003": "28",
        "P33_004": 2,
        "P33_005": "市立平岡公民館",
        "P33_006": "675-0104",
        "P33_007": "加古川市平岡町土山699-2",
        "P33_008": "078-949-5210",
        "P33_009": 19990000,
        "P33_010": "‐",
        "P33_011": "‐",
        "P33_012": -1,
        "P33_013": -1,
        "P33_014": 2,
        "P33_015": "‐",
        "P33_016": "‐",
        "P33_017": "‐",
        "P33_018": -1,
        "P33_019": 1146,
        "P33_020": -1,
        "P33_021": -1,
        "P33_022": -1,
        "P33_023": -1,
        "P33_024": -1,
        "P33_041": 1
      },
      "geometry": {
        "type": "Point",
        "coordinates": [
          134.88288000178218,
          34.73146700241051
        ]
      }
    },
    {
      "type": "Feature",
      "properties": {
        "P33_001": 210,
        "P33_002": "28210",
        "P33_003": "28",
        "P33_004": 2,
        "P33_005": "市立野口公民館",
        "P33_006": "675-0016",
        "P33_007": "加古川市野口町長砂49-5",
        "P33_008": "079-426-9020",
        "P33_009": 19830000,
        "P33_010": "‐",
        "P33_011": "‐",
        "P33_012": -1,
        "P33_013": -1,
        "P33_014": 2,
        "P33_015": "‐",
        "P33_016": "‐",
        "P33_017": "‐",
        "P33_018": -1,
        "P33_019": 1139,
        "P33_020": -1,
        "P33_021": -1,
        "P33_022": -1,
        "P33_023": -1,
        "P33_024": -1,
        "P33_041": 1
      },
      "geometry": {
        "type": "Point",
        "coordinates": [
          134.8512521272237,
          34.749513618329814
        ]
      }
    },
    {
      "type": "Feature",
      "properties": {
        "P33_001": 211,
        "P33_002": "28210",
        "P33_003": "28",
        "P33_004": 2,
        "P33_005": "市立両荘公民館",
        "P33_006": "675-1221",
        "P33_007": "加古川市平荘町山角718-1",
        "P33_008": "079-428-3133",
        "P33_009": 19760000,
        "P33_010": "‐",
        "P33_011": "‐",
        "P33_012": -1,
        "P33_013": -1,
        "P33_014": 2,
        "P33_015": "‐",
        "P33_016": "‐",
        "P33_017": "‐",
        "P33_018": -1,
        "P33_019": 1099,
        "P33_020": -1,
        "P33_021": -1,
        "P33_022": -1,
        "P33_023": -1,
        "P33_024": -1,
        "P33_041": 1
      },
      "geometry": {
        "type": "Point",
        "coordinates": [
          134.87969833237483,
          34.80189444465561
        ]
      }
    },
    {
      "type": "Feature",
      "properties": {
        "P33_001": 212,
        "P33_002": "28210",
        "P33_003": "28",
        "P33_004": 2,
        "P33_005": "市立陵南公民館",
        "P33_006": "675-0019",
        "P33_007": "加古川市野口町水足333-333",
        "P33_008": "079-456-7110",
        "P33_009": 20030000,
        "P33_010": "‐",
        "P33_011": "‐",
        "P33_012": -1,
        "P33_013": -1,
        "P33_014": 2,
        "P33_015": "‐",
        "P33_016": "‐",
        "P33_017": "‐",
        "P33_018": -1,
        "P33_019": 1180,
        "P33_020": -1,
        "P33_021": -1,
        "P33_022": -1,
        "P33_023": -1,
        "P33_024": -1,
        "P33_041": 1
      },
      "geometry": {
        "type": "Point",
        "coordinates": [
          134.8615780027548,
          34.76055000032578
        ]
      }
    },
    {
      "type": "Feature",
      "properties": {
        "P33_001": 225,
        "P33_002": "28214",
        "P33_003": "28",
        "P33_004": 2,
        "P33_005": "市立中央公民館",
        "P33_006": "665-0033",
        "P33_007": "宝塚市伊孑志1-4-1",
        "P33_008": "0797-73-0606",
        "P33_009": 19700000,
        "P33_010": "‐",
        "P33_011": "‐",
        "P33_012": -1,
        "P33_013": -1,
        "P33_014": 1,
        "P33_015": "‐",
        "P33_016": "‐",
        "P33_017": "‐",
        "P33_018": -1,
        "P33_019": 2083,
        "P33_020": -1,
        "P33_021": -1,
        "P33_022": -1,
        "P33_023": -1,
        "P33_024": -1,
        "P33_041": 1
      },
      "geometry": {
        "type": "Point",
        "coordinates": [
          135.3527802767033,
          34.79964416746691
        ]
      }
    },
    {
      "type": "Feature",
      "properties": {
        "P33_001": 219,
        "P33_002": "28214",
        "P33_003": "28",
        "P33_004": 2,
        "P33_005": "市立西公民館",
        "P33_006": "665-0034",
        "P33_007": "宝塚市小林2-7-30",
        "P33_008": "0797-77-1200",
        "P33_009": 19940000,
        "P33_010": "‐",
        "P33_011": "‐",
        "P33_012": -1,
        "P33_013": -1,
        "P33_014": 2,
        "P33_015": "‐",
        "P33_016": "‐",
        "P33_017": "‐",
        "P33_018": -1,
        "P33_019": 3676,
        "P33_020": -1,
        "P33_021": -1,
        "P33_022": -1,
        "P33_023": -1,
        "P33_024": -1,
        "P33_041": 1
      },
      "geometry": {
        "type": "Point",
        "coordinates": [
          135.35341500064428,
          34.79023200086756
        ]
      }
    },
    {
      "type": "Feature",
      "properties": {
        "P33_001": 220,
        "P33_002": "28214",
        "P33_003": "28",
        "P33_004": 2,
        "P33_005": "市立東公民館",
        "P33_006": "665-0882",
        "P33_007": "宝塚市山本南2-5-2",
        "P33_008": "0797-89-1567",
        "P33_009": 19880000,
        "P33_010": "‐",
        "P33_011": "‐",
        "P33_012": -1,
        "P33_013": -1,
        "P33_014": 2,
        "P33_015": "‐",
        "P33_016": "‐",
        "P33_017": "‐",
        "P33_018": -1,
        "P33_019": -1,
        "P33_020": -1,
        "P33_021": -1,
        "P33_022": -1,
        "P33_023": -1,
        "P33_024": -1,
        "P33_041": 1
      },
      "geometry": {
        "type": "Point",
        "coordinates": [
          135.39027199978653,
          34.81800500080047
        ]
      }
    },
    {
      "type": "Feature",
      "properties": {
        "P33_001": 233,
        "P33_002": "28215",
        "P33_003": "28",
        "P33_004": 2,
        "P33_005": "口吉川町公民館",
        "P33_006": "673-0741",
        "P33_007": "三木市口吉川町殿畑144",
        "P33_008": "0794-88-0004",
        "P33_009": 19490000,
        "P33_010": "‐",
        "P33_011": "‐",
        "P33_012": -1,
        "P33_013": -1,
        "P33_014": 2,
        "P33_015": "‐",
        "P33_016": "‐",
        "P33_017": "‐",
        "P33_018": -1,
        "P33_019": 1073,
        "P33_020": -1,
        "P33_021": -1,
        "P33_022": -1,
        "P33_023": -1,
        "P33_024": -1,
        "P33_041": 1
      },
      "geometry": {
        "type": "Point",
        "coordinates": [
          135.06239183017445,
          34.85632626819411
        ]
      }
    },
    {
      "type": "Feature",
      "properties": {
        "P33_001": 226,
        "P33_002": "28215",
        "P33_003": "28",
        "P33_004": 2,
        "P33_005": "中央公民館",
        "P33_006": "673-0431",
        "P33_007": "三木市本町2-2-10",
        "P33_008": "0794-82-2007",
        "P33_009": 19490000,
        "P33_010": "‐",
        "P33_011": "‐",
        "P33_012": -1,
        "P33_013": -1,
        "P33_014": 2,
        "P33_015": "‐",
        "P33_016": "‐",
        "P33_017": "‐",
        "P33_018": -1,
        "P33_019": 2585,
        "P33_020": -1,
        "P33_021": -1,
        "P33_022": -1,
        "P33_023": -1,
        "P33_024": -1,
        "P33_041": 1
      },
      "geometry": {
        "type": "Point",
        "coordinates": [
          134.98422800160716,
          34.799005000380234
        ]
      }
    },
    {
      "type": "Feature",
      "properties": {
        "P33_001": 227,
        "P33_002": "28215",
        "P33_003": "28",
        "P33_004": 2,
        "P33_005": "市立緑が丘町公民館",
        "P33_006": "673-0532",
        "P33_007": "三木市緑が丘町中3-38",
        "P33_008": "0794-85-7011",
        "P33_009": 19820000,
        "P33_010": "‐",
        "P33_011": "‐",
        "P33_012": -1,
        "P33_013": -1,
        "P33_014": 2,
        "P33_015": "‐",
        "P33_016": "‐",
        "P33_017": "‐",
        "P33_018": -1,
        "P33_019": 2169,
        "P33_020": -1,
        "P33_021": -1,
        "P33_022": -1,
        "P33_023": -1,
        "P33_024": -1,
        "P33_041": 1
      },
      "geometry": {
        "type": "Point",
        "coordinates": [
          135.03540141749428,
          34.77518894041646
        ]
      }
    },
    {
      "type": "Feature",
      "properties": {
        "P33_001": 228,
        "P33_002": "28215",
        "P33_003": "28",
        "P33_004": 2,
        "P33_005": "市立青山公民館",
        "P33_006": "673-0521",
        "P33_007": "三木市志染町青山3-15-2",
        "P33_008": "0794-87-1300",
        "P33_009": 19930000,
        "P33_010": "‐",
        "P33_011": "‐",
        "P33_012": -1,
        "P33_013": -1,
        "P33_014": 2,
        "P33_015": "‐",
        "P33_016": "‐",
        "P33_017": "‐",
        "P33_018": -1,
        "P33_019": 1935,
        "P33_020": -1,
        "P33_021": -1,
        "P33_022": -1,
        "P33_023": -1,
        "P33_024": -1,
        "P33_041": 1
      },
      "geometry": {
        "type": "Point",
        "coordinates": [
          135.03752990454103,
          34.777990153590025
        ]
      }
    },
    {
      "type": "Feature",
      "properties": {
        "P33_001": 229,
        "P33_002": "28215",
        "P33_003": "28",
        "P33_004": 2,
        "P33_005": "市立志染町公民館",
        "P33_006": "673-0512",
        "P33_007": "三木市志染町井上173",
        "P33_008": "0794-87-3814",
        "P33_009": 19790000,
        "P33_010": "‐",
        "P33_011": "‐",
        "P33_012": -1,
        "P33_013": -1,
        "P33_014": 2,
        "P33_015": "‐",
        "P33_016": "‐",
        "P33_017": "‐",
        "P33_018": -1,
        "P33_019": 1088,
        "P33_020": -1,
        "P33_021": -1,
        "P33_022": -1,
        "P33_023": -1,
        "P33_024": -1,
        "P33_041": 1
      },
      "geometry": {
        "type": "Point",
        "coordinates": [
          135.0345567898755,
          34.79752450702609
        ]
      }
    },
    {
      "type": "Feature",
      "properties": {
        "P33_001": 230,
        "P33_002": "28215",
        "P33_003": "28",
        "P33_004": 2,
        "P33_005": "市立別所町公民館",
        "P33_006": "673-0445",
        "P33_007": "三木市別所町西這田1-10",
        "P33_008": "0794-82-0072",
        "P33_009": 19780000,
        "P33_010": "‐",
        "P33_011": "‐",
        "P33_012": -1,
        "P33_013": -1,
        "P33_014": 2,
        "P33_015": "‐",
        "P33_016": "‐",
        "P33_017": "‐",
        "P33_018": -1,
        "P33_019": 1207,
        "P33_020": -1,
        "P33_021": -1,
        "P33_022": -1,
        "P33_023": -1,
        "P33_024": -1,
        "P33_041": 1
      },
      "geometry": {
        "type": "Point",
        "coordinates": [
          134.9565169992406,
          34.79174999980919
        ]
      }
    },
    {
      "type": "Feature",
      "properties": {
        "P33_001": 242,
        "P33_002": "28216",
        "P33_003": "28",
        "P33_004": 2,
        "P33_005": "阿弥陀公民館",
        "P33_006": "676-0827",
        "P33_007": "高砂市阿弥陀町阿弥陀1173-1",
        "P33_008": "079-448-4642",
        "P33_009": 19760000,
        "P33_010": "‐",
        "P33_011": "‐",
        "P33_012": -1,
        "P33_013": -1,
        "P33_014": 2,
        "P33_015": "‐",
        "P33_016": "‐",
        "P33_017": "‐",
        "P33_018": -1,
        "P33_019": 803,
        "P33_020": -1,
        "P33_021": -1,
        "P33_022": -1,
        "P33_023": -1,
        "P33_024": -1,
        "P33_041": 1
      },
      "geometry": {
        "type": "Point",
        "coordinates": [
          134.78181055611938,
          34.79639472284821
        ]
      }
    },
    {
      "type": "Feature",
      "properties": {
        "P33_001": 234,
        "P33_002": "28216",
        "P33_003": "28",
        "P33_004": 2,
        "P33_005": "荒井公民館",
        "P33_006": "676-0016",
        "P33_007": "高砂市荒井町扇町2-24",
        "P33_008": "079-442-0490",
        "P33_009": 19800000,
        "P33_010": "‐",
        "P33_011": "‐",
        "P33_012": -1,
        "P33_013": -1,
        "P33_014": 2,
        "P33_015": "‐",
        "P33_016": "‐",
        "P33_017": "‐",
        "P33_018": -1,
        "P33_019": 881,
        "P33_020": -1,
        "P33_021": -1,
        "P33_022": -1,
        "P33_023": -1,
        "P33_024": -1,
        "P33_041": 1
      },
      "geometry": {
        "type": "Point",
        "coordinates": [
          134.79536300103513,
          34.75978299892852
        ]
      }
    },
    {
      "type": "Feature",
      "properties": {
        "P33_001": 235,
        "P33_002": "28216",
        "P33_003": "28",
        "P33_004": 2,
        "P33_005": "北浜公民館",
        "P33_006": "671-0122",
        "P33_007": "高砂市北浜町北脇74-3",
        "P33_008": "079-254-5212",
        "P33_009": 19800000,
        "P33_010": "‐",
        "P33_011": "‐",
        "P33_012": -1,
        "P33_013": -1,
        "P33_014": 2,
        "P33_015": "‐",
        "P33_016": "‐",
        "P33_017": "‐",
        "P33_018": -1,
        "P33_019": 818,
        "P33_020": -1,
        "P33_021": -1,
        "P33_022": -1,
        "P33_023": -1,
        "P33_024": -1,
        "P33_041": 1
      },
      "geometry": {
        "type": "Point",
        "coordinates": [
          134.75219645162042,
          34.78553145043479
        ]
      }
    },
    {
      "type": "Feature",
      "properties": {
        "P33_001": 236,
        "P33_002": "28216",
        "P33_003": "28",
        "P33_004": 2,
        "P33_005": "曽根公民館",
        "P33_006": "676-0082",
        "P33_007": "高砂市曽根町2243-13",
        "P33_008": "079-448-4798",
        "P33_009": 19720000,
        "P33_010": "‐",
        "P33_011": "‐",
        "P33_012": -1,
        "P33_013": -1,
        "P33_014": 2,
        "P33_015": "‐",
        "P33_016": "‐",
        "P33_017": "‐",
        "P33_018": -1,
        "P33_019": 762,
        "P33_020": -1,
        "P33_021": -1,
        "P33_022": -1,
        "P33_023": -1,
        "P33_024": -1,
        "P33_041": 1
      },
      "geometry": {
        "type": "Point",
        "coordinates": [
          134.77145499723986,
          34.77879833476164
        ]
      }
    },
    {
      "type": "Feature",
      "properties": {
        "P33_001": 237,
        "P33_002": "28216",
        "P33_003": "28",
        "P33_004": 2,
        "P33_005": "高砂公民館",
        "P33_006": "676-0051",
        "P33_007": "高砂市横町1099-1",
        "P33_008": "079-443-5439",
        "P33_009": 19780000,
        "P33_010": "‐",
        "P33_011": "‐",
        "P33_012": -1,
        "P33_013": -1,
        "P33_014": 2,
        "P33_015": "‐",
        "P33_016": "‐",
        "P33_017": "‐",
        "P33_018": -1,
        "P33_019": 916,
        "P33_020": -1,
        "P33_021": -1,
        "P33_022": -1,
        "P33_023": -1,
        "P33_024": -1,
        "P33_041": 1
      },
      "geometry": {
        "type": "Point",
        "coordinates": [
          134.80217186706906,
          34.74646638946366
        ]
      }
    },
    {
      "type": "Feature",
      "properties": {
        "P33_001": 238,
        "P33_002": "28216",
        "P33_003": "28",
        "P33_004": 2,
        "P33_005": "中央公民館兼伊保公民館",
        "P33_006": "676-0071",
        "P33_007": "高砂市伊保東1-18-6",
        "P33_008": "079-447-2247",
        "P33_009": 19870000,
        "P33_010": "‐",
        "P33_011": "‐",
        "P33_012": -1,
        "P33_013": -1,
        "P33_014": 1,
        "P33_015": "‐",
        "P33_016": "‐",
        "P33_017": "‐",
        "P33_018": -1,
        "P33_019": 2359,
        "P33_020": -1,
        "P33_021": -1,
        "P33_022": -1,
        "P33_023": -1,
        "P33_024": -1,
        "P33_041": 1
      },
      "geometry": {
        "type": "Point",
        "coordinates": [
          134.79067199720626,
          34.76855899972188
        ]
      }
    },
    {
      "type": "Feature",
      "properties": {
        "P33_001": 239,
        "P33_002": "28216",
        "P33_003": "28",
        "P33_004": 2,
        "P33_005": "中筋公民館",
        "P33_006": "676-0812",
        "P33_007": "高砂市中筋3-5-24",
        "P33_008": "079-448-4821",
        "P33_009": 19790000,
        "P33_010": "‐",
        "P33_011": "‐",
        "P33_012": -1,
        "P33_013": -1,
        "P33_014": 2,
        "P33_015": "‐",
        "P33_016": "‐",
        "P33_017": "‐",
        "P33_018": -1,
        "P33_019": 602,
        "P33_020": -1,
        "P33_021": -1,
        "P33_022": -1,
        "P33_023": -1,
        "P33_024": -1,
        "P33_041": 1
      },
      "geometry": {
        "type": "Point",
        "coordinates": [
          134.77943600084797,
          34.78834900093686
        ]
      }
    },
    {
      "type": "Feature",
      "properties": {
        "P33_001": 240,
        "P33_002": "28216",
        "P33_003": "28",
        "P33_004": 2,
        "P33_005": "米田公民館",
        "P33_006": "676-0805",
        "P33_007": "高砂市米田町734",
        "P33_008": "079-432-6784",
        "P33_009": 19770000,
        "P33_010": "‐",
        "P33_011": "‐",
        "P33_012": -1,
        "P33_013": -1,
        "P33_014": 2,
        "P33_015": "‐",
        "P33_016": "‐",
        "P33_017": "‐",
        "P33_018": -1,
        "P33_019": 1033,
        "P33_020": -1,
        "P33_021": -1,
        "P33_022": -1,
        "P33_023": -1,
        "P33_024": -1,
        "P33_041": 1
      },
      "geometry": {
        "type": "Point",
        "coordinates": [
          134.81331200114272,
          34.7790219986545
        ]
      }
    },
    {
      "type": "Feature",
      "properties": {
        "P33_001": 254,
        "P33_002": "28217",
        "P33_003": "28",
        "P33_004": 2,
        "P33_005": "東谷公民館",
        "P33_006": "666-0105",
        "P33_007": "川西市見野2-21-11",
        "P33_008": "0727-94-0004",
        "P33_009": 19600000,
        "P33_010": "‐",
        "P33_011": "‐",
        "P33_012": -1,
        "P33_013": -1,
        "P33_014": 2,
        "P33_015": "‐",
        "P33_016": "‐",
        "P33_017": "‐",
        "P33_018": -1,
        "P33_019": 847,
        "P33_020": -1,
        "P33_021": -1,
        "P33_022": -1,
        "P33_023": -1,
        "P33_024": -1,
        "P33_041": 1
      },
      "geometry": {
        "type": "Point",
        "coordinates": [
          135.40868583108596,
          34.89210027899526
        ]
      }
    },
    {
      "type": "Feature",
      "properties": {
        "P33_001": 243,
        "P33_002": "28217",
        "P33_003": "28",
        "P33_004": 2,
        "P33_005": "川西南公民館",
        "P33_006": "666-0024",
        "P33_007": "川西市久代3-16-29",
        "P33_008": "072-757-8623",
        "P33_009": 19800000,
        "P33_010": "‐",
        "P33_011": "‐",
        "P33_012": -1,
        "P33_013": -1,
        "P33_014": 2,
        "P33_015": "‐",
        "P33_016": "‐",
        "P33_017": "‐",
        "P33_018": -1,
        "P33_019": 1022,
        "P33_020": -1,
        "P33_021": -1,
        "P33_022": -1,
        "P33_023": -1,
        "P33_024": -1,
        "P33_041": 1
      },
      "geometry": {
        "type": "Point",
        "coordinates": [
          135.40753799800595,
          34.80866699977717
        ]
      }
    },
    {
      "type": "Feature",
      "properties": {
        "P33_001": 244,
        "P33_002": "28217",
        "P33_003": "28",
        "P33_004": 2,
        "P33_005": "黒川公民館",
        "P33_006": "666-0003",
        "P33_007": "川西市黒川谷垣内295",
        "P33_008": "072-738-0107",
        "P33_009": 19770000,
        "P33_010": "‐",
        "P33_011": "‐",
        "P33_012": -1,
        "P33_013": -1,
        "P33_014": 2,
        "P33_015": "‐",
        "P33_016": "‐",
        "P33_017": "‐",
        "P33_018": -1,
        "P33_019": 689,
        "P33_020": -1,
        "P33_021": -1,
        "P33_022": -1,
        "P33_023": -1,
        "P33_024": -1,
        "P33_041": 1
      },
      "geometry": {
        "type": "Point",
        "coordinates": [
          135.44018900225197,
          34.92718600055815
        ]
      }
    },
    {
      "type": "Feature",
      "properties": {
        "P33_001": 245,
        "P33_002": "28217",
        "P33_003": "28",
        "P33_004": 2,
        "P33_005": "けやき坂公民館",
        "P33_006": "666-0145",
        "P33_007": "川西市けやき坂2-63-1",
        "P33_008": "072-798-0770",
        "P33_009": 19980000,
        "P33_010": "‐",
        "P33_011": "‐",
        "P33_012": -1,
        "P33_013": -1,
        "P33_014": 2,
        "P33_015": "‐",
        "P33_016": "‐",
        "P33_017": "‐",
        "P33_018": -1,
        "P33_019": 1112,
        "P33_020": -1,
        "P33_021": -1,
        "P33_022": -1,
        "P33_023": -1,
        "P33_024": -1,
        "P33_041": 1
      },
      "geometry": {
        "type": "Point",
        "coordinates": [
          135.3803000015186,
          34.861102998455294
        ]
      }
    },
    {
      "type": "Feature",
      "properties": {
        "P33_001": 246,
        "P33_002": "28217",
        "P33_003": "28",
        "P33_004": 2,
        "P33_005": "清和台公民館",
        "P33_006": "666-0143",
        "P33_007": "川西市清和台西3-1-7",
        "P33_008": "072-798-1280",
        "P33_009": 19840000,
        "P33_010": "‐",
        "P33_011": "‐",
        "P33_012": -1,
        "P33_013": -1,
        "P33_014": 2,
        "P33_015": "‐",
        "P33_016": "‐",
        "P33_017": "‐",
        "P33_018": -1,
        "P33_019": 804,
        "P33_020": -1,
        "P33_021": -1,
        "P33_022": -1,
        "P33_023": -1,
        "P33_024": -1,
        "P33_041": 1
      },
      "geometry": {
        "type": "Point",
        "coordinates": [
          135.38740250097277,
          34.87233444285375
        ]
      }
    },
    {
      "type": "Feature",
      "properties": {
        "P33_001": 247,
        "P33_002": "28217",
        "P33_003": "28",
        "P33_004": 2,
        "P33_005": "多田公民館",
        "P33_006": "666-0126",
        "P33_007": "川西市多田院1-5-1",
        "P33_008": "072-793-0011",
        "P33_009": 19770000,
        "P33_010": "‐",
        "P33_011": "‐",
        "P33_012": -1,
        "P33_013": -1,
        "P33_014": 2,
        "P33_015": "‐",
        "P33_016": "‐",
        "P33_017": "‐",
        "P33_018": -1,
        "P33_019": 916,
        "P33_020": -1,
        "P33_021": -1,
        "P33_022": -1,
        "P33_023": -1,
        "P33_024": -1,
        "P33_041": 1
      },
      "geometry": {
        "type": "Point",
        "coordinates": [
          135.40492799822556,
          34.86111200080863
        ]
      }
    },
    {
      "type": "Feature",
      "properties": {
        "P33_001": 248,
        "P33_002": "28217",
        "P33_003": "28",
        "P33_004": 2,
        "P33_005": "中央公民館",
        "P33_006": "666-0003",
        "P33_007": "川西市丸の内町5-1",
        "P33_008": "072-758-0103",
        "P33_009": 19670000,
        "P33_010": "‐",
        "P33_011": "‐",
        "P33_012": -1,
        "P33_013": -1,
        "P33_014": 1,
        "P33_015": "‐",
        "P33_016": "‐",
        "P33_017": "‐",
        "P33_018": -1,
        "P33_019": 2431,
        "P33_020": -1,
        "P33_021": -1,
        "P33_022": -1,
        "P33_023": -1,
        "P33_024": -1,
        "P33_041": 1
      },
      "geometry": {
        "type": "Point",
        "coordinates": [
          135.41851699840663,
          34.839144999208884
        ]
      }
    },
    {
      "type": "Feature",
      "properties": {
        "P33_001": 249,
        "P33_002": "28217",
        "P33_003": "28",
        "P33_004": 2,
        "P33_005": "北陵公民館",
        "P33_006": "666-0152",
        "P33_007": "川西市丸山台1-5-2",
        "P33_008": "072-794-9090",
        "P33_009": 19980000,
        "P33_010": "‐",
        "P33_011": "‐",
        "P33_012": -1,
        "P33_013": -1,
        "P33_014": 2,
        "P33_015": "‐",
        "P33_016": "‐",
        "P33_017": "‐",
        "P33_018": -1,
        "P33_019": 1085,
        "P33_020": -1,
        "P33_021": -1,
        "P33_022": -1,
        "P33_023": -1,
        "P33_024": -1,
        "P33_041": 1
      },
      "geometry": {
        "type": "Point",
        "coordinates": [
          135.39689300001896,
          34.90549800045268
        ]
      }
    },
    {
      "type": "Feature",
      "properties": {
        "P33_001": 250,
        "P33_002": "28217",
        "P33_003": "28",
        "P33_004": 2,
        "P33_005": "緑台公民館",
        "P33_006": "666-0115",
        "P33_007": "川西市向陽台1-6-38",
        "P33_008": "072-792-4951",
        "P33_009": 19750000,
        "P33_010": "‐",
        "P33_011": "‐",
        "P33_012": -1,
        "P33_013": -1,
        "P33_014": 2,
        "P33_015": "‐",
        "P33_016": "‐",
        "P33_017": "‐",
        "P33_018": -1,
        "P33_019": 998,
        "P33_020": -1,
        "P33_021": -1,
        "P33_022": -1,
        "P33_023": -1,
        "P33_024": -1,
        "P33_041": 1
      },
      "geometry": {
        "type": "Point",
        "coordinates": [
          135.410465001129,
          34.87153416832982
        ]
      }
    },
    {
      "type": "Feature",
      "properties": {
        "P33_001": 251,
        "P33_002": "28217",
        "P33_003": "28",
        "P33_004": 2,
        "P33_005": "明峰公民館",
        "P33_006": "666-0006",
        "P33_007": "川西市萩原台3-282-11",
        "P33_008": "072-759-6901",
        "P33_009": 19900000,
        "P33_010": "‐",
        "P33_011": "‐",
        "P33_012": -1,
        "P33_013": -1,
        "P33_014": 2,
        "P33_015": "‐",
        "P33_016": "‐",
        "P33_017": "‐",
        "P33_018": -1,
        "P33_019": 1057,
        "P33_020": -1,
        "P33_021": -1,
        "P33_022": -1,
        "P33_023": -1,
        "P33_024": -1,
        "P33_041": 1
      },
      "geometry": {
        "type": "Point",
        "coordinates": [
          135.4092490017404,
          34.84844999954319
        ]
      }
    },
    {
      "type": "Feature",
      "properties": {
        "P33_001": 257,
        "P33_002": "28219",
        "P33_003": "28",
        "P33_004": 2,
        "P33_005": "中央公民館",
        "P33_006": "669-1533",
        "P33_007": "三田市三田町22-19",
        "P33_008": "079-563-2991",
        "P33_009": 19740000,
        "P33_010": "‐",
        "P33_011": "‐",
        "P33_012": -1,
        "P33_013": -1,
        "P33_014": 1,
        "P33_015": "‐",
        "P33_016": "‐",
        "P33_017": "‐",
        "P33_018": -1,
        "P33_019": 2366,
        "P33_020": -1,
        "P33_021": -1,
        "P33_022": -1,
        "P33_023": -1,
        "P33_024": -1,
        "P33_041": 1
      },
      "geometry": {
        "type": "Point",
        "coordinates": [
          135.22507999988883,
          34.88275777605093
        ]
      }
    },
    {
      "type": "Feature",
      "properties": {
        "P33_001": 261,
        "P33_002": "28220",
        "P33_003": "28",
        "P33_004": 2,
        "P33_005": "南部公民館",
        "P33_006": "675-2104",
        "P33_007": "加西市上宮木町524-2",
        "P33_008": "0790-49-0041",
        "P33_009": -1,
        "P33_010": "‐",
        "P33_011": "‐",
        "P33_012": -1,
        "P33_013": -1,
        "P33_014": 2,
        "P33_015": "‐",
        "P33_016": "‐",
        "P33_017": "‐",
        "P33_018": -1,
        "P33_019": 1000,
        "P33_020": -1,
        "P33_021": -1,
        "P33_022": -1,
        "P33_023": -1,
        "P33_024": -1,
        "P33_041": 1
      },
      "geometry": {
        "type": "Point",
        "coordinates": [
          134.87567499895437,
          34.89441299800732
        ]
      }
    },
    {
      "type": "Feature",
      "properties": {
        "P33_001": 258,
        "P33_002": "28220",
        "P33_003": "28",
        "P33_004": 2,
        "P33_005": "善防公民館",
        "P33_006": "675-2232",
        "P33_007": "加西市戸田井町388-10",
        "P33_008": "0790-48-2643",
        "P33_009": -1,
        "P33_010": "‐",
        "P33_011": "‐",
        "P33_012": -1,
        "P33_013": -1,
        "P33_014": 2,
        "P33_015": "‐",
        "P33_016": "‐",
        "P33_017": "‐",
        "P33_018": -1,
        "P33_019": 2250,
        "P33_020": -1,
        "P33_021": -1,
        "P33_022": -1,
        "P33_023": -1,
        "P33_024": -1,
        "P33_041": 1
      },
      "geometry": {
        "type": "Point",
        "coordinates": [
          134.83560282544627,
          34.88365926787282
        ]
      }
    },
    {
      "type": "Feature",
      "properties": {
        "P33_001": 259,
        "P33_002": "28220",
        "P33_003": "28",
        "P33_004": 2,
        "P33_005": "北部公民館",
        "P33_006": "675-2322",
        "P33_007": "加西市満久町233-10",
        "P33_008": "0790-45-0103",
        "P33_009": 19680000,
        "P33_010": "‐",
        "P33_011": "‐",
        "P33_012": -1,
        "P33_013": -1,
        "P33_014": 2,
        "P33_015": "‐",
        "P33_016": "‐",
        "P33_017": "‐",
        "P33_018": -1,
        "P33_019": 1064,
        "P33_020": -1,
        "P33_021": -1,
        "P33_022": -1,
        "P33_023": -1,
        "P33_024": -1,
        "P33_041": 1
      },
      "geometry": {
        "type": "Point",
        "coordinates": [
          134.8737859998467,
          34.94921600076646
        ]
      }
    },
    {
      "type": "Feature",
      "properties": {
        "P33_001": 269,
        "P33_002": "28221",
        "P33_003": "28",
        "P33_004": 2,
        "P33_005": "市立中央公民館",
        "P33_006": "669-2205",
        "P33_007": "篠山市網掛429",
        "P33_008": "079-594-1180",
        "P33_009": 19880000,
        "P33_010": "‐",
        "P33_011": "‐",
        "P33_012": -1,
        "P33_013": -1,
        "P33_014": 1,
        "P33_015": "‐",
        "P33_016": "‐",
        "P33_017": "‐",
        "P33_018": -1,
        "P33_019": 3802,
        "P33_020": -1,
        "P33_021": -1,
        "P33_022": -1,
        "P33_023": -1,
        "P33_024": -1,
        "P33_041": 1
      },
      "geometry": {
        "type": "Point",
        "coordinates": [
          135.1850305578669,
          35.06653957626436
        ]
      }
    },
    {
      "type": "Feature",
      "properties": {
        "P33_001": 262,
        "P33_002": "28221",
        "P33_003": "28",
        "P33_004": 2,
        "P33_005": "今田まちづくりセンター",
        "P33_006": "669-2153",
        "P33_007": "篠山市今田町今田新田14-1",
        "P33_008": "079-597-2255",
        "P33_009": 19550000,
        "P33_010": "‐",
        "P33_011": "‐",
        "P33_012": -1,
        "P33_013": -1,
        "P33_014": 2,
        "P33_015": "‐",
        "P33_016": "‐",
        "P33_017": "‐",
        "P33_018": -1,
        "P33_019": 1246,
        "P33_020": -1,
        "P33_021": -1,
        "P33_022": -1,
        "P33_023": -1,
        "P33_024": -1,
        "P33_041": 1
      },
      "geometry": {
        "type": "Point",
        "coordinates": [
          135.10504004360453,
          35.00374748736828
        ]
      }
    },
    {
      "type": "Feature",
      "properties": {
        "P33_001": 263,
        "P33_002": "28221",
        "P33_003": "28",
        "P33_004": 2,
        "P33_005": "市立城東公民館",
        "P33_006": "669-2441",
        "P33_007": "篠山市日置385-1",
        "P33_008": "079-556-3171",
        "P33_009": -1,
        "P33_010": "‐",
        "P33_011": "‐",
        "P33_012": -1,
        "P33_013": -1,
        "P33_014": 2,
        "P33_015": "‐",
        "P33_016": "‐",
        "P33_017": "‐",
        "P33_018": -1,
        "P33_019": 1833,
        "P33_020": -1,
        "P33_021": -1,
        "P33_022": -1,
        "P33_023": -1,
        "P33_024": -1,
        "P33_041": 1
      },
      "geometry": {
        "type": "Point",
        "coordinates": [
          135.279199790431,
          35.070278369575874
        ]
      }
    },
    {
      "type": "Feature",
      "properties": {
        "P33_001": 264,
        "P33_002": "28221",
        "P33_003": "28",
        "P33_004": 2,
        "P33_005": "西紀支所",
        "P33_006": "669-2734",
        "P33_007": "篠山市宮田240",
        "P33_008": "079-593-1111",
        "P33_009": 19700000,
        "P33_010": "‐",
        "P33_011": "‐",
        "P33_012": -1,
        "P33_013": -1,
        "P33_014": 2,
        "P33_015": "‐",
        "P33_016": "‐",
        "P33_017": "‐",
        "P33_018": -1,
        "P33_019": 655,
        "P33_020": -1,
        "P33_021": -1,
        "P33_022": -1,
        "P33_023": -1,
        "P33_024": -1,
        "P33_041": 1
      },
      "geometry": {
        "type": "Point",
        "coordinates": [
          135.1737850007275,
          35.09287800124667
        ]
      }
    },
    {
      "type": "Feature",
      "properties": {
        "P33_001": 265,
        "P33_002": "28221",
        "P33_003": "28",
        "P33_004": 2,
        "P33_005": "多紀支所",
        "P33_006": "669-2513",
        "P33_007": "篠山市福住344-1",
        "P33_008": "079-557-1177",
        "P33_009": -1,
        "P33_010": "‐",
        "P33_011": "‐",
        "P33_012": -1,
        "P33_013": -1,
        "P33_014": 2,
        "P33_015": "‐",
        "P33_016": "‐",
        "P33_017": "‐",
        "P33_018": -1,
        "P33_019": -1,
        "P33_020": -1,
        "P33_021": -1,
        "P33_022": -1,
        "P33_023": -1,
        "P33_024": -1,
        "P33_041": 1
      },
      "geometry": {
        "type": "Point",
        "coordinates": [
          135.3434680027323,
          35.07149800161688
        ]
      }
    },
    {
      "type": "Feature",
      "properties": {
        "P33_001": 285,
        "P33_002": "28222",
        "P33_003": "28",
        "P33_004": 2,
        "P33_005": "大屋市民センター",
        "P33_006": "667-0311",
        "P33_007": "養父市大屋町大屋市場20-1",
        "P33_008": "079-669-0120",
        "P33_009": 19550000,
        "P33_010": "‐",
        "P33_011": "‐",
        "P33_012": -1,
        "P33_013": -1,
        "P33_014": 1,
        "P33_015": "‐",
        "P33_016": "‐",
        "P33_017": "‐",
        "P33_018": -1,
        "P33_019": 828,
        "P33_020": -1,
        "P33_021": -1,
        "P33_022": -1,
        "P33_023": -1,
        "P33_024": -1,
        "P33_041": 1
      },
      "geometry": {
        "type": "Point",
        "coordinates": [
          134.66524700275485,
          35.33335799834147
        ]
      }
    },
    {
      "type": "Feature",
      "properties": {
        "P33_001": 270,
        "P33_002": "28222",
        "P33_003": "28",
        "P33_004": 2,
        "P33_005": "大屋公民館",
        "P33_006": "667-0312",
        "P33_007": "養父市大屋町山路7",
        "P33_008": "079-669-0120",
        "P33_009": 19830000,
        "P33_010": "‐",
        "P33_011": "‐",
        "P33_012": -1,
        "P33_013": -1,
        "P33_014": 2,
        "P33_015": "‐",
        "P33_016": "‐",
        "P33_017": "‐",
        "P33_018": -1,
        "P33_019": 828,
        "P33_020": -1,
        "P33_021": -1,
        "P33_022": -1,
        "P33_023": -1,
        "P33_024": -1,
        "P33_041": 1
      },
      "geometry": {
        "type": "Point",
        "coordinates": [
          134.66540492960831,
          35.33282500155912
        ]
      }
    },
    {
      "type": "Feature",
      "properties": {
        "P33_001": 271,
        "P33_002": "28222",
        "P33_003": "28",
        "P33_004": 2,
        "P33_005": "口大屋公民館",
        "P33_006": "667-0304",
        "P33_007": "養父市大屋町中1026-1",
        "P33_008": "‐",
        "P33_009": 19830000,
        "P33_010": "‐",
        "P33_011": "‐",
        "P33_012": -1,
        "P33_013": -1,
        "P33_014": 2,
        "P33_015": "‐",
        "P33_016": "‐",
        "P33_017": "‐",
        "P33_018": -1,
        "P33_019": 304,
        "P33_020": -1,
        "P33_021": -1,
        "P33_022": -1,
        "P33_023": -1,
        "P33_024": -1,
        "P33_041": 1
      },
      "geometry": {
        "type": "Point",
        "coordinates": [
          134.70309600021312,
          35.35225099923448
        ]
      }
    },
    {
      "type": "Feature",
      "properties": {
        "P33_001": 272,
        "P33_002": "28222",
        "P33_003": "28",
        "P33_004": 2,
        "P33_005": "西谷地区公民館",
        "P33_006": "667-0322",
        "P33_007": "養父市大屋町筏416-5",
        "P33_008": "‐",
        "P33_009": 19830000,
        "P33_010": "‐",
        "P33_011": "‐",
        "P33_012": -1,
        "P33_013": -1,
        "P33_014": 2,
        "P33_015": "‐",
        "P33_016": "‐",
        "P33_017": "‐",
        "P33_018": -1,
        "P33_019": 278,
        "P33_020": -1,
        "P33_021": -1,
        "P33_022": -1,
        "P33_023": -1,
        "P33_024": -1,
        "P33_041": 1
      },
      "geometry": {
        "type": "Point",
        "coordinates": [
          134.62250600099284,
          35.325193999769354
        ]
      }
    },
    {
      "type": "Feature",
      "properties": {
        "P33_001": 273,
        "P33_002": "28222",
        "P33_003": "28",
        "P33_004": 2,
        "P33_005": "南谷地区公民館",
        "P33_006": "667-0433",
        "P33_007": "養父市大屋町門野62",
        "P33_008": "‐",
        "P33_009": 19830000,
        "P33_010": "‐",
        "P33_011": "‐",
        "P33_012": -1,
        "P33_013": -1,
        "P33_014": 2,
        "P33_015": "‐",
        "P33_016": "‐",
        "P33_017": "‐",
        "P33_018": -1,
        "P33_019": 402,
        "P33_020": -1,
        "P33_021": -1,
        "P33_022": -1,
        "P33_023": -1,
        "P33_024": -1,
        "P33_041": 1
      },
      "geometry": {
        "type": "Point",
        "coordinates": [
          134.68120999859033,
          35.310260999675386
        ]
      }
    },
    {
      "type": "Feature",
      "properties": {
        "P33_001": 274,
        "P33_002": "28222",
        "P33_003": "28",
        "P33_004": 2,
        "P33_005": "市立関宮公民館",
        "P33_006": "667-1105",
        "P33_007": "養父市関宮637",
        "P33_008": "079-667-3266",
        "P33_009": 19890000,
        "P33_010": "‐",
        "P33_011": "‐",
        "P33_012": -1,
        "P33_013": -1,
        "P33_014": 2,
        "P33_015": "‐",
        "P33_016": "‐",
        "P33_017": "‐",
        "P33_018": 9432,
        "P33_019": 1544,
        "P33_020": 1,
        "P33_021": 362,
        "P33_022": 362,
        "P33_023": 3,
        "P33_024": 1,
        "P33_041": 1
      },
      "geometry": {
        "type": "Point",
        "coordinates": [
          134.6449220916839,
          35.375448013793005
        ]
      }
    },
    {
      "type": "Feature",
      "properties": {
        "P33_001": 275,
        "P33_002": "28222",
        "P33_003": "28",
        "P33_004": 2,
        "P33_005": "市立養父公民館",
        "P33_006": "667-0101",
        "P33_007": "養父市広谷250",
        "P33_008": "079-664-1141",
        "P33_009": 19770000,
        "P33_010": "‐",
        "P33_011": "‐",
        "P33_012": -1,
        "P33_013": -1,
        "P33_014": -1,
        "P33_015": "‐",
        "P33_016": "‐",
        "P33_017": "‐",
        "P33_018": -1,
        "P33_019": 3439,
        "P33_020": -1,
        "P33_021": -1,
        "P33_022": -1,
        "P33_023": -1,
        "P33_024": -1,
        "P33_041": 1
      },
      "geometry": {
        "type": "Point",
        "coordinates": [
          134.77662400183954,
          35.37960999810264
        ]
      }
    },
    {
      "type": "Feature",
      "properties": {
        "P33_001": 276,
        "P33_002": "28222",
        "P33_003": "28",
        "P33_004": 2,
        "P33_005": "市立八鹿公民館",
        "P33_006": "667-0021",
        "P33_007": "養父市八鹿町八鹿1675",
        "P33_008": "079-662-6141",
        "P33_009": 19740000,
        "P33_010": "‐",
        "P33_011": "‐",
        "P33_012": -1,
        "P33_013": -1,
        "P33_014": 2,
        "P33_015": "‐",
        "P33_016": "‐",
        "P33_017": "‐",
        "P33_018": -1,
        "P33_019": 1481,
        "P33_020": -1,
        "P33_021": -1,
        "P33_022": -1,
        "P33_023": -1,
        "P33_024": -1,
        "P33_041": 1
      },
      "geometry": {
        "type": "Point",
        "coordinates": [
          134.76782336646463,
          35.40438932922659
        ]
      }
    },
    {
      "type": "Feature",
      "properties": {
        "P33_001": 277,
        "P33_002": "28222",
        "P33_003": "28",
        "P33_004": 2,
        "P33_005": "市立葛畑コミュニティセンター",
        "P33_006": "667-1115",
        "P33_007": "養父市葛畑1367",
        "P33_008": "079-667-8006",
        "P33_009": 19780000,
        "P33_010": "‐",
        "P33_011": "‐",
        "P33_012": -1,
        "P33_013": -1,
        "P33_014": 3,
        "P33_015": "‐",
        "P33_016": "‐",
        "P33_017": "‐",
        "P33_018": -1,
        "P33_019": 490,
        "P33_020": -1,
        "P33_021": -1,
        "P33_022": -1,
        "P33_023": -1,
        "P33_024": -1,
        "P33_041": 1
      },
      "geometry": {
        "type": "Point",
        "coordinates": [
          134.5847669992457,
          35.37649900095425
        ]
      }
    },
    {
      "type": "Feature",
      "properties": {
        "P33_001": 292,
        "P33_002": "28223",
        "P33_003": "28",
        "P33_004": 2,
        "P33_005": "市立ライフピアいちじま",
        "P33_006": "669-4322",
        "P33_007": "丹波市市島町上田814",
        "P33_008": "0795-85-3030",
        "P33_009": 19951009,
        "P33_010": "‐",
        "P33_011": "‐",
        "P33_012": -1,
        "P33_013": -1,
        "P33_014": 3,
        "P33_015": "‐",
        "P33_016": "‐",
        "P33_017": "‐",
        "P33_018": 25564,
        "P33_019": 5917,
        "P33_020": 1,
        "P33_021": 500,
        "P33_022": 500,
        "P33_023": 2,
        "P33_024": 1,
        "P33_041": 1
      },
      "geometry": {
        "type": "Point",
        "coordinates": [
          135.14466259016376,
          35.20998163765542
        ]
      }
    },
    {
      "type": "Feature",
      "properties": {
        "P33_001": 286,
        "P33_002": "28223",
        "P33_003": "28",
        "P33_004": 2,
        "P33_005": "市立青垣住民センター",
        "P33_006": "669-3811",
        "P33_007": "丹波市青垣町佐治114",
        "P33_008": "0795-87-0368",
        "P33_009": -1,
        "P33_010": "‐",
        "P33_011": "‐",
        "P33_012": -1,
        "P33_013": -1,
        "P33_014": 2,
        "P33_015": "‐",
        "P33_016": "‐",
        "P33_017": "‐",
        "P33_018": 12795,
        "P33_019": 6607,
        "P33_020": 1,
        "P33_021": 200,
        "P33_022": 200,
        "P33_023": 7,
        "P33_024": -1,
        "P33_041": 1
      },
      "geometry": {
        "type": "Point",
        "coordinates": [
          135.0022530026618,
          35.24867399941206
        ]
      }
    },
    {
      "type": "Feature",
      "properties": {
        "P33_001": 287,
        "P33_002": "28223",
        "P33_003": "28",
        "P33_004": 2,
        "P33_005": "市立春日住民センター",
        "P33_006": "669-4192",
        "P33_007": "丹波市春日町黒井496-2",
        "P33_008": "0795-74-0225",
        "P33_009": 19550000,
        "P33_010": "‐",
        "P33_011": "‐",
        "P33_012": -1,
        "P33_013": -1,
        "P33_014": 3,
        "P33_015": "‐",
        "P33_016": "‐",
        "P33_017": "‐",
        "P33_018": -1,
        "P33_019": 1417,
        "P33_020": -1,
        "P33_021": -1,
        "P33_022": -1,
        "P33_023": -1,
        "P33_024": -1,
        "P33_041": 1
      },
      "geometry": {
        "type": "Point",
        "coordinates": [
          135.10213668627145,
          35.16830819579493
        ]
      }
    },
    {
      "type": "Feature",
      "properties": {
        "P33_001": 288,
        "P33_002": "28223",
        "P33_003": "28",
        "P33_004": 2,
        "P33_005": "市立氷上住民センター",
        "P33_006": "669-3198",
        "P33_007": "丹波市氷上町成松宇甲賀1",
        "P33_008": "0795-82-3719",
        "P33_009": 20070000,
        "P33_010": "‐",
        "P33_011": "‐",
        "P33_012": -1,
        "P33_013": -1,
        "P33_014": 1,
        "P33_015": "‐",
        "P33_016": "‐",
        "P33_017": "‐",
        "P33_018": -1,
        "P33_019": -1,
        "P33_020": -1,
        "P33_021": -1,
        "P33_022": -1,
        "P33_023": -1,
        "P33_024": -1,
        "P33_041": 1
      },
      "geometry": {
        "type": "Point",
        "coordinates": [
          135.03612900295656,
          35.07409299881905
        ]
      }
    },
    {
      "type": "Feature",
      "properties": {
        "P33_001": 289,
        "P33_002": "28223",
        "P33_003": "28",
        "P33_004": 2,
        "P33_005": "市立柏原住民センター",
        "P33_006": "669-3309",
        "P33_007": "丹波市柏原町柏原5528",
        "P33_008": "0795-72-2552",
        "P33_009": 19550000,
        "P33_010": "‐",
        "P33_011": "‐",
        "P33_012": -1,
        "P33_013": -1,
        "P33_014": 2,
        "P33_015": "‐",
        "P33_016": "‐",
        "P33_017": "‐",
        "P33_018": -1,
        "P33_019": 3872,
        "P33_020": -1,
        "P33_021": -1,
        "P33_022": -1,
        "P33_023": -1,
        "P33_024": -1,
        "P33_041": 1
      },
      "geometry": {
        "type": "Point",
        "coordinates": [
          135.0716481705922,
          35.12400584345148
        ]
      }
    },
    {
      "type": "Feature",
      "properties": {
        "P33_001": 290,
        "P33_002": "28223",
        "P33_003": "28",
        "P33_004": 2,
        "P33_005": "市立山南住民センター",
        "P33_006": "669-3131",
        "P33_007": "丹波市山南町谷川1110",
        "P33_008": "0795-77-0310",
        "P33_009": 19700000,
        "P33_010": "‐",
        "P33_011": "‐",
        "P33_012": -1,
        "P33_013": -1,
        "P33_014": 3,
        "P33_015": "‐",
        "P33_016": "‐",
        "P33_017": "‐",
        "P33_018": -1,
        "P33_019": 2297,
        "P33_020": -1,
        "P33_021": -1,
        "P33_022": -1,
        "P33_023": -1,
        "P33_024": -1,
        "P33_041": 1
      },
      "geometry": {
        "type": "Point",
        "coordinates": [
          135.03612900295656,
          35.07409299881905
        ]
      }
    },
    {
      "type": "Feature",
      "properties": {
        "P33_001": 315,
        "P33_002": "28224",
        "P33_003": "28",
        "P33_004": 2,
        "P33_005": "阿那賀地区公民館",
        "P33_006": "656-0661",
        "P33_007": "南あわじ市阿那賀25",
        "P33_008": "0799-39-0011",
        "P33_009": 19870000,
        "P33_010": "‐",
        "P33_011": "‐",
        "P33_012": -1,
        "P33_013": -1,
        "P33_014": 2,
        "P33_015": "‐",
        "P33_016": "‐",
        "P33_017": "‐",
        "P33_018": -1,
        "P33_019": -1,
        "P33_020": -1,
        "P33_021": -1,
        "P33_022": -1,
        "P33_023": -1,
        "P33_024": -1,
        "P33_041": 1
      },
      "geometry": {
        "type": "Point",
        "coordinates": [
          134.67158299915442,
          34.272469000242516
        ]
      }
    },
    {
      "type": "Feature",
      "properties": {
        "P33_001": 293,
        "P33_002": "28224",
        "P33_003": "28",
        "P33_004": 2,
        "P33_005": "阿万地区公民館",
        "P33_006": "656-0544",
        "P33_007": "南あわじ市阿万下町423-1",
        "P33_008": "0799-55-0046",
        "P33_009": -1,
        "P33_010": "‐",
        "P33_011": "‐",
        "P33_012": -1,
        "P33_013": -1,
        "P33_014": 2,
        "P33_015": "‐",
        "P33_016": "‐",
        "P33_017": "‐",
        "P33_018": -1,
        "P33_019": 1019,
        "P33_020": -1,
        "P33_021": -1,
        "P33_022": -1,
        "P33_023": -1,
        "P33_024": -1,
        "P33_041": 1
      },
      "geometry": {
        "type": "Point",
        "coordinates": [
          134.73727194510207,
          34.22217694319967
        ]
      }
    },
    {
      "type": "Feature",
      "properties": {
        "P33_001": 294,
        "P33_002": "28224",
        "P33_003": "28",
        "P33_004": 2,
        "P33_005": "伊加利公民館",
        "P33_006": "656-0651",
        "P33_007": "南あわじ市伊加利614-2",
        "P33_008": "0799-39-0567",
        "P33_009": 19870000,
        "P33_010": "‐",
        "P33_011": "‐",
        "P33_012": -1,
        "P33_013": -1,
        "P33_014": 2,
        "P33_015": "‐",
        "P33_016": "‐",
        "P33_017": "‐",
        "P33_018": -1,
        "P33_019": 1223,
        "P33_020": -1,
        "P33_021": -1,
        "P33_022": -1,
        "P33_023": -1,
        "P33_024": -1,
        "P33_041": 1
      },
      "geometry": {
        "type": "Point",
        "coordinates": [
          134.6868780520919,
          34.28534611264409
        ]
      }
    },
    {
      "type": "Feature",
      "properties": {
        "P33_001": 295,
        "P33_002": "28224",
        "P33_003": "28",
        "P33_004": 2,
        "P33_005": "市地区公民館",
        "P33_006": "656-0475",
        "P33_007": "南あわじ市市三條878-1",
        "P33_008": "0799-42-5957",
        "P33_009": 19780000,
        "P33_010": "‐",
        "P33_011": "‐",
        "P33_012": -1,
        "P33_013": -1,
        "P33_014": 2,
        "P33_015": "‐",
        "P33_016": "‐",
        "P33_017": "‐",
        "P33_018": -1,
        "P33_019": 353,
        "P33_020": -1,
        "P33_021": -1,
        "P33_022": -1,
        "P33_023": -1,
        "P33_024": -1,
        "P33_041": 1
      },
      "geometry": {
        "type": "Point",
        "coordinates": [
          134.76793600037033,
          34.28997600197241
        ]
      }
    },
    {
      "type": "Feature",
      "properties": {
        "P33_001": 296,
        "P33_002": "28224",
        "P33_003": "28",
        "P33_004": 2,
        "P33_005": "榎列公民館",
        "P33_006": "656-0423",
        "P33_007": "南あわじ市榎列下幡多802",
        "P33_008": "0799-42-2393",
        "P33_009": 20020000,
        "P33_010": "‐",
        "P33_011": "‐",
        "P33_012": -1,
        "P33_013": -1,
        "P33_014": 2,
        "P33_015": "‐",
        "P33_016": "‐",
        "P33_017": "‐",
        "P33_018": -1,
        "P33_019": 605,
        "P33_020": -1,
        "P33_021": -1,
        "P33_022": -1,
        "P33_023": -1,
        "P33_024": -1,
        "P33_041": 1
      },
      "geometry": {
        "type": "Point",
        "coordinates": [
          134.7718920007148,
          34.31317199972801
        ]
      }
    },
    {
      "type": "Feature",
      "properties": {
        "P33_001": 297,
        "P33_002": "28224",
        "P33_003": "28",
        "P33_004": 2,
        "P33_005": "賀集地区公民館",
        "P33_006": "656-0514",
        "P33_007": "南あわじ市賀集1053",
        "P33_008": "0799-54-0331",
        "P33_009": 19550000,
        "P33_010": "‐",
        "P33_011": "‐",
        "P33_012": -1,
        "P33_013": -1,
        "P33_014": 2,
        "P33_015": "‐",
        "P33_016": "‐",
        "P33_017": "‐",
        "P33_018": -1,
        "P33_019": 1239,
        "P33_020": -1,
        "P33_021": -1,
        "P33_022": -1,
        "P33_023": -1,
        "P33_024": -1,
        "P33_041": 1
      },
      "geometry": {
        "type": "Point",
        "coordinates": [
          134.7526340023265,
          34.2625080012345
        ]
      }
    },
    {
      "type": "Feature",
      "properties": {
        "P33_001": 298,
        "P33_002": "28224",
        "P33_003": "28",
        "P33_004": 2,
        "P33_005": "北阿万公民館",
        "P33_006": "656-0534",
        "P33_007": "南あわじ市北阿万筒井1228-7",
        "P33_008": "0799-55-0055",
        "P33_009": -1,
        "P33_010": "‐",
        "P33_011": "‐",
        "P33_012": -1,
        "P33_013": -1,
        "P33_014": 2,
        "P33_015": "‐",
        "P33_016": "‐",
        "P33_017": "‐",
        "P33_018": -1,
        "P33_019": 1355,
        "P33_020": -1,
        "P33_021": -1,
        "P33_022": -1,
        "P33_023": -1,
        "P33_024": -1,
        "P33_041": 1
      },
      "geometry": {
        "type": "Point",
        "coordinates": [
          134.7504905542506,
          34.24846055759115
        ]
      }
    },
    {
      "type": "Feature",
      "properties": {
        "P33_001": 299,
        "P33_002": "28224",
        "P33_003": "28",
        "P33_004": 2,
        "P33_005": "潮美台地区公民館",
        "P33_006": "656-0521",
        "P33_007": "南あわじ市潮美台2-22-3",
        "P33_008": "0799-52-0430",
        "P33_009": 20070000,
        "P33_010": "‐",
        "P33_011": "‐",
        "P33_012": -1,
        "P33_013": -1,
        "P33_014": 2,
        "P33_015": "‐",
        "P33_016": "‐",
        "P33_017": "‐",
        "P33_018": -1,
        "P33_019": 298,
        "P33_020": -1,
        "P33_021": -1,
        "P33_022": -1,
        "P33_023": -1,
        "P33_024": -1,
        "P33_041": 1
      },
      "geometry": {
        "type": "Point",
        "coordinates": [
          134.73171399878458,
          34.256000000966445
        ]
      }
    },
    {
      "type": "Feature",
      "properties": {
        "P33_001": 300,
        "P33_002": "28224",
        "P33_003": "28",
        "P33_004": 2,
        "P33_005": "神代地区公民館",
        "P33_006": "656-0457",
        "P33_007": "南あわじ市神代富田1-4",
        "P33_008": "0799-42-5958",
        "P33_009": 19800000,
        "P33_010": "‐",
        "P33_011": "‐",
        "P33_012": -1,
        "P33_013": -1,
        "P33_014": 2,
        "P33_015": "‐",
        "P33_016": "‐",
        "P33_017": "‐",
        "P33_018": -1,
        "P33_019": 382,
        "P33_020": -1,
        "P33_021": -1,
        "P33_022": -1,
        "P33_023": -1,
        "P33_024": -1,
        "P33_041": 1
      },
      "geometry": {
        "type": "Point",
        "coordinates": [
          134.76986499802075,
          34.277114999123576
        ]
      }
    },
    {
      "type": "Feature",
      "properties": {
        "P33_001": 301,
        "P33_002": "28224",
        "P33_003": "28",
        "P33_004": 2,
        "P33_005": "津井地区公民館",
        "P33_006": "656-0341",
        "P33_007": "南あわじ市津井2285-4",
        "P33_008": "0799-38-0201",
        "P33_009": 19870000,
        "P33_010": "‐",
        "P33_011": "‐",
        "P33_012": -1,
        "P33_013": -1,
        "P33_014": 2,
        "P33_015": "‐",
        "P33_016": "‐",
        "P33_017": "‐",
        "P33_018": -1,
        "P33_019": -1,
        "P33_020": -1,
        "P33_021": -1,
        "P33_022": -1,
        "P33_023": -1,
        "P33_024": -1,
        "P33_041": 1
      },
      "geometry": {
        "type": "Point",
        "coordinates": [
          134.6928770025268,
          34.317965999262995
        ]
      }
    },
    {
      "type": "Feature",
      "properties": {
        "P33_001": 302,
        "P33_002": "28224",
        "P33_003": "28",
        "P33_004": 2,
        "P33_005": "灘地区公民館",
        "P33_006": "656-0551",
        "P33_007": "南あわじ市灘士生1-1",
        "P33_008": "0799-56-0001",
        "P33_009": 19550000,
        "P33_010": "‐",
        "P33_011": "‐",
        "P33_012": -1,
        "P33_013": -1,
        "P33_014": 2,
        "P33_015": "‐",
        "P33_016": "‐",
        "P33_017": "‐",
        "P33_018": -1,
        "P33_019": 897,
        "P33_020": -1,
        "P33_021": -1,
        "P33_022": -1,
        "P33_023": -1,
        "P33_024": -1,
        "P33_041": 1
      },
      "geometry": {
        "type": "Point",
        "coordinates": [
          134.79723600207686,
          34.20018300004407
        ]
      }
    },
    {
      "type": "Feature",
      "properties": {
        "P33_001": 303,
        "P33_002": "28224",
        "P33_003": "28",
        "P33_004": 2,
        "P33_005": "南淡公民館",
        "P33_006": "656-0501",
        "P33_007": "南あわじ市福良甲512-2",
        "P33_008": "0799-50-3048",
        "P33_009": 19800000,
        "P33_010": "‐",
        "P33_011": "‐",
        "P33_012": -1,
        "P33_013": -1,
        "P33_014": 3,
        "P33_015": "‐",
        "P33_016": "‐",
        "P33_017": "‐",
        "P33_018": -1,
        "P33_019": 1974,
        "P33_020": -1,
        "P33_021": -1,
        "P33_022": -1,
        "P33_023": -1,
        "P33_024": -1,
        "P33_041": 1
      },
      "geometry": {
        "type": "Point",
        "coordinates": [
          134.7215836142593,
          34.25711610966595
        ]
      }
    },
    {
      "type": "Feature",
      "properties": {
        "P33_001": 304,
        "P33_002": "28224",
        "P33_003": "28",
        "P33_004": 2,
        "P33_005": "西淡公民館",
        "P33_006": "656-0393",
        "P33_007": "南あわじ市湊75-1",
        "P33_008": "0799-37-3028",
        "P33_009": 19870000,
        "P33_010": "‐",
        "P33_011": "‐",
        "P33_012": -1,
        "P33_013": -1,
        "P33_014": 4,
        "P33_015": "‐",
        "P33_016": "‐",
        "P33_017": "‐",
        "P33_018": -1,
        "P33_019": 2044,
        "P33_020": -1,
        "P33_021": -1,
        "P33_022": -1,
        "P33_023": -1,
        "P33_024": -1,
        "P33_041": 1
      },
      "geometry": {
        "type": "Point",
        "coordinates": [
          134.73417583066689,
          34.324956110016174
        ]
      }
    },
    {
      "type": "Feature",
      "properties": {
        "P33_001": 305,
        "P33_002": "28224",
        "P33_003": "28",
        "P33_004": 2,
        "P33_005": "西淡志知公民館",
        "P33_006": "656-0321",
        "P33_007": "南あわじ市志知鈩412",
        "P33_008": "0799-37-3028",
        "P33_009": 19870000,
        "P33_010": "‐",
        "P33_011": "‐",
        "P33_012": -1,
        "P33_013": -1,
        "P33_014": 2,
        "P33_015": "‐",
        "P33_016": "‐",
        "P33_017": "‐",
        "P33_018": -1,
        "P33_019": 200,
        "P33_020": -1,
        "P33_021": -1,
        "P33_022": -1,
        "P33_023": -1,
        "P33_024": -1,
        "P33_041": 1
      },
      "geometry": {
        "type": "Point",
        "coordinates": [
          134.73902555629812,
          34.301928609756025
        ]
      }
    },
    {
      "type": "Feature",
      "properties": {
        "P33_001": 306,
        "P33_002": "28224",
        "P33_003": "28",
        "P33_004": 2,
        "P33_005": "沼島地区公民館",
        "P33_006": "656-0961",
        "P33_007": "南あわじ市沼島2368",
        "P33_008": "0799-57-0001",
        "P33_009": 19780000,
        "P33_010": "‐",
        "P33_011": "‐",
        "P33_012": -1,
        "P33_013": -1,
        "P33_014": 2,
        "P33_015": "‐",
        "P33_016": "‐",
        "P33_017": "‐",
        "P33_018": -1,
        "P33_019": 1107,
        "P33_020": -1,
        "P33_021": -1,
        "P33_022": -1,
        "P33_023": -1,
        "P33_024": -1,
        "P33_041": 1
      },
      "geometry": {
        "type": "Point",
        "coordinates": [
          134.8204070015035,
          34.16896400138201
        ]
      }
    },
    {
      "type": "Feature",
      "properties": {
        "P33_001": 307,
        "P33_002": "28224",
        "P33_003": "28",
        "P33_004": 2,
        "P33_005": "八木地区公民館",
        "P33_006": "656-0433",
        "P33_007": "南あわじ市八木鳥井348-2",
        "P33_008": "0799-42-5956",
        "P33_009": 19760000,
        "P33_010": "‐",
        "P33_011": "‐",
        "P33_012": -1,
        "P33_013": -1,
        "P33_014": 2,
        "P33_015": "‐",
        "P33_016": "‐",
        "P33_017": "‐",
        "P33_018": -1,
        "P33_019": 357,
        "P33_020": -1,
        "P33_021": -1,
        "P33_022": -1,
        "P33_023": -1,
        "P33_024": -1,
        "P33_041": 1
      },
      "geometry": {
        "type": "Point",
        "coordinates": [
          134.79003800065485,
          34.29605999839549
        ]
      }
    },
    {
      "type": "Feature",
      "properties": {
        "P33_001": 308,
        "P33_002": "28224",
        "P33_003": "28",
        "P33_004": 2,
        "P33_005": "松帆公民館",
        "P33_006": "656-0315",
        "P33_007": "南あわじ市松帆高屋丙100-1",
        "P33_008": "0799-36-2137",
        "P33_009": 19950000,
        "P33_010": "‐",
        "P33_011": "‐",
        "P33_012": -1,
        "P33_013": -1,
        "P33_014": 2,
        "P33_015": "‐",
        "P33_016": "‐",
        "P33_017": "‐",
        "P33_018": -1,
        "P33_019": 1588,
        "P33_020": -1,
        "P33_021": -1,
        "P33_022": -1,
        "P33_023": -1,
        "P33_024": -1,
        "P33_041": 1
      },
      "geometry": {
        "type": "Point",
        "coordinates": [
          134.74730000078216,
          34.323813999149756
        ]
      }
    },
    {
      "type": "Feature",
      "properties": {
        "P33_001": 309,
        "P33_002": "28224",
        "P33_003": "28",
        "P33_004": 2,
        "P33_005": "丸山公民館",
        "P33_006": "656-0661",
        "P33_007": "南あわじ市阿那賀1348",
        "P33_008": "0799-39-0210",
        "P33_009": 19870000,
        "P33_010": "‐",
        "P33_011": "‐",
        "P33_012": -1,
        "P33_013": -1,
        "P33_014": 2,
        "P33_015": "‐",
        "P33_016": "‐",
        "P33_017": "‐",
        "P33_018": -1,
        "P33_019": 1795,
        "P33_020": -1,
        "P33_021": -1,
        "P33_022": -1,
        "P33_023": -1,
        "P33_024": -1,
        "P33_041": 1
      },
      "geometry": {
        "type": "Point",
        "coordinates": [
          134.6664690025442,
          34.28634500168149
        ]
      }
    },
    {
      "type": "Feature",
      "properties": {
        "P33_001": 310,
        "P33_002": "28224",
        "P33_003": "28",
        "P33_004": 2,
        "P33_005": "緑公民館",
        "P33_006": "656-0192",
        "P33_007": "南あわじ市広田1057-1",
        "P33_008": "0799-44-3008",
        "P33_009": 19770000,
        "P33_010": "‐",
        "P33_011": "‐",
        "P33_012": -1,
        "P33_013": -1,
        "P33_014": 2,
        "P33_015": "‐",
        "P33_016": "‐",
        "P33_017": "‐",
        "P33_018": -1,
        "P33_019": 1768,
        "P33_020": -1,
        "P33_021": -1,
        "P33_022": -1,
        "P33_023": -1,
        "P33_024": -1,
        "P33_041": 1
      },
      "geometry": {
        "type": "Point",
        "coordinates": [
          134.82933900050176,
          34.32390699865536
        ]
      }
    },
    {
      "type": "Feature",
      "properties": {
        "P33_001": 311,
        "P33_002": "28224",
        "P33_003": "28",
        "P33_004": 2,
        "P33_005": "湊地区公民館",
        "P33_006": "656-0332",
        "P33_007": "南あわじ市湊545",
        "P33_008": "0799-36-2055",
        "P33_009": 19870000,
        "P33_010": "‐",
        "P33_011": "‐",
        "P33_012": -1,
        "P33_013": -1,
        "P33_014": 2,
        "P33_015": "‐",
        "P33_016": "‐",
        "P33_017": "‐",
        "P33_018": -1,
        "P33_019": 161,
        "P33_020": -1,
        "P33_021": -1,
        "P33_022": -1,
        "P33_023": -1,
        "P33_024": -1,
        "P33_041": 1
      },
      "geometry": {
        "type": "Point",
        "coordinates": [
          134.73171699954793,
          34.3267059995754
        ]
      }
    },
    {
      "type": "Feature",
      "properties": {
        "P33_001": 312,
        "P33_002": "28224",
        "P33_003": "28",
        "P33_004": 2,
        "P33_005": "三原公民館",
        "P33_006": "656-0475",
        "P33_007": "南あわじ市市三條880",
        "P33_008": "0799-43-5038",
        "P33_009": 19830000,
        "P33_010": "‐",
        "P33_011": "‐",
        "P33_012": -1,
        "P33_013": -1,
        "P33_014": -1,
        "P33_015": "‐",
        "P33_016": "‐",
        "P33_017": "‐",
        "P33_018": -1,
        "P33_019": 2378,
        "P33_020": -1,
        "P33_021": -1,
        "P33_022": -1,
        "P33_023": -1,
        "P33_024": -1,
        "P33_041": 1
      },
      "geometry": {
        "type": "Point",
        "coordinates": [
          134.76792599820115,
          34.28961099949461
        ]
      }
    },
    {
      "type": "Feature",
      "properties": {
        "P33_001": 313,
        "P33_002": "28224",
        "P33_003": "28",
        "P33_004": 2,
        "P33_005": "三原公民館分館",
        "P33_006": "656-0474",
        "P33_007": "南あわじ市市市345-1",
        "P33_008": "‐",
        "P33_009": -1,
        "P33_010": "‐",
        "P33_011": "‐",
        "P33_012": -1,
        "P33_013": -1,
        "P33_014": 3,
        "P33_015": "‐",
        "P33_016": "‐",
        "P33_017": "‐",
        "P33_018": -1,
        "P33_019": -1,
        "P33_020": -1,
        "P33_021": -1,
        "P33_022": -1,
        "P33_023": -1,
        "P33_024": -1,
        "P33_041": 1
      },
      "geometry": {
        "type": "Point",
        "coordinates": [
          134.76870499974478,
          34.29118599894963
        ]
      }
    },
    {
      "type": "Feature",
      "properties": {
        "P33_001": 314,
        "P33_002": "28224",
        "P33_003": "28",
        "P33_004": 2,
        "P33_005": "三原志知公民館",
        "P33_006": "656-0484",
        "P33_007": "南あわじ市志知佐礼尾363",
        "P33_008": "0799-42-6343",
        "P33_009": 19840000,
        "P33_010": "‐",
        "P33_011": "‐",
        "P33_012": -1,
        "P33_013": -1,
        "P33_014": 2,
        "P33_015": "‐",
        "P33_016": "‐",
        "P33_017": "‐",
        "P33_018": -1,
        "P33_019": 350,
        "P33_020": -1,
        "P33_021": -1,
        "P33_022": -1,
        "P33_023": -1,
        "P33_024": -1,
        "P33_041": 1
      },
      "geometry": {
        "type": "Point",
        "coordinates": [
          134.74025547179713,
          34.295733912821696
        ]
      }
    },
    {
      "type": "Feature",
      "properties": {
        "P33_001": 325,
        "P33_002": "28225",
        "P33_003": "28",
        "P33_004": 2,
        "P33_005": "生野公民館",
        "P33_006": "679-3301",
        "P33_007": "朝来市生野町口銀谷791-1",
        "P33_008": "079-679-3544",
        "P33_009": 19720000,
        "P33_010": "‐",
        "P33_011": "‐",
        "P33_012": -1,
        "P33_013": -1,
        "P33_014": 2,
        "P33_015": "‐",
        "P33_016": "‐",
        "P33_017": "‐",
        "P33_018": -1,
        "P33_019": 1354,
        "P33_020": -1,
        "P33_021": -1,
        "P33_022": -1,
        "P33_023": -1,
        "P33_024": -1,
        "P33_041": 1
      },
      "geometry": {
        "type": "Point",
        "coordinates": [
          134.79534444359393,
          35.167082498665856
        ]
      }
    },
    {
      "type": "Feature",
      "properties": {
        "P33_001": 316,
        "P33_002": "28225",
        "P33_003": "28",
        "P33_004": 2,
        "P33_005": "竹田地区コミュニティーセンター",
        "P33_006": "669-5252",
        "P33_007": "朝来市和田山町竹田650",
        "P33_008": "079-674-0269",
        "P33_009": 19780000,
        "P33_010": "‐",
        "P33_011": "‐",
        "P33_012": -1,
        "P33_013": -1,
        "P33_014": 2,
        "P33_015": "‐",
        "P33_016": "‐",
        "P33_017": "‐",
        "P33_018": -1,
        "P33_019": 481,
        "P33_020": -1,
        "P33_021": -1,
        "P33_022": -1,
        "P33_023": -1,
        "P33_024": -1,
        "P33_041": 1
      },
      "geometry": {
        "type": "Point",
        "coordinates": [
          134.83793899797055,
          35.298244998769626
        ]
      }
    },
    {
      "type": "Feature",
      "properties": {
        "P33_001": 317,
        "P33_002": "28225",
        "P33_003": "28",
        "P33_004": 2,
        "P33_005": "朝来公民館",
        "P33_006": "679-3431",
        "P33_007": "朝来市新井73-1",
        "P33_008": "079-677-2112",
        "P33_009": 19730000,
        "P33_010": "‐",
        "P33_011": "‐",
        "P33_012": -1,
        "P33_013": -1,
        "P33_014": 2,
        "P33_015": "‐",
        "P33_016": "‐",
        "P33_017": "‐",
        "P33_018": -1,
        "P33_019": 1009,
        "P33_020": -1,
        "P33_021": -1,
        "P33_022": -1,
        "P33_023": -1,
        "P33_024": -1,
        "P33_041": 1
      },
      "geometry": {
        "type": "Point",
        "coordinates": [
          134.79557120784602,
          35.24323894656886
        ]
      }
    },
    {
      "type": "Feature",
      "properties": {
        "P33_001": 318,
        "P33_002": "28225",
        "P33_003": "28",
        "P33_004": 2,
        "P33_005": "和田山公民館",
        "P33_006": "669-5213",
        "P33_007": "朝来市和田山町玉置824‐1",
        "P33_008": "079-672-0188",
        "P33_009": 19950000,
        "P33_010": "‐",
        "P33_011": "‐",
        "P33_012": -1,
        "P33_013": -1,
        "P33_014": 1,
        "P33_015": "‐",
        "P33_016": "‐",
        "P33_017": "‐",
        "P33_018": -1,
        "P33_019": 893,
        "P33_020": -1,
        "P33_021": -1,
        "P33_022": -1,
        "P33_023": -1,
        "P33_024": -1,
        "P33_041": 1
      },
      "geometry": {
        "type": "Point",
        "coordinates": [
          134.864388002005,
          35.33320299916546
        ]
      }
    },
    {
      "type": "Feature",
      "properties": {
        "P33_001": 319,
        "P33_002": "28225",
        "P33_003": "28",
        "P33_004": 2,
        "P33_005": "和田山農業振興センター",
        "P33_006": "669-5242",
        "P33_007": "朝来市和田山町宮田186-3",
        "P33_008": "079-673-2091",
        "P33_009": 19780000,
        "P33_010": "‐",
        "P33_011": "‐",
        "P33_012": -1,
        "P33_013": -1,
        "P33_014": 2,
        "P33_015": "‐",
        "P33_016": "‐",
        "P33_017": "‐",
        "P33_018": -1,
        "P33_019": 481,
        "P33_020": -1,
        "P33_021": -1,
        "P33_022": -1,
        "P33_023": -1,
        "P33_024": -1,
        "P33_041": 1
      },
      "geometry": {
        "type": "Point",
        "coordinates": [
          134.82582499964985,
          35.358213000148005
        ]
      }
    },
    {
      "type": "Feature",
      "properties": {
        "P33_001": 320,
        "P33_002": "28225",
        "P33_003": "28",
        "P33_004": 2,
        "P33_005": "和田山農村環境改善センター",
        "P33_006": "669-5226",
        "P33_007": "朝来市和田山町中94-2",
        "P33_008": "079-672-0196",
        "P33_009": 19790000,
        "P33_010": "‐",
        "P33_011": "‐",
        "P33_012": -1,
        "P33_013": -1,
        "P33_014": 2,
        "P33_015": "‐",
        "P33_016": "‐",
        "P33_017": "‐",
        "P33_018": -1,
        "P33_019": 427,
        "P33_020": -1,
        "P33_021": -1,
        "P33_022": -1,
        "P33_023": -1,
        "P33_024": -1,
        "P33_041": 1
      },
      "geometry": {
        "type": "Point",
        "coordinates": [
          134.88513099879293,
          35.34907899837639
        ]
      }
    },
    {
      "type": "Feature",
      "properties": {
        "P33_001": 321,
        "P33_002": "28225",
        "P33_003": "28",
        "P33_004": 2,
        "P33_005": "和田山婦人・若者等活動促進施設",
        "P33_006": "669-5233",
        "P33_007": "朝来市和田山町高生田400",
        "P33_008": "079-675-2655",
        "P33_009": 19990000,
        "P33_010": "‐",
        "P33_011": "‐",
        "P33_012": -1,
        "P33_013": -1,
        "P33_014": 2,
        "P33_015": "‐",
        "P33_016": "‐",
        "P33_017": "‐",
        "P33_018": -1,
        "P33_019": 498,
        "P33_020": -1,
        "P33_021": -1,
        "P33_022": -1,
        "P33_023": -1,
        "P33_024": -1,
        "P33_041": 1
      },
      "geometry": {
        "type": "Point",
        "coordinates": [
          134.85759400241702,
          35.370651001067486
        ]
      }
    },
    {
      "type": "Feature",
      "properties": {
        "P33_001": 322,
        "P33_002": "28225",
        "P33_003": "28",
        "P33_004": 2,
        "P33_005": "和田山駅前展示館",
        "P33_006": "669-5202",
        "P33_007": "朝来市和田山町東谷213-4",
        "P33_008": "‐",
        "P33_009": 19980000,
        "P33_010": "‐",
        "P33_011": "‐",
        "P33_012": -1,
        "P33_013": -1,
        "P33_014": 4,
        "P33_015": "‐",
        "P33_016": "‐",
        "P33_017": "‐",
        "P33_018": -1,
        "P33_019": -1,
        "P33_020": -1,
        "P33_021": -1,
        "P33_022": -1,
        "P33_023": -1,
        "P33_024": -1,
        "P33_041": 1
      },
      "geometry": {
        "type": "Point",
        "coordinates": [
          134.8517970027926,
          35.34027400157908
        ]
      }
    },
    {
      "type": "Feature",
      "properties": {
        "P33_001": 335,
        "P33_002": "28228",
        "P33_003": "28",
        "P33_004": 2,
        "P33_005": "社公民館",
        "P33_006": "673-1493",
        "P33_007": "加東市木梨1134-60",
        "P33_008": "0795-42-2600",
        "P33_009": 19550000,
        "P33_010": "‐",
        "P33_011": "‐",
        "P33_012": -1,
        "P33_013": -1,
        "P33_014": 2,
        "P33_015": "‐",
        "P33_016": "‐",
        "P33_017": "‐",
        "P33_018": -1,
        "P33_019": 994,
        "P33_020": -1,
        "P33_021": -1,
        "P33_022": -1,
        "P33_023": -1,
        "P33_024": -1,
        "P33_041": 1
      },
      "geometry": {
        "type": "Point",
        "coordinates": [
          134.9740149986916,
          34.91866199866526
        ]
      }
    },
    {
      "type": "Feature",
      "properties": {
        "P33_001": 330,
        "P33_002": "28228",
        "P33_003": "28",
        "P33_004": 2,
        "P33_005": "滝野公民館",
        "P33_006": "679-0212",
        "P33_007": "加東市下滝野1369",
        "P33_008": "0795-48-3073",
        "P33_009": 19700000,
        "P33_010": "‐",
        "P33_011": "‐",
        "P33_012": -1,
        "P33_013": -1,
        "P33_014": 2,
        "P33_015": "‐",
        "P33_016": "‐",
        "P33_017": "‐",
        "P33_018": -1,
        "P33_019": 1379,
        "P33_020": -1,
        "P33_021": -1,
        "P33_022": -1,
        "P33_023": -1,
        "P33_024": -1,
        "P33_041": 1
      },
      "geometry": {
        "type": "Point",
        "coordinates": [
          134.94455900233046,
          34.936802001160096
        ]
      }
    },
    {
      "type": "Feature",
      "properties": {
        "P33_001": 331,
        "P33_002": "28228",
        "P33_003": "28",
        "P33_004": 2,
        "P33_005": "東条公民館",
        "P33_006": "673-1323",
        "P33_007": "加東市岡本1572-4",
        "P33_008": "0795-46-0553",
        "P33_009": 19740000,
        "P33_010": "‐",
        "P33_011": "‐",
        "P33_012": -1,
        "P33_013": -1,
        "P33_014": 3,
        "P33_015": "‐",
        "P33_016": "‐",
        "P33_017": "‐",
        "P33_018": -1,
        "P33_019": 1254,
        "P33_020": -1,
        "P33_021": -1,
        "P33_022": -1,
        "P33_023": -1,
        "P33_024": -1,
        "P33_041": 1
      },
      "geometry": {
        "type": "Point",
        "coordinates": [
          135.0495213883938,
          34.89407111253673
        ]
      }
    },
    {
      "type": "Feature",
      "properties": {
        "P33_001": 346,
        "P33_002": "28229",
        "P33_003": "28",
        "P33_004": 2,
        "P33_005": "市立御津公民館",
        "P33_006": "671-1341",
        "P33_007": "たつの市御津町釜屋168-6",
        "P33_008": "079-322-4501",
        "P33_009": 19680000,
        "P33_010": "‐",
        "P33_011": "‐",
        "P33_012": -1,
        "P33_013": -1,
        "P33_014": 2,
        "P33_015": "‐",
        "P33_016": "‐",
        "P33_017": "‐",
        "P33_018": -1,
        "P33_019": 1040,
        "P33_020": -1,
        "P33_021": -1,
        "P33_022": -1,
        "P33_023": -1,
        "P33_024": -1,
        "P33_041": 1
      },
      "geometry": {
        "type": "Point",
        "coordinates": [
          134.55909400274746,
          34.78586900072217
        ]
      }
    },
    {
      "type": "Feature",
      "properties": {
        "P33_001": 336,
        "P33_002": "28229",
        "P33_003": "28",
        "P33_004": 2,
        "P33_005": "市立小宅公民館",
        "P33_006": "679-4126",
        "P33_007": "たつの市龍野町中村269-14",
        "P33_008": "0791-63-1436",
        "P33_009": 19470000,
        "P33_010": "‐",
        "P33_011": "‐",
        "P33_012": -1,
        "P33_013": -1,
        "P33_014": 2,
        "P33_015": "‐",
        "P33_016": "‐",
        "P33_017": "‐",
        "P33_018": -1,
        "P33_019": 910,
        "P33_020": -1,
        "P33_021": -1,
        "P33_022": -1,
        "P33_023": -1,
        "P33_024": -1,
        "P33_041": 1
      },
      "geometry": {
        "type": "Point",
        "coordinates": [
          134.55657377814975,
          34.859381009194365
        ]
      }
    },
    {
      "type": "Feature",
      "properties": {
        "P33_001": 337,
        "P33_002": "28229",
        "P33_003": "28",
        "P33_004": 2,
        "P33_005": "市立新宮公民館",
        "P33_006": "679-4313",
        "P33_007": "たつの市新宮町新宮1060-1",
        "P33_008": "0791-75-0922",
        "P33_009": 19620000,
        "P33_010": "‐",
        "P33_011": "‐",
        "P33_012": -1,
        "P33_013": -1,
        "P33_014": 2,
        "P33_015": "‐",
        "P33_016": "‐",
        "P33_017": "‐",
        "P33_018": -1,
        "P33_019": 415,
        "P33_020": -1,
        "P33_021": -1,
        "P33_022": -1,
        "P33_023": -1,
        "P33_024": -1,
        "P33_041": 1
      },
      "geometry": {
        "type": "Point",
        "coordinates": [
          134.55139300019863,
          34.92005899954677
        ]
      }
    },
    {
      "type": "Feature",
      "properties": {
        "P33_001": 338,
        "P33_002": "28229",
        "P33_003": "28",
        "P33_004": 2,
        "P33_005": "市立神岡公民館",
        "P33_006": "679-4106",
        "P33_007": "たつの市神岡町横内304-1",
        "P33_008": "0791-65-2109",
        "P33_009": 19810000,
        "P33_010": "‐",
        "P33_011": "‐",
        "P33_012": -1,
        "P33_013": -1,
        "P33_014": 2,
        "P33_015": "‐",
        "P33_016": "‐",
        "P33_017": "‐",
        "P33_018": -1,
        "P33_019": 650,
        "P33_020": -1,
        "P33_021": -1,
        "P33_022": -1,
        "P33_023": -1,
        "P33_024": -1,
        "P33_041": 1
      },
      "geometry": {
        "type": "Point",
        "coordinates": [
          134.57544999724269,
          34.88471799941012
        ]
      }
    },
    {
      "type": "Feature",
      "properties": {
        "P33_001": 339,
        "P33_002": "28229",
        "P33_003": "28",
        "P33_004": 2,
        "P33_005": "市立中央公民館",
        "P33_006": "679-4164",
        "P33_007": "たつの市龍野町立町40",
        "P33_008": "0791-62-0959",
        "P33_009": 19910000,
        "P33_010": "‐",
        "P33_011": "‐",
        "P33_012": -1,
        "P33_013": -1,
        "P33_014": 1,
        "P33_015": "‐",
        "P33_016": "‐",
        "P33_017": "‐",
        "P33_018": -1,
        "P33_019": 963,
        "P33_020": -1,
        "P33_021": -1,
        "P33_022": -1,
        "P33_023": -1,
        "P33_024": -1,
        "P33_041": 1
      },
      "geometry": {
        "type": "Point",
        "coordinates": [
          134.54432600095717,
          34.865931000594905
        ]
      }
    },
    {
      "type": "Feature",
      "properties": {
        "P33_001": 340,
        "P33_002": "28229",
        "P33_003": "28",
        "P33_004": 2,
        "P33_005": "市立揖西公民館",
        "P33_006": "679-4014",
        "P33_007": "たつの市揖西町竹万95-1",
        "P33_008": "0791-66-2410",
        "P33_009": 19460000,
        "P33_010": "‐",
        "P33_011": "‐",
        "P33_012": -1,
        "P33_013": -1,
        "P33_014": 2,
        "P33_015": "‐",
        "P33_016": "‐",
        "P33_017": "‐",
        "P33_018": -1,
        "P33_019": 720,
        "P33_020": -1,
        "P33_021": -1,
        "P33_022": -1,
        "P33_023": -1,
        "P33_024": -1,
        "P33_041": 1
      },
      "geometry": {
        "type": "Point",
        "coordinates": [
          134.5121859304375,
          34.8507430107409
        ]
      }
    },
    {
      "type": "Feature",
      "properties": {
        "P33_001": 341,
        "P33_002": "28229",
        "P33_003": "28",
        "P33_004": 2,
        "P33_005": "市立揖保公民館",
        "P33_006": "679-4141",
        "P33_007": "たつの市揖保町栄327-3",
        "P33_008": "0791-67-1440",
        "P33_009": 19790000,
        "P33_010": "‐",
        "P33_011": "‐",
        "P33_012": -1,
        "P33_013": -1,
        "P33_014": 2,
        "P33_015": "‐",
        "P33_016": "‐",
        "P33_017": "‐",
        "P33_018": -1,
        "P33_019": 829,
        "P33_020": -1,
        "P33_021": -1,
        "P33_022": -1,
        "P33_023": -1,
        "P33_024": -1,
        "P33_041": 1
      },
      "geometry": {
        "type": "Point",
        "coordinates": [
          134.54614234893805,
          34.82723525942002
        ]
      }
    },
    {
      "type": "Feature",
      "properties": {
        "P33_001": 342,
        "P33_002": "28229",
        "P33_003": "28",
        "P33_004": 2,
        "P33_005": "市立揖保川公民館",
        "P33_006": "671-1631",
        "P33_007": "たつの市揖保川町山津屋19-1",
        "P33_008": "0791-72-2412",
        "P33_009": 19660000,
        "P33_010": "‐",
        "P33_011": "‐",
        "P33_012": -1,
        "P33_013": -1,
        "P33_014": 2,
        "P33_015": "‐",
        "P33_016": "‐",
        "P33_017": "‐",
        "P33_018": -1,
        "P33_019": 951,
        "P33_020": -1,
        "P33_021": -1,
        "P33_022": -1,
        "P33_023": -1,
        "P33_024": -1,
        "P33_041": 1
      },
      "geometry": {
        "type": "Point",
        "coordinates": [
          134.52522663767002,
          34.82792529196169
        ]
      }
    },
    {
      "type": "Feature",
      "properties": {
        "P33_001": 343,
        "P33_002": "28229",
        "P33_003": "28",
        "P33_004": 2,
        "P33_005": "市立誉田公民館",
        "P33_006": "679-4134",
        "P33_007": "たつの市誉田町広山618-4",
        "P33_008": "0791-63-1359",
        "P33_009": 19810000,
        "P33_010": "‐",
        "P33_011": "‐",
        "P33_012": -1,
        "P33_013": -1,
        "P33_014": 2,
        "P33_015": "‐",
        "P33_016": "‐",
        "P33_017": "‐",
        "P33_018": -1,
        "P33_019": 608,
        "P33_020": -1,
        "P33_021": -1,
        "P33_022": -1,
        "P33_023": -1,
        "P33_024": -1,
        "P33_041": 1
      },
      "geometry": {
        "type": "Point",
        "coordinates": [
          134.56106130770368,
          34.84490304404392
        ]
      }
    },
    {
      "type": "Feature",
      "properties": {
        "P33_001": 353,
        "P33_002": "28382",
        "P33_003": "28",
        "P33_004": 2,
        "P33_005": "中央公民館",
        "P33_006": "675-0165",
        "P33_007": "播磨町東本荘1-5-40",
        "P33_008": "079-437-6980",
        "P33_009": 19780000,
        "P33_010": "‐",
        "P33_011": "‐",
        "P33_012": -1,
        "P33_013": -1,
        "P33_014": 1,
        "P33_015": "‐",
        "P33_016": "‐",
        "P33_017": "‐",
        "P33_018": -1,
        "P33_019": 2265,
        "P33_020": -1,
        "P33_021": -1,
        "P33_022": -1,
        "P33_023": -1,
        "P33_024": -1,
        "P33_041": 1
      },
      "geometry": {
        "type": "Point",
        "coordinates": [
          134.8672458333104,
          34.714999999522036
        ]
      }
    },
    {
      "type": "Feature",
      "properties": {
        "P33_001": 350,
        "P33_002": "28382",
        "P33_003": "28",
        "P33_004": 2,
        "P33_005": "東部コミュニティセンター",
        "P33_006": "675-0162",
        "P33_007": "播磨町二子418-3",
        "P33_008": "078-943-6611",
        "P33_009": 19760000,
        "P33_010": "‐",
        "P33_011": "‐",
        "P33_012": -1,
        "P33_013": -1,
        "P33_014": 3,
        "P33_015": "‐",
        "P33_016": "‐",
        "P33_017": "‐",
        "P33_018": -1,
        "P33_019": 588,
        "P33_020": -1,
        "P33_021": -1,
        "P33_022": -1,
        "P33_023": -1,
        "P33_024": -1,
        "P33_041": 1
      },
      "geometry": {
        "type": "Point",
        "coordinates": [
          134.87548600153286,
          34.710475000189824
        ]
      }
    },
    {
      "type": "Feature",
      "properties": {
        "P33_001": 351,
        "P33_002": "28382",
        "P33_003": "28",
        "P33_004": 2,
        "P33_005": "南部コミュニティセンター",
        "P33_006": "675-0144",
        "P33_007": "播磨町北本荘2-6-30",
        "P33_008": "079-436-4110",
        "P33_009": 19790000,
        "P33_010": "‐",
        "P33_011": "‐",
        "P33_012": -1,
        "P33_013": -1,
        "P33_014": 3,
        "P33_015": "‐",
        "P33_016": "‐",
        "P33_017": "‐",
        "P33_018": -1,
        "P33_019": 1174,
        "P33_020": -1,
        "P33_021": -1,
        "P33_022": -1,
        "P33_023": -1,
        "P33_024": -1,
        "P33_041": 1
      },
      "geometry": {
        "type": "Point",
        "coordinates": [
          134.86067638653014,
          34.71905277949457
        ]
      }
    },
    {
      "type": "Feature",
      "properties": {
        "P33_001": 352,
        "P33_002": "28382",
        "P33_003": "28",
        "P33_004": 2,
        "P33_005": "野添コミュニティセンター",
        "P33_006": "675-0160",
        "P33_007": "播磨町西野添1-14-17",
        "P33_008": "078-943-4825",
        "P33_009": 19790000,
        "P33_010": "‐",
        "P33_011": "‐",
        "P33_012": -1,
        "P33_013": -1,
        "P33_014": 3,
        "P33_015": "‐",
        "P33_016": "‐",
        "P33_017": "‐",
        "P33_018": -1,
        "P33_019": 877,
        "P33_020": -1,
        "P33_021": -1,
        "P33_022": -1,
        "P33_023": -1,
        "P33_024": -1,
        "P33_041": 1
      },
      "geometry": {
        "type": "Point",
        "coordinates": [
          134.87950583087246,
          34.72016777611239
        ]
      }
    },
    {
      "type": "Feature",
      "properties": {
        "P33_001": 356,
        "P33_002": "28443",
        "P33_003": "28",
        "P33_004": 2,
        "P33_005": "福崎町文化センター",
        "P33_006": "679-2212",
        "P33_007": "福崎町福田176-1",
        "P33_008": "0790-22-3755",
        "P33_009": 19710730,
        "P33_010": "‐",
        "P33_011": "‐",
        "P33_012": -1,
        "P33_013": -1,
        "P33_014": 1,
        "P33_015": "‐",
        "P33_016": "‐",
        "P33_017": "‐",
        "P33_018": 4991,
        "P33_019": 2320,
        "P33_020": 1,
        "P33_021": 535,
        "P33_022": 535,
        "P33_023": 2,
        "P33_024": -1,
        "P33_041": 1
      },
      "geometry": {
        "type": "Point",
        "coordinates": [
          134.75459666595194,
          34.96151388832621
        ]
      }
    },
    {
      "type": "Feature",
      "properties": {
        "P33_001": 358,
        "P33_002": "28446",
        "P33_003": "28",
        "P33_004": 2,
        "P33_005": "中央公民館",
        "P33_006": "679-3116",
        "P33_007": "神河町寺前64",
        "P33_008": "0790-34-1450",
        "P33_009": 19950000,
        "P33_010": "‐",
        "P33_011": "‐",
        "P33_012": -1,
        "P33_013": -1,
        "P33_014": 1,
        "P33_015": "‐",
        "P33_016": "‐",
        "P33_017": "‐",
        "P33_018": -1,
        "P33_019": 2497,
        "P33_020": -1,
        "P33_021": -1,
        "P33_022": -1,
        "P33_023": -1,
        "P33_024": -1,
        "P33_041": 1
      },
      "geometry": {
        "type": "Point",
        "coordinates": [
          134.7394402809349,
          35.06401877292412
        ]
      }
    },
    {
      "type": "Feature",
      "properties": {
        "P33_001": 357,
        "P33_002": "28446",
        "P33_003": "28",
        "P33_004": 2,
        "P33_005": "神崎公民館",
        "P33_006": "679-2413",
        "P33_007": "神河町中村10",
        "P33_008": "0790-32-1681",
        "P33_009": 19780000,
        "P33_010": "‐",
        "P33_011": "‐",
        "P33_012": -1,
        "P33_013": -1,
        "P33_014": 1,
        "P33_015": "‐",
        "P33_016": "‐",
        "P33_017": "‐",
        "P33_018": -1,
        "P33_019": 1620,
        "P33_020": -1,
        "P33_021": -1,
        "P33_022": -1,
        "P33_023": -1,
        "P33_024": -1,
        "P33_041": 1
      },
      "geometry": {
        "type": "Point",
        "coordinates": [
          134.78207600150594,
          35.0740349993675
        ]
      }
    },
    {
      "type": "Feature",
      "properties": {
        "P33_001": 367,
        "P33_002": "28481",
        "P33_003": "28",
        "P33_004": 2,
        "P33_005": "上郡町生涯学習支援センター",
        "P33_006": "678-1231",
        "P33_007": "上郡町上郡459-1",
        "P33_008": "0791-52-1125",
        "P33_009": 19821022,
        "P33_010": "‐",
        "P33_011": "‐",
        "P33_012": -1,
        "P33_013": -1,
        "P33_014": 4,
        "P33_015": "‐",
        "P33_016": "‐",
        "P33_017": "‐",
        "P33_018": 4234,
        "P33_019": 2092,
        "P33_020": 1,
        "P33_021": 414,
        "P33_022": 414,
        "P33_023": 6,
        "P33_024": 1,
        "P33_041": 1
      },
      "geometry": {
        "type": "Point",
        "coordinates": [
          134.36466899980022,
          34.87791600166547
        ]
      }
    },
    {
      "type": "Feature",
      "properties": {
        "P33_001": 360,
        "P33_002": "28481",
        "P33_003": "28",
        "P33_004": 2,
        "P33_005": "町立鞍居公民館",
        "P33_006": "678-1202",
        "P33_007": "上郡町野桑1275-1",
        "P33_008": "0791-54-0636",
        "P33_009": 19790000,
        "P33_010": "‐",
        "P33_011": "‐",
        "P33_012": -1,
        "P33_013": -1,
        "P33_014": 2,
        "P33_015": "‐",
        "P33_016": "‐",
        "P33_017": "‐",
        "P33_018": -1,
        "P33_019": 405,
        "P33_020": -1,
        "P33_021": -1,
        "P33_022": -1,
        "P33_023": -1,
        "P33_024": -1,
        "P33_041": 1
      },
      "geometry": {
        "type": "Point",
        "coordinates": [
          134.40061800173248,
          34.904561000919635
        ]
      }
    },
    {
      "type": "Feature",
      "properties": {
        "P33_001": 361,
        "P33_002": "28481",
        "P33_003": "28",
        "P33_004": 2,
        "P33_005": "町立高田公民館",
        "P33_006": "678-1216",
        "P33_007": "上郡町中野612-1",
        "P33_008": "0791-52-2550",
        "P33_009": 19790000,
        "P33_010": "‐",
        "P33_011": "‐",
        "P33_012": -1,
        "P33_013": -1,
        "P33_014": 2,
        "P33_015": "‐",
        "P33_016": "‐",
        "P33_017": "‐",
        "P33_018": -1,
        "P33_019": 463,
        "P33_020": -1,
        "P33_021": -1,
        "P33_022": -1,
        "P33_023": -1,
        "P33_024": -1,
        "P33_041": 1
      },
      "geometry": {
        "type": "Point",
        "coordinates": [
          134.3922969446404,
          34.85983416535999
        ]
      }
    },
    {
      "type": "Feature",
      "properties": {
        "P33_001": 362,
        "P33_002": "28481",
        "P33_003": "28",
        "P33_004": 2,
        "P33_005": "町立山野里公民館",
        "P33_006": "678-1241",
        "P33_007": "上郡町山野里2423-1",
        "P33_008": "0791-52-4599",
        "P33_009": 19790000,
        "P33_010": "‐",
        "P33_011": "‐",
        "P33_012": -1,
        "P33_013": -1,
        "P33_014": 2,
        "P33_015": "‐",
        "P33_016": "‐",
        "P33_017": "‐",
        "P33_018": -1,
        "P33_019": 635,
        "P33_020": -1,
        "P33_021": -1,
        "P33_022": -1,
        "P33_023": -1,
        "P33_024": -1,
        "P33_041": 1
      },
      "geometry": {
        "type": "Point",
        "coordinates": [
          134.34750899664945,
          34.867713999520454
        ]
      }
    },
    {
      "type": "Feature",
      "properties": {
        "P33_001": 363,
        "P33_002": "28481",
        "P33_003": "28",
        "P33_004": 2,
        "P33_005": "町立上郡公民館",
        "P33_006": "678-1231",
        "P33_007": "上郡町上郡1645-13",
        "P33_008": "0791-52-4411",
        "P33_009": 19790000,
        "P33_010": "‐",
        "P33_011": "‐",
        "P33_012": -1,
        "P33_013": -1,
        "P33_014": 2,
        "P33_015": "‐",
        "P33_016": "‐",
        "P33_017": "‐",
        "P33_018": -1,
        "P33_019": 646,
        "P33_020": -1,
        "P33_021": -1,
        "P33_022": -1,
        "P33_023": -1,
        "P33_024": -1,
        "P33_041": 1
      },
      "geometry": {
        "type": "Point",
        "coordinates": [
          134.3600827749708,
          34.87171194359375
        ]
      }
    },
    {
      "type": "Feature",
      "properties": {
        "P33_001": 364,
        "P33_002": "28481",
        "P33_003": "28",
        "P33_004": 2,
        "P33_005": "町立赤松公民館",
        "P33_006": "678-1277",
        "P33_007": "上郡町苔縄67",
        "P33_008": "0791-52-4605",
        "P33_009": 19790000,
        "P33_010": "‐",
        "P33_011": "‐",
        "P33_012": -1,
        "P33_013": -1,
        "P33_014": 2,
        "P33_015": "‐",
        "P33_016": "‐",
        "P33_017": "‐",
        "P33_018": -1,
        "P33_019": 406,
        "P33_020": -1,
        "P33_021": -1,
        "P33_022": -1,
        "P33_023": -1,
        "P33_024": -1,
        "P33_041": 1
      },
      "geometry": {
        "type": "Point",
        "coordinates": [
          134.35086700284677,
          34.89624699786234
        ]
      }
    },
    {
      "type": "Feature",
      "properties": {
        "P33_001": 365,
        "P33_002": "28481",
        "P33_003": "28",
        "P33_004": 2,
        "P33_005": "町立船坂公民館",
        "P33_006": "678-1256",
        "P33_007": "上郡町八保甲170-1",
        "P33_008": "0791-55-1060",
        "P33_009": 19790000,
        "P33_010": "‐",
        "P33_011": "‐",
        "P33_012": -1,
        "P33_013": -1,
        "P33_014": 2,
        "P33_015": "‐",
        "P33_016": "‐",
        "P33_017": "‐",
        "P33_018": -1,
        "P33_019": 412,
        "P33_020": -1,
        "P33_021": -1,
        "P33_022": -1,
        "P33_023": -1,
        "P33_024": -1,
        "P33_041": 1
      },
      "geometry": {
        "type": "Point",
        "coordinates": [
          134.31740300004103,
          34.87158300017895
        ]
      }
    },
    {
      "type": "Feature",
      "properties": {
        "P33_001": 366,
        "P33_002": "28481",
        "P33_003": "28",
        "P33_004": 2,
        "P33_005": "町立梨ヶ原公民館",
        "P33_006": "678-1244",
        "P33_007": "上郡町梨ヶ原550-2",
        "P33_008": "0791-55-1075",
        "P33_009": 19790000,
        "P33_010": "‐",
        "P33_011": "‐",
        "P33_012": -1,
        "P33_013": -1,
        "P33_014": 2,
        "P33_015": "‐",
        "P33_016": "‐",
        "P33_017": "‐",
        "P33_018": -1,
        "P33_019": 335,
        "P33_020": -1,
        "P33_021": -1,
        "P33_022": -1,
        "P33_023": -1,
        "P33_024": -1,
        "P33_041": 1
      },
      "geometry": {
        "type": "Point",
        "coordinates": [
          134.31419916889848,
          34.83611222442716
        ]
      }
    },
    {
      "type": "Feature",
      "properties": {
        "P33_001": 379,
        "P33_002": "28585",
        "P33_003": "28",
        "P33_004": 2,
        "P33_005": "町立奥佐津地区公民館",
        "P33_006": "669-6413",
        "P33_007": "香美町香住区下岡507",
        "P33_008": "0796-38-0832",
        "P33_009": 19760000,
        "P33_010": "‐",
        "P33_011": "‐",
        "P33_012": -1,
        "P33_013": -1,
        "P33_014": 2,
        "P33_015": "‐",
        "P33_016": "‐",
        "P33_017": "‐",
        "P33_018": -1,
        "P33_019": 379,
        "P33_020": -1,
        "P33_021": -1,
        "P33_022": -1,
        "P33_023": -1,
        "P33_024": -1,
        "P33_041": 1
      },
      "geometry": {
        "type": "Point",
        "coordinates": [
          134.67884299758583,
          35.626059000587965
        ]
      }
    },
    {
      "type": "Feature",
      "properties": {
        "P33_001": 369,
        "P33_002": "28585",
        "P33_003": "28",
        "P33_004": 2,
        "P33_005": "町立香住区中央公民館",
        "P33_006": "669-6544",
        "P33_007": "香美町香住区香住114-1",
        "P33_008": "0799-36-3764",
        "P33_009": 19851025,
        "P33_010": "‐",
        "P33_011": "‐",
        "P33_012": -1,
        "P33_013": -1,
        "P33_014": 4,
        "P33_015": "‐",
        "P33_016": "‐",
        "P33_017": "‐",
        "P33_018": 2258,
        "P33_019": 3230,
        "P33_020": 1,
        "P33_021": 711,
        "P33_022": 711,
        "P33_023": -1,
        "P33_024": -1,
        "P33_041": 1
      },
      "geometry": {
        "type": "Point",
        "coordinates": [
          134.6297451427115,
          35.63894597136291
        ]
      }
    },
    {
      "type": "Feature",
      "properties": {
        "P33_001": 370,
        "P33_002": "28585",
        "P33_003": "28",
        "P33_004": 2,
        "P33_005": "町立香住地区公民館",
        "P33_006": "669-6544",
        "P33_007": "香美町香住区香住1646-1",
        "P33_008": "0796-36-3435",
        "P33_009": 19760000,
        "P33_010": "‐",
        "P33_011": "‐",
        "P33_012": -1,
        "P33_013": -1,
        "P33_014": 2,
        "P33_015": "‐",
        "P33_016": "‐",
        "P33_017": "‐",
        "P33_018": -1,
        "P33_019": 97,
        "P33_020": -1,
        "P33_021": -1,
        "P33_022": -1,
        "P33_023": -1,
        "P33_024": -1,
        "P33_041": 1
      },
      "geometry": {
        "type": "Point",
        "coordinates": [
          134.62738100059562,
          35.63741299876991
        ]
      }
    },
    {
      "type": "Feature",
      "properties": {
        "P33_001": 371,
        "P33_002": "28585",
        "P33_003": "28",
        "P33_004": 2,
        "P33_005": "町立佐津地区公民館",
        "P33_006": "669-6402",
        "P33_007": "香美町香住区訓谷199",
        "P33_008": "0796-38-0845",
        "P33_009": 19760000,
        "P33_010": "‐",
        "P33_011": "‐",
        "P33_012": -1,
        "P33_013": -1,
        "P33_014": 2,
        "P33_015": "‐",
        "P33_016": "‐",
        "P33_017": "‐",
        "P33_018": -1,
        "P33_019": 422,
        "P33_020": -1,
        "P33_021": -1,
        "P33_022": -1,
        "P33_023": -1,
        "P33_024": -1,
        "P33_041": 1
      },
      "geometry": {
        "type": "Point",
        "coordinates": [
          134.692441000057,
          35.654125999486205
        ]
      }
    },
    {
      "type": "Feature",
      "properties": {
        "P33_001": 372,
        "P33_002": "28585",
        "P33_003": "28",
        "P33_004": 2,
        "P33_005": "町立柴山地区公民館",
        "P33_006": "669-6432",
        "P33_007": "香美町香住区上計1157-3",
        "P33_008": "0796-37-0821",
        "P33_009": 19760000,
        "P33_010": "‐",
        "P33_011": "‐",
        "P33_012": -1,
        "P33_013": -1,
        "P33_014": 2,
        "P33_015": "‐",
        "P33_016": "‐",
        "P33_017": "‐",
        "P33_018": -1,
        "P33_019": 576,
        "P33_020": -1,
        "P33_021": -1,
        "P33_022": -1,
        "P33_023": -1,
        "P33_024": -1,
        "P33_041": 1
      },
      "geometry": {
        "type": "Point",
        "coordinates": [
          134.65825798507686,
          35.65087504529478
        ]
      }
    },
    {
      "type": "Feature",
      "properties": {
        "P33_001": 373,
        "P33_002": "28585",
        "P33_003": "28",
        "P33_004": 2,
        "P33_005": "町立射添地区公民館",
        "P33_006": "667-1368",
        "P33_007": "香美町村岡区入江711-2",
        "P33_008": "0796-95-0800",
        "P33_009": 19840000,
        "P33_010": "‐",
        "P33_011": "‐",
        "P33_012": -1,
        "P33_013": -1,
        "P33_014": 2,
        "P33_015": "‐",
        "P33_016": "‐",
        "P33_017": "‐",
        "P33_018": -1,
        "P33_019": 1128,
        "P33_020": -1,
        "P33_021": -1,
        "P33_022": -1,
        "P33_023": -1,
        "P33_024": -1,
        "P33_041": 1
      },
      "geometry": {
        "type": "Point",
        "coordinates": [
          134.5730839972433,
          35.502023998731566
        ]
      }
    },
    {
      "type": "Feature",
      "properties": {
        "P33_001": 374,
        "P33_002": "28585",
        "P33_003": "28",
        "P33_004": 2,
        "P33_005": "町立小代区中央公民館",
        "P33_006": "667-1522",
        "P33_007": "香美町小代区実山100",
        "P33_008": "0796-97-3966",
        "P33_009": 20030000,
        "P33_010": "‐",
        "P33_011": "‐",
        "P33_012": -1,
        "P33_013": -1,
        "P33_014": 4,
        "P33_015": "‐",
        "P33_016": "‐",
        "P33_017": "‐",
        "P33_018": -1,
        "P33_019": 212,
        "P33_020": -1,
        "P33_021": -1,
        "P33_022": -1,
        "P33_023": -1,
        "P33_024": -1,
        "P33_041": 1
      },
      "geometry": {
        "type": "Point",
        "coordinates": [
          134.53565499855898,
          35.44804699873686
        ]
      }
    },
    {
      "type": "Feature",
      "properties": {
        "P33_001": 375,
        "P33_002": "28585",
        "P33_003": "28",
        "P33_004": 2,
        "P33_005": "町立村岡区中央公民館",
        "P33_006": "667-1311",
        "P33_007": "香美町村岡区村岡396",
        "P33_008": "0796-98-1366",
        "P33_009": 19730000,
        "P33_010": "‐",
        "P33_011": "‐",
        "P33_012": -1,
        "P33_013": -1,
        "P33_014": 4,
        "P33_015": "‐",
        "P33_016": "‐",
        "P33_017": "‐",
        "P33_018": -1,
        "P33_019": 2567,
        "P33_020": -1,
        "P33_021": -1,
        "P33_022": -1,
        "P33_023": -1,
        "P33_024": -1,
        "P33_041": 1
      },
      "geometry": {
        "type": "Point",
        "coordinates": [
          134.5948750002158,
          35.473760999530626
        ]
      }
    },
    {
      "type": "Feature",
      "properties": {
        "P33_001": 376,
        "P33_002": "28585",
        "P33_003": "28",
        "P33_004": 2,
        "P33_005": "町立長井地区公民館",
        "P33_006": "669-6555",
        "P33_007": "香美町香住区大野87",
        "P33_008": "0796-36-3004",
        "P33_009": 19760000,
        "P33_010": "‐",
        "P33_011": "‐",
        "P33_012": -1,
        "P33_013": -1,
        "P33_014": 2,
        "P33_015": "‐",
        "P33_016": "‐",
        "P33_017": "‐",
        "P33_018": -1,
        "P33_019": 374,
        "P33_020": -1,
        "P33_021": -1,
        "P33_022": -1,
        "P33_023": -1,
        "P33_024": -1,
        "P33_041": 1
      },
      "geometry": {
        "type": "Point",
        "coordinates": [
          134.62066200094955,
          35.60566999823519
        ]
      }
    },
    {
      "type": "Feature",
      "properties": {
        "P33_001": 377,
        "P33_002": "28585",
        "P33_003": "28",
        "P33_004": 2,
        "P33_005": "町立兎塚地区公民館",
        "P33_006": "667-1334",
        "P33_007": "香美町村岡区福岡275",
        "P33_008": "0796-96-0001",
        "P33_009": 19850000,
        "P33_010": "‐",
        "P33_011": "‐",
        "P33_012": -1,
        "P33_013": -1,
        "P33_014": 2,
        "P33_015": "‐",
        "P33_016": "‐",
        "P33_017": "‐",
        "P33_018": -1,
        "P33_019": 808,
        "P33_020": -1,
        "P33_021": -1,
        "P33_022": -1,
        "P33_023": -1,
        "P33_024": -1,
        "P33_041": 1
      },
      "geometry": {
        "type": "Point",
        "coordinates": [
          134.60099799984297,
          35.41655300177684
        ]
      }
    },
    {
      "type": "Feature",
      "properties": {
        "P33_001": 378,
        "P33_002": "28585",
        "P33_003": "28",
        "P33_004": 2,
        "P33_005": "町立余部地区公民館",
        "P33_006": "669-6671",
        "P33_007": "香美町香住区余部1568-3",
        "P33_008": "0796-34-0415",
        "P33_009": 19760000,
        "P33_010": "‐",
        "P33_011": "‐",
        "P33_012": -1,
        "P33_013": -1,
        "P33_014": 2,
        "P33_015": "‐",
        "P33_016": "‐",
        "P33_017": "‐",
        "P33_018": -1,
        "P33_019": 489,
        "P33_020": -1,
        "P33_021": -1,
        "P33_022": -1,
        "P33_023": -1,
        "P33_024": -1,
        "P33_041": 1
      },
      "geometry": {
        "type": "Point",
        "coordinates": [
          134.5607419983335,
          35.64774999899666
        ]
      }
    },
    {
      "type": "Feature",
      "properties": {
        "P33_001": 388,
        "P33_002": "28586",
        "P33_003": "28",
        "P33_004": 2,
        "P33_005": "温泉公民館",
        "P33_006": "669-6821",
        "P33_007": "新温泉町湯990-8（町民センター内）",
        "P33_008": "0796-92-1870",
        "P33_009": 19650000,
        "P33_010": "‐",
        "P33_011": "‐",
        "P33_012": -1,
        "P33_013": -1,
        "P33_014": 1,
        "P33_015": "‐",
        "P33_016": "‐",
        "P33_017": "‐",
        "P33_018": -1,
        "P33_019": 1847,
        "P33_020": -1,
        "P33_021": -1,
        "P33_022": -1,
        "P33_023": -1,
        "P33_024": -1,
        "P33_041": 1
      },
      "geometry": {
        "type": "Point",
        "coordinates": [
          134.49187958356367,
          35.55260234311576
        ]
      }
    },
    {
      "type": "Feature",
      "properties": {
        "P33_001": 380,
        "P33_002": "28586",
        "P33_003": "28",
        "P33_004": 2,
        "P33_005": "久斗山地区公民館",
        "P33_006": "669-6727",
        "P33_007": "新温泉町久斗山1274（久斗山コミュニティセンター内）",
        "P33_008": "‐",
        "P33_009": 19710000,
        "P33_010": "‐",
        "P33_011": "‐",
        "P33_012": -1,
        "P33_013": -1,
        "P33_014": 2,
        "P33_015": "‐",
        "P33_016": "‐",
        "P33_017": "‐",
        "P33_018": -1,
        "P33_019": 1102,
        "P33_020": -1,
        "P33_021": -1,
        "P33_022": -1,
        "P33_023": -1,
        "P33_024": -1,
        "P33_041": 1
      },
      "geometry": {
        "type": "Point",
        "coordinates": [
          134.55164400025947,
          35.58357399962636
        ]
      }
    },
    {
      "type": "Feature",
      "properties": {
        "P33_001": 381,
        "P33_002": "28586",
        "P33_003": "28",
        "P33_004": 2,
        "P33_005": "久斗地区公民館",
        "P33_006": "669-6722",
        "P33_007": "新温泉町高末390-1（新温泉町立浜坂東小学校内）",
        "P33_008": "‐",
        "P33_009": 19710000,
        "P33_010": "‐",
        "P33_011": "‐",
        "P33_012": -1,
        "P33_013": -1,
        "P33_014": 2,
        "P33_015": "‐",
        "P33_016": "‐",
        "P33_017": "‐",
        "P33_018": -1,
        "P33_019": 3800,
        "P33_020": -1,
        "P33_021": -1,
        "P33_022": -1,
        "P33_023": -1,
        "P33_024": -1,
        "P33_041": 1
      },
      "geometry": {
        "type": "Point",
        "coordinates": [
          134.50134200041924,
          35.61870499943868
        ]
      }
    },
    {
      "type": "Feature",
      "properties": {
        "P33_001": 382,
        "P33_002": "28586",
        "P33_003": "28",
        "P33_004": 2,
        "P33_005": "居組地区公民館",
        "P33_006": "669-6751",
        "P33_007": "新温泉町居組604-1",
        "P33_008": "‐",
        "P33_009": 19710000,
        "P33_010": "‐",
        "P33_011": "‐",
        "P33_012": -1,
        "P33_013": -1,
        "P33_014": 2,
        "P33_015": "‐",
        "P33_016": "‐",
        "P33_017": "‐",
        "P33_018": -1,
        "P33_019": 2222,
        "P33_020": -1,
        "P33_021": -1,
        "P33_022": -1,
        "P33_023": -1,
        "P33_024": -1,
        "P33_041": 1
      },
      "geometry": {
        "type": "Point",
        "coordinates": [
          134.39085600059954,
          35.612937000951526
        ]
      }
    },
    {
      "type": "Feature",
      "properties": {
        "P33_001": 383,
        "P33_002": "28586",
        "P33_003": "28",
        "P33_004": 2,
        "P33_005": "三尾地区公民館",
        "P33_006": "669-6715",
        "P33_007": "新温泉町三尾187（御火浦集会所内）",
        "P33_008": "‐",
        "P33_009": 19710000,
        "P33_010": "‐",
        "P33_011": "‐",
        "P33_012": -1,
        "P33_013": -1,
        "P33_014": 2,
        "P33_015": "‐",
        "P33_016": "‐",
        "P33_017": "‐",
        "P33_018": -1,
        "P33_019": 27280,
        "P33_020": -1,
        "P33_021": -1,
        "P33_022": -1,
        "P33_023": -1,
        "P33_024": -1,
        "P33_041": 1
      },
      "geometry": {
        "type": "Point",
        "coordinates": [
          134.50575400194194,
          35.65769500010673
        ]
      }
    },
    {
      "type": "Feature",
      "properties": {
        "P33_001": 384,
        "P33_002": "28586",
        "P33_003": "28",
        "P33_004": 2,
        "P33_005": "諸寄地区公民館",
        "P33_006": "669-6753",
        "P33_007": "新温泉町諸寄739-1（浜坂基幹集落センター内）",
        "P33_008": "‐",
        "P33_009": 19710000,
        "P33_010": "‐",
        "P33_011": "‐",
        "P33_012": -1,
        "P33_013": -1,
        "P33_014": 2,
        "P33_015": "‐",
        "P33_016": "‐",
        "P33_017": "‐",
        "P33_018": -1,
        "P33_019": 694,
        "P33_020": -1,
        "P33_021": -1,
        "P33_022": -1,
        "P33_023": -1,
        "P33_024": -1,
        "P33_041": 1
      },
      "geometry": {
        "type": "Point",
        "coordinates": [
          134.4316010004242,
          35.61750400183733
        ]
      }
    },
    {
      "type": "Feature",
      "properties": {
        "P33_001": 385,
        "P33_002": "28586",
        "P33_003": "28",
        "P33_004": 2,
        "P33_005": "赤崎地区公民館",
        "P33_006": "669-6714",
        "P33_007": "新温泉町赤崎618-1",
        "P33_008": "‐",
        "P33_009": 19710000,
        "P33_010": "‐",
        "P33_011": "‐",
        "P33_012": -1,
        "P33_013": -1,
        "P33_014": 2,
        "P33_015": "‐",
        "P33_016": "‐",
        "P33_017": "‐",
        "P33_018": -1,
        "P33_019": 1437,
        "P33_020": -1,
        "P33_021": -1,
        "P33_022": -1,
        "P33_023": -1,
        "P33_024": -1,
        "P33_041": 1
      },
      "geometry": {
        "type": "Point",
        "coordinates": [
          134.4925390027173,
          35.64108099847996
        ]
      }
    },
    {
      "type": "Feature",
      "properties": {
        "P33_001": 386,
        "P33_002": "28586",
        "P33_003": "28",
        "P33_004": 2,
        "P33_005": "大庭地区公民館",
        "P33_006": "669-6745",
        "P33_007": "新温泉町栃谷402-3（新温泉町立浜坂南小学校内）",
        "P33_008": "‐",
        "P33_009": 19710000,
        "P33_010": "‐",
        "P33_011": "‐",
        "P33_012": -1,
        "P33_013": -1,
        "P33_014": 2,
        "P33_015": "‐",
        "P33_016": "‐",
        "P33_017": "‐",
        "P33_018": -1,
        "P33_019": 3215,
        "P33_020": -1,
        "P33_021": -1,
        "P33_022": -1,
        "P33_023": -1,
        "P33_024": -1,
        "P33_041": 1
      },
      "geometry": {
        "type": "Point",
        "coordinates": [
          134.47157600099527,
          35.607995000762614
        ]
      }
    },
    {
      "type": "Feature",
      "properties": {
        "P33_001": 387,
        "P33_002": "28586",
        "P33_003": "28",
        "P33_004": 2,
        "P33_005": "浜坂公民館",
        "P33_006": "669-6702",
        "P33_007": "新温泉町浜坂2673-1（浜坂多目的集会施設内）",
        "P33_008": "0796-82-4339",
        "P33_009": 19710000,
        "P33_010": "‐",
        "P33_011": "‐",
        "P33_012": -1,
        "P33_013": -1,
        "P33_014": 1,
        "P33_015": "‐",
        "P33_016": "‐",
        "P33_017": "‐",
        "P33_018": -1,
        "P33_019": 1193,
        "P33_020": -1,
        "P33_021": -1,
        "P33_022": -1,
        "P33_023": -1,
        "P33_024": -1,
        "P33_041": 1
      },
      "geometry": {
        "type": "Point",
        "coordinates": [
          134.44894199858552,
          35.62350900026516
        ]
      }
    },
    {
      "type": "Feature",
      "properties": {
        "P33_001": 425,
        "P33_002": "28214",
        "P33_003": "28",
        "P33_004": 3,
        "P33_005": "宝塚バウホール",
        "P33_006": "665-8558",
        "P33_007": "宝塚市栄町1-1-57",
        "P33_008": "0570-00-5100",
        "P33_009": 19780300,
        "P33_010": "http://kageki.hankyu.co.jp",
        "P33_011": "阪急宝塚線宝塚駅",
        "P33_012": -1,
        "P33_013": -1,
        "P33_014": -1,
        "P33_015": "‐",
        "P33_016": "‐",
        "P33_017": "有",
        "P33_018": -1,
        "P33_019": -1,
        "P33_020": 1,
        "P33_021": 500,
        "P33_022": 500,
        "P33_023": -1,
        "P33_024": -1,
        "P33_041": 1
      },
      "geometry": {
        "type": "Point",
        "coordinates": [
          135.34475179572684,
          34.80787594644996
        ]
      }
    },
    {
      "type": "Feature",
      "properties": {
        "P33_001": 424,
        "P33_002": "28214",
        "P33_003": "28",
        "P33_004": 3,
        "P33_005": "宝塚大劇場",
        "P33_006": "665-8558",
        "P33_007": "宝塚市栄町1-1-57",
        "P33_008": "0570-00-5100",
        "P33_009": 19930100,
        "P33_010": "http://kageki.hankyu.co.jp",
        "P33_011": "阪急宝塚線宝塚駅",
        "P33_012": -1,
        "P33_013": -1,
        "P33_014": -1,
        "P33_015": "‐",
        "P33_016": "‐",
        "P33_017": "有",
        "P33_018": -1,
        "P33_019": -1,
        "P33_020": 1,
        "P33_021": 2550,
        "P33_022": 2550,
        "P33_023": -1,
        "P33_024": -1,
        "P33_041": 1
      },
      "geometry": {
        "type": "Point",
        "coordinates": [
          135.34641006034167,
          34.80719222463688
        ]
      }
    },
    {
      "type": "Feature",
      "properties": {
        "P33_001": 464,
        "P33_002": "28110",
        "P33_003": "28",
        "P33_004": 5,
        "P33_005": "ワールド記念ホール（神戸ポートアイランドホール）",
        "P33_006": "650-0046",
        "P33_007": "神戸市中央区港島中町6-12-2",
        "P33_008": "078-302-8781",
        "P33_009": 19840700,
        "P33_010": "http://ｗｗｗ.world-kobe.jp/",
        "P33_011": "ポートライナー市民広場駅",
        "P33_012": -1,
        "P33_013": -1,
        "P33_014": -1,
        "P33_015": "365",
        "P33_016": "‐",
        "P33_017": "‐",
        "P33_018": -1,
        "P33_019": -1,
        "P33_020": -1,
        "P33_021": -1,
        "P33_022": -1,
        "P33_023": -1,
        "P33_024": -1,
        "P33_041": 1
      },
      "geometry": {
        "type": "Point",
        "coordinates": [
          135.21016166829963,
          34.66402750182812
        ]
      }
    },
    {
      "type": "Feature",
      "properties": {
        "P33_001": 458,
        "P33_002": "28110",
        "P33_003": "28",
        "P33_004": 5,
        "P33_005": "ＵＣＣコーヒー博物館",
        "P33_006": "650-0046",
        "P33_007": "神戸市中央区港島中町6-6-2",
        "P33_008": "078-302-8880",
        "P33_009": -1,
        "P33_010": "‐",
        "P33_011": "‐",
        "P33_012": -1,
        "P33_013": -1,
        "P33_014": -1,
        "P33_015": "‐",
        "P33_016": "‐",
        "P33_017": "‐",
        "P33_018": -1,
        "P33_019": -1,
        "P33_020": -1,
        "P33_021": -1,
        "P33_022": -1,
        "P33_023": -1,
        "P33_024": -1,
        "P33_041": 1
      },
      "geometry": {
        "type": "Point",
        "coordinates": [
          135.21689111150297,
          34.66516944446799
        ]
      }
    },
    {
      "type": "Feature",
      "properties": {
        "P33_001": 474,
        "P33_002": "28214",
        "P33_003": "28",
        "P33_004": 5,
        "P33_005": "あいあいパーク",
        "P33_006": "665-0881",
        "P33_007": "宝塚市山本東2-2-1",
        "P33_008": "0797-82-3570",
        "P33_009": -1,
        "P33_010": "‐",
        "P33_011": "‐",
        "P33_012": -1,
        "P33_013": -1,
        "P33_014": -1,
        "P33_015": "‐",
        "P33_016": "‐",
        "P33_017": "‐",
        "P33_018": -1,
        "P33_019": -1,
        "P33_020": -1,
        "P33_021": -1,
        "P33_022": -1,
        "P33_023": -1,
        "P33_024": -1,
        "P33_041": 1
      },
      "geometry": {
        "type": "Point",
        "coordinates": [
          135.38668166919854,
          34.81973027866707
        ]
      }
    },
    {
      "type": "Feature",
      "properties": {
        "P33_001": 468,
        "P33_002": "28203",
        "P33_003": "28",
        "P33_004": 5,
        "P33_005": "明石市立天文科学館",
        "P33_006": "673-0877",
        "P33_007": "明石市人丸町2-6",
        "P33_008": "078-919-5000",
        "P33_009": -1,
        "P33_010": "‐",
        "P33_011": "‐",
        "P33_012": -1,
        "P33_013": -1,
        "P33_014": -1,
        "P33_015": "‐",
        "P33_016": "‐",
        "P33_017": "‐",
        "P33_018": -1,
        "P33_019": -1,
        "P33_020": -1,
        "P33_021": -1,
        "P33_022": -1,
        "P33_023": -1,
        "P33_024": -1,
        "P33_041": 1
      },
      "geometry": {
        "type": "Point",
        "coordinates": [
          135.00148055437995,
          34.64939666787501
        ]
      }
    },
    {
      "type": "Feature",
      "properties": {
        "P33_001": 459,
        "P33_002": "28110",
        "P33_003": "28",
        "P33_004": 5,
        "P33_005": "アシックス スポーツ ミュージアム",
        "P33_006": "650-0046",
        "P33_007": "神戸市中央区港島中町7-1-1",
        "P33_008": "078-303-1329",
        "P33_009": -1,
        "P33_010": "‐",
        "P33_011": "‐",
        "P33_012": -1,
        "P33_013": -1,
        "P33_014": -1,
        "P33_015": "‐",
        "P33_016": "‐",
        "P33_017": "‐",
        "P33_018": -1,
        "P33_019": -1,
        "P33_020": -1,
        "P33_021": -1,
        "P33_022": -1,
        "P33_023": -1,
        "P33_024": -1,
        "P33_041": 1
      },
      "geometry": {
        "type": "Point",
        "coordinates": [
          135.2156199994078,
          34.66880500027425
        ]
      }
    },
    {
      "type": "Feature",
      "properties": {
        "P33_001": 471,
        "P33_002": "28206",
        "P33_003": "28",
        "P33_004": 5,
        "P33_005": "芦屋市谷崎潤一郎記念館",
        "P33_006": "659-0052",
        "P33_007": "芦屋市伊勢町12-15",
        "P33_008": "0797-23-5852",
        "P33_009": -1,
        "P33_010": "‐",
        "P33_011": "‐",
        "P33_012": -1,
        "P33_013": -1,
        "P33_014": -1,
        "P33_015": "‐",
        "P33_016": "‐",
        "P33_017": "‐",
        "P33_018": -1,
        "P33_019": -1,
        "P33_020": -1,
        "P33_021": -1,
        "P33_022": -1,
        "P33_023": -1,
        "P33_024": -1,
        "P33_041": 1
      },
      "geometry": {
        "type": "Point",
        "coordinates": [
          135.31126333304033,
          34.722213333503845
        ]
      }
    },
    {
      "type": "Feature",
      "properties": {
        "P33_001": 466,
        "P33_002": "28201",
        "P33_003": "28",
        "P33_004": 5,
        "P33_005": "あずきミュージアム",
        "P33_006": "670-0944",
        "P33_007": "姫路市阿保甲611-1",
        "P33_008": "079-282-2380",
        "P33_009": -1,
        "P33_010": "‐",
        "P33_011": "‐",
        "P33_012": -1,
        "P33_013": -1,
        "P33_014": -1,
        "P33_015": "‐",
        "P33_016": "‐",
        "P33_017": "‐",
        "P33_018": -1,
        "P33_019": -1,
        "P33_020": -1,
        "P33_021": -1,
        "P33_022": -1,
        "P33_023": -1,
        "P33_024": -1,
        "P33_041": 1
      },
      "geometry": {
        "type": "Point",
        "coordinates": [
          134.70166076606756,
          34.82391122195962
        ]
      }
    },
    {
      "type": "Feature",
      "properties": {
        "P33_001": 457,
        "P33_002": "28109",
        "P33_003": "28",
        "P33_004": 5,
        "P33_005": "有馬グランドホテル　アクアテラス＆スパ　ゆらり",
        "P33_006": "651-1401",
        "P33_007": "神戸市北区有馬町1304-1",
        "P33_008": "078-904-0181",
        "P33_009": -1,
        "P33_010": "‐",
        "P33_011": "‐",
        "P33_012": -1,
        "P33_013": -1,
        "P33_014": -1,
        "P33_015": "‐",
        "P33_016": "‐",
        "P33_017": "‐",
        "P33_018": -1,
        "P33_019": -1,
        "P33_020": -1,
        "P33_021": -1,
        "P33_022": -1,
        "P33_023": -1,
        "P33_024": -1,
        "P33_041": 1
      },
      "geometry": {
        "type": "Point",
        "coordinates": [
          135.24400277754228,
          34.79800638973544
        ]
      }
    },
    {
      "type": "Feature",
      "properties": {
        "P33_001": 480,
        "P33_002": "28226",
        "P33_003": "28",
        "P33_004": 5,
        "P33_005": "淡路市立 中浜稔 猫美術館",
        "P33_006": "656-2305",
        "P33_007": "淡路市浦668-2",
        "P33_008": "0799-75-2011",
        "P33_009": -1,
        "P33_010": "‐",
        "P33_011": "‐",
        "P33_012": -1,
        "P33_013": -1,
        "P33_014": -1,
        "P33_015": "‐",
        "P33_016": "‐",
        "P33_017": "‐",
        "P33_018": -1,
        "P33_019": -1,
        "P33_020": -1,
        "P33_021": -1,
        "P33_022": -1,
        "P33_023": -1,
        "P33_024": -1,
        "P33_041": 1
      },
      "geometry": {
        "type": "Point",
        "coordinates": [
          134.99334400313526,
          34.537822000873064
        ]
      }
    },
    {
      "type": "Feature",
      "properties": {
        "P33_001": 479,
        "P33_002": "28226",
        "P33_003": "28",
        "P33_004": 5,
        "P33_005": "あわじ花さじき",
        "P33_006": "656-2301",
        "P33_007": "淡路市楠本2865-4",
        "P33_008": "0799-74-6426",
        "P33_009": -1,
        "P33_010": "‐",
        "P33_011": "‐",
        "P33_012": -1,
        "P33_013": -1,
        "P33_014": -1,
        "P33_015": "‐",
        "P33_016": "‐",
        "P33_017": "‐",
        "P33_018": -1,
        "P33_019": -1,
        "P33_020": -1,
        "P33_021": -1,
        "P33_022": -1,
        "P33_023": -1,
        "P33_024": -1,
        "P33_041": 1
      },
      "geometry": {
        "type": "Point",
        "coordinates": [
          134.97777399920363,
          34.55361199910047
        ]
      }
    },
    {
      "type": "Feature",
      "properties": {
        "P33_001": 472,
        "P33_002": "28207",
        "P33_003": "28",
        "P33_004": 5,
        "P33_005": "伊丹市立こども文化科学館",
        "P33_006": "664-0839",
        "P33_007": "伊丹市桑津3-1-36",
        "P33_008": "072-784-1222",
        "P33_009": -1,
        "P33_010": "‐",
        "P33_011": "‐",
        "P33_012": -1,
        "P33_013": -1,
        "P33_014": -1,
        "P33_015": "‐",
        "P33_016": "‐",
        "P33_017": "‐",
        "P33_018": -1,
        "P33_019": -1,
        "P33_020": -1,
        "P33_021": -1,
        "P33_022": -1,
        "P33_023": -1,
        "P33_024": -1,
        "P33_041": 1
      },
      "geometry": {
        "type": "Point",
        "coordinates": [
          135.43333638587657,
          34.78278027647079
        ]
      }
    },
    {
      "type": "Feature",
      "properties": {
        "P33_001": 481,
        "P33_002": "28229",
        "P33_003": "28",
        "P33_004": 5,
        "P33_005": "揖保乃糸 資料館 そうめんの里",
        "P33_006": "679-4101",
        "P33_007": "たつの市神岡町奥村56",
        "P33_008": "0791-65-9000",
        "P33_009": -1,
        "P33_010": "‐",
        "P33_011": "‐",
        "P33_012": -1,
        "P33_013": -1,
        "P33_014": -1,
        "P33_015": "‐",
        "P33_016": "‐",
        "P33_017": "‐",
        "P33_018": -1,
        "P33_019": -1,
        "P33_020": -1,
        "P33_021": -1,
        "P33_022": -1,
        "P33_023": -1,
        "P33_024": -1,
        "P33_041": 1
      },
      "geometry": {
        "type": "Point",
        "coordinates": [
          134.56659599894968,
          34.89168099889216
        ]
      }
    },
    {
      "type": "Feature",
      "properties": {
        "P33_001": 460,
        "P33_002": "28110",
        "P33_003": "28",
        "P33_004": 5,
        "P33_005": "カワサキワールド",
        "P33_006": "650-0042",
        "P33_007": "神戸市中央区波止場町2-2",
        "P33_008": "078-327-5401",
        "P33_009": -1,
        "P33_010": "‐",
        "P33_011": "‐",
        "P33_012": -1,
        "P33_013": -1,
        "P33_014": -1,
        "P33_015": "‐",
        "P33_016": "‐",
        "P33_017": "‐",
        "P33_018": -1,
        "P33_019": -1,
        "P33_020": -1,
        "P33_021": -1,
        "P33_022": -1,
        "P33_023": -1,
        "P33_024": -1,
        "P33_041": 1
      },
      "geometry": {
        "type": "Point",
        "coordinates": [
          135.18819619317665,
          34.68290685999483
        ]
      }
    },
    {
      "type": "Feature",
      "properties": {
        "P33_001": 450,
        "P33_002": "28101",
        "P33_003": "28",
        "P33_004": 5,
        "P33_005": "菊正宗酒造記念館",
        "P33_006": "658-0026",
        "P33_007": "神戸市東灘区魚崎西町1-9-1",
        "P33_008": "078-854-1029",
        "P33_009": -1,
        "P33_010": "‐",
        "P33_011": "‐",
        "P33_012": -1,
        "P33_013": -1,
        "P33_014": -1,
        "P33_015": "‐",
        "P33_016": "‐",
        "P33_017": "‐",
        "P33_018": -1,
        "P33_019": -1,
        "P33_020": -1,
        "P33_021": -1,
        "P33_022": -1,
        "P33_023": -1,
        "P33_024": -1,
        "P33_041": 1
      },
      "geometry": {
        "type": "Point",
        "coordinates": [
          135.26787813325748,
          34.70859680141499
        ]
      }
    },
    {
      "type": "Feature",
      "properties": {
        "P33_001": 476,
        "P33_002": "28223",
        "P33_003": "28",
        "P33_004": 5,
        "P33_005": "キャピタルスポーツランド",
        "P33_006": "669-4124",
        "P33_007": "丹波市春日町野上野306-1",
        "P33_008": "0795-74-0790",
        "P33_009": -1,
        "P33_010": "‐",
        "P33_011": "‐",
        "P33_012": -1,
        "P33_013": -1,
        "P33_014": -1,
        "P33_015": "‐",
        "P33_016": "‐",
        "P33_017": "‐",
        "P33_018": -1,
        "P33_019": -1,
        "P33_020": -1,
        "P33_021": -1,
        "P33_022": -1,
        "P33_023": -1,
        "P33_024": -1,
        "P33_041": 1
      },
      "geometry": {
        "type": "Point",
        "coordinates": [
          135.13095500184187,
          35.157548000103866
        ]
      }
    },
    {
      "type": "Feature",
      "properties": {
        "P33_001": 461,
        "P33_002": "28110",
        "P33_003": "28",
        "P33_004": 5,
        "P33_005": "神戸アンパンマンこどもミュージアム＆モール",
        "P33_006": "650-0044",
        "P33_007": "神戸市中央区東川崎町1-6-2",
        "P33_008": "078-341-8855",
        "P33_009": -1,
        "P33_010": "‐",
        "P33_011": "‐",
        "P33_012": -1,
        "P33_013": -1,
        "P33_014": -1,
        "P33_015": "‐",
        "P33_016": "‐",
        "P33_017": "‐",
        "P33_018": -1,
        "P33_019": -1,
        "P33_020": -1,
        "P33_021": -1,
        "P33_022": -1,
        "P33_023": -1,
        "P33_024": -1,
        "P33_041": 1
      },
      "geometry": {
        "type": "Point",
        "coordinates": [
          135.1847099997738,
          34.67848400246223
        ]
      }
    },
    {
      "type": "Feature",
      "properties": {
        "P33_001": 447,
        "P33_002": "28101",
        "P33_003": "28",
        "P33_004": 5,
        "P33_005": "神戸市立小磯記念美術館",
        "P33_006": "658-0032",
        "P33_007": "神戸市東灘区向洋町中5-7",
        "P33_008": "078-857-5880",
        "P33_009": -1,
        "P33_010": "‐",
        "P33_011": "‐",
        "P33_012": -1,
        "P33_013": -1,
        "P33_014": -1,
        "P33_015": "‐",
        "P33_016": "‐",
        "P33_017": "‐",
        "P33_018": -1,
        "P33_019": -1,
        "P33_020": -1,
        "P33_021": -1,
        "P33_022": -1,
        "P33_023": -1,
        "P33_024": -1,
        "P33_041": 1
      },
      "geometry": {
        "type": "Point",
        "coordinates": [
          135.2671869983435,
          34.692769001342725
        ]
      }
    },
    {
      "type": "Feature",
      "properties": {
        "P33_001": 462,
        "P33_002": "28110",
        "P33_003": "28",
        "P33_004": 5,
        "P33_005": "神戸市立青少年科学館",
        "P33_006": "650-0046",
        "P33_007": "神戸市中央区港島中町7-7-6",
        "P33_008": "078-302-5177",
        "P33_009": -1,
        "P33_010": "‐",
        "P33_011": "‐",
        "P33_012": -1,
        "P33_013": -1,
        "P33_014": -1,
        "P33_015": "‐",
        "P33_016": "‐",
        "P33_017": "‐",
        "P33_018": -1,
        "P33_019": -1,
        "P33_020": -1,
        "P33_021": -1,
        "P33_022": -1,
        "P33_023": -1,
        "P33_024": -1,
        "P33_041": 1
      },
      "geometry": {
        "type": "Point",
        "coordinates": [
          135.2185502769098,
          34.66608333443749
        ]
      }
    },
    {
      "type": "Feature",
      "properties": {
        "P33_001": 470,
        "P33_002": "28204",
        "P33_003": "28",
        "P33_004": 5,
        "P33_005": "白鹿記念酒造博物館（酒ミュージアム）",
        "P33_006": "662-0926",
        "P33_007": "西宮市鞍掛町8-21",
        "P33_008": "0798-33-0008",
        "P33_009": -1,
        "P33_010": "‐",
        "P33_011": "‐",
        "P33_012": -1,
        "P33_013": -1,
        "P33_014": -1,
        "P33_015": "‐",
        "P33_016": "‐",
        "P33_017": "‐",
        "P33_018": -1,
        "P33_019": -1,
        "P33_020": -1,
        "P33_021": -1,
        "P33_022": -1,
        "P33_023": -1,
        "P33_024": -1,
        "P33_041": 1
      },
      "geometry": {
        "type": "Point",
        "coordinates": [
          135.33802899924248,
          34.727861000882136
        ]
      }
    },
    {
      "type": "Feature",
      "properties": {
        "P33_001": 478,
        "P33_002": "28224",
        "P33_003": "28",
        "P33_004": 5,
        "P33_005": "うずの丘大鳴門橋記念館",
        "P33_006": "656-0503",
        "P33_007": "南あわじ市福良丙936-3",
        "P33_008": "0799-52-2888",
        "P33_009": -1,
        "P33_010": "‐",
        "P33_011": "‐",
        "P33_012": -1,
        "P33_013": -1,
        "P33_014": -1,
        "P33_015": "‐",
        "P33_016": "‐",
        "P33_017": "‐",
        "P33_018": -1,
        "P33_019": -1,
        "P33_020": -1,
        "P33_021": -1,
        "P33_022": -1,
        "P33_023": -1,
        "P33_024": -1,
        "P33_041": 1
      },
      "geometry": {
        "type": "Point",
        "coordinates": [
          134.68471069812236,
          34.2547589341837
        ]
      }
    },
    {
      "type": "Feature",
      "properties": {
        "P33_001": 448,
        "P33_002": "28101",
        "P33_003": "28",
        "P33_004": 5,
        "P33_005": "デカパトス",
        "P33_006": "658-0032",
        "P33_007": "神戸市東灘区向洋町中8-1",
        "P33_008": "078-857-1170",
        "P33_009": -1,
        "P33_010": "‐",
        "P33_011": "‐",
        "P33_012": -1,
        "P33_013": -1,
        "P33_014": -1,
        "P33_015": "‐",
        "P33_016": "‐",
        "P33_017": "‐",
        "P33_018": -1,
        "P33_019": -1,
        "P33_020": -1,
        "P33_021": -1,
        "P33_022": -1,
        "P33_023": -1,
        "P33_024": -1,
        "P33_041": 1
      },
      "geometry": {
        "type": "Point",
        "coordinates": [
          135.2692408829228,
          34.68395634353827
        ]
      }
    },
    {
      "type": "Feature",
      "properties": {
        "P33_001": 449,
        "P33_002": "28101",
        "P33_003": "28",
        "P33_004": 5,
        "P33_005": "白鶴酒造資料館",
        "P33_006": "658-0041",
        "P33_007": "神戸市東灘区住吉南町4-5-5",
        "P33_008": "078-822-8907",
        "P33_009": -1,
        "P33_010": "‐",
        "P33_011": "‐",
        "P33_012": -1,
        "P33_013": -1,
        "P33_014": -1,
        "P33_015": "‐",
        "P33_016": "‐",
        "P33_017": "‐",
        "P33_018": -1,
        "P33_019": -1,
        "P33_020": -1,
        "P33_021": -1,
        "P33_022": -1,
        "P33_023": -1,
        "P33_024": -1,
        "P33_041": 1
      },
      "geometry": {
        "type": "Point",
        "coordinates": [
          135.26169574553973,
          34.710183292380734
        ]
      }
    },
    {
      "type": "Feature",
      "properties": {
        "P33_001": 467,
        "P33_002": "28203",
        "P33_003": "28",
        "P33_004": 5,
        "P33_005": "三ツ矢サイダーミュージアム",
        "P33_006": "674-0093",
        "P33_007": "明石市二見町南二見1-33",
        "P33_008": "078-941-2309",
        "P33_009": -1,
        "P33_010": "‐",
        "P33_011": "‐",
        "P33_012": -1,
        "P33_013": -1,
        "P33_014": -1,
        "P33_015": "‐",
        "P33_016": "‐",
        "P33_017": "‐",
        "P33_018": -1,
        "P33_019": -1,
        "P33_020": -1,
        "P33_021": -1,
        "P33_022": -1,
        "P33_023": -1,
        "P33_024": -1,
        "P33_041": 1
      },
      "geometry": {
        "type": "Point",
        "coordinates": [
          134.87140000001293,
          34.68986300089546
        ]
      }
    },
    {
      "type": "Feature",
      "properties": {
        "P33_001": 451,
        "P33_002": "28102",
        "P33_003": "28",
        "P33_004": 5,
        "P33_005": "横尾忠則現代美術館",
        "P33_006": "657-0837",
        "P33_007": "神戸市灘区原田通3-8-30",
        "P33_008": "078-855-5602",
        "P33_009": -1,
        "P33_010": "‐",
        "P33_011": "‐",
        "P33_012": -1,
        "P33_013": -1,
        "P33_014": -1,
        "P33_015": "‐",
        "P33_016": "‐",
        "P33_017": "‐",
        "P33_018": -1,
        "P33_019": -1,
        "P33_020": -1,
        "P33_021": -1,
        "P33_022": -1,
        "P33_023": -1,
        "P33_024": -1,
        "P33_041": 1
      },
      "geometry": {
        "type": "Point",
        "coordinates": [
          135.21395399924168,
          34.70855899957014
        ]
      }
    },
    {
      "type": "Feature",
      "properties": {
        "P33_001": 463,
        "P33_002": "28110",
        "P33_003": "28",
        "P33_004": 5,
        "P33_005": "神戸ポートタワー",
        "P33_006": "650-0042",
        "P33_007": "神戸市中央区波止場町5-5",
        "P33_008": "078-391-6751",
        "P33_009": -1,
        "P33_010": "‐",
        "P33_011": "‐",
        "P33_012": -1,
        "P33_013": -1,
        "P33_014": -1,
        "P33_015": "‐",
        "P33_016": "‐",
        "P33_017": "‐",
        "P33_018": -1,
        "P33_019": -1,
        "P33_020": -1,
        "P33_021": -1,
        "P33_022": -1,
        "P33_023": -1,
        "P33_024": -1,
        "P33_041": 1
      },
      "geometry": {
        "type": "Point",
        "coordinates": [
          135.18672972181648,
          34.68262416496019
        ]
      }
    },
    {
      "type": "Feature",
      "properties": {
        "P33_001": 483,
        "P33_002": "28501",
        "P33_003": "28",
        "P33_004": 5,
        "P33_005": "佐用町昆虫館",
        "P33_006": "679-5227",
        "P33_007": "佐用町船越617",
        "P33_008": "0790-77-0103",
        "P33_009": -1,
        "P33_010": "‐",
        "P33_011": "‐",
        "P33_012": -1,
        "P33_013": -1,
        "P33_014": -1,
        "P33_015": "‐",
        "P33_016": "‐",
        "P33_017": "‐",
        "P33_018": -1,
        "P33_019": -1,
        "P33_020": -1,
        "P33_021": -1,
        "P33_022": -1,
        "P33_023": -1,
        "P33_024": -1,
        "P33_041": 1
      },
      "geometry": {
        "type": "Point",
        "coordinates": [
          134.42736500014644,
          35.0982970011089
        ]
      }
    },
    {
      "type": "Feature",
      "properties": {
        "P33_001": 504,
        "P33_002": "28111",
        "P33_003": "28",
        "P33_004": 6,
        "P33_005": "くすのき農園",
        "P33_006": "651-2403",
        "P33_007": "神戸市西区岩岡町西脇909-2",
        "P33_008": "078-967-1363",
        "P33_009": -1,
        "P33_010": "‐",
        "P33_011": "‐",
        "P33_012": -1,
        "P33_013": -1,
        "P33_014": -1,
        "P33_015": "‐",
        "P33_016": "‐",
        "P33_017": "無",
        "P33_018": -1,
        "P33_019": -1,
        "P33_020": -1,
        "P33_021": -1,
        "P33_022": -1,
        "P33_023": -1,
        "P33_024": -1,
        "P33_041": 1
      },
      "geometry": {
        "type": "Point",
        "coordinates": [
          134.92507599736047,
          34.70577999974436
        ]
      }
    },
    {
      "type": "Feature",
      "properties": {
        "P33_001": 524,
        "P33_002": "28220",
        "P33_003": "28",
        "P33_004": 6,
        "P33_005": "兵庫県立フラワーセンター",
        "P33_006": "679-0187",
        "P33_007": "加西市豊倉町飯森1282-1",
        "P33_008": "0790-47-1182",
        "P33_009": -1,
        "P33_010": "‐",
        "P33_011": "‐",
        "P33_012": -1,
        "P33_013": -1,
        "P33_014": -1,
        "P33_015": "324",
        "P33_016": "9:00～17:00",
        "P33_017": "有",
        "P33_018": -1,
        "P33_019": -1,
        "P33_020": -1,
        "P33_021": -1,
        "P33_022": -1,
        "P33_023": -1,
        "P33_024": -1,
        "P33_041": 1
      },
      "geometry": {
        "type": "Point",
        "coordinates": [
          134.85934799870165,
          34.90774700179934
        ]
      }
    },
    {
      "type": "Feature",
      "properties": {
        "P33_001": 535,
        "P33_002": "28228",
        "P33_003": "28",
        "P33_004": 6,
        "P33_005": "東条湖おもちゃ王国",
        "P33_006": "673-1301",
        "P33_007": "加東市黒谷1216",
        "P33_008": "0795-47-0268",
        "P33_009": -1,
        "P33_010": "‐",
        "P33_011": "‐",
        "P33_012": -1,
        "P33_013": -1,
        "P33_014": -1,
        "P33_015": "322",
        "P33_016": "10:00～17:00(平日)､9:30～17:00(日祝日)",
        "P33_017": "有",
        "P33_018": -1,
        "P33_019": -1,
        "P33_020": -1,
        "P33_021": -1,
        "P33_022": -1,
        "P33_023": -1,
        "P33_024": -1,
        "P33_041": 1
      },
      "geometry": {
        "type": "Point",
        "coordinates": [
          135.06155099826793,
          34.931381999382246
        ]
      }
    },
    {
      "type": "Feature",
      "properties": {
        "P33_001": 514,
        "P33_002": "28204",
        "P33_003": "28",
        "P33_004": 6,
        "P33_005": "キッザニア甲子園",
        "P33_006": "663-8171",
        "P33_007": "西宮市甲子園八番町1-100（ららぽーと甲子園）",
        "P33_008": "0570-06-4343",
        "P33_009": -1,
        "P33_010": "‐",
        "P33_011": "‐",
        "P33_012": -1,
        "P33_013": -1,
        "P33_014": -1,
        "P33_015": "‐",
        "P33_016": "9:00～15:00(1部)､16:00～21:00(2部)",
        "P33_017": "有",
        "P33_018": -1,
        "P33_019": -1,
        "P33_020": -1,
        "P33_021": -1,
        "P33_022": -1,
        "P33_023": -1,
        "P33_024": -1,
        "P33_041": 1
      },
      "geometry": {
        "type": "Point",
        "coordinates": [
          135.36459072163186,
          34.71719545421008
        ]
      }
    },
    {
      "type": "Feature",
      "properties": {
        "P33_001": 517,
        "P33_002": "28209",
        "P33_003": "28",
        "P33_004": 6,
        "P33_005": "城崎マリンワールド",
        "P33_006": "669-6122",
        "P33_007": "豊岡市瀬戸1090",
        "P33_008": "0796-28-2300",
        "P33_009": -1,
        "P33_010": "‐",
        "P33_011": "‐",
        "P33_012": -1,
        "P33_013": -1,
        "P33_014": -1,
        "P33_015": "‐",
        "P33_016": "9:00～17:00",
        "P33_017": "有",
        "P33_018": -1,
        "P33_019": -1,
        "P33_020": -1,
        "P33_021": -1,
        "P33_022": -1,
        "P33_023": -1,
        "P33_024": -1,
        "P33_041": 1
      },
      "geometry": {
        "type": "Point",
        "coordinates": [
          134.82407399737264,
          35.655875001762055
        ]
      }
    },
    {
      "type": "Feature",
      "properties": {
        "P33_001": 533,
        "P33_002": "28226",
        "P33_003": "28",
        "P33_004": 6,
        "P33_005": "淡路島国営明石海峡公園",
        "P33_006": "656-2307",
        "P33_007": "淡路市南鵜崎8-10",
        "P33_008": "0799-72-2000",
        "P33_009": -1,
        "P33_010": "‐",
        "P33_011": "‐",
        "P33_012": -1,
        "P33_013": -1,
        "P33_014": -1,
        "P33_015": "361",
        "P33_016": "9:30～18:00(4～8月)",
        "P33_017": "有",
        "P33_018": -1,
        "P33_019": -1,
        "P33_020": -1,
        "P33_021": -1,
        "P33_022": -1,
        "P33_023": -1,
        "P33_024": -1,
        "P33_041": 1
      },
      "geometry": {
        "type": "Point",
        "coordinates": [
          135.01447200180198,
          34.565683001154554
        ]
      }
    },
    {
      "type": "Feature",
      "properties": {
        "P33_001": 490,
        "P33_002": "28107",
        "P33_003": "28",
        "P33_004": 6,
        "P33_005": "神戸市立須磨離宮公園・須磨離宮植物園",
        "P33_006": "654-0018",
        "P33_007": "神戸市須磨区東須磨1-1",
        "P33_008": "078-732-6688",
        "P33_009": -1,
        "P33_010": "‐",
        "P33_011": "‐",
        "P33_012": -1,
        "P33_013": -1,
        "P33_014": -1,
        "P33_015": "359",
        "P33_016": "9:00～17:00",
        "P33_017": "有",
        "P33_018": -1,
        "P33_019": -1,
        "P33_020": -1,
        "P33_021": -1,
        "P33_022": -1,
        "P33_023": -1,
        "P33_024": -1,
        "P33_041": 1
      },
      "geometry": {
        "type": "Point",
        "coordinates": [
          135.11615699804804,
          34.65351600005582
        ]
      }
    },
    {
      "type": "Feature",
      "properties": {
        "P33_001": 496,
        "P33_002": "28110",
        "P33_003": "28",
        "P33_004": 6,
        "P33_005": "兵庫県立美術館",
        "P33_006": "651-0073",
        "P33_007": "神戸市中央区脇浜海岸通1-1-1",
        "P33_008": "078-262-0901",
        "P33_009": -1,
        "P33_010": "‐",
        "P33_011": "‐",
        "P33_012": -1,
        "P33_013": -1,
        "P33_014": -1,
        "P33_015": "307",
        "P33_016": "10:00～18:00",
        "P33_017": "有",
        "P33_018": -1,
        "P33_019": -1,
        "P33_020": -1,
        "P33_021": -1,
        "P33_022": -1,
        "P33_023": -1,
        "P33_024": -1,
        "P33_041": 1
      },
      "geometry": {
        "type": "Point",
        "coordinates": [
          135.21795599852962,
          34.69919399893049
        ]
      }
    },
    {
      "type": "Feature",
      "properties": {
        "P33_001": 538,
        "P33_002": "28446",
        "P33_003": "28",
        "P33_004": 6,
        "P33_005": "神崎農村公園ヨーデルの森",
        "P33_006": "679-2431",
        "P33_007": "神河町猪篠1868",
        "P33_008": "0790-32-2911",
        "P33_009": -1,
        "P33_010": "‐",
        "P33_011": "‐",
        "P33_012": -1,
        "P33_013": -1,
        "P33_014": -1,
        "P33_015": "344",
        "P33_016": "10:00～17:00",
        "P33_017": "有",
        "P33_018": -1,
        "P33_019": -1,
        "P33_020": -1,
        "P33_021": -1,
        "P33_022": -1,
        "P33_023": -1,
        "P33_024": -1,
        "P33_041": 1
      },
      "geometry": {
        "type": "Point",
        "coordinates": [
          134.7912289996875,
          35.13726900153647
        ]
      }
    },
    {
      "type": "Feature",
      "properties": {
        "P33_001": 529,
        "P33_002": "28226",
        "P33_003": "28",
        "P33_004": 6,
        "P33_005": "淡路ワールドパークＯＮＯＫＯＲＯ",
        "P33_006": "656-2142",
        "P33_007": "淡路市津名塩田新島8-5",
        "P33_008": "0799-62-1192",
        "P33_009": -1,
        "P33_010": "‐",
        "P33_011": "‐",
        "P33_012": -1,
        "P33_013": -1,
        "P33_014": -1,
        "P33_015": "‐",
        "P33_016": "9:30～17:30(3～9月)､9:30～17:00(10～2月)",
        "P33_017": "有",
        "P33_018": -1,
        "P33_019": -1,
        "P33_020": -1,
        "P33_021": -1,
        "P33_022": -1,
        "P33_023": -1,
        "P33_024": -1,
        "P33_041": 1
      },
      "geometry": {
        "type": "Point",
        "coordinates": [
          134.89983799782297,
          34.416644999815155
        ]
      }
    },
    {
      "type": "Feature",
      "properties": {
        "P33_001": 502,
        "P33_002": "28111",
        "P33_003": "28",
        "P33_004": 6,
        "P33_005": "神戸ワイナリー（農業公園）",
        "P33_006": "651-2204",
        "P33_007": "神戸市西区押部谷町高和1557-1",
        "P33_008": "078-991-3911",
        "P33_009": -1,
        "P33_010": "‐",
        "P33_011": "‐",
        "P33_012": -1,
        "P33_013": -1,
        "P33_014": -1,
        "P33_015": "354",
        "P33_016": "9:00～17:00",
        "P33_017": "無",
        "P33_018": -1,
        "P33_019": -1,
        "P33_020": -1,
        "P33_021": -1,
        "P33_022": -1,
        "P33_023": -1,
        "P33_024": -1,
        "P33_041": 1
      },
      "geometry": {
        "type": "Point",
        "coordinates": [
          135.04029699906826,
          34.73253899853657
        ]
      }
    },
    {
      "type": "Feature",
      "properties": {
        "P33_001": 537,
        "P33_002": "28365",
        "P33_003": "28",
        "P33_004": 6,
        "P33_005": "フロイデン八千代",
        "P33_006": "677-0113",
        "P33_007": "多可町八千代区俵田414",
        "P33_008": "0795-37-1580",
        "P33_009": -1,
        "P33_010": "‐",
        "P33_011": "‐",
        "P33_012": -1,
        "P33_013": -1,
        "P33_014": -1,
        "P33_015": "‐",
        "P33_016": "‐",
        "P33_017": "無",
        "P33_018": -1,
        "P33_019": -1,
        "P33_020": -1,
        "P33_021": -1,
        "P33_022": -1,
        "P33_023": -1,
        "P33_024": -1,
        "P33_041": 1
      },
      "geometry": {
        "type": "Point",
        "coordinates": [
          134.88864806233764,
          35.012499208455914
        ]
      }
    },
    {
      "type": "Feature",
      "properties": {
        "P33_001": 497,
        "P33_002": "28110",
        "P33_003": "28",
        "P33_004": 6,
        "P33_005": "ＨＡＴなぎさの湯",
        "P33_006": "651-0073",
        "P33_007": "神戸市中央区脇浜海岸通1-3-3",
        "P33_008": "078-231-4126",
        "P33_009": -1,
        "P33_010": "‐",
        "P33_011": "‐",
        "P33_012": -1,
        "P33_013": -1,
        "P33_014": -1,
        "P33_015": "‐",
        "P33_016": "‐",
        "P33_017": "‐",
        "P33_018": -1,
        "P33_019": -1,
        "P33_020": -1,
        "P33_021": -1,
        "P33_022": -1,
        "P33_023": -1,
        "P33_024": -1,
        "P33_041": 1
      },
      "geometry": {
        "type": "Point",
        "coordinates": [
          135.2132430018641,
          34.69568400116587
        ]
      }
    },
    {
      "type": "Feature",
      "properties": {
        "P33_001": 523,
        "P33_002": "28219",
        "P33_003": "28",
        "P33_004": 6,
        "P33_005": "有馬富士公園",
        "P33_006": "669-1313",
        "P33_007": "三田市福島1091-2",
        "P33_008": "079-562-3040",
        "P33_009": -1,
        "P33_010": "‐",
        "P33_011": "‐",
        "P33_012": -1,
        "P33_013": -1,
        "P33_014": -1,
        "P33_015": "‐",
        "P33_016": "‐",
        "P33_017": "‐",
        "P33_018": -1,
        "P33_019": -1,
        "P33_020": -1,
        "P33_021": -1,
        "P33_022": -1,
        "P33_023": -1,
        "P33_024": -1,
        "P33_041": 1
      },
      "geometry": {
        "type": "Point",
        "coordinates": [
          135.22411400068196,
          34.91336400132934
        ]
      }
    },
    {
      "type": "Feature",
      "properties": {
        "P33_001": 525,
        "P33_002": "28224",
        "P33_003": "28",
        "P33_004": 6,
        "P33_005": "淡路島牧場",
        "P33_006": "656-0443",
        "P33_007": "南あわじ市八木養宜上1",
        "P33_008": "0799-42-2066",
        "P33_009": -1,
        "P33_010": "‐",
        "P33_011": "‐",
        "P33_012": -1,
        "P33_013": -1,
        "P33_014": -1,
        "P33_015": "‐",
        "P33_016": "‐",
        "P33_017": "‐",
        "P33_018": -1,
        "P33_019": -1,
        "P33_020": -1,
        "P33_021": -1,
        "P33_022": -1,
        "P33_023": -1,
        "P33_024": -1,
        "P33_041": 1
      },
      "geometry": {
        "type": "Point",
        "coordinates": [
          134.79533700080003,
          34.29732099927964
        ]
      }
    },
    {
      "type": "Feature",
      "properties": {
        "P33_001": 503,
        "P33_002": "28111",
        "P33_003": "28",
        "P33_004": 6,
        "P33_005": "グリコピア神戸",
        "P33_006": "651-2271",
        "P33_007": "神戸市西区高塚台7-1",
        "P33_008": "078-991-3693",
        "P33_009": -1,
        "P33_010": "‐",
        "P33_011": "‐",
        "P33_012": -1,
        "P33_013": -1,
        "P33_014": -1,
        "P33_015": "‐",
        "P33_016": "‐",
        "P33_017": "‐",
        "P33_018": -1,
        "P33_019": -1,
        "P33_020": -1,
        "P33_021": -1,
        "P33_022": -1,
        "P33_023": -1,
        "P33_024": -1,
        "P33_041": 1
      },
      "geometry": {
        "type": "Point",
        "coordinates": [
          135.0211470033888,
          34.73721900002224
        ]
      }
    },
    {
      "type": "Feature",
      "properties": {
        "P33_001": 498,
        "P33_002": "28110",
        "P33_003": "28",
        "P33_004": 6,
        "P33_005": "神戸ハーバーランド温泉　万葉倶楽部",
        "P33_006": "650-0044",
        "P33_007": "神戸市中央区東川崎町1-8-1（プロメナ神戸7～16階）",
        "P33_008": "078-371-4126",
        "P33_009": -1,
        "P33_010": "‐",
        "P33_011": "‐",
        "P33_012": -1,
        "P33_013": -1,
        "P33_014": -1,
        "P33_015": "‐",
        "P33_016": "‐",
        "P33_017": "‐",
        "P33_018": -1,
        "P33_019": -1,
        "P33_020": -1,
        "P33_021": -1,
        "P33_022": -1,
        "P33_023": -1,
        "P33_024": -1,
        "P33_041": 1
      },
      "geometry": {
        "type": "Point",
        "coordinates": [
          135.18087820513423,
          34.679657719077156
        ]
      }
    },
    {
      "type": "Feature",
      "properties": {
        "P33_001": 536,
        "P33_002": "28365",
        "P33_003": "28",
        "P33_004": 6,
        "P33_005": "セントラルサーキット",
        "P33_006": "679-1132",
        "P33_007": "多可町中区坂本字草山521-1",
        "P33_008": "0795-32-3766",
        "P33_009": -1,
        "P33_010": "‐",
        "P33_011": "‐",
        "P33_012": -1,
        "P33_013": -1,
        "P33_014": -1,
        "P33_015": "‐",
        "P33_016": "‐",
        "P33_017": "‐",
        "P33_018": -1,
        "P33_019": -1,
        "P33_020": -1,
        "P33_021": -1,
        "P33_022": -1,
        "P33_023": -1,
        "P33_024": -1,
        "P33_041": 1
      },
      "geometry": {
        "type": "Point",
        "coordinates": [
          134.92205100045368,
          35.02487600022089
        ]
      }
    },
    {
      "type": "Feature",
      "properties": {
        "P33_001": 539,
        "P33_002": "28585",
        "P33_003": "28",
        "P33_004": 6,
        "P33_005": "但馬高原植物園　オーバーランドガルテン",
        "P33_006": "667-1347",
        "P33_007": "香美町村岡区和池709",
        "P33_008": "0796-96-1187",
        "P33_009": -1,
        "P33_010": "‐",
        "P33_011": "‐",
        "P33_012": -1,
        "P33_013": -1,
        "P33_014": -1,
        "P33_015": "‐",
        "P33_016": "‐",
        "P33_017": "‐",
        "P33_018": -1,
        "P33_019": -1,
        "P33_020": -1,
        "P33_021": -1,
        "P33_022": -1,
        "P33_023": -1,
        "P33_024": -1,
        "P33_041": 1
      },
      "geometry": {
        "type": "Point",
        "coordinates": [
          134.57231999951642,
          35.42145899999607
        ]
      }
    },
    {
      "type": "Feature",
      "properties": {
        "P33_001": 530,
        "P33_002": "28226",
        "P33_003": "28",
        "P33_004": 6,
        "P33_005": "野島断層保存　北淡震災記念公園",
        "P33_006": "656-1736",
        "P33_007": "淡路市小倉177",
        "P33_008": "0799-82-3020",
        "P33_009": -1,
        "P33_010": "‐",
        "P33_011": "‐",
        "P33_012": -1,
        "P33_013": -1,
        "P33_014": -1,
        "P33_015": "‐",
        "P33_016": "‐",
        "P33_017": "‐",
        "P33_018": -1,
        "P33_019": -1,
        "P33_020": -1,
        "P33_021": -1,
        "P33_022": -1,
        "P33_023": -1,
        "P33_024": -1,
        "P33_041": 1
      },
      "geometry": {
        "type": "Point",
        "coordinates": [
          134.93783880350503,
          34.5495916913176
        ]
      }
    },
    {
      "type": "Feature",
      "properties": {
        "P33_001": 507,
        "P33_002": "28201",
        "P33_003": "28",
        "P33_004": 6,
        "P33_005": "ひめじ手柄山遊園・姫路市民プール",
        "P33_006": "670-0971",
        "P33_007": "姫路市西延末",
        "P33_008": "079-296-0503",
        "P33_009": -1,
        "P33_010": "‐",
        "P33_011": "‐",
        "P33_012": -1,
        "P33_013": -1,
        "P33_014": -1,
        "P33_015": "‐",
        "P33_016": "‐",
        "P33_017": "‐",
        "P33_018": -1,
        "P33_019": -1,
        "P33_020": -1,
        "P33_021": -1,
        "P33_022": -1,
        "P33_023": -1,
        "P33_024": -1,
        "P33_041": 1
      },
      "geometry": {
        "type": "Point",
        "coordinates": [
          134.67309299791,
          34.82287500151621
        ]
      }
    },
    {
      "type": "Feature",
      "properties": {
        "P33_001": 531,
        "P33_002": "28226",
        "P33_003": "28",
        "P33_004": 6,
        "P33_005": "兵庫県立淡路夢舞台温室　奇跡の星の植物館",
        "P33_006": "656-2306",
        "P33_007": "淡路市夢舞台4",
        "P33_008": "0799-74-1200",
        "P33_009": -1,
        "P33_010": "‐",
        "P33_011": "‐",
        "P33_012": -1,
        "P33_013": -1,
        "P33_014": -1,
        "P33_015": "‐",
        "P33_016": "‐",
        "P33_017": "‐",
        "P33_018": -1,
        "P33_019": -1,
        "P33_020": -1,
        "P33_021": -1,
        "P33_022": -1,
        "P33_023": -1,
        "P33_024": -1,
        "P33_041": 1
      },
      "geometry": {
        "type": "Point",
        "coordinates": [
          135.00971600132635,
          34.56289800025613
        ]
      }
    },
    {
      "type": "Feature",
      "properties": {
        "P33_001": 540,
        "P33_002": "28586",
        "P33_003": "28",
        "P33_004": 6,
        "P33_005": "兵庫県立但馬牧場公園",
        "P33_006": "669-6813",
        "P33_007": "新温泉町丹土1033",
        "P33_008": "0796-92-2641",
        "P33_009": -1,
        "P33_010": "‐",
        "P33_011": "‐",
        "P33_012": -1,
        "P33_013": -1,
        "P33_014": -1,
        "P33_015": "‐",
        "P33_016": "‐",
        "P33_017": "‐",
        "P33_018": -1,
        "P33_019": -1,
        "P33_020": -1,
        "P33_021": -1,
        "P33_022": -1,
        "P33_023": -1,
        "P33_024": -1,
        "P33_041": 1
      },
      "geometry": {
        "type": "Point",
        "coordinates": [
          134.48647299845194,
          35.51784500126037
        ]
      }
    },
    {
      "type": "Feature",
      "properties": {
        "P33_001": 521,
        "P33_002": "28215",
        "P33_003": "28",
        "P33_004": 6,
        "P33_005": "兵庫県立三木山森林公園",
        "P33_006": "673-0433",
        "P33_007": "三木市福井字三木山2465-1",
        "P33_008": "0794-83-6100",
        "P33_009": -1,
        "P33_010": "‐",
        "P33_011": "‐",
        "P33_012": -1,
        "P33_013": -1,
        "P33_014": -1,
        "P33_015": "‐",
        "P33_016": "‐",
        "P33_017": "‐",
        "P33_018": -1,
        "P33_019": -1,
        "P33_020": -1,
        "P33_021": -1,
        "P33_022": -1,
        "P33_023": -1,
        "P33_024": -1,
        "P33_041": 1
      },
      "geometry": {
        "type": "Point",
        "coordinates": [
          134.98972299945368,
          34.785261001697236
        ]
      }
    },
    {
      "type": "Feature",
      "properties": {
        "P33_001": 528,
        "P33_002": "28225",
        "P33_003": "28",
        "P33_004": 6,
        "P33_005": "フォレストアドベンチャー・朝来",
        "P33_006": "679-3453",
        "P33_007": "朝来市佐嚢66",
        "P33_008": "090-6739-2195",
        "P33_009": -1,
        "P33_010": "‐",
        "P33_011": "‐",
        "P33_012": -1,
        "P33_013": -1,
        "P33_014": -1,
        "P33_015": "‐",
        "P33_016": "‐",
        "P33_017": "‐",
        "P33_018": -1,
        "P33_019": -1,
        "P33_020": -1,
        "P33_021": -1,
        "P33_022": -1,
        "P33_023": -1,
        "P33_024": -1,
        "P33_041": 1
      },
      "geometry": {
        "type": "Point",
        "coordinates": [
          134.76982888977344,
          35.24852277863407
        ]
      }
    },
    {
      "type": "Feature",
      "properties": {
        "P33_001": 520,
        "P33_002": "28215",
        "P33_003": "28",
        "P33_004": 6,
        "P33_005": "三木ホースランドパーク",
        "P33_006": "673-0435",
        "P33_007": "三木市別所町高木",
        "P33_008": "0120-816-892",
        "P33_009": -1,
        "P33_010": "‐",
        "P33_011": "‐",
        "P33_012": -1,
        "P33_013": -1,
        "P33_014": -1,
        "P33_015": "‐",
        "P33_016": "‐",
        "P33_017": "‐",
        "P33_018": -1,
        "P33_019": -1,
        "P33_020": -1,
        "P33_021": -1,
        "P33_022": -1,
        "P33_023": -1,
        "P33_024": -1,
        "P33_041": 1
      },
      "geometry": {
        "type": "Point",
        "coordinates": [
          134.97082238240944,
          34.783451116298856
        ]
      }
    },
    {
      "type": "Feature",
      "properties": {
        "P33_001": 512,
        "P33_002": "28204",
        "P33_003": "28",
        "P33_004": 6,
        "P33_005": "リゾ鳴尾浜",
        "P33_006": "663-8142",
        "P33_007": "西宮市鳴尾浜3-13",
        "P33_008": "0798-42-2161",
        "P33_009": -1,
        "P33_010": "‐",
        "P33_011": "‐",
        "P33_012": -1,
        "P33_013": -1,
        "P33_014": -1,
        "P33_015": "‐",
        "P33_016": "‐",
        "P33_017": "‐",
        "P33_018": -1,
        "P33_019": -1,
        "P33_020": -1,
        "P33_021": -1,
        "P33_022": -1,
        "P33_023": -1,
        "P33_024": -1,
        "P33_041": 1
      },
      "geometry": {
        "type": "Point",
        "coordinates": [
          135.36016166586464,
          34.69221055471249
        ]
      }
    },
    {
      "type": "Feature",
      "properties": {
        "P33_001": 522,
        "P33_002": "28219",
        "P33_003": "28",
        "P33_004": 6,
        "P33_005": "三田温泉 熊野の郷",
        "P33_006": "669-1547",
        "P33_007": "三田市富士ヶ丘5-2",
        "P33_008": "079-561-1268",
        "P33_009": -1,
        "P33_010": "‐",
        "P33_011": "‐",
        "P33_012": -1,
        "P33_013": -1,
        "P33_014": -1,
        "P33_015": "‐",
        "P33_016": "‐",
        "P33_017": "‐",
        "P33_018": -1,
        "P33_019": -1,
        "P33_020": -1,
        "P33_021": -1,
        "P33_022": -1,
        "P33_023": -1,
        "P33_024": -1,
        "P33_041": 1
      },
      "geometry": {
        "type": "Point",
        "coordinates": [
          135.20169083426975,
          34.892304165103425
        ]
      }
    },
    {
      "type": "Feature",
      "properties": {
        "P33_001": 495,
        "P33_002": "28109",
        "P33_003": "28",
        "P33_004": 6,
        "P33_005": "神戸市立フルーツ・フラワーパーク",
        "P33_006": "651-1522",
        "P33_007": "神戸市北区大沢町上大沢2150",
        "P33_008": "078-954-1000",
        "P33_009": -1,
        "P33_010": "‐",
        "P33_011": "‐",
        "P33_012": -1,
        "P33_013": -1,
        "P33_014": -1,
        "P33_015": "‐",
        "P33_016": "‐",
        "P33_017": "‐",
        "P33_018": -1,
        "P33_019": -1,
        "P33_020": -1,
        "P33_021": -1,
        "P33_022": -1,
        "P33_023": -1,
        "P33_024": -1,
        "P33_041": 1
      },
      "geometry": {
        "type": "Point",
        "coordinates": [
          135.1896115896304,
          34.84730527446602
        ]
      }
    },
    {
      "type": "Feature",
      "properties": {
        "P33_001": 493,
        "P33_002": "28109",
        "P33_003": "28",
        "P33_004": 6,
        "P33_005": "神戸市立森林植物園",
        "P33_006": "651-1102",
        "P33_007": "神戸市北区山田町上谷上字長尾1-2",
        "P33_008": "078-954-1000",
        "P33_009": -1,
        "P33_010": "‐",
        "P33_011": "‐",
        "P33_012": -1,
        "P33_013": -1,
        "P33_014": -1,
        "P33_015": "‐",
        "P33_016": "‐",
        "P33_017": "‐",
        "P33_018": -1,
        "P33_019": -1,
        "P33_020": -1,
        "P33_021": -1,
        "P33_022": -1,
        "P33_023": -1,
        "P33_024": -1,
        "P33_041": 1
      },
      "geometry": {
        "type": "Point",
        "coordinates": [
          135.18016861186618,
          34.73763895600899
        ]
      }
    },
    {
      "type": "Feature",
      "properties": {
        "P33_001": 486,
        "P33_002": "28102",
        "P33_003": "28",
        "P33_004": 6,
        "P33_005": "神戸市立六甲山牧場",
        "P33_006": "657-0101",
        "P33_007": "神戸市灘区六甲山町中一里山1-1",
        "P33_008": "078-891-0280",
        "P33_009": -1,
        "P33_010": "‐",
        "P33_011": "‐",
        "P33_012": -1,
        "P33_013": -1,
        "P33_014": -1,
        "P33_015": "‐",
        "P33_016": "‐",
        "P33_017": "‐",
        "P33_018": -1,
        "P33_019": -1,
        "P33_020": -1,
        "P33_021": -1,
        "P33_022": -1,
        "P33_023": -1,
        "P33_024": -1,
        "P33_041": 1
      },
      "geometry": {
        "type": "Point",
        "coordinates": [
          135.2063722007502,
          34.75087202536184
        ]
      }
    },
    {
      "type": "Feature",
      "properties": {
        "P33_001": 491,
        "P33_002": "28107",
        "P33_003": "28",
        "P33_004": 6,
        "P33_005": "須磨浦山上遊園",
        "P33_006": "654-0076",
        "P33_007": "神戸市須磨区一の谷町5-3-2",
        "P33_008": "078-731-2520",
        "P33_009": -1,
        "P33_010": "‐",
        "P33_011": "‐",
        "P33_012": -1,
        "P33_013": -1,
        "P33_014": -1,
        "P33_015": "‐",
        "P33_016": "‐",
        "P33_017": "‐",
        "P33_018": -1,
        "P33_019": -1,
        "P33_020": -1,
        "P33_021": -1,
        "P33_022": -1,
        "P33_023": -1,
        "P33_024": -1,
        "P33_041": 1
      },
      "geometry": {
        "type": "Point",
        "coordinates": [
          135.0934650927285,
          34.638469070394144
        ]
      }
    },
    {
      "type": "Feature",
      "properties": {
        "P33_001": 526,
        "P33_002": "28224",
        "P33_003": "28",
        "P33_004": 6,
        "P33_005": "淡路ファームパーク イングランドの丘",
        "P33_006": "656-0442",
        "P33_007": "南あわじ市八木養宜上1401",
        "P33_008": "0799-43-2626",
        "P33_009": -1,
        "P33_010": "‐",
        "P33_011": "‐",
        "P33_012": -1,
        "P33_013": -1,
        "P33_014": -1,
        "P33_015": "‐",
        "P33_016": "‐",
        "P33_017": "‐",
        "P33_018": -1,
        "P33_019": -1,
        "P33_020": -1,
        "P33_021": -1,
        "P33_022": -1,
        "P33_023": -1,
        "P33_024": -1,
        "P33_041": 1
      },
      "geometry": {
        "type": "Point",
        "coordinates": [
          134.80143747950123,
          34.3067881223654
        ]
      }
    },
    {
      "type": "Feature",
      "properties": {
        "P33_001": 515,
        "P33_002": "28205",
        "P33_003": "28",
        "P33_004": 6,
        "P33_005": "淡路島モンキーセンター",
        "P33_006": "656-2533",
        "P33_007": "洲本市畑田組289",
        "P33_008": "0799-29-0112",
        "P33_009": -1,
        "P33_010": "‐",
        "P33_011": "‐",
        "P33_012": -1,
        "P33_013": -1,
        "P33_014": -1,
        "P33_015": "‐",
        "P33_016": "‐",
        "P33_017": "‐",
        "P33_018": -1,
        "P33_019": -1,
        "P33_020": -1,
        "P33_021": -1,
        "P33_022": -1,
        "P33_023": -1,
        "P33_024": -1,
        "P33_041": 1
      },
      "geometry": {
        "type": "Point",
        "coordinates": [
          134.8833441675139,
          34.24510975424509
        ]
      }
    },
    {
      "type": "Feature",
      "properties": {
        "P33_001": 511,
        "P33_002": "28202",
        "P33_003": "28",
        "P33_004": 6,
        "P33_005": "尼崎スポーツの森",
        "P33_006": "660-0096",
        "P33_007": "尼崎市扇町14-1",
        "P33_008": "06-6412-1655",
        "P33_009": -1,
        "P33_010": "‐",
        "P33_011": "‐",
        "P33_012": -1,
        "P33_013": -1,
        "P33_014": -1,
        "P33_015": "‐",
        "P33_016": "‐",
        "P33_017": "‐",
        "P33_018": -1,
        "P33_019": -1,
        "P33_020": -1,
        "P33_021": -1,
        "P33_022": -1,
        "P33_023": -1,
        "P33_024": -1,
        "P33_041": 1
      },
      "geometry": {
        "type": "Point",
        "coordinates": [
          135.38163798728584,
          34.698522882198546
        ]
      }
    },
    {
      "type": "Feature",
      "properties": {
        "P33_001": 510,
        "P33_002": "28202",
        "P33_003": "28",
        "P33_004": 6,
        "P33_005": "尼崎市都市緑化植物園（上坂部西公園）",
        "P33_006": "661-0011",
        "P33_007": "尼崎市東塚口町2-2-1",
        "P33_008": "06-6426-7500",
        "P33_009": -1,
        "P33_010": "‐",
        "P33_011": "‐",
        "P33_012": -1,
        "P33_013": -1,
        "P33_014": -1,
        "P33_015": "‐",
        "P33_016": "‐",
        "P33_017": "‐",
        "P33_018": -1,
        "P33_019": -1,
        "P33_020": -1,
        "P33_021": -1,
        "P33_022": -1,
        "P33_023": -1,
        "P33_024": -1,
        "P33_041": 1
      },
      "geometry": {
        "type": "Point",
        "coordinates": [
          135.42377007955363,
          34.748925339029086
        ]
      }
    },
    {
      "type": "Feature",
      "properties": {
        "P33_001": 508,
        "P33_002": "28201",
        "P33_003": "28",
        "P33_004": 6,
        "P33_005": "姫路市立手柄山温室植物園",
        "P33_006": "670-0972",
        "P33_007": "姫路市手柄93（手柄山中央公園）",
        "P33_008": "079-296-4300",
        "P33_009": -1,
        "P33_010": "‐",
        "P33_011": "‐",
        "P33_012": -1,
        "P33_013": -1,
        "P33_014": -1,
        "P33_015": "‐",
        "P33_016": "‐",
        "P33_017": "‐",
        "P33_018": -1,
        "P33_019": -1,
        "P33_020": -1,
        "P33_021": -1,
        "P33_022": -1,
        "P33_023": -1,
        "P33_024": -1,
        "P33_041": 1
      },
      "geometry": {
        "type": "Point",
        "coordinates": [
          134.67547000108365,
          34.81890638989996
        ]
      }
    },
    {
      "type": "Feature",
      "properties": {
        "P33_001": 499,
        "P33_002": "28110",
        "P33_003": "28",
        "P33_004": 6,
        "P33_005": "布引ハーブ園",
        "P33_006": "651-0058",
        "P33_007": "神戸市中央区北野町1-4-3",
        "P33_008": "078-271-1131",
        "P33_009": -1,
        "P33_010": "‐",
        "P33_011": "‐",
        "P33_012": -1,
        "P33_013": -1,
        "P33_014": -1,
        "P33_015": "‐",
        "P33_016": "‐",
        "P33_017": "‐",
        "P33_018": -1,
        "P33_019": -1,
        "P33_020": -1,
        "P33_021": -1,
        "P33_022": -1,
        "P33_023": -1,
        "P33_024": -1,
        "P33_041": 1
      },
      "geometry": {
        "type": "Point",
        "coordinates": [
          135.19215262702727,
          34.71466352856427
        ]
      }
    },
    {
      "type": "Feature",
      "properties": {
        "P33_001": 518,
        "P33_002": "28212",
        "P33_003": "28",
        "P33_004": 6,
        "P33_005": "兵庫県立赤穂海浜公園",
        "P33_006": "678-0215",
        "P33_007": "赤穂市御崎1857-5",
        "P33_008": "07914-5-0800",
        "P33_009": -1,
        "P33_010": "‐",
        "P33_011": "‐",
        "P33_012": -1,
        "P33_013": -1,
        "P33_014": -1,
        "P33_015": "‐",
        "P33_016": "‐",
        "P33_017": "‐",
        "P33_018": -1,
        "P33_019": -1,
        "P33_020": -1,
        "P33_021": -1,
        "P33_022": -1,
        "P33_023": -1,
        "P33_024": -1,
        "P33_041": 1
      },
      "geometry": {
        "type": "Point",
        "coordinates": [
          134.39912265323278,
          34.73324192348437
        ]
      }
    },
    {
      "type": "Feature",
      "properties": {
        "P33_001": 532,
        "P33_002": "28226",
        "P33_003": "28",
        "P33_004": 6,
        "P33_005": "兵庫県立淡路香りの公園",
        "P33_006": "656-1521",
        "P33_007": "淡路市多賀530-1",
        "P33_008": "0799-85-2330",
        "P33_009": -1,
        "P33_010": "‐",
        "P33_011": "‐",
        "P33_012": -1,
        "P33_013": -1,
        "P33_014": -1,
        "P33_015": "‐",
        "P33_016": "‐",
        "P33_017": "‐",
        "P33_018": -1,
        "P33_019": -1,
        "P33_020": -1,
        "P33_021": -1,
        "P33_022": -1,
        "P33_023": -1,
        "P33_024": -1,
        "P33_041": 1
      },
      "geometry": {
        "type": "Point",
        "coordinates": [
          134.8497669993352,
          34.457150001121605
        ]
      }
    },
    {
      "type": "Feature",
      "properties": {
        "P33_001": 534,
        "P33_002": "28228",
        "P33_003": "28",
        "P33_004": 6,
        "P33_005": "兵庫県立播磨中央公園",
        "P33_006": "679-0212",
        "P33_007": "加東市下滝野1275-8",
        "P33_008": "0795-48-5289",
        "P33_009": -1,
        "P33_010": "‐",
        "P33_011": "‐",
        "P33_012": -1,
        "P33_013": -1,
        "P33_014": -1,
        "P33_015": "‐",
        "P33_016": "‐",
        "P33_017": "‐",
        "P33_018": -1,
        "P33_019": -1,
        "P33_020": -1,
        "P33_021": -1,
        "P33_022": -1,
        "P33_023": -1,
        "P33_024": -1,
        "P33_041": 1
      },
      "geometry": {
        "type": "Point",
        "coordinates": [
          134.9411619997215,
          34.94169300041954
        ]
      }
    },
    {
      "type": "Feature",
      "properties": {
        "P33_001": 500,
        "P33_002": "28110",
        "P33_003": "28",
        "P33_004": 6,
        "P33_005": "北野工房のまち",
        "P33_006": "650-0004",
        "P33_007": "神戸市中央区中山手通3-17-1",
        "P33_008": "078-200-3607",
        "P33_009": -1,
        "P33_010": "‐",
        "P33_011": "‐",
        "P33_012": -1,
        "P33_013": -1,
        "P33_014": -1,
        "P33_015": "‐",
        "P33_016": "‐",
        "P33_017": "‐",
        "P33_018": -1,
        "P33_019": -1,
        "P33_020": -1,
        "P33_021": -1,
        "P33_022": -1,
        "P33_023": -1,
        "P33_024": -1,
        "P33_041": 1
      },
      "geometry": {
        "type": "Point",
        "coordinates": [
          135.18719721710062,
          34.69555522895508
        ]
      }
    },
    {
      "type": "Feature",
      "properties": {
        "P33_001": 513,
        "P33_002": "28204",
        "P33_003": "28",
        "P33_004": 6,
        "P33_005": "鳴尾浜温泉 熊野の郷",
        "P33_006": "663-8142",
        "P33_007": "西宮市鳴尾浜1-1-3",
        "P33_008": "0798-44-4126",
        "P33_009": -1,
        "P33_010": "‐",
        "P33_011": "‐",
        "P33_012": -1,
        "P33_013": -1,
        "P33_014": -1,
        "P33_015": "‐",
        "P33_016": "‐",
        "P33_017": "‐",
        "P33_018": -1,
        "P33_019": -1,
        "P33_020": -1,
        "P33_021": -1,
        "P33_022": -1,
        "P33_023": -1,
        "P33_024": -1,
        "P33_041": 1
      },
      "geometry": {
        "type": "Point",
        "coordinates": [
          135.36573676438778,
          34.703196674189314
        ]
      }
    },
    {
      "type": "Feature",
      "properties": {
        "P33_001": 494,
        "P33_002": "28109",
        "P33_003": "28",
        "P33_004": 6,
        "P33_005": "有馬温泉太閤の湯",
        "P33_006": "651-1401",
        "P33_007": "神戸市北区有馬町池の尻292-2",
        "P33_008": "078-904-2291",
        "P33_009": -1,
        "P33_010": "‐",
        "P33_011": "‐",
        "P33_012": -1,
        "P33_013": -1,
        "P33_014": -1,
        "P33_015": "‐",
        "P33_016": "‐",
        "P33_017": "‐",
        "P33_018": -1,
        "P33_019": -1,
        "P33_020": -1,
        "P33_021": -1,
        "P33_022": -1,
        "P33_023": -1,
        "P33_024": -1,
        "P33_041": 1
      },
      "geometry": {
        "type": "Point",
        "coordinates": [
          135.2510200440574,
          34.797623641590086
        ]
      }
    },
    {
      "type": "Feature",
      "properties": {
        "P33_001": 487,
        "P33_002": "28102",
        "P33_003": "28",
        "P33_004": 6,
        "P33_005": "六甲ガーデンテラス",
        "P33_006": "657-0101",
        "P33_007": "神戸市灘区六甲山町五介山1877-9",
        "P33_008": "078-894-2281",
        "P33_009": -1,
        "P33_010": "‐",
        "P33_011": "‐",
        "P33_012": -1,
        "P33_013": -1,
        "P33_014": -1,
        "P33_015": "‐",
        "P33_016": "‐",
        "P33_017": "‐",
        "P33_018": -1,
        "P33_019": -1,
        "P33_020": -1,
        "P33_021": -1,
        "P33_022": -1,
        "P33_023": -1,
        "P33_024": -1,
        "P33_041": 1
      },
      "geometry": {
        "type": "Point",
        "coordinates": [
          135.2464669019402,
          34.764376776121104
        ]
      }
    },
    {
      "type": "Feature",
      "properties": {
        "P33_001": 488,
        "P33_002": "28102",
        "P33_003": "28",
        "P33_004": 6,
        "P33_005": "六甲山カンツリーハウス",
        "P33_006": "657-0101",
        "P33_007": "神戸市灘区六甲山町北六甲4512-98",
        "P33_008": "078-891-0366",
        "P33_009": -1,
        "P33_010": "‐",
        "P33_011": "‐",
        "P33_012": -1,
        "P33_013": -1,
        "P33_014": -1,
        "P33_015": "‐",
        "P33_016": "‐",
        "P33_017": "‐",
        "P33_018": -1,
        "P33_019": -1,
        "P33_020": -1,
        "P33_021": -1,
        "P33_022": -1,
        "P33_023": -1,
        "P33_024": -1,
        "P33_041": 1
      },
      "geometry": {
        "type": "Point",
        "coordinates": [
          135.24455133059453,
          34.76551488974613
        ]
      }
    },
    {
      "type": "Feature",
      "properties": {
        "P33_001": 417,
        "P33_002": "28204",
        "P33_003": "28",
        "P33_004": 3,
        "P33_005": "兵庫県立芸術文化センター",
        "P33_006": "633-8204",
        "P33_007": "西宮市高松町2-22",
        "P33_008": "0798-68-0223",
        "P33_009": 20050531,
        "P33_010": "http://www.gcenter-hyogo.jp",
        "P33_011": "阪急神戸線西宮北口駅",
        "P33_012": -1,
        "P33_013": -1,
        "P33_014": -1,
        "P33_015": "‐",
        "P33_016": "‐",
        "P33_017": "‐",
        "P33_018": 13227,
        "P33_019": -1,
        "P33_020": 3,
        "P33_021": 2001,
        "P33_022": 3218,
        "P33_023": -1,
        "P33_024": -1,
        "P33_041": 1
      },
      "geometry": {
        "type": "Point",
        "coordinates": [
          135.35588083316904,
          34.74362805628381
        ]
      }
    },
    {
      "type": "Feature",
      "properties": {
        "P33_001": 163,
        "P33_002": "28207",
        "P33_003": "28",
        "P33_004": 2,
        "P33_005": "伊丹市立文化会館（いたみホール）",
        "P33_006": "644-0895",
        "P33_007": "伊丹市宮ノ前1-1-3",
        "P33_008": "072-778-8788",
        "P33_009": 19980814,
        "P33_010": "‐",
        "P33_011": "‐",
        "P33_012": -1,
        "P33_013": -1,
        "P33_014": -1,
        "P33_015": "‐",
        "P33_016": "‐",
        "P33_017": "‐",
        "P33_018": 4963,
        "P33_019": 12634,
        "P33_020": 3,
        "P33_021": 1202,
        "P33_022": 1612,
        "P33_023": 4,
        "P33_024": -1,
        "P33_041": 1
      },
      "geometry": {
        "type": "Point",
        "coordinates": [
          135.41407139171238,
          34.78212999898839
        ]
      }
    },
    {
      "type": "Feature",
      "properties": {
        "P33_001": 218,
        "P33_002": "28213",
        "P33_003": "28",
        "P33_004": 2,
        "P33_005": "西脇市民会館",
        "P33_006": "677-0014",
        "P33_007": "西脇市郷瀬町605",
        "P33_008": "0795-22-5715",
        "P33_009": 19660118,
        "P33_010": "‐",
        "P33_011": "ＪＲ加古川線西脇市駅",
        "P33_012": -1,
        "P33_013": -1,
        "P33_014": -1,
        "P33_015": "‐",
        "P33_016": "‐",
        "P33_017": "‐",
        "P33_018": 8848,
        "P33_019": 2900,
        "P33_020": 2,
        "P33_021": 718,
        "P33_022": 1018,
        "P33_023": 3,
        "P33_024": 1,
        "P33_041": 1
      },
      "geometry": {
        "type": "Point",
        "coordinates": [
          134.96927812090414,
          34.99427758928888
        ]
      }
    },
    {
      "type": "Feature",
      "properties": {
        "P33_001": 146,
        "P33_002": "28204",
        "P33_003": "28",
        "P33_004": 2,
        "P33_005": "西宮市民会館（アミティホール）",
        "P33_006": "662-0918",
        "P33_007": "西宮市六湛寺町10-11",
        "P33_008": "0798-33-3111",
        "P33_009": 19670322,
        "P33_010": "‐",
        "P33_011": "阪神西宮駅",
        "P33_012": -1,
        "P33_013": -1,
        "P33_014": -1,
        "P33_015": "‐",
        "P33_016": "‐",
        "P33_017": "‐",
        "P33_018": 5180,
        "P33_019": 7530,
        "P33_020": 1,
        "P33_021": 1246,
        "P33_022": 1246,
        "P33_023": 12,
        "P33_024": 1,
        "P33_041": 1
      },
      "geometry": {
        "type": "Point",
        "coordinates": [
          135.34168416658667,
          34.73704333428944
        ]
      }
    },
    {
      "type": "Feature",
      "properties": {
        "P33_001": 45,
        "P33_002": "28110",
        "P33_003": "28",
        "P33_004": 2,
        "P33_005": "兵庫県民会館",
        "P33_006": "650-0011",
        "P33_007": "神戸市中央区下山手通4-16-3",
        "P33_008": "078-321-2131",
        "P33_009": 19680713,
        "P33_010": "‐",
        "P33_011": "‐",
        "P33_012": -1,
        "P33_013": -1,
        "P33_014": -1,
        "P33_015": "‐",
        "P33_016": "‐",
        "P33_017": "‐",
        "P33_018": 3739,
        "P33_019": 15082,
        "P33_020": 1,
        "P33_021": 360,
        "P33_022": 360,
        "P33_023": 22,
        "P33_024": 4,
        "P33_041": 1
      },
      "geometry": {
        "type": "Point",
        "coordinates": [
          135.18517409119016,
          34.69184951672401
        ]
      }
    },
    {
      "type": "Feature",
      "properties": {
        "P33_001": 252,
        "P33_002": "28217",
        "P33_003": "28",
        "P33_004": 2,
        "P33_005": "川西市文化会館",
        "P33_006": "666-0003",
        "P33_007": "川西市丸の内町5-1",
        "P33_008": "072-758-9811",
        "P33_009": 19740401,
        "P33_010": "‐",
        "P33_011": "能勢電鉄滝山駅",
        "P33_012": -1,
        "P33_013": -1,
        "P33_014": -1,
        "P33_015": "‐",
        "P33_016": "‐",
        "P33_017": "‐",
        "P33_018": 6970,
        "P33_019": 6076,
        "P33_020": 1,
        "P33_021": 1082,
        "P33_022": 1082,
        "P33_023": 1,
        "P33_024": -1,
        "P33_041": 1
      },
      "geometry": {
        "type": "Point",
        "coordinates": [
          135.418323626514,
          34.83910226966608
        ]
      }
    },
    {
      "type": "Feature",
      "properties": {
        "P33_001": 197,
        "P33_002": "28209",
        "P33_003": "28",
        "P33_004": 2,
        "P33_005": "豊岡市民会館",
        "P33_006": "668-0046",
        "P33_007": "豊岡市立野町20-34",
        "P33_008": "0796-23-0255",
        "P33_009": 19710915,
        "P33_010": "‐",
        "P33_011": "‐",
        "P33_012": -1,
        "P33_013": -1,
        "P33_014": -1,
        "P33_015": "‐",
        "P33_016": "‐",
        "P33_017": "‐",
        "P33_018": 5500,
        "P33_019": 6800,
        "P33_020": 1,
        "P33_021": 1118,
        "P33_022": 1118,
        "P33_023": 6,
        "P33_024": 2,
        "P33_041": 1
      },
      "geometry": {
        "type": "Point",
        "coordinates": [
          134.82488625052696,
          35.540639040292234
        ]
      }
    },
    {
      "type": "Feature",
      "properties": {
        "P33_001": 127,
        "P33_002": "28201",
        "P33_003": "28",
        "P33_004": 2,
        "P33_005": "姫路市文化センター",
        "P33_006": "670-8544",
        "P33_007": "姫路市西延末426-1",
        "P33_008": "079-298-8011",
        "P33_009": 19720800,
        "P33_010": "http://www3.ocn.ne.jp/~bunka/center/",
        "P33_011": "山陽電鉄本線手柄駅",
        "P33_012": -1,
        "P33_013": -1,
        "P33_014": -1,
        "P33_015": "‐",
        "P33_016": "‐",
        "P33_017": "‐",
        "P33_018": 21912,
        "P33_019": 11021,
        "P33_020": 2,
        "P33_021": 1664,
        "P33_022": 2163,
        "P33_023": 3,
        "P33_024": 1,
        "P33_041": 1
      },
      "geometry": {
        "type": "Point",
        "coordinates": [
          134.67673398678812,
          34.8240555886224
        ]
      }
    },
    {
      "type": "Feature",
      "properties": {
        "P33_001": 213,
        "P33_002": "28210",
        "P33_003": "28",
        "P33_004": 2,
        "P33_005": "加古川市民会館",
        "P33_006": "675-0031",
        "P33_007": "加古川市加古川町北在家2000",
        "P33_008": "079-424-5381",
        "P33_009": 19730114,
        "P33_010": "http://www.kakogawa-shimin.jp/",
        "P33_011": "ＪＲ神戸線加古川駅",
        "P33_012": -1,
        "P33_013": -1,
        "P33_014": -1,
        "P33_015": "‐",
        "P33_016": "‐",
        "P33_017": "‐",
        "P33_018": 9601,
        "P33_019": 8432,
        "P33_020": 3,
        "P33_021": 1524,
        "P33_022": 3016,
        "P33_023": 4,
        "P33_024": -1,
        "P33_041": 1
      },
      "geometry": {
        "type": "Point",
        "coordinates": [
          134.83977151066387,
          34.757103755956095
        ]
      }
    },
    {
      "type": "Feature",
      "properties": {
        "P33_001": 46,
        "P33_002": "28110",
        "P33_003": "28",
        "P33_004": 2,
        "P33_005": "神戸文化ホール",
        "P33_006": "650-0017",
        "P33_007": "神戸市中央区楠町4-2-2",
        "P33_008": "078-351-3535",
        "P33_009": 19730731,
        "P33_010": "http://www.kobe-bunka.jp/hall",
        "P33_011": "市営地下鉄西神線大倉山駅",
        "P33_012": -1,
        "P33_013": -1,
        "P33_014": -1,
        "P33_015": "‐",
        "P33_016": "‐",
        "P33_017": "‐",
        "P33_018": 10845,
        "P33_019": 18604,
        "P33_020": 2,
        "P33_021": 2043,
        "P33_022": 2947,
        "P33_023": 1,
        "P33_024": -1,
        "P33_041": 1
      },
      "geometry": {
        "type": "Point",
        "coordinates": [
          135.1729220645113,
          34.683848206620944
        ]
      }
    },
    {
      "type": "Feature",
      "properties": {
        "P33_001": 278,
        "P33_002": "28222",
        "P33_003": "28",
        "P33_004": 2,
        "P33_005": "養父市立八鹿文化会館",
        "P33_006": "667-8651",
        "P33_007": "養父市八鹿町八鹿1675",
        "P33_008": "079-662-6141",
        "P33_009": 19741102,
        "P33_010": "‐",
        "P33_011": "‐",
        "P33_012": -1,
        "P33_013": -1,
        "P33_014": -1,
        "P33_015": "‐",
        "P33_016": "‐",
        "P33_017": "‐",
        "P33_018": 4578,
        "P33_019": 3914,
        "P33_020": 1,
        "P33_021": 874,
        "P33_022": 874,
        "P33_023": 4,
        "P33_024": 1,
        "P33_041": 1
      },
      "geometry": {
        "type": "Point",
        "coordinates": [
          134.76743265469057,
          35.40405487847611
        ]
      }
    },
    {
      "type": "Feature",
      "properties": {
        "P33_001": 139,
        "P33_002": "28202",
        "P33_003": "28",
        "P33_004": 2,
        "P33_005": "尾崎市総合文化センター（あましんアルカイックホール）",
        "P33_006": "660-0881",
        "P33_007": "尼崎市昭和通2-7-16",
        "P33_008": "06-6487-0804",
        "P33_009": 19820228,
        "P33_010": "‐",
        "P33_011": "‐",
        "P33_012": -1,
        "P33_013": -1,
        "P33_014": -1,
        "P33_015": "‐",
        "P33_016": "‐",
        "P33_017": "‐",
        "P33_018": 13040,
        "P33_019": 26009,
        "P33_020": 3,
        "P33_021": 2030,
        "P33_022": 3134,
        "P33_023": 4,
        "P33_024": 2,
        "P33_041": 1
      },
      "geometry": {
        "type": "Point",
        "coordinates": [
          135.42036711257563,
          34.72112062318161
        ]
      }
    },
    {
      "type": "Feature",
      "properties": {
        "P33_001": 256,
        "P33_002": "28218",
        "P33_003": "28",
        "P33_004": 2,
        "P33_005": "小野市民会館（小野市民会館）",
        "P33_006": "675-1380",
        "P33_007": "小野市王子町806-1",
        "P33_008": "0794-63-1020",
        "P33_009": 19740410,
        "P33_010": "‐",
        "P33_011": "神戸電鉄粟生線小野駅",
        "P33_012": -1,
        "P33_013": -1,
        "P33_014": -1,
        "P33_015": "‐",
        "P33_016": "‐",
        "P33_017": "‐",
        "P33_018": 7740,
        "P33_019": 3861,
        "P33_020": 1,
        "P33_021": 1089,
        "P33_022": 1089,
        "P33_023": -1,
        "P33_024": -1,
        "P33_041": 1
      },
      "geometry": {
        "type": "Point",
        "coordinates": [
          134.93125063826702,
          34.85255340826257
        ]
      }
    },
    {
      "type": "Feature",
      "properties": {
        "P33_001": 160,
        "P33_002": "28206",
        "P33_003": "28",
        "P33_004": 2,
        "P33_005": "芦屋市民センター（ルナ・ホール）",
        "P33_006": "659-0068",
        "P33_007": "芦屋市業平町8-24",
        "P33_008": "0797-31-4995",
        "P33_009": 19700228,
        "P33_010": "‐",
        "P33_011": "ＪＲ阪神芦屋駅",
        "P33_012": -1,
        "P33_013": -1,
        "P33_014": -1,
        "P33_015": "‐",
        "P33_016": "‐",
        "P33_017": "‐",
        "P33_018": 7321,
        "P33_019": 11079,
        "P33_020": 2,
        "P33_021": 662,
        "P33_022": 812,
        "P33_023": 3,
        "P33_024": 2,
        "P33_041": 1
      },
      "geometry": {
        "type": "Point",
        "coordinates": [
          135.30265295394375,
          34.73267648279824
        ]
      }
    },
    {
      "type": "Feature",
      "properties": {
        "P33_001": 416,
        "P33_002": "28202",
        "P33_003": "28",
        "P33_004": 3,
        "P33_005": "兵庫県立尼崎青少年創造劇場（ピッコロシアター）",
        "P33_006": "661-0012",
        "P33_007": "尼崎市南塚口町3-17-8",
        "P33_008": "06-6426-1940",
        "P33_009": 19780700,
        "P33_010": "http://hyogo-arts.or.jp/piccolo",
        "P33_011": "阪急神戸線塚口駅",
        "P33_012": -1,
        "P33_013": -1,
        "P33_014": -1,
        "P33_015": "‐",
        "P33_016": "‐",
        "P33_017": "‐",
        "P33_018": 5369,
        "P33_019": 5247,
        "P33_020": 3,
        "P33_021": 396,
        "P33_022": 696,
        "P33_023": -1,
        "P33_024": 1,
        "P33_041": 1
      },
      "geometry": {
        "type": "Point",
        "coordinates": [
          135.4218799994956,
          34.74993500052038
        ]
      }
    },
    {
      "type": "Feature",
      "properties": {
        "P33_001": 221,
        "P33_002": "28214",
        "P33_003": "28",
        "P33_004": 2,
        "P33_005": "宝塚市立文化施設ベガ・ホール",
        "P33_006": "665-0836",
        "P33_007": "宝塚市清荒神1-2-18",
        "P33_008": "0797-84-6192",
        "P33_009": 19800731,
        "P33_010": "http://www.takarazuka-c.jp/vegahall/",
        "P33_011": "阪急宝塚線清荒神駅",
        "P33_012": -1,
        "P33_013": -1,
        "P33_014": -1,
        "P33_015": "‐",
        "P33_016": "‐",
        "P33_017": "‐",
        "P33_018": 2258,
        "P33_019": 1902,
        "P33_020": 1,
        "P33_021": 419,
        "P33_022": 419,
        "P33_023": 1,
        "P33_024": -1,
        "P33_041": 1
      },
      "geometry": {
        "type": "Point",
        "coordinates": [
          135.352290278509,
          34.810989446154316
        ]
      }
    },
    {
      "type": "Feature",
      "properties": {
        "P33_001": 453,
        "P33_002": "28106",
        "P33_003": "28",
        "P33_004": 5,
        "P33_005": "兵庫県立文化体育館",
        "P33_006": "653-0837",
        "P33_007": "神戸市長田区蓮池町1-1",
        "P33_008": "078-631-1701",
        "P33_009": 19850521,
        "P33_010": "‐",
        "P33_011": "‐",
        "P33_012": -1,
        "P33_013": -1,
        "P33_014": -1,
        "P33_015": "‐",
        "P33_016": "‐",
        "P33_017": "‐",
        "P33_018": 10164,
        "P33_019": 15876,
        "P33_020": 2,
        "P33_021": 2814,
        "P33_022": 2952,
        "P33_023": 4,
        "P33_024": 1,
        "P33_041": 1
      },
      "geometry": {
        "type": "Point",
        "coordinates": [
          135.14378721626204,
          34.663436557699804
        ]
      }
    },
    {
      "type": "Feature",
      "properties": {
        "P33_001": 231,
        "P33_002": "28215",
        "P33_003": "28",
        "P33_004": 2,
        "P33_005": "三木市文化会館",
        "P33_006": "673-0433",
        "P33_007": "三木市福井1937",
        "P33_008": "0794-83-3300",
        "P33_009": 19860315,
        "P33_010": "‐",
        "P33_011": "神戸電鉄粟生線恵比寿駅",
        "P33_012": -1,
        "P33_013": -1,
        "P33_014": -1,
        "P33_015": "‐",
        "P33_016": "‐",
        "P33_017": "‐",
        "P33_018": 13321,
        "P33_019": 8199,
        "P33_020": 2,
        "P33_021": 1302,
        "P33_022": 1841,
        "P33_023": 1,
        "P33_024": 1,
        "P33_041": 1
      },
      "geometry": {
        "type": "Point",
        "coordinates": [
          134.9911811092121,
          34.79552805689891
        ]
      }
    },
    {
      "type": "Feature",
      "properties": {
        "P33_001": 429,
        "P33_002": "28221",
        "P33_003": "28",
        "P33_004": 3,
        "P33_005": "たんば田園交響ホール",
        "P33_006": "669-2332",
        "P33_007": "篠山市北新町41",
        "P33_008": "079-552-3600",
        "P33_009": 19870327,
        "P33_010": "‐",
        "P33_011": "ＪＲ福知山線篠山口駅",
        "P33_012": -1,
        "P33_013": -1,
        "P33_014": -1,
        "P33_015": "‐",
        "P33_016": "‐",
        "P33_017": "‐",
        "P33_018": 6918,
        "P33_019": 31117,
        "P33_020": 1,
        "P33_021": 800,
        "P33_022": 800,
        "P33_023": -1,
        "P33_024": -1,
        "P33_041": 1
      },
      "geometry": {
        "type": "Point",
        "coordinates": [
          135.2177361737539,
          35.075609040080074
        ]
      }
    },
    {
      "type": "Feature",
      "properties": {
        "P33_001": 329,
        "P33_002": "28227",
        "P33_003": "28",
        "P33_004": 2,
        "P33_005": "山崎文化会館（サンホールやまさき）",
        "P33_006": "671-2576",
        "P33_007": "宍粟市山崎町鹿沢88-1",
        "P33_008": "0790-62-5300",
        "P33_009": 19871101,
        "P33_010": "‐",
        "P33_011": "‐",
        "P33_012": -1,
        "P33_013": -1,
        "P33_014": -1,
        "P33_015": "‐",
        "P33_016": "‐",
        "P33_017": "‐",
        "P33_018": 7819,
        "P33_019": 3576,
        "P33_020": 1,
        "P33_021": 666,
        "P33_022": 666,
        "P33_023": 3,
        "P33_024": -1,
        "P33_041": 1
      },
      "geometry": {
        "type": "Point",
        "coordinates": [
          134.53859106590156,
          35.00244495090319
        ]
      }
    },
    {
      "type": "Feature",
      "properties": {
        "P33_001": 348,
        "P33_002": "28365",
        "P33_003": "28",
        "P33_004": 2,
        "P33_005": "多可町文化会館（ベルディーホール）",
        "P33_006": "679-1113",
        "P33_007": "多可町中区中村町135",
        "P33_008": "0795-32-1300",
        "P33_009": 19900701,
        "P33_010": "‐",
        "P33_011": "ＪＲ加古川線西脇市駅",
        "P33_012": -1,
        "P33_013": -1,
        "P33_014": -1,
        "P33_015": "‐",
        "P33_016": "‐",
        "P33_017": "‐",
        "P33_018": 9944,
        "P33_019": 2994,
        "P33_020": 1,
        "P33_021": 616,
        "P33_022": 616,
        "P33_023": 1,
        "P33_024": -1,
        "P33_041": 1
      },
      "geometry": {
        "type": "Point",
        "coordinates": [
          134.92154224664395,
          35.05010693774202
        ]
      }
    },
    {
      "type": "Feature",
      "properties": {
        "P33_001": 421,
        "P33_002": "28207",
        "P33_003": "28",
        "P33_004": 3,
        "P33_005": "伊丹市立演劇ホール（アイホール）",
        "P33_006": "664-0846",
        "P33_007": "伊丹市伊丹2-4-1",
        "P33_008": "072-782-2000",
        "P33_009": 19881122,
        "P33_010": "‐",
        "P33_011": "ＪＲ宝塚線伊丹駅",
        "P33_012": -1,
        "P33_013": -1,
        "P33_014": -1,
        "P33_015": "‐",
        "P33_016": "‐",
        "P33_017": "‐",
        "P33_018": 1384,
        "P33_019": 2444,
        "P33_020": 1,
        "P33_021": 300,
        "P33_022": 300,
        "P33_023": 2,
        "P33_024": -1,
        "P33_041": 1
      },
      "geometry": {
        "type": "Point",
        "coordinates": [
          135.42047198953622,
          34.78063970978756
        ]
      }
    },
    {
      "type": "Feature",
      "properties": {
        "P33_001": 328,
        "P33_002": "28226",
        "P33_003": "28",
        "P33_004": 2,
        "P33_005": "淡路市立アソンブレホール",
        "P33_006": "656-2401",
        "P33_007": "淡路市岩屋2942-17",
        "P33_008": "0799-72-5321",
        "P33_009": 19900630,
        "P33_010": "‐",
        "P33_011": "‐",
        "P33_012": -1,
        "P33_013": -1,
        "P33_014": -1,
        "P33_015": "‐",
        "P33_016": "‐",
        "P33_017": "‐",
        "P33_018": 2913,
        "P33_019": 1954,
        "P33_020": 1,
        "P33_021": 352,
        "P33_022": 352,
        "P33_023": 4,
        "P33_024": -1,
        "P33_041": 1
      },
      "geometry": {
        "type": "Point",
        "coordinates": [
          135.02382199981594,
          34.58053299856822
        ]
      }
    },
    {
      "type": "Feature",
      "properties": {
        "P33_001": 323,
        "P33_002": "28225",
        "P33_003": "28",
        "P33_004": 2,
        "P33_005": "朝来市文化会館（和田山ジュピターホール）",
        "P33_006": "669-5213",
        "P33_007": "朝来市和田山町玉置877-1",
        "P33_008": "079-672-1000",
        "P33_009": 19920229,
        "P33_010": "‐",
        "P33_011": "‐",
        "P33_012": -1,
        "P33_013": -1,
        "P33_014": -1,
        "P33_015": "‐",
        "P33_016": "‐",
        "P33_017": "‐",
        "P33_018": 9090,
        "P33_019": 3955,
        "P33_020": 2,
        "P33_021": 800,
        "P33_022": 1000,
        "P33_023": 1,
        "P33_024": -1,
        "P33_041": 1
      },
      "geometry": {
        "type": "Point",
        "coordinates": [
          134.86449888724823,
          35.33206527707656
        ]
      }
    },
    {
      "type": "Feature",
      "properties": {
        "P33_001": 349,
        "P33_002": "28381",
        "P33_003": "28",
        "P33_004": 2,
        "P33_005": "稲美町立文化会館（コスモホール）",
        "P33_006": "675-1114",
        "P33_007": "稲美町国安1286-1",
        "P33_008": "079-492-7700",
        "P33_009": 19921015,
        "P33_010": "‐",
        "P33_011": "‐",
        "P33_012": -1,
        "P33_013": -1,
        "P33_014": -1,
        "P33_015": "‐",
        "P33_016": "‐",
        "P33_017": "‐",
        "P33_018": 33040,
        "P33_019": 5374,
        "P33_020": 2,
        "P33_021": 703,
        "P33_022": 853,
        "P33_023": 3,
        "P33_024": 1,
        "P33_041": 1
      },
      "geometry": {
        "type": "Point",
        "coordinates": [
          134.91972655736723,
          34.7491899921388
        ]
      }
    },
    {
      "type": "Feature",
      "properties": {
        "P33_001": 482,
        "P33_002": "28301",
        "P33_003": "28",
        "P33_004": 5,
        "P33_005": "猪名川町文化体育館（イナホール）",
        "P33_006": "666-0257",
        "P33_007": "猪名川町白金1-74-24",
        "P33_008": "072-766-7400",
        "P33_009": 19910831,
        "P33_010": "‐",
        "P33_011": "能勢電鉄日生中央駅",
        "P33_012": -1,
        "P33_013": -1,
        "P33_014": -1,
        "P33_015": "‐",
        "P33_016": "‐",
        "P33_017": "‐",
        "P33_018": 15000,
        "P33_019": 4041,
        "P33_020": 1,
        "P33_021": 1034,
        "P33_022": 1034,
        "P33_023": 2,
        "P33_024": -1,
        "P33_041": 1
      },
      "geometry": {
        "type": "Point",
        "coordinates": [
          135.36386055089656,
          34.90367220945764
        ]
      }
    },
    {
      "type": "Feature",
      "properties": {
        "P33_001": 430,
        "P33_002": "28222",
        "P33_003": "28",
        "P33_004": 3,
        "P33_005": "養父市立ビバホール",
        "P33_006": "667-0101",
        "P33_007": "養父市広谷250",
        "P33_008": "079-664-1141",
        "P33_009": 19900621,
        "P33_010": "‐",
        "P33_011": "‐",
        "P33_012": -1,
        "P33_013": -1,
        "P33_014": -1,
        "P33_015": "‐",
        "P33_016": "‐",
        "P33_017": "‐",
        "P33_018": 16627,
        "P33_019": 1118,
        "P33_020": 1,
        "P33_021": 336,
        "P33_022": 336,
        "P33_023": -1,
        "P33_024": -1,
        "P33_041": 1
      },
      "geometry": {
        "type": "Point",
        "coordinates": [
          134.77664608137746,
          35.379595767327785
        ]
      }
    },
    {
      "type": "Feature",
      "properties": {
        "P33_001": 332,
        "P33_002": "28228",
        "P33_003": "28",
        "P33_004": 2,
        "P33_005": "加東市やしろ国際学習塾（Ｌ．Ｏ．Ｃホール）",
        "P33_006": "673-1495",
        "P33_007": "加東市上三草1175",
        "P33_008": "0795-42-7700",
        "P33_009": 19910325,
        "P33_010": "‐",
        "P33_011": "‐",
        "P33_012": -1,
        "P33_013": -1,
        "P33_014": -1,
        "P33_015": "‐",
        "P33_016": "‐",
        "P33_017": "‐",
        "P33_018": 7342,
        "P33_019": 5223,
        "P33_020": 1,
        "P33_021": 700,
        "P33_022": 700,
        "P33_023": 5,
        "P33_024": 1,
        "P33_041": 1
      },
      "geometry": {
        "type": "Point",
        "coordinates": [
          134.99495500094187,
          34.93329416800963
        ]
      }
    },
    {
      "type": "Feature",
      "properties": {
        "P33_001": 216,
        "P33_002": "28212",
        "P33_003": "28",
        "P33_004": 2,
        "P33_005": "赤穂市文化会館（ハーモニーホール）",
        "P33_006": "678-0232",
        "P33_007": "赤穂市中広864",
        "P33_008": "0791-43-5111",
        "P33_009": 19920229,
        "P33_010": "‐",
        "P33_011": "‐",
        "P33_012": -1,
        "P33_013": -1,
        "P33_014": -1,
        "P33_015": "‐",
        "P33_016": "‐",
        "P33_017": "‐",
        "P33_018": 18838,
        "P33_019": 9604,
        "P33_020": 2,
        "P33_021": 1168,
        "P33_022": 1600,
        "P33_023": 1,
        "P33_024": 1,
        "P33_041": 1
      },
      "geometry": {
        "type": "Point",
        "coordinates": [
          134.39836545198153,
          34.75215360496769
        ]
      }
    },
    {
      "type": "Feature",
      "properties": {
        "P33_001": 419,
        "P33_002": "28207",
        "P33_003": "28",
        "P33_004": 3,
        "P33_005": "伊丹市立音楽ホール（伊丹アイフォニックホール）",
        "P33_006": "664-0895",
        "P33_007": "伊丹市宮ノ前1-3-30",
        "P33_008": "072-780-2110",
        "P33_009": 19911130,
        "P33_010": "http://hccweb1.bai.ne.jp/aiphonic",
        "P33_011": "阪急伊丹線伊丹駅",
        "P33_012": -1,
        "P33_013": -1,
        "P33_014": -1,
        "P33_015": "‐",
        "P33_016": "‐",
        "P33_017": "‐",
        "P33_018": 1905,
        "P33_019": 4179,
        "P33_020": 3,
        "P33_021": 502,
        "P33_022": 642,
        "P33_023": -1,
        "P33_024": -1,
        "P33_041": 1
      },
      "geometry": {
        "type": "Point",
        "coordinates": [
          135.415623611715,
          34.782590555633334
        ]
      }
    },
    {
      "type": "Feature",
      "properties": {
        "P33_001": 355,
        "P33_002": "28443",
        "P33_003": "28",
        "P33_004": 2,
        "P33_005": "福崎市エルデホール",
        "P33_006": "679-2212",
        "P33_007": "福崎町福田116-2",
        "P33_008": "0790-23-1655",
        "P33_009": 19930320,
        "P33_010": "‐",
        "P33_011": "‐",
        "P33_012": -1,
        "P33_013": -1,
        "P33_014": -1,
        "P33_015": "‐",
        "P33_016": "‐",
        "P33_017": "‐",
        "P33_018": 10000,
        "P33_019": 2700,
        "P33_020": 1,
        "P33_021": 300,
        "P33_022": 300,
        "P33_023": -1,
        "P33_024": 1,
        "P33_041": 1
      },
      "geometry": {
        "type": "Point",
        "coordinates": [
          134.75482152277698,
          34.962019599655946
        ]
      }
    },
    {
      "type": "Feature",
      "properties": {
        "P33_001": 359,
        "P33_002": "28464",
        "P33_003": "28",
        "P33_004": 2,
        "P33_005": "太子町立文化会館（あすかホール）",
        "P33_006": "671-1561",
        "P33_007": "太子町鵤1310-1",
        "P33_008": "079-277-2300",
        "P33_009": 19930831,
        "P33_010": "‐",
        "P33_011": "‐",
        "P33_012": -1,
        "P33_013": -1,
        "P33_014": -1,
        "P33_015": "‐",
        "P33_016": "‐",
        "P33_017": "‐",
        "P33_018": 16327,
        "P33_019": 4993,
        "P33_020": 2,
        "P33_021": 804,
        "P33_022": 1104,
        "P33_023": 1,
        "P33_024": -1,
        "P33_041": 1
      },
      "geometry": {
        "type": "Point",
        "coordinates": [
          134.5814836090277,
          34.83438666816795
        ]
      }
    },
    {
      "type": "Feature",
      "properties": {
        "P33_001": 253,
        "P33_002": "28217",
        "P33_003": "28",
        "P33_004": 2,
        "P33_005": "川西市みつなかホール",
        "P33_006": "666-0015",
        "P33_007": "川西市小花2-7-2",
        "P33_008": "072-740-1117",
        "P33_009": 19960220,
        "P33_010": "‐",
        "P33_011": "阪急宝塚線川西能勢口駅",
        "P33_012": -1,
        "P33_013": -1,
        "P33_014": -1,
        "P33_015": "‐",
        "P33_016": "‐",
        "P33_017": "‐",
        "P33_018": 9230,
        "P33_019": 3911,
        "P33_020": 1,
        "P33_021": 484,
        "P33_022": 484,
        "P33_023": 2,
        "P33_024": -1,
        "P33_041": 1
      },
      "geometry": {
        "type": "Point",
        "coordinates": [
          135.41874860891969,
          34.825886389195574
        ]
      }
    },
    {
      "type": "Feature",
      "properties": {
        "P33_001": 431,
        "P33_002": "28223",
        "P33_003": "28",
        "P33_004": 3,
        "P33_005": "丹波の森公苑",
        "P33_006": "669-3309",
        "P33_007": "丹波市柏原町柏原5600",
        "P33_008": "0795-72-2127",
        "P33_009": 19960331,
        "P33_010": "‐",
        "P33_011": "‐",
        "P33_012": -1,
        "P33_013": -1,
        "P33_014": -1,
        "P33_015": "‐",
        "P33_016": "‐",
        "P33_017": "‐",
        "P33_018": 357063,
        "P33_019": 6026,
        "P33_020": 1,
        "P33_021": 705,
        "P33_022": 705,
        "P33_023": 4,
        "P33_024": 1,
        "P33_041": 1
      },
      "geometry": {
        "type": "Point",
        "coordinates": [
          135.07199827691488,
          35.12227887587576
        ]
      }
    },
    {
      "type": "Feature",
      "properties": {
        "P33_001": 432,
        "P33_002": "28229",
        "P33_003": "28",
        "P33_004": 3,
        "P33_005": "たつの市総合文化会館（赤とんぼ文化ホール）",
        "P33_006": "679-4167",
        "P33_007": "たつの市龍野町富永",
        "P33_008": "0791-63-1888",
        "P33_009": 19970124,
        "P33_010": "‐",
        "P33_011": "ＪＲ姫新線本竜野駅",
        "P33_012": -1,
        "P33_013": -1,
        "P33_014": -1,
        "P33_015": "‐",
        "P33_016": "‐",
        "P33_017": "‐",
        "P33_018": 25476,
        "P33_019": 8168,
        "P33_020": 2,
        "P33_021": 1106,
        "P33_022": 1452,
        "P33_023": 2,
        "P33_024": 1,
        "P33_041": 1
      },
      "geometry": {
        "type": "Point",
        "coordinates": [
          134.54195581903093,
          34.853446393478386
        ]
      }
    },
    {
      "type": "Feature",
      "properties": {
        "P33_001": 412,
        "P33_002": "28201",
        "P33_003": "28",
        "P33_004": 3,
        "P33_005": "姫路キャスパホール",
        "P33_006": "670-0913",
        "P33_007": "姫路市西駅前町88",
        "P33_008": "079-284-5806",
        "P33_009": 19910831,
        "P33_010": "‐",
        "P33_011": "ＪＲ山陽本線姫路駅",
        "P33_012": -1,
        "P33_013": -1,
        "P33_014": -1,
        "P33_015": "‐",
        "P33_016": "‐",
        "P33_017": "‐",
        "P33_018": 4717,
        "P33_019": 2188,
        "P33_020": 1,
        "P33_021": 331,
        "P33_022": 331,
        "P33_023": -1,
        "P33_024": -1,
        "P33_041": 1
      },
      "geometry": {
        "type": "Point",
        "coordinates": [
          134.68920432266015,
          34.828354370888945
        ]
      }
    },
    {
      "type": "Feature",
      "properties": {
        "P33_001": 344,
        "P33_002": "28229",
        "P33_003": "28",
        "P33_004": 2,
        "P33_005": "たつの市総合文化会館アクアホール",
        "P33_006": "671-1621",
        "P33_007": "たつの市揖保川町正條354-1",
        "P33_008": "0791-72-4688",
        "P33_009": 20001130,
        "P33_010": "‐",
        "P33_011": "‐",
        "P33_012": -1,
        "P33_013": -1,
        "P33_014": -1,
        "P33_015": "‐",
        "P33_016": "‐",
        "P33_017": "‐",
        "P33_018": 5491,
        "P33_019": 5396,
        "P33_020": 1,
        "P33_021": 500,
        "P33_022": 500,
        "P33_023": 4,
        "P33_024": -1,
        "P33_041": 1
      },
      "geometry": {
        "type": "Point",
        "coordinates": [
          134.52985990636162,
          34.83224594367928
        ]
      }
    },
    {
      "type": "Feature",
      "properties": {
        "P33_001": 368,
        "P33_002": "28501",
        "P33_003": "28",
        "P33_004": 2,
        "P33_005": "さよう文化情報センター（おりひめ文化ホール）",
        "P33_006": "679-5301",
        "P33_007": "佐用町佐用2585",
        "P33_008": "0790-82-3336",
        "P33_009": 20000930,
        "P33_010": "‐",
        "P33_011": "‐",
        "P33_012": -1,
        "P33_013": -1,
        "P33_014": -1,
        "P33_015": "‐",
        "P33_016": "‐",
        "P33_017": "‐",
        "P33_018": 7121,
        "P33_019": 3659,
        "P33_020": 1,
        "P33_021": 462,
        "P33_022": 462,
        "P33_023": 2,
        "P33_024": -1,
        "P33_041": 1
      },
      "geometry": {
        "type": "Point",
        "coordinates": [
          134.35580899998052,
          35.004887001888704
        ]
      }
    },
    {
      "type": "Feature",
      "properties": {
        "P33_001": 198,
        "P33_002": "28209",
        "P33_003": "28",
        "P33_004": 2,
        "P33_005": "豊岡市民プラザ（ほっとステージ）",
        "P33_006": "668-0031",
        "P33_007": "豊岡市大手町4-5",
        "P33_008": "0796-24-3000",
        "P33_009": 19971100,
        "P33_010": "‐",
        "P33_011": "‐",
        "P33_012": -1,
        "P33_013": -1,
        "P33_014": -1,
        "P33_015": "‐",
        "P33_016": "‐",
        "P33_017": "‐",
        "P33_018": -1,
        "P33_019": 2223,
        "P33_020": 1,
        "P33_021": 294,
        "P33_022": 294,
        "P33_023": 4,
        "P33_024": -1,
        "P33_041": 1
      },
      "geometry": {
        "type": "Point",
        "coordinates": [
          134.8148889107281,
          35.54453190083446
        ]
      }
    },
    {
      "type": "Feature",
      "properties": {
        "P33_001": 222,
        "P33_002": "28214",
        "P33_003": "28",
        "P33_004": 2,
        "P33_005": "宝塚市立文化施設ソリオホール",
        "P33_006": "665-0845",
        "P33_007": "宝塚市栄町2-1-1",
        "P33_008": "0797-81-8200",
        "P33_009": 19930226,
        "P33_010": "‐",
        "P33_011": "ＪＲ宝塚線宝塚駅",
        "P33_012": -1,
        "P33_013": -1,
        "P33_014": -1,
        "P33_015": "‐",
        "P33_016": "‐",
        "P33_017": "‐",
        "P33_018": 2648,
        "P33_019": -1,
        "P33_020": 1,
        "P33_021": 311,
        "P33_022": 311,
        "P33_023": 6,
        "P33_024": -1,
        "P33_041": 1
      },
      "geometry": {
        "type": "Point",
        "coordinates": [
          135.34194177057887,
          34.809650791598564
        ]
      }
    },
    {
      "type": "Feature",
      "properties": {
        "P33_001": 255,
        "P33_002": "28218",
        "P33_003": "28",
        "P33_004": 2,
        "P33_005": "小野市うるおい交流館エクラ",
        "P33_006": "675-1366",
        "P33_007": "小野市中島町72",
        "P33_008": "0794-62-5080",
        "P33_009": 20041120,
        "P33_010": "‐",
        "P33_011": "‐",
        "P33_012": -1,
        "P33_013": -1,
        "P33_014": -1,
        "P33_015": "‐",
        "P33_016": "‐",
        "P33_017": "‐",
        "P33_018": 19545,
        "P33_019": 5735,
        "P33_020": 1,
        "P33_021": 502,
        "P33_022": 502,
        "P33_023": 6,
        "P33_024": -1,
        "P33_041": 1
      },
      "geometry": {
        "type": "Point",
        "coordinates": [
          134.9386209983563,
          34.85714299914498
        ]
      }
    },
    {
      "type": "Feature",
      "properties": {
        "P33_001": 428,
        "P33_002": "28219",
        "P33_003": "28",
        "P33_004": 3,
        "P33_005": "三田市総合文化センター（郷の音ホール）",
        "P33_006": "669-1531",
        "P33_007": "三田市天神1-3-1",
        "P33_008": "079-559-8100",
        "P33_009": 20040731,
        "P33_010": "‐",
        "P33_011": "ＪＲ宝塚線三田駅",
        "P33_012": -1,
        "P33_013": -1,
        "P33_014": -1,
        "P33_015": "‐",
        "P33_016": "‐",
        "P33_017": "‐",
        "P33_018": 30529,
        "P33_019": 10197,
        "P33_020": 2,
        "P33_021": 1000,
        "P33_022": 1369,
        "P33_023": 3,
        "P33_024": 1,
        "P33_041": 1
      },
      "geometry": {
        "type": "Point",
        "coordinates": [
          135.22123000136895,
          34.891075000721024
        ]
      }
    },
    {
      "type": "Feature",
      "properties": {
        "P33_001": 25,
        "P33_002": "28101",
        "P33_003": "28",
        "P33_004": 2,
        "P33_005": "神戸市立東灘区民センター（うはらホール）",
        "P33_006": "658-0052",
        "P33_007": "神戸市東灘区住吉東町5-1-16",
        "P33_008": "078-822-8333",
        "P33_009": 19920630,
        "P33_010": "‐",
        "P33_011": "六甲ライナー住吉駅",
        "P33_012": -1,
        "P33_013": -1,
        "P33_014": -1,
        "P33_015": "‐",
        "P33_016": "‐",
        "P33_017": "‐",
        "P33_018": 50031,
        "P33_019": 5702,
        "P33_020": 1,
        "P33_021": 650,
        "P33_022": 650,
        "P33_023": 5,
        "P33_024": -1,
        "P33_041": 1
      },
      "geometry": {
        "type": "Point",
        "coordinates": [
          135.263353283891,
          34.719331931350624
        ]
      }
    },
    {
      "type": "Feature",
      "properties": {
        "P33_001": 64,
        "P33_002": "28111",
        "P33_003": "28",
        "P33_004": 2,
        "P33_005": "神戸市立西区民センター（なでしこホール）",
        "P33_006": "651-2273",
        "P33_007": "神戸市西区糀台5-6-1",
        "P33_008": "078-991-8321",
        "P33_009": 19890320,
        "P33_010": "‐",
        "P33_011": "‐",
        "P33_012": -1,
        "P33_013": -1,
        "P33_014": -1,
        "P33_015": "‐",
        "P33_016": "‐",
        "P33_017": "‐",
        "P33_018": 3221,
        "P33_019": 4098,
        "P33_020": 1,
        "P33_021": 480,
        "P33_022": 480,
        "P33_023": 6,
        "P33_024": -1,
        "P33_041": 1
      },
      "geometry": {
        "type": "Point",
        "coordinates": [
          135.01892422481345,
          34.71776927644892
        ]
      }
    },
    {
      "type": "Feature",
      "properties": {
        "P33_001": 47,
        "P33_002": "28110",
        "P33_003": "28",
        "P33_004": 2,
        "P33_005": "神戸市立葺合文化センター",
        "P33_006": "651-0068",
        "P33_007": "神戸市中央区旗塚通4-4-1",
        "P33_008": "078-242-0414",
        "P33_009": 19820617,
        "P33_010": "‐",
        "P33_011": "‐",
        "P33_012": -1,
        "P33_013": -1,
        "P33_014": -1,
        "P33_015": "‐",
        "P33_016": "‐",
        "P33_017": "‐",
        "P33_018": 2382,
        "P33_019": 3769,
        "P33_020": 1,
        "P33_021": 320,
        "P33_022": 320,
        "P33_023": 7,
        "P33_024": -1,
        "P33_041": 1
      },
      "geometry": {
        "type": "Point",
        "coordinates": [
          135.20196916435987,
          34.704408057174625
        ]
      }
    },
    {
      "type": "Feature",
      "properties": {
        "P33_001": 48,
        "P33_002": "28110",
        "P33_003": "28",
        "P33_004": 2,
        "P33_005": "神戸市立生田文化会館",
        "P33_006": "650-0004",
        "P33_007": "神戸市中央区中山手通6-1-40",
        "P33_008": "078-382-0861",
        "P33_009": 19821216,
        "P33_010": "‐",
        "P33_011": "‐",
        "P33_012": -1,
        "P33_013": -1,
        "P33_014": -1,
        "P33_015": "‐",
        "P33_016": "‐",
        "P33_017": "‐",
        "P33_018": 2200,
        "P33_019": 3049,
        "P33_020": 1,
        "P33_021": 250,
        "P33_022": 250,
        "P33_023": 5,
        "P33_024": -1,
        "P33_041": 1
      },
      "geometry": {
        "type": "Point",
        "coordinates": [
          135.181243054044,
          34.69111249835903
        ]
      }
    },
    {
      "type": "Feature",
      "properties": {
        "P33_001": 43,
        "P33_002": "28109",
        "P33_003": "28",
        "P33_004": 2,
        "P33_005": "神戸市立北区民センター（すずらんホール）",
        "P33_006": "651-1114",
        "P33_007": "神戸市北区鈴蘭台西町1-22-1",
        "P33_008": "078-593-1150",
        "P33_009": 19940329,
        "P33_010": "‐",
        "P33_011": "‐",
        "P33_012": -1,
        "P33_013": -1,
        "P33_014": -1,
        "P33_015": "‐",
        "P33_016": "‐",
        "P33_017": "‐",
        "P33_018": 3069,
        "P33_019": 3428,
        "P33_020": 1,
        "P33_021": 504,
        "P33_022": 504,
        "P33_023": 5,
        "P33_024": -1,
        "P33_041": 1
      },
      "geometry": {
        "type": "Point",
        "coordinates": [
          135.14389357164748,
          34.72726477622673
        ]
      }
    },
    {
      "type": "Feature",
      "properties": {
        "P33_001": 36,
        "P33_002": "28107",
        "P33_003": "28",
        "P33_004": 2,
        "P33_005": "神戸市立須磨区民センター",
        "P33_006": "654-0035",
        "P33_007": "神戸市須磨区中島町1-2-3",
        "P33_008": "078-735-7641",
        "P33_009": 19810725,
        "P33_010": "‐",
        "P33_011": "‐",
        "P33_012": -1,
        "P33_013": -1,
        "P33_014": -1,
        "P33_015": "‐",
        "P33_016": "‐",
        "P33_017": "‐",
        "P33_018": -1,
        "P33_019": 7631,
        "P33_020": 1,
        "P33_021": 450,
        "P33_022": 450,
        "P33_023": 6,
        "P33_024": -1,
        "P33_041": 1
      },
      "geometry": {
        "type": "Point",
        "coordinates": [
          135.12930298647154,
          34.65088584797162
        ]
      }
    },
    {
      "type": "Feature",
      "properties": {
        "P33_001": 446,
        "P33_002": "28226",
        "P33_003": "28",
        "P33_004": 4,
        "P33_005": "兵庫県立淡路夢舞台（国際会議場）",
        "P33_006": "656-2306",
        "P33_007": "淡路市夢舞台1",
        "P33_008": "0799-74-1020",
        "P33_009": 20000308,
        "P33_010": "‐",
        "P33_011": "‐",
        "P33_012": -1,
        "P33_013": -1,
        "P33_014": -1,
        "P33_015": "‐",
        "P33_016": "‐",
        "P33_017": "‐",
        "P33_018": 33544,
        "P33_019": 14170,
        "P33_020": 3,
        "P33_021": 600,
        "P33_022": 1200,
        "P33_023": 1,
        "P33_024": -1,
        "P33_041": 1
      },
      "geometry": {
        "type": "Point",
        "coordinates": [
          135.0081675218625,
          34.558317029123316
        ]
      }
    },
    {
      "type": "Feature",
      "properties": {
        "P33_001": 49,
        "P33_002": "28110",
        "P33_003": "28",
        "P33_004": 2,
        "P33_005": "神戸市勤労会館",
        "P33_006": "651-0096",
        "P33_007": "神戸市中央区雲井通5-1-2",
        "P33_008": "078-232-1881",
        "P33_009": 19800319,
        "P33_010": "‐",
        "P33_011": "‐",
        "P33_012": -1,
        "P33_013": -1,
        "P33_014": -1,
        "P33_015": "‐",
        "P33_016": "‐",
        "P33_017": "‐",
        "P33_018": 1892,
        "P33_019": 9481,
        "P33_020": 1,
        "P33_021": 180,
        "P33_022": 180,
        "P33_023": 22,
        "P33_024": -1,
        "P33_041": 1
      },
      "geometry": {
        "type": "Point",
        "coordinates": [
          135.19741065352235,
          34.69492576392507
        ]
      }
    },
    {
      "type": "Feature",
      "properties": {
        "P33_001": 30,
        "P33_002": "28102",
        "P33_003": "28",
        "P33_004": 2,
        "P33_005": "神戸市立六甲道勤労市民センター（ろっきん）",
        "P33_006": "657-0038",
        "P33_007": "神戸市灘区深田町4-1-39",
        "P33_008": "078-841-1711",
        "P33_009": 19730319,
        "P33_010": "‐",
        "P33_011": "‐",
        "P33_012": -1,
        "P33_013": -1,
        "P33_014": -1,
        "P33_015": "‐",
        "P33_016": "‐",
        "P33_017": "‐",
        "P33_018": 11570,
        "P33_019": 4519,
        "P33_020": -1,
        "P33_021": -1,
        "P33_022": -1,
        "P33_023": 7,
        "P33_024": -1,
        "P33_041": 1
      },
      "geometry": {
        "type": "Point",
        "coordinates": [
          135.23912300148993,
          34.714734591625955
        ]
      }
    },
    {
      "type": "Feature",
      "properties": {
        "P33_001": 32,
        "P33_002": "28105",
        "P33_003": "28",
        "P33_004": 2,
        "P33_005": "神戸市立兵庫勤労市民センター",
        "P33_006": "652-0805",
        "P33_007": "神戸市兵庫区羽坂通4-1-1",
        "P33_008": "078-576-0981",
        "P33_009": 19730331,
        "P33_010": "‐",
        "P33_011": "‐",
        "P33_012": -1,
        "P33_013": -1,
        "P33_014": -1,
        "P33_015": "‐",
        "P33_016": "‐",
        "P33_017": "‐",
        "P33_018": 1034,
        "P33_019": 4707,
        "P33_020": -1,
        "P33_021": -1,
        "P33_022": -1,
        "P33_023": 9,
        "P33_024": -1,
        "P33_041": 1
      },
      "geometry": {
        "type": "Point",
        "coordinates": [
          135.1652130291498,
          34.6692465696504
        ]
      }
    },
    {
      "type": "Feature",
      "properties": {
        "P33_001": 33,
        "P33_002": "28106",
        "P33_003": "28",
        "P33_004": 2,
        "P33_005": "神戸市立新長田勤労市民センター",
        "P33_006": "653-0038",
        "P33_007": "神戸市長田区若松町5-5-1",
        "P33_008": "078-643-2431",
        "P33_009": 19970325,
        "P33_010": "‐",
        "P33_011": "‐",
        "P33_012": -1,
        "P33_013": -1,
        "P33_014": -1,
        "P33_015": "‐",
        "P33_016": "‐",
        "P33_017": "‐",
        "P33_018": 871,
        "P33_019": 8683,
        "P33_020": 1,
        "P33_021": 414,
        "P33_022": 414,
        "P33_023": 16,
        "P33_024": -1,
        "P33_041": 1
      },
      "geometry": {
        "type": "Point",
        "coordinates": [
          135.14455729095695,
          34.65634383173072
        ]
      }
    },
    {
      "type": "Feature",
      "properties": {
        "P33_001": 40,
        "P33_002": "28108",
        "P33_003": "28",
        "P33_004": 2,
        "P33_005": "神戸市立垂水勤労市民センター",
        "P33_006": "655-0893",
        "P33_007": "神戸市垂水区日向1-5-1",
        "P33_008": "078-708-8901",
        "P33_009": 19911120,
        "P33_010": "‐",
        "P33_011": "‐",
        "P33_012": -1,
        "P33_013": -1,
        "P33_014": -1,
        "P33_015": "‐",
        "P33_016": "‐",
        "P33_017": "‐",
        "P33_018": 1198,
        "P33_019": 5730,
        "P33_020": 1,
        "P33_021": 572,
        "P33_022": 572,
        "P33_023": 14,
        "P33_024": -1,
        "P33_041": 1
      },
      "geometry": {
        "type": "Point",
        "coordinates": [
          135.0568336102414,
          34.63036916613625
        ]
      }
    },
    {
      "type": "Feature",
      "properties": {
        "P33_001": 279,
        "P33_002": "28222",
        "P33_003": "28",
        "P33_004": 2,
        "P33_005": "養父市立おおやホール",
        "P33_006": "667-0312",
        "P33_007": "養父市大屋町山路7",
        "P33_008": "079-669-1488",
        "P33_009": 19940331,
        "P33_010": "‐",
        "P33_011": "‐",
        "P33_012": -1,
        "P33_013": -1,
        "P33_014": -1,
        "P33_015": "‐",
        "P33_016": "‐",
        "P33_017": "‐",
        "P33_018": 3554,
        "P33_019": 1041,
        "P33_020": 1,
        "P33_021": 158,
        "P33_022": 158,
        "P33_023": 2,
        "P33_024": 1,
        "P33_041": 1
      },
      "geometry": {
        "type": "Point",
        "coordinates": [
          134.66523800046483,
          35.333112997963084
        ]
      }
    },
    {
      "type": "Feature",
      "properties": {
        "P33_001": 28,
        "P33_002": "28102",
        "P33_003": "28",
        "P33_004": 2,
        "P33_005": "神戸市立灘区民ホール（マリーホール）",
        "P33_006": "657-0832",
        "P33_007": "神戸市灘区岸地通1-1-1",
        "P33_008": "078-802-8555",
        "P33_009": 19930314,
        "P33_010": "‐",
        "P33_011": "‐",
        "P33_012": -1,
        "P33_013": -1,
        "P33_014": -1,
        "P33_015": "‐",
        "P33_016": "‐",
        "P33_017": "‐",
        "P33_018": 1280,
        "P33_019": 3051,
        "P33_020": 1,
        "P33_021": 510,
        "P33_022": 510,
        "P33_023": 2,
        "P33_024": -1,
        "P33_041": 1
      },
      "geometry": {
        "type": "Point",
        "coordinates": [
          135.2281538906594,
          34.71358666726694
        ]
      }
    },
    {
      "type": "Feature",
      "properties": {
        "P33_001": 223,
        "P33_002": "28214",
        "P33_003": "28",
        "P33_004": 2,
        "P33_005": "宝塚市立宝塚文化創造館",
        "P33_006": "665-0844",
        "P33_007": "宝塚市武庫川町6-12",
        "P33_008": "0797-87-1136",
        "P33_009": 20090331,
        "P33_010": "‐",
        "P33_011": "‐",
        "P33_012": -1,
        "P33_013": -1,
        "P33_014": -1,
        "P33_015": "‐",
        "P33_016": "‐",
        "P33_017": "‐",
        "P33_018": 2044,
        "P33_019": 1282,
        "P33_020": 1,
        "P33_021": 180,
        "P33_022": 180,
        "P33_023": 1,
        "P33_024": -1,
        "P33_041": 1
      },
      "geometry": {
        "type": "Point",
        "coordinates": [
          135.35014610979954,
          34.80780305373849
        ]
      }
    },
    {
      "type": "Feature",
      "properties": {
        "P33_001": 42,
        "P33_002": "28109",
        "P33_003": "28",
        "P33_004": 2,
        "P33_005": "神戸市立北神区民センター（ありまホール）",
        "P33_006": "651-1302",
        "P33_007": "神戸市北区藤原台中町1-3-1",
        "P33_008": "078-967-3400",
        "P33_009": 20111601,
        "P33_010": "‐",
        "P33_011": "‐",
        "P33_012": -1,
        "P33_013": -1,
        "P33_014": -1,
        "P33_015": "‐",
        "P33_016": "‐",
        "P33_017": "‐",
        "P33_018": 9000,
        "P33_019": 4000,
        "P33_020": 1,
        "P33_021": 498,
        "P33_022": 498,
        "P33_023": 5,
        "P33_024": -1,
        "P33_041": 1
      },
      "geometry": {
        "type": "Point",
        "coordinates": [
          135.2194350010325,
          34.82251199840347
        ]
      }
    },
    {
      "type": "Feature",
      "properties": {
        "P33_001": 142,
        "P33_002": "28203",
        "P33_003": "28",
        "P33_004": 2,
        "P33_005": "明石市立市民会館（アワーズホール）",
        "P33_006": "673-0883",
        "P33_007": "明石市中崎1-3-1",
        "P33_008": "078-912-1234",
        "P33_009": 19710615,
        "P33_010": "‐",
        "P33_011": "ＪＲ山陽本線明石駅",
        "P33_012": -1,
        "P33_013": -1,
        "P33_014": -1,
        "P33_015": "‐",
        "P33_016": "‐",
        "P33_017": "‐",
        "P33_018": 6670,
        "P33_019": 7368,
        "P33_020": 2,
        "P33_021": 1280,
        "P33_022": 1730,
        "P33_023": 4,
        "P33_024": -1,
        "P33_041": 1
      },
      "geometry": {
        "type": "Point",
        "coordinates": [
          134.9989841737465,
          34.643603489000185
        ]
      }
    },
    {
      "type": "Feature",
      "properties": {
        "P33_001": 141,
        "P33_002": "28203",
        "P33_003": "28",
        "P33_004": 2,
        "P33_005": "明石市立西部市民会館",
        "P33_006": "674-0082",
        "P33_007": "明石市魚住町中尾702-3",
        "P33_008": "078-918-5678",
        "P33_009": 19990831,
        "P33_010": "‐",
        "P33_011": "‐",
        "P33_012": -1,
        "P33_013": -1,
        "P33_014": -1,
        "P33_015": "‐",
        "P33_016": "‐",
        "P33_017": "‐",
        "P33_018": 7426,
        "P33_019": 4330,
        "P33_020": 1,
        "P33_021": 484,
        "P33_022": 484,
        "P33_023": -1,
        "P33_024": -1,
        "P33_041": 1
      },
      "geometry": {
        "type": "Point",
        "coordinates": [
          134.90703033889326,
          34.69311073049662
        ]
      }
    },
    {
      "type": "Feature",
      "properties": {
        "P33_001": 260,
        "P33_002": "28220",
        "P33_003": "28",
        "P33_004": 2,
        "P33_005": "加西市民会館",
        "P33_006": "675-2303",
        "P33_007": "加西市北条町古坂1-1",
        "P33_008": "0790-43-0160",
        "P33_009": 19791101,
        "P33_010": "‐",
        "P33_011": "北条鉄道北条町駅",
        "P33_012": -1,
        "P33_013": -1,
        "P33_014": -1,
        "P33_015": "‐",
        "P33_016": "‐",
        "P33_017": "‐",
        "P33_018": 8099,
        "P33_019": 5982,
        "P33_020": 2,
        "P33_021": 1000,
        "P33_022": 1300,
        "P33_023": 13,
        "P33_024": -1,
        "P33_041": 1
      },
      "geometry": {
        "type": "Point",
        "coordinates": [
          134.8403062162911,
          34.926068523715315
        ]
      }
    },
    {
      "type": "Feature",
      "properties": {
        "P33_001": 241,
        "P33_002": "28216",
        "P33_003": "28",
        "P33_004": 2,
        "P33_005": "高砂市文化会館じょうとんばホール",
        "P33_006": "676-0021",
        "P33_007": "高砂市高砂町朝日町1-2-1",
        "P33_008": "079-442-4831",
        "P33_009": 19690621,
        "P33_010": "‐",
        "P33_011": "山陽電鉄高砂駅",
        "P33_012": -1,
        "P33_013": -1,
        "P33_014": -1,
        "P33_015": "‐",
        "P33_016": "‐",
        "P33_017": "‐",
        "P33_018": 8400,
        "P33_019": 4666,
        "P33_020": 2,
        "P33_021": 1066,
        "P33_022": 1468,
        "P33_023": -1,
        "P33_024": 1,
        "P33_041": 1
      },
      "geometry": {
        "type": "Point",
        "coordinates": [
          134.80474639140854,
          34.755061667306705
        ]
      }
    },
    {
      "type": "Feature",
      "properties": {
        "P33_001": 326,
        "P33_002": "28226",
        "P33_003": "28",
        "P33_004": 2,
        "P33_005": "淡路市立しづかホール",
        "P33_006": "656-2132",
        "P33_007": "淡路市志筑新島5-4",
        "P33_008": "0799-62-2001",
        "P33_009": 19940327,
        "P33_010": "‐",
        "P33_011": "‐",
        "P33_012": -1,
        "P33_013": -1,
        "P33_014": -1,
        "P33_015": "‐",
        "P33_016": "‐",
        "P33_017": "‐",
        "P33_018": 13063,
        "P33_019": 3110,
        "P33_020": 1,
        "P33_021": 802,
        "P33_022": 802,
        "P33_023": 1,
        "P33_024": 1,
        "P33_041": 1
      },
      "geometry": {
        "type": "Point",
        "coordinates": [
          134.90431322593616,
          34.42833475734169
        ]
      }
    },
    {
      "type": "Feature",
      "properties": {
        "P33_001": 166,
        "P33_002": "28208",
        "P33_003": "28",
        "P33_004": 2,
        "P33_005": "相生市民会館",
        "P33_006": "678-0031",
        "P33_007": "相生市旭1-19-33",
        "P33_008": "0791-22-7156",
        "P33_009": 19710401,
        "P33_010": "‐",
        "P33_011": "‐",
        "P33_012": -1,
        "P33_013": -1,
        "P33_014": -1,
        "P33_015": "‐",
        "P33_016": "‐",
        "P33_017": "‐",
        "P33_018": 3574,
        "P33_019": 4362,
        "P33_020": 2,
        "P33_021": 509,
        "P33_022": 779,
        "P33_023": 7,
        "P33_024": -1,
        "P33_041": 1
      },
      "geometry": {
        "type": "Point",
        "coordinates": [
          134.46741416179688,
          34.80446722553253
        ]
      }
    },
    {
      "type": "Feature",
      "properties": {
        "P33_001": 333,
        "P33_002": "28228",
        "P33_003": "28",
        "P33_004": 2,
        "P33_005": "加東市東条文化会館（コスミックホール）",
        "P33_006": "673-1311",
        "P33_007": "加東市天神66",
        "P33_008": "0795-47-1500",
        "P33_009": 19891130,
        "P33_010": "‐",
        "P33_011": "‐",
        "P33_012": -1,
        "P33_013": -1,
        "P33_014": -1,
        "P33_015": "‐",
        "P33_016": "‐",
        "P33_017": "‐",
        "P33_018": 18013,
        "P33_019": 3031,
        "P33_020": 1,
        "P33_021": 574,
        "P33_022": 574,
        "P33_023": 1,
        "P33_024": 1,
        "P33_041": 1
      },
      "geometry": {
        "type": "Point",
        "coordinates": [
          135.06067223288431,
          34.90542527596776
        ]
      }
    },
    {
      "type": "Feature",
      "properties": {
        "P33_001": 475,
        "P33_002": "28215",
        "P33_003": "28",
        "P33_004": 5,
        "P33_005": "吉川総合公園文化体育館（パストラルホール）",
        "P33_006": "673-1122",
        "P33_007": "三木市吉川町西奥260",
        "P33_008": "0794-73-1155",
        "P33_009": 19870200,
        "P33_010": "‐",
        "P33_011": "‐",
        "P33_012": -1,
        "P33_013": -1,
        "P33_014": -1,
        "P33_015": "‐",
        "P33_016": "‐",
        "P33_017": "‐",
        "P33_018": 8638,
        "P33_019": 3615,
        "P33_020": 1,
        "P33_021": 1090,
        "P33_022": 1090,
        "P33_023": 1,
        "P33_024": -1,
        "P33_041": 1
      },
      "geometry": {
        "type": "Point",
        "coordinates": [
          135.11163684518584,
          34.86021393306689
        ]
      }
    },
    {
      "type": "Feature",
      "properties": {
        "P33_001": 128,
        "P33_002": "28201",
        "P33_003": "28",
        "P33_004": 2,
        "P33_005": "兵庫県立こどもの館",
        "P33_006": "671-2233",
        "P33_007": "姫路市太市中915-49",
        "P33_008": "079-267-1153",
        "P33_009": 19890721,
        "P33_010": "‐",
        "P33_011": "‐",
        "P33_012": -1,
        "P33_013": -1,
        "P33_014": -1,
        "P33_015": "‐",
        "P33_016": "‐",
        "P33_017": "‐",
        "P33_018": 82647,
        "P33_019": 7408,
        "P33_020": 2,
        "P33_021": 300,
        "P33_022": 500,
        "P33_023": 1,
        "P33_024": 3,
        "P33_041": 1
      },
      "geometry": {
        "type": "Point",
        "coordinates": [
          134.62415349326133,
          34.85388997412944
        ]
      }
    },
    {
      "type": "Feature",
      "properties": {
        "P33_001": 324,
        "P33_002": "28225",
        "P33_003": "28",
        "P33_004": 2,
        "P33_005": "潮来市文化会館（生野マインホール）",
        "P33_006": "679-3301",
        "P33_007": "朝来市生野町口銀谷594-6",
        "P33_008": "079-679-4500",
        "P33_009": 19891208,
        "P33_010": "‐",
        "P33_011": "‐",
        "P33_012": -1,
        "P33_013": -1,
        "P33_014": -1,
        "P33_015": "‐",
        "P33_016": "‐",
        "P33_017": "‐",
        "P33_018": 2450,
        "P33_019": 2124,
        "P33_020": 1,
        "P33_021": 423,
        "P33_022": 423,
        "P33_023": 2,
        "P33_024": -1,
        "P33_041": 1
      },
      "geometry": {
        "type": "Point",
        "coordinates": [
          134.79160079482955,
          35.167269136342455
        ]
      }
    },
    {
      "type": "Feature",
      "properties": {
        "P33_001": 164,
        "P33_002": "28207",
        "P33_003": "28",
        "P33_004": 2,
        "P33_005": "伊丹市立生涯学習センター（ラスタホール）",
        "P33_006": "664-0865",
        "P33_007": "伊丹市南野2-3-25",
        "P33_008": "072-781-8877",
        "P33_009": 19920325,
        "P33_010": "‐",
        "P33_011": "‐",
        "P33_012": -1,
        "P33_013": -1,
        "P33_014": -1,
        "P33_015": "‐",
        "P33_016": "‐",
        "P33_017": "‐",
        "P33_018": 4758,
        "P33_019": 5068,
        "P33_020": 1,
        "P33_021": 300,
        "P33_022": 300,
        "P33_023": 1,
        "P33_024": 1,
        "P33_041": 1
      },
      "geometry": {
        "type": "Point",
        "coordinates": [
          135.40864500043656,
          34.76602500027449
        ]
      }
    },
    {
      "type": "Feature",
      "properties": {
        "P33_001": 434,
        "P33_002": "28501",
        "P33_003": "28",
        "P33_004": 3,
        "P33_005": "スターシャワーの森音楽堂（スピカホール）",
        "P33_006": "679-5305",
        "P33_007": "佐用町長尾12-208",
        "P33_008": "0790-82-0595",
        "P33_009": 19911027,
        "P33_010": "‐",
        "P33_011": "‐",
        "P33_012": -1,
        "P33_013": -1,
        "P33_014": -1,
        "P33_015": "‐",
        "P33_016": "‐",
        "P33_017": "‐",
        "P33_018": 16000,
        "P33_019": 630,
        "P33_020": 1,
        "P33_021": 230,
        "P33_022": 230,
        "P33_023": 1,
        "P33_024": -1,
        "P33_041": 1
      },
      "geometry": {
        "type": "Point",
        "coordinates": [
          134.34128200171187,
          35.01978300107483
        ]
      }
    },
    {
      "type": "Feature",
      "properties": {
        "P33_001": 199,
        "P33_002": "28209",
        "P33_003": "28",
        "P33_004": 2,
        "P33_005": "豊岡市立出石文化会館（ひほこホール）",
        "P33_006": "668-0274",
        "P33_007": "豊岡市出石町水上318",
        "P33_008": "0796-52-6222",
        "P33_009": 19940422,
        "P33_010": "‐",
        "P33_011": "‐",
        "P33_012": -1,
        "P33_013": -1,
        "P33_014": -1,
        "P33_015": "‐",
        "P33_016": "‐",
        "P33_017": "‐",
        "P33_018": 18133,
        "P33_019": 2661,
        "P33_020": 1,
        "P33_021": 490,
        "P33_022": 490,
        "P33_023": 1,
        "P33_024": 1,
        "P33_041": 1
      },
      "geometry": {
        "type": "Point",
        "coordinates": [
          134.86910555780403,
          35.473442500527455
        ]
      }
    },
    {
      "type": "Feature",
      "properties": {
        "P33_001": 129,
        "P33_002": "28201",
        "P33_003": "28",
        "P33_004": 2,
        "P33_005": "姫路市市民会館",
        "P33_006": "670-0015",
        "P33_007": "姫路市総社本町112",
        "P33_008": "079-284-2800",
        "P33_009": 19760303,
        "P33_010": "‐",
        "P33_011": "ＪＲ山陽本線姫路駅",
        "P33_012": -1,
        "P33_013": -1,
        "P33_014": -1,
        "P33_015": "‐",
        "P33_016": "‐",
        "P33_017": "‐",
        "P33_018": 3666,
        "P33_019": 12334,
        "P33_020": 1,
        "P33_021": 800,
        "P33_022": 800,
        "P33_023": 11,
        "P33_024": 1,
        "P33_041": 1
      },
      "geometry": {
        "type": "Point",
        "coordinates": [
          134.69558277789062,
          34.83284472299623
        ]
      }
    },
    {
      "type": "Feature",
      "properties": {
        "P33_001": 407,
        "P33_002": "28201",
        "P33_003": "28",
        "P33_004": 3,
        "P33_005": "姫路市立姫路高等学校音楽ホール（パルナソスホール）",
        "P33_006": "670-0083",
        "P33_007": "姫路市辻井9-1-10",
        "P33_008": "079-297-1141",
        "P33_009": 19890831,
        "P33_010": "‐",
        "P33_011": "ＪＲ山陽本線姫路駅",
        "P33_012": -1,
        "P33_013": -1,
        "P33_014": -1,
        "P33_015": "‐",
        "P33_016": "‐",
        "P33_017": "‐",
        "P33_018": 38773,
        "P33_019": 3868,
        "P33_020": 1,
        "P33_021": 811,
        "P33_022": 811,
        "P33_023": -1,
        "P33_024": -1,
        "P33_041": 1
      },
      "geometry": {
        "type": "Point",
        "coordinates": [
          134.676566001466,
          34.85093099869605
        ]
      }
    },
    {
      "type": "Feature",
      "properties": {
        "P33_001": 347,
        "P33_002": "28301",
        "P33_003": "28",
        "P33_004": 2,
        "P33_005": "猪名川町社会福祉会館",
        "P33_006": "666-0233",
        "P33_007": "猪名川町紫合火燈山8",
        "P33_008": "072-766-0239",
        "P33_009": 19710413,
        "P33_010": "‐",
        "P33_011": "‐",
        "P33_012": -1,
        "P33_013": -1,
        "P33_014": -1,
        "P33_015": "‐",
        "P33_016": "‐",
        "P33_017": "‐",
        "P33_018": 7083,
        "P33_019": 1588,
        "P33_020": 1,
        "P33_021": 200,
        "P33_022": 200,
        "P33_023": 3,
        "P33_024": -1,
        "P33_041": 1
      },
      "geometry": {
        "type": "Point",
        "coordinates": [
          135.37467453521077,
          34.908450371877564
        ]
      }
    },
    {
      "type": "Feature",
      "properties": {
        "P33_001": 327,
        "P33_002": "28226",
        "P33_003": "28",
        "P33_004": 2,
        "P33_005": "兵庫県立淡路文化会館",
        "P33_006": "656-1521",
        "P33_007": "淡路市多賀600",
        "P33_008": "0799-85-1391",
        "P33_009": 19720726,
        "P33_010": "‐",
        "P33_011": "‐",
        "P33_012": -1,
        "P33_013": -1,
        "P33_014": -1,
        "P33_015": "‐",
        "P33_016": "‐",
        "P33_017": "‐",
        "P33_018": 45350,
        "P33_019": 4291,
        "P33_020": 1,
        "P33_021": 400,
        "P33_022": 400,
        "P33_023": 1,
        "P33_024": 1,
        "P33_041": 1
      },
      "geometry": {
        "type": "Point",
        "coordinates": [
          134.84762499928246,
          34.456374999286645
        ]
      }
    },
    {
      "type": "Feature",
      "properties": {
        "P33_001": 345,
        "P33_002": "28229",
        "P33_003": "28",
        "P33_004": 2,
        "P33_005": "県立西播磨文化会館",
        "P33_006": "679-4311",
        "P33_007": "たつの市新宮町宮内458-7",
        "P33_008": "0791-75-3663",
        "P33_009": 19751101,
        "P33_010": "‐",
        "P33_011": "‐",
        "P33_012": -1,
        "P33_013": -1,
        "P33_014": -1,
        "P33_015": "‐",
        "P33_016": "‐",
        "P33_017": "‐",
        "P33_018": 68505,
        "P33_019": 4679,
        "P33_020": 1,
        "P33_021": 500,
        "P33_022": 500,
        "P33_023": 2,
        "P33_024": 1,
        "P33_041": 1
      },
      "geometry": {
        "type": "Point",
        "coordinates": [
          134.54211500136321,
          34.933032998529285
        ]
      }
    },
    {
      "type": "Feature",
      "properties": {
        "P33_001": 200,
        "P33_002": "28209",
        "P33_003": "28",
        "P33_004": 2,
        "P33_005": "兵庫県立但馬文教府",
        "P33_006": "668-0056",
        "P33_007": "豊岡市妙楽寺41-1",
        "P33_008": "0796-22-4407",
        "P33_009": 19631130,
        "P33_010": "‐",
        "P33_011": "‐",
        "P33_012": -1,
        "P33_013": -1,
        "P33_014": -1,
        "P33_015": "‐",
        "P33_016": "‐",
        "P33_017": "‐",
        "P33_018": 48383,
        "P33_019": 3553,
        "P33_020": 1,
        "P33_021": 400,
        "P33_022": 400,
        "P33_023": 4,
        "P33_024": 1,
        "P33_041": 1
      },
      "geometry": {
        "type": "Point",
        "coordinates": [
          134.8133789997997,
          35.532799998836204
        ]
      }
    },
    {
      "type": "Feature",
      "properties": {
        "P33_001": 389,
        "P33_002": "28101",
        "P33_003": "28",
        "P33_004": 3,
        "P33_005": "神戸市立御影公会堂",
        "P33_006": "658-0045",
        "P33_007": "神戸市東灘区御影石町4-4-1",
        "P33_008": "078-841-2281",
        "P33_009": 19330520,
        "P33_010": "‐",
        "P33_011": "‐",
        "P33_012": -1,
        "P33_013": -1,
        "P33_014": -1,
        "P33_015": "‐",
        "P33_016": "‐",
        "P33_017": "‐",
        "P33_018": 3234,
        "P33_019": 2184,
        "P33_020": 1,
        "P33_021": 350,
        "P33_022": 350,
        "P33_023": 2,
        "P33_024": -1,
        "P33_041": 1
      },
      "geometry": {
        "type": "Point",
        "coordinates": [
          135.2492425010699,
          34.71606222213236
        ]
      }
    },
    {
      "type": "Feature",
      "properties": {
        "P33_001": 217,
        "P33_002": "28213",
        "P33_003": "28",
        "P33_004": 2,
        "P33_005": "西脇市総合市民センター（カルチャーセンター）",
        "P33_006": "677-0015",
        "P33_007": "西脇市西脇790-15",
        "P33_008": "0795-22-5996",
        "P33_009": 19800123,
        "P33_010": "‐",
        "P33_011": "ＪＲ加古川線西脇市駅",
        "P33_012": -1,
        "P33_013": -1,
        "P33_014": -1,
        "P33_015": "‐",
        "P33_016": "‐",
        "P33_017": "‐",
        "P33_018": 10000,
        "P33_019": 6932,
        "P33_020": 1,
        "P33_021": 2502,
        "P33_022": 2502,
        "P33_023": -1,
        "P33_024": 2,
        "P33_041": 1
      },
      "geometry": {
        "type": "Point",
        "coordinates": [
          134.9723001238035,
          34.99053794740098
        ]
      }
    },
    {
      "type": "Feature",
      "properties": {
        "P33_001": 130,
        "P33_002": "28201",
        "P33_003": "28",
        "P33_004": 2,
        "P33_005": "姫路市花の北市民広場",
        "P33_006": "670-0806",
        "P33_007": "姫路市増位新町2-12",
        "P33_008": "079-289-0815",
        "P33_009": 19800401,
        "P33_010": "‐",
        "P33_011": "‐",
        "P33_012": -1,
        "P33_013": -1,
        "P33_014": -1,
        "P33_015": "‐",
        "P33_016": "‐",
        "P33_017": "‐",
        "P33_018": 11550,
        "P33_019": 6184,
        "P33_020": 1,
        "P33_021": 500,
        "P33_022": 500,
        "P33_023": 5,
        "P33_024": 1,
        "P33_041": 1
      },
      "geometry": {
        "type": "Point",
        "coordinates": [
          134.71071845482555,
          34.85647201342133
        ]
      }
    },
    {
      "type": "Feature",
      "properties": {
        "P33_001": 143,
        "P33_002": "28204",
        "P33_003": "28",
        "P33_004": 2,
        "P33_005": "市立夙川公民館",
        "P33_006": "662-0051",
        "P33_007": "西宮市羽衣町1-39",
        "P33_008": "0798-33-1928",
        "P33_009": 19630930,
        "P33_010": "‐",
        "P33_011": "‐",
        "P33_012": -1,
        "P33_013": -1,
        "P33_014": -1,
        "P33_015": "‐",
        "P33_016": "‐",
        "P33_017": "‐",
        "P33_018": -1,
        "P33_019": 1305,
        "P33_020": 1,
        "P33_021": 260,
        "P33_022": 260,
        "P33_023": 3,
        "P33_024": -1,
        "P33_041": 1
      },
      "geometry": {
        "type": "Point",
        "coordinates": [
          135.32785994596858,
          34.74013633119735
        ]
      }
    },
    {
      "type": "Feature",
      "properties": {
        "P33_001": 144,
        "P33_002": "28204",
        "P33_003": "28",
        "P33_004": 2,
        "P33_005": "西宮市立勤労会館",
        "P33_006": "662-0912",
        "P33_007": "西宮市松原町2-37",
        "P33_008": "0798-34-1662",
        "P33_009": 19670331,
        "P33_010": "‐",
        "P33_011": "‐",
        "P33_012": -1,
        "P33_013": -1,
        "P33_014": -1,
        "P33_015": "‐",
        "P33_016": "‐",
        "P33_017": "‐",
        "P33_018": 3182,
        "P33_019": 2247,
        "P33_020": 1,
        "P33_021": 400,
        "P33_022": 400,
        "P33_023": 9,
        "P33_024": -1,
        "P33_041": 1
      },
      "geometry": {
        "type": "Point",
        "coordinates": [
          135.345088332744,
          34.736181944401025
        ]
      }
    },
    {
      "type": "Feature",
      "properties": {
        "P33_001": 334,
        "P33_002": "28228",
        "P33_003": "28",
        "P33_004": 2,
        "P33_005": "加東市滝野文化会館",
        "P33_006": "679-0292",
        "P33_007": "加東市下滝野1369-1",
        "P33_008": "0795-48-3007",
        "P33_009": 19840403,
        "P33_010": "‐",
        "P33_011": "‐",
        "P33_012": -1,
        "P33_013": -1,
        "P33_014": -1,
        "P33_015": "‐",
        "P33_016": "‐",
        "P33_017": "‐",
        "P33_018": 14699,
        "P33_019": 1810,
        "P33_020": 1,
        "P33_021": 404,
        "P33_022": 404,
        "P33_023": 2,
        "P33_024": -1,
        "P33_041": 1
      },
      "geometry": {
        "type": "Point",
        "coordinates": [
          134.94429297931103,
          34.93751488273748
        ]
      }
    },
    {
      "type": "Feature",
      "properties": {
        "P33_001": 291,
        "P33_002": "28223",
        "P33_003": "28",
        "P33_004": 2,
        "P33_005": "春日文化ホール",
        "P33_006": "669-4192",
        "P33_007": "丹波市春日町黒井496-2",
        "P33_008": "0795-74-1050",
        "P33_009": 19880901,
        "P33_010": "‐",
        "P33_011": "‐",
        "P33_012": -1,
        "P33_013": -1,
        "P33_014": -1,
        "P33_015": "‐",
        "P33_016": "‐",
        "P33_017": "‐",
        "P33_018": 5849,
        "P33_019": 2513,
        "P33_020": 1,
        "P33_021": 630,
        "P33_022": 630,
        "P33_023": 1,
        "P33_024": -1,
        "P33_041": 1
      },
      "geometry": {
        "type": "Point",
        "coordinates": [
          135.1022785655154,
          35.16860288106502
        ]
      }
    },
    {
      "type": "Feature",
      "properties": {
        "P33_001": 484,
        "P33_002": "28586",
        "P33_003": "28",
        "P33_004": 5,
        "P33_005": "新温泉町文化体育館夢ホール",
        "P33_006": "669-6821",
        "P33_007": "新温泉町湯990-8",
        "P33_008": "0796-92-1870",
        "P33_009": 19940707,
        "P33_010": "‐",
        "P33_011": "‐",
        "P33_012": -1,
        "P33_013": -1,
        "P33_014": -1,
        "P33_015": "‐",
        "P33_016": "‐",
        "P33_017": "‐",
        "P33_018": 9860,
        "P33_019": 1770,
        "P33_020": 1,
        "P33_021": 600,
        "P33_022": 600,
        "P33_023": 1,
        "P33_024": -1,
        "P33_041": 1
      },
      "geometry": {
        "type": "Point",
        "coordinates": [
          134.49166200176003,
          35.552966998719356
        ]
      }
    },
    {
      "type": "Feature",
      "properties": {
        "P33_001": 473,
        "P33_002": "28209",
        "P33_003": "28",
        "P33_004": 5,
        "P33_005": "豊岡市立日高文化体育館",
        "P33_006": "669-5305",
        "P33_007": "豊岡市日高町祢布954-6",
        "P33_008": "0796-42-2505",
        "P33_009": 19861001,
        "P33_010": "‐",
        "P33_011": "‐",
        "P33_012": -1,
        "P33_013": -1,
        "P33_014": -1,
        "P33_015": "‐",
        "P33_016": "‐",
        "P33_017": "‐",
        "P33_018": 4600,
        "P33_019": 2742,
        "P33_020": 2,
        "P33_021": 780,
        "P33_022": 930,
        "P33_023": 1,
        "P33_024": -1,
        "P33_041": 1
      },
      "geometry": {
        "type": "Point",
        "coordinates": [
          134.77068778030755,
          35.468775278304385
        ]
      }
    },
    {
      "type": "Feature",
      "properties": {
        "P33_001": 266,
        "P33_002": "28221",
        "P33_003": "28",
        "P33_004": 2,
        "P33_005": "篠山市立四季の森生涯学習センター",
        "P33_006": "669-2205",
        "P33_007": "篠山市網掛429",
        "P33_008": "079-594-1180",
        "P33_009": 19880620,
        "P33_010": "‐",
        "P33_011": "‐",
        "P33_012": -1,
        "P33_013": -1,
        "P33_014": -1,
        "P33_015": "‐",
        "P33_016": "‐",
        "P33_017": "‐",
        "P33_018": 12000,
        "P33_019": 2943,
        "P33_020": 1,
        "P33_021": 514,
        "P33_022": 514,
        "P33_023": 1,
        "P33_024": -1,
        "P33_041": 1
      },
      "geometry": {
        "type": "Point",
        "coordinates": [
          135.18497817230812,
          35.06654394271092
        ]
      }
    },
    {
      "type": "Feature",
      "properties": {
        "P33_001": 354,
        "P33_002": "28442",
        "P33_003": "28",
        "P33_004": 2,
        "P33_005": "市川町文化センター（ひまわりホール）",
        "P33_006": "679-2315",
        "P33_007": "市川町西川辺715",
        "P33_008": "0790-26-0969",
        "P33_009": 20000326,
        "P33_010": "‐",
        "P33_011": "‐",
        "P33_012": -1,
        "P33_013": -1,
        "P33_014": -1,
        "P33_015": "‐",
        "P33_016": "‐",
        "P33_017": "‐",
        "P33_018": 19337,
        "P33_019": 4291,
        "P33_020": 2,
        "P33_021": 650,
        "P33_022": 850,
        "P33_023": 4,
        "P33_024": 1,
        "P33_041": 1
      },
      "geometry": {
        "type": "Point",
        "coordinates": [
          134.76911366092543,
          34.983627483729556
        ]
      }
    },
    {
      "type": "Feature",
      "properties": {
        "P33_001": 477,
        "P33_002": "28224",
        "P33_003": "28",
        "P33_004": 5,
        "P33_005": "南あわじ市文化体育館（元気の森ホール）",
        "P33_006": "656-0534",
        "P33_007": "南あわじ市北阿万筒井1509-1",
        "P33_008": "0799-50-5077",
        "P33_009": 20000630,
        "P33_010": "‐",
        "P33_011": "‐",
        "P33_012": -1,
        "P33_013": -1,
        "P33_014": -1,
        "P33_015": "‐",
        "P33_016": "‐",
        "P33_017": "‐",
        "P33_018": 185000,
        "P33_019": 5752,
        "P33_020": 1,
        "P33_021": 1414,
        "P33_022": 1414,
        "P33_023": -1,
        "P33_024": -1,
        "P33_041": 1
      },
      "geometry": {
        "type": "Point",
        "coordinates": [
          134.72975719368512,
          34.24674687395768
        ]
      }
    },
    {
      "type": "Feature",
      "properties": {
        "P33_001": 440,
        "P33_002": "28110",
        "P33_003": "28",
        "P33_004": 4,
        "P33_005": "神戸国際会議場",
        "P33_006": "650-0046",
        "P33_007": "神戸市中央区港島中町6-9-1",
        "P33_008": "078-302-5200",
        "P33_009": -1,
        "P33_010": "‐",
        "P33_011": "ポートアイランド線市民広場駅",
        "P33_012": -1,
        "P33_013": -1,
        "P33_014": -1,
        "P33_015": "‐",
        "P33_016": "‐",
        "P33_017": "‐",
        "P33_018": 6759,
        "P33_019": 17047,
        "P33_020": 1,
        "P33_021": 692,
        "P33_022": 692,
        "P33_023": 21,
        "P33_024": -1,
        "P33_041": 1
      },
      "geometry": {
        "type": "Point",
        "coordinates": [
          135.21300999962742,
          34.66624099844109
        ]
      }
    },
    {
      "type": "Feature",
      "properties": {
        "P33_001": 26,
        "P33_002": "28101",
        "P33_003": "28",
        "P33_004": 2,
        "P33_005": "神戸ファッション美術館（オルビスホール）",
        "P33_006": "658-0032",
        "P33_007": "神戸市東灘区向洋町中2-9-1",
        "P33_008": "078-858-0055",
        "P33_009": 19970331,
        "P33_010": "‐",
        "P33_011": "‐",
        "P33_012": -1,
        "P33_013": -1,
        "P33_014": -1,
        "P33_015": "‐",
        "P33_016": "‐",
        "P33_017": "‐",
        "P33_018": 15963,
        "P33_019": 14772,
        "P33_020": 1,
        "P33_021": 424,
        "P33_022": 424,
        "P33_023": -1,
        "P33_024": -1,
        "P33_041": 1
      },
      "geometry": {
        "type": "Point",
        "coordinates": [
          135.27062363242248,
          34.68823939587835
        ]
      }
    },
    {
      "type": "Feature",
      "properties": {
        "P33_001": 423,
        "P33_002": "28213",
        "P33_003": "28",
        "P33_004": 3,
        "P33_005": "西脇市立音楽ホール（アピカホール）",
        "P33_006": "677-0015",
        "P33_007": "西脇市西脇991",
        "P33_008": "0795-23-9000",
        "P33_009": 19960719,
        "P33_010": "‐",
        "P33_011": "‐",
        "P33_012": -1,
        "P33_013": -1,
        "P33_014": -1,
        "P33_015": "‐",
        "P33_016": "‐",
        "P33_017": "‐",
        "P33_018": 1385,
        "P33_019": -1,
        "P33_020": 1,
        "P33_021": 180,
        "P33_022": 180,
        "P33_023": -1,
        "P33_024": -1,
        "P33_041": 1
      },
      "geometry": {
        "type": "Point",
        "coordinates": [
          134.96815600318376,
          34.98507800149508
        ]
      }
    },
    {
      "type": "Feature",
      "properties": {
        "P33_001": 37,
        "P33_002": "28107",
        "P33_003": "28",
        "P33_004": 2,
        "P33_005": "神戸市立北須磨文化センター",
        "P33_006": "654-0154",
        "P33_007": "神戸市須磨区中落合3-1-2",
        "P33_008": "078-791-0840",
        "P33_009": 19820531,
        "P33_010": "‐",
        "P33_011": "‐",
        "P33_012": -1,
        "P33_013": -1,
        "P33_014": -1,
        "P33_015": "‐",
        "P33_016": "‐",
        "P33_017": "‐",
        "P33_018": 24800,
        "P33_019": 7631,
        "P33_020": -1,
        "P33_021": -1,
        "P33_022": -1,
        "P33_023": 8,
        "P33_024": -1,
        "P33_041": 1
      },
      "geometry": {
        "type": "Point",
        "coordinates": [
          135.0954150022652,
          34.68355600157586
        ]
      }
    },
    {
      "type": "Feature",
      "properties": {
        "P33_001": 413,
        "P33_002": "28202",
        "P33_003": "28",
        "P33_004": 3,
        "P33_005": "アルカイックホール（尼崎市総合文化センター）",
        "P33_006": "660-0881",
        "P33_007": "尼崎市昭和通2-7-16",
        "P33_008": "06-6487-0800",
        "P33_009": 19820700,
        "P33_010": "http://www.archaic.or.jp/",
        "P33_011": "阪神本線尼崎駅",
        "P33_012": -1,
        "P33_013": -1,
        "P33_014": -1,
        "P33_015": "‐",
        "P33_016": "‐",
        "P33_017": "‐",
        "P33_018": -1,
        "P33_019": -1,
        "P33_020": 2,
        "P33_021": 1820,
        "P33_022": 2470,
        "P33_023": -1,
        "P33_024": -1,
        "P33_041": 1
      },
      "geometry": {
        "type": "Point",
        "coordinates": [
          135.42043041348145,
          34.72111625673505
        ]
      }
    },
    {
      "type": "Feature",
      "properties": {
        "P33_001": 406,
        "P33_002": "28110",
        "P33_003": "28",
        "P33_004": 3,
        "P33_005": "神戸国際会館こくさいホール",
        "P33_006": "651-0087",
        "P33_007": "神戸市中央区御幸通8-1-6",
        "P33_008": "078-231-8162",
        "P33_009": 19990600,
        "P33_010": "http://www.kih.co.jp/",
        "P33_011": "ＪＲ神戸線三ノ宮駅",
        "P33_012": -1,
        "P33_013": -1,
        "P33_014": -1,
        "P33_015": "‐",
        "P33_016": "‐",
        "P33_017": "‐",
        "P33_018": -1,
        "P33_019": -1,
        "P33_020": 1,
        "P33_021": 2112,
        "P33_022": 2112,
        "P33_023": -1,
        "P33_024": -1,
        "P33_041": 1
      },
      "geometry": {
        "type": "Point",
        "coordinates": [
          135.195902879723,
          34.692242217032764
        ]
      }
    },
    {
      "type": "Feature",
      "properties": {
        "P33_001": 391,
        "P33_002": "28110",
        "P33_003": "28",
        "P33_004": 3,
        "P33_005": "神戸新聞松方ホール",
        "P33_006": "650-0044",
        "P33_007": "神戸市中央区東川崎町1-5-7（神戸情報文化ビル内）",
        "P33_008": "078-362-7111",
        "P33_009": 19960900,
        "P33_010": "http://www.kobe-np.co.jp/matsukata/",
        "P33_011": "ＪＲ東海道本線神戸駅",
        "P33_012": -1,
        "P33_013": -1,
        "P33_014": -1,
        "P33_015": "‐",
        "P33_016": "‐",
        "P33_017": "‐",
        "P33_018": -1,
        "P33_019": -1,
        "P33_020": 1,
        "P33_021": 706,
        "P33_022": 706,
        "P33_023": -1,
        "P33_024": -1,
        "P33_041": 1
      },
      "geometry": {
        "type": "Point",
        "coordinates": [
          135.18218167367803,
          34.678248388529646
        ]
      }
    },
    {
      "type": "Feature",
      "properties": {
        "P33_001": 392,
        "P33_002": "28110",
        "P33_003": "28",
        "P33_004": 3,
        "P33_005": "ＰＯＲＴＯＰＩＡＨＯＴＥＬ（ポートピアホール）",
        "P33_006": "650-0046",
        "P33_007": "神戸市中央区港島中町6-10-1",
        "P33_008": "078-302-1111",
        "P33_009": 19970300,
        "P33_010": "http://www.portopia.co.jp",
        "P33_011": "ポートライナー市民広場駅",
        "P33_012": -1,
        "P33_013": -1,
        "P33_014": -1,
        "P33_015": "‐",
        "P33_016": "‐",
        "P33_017": "‐",
        "P33_018": -1,
        "P33_019": -1,
        "P33_020": 1,
        "P33_021": 1702,
        "P33_022": 1702,
        "P33_023": -1,
        "P33_024": -1,
        "P33_041": 1
      },
      "geometry": {
        "type": "Point",
        "coordinates": [
          135.21487527862973,
          34.66452999898871
        ]
      }
    },
    {
      "type": "Feature",
      "properties": {
        "P33_001": 31,
        "P33_002": "28105",
        "P33_003": "28",
        "P33_004": 2,
        "P33_005": "神戸アートビレッジセンター（ＫＡＶＣホール）(神戸アートビレッジセンター（カブックホール））",
        "P33_006": "652-0811",
        "P33_007": "神戸市兵庫区新開地5-3-14",
        "P33_008": "078-512-5500",
        "P33_009": 19960400,
        "P33_010": "http://kavc.or.jp",
        "P33_011": "神戸高速本線新開地駅",
        "P33_012": -1,
        "P33_013": -1,
        "P33_014": -1,
        "P33_015": "‐",
        "P33_016": "‐",
        "P33_017": "‐",
        "P33_018": -1,
        "P33_019": -1,
        "P33_020": 1,
        "P33_021": 200,
        "P33_022": 200,
        "P33_023": -1,
        "P33_024": -1,
        "P33_041": 1
      },
      "geometry": {
        "type": "Point",
        "coordinates": [
          135.17353027814372,
          34.6762230540533
        ]
      }
    },
    {
      "type": "Feature",
      "properties": {
        "P33_001": 393,
        "P33_002": "28110",
        "P33_003": "28",
        "P33_004": 3,
        "P33_005": "新神戸オリエンタル劇場",
        "P33_006": "650-0002",
        "P33_007": "神戸市中央区北野町1-3",
        "P33_008": "078-291-1100",
        "P33_009": 19881000,
        "P33_010": "http://www.shinkobeoriental.com",
        "P33_011": "地下鉄西神線新神戸駅",
        "P33_012": -1,
        "P33_013": -1,
        "P33_014": -1,
        "P33_015": "‐",
        "P33_016": "‐",
        "P33_017": "‐",
        "P33_018": -1,
        "P33_019": -1,
        "P33_020": 1,
        "P33_021": 639,
        "P33_022": 639,
        "P33_023": -1,
        "P33_024": -1,
        "P33_041": 1
      },
      "geometry": {
        "type": "Point",
        "coordinates": [
          135.1943647199575,
          34.7036450009132
        ]
      }
    },
    {
      "type": "Feature",
      "properties": {
        "P33_001": 456,
        "P33_002": "28107",
        "P33_003": "28",
        "P33_004": 5,
        "P33_005": "グリーンアリーナ神戸",
        "P33_006": "654-0163",
        "P33_007": "神戸市須磨区緑台",
        "P33_008": "078-796-1155",
        "P33_009": 19930700,
        "P33_010": "http://www.kobe-park.or.jp/sougou",
        "P33_011": "市営地下鉄西神線総合運動公園駅",
        "P33_012": -1,
        "P33_013": -1,
        "P33_014": -1,
        "P33_015": "‐",
        "P33_016": "‐",
        "P33_017": "‐",
        "P33_018": -1,
        "P33_019": -1,
        "P33_020": 1,
        "P33_021": 4852,
        "P33_022": 4852,
        "P33_023": -1,
        "P33_024": -1,
        "P33_041": 1
      },
      "geometry": {
        "type": "Point",
        "coordinates": [
          135.07465000025474,
          34.67834599863361
        ]
      }
    },
    {
      "type": "Feature",
      "properties": {
        "P33_001": 454,
        "P33_002": "28107",
        "P33_003": "28",
        "P33_004": 5,
        "P33_005": "神戸総合運動公園野球場（ほっともっとフィールド神戸）",
        "P33_006": "654-0163",
        "P33_007": "神戸市須磨区緑台",
        "P33_008": "078-795-5589",
        "P33_009": 19880300,
        "P33_010": "http://www.buffaloes.co.jp",
        "P33_011": "市営地下鉄西神線総合運動公園駅",
        "P33_012": -1,
        "P33_013": -1,
        "P33_014": -1,
        "P33_015": "‐",
        "P33_016": "‐",
        "P33_017": "‐",
        "P33_018": -1,
        "P33_019": -1,
        "P33_020": 1,
        "P33_021": -1,
        "P33_022": -1,
        "P33_023": -1,
        "P33_024": -1,
        "P33_041": 1
      },
      "geometry": {
        "type": "Point",
        "coordinates": [
          135.07336200168754,
          34.68065699965067
        ]
      }
    },
    {
      "type": "Feature",
      "properties": {
        "P33_001": 469,
        "P33_002": "28204",
        "P33_003": "28",
        "P33_004": 5,
        "P33_005": "阪神甲子園球場",
        "P33_006": "663-8152",
        "P33_007": "西宮市甲子園町1-82",
        "P33_008": "0798-47-1041",
        "P33_009": 19240800,
        "P33_010": "http://www.hanshin.co.jp/koshien/",
        "P33_011": "阪神本線甲子園駅",
        "P33_012": -1,
        "P33_013": -1,
        "P33_014": -1,
        "P33_015": "‐",
        "P33_016": "‐",
        "P33_017": "‐",
        "P33_018": -1,
        "P33_019": -1,
        "P33_020": 1,
        "P33_021": -1,
        "P33_022": -1,
        "P33_023": -1,
        "P33_024": -1,
        "P33_041": 1
      },
      "geometry": {
        "type": "Point",
        "coordinates": [
          135.36167250235678,
          34.721312501189566
        ]
      }
    },
    {
      "type": "Feature",
      "properties": {
        "P33_001": 452,
        "P33_002": "28105",
        "P33_003": "28",
        "P33_004": 5,
        "P33_005": "御崎公園球技場（ノエビアスタジアム神戸）",
        "P33_006": "652-0855",
        "P33_007": "神戸市兵庫区御崎町1-2-2",
        "P33_008": "078-652-5656",
        "P33_009": 20030400,
        "P33_010": "http://www.homes-stadium.jp/",
        "P33_011": "神戸市営地下鉄海岸線御崎公園駅",
        "P33_012": -1,
        "P33_013": -1,
        "P33_014": -1,
        "P33_015": "‐",
        "P33_016": "‐",
        "P33_017": "‐",
        "P33_018": -1,
        "P33_019": -1,
        "P33_020": 1,
        "P33_021": 30000,
        "P33_022": 30000,
        "P33_023": -1,
        "P33_024": -1,
        "P33_041": 1
      },
      "geometry": {
        "type": "Point",
        "coordinates": [
          135.1689869456514,
          34.65667888690579
        ]
      }
    },
    {
      "type": "Feature",
      "properties": {
        "P33_001": 455,
        "P33_002": "28107",
        "P33_003": "28",
        "P33_004": 5,
        "P33_005": "ユニバー記念競技場",
        "P33_006": "654-0163",
        "P33_007": "神戸市須磨区緑台",
        "P33_008": "078-795-5151",
        "P33_009": 19841000,
        "P33_010": "http://www.kobe-park.or.jp/sougou",
        "P33_011": "市営地下鉄西神線総合運動公園駅",
        "P33_012": -1,
        "P33_013": -1,
        "P33_014": -1,
        "P33_015": "‐",
        "P33_016": "‐",
        "P33_017": "‐",
        "P33_018": -1,
        "P33_019": -1,
        "P33_020": 1,
        "P33_021": -1,
        "P33_022": -1,
        "P33_023": -1,
        "P33_024": -1,
        "P33_041": 1
      },
      "geometry": {
        "type": "Point",
        "coordinates": [
          135.08022299993252,
          34.682140001515705
        ]
      }
    },
    {
      "type": "Feature",
      "properties": {
        "P33_001": 394,
        "P33_002": "28110",
        "P33_003": "28",
        "P33_004": 3,
        "P33_005": "ＡＲＴ　ＨＯＵＳＥ（アートハウス）",
        "P33_006": "650-0004",
        "P33_007": "神戸市中央区中山手通2-1-27（伊豆ビル）",
        "P33_008": "078-334-1348",
        "P33_009": -1,
        "P33_010": "‐",
        "P33_011": "各線三宮駅",
        "P33_012": -1,
        "P33_013": -1,
        "P33_014": -1,
        "P33_015": "‐",
        "P33_016": "‐",
        "P33_017": "‐",
        "P33_018": -1,
        "P33_019": -1,
        "P33_020": -1,
        "P33_021": -1,
        "P33_022": -1,
        "P33_023": -1,
        "P33_024": -1,
        "P33_041": 1
      },
      "geometry": {
        "type": "Point",
        "coordinates": [
          135.19080599928677,
          34.69538999922308
        ]
      }
    },
    {
      "type": "Feature",
      "properties": {
        "P33_001": 224,
        "P33_002": "28214",
        "P33_003": "28",
        "P33_004": 2,
        "P33_005": "アピアホール",
        "P33_006": "665-0035",
        "P33_007": "宝塚市逆瀬川1-2-1（アピア1・5F）",
        "P33_008": "0797-71-6786",
        "P33_009": -1,
        "P33_010": "‐",
        "P33_011": "阪急今津線逆瀬川駅",
        "P33_012": -1,
        "P33_013": -1,
        "P33_014": -1,
        "P33_015": "‐",
        "P33_016": "‐",
        "P33_017": "‐",
        "P33_018": -1,
        "P33_019": -1,
        "P33_020": -1,
        "P33_021": -1,
        "P33_022": -1,
        "P33_023": -1,
        "P33_024": -1,
        "P33_041": 1
      },
      "geometry": {
        "type": "Point",
        "coordinates": [
          135.35121300334038,
          34.797460269793746
        ]
      }
    },
    {
      "type": "Feature",
      "properties": {
        "P33_001": 427,
        "P33_002": "28219",
        "P33_003": "28",
        "P33_004": 3,
        "P33_005": "有馬能楽堂",
        "P33_006": "669-1544",
        "P33_007": "三田市武庫が丘7-5",
        "P33_008": "079-564-4151",
        "P33_009": -1,
        "P33_010": "‐",
        "P33_011": "神戸電鉄フラワータウン駅",
        "P33_012": -1,
        "P33_013": -1,
        "P33_014": -1,
        "P33_015": "‐",
        "P33_016": "‐",
        "P33_017": "‐",
        "P33_018": -1,
        "P33_019": -1,
        "P33_020": -1,
        "P33_021": -1,
        "P33_022": -1,
        "P33_023": -1,
        "P33_024": -1,
        "P33_041": 1
      },
      "geometry": {
        "type": "Point",
        "coordinates": [
          135.20307916755385,
          34.88826861123151
        ]
      }
    },
    {
      "type": "Feature",
      "properties": {
        "P33_001": 395,
        "P33_002": "28110",
        "P33_003": "28",
        "P33_004": 3,
        "P33_005": "上屋　劇場",
        "P33_006": "650-0042",
        "P33_007": "神戸市中央区波止場町（6-3甲陽運輸内1F）",
        "P33_008": "078-371-0132",
        "P33_009": -1,
        "P33_010": "‐",
        "P33_011": "ＪＲ神戸線元町駅",
        "P33_012": -1,
        "P33_013": -1,
        "P33_014": -1,
        "P33_015": "‐",
        "P33_016": "‐",
        "P33_017": "‐",
        "P33_018": -1,
        "P33_019": -1,
        "P33_020": -1,
        "P33_021": -1,
        "P33_022": -1,
        "P33_023": -1,
        "P33_024": -1,
        "P33_041": 1
      },
      "geometry": {
        "type": "Point",
        "coordinates": [
          135.18509612764257,
          34.68466027337916
        ]
      }
    },
    {
      "type": "Feature",
      "properties": {
        "P33_001": 433,
        "P33_002": "28301",
        "P33_003": "28",
        "P33_004": 3,
        "P33_005": "カリヨンホール",
        "P33_006": "666-0261",
        "P33_007": "猪名川町松尾台1-2-20（日生中央センタービル3F）",
        "P33_008": "072-766-3845",
        "P33_009": -1,
        "P33_010": "‐",
        "P33_011": "能勢電鉄日生中央駅",
        "P33_012": -1,
        "P33_013": -1,
        "P33_014": -1,
        "P33_015": "‐",
        "P33_016": "‐",
        "P33_017": "‐",
        "P33_018": -1,
        "P33_019": -1,
        "P33_020": -1,
        "P33_021": -1,
        "P33_022": -1,
        "P33_023": -1,
        "P33_024": -1,
        "P33_041": 1
      },
      "geometry": {
        "type": "Point",
        "coordinates": [
          135.3930175293533,
          34.90576193748303
        ]
      }
    },
    {
      "type": "Feature",
      "properties": {
        "P33_001": 396,
        "P33_002": "28110",
        "P33_003": "28",
        "P33_004": 3,
        "P33_005": "ＣＡＳＨ　ＢＯＸ（キャッシュボックス）",
        "P33_006": "651-0093",
        "P33_007": "神戸市中央区二宮町4-21-9（オレンジビル1F）",
        "P33_008": "078-272-1667",
        "P33_009": -1,
        "P33_010": "‐",
        "P33_011": "各線三宮駅",
        "P33_012": -1,
        "P33_013": -1,
        "P33_014": -1,
        "P33_015": "‐",
        "P33_016": "‐",
        "P33_017": "‐",
        "P33_018": -1,
        "P33_019": -1,
        "P33_020": -1,
        "P33_021": -1,
        "P33_022": -1,
        "P33_023": -1,
        "P33_024": -1,
        "P33_041": 1
      },
      "geometry": {
        "type": "Point",
        "coordinates": [
          135.19455499762964,
          34.699090000683945
        ]
      }
    },
    {
      "type": "Feature",
      "properties": {
        "P33_001": 232,
        "P33_002": "28215",
        "P33_003": "28",
        "P33_004": 2,
        "P33_005": "グリーンピア三木　クリーンピアホール",
        "P33_006": "673-0703",
        "P33_007": "三木市細川町槙山894-60",
        "P33_008": "0794-83-5211",
        "P33_009": -1,
        "P33_010": "‐",
        "P33_011": "神戸電鉄粟生線緑が丘駅",
        "P33_012": -1,
        "P33_013": -1,
        "P33_014": -1,
        "P33_015": "‐",
        "P33_016": "‐",
        "P33_017": "‐",
        "P33_018": -1,
        "P33_019": -1,
        "P33_020": -1,
        "P33_021": -1,
        "P33_022": -1,
        "P33_023": -1,
        "P33_024": -1,
        "P33_041": 1
      },
      "geometry": {
        "type": "Point",
        "coordinates": [
          135.0590670001465,
          34.8165729998649
        ]
      }
    },
    {
      "type": "Feature",
      "properties": {
        "P33_001": 29,
        "P33_002": "28102",
        "P33_003": "28",
        "P33_004": 2,
        "P33_005": "神戸学生青年センター",
        "P33_006": "657-0064",
        "P33_007": "神戸市灘区山田町3-1-1",
        "P33_008": "078-851-2760",
        "P33_009": -1,
        "P33_010": "‐",
        "P33_011": "阪急神戸線六甲駅",
        "P33_012": -1,
        "P33_013": -1,
        "P33_014": -1,
        "P33_015": "‐",
        "P33_016": "‐",
        "P33_017": "‐",
        "P33_018": -1,
        "P33_019": -1,
        "P33_020": -1,
        "P33_021": -1,
        "P33_022": -1,
        "P33_023": -1,
        "P33_024": -1,
        "P33_041": 1
      },
      "geometry": {
        "type": "Point",
        "coordinates": [
          135.23366074292863,
          34.72106389212845
        ]
      }
    },
    {
      "type": "Feature",
      "properties": {
        "P33_001": 50,
        "P33_002": "28110",
        "P33_003": "28",
        "P33_004": 2,
        "P33_005": "神戸市教育会館",
        "P33_006": "650-0004",
        "P33_007": "神戸市中央区中山手通4-10-5",
        "P33_008": "078-222-4111",
        "P33_009": -1,
        "P33_010": "‐",
        "P33_011": "地下鉄県庁前駅",
        "P33_012": -1,
        "P33_013": -1,
        "P33_014": -1,
        "P33_015": "‐",
        "P33_016": "‐",
        "P33_017": "‐",
        "P33_018": -1,
        "P33_019": -1,
        "P33_020": -1,
        "P33_021": -1,
        "P33_022": -1,
        "P33_023": -1,
        "P33_024": -1,
        "P33_041": 1
      },
      "geometry": {
        "type": "Point",
        "coordinates": [
          135.1857563912887,
          34.69394249911428
        ]
      }
    },
    {
      "type": "Feature",
      "properties": {
        "P33_001": 435,
        "P33_002": "28101",
        "P33_003": "28",
        "P33_004": 4,
        "P33_005": "神戸ファッションマート",
        "P33_006": "658-0032",
        "P33_007": "神戸市東灘区向洋町中6-9",
        "P33_008": "078-857-8001",
        "P33_009": -1,
        "P33_010": "‐",
        "P33_011": "六甲アイランド線アイランドセンター駅",
        "P33_012": -1,
        "P33_013": -1,
        "P33_014": -1,
        "P33_015": "‐",
        "P33_016": "‐",
        "P33_017": "‐",
        "P33_018": -1,
        "P33_019": -1,
        "P33_020": -1,
        "P33_021": -1,
        "P33_022": -1,
        "P33_023": -1,
        "P33_024": -1,
        "P33_041": 1
      },
      "geometry": {
        "type": "Point",
        "coordinates": [
          135.26828900025254,
          34.689140272854544
        ]
      }
    },
    {
      "type": "Feature",
      "properties": {
        "P33_001": 397,
        "P33_002": "28110",
        "P33_003": "28",
        "P33_004": 3,
        "P33_005": "ＫＯＢＥ　ＢＬＵＥＰＯＲＴ（コウベブルーポート）",
        "P33_006": "650-0001",
        "P33_007": "神戸市中央区加納町4-10-3（2･3F）",
        "P33_008": "078-332-1105",
        "P33_009": -1,
        "P33_010": "‐",
        "P33_011": "阪急神戸線三宮駅",
        "P33_012": -1,
        "P33_013": -1,
        "P33_014": -1,
        "P33_015": "‐",
        "P33_016": "‐",
        "P33_017": "‐",
        "P33_018": -1,
        "P33_019": -1,
        "P33_020": -1,
        "P33_021": -1,
        "P33_022": -1,
        "P33_023": -1,
        "P33_024": -1,
        "P33_041": 1
      },
      "geometry": {
        "type": "Point",
        "coordinates": [
          135.19339499935367,
          34.695638002370885
        ]
      }
    },
    {
      "type": "Feature",
      "properties": {
        "P33_001": 398,
        "P33_002": "28110",
        "P33_003": "28",
        "P33_004": 3,
        "P33_005": "ＫＯＢＥ　ＬＩＶＥＡＣＴ　ＢＡＲ　ＶＡＲＩＴ（コウベライブアクトバーバリット）",
        "P33_006": "650-0011",
        "P33_007": "神戸市中央区下山手通2-13-3（建創ビルB1F）",
        "P33_008": "078-392-6655",
        "P33_009": -1,
        "P33_010": "‐",
        "P33_011": "阪急神戸線三宮駅",
        "P33_012": -1,
        "P33_013": -1,
        "P33_014": -1,
        "P33_015": "‐",
        "P33_016": "‐",
        "P33_017": "‐",
        "P33_018": -1,
        "P33_019": -1,
        "P33_020": -1,
        "P33_021": -1,
        "P33_022": -1,
        "P33_023": -1,
        "P33_024": -1,
        "P33_041": 1
      },
      "geometry": {
        "type": "Point",
        "coordinates": [
          135.18915358081202,
          34.693080195145335
        ]
      }
    },
    {
      "type": "Feature",
      "properties": {
        "P33_001": 390,
        "P33_002": "28106",
        "P33_003": "28",
        "P33_004": 3,
        "P33_005": "ＳＴＵＤＩＯ　ＵＭＥ",
        "P33_006": "653-0041",
        "P33_007": "神戸市長田区久保町6-1-1（アスタくにづか4番館4F）",
        "P33_008": "078-612-3340",
        "P33_009": -1,
        "P33_010": "‐",
        "P33_011": "ＪＲ神戸線新長田駅",
        "P33_012": -1,
        "P33_013": -1,
        "P33_014": -1,
        "P33_015": "‐",
        "P33_016": "‐",
        "P33_017": "‐",
        "P33_018": -1,
        "P33_019": -1,
        "P33_020": -1,
        "P33_021": -1,
        "P33_022": -1,
        "P33_023": -1,
        "P33_024": -1,
        "P33_041": 1
      },
      "geometry": {
        "type": "Point",
        "coordinates": [
          135.14671000142656,
          34.65333899893175
        ]
      }
    },
    {
      "type": "Feature",
      "properties": {
        "P33_001": 51,
        "P33_002": "28110",
        "P33_003": "28",
        "P33_004": 2,
        "P33_005": "ジーベックホール",
        "P33_006": "650-0046",
        "P33_007": "神戸市中央区港島中町7-2-1",
        "P33_008": "078-303-5600",
        "P33_009": -1,
        "P33_010": "‐",
        "P33_011": "ポートアイランド線中埠頭駅",
        "P33_012": -1,
        "P33_013": -1,
        "P33_014": -1,
        "P33_015": "‐",
        "P33_016": "‐",
        "P33_017": "‐",
        "P33_018": -1,
        "P33_019": -1,
        "P33_020": -1,
        "P33_021": -1,
        "P33_022": -1,
        "P33_023": -1,
        "P33_024": -1,
        "P33_041": 1
      },
      "geometry": {
        "type": "Point",
        "coordinates": [
          135.21629900065355,
          34.66933300087703
        ]
      }
    },
    {
      "type": "Feature",
      "properties": {
        "P33_001": 267,
        "P33_002": "28221",
        "P33_003": "28",
        "P33_004": 2,
        "P33_005": "篠山市民センター",
        "P33_006": "669-2321",
        "P33_007": "篠山市黒岡191-1",
        "P33_008": "079-554-2188",
        "P33_009": -1,
        "P33_010": "‐",
        "P33_011": "ＪＲ福知山線篠山口駅",
        "P33_012": -1,
        "P33_013": -1,
        "P33_014": -1,
        "P33_015": "‐",
        "P33_016": "‐",
        "P33_017": "‐",
        "P33_018": -1,
        "P33_019": -1,
        "P33_020": -1,
        "P33_021": -1,
        "P33_022": -1,
        "P33_023": -1,
        "P33_024": -1,
        "P33_041": 1
      },
      "geometry": {
        "type": "Point",
        "coordinates": [
          135.2180846023515,
          35.080231330927916
        ]
      }
    },
    {
      "type": "Feature",
      "properties": {
        "P33_001": 422,
        "P33_002": "28210",
        "P33_003": "28",
        "P33_004": 3,
        "P33_005": "ＳＴＡＲ　ＤＡＮＣＥ（スターダンス）",
        "P33_006": "675-0103",
        "P33_007": "加古川市平岡町高畑151-13",
        "P33_008": "079-420-3399",
        "P33_009": -1,
        "P33_010": "‐",
        "P33_011": "ＪＲ山陽本線東加古川駅",
        "P33_012": -1,
        "P33_013": -1,
        "P33_014": -1,
        "P33_015": "‐",
        "P33_016": "‐",
        "P33_017": "‐",
        "P33_018": -1,
        "P33_019": -1,
        "P33_020": -1,
        "P33_021": -1,
        "P33_022": -1,
        "P33_023": -1,
        "P33_024": -1,
        "P33_041": 1
      },
      "geometry": {
        "type": "Point",
        "coordinates": [
          134.8746281165078,
          34.736203769190155
        ]
      }
    },
    {
      "type": "Feature",
      "properties": {
        "P33_001": 399,
        "P33_002": "28110",
        "P33_003": "28",
        "P33_004": 3,
        "P33_005": "ソネ",
        "P33_006": "650-0004",
        "P33_007": "神戸市中央区中山手通1-24-10",
        "P33_008": "078-221-2055",
        "P33_009": -1,
        "P33_010": "‐",
        "P33_011": "ＪＲ三宮駅",
        "P33_012": -1,
        "P33_013": -1,
        "P33_014": -1,
        "P33_015": "‐",
        "P33_016": "‐",
        "P33_017": "‐",
        "P33_018": -1,
        "P33_019": -1,
        "P33_020": -1,
        "P33_021": -1,
        "P33_022": -1,
        "P33_023": -1,
        "P33_024": -1,
        "P33_041": 1
      },
      "geometry": {
        "type": "Point",
        "coordinates": [
          135.19150900100936,
          34.69737400058582
        ]
      }
    },
    {
      "type": "Feature",
      "properties": {
        "P33_001": 145,
        "P33_002": "28204",
        "P33_003": "28",
        "P33_004": 2,
        "P33_005": "ダイエー甲子園ホール",
        "P33_006": "663-8166",
        "P33_007": "西宮市甲子園高潮町3-3（ダイエー甲子園3F）",
        "P33_008": "0798-45-0077",
        "P33_009": -1,
        "P33_010": "‐",
        "P33_011": "阪神本線甲子園駅",
        "P33_012": -1,
        "P33_013": -1,
        "P33_014": -1,
        "P33_015": "‐",
        "P33_016": "‐",
        "P33_017": "‐",
        "P33_018": -1,
        "P33_019": -1,
        "P33_020": -1,
        "P33_021": -1,
        "P33_022": -1,
        "P33_023": -1,
        "P33_024": -1,
        "P33_041": 1
      },
      "geometry": {
        "type": "Point",
        "coordinates": [
          135.36171854521388,
          34.72376507749971
        ]
      }
    },
    {
      "type": "Feature",
      "properties": {
        "P33_001": 400,
        "P33_002": "28110",
        "P33_003": "28",
        "P33_004": 3,
        "P33_005": "ＢＩＧ　ＡＰＰＬＥ（ビッグアップル）",
        "P33_006": "650-0003",
        "P33_007": "神戸市中央区山本通3-14-14（トーアハイツB1F）",
        "P33_008": "078-251-7049",
        "P33_009": -1,
        "P33_010": "‐",
        "P33_011": "阪神本線三宮駅",
        "P33_012": -1,
        "P33_013": -1,
        "P33_014": -1,
        "P33_015": "‐",
        "P33_016": "‐",
        "P33_017": "‐",
        "P33_018": -1,
        "P33_019": -1,
        "P33_020": -1,
        "P33_021": -1,
        "P33_022": -1,
        "P33_023": -1,
        "P33_024": -1,
        "P33_041": 1
      },
      "geometry": {
        "type": "Point",
        "coordinates": [
          135.1864351819743,
          34.69701811360487
        ]
      }
    },
    {
      "type": "Feature",
      "properties": {
        "P33_001": 408,
        "P33_002": "28201",
        "P33_003": "28",
        "P33_004": 3,
        "P33_005": "姫路ＬＩＶＥ　ＨＯＵＳＥ　Ｂｅｔａ（ひめじライブハウスベータ）",
        "P33_006": "670-0012",
        "P33_007": "姫路市本町68-170（大手前第一ビルB1F）",
        "P33_008": "079-222-0486",
        "P33_009": -1,
        "P33_010": "‐",
        "P33_011": "ＪＲ山陽本線姫路駅",
        "P33_012": -1,
        "P33_013": -1,
        "P33_014": -1,
        "P33_015": "‐",
        "P33_016": "‐",
        "P33_017": "‐",
        "P33_018": -1,
        "P33_019": -1,
        "P33_020": -1,
        "P33_021": -1,
        "P33_022": -1,
        "P33_023": -1,
        "P33_024": -1,
        "P33_041": 1
      },
      "geometry": {
        "type": "Point",
        "coordinates": [
          134.6929716667581,
          34.8340663886431
        ]
      }
    },
    {
      "type": "Feature",
      "properties": {
        "P33_001": 436,
        "P33_002": "28110",
        "P33_003": "28",
        "P33_004": 4,
        "P33_005": "兵庫県私学会館",
        "P33_006": "650-0012",
        "P33_007": "神戸市中央区北長狭通4-3-13",
        "P33_008": "078-331-6623",
        "P33_009": -1,
        "P33_010": "‐",
        "P33_011": "ＪＲ東海道本線元町駅",
        "P33_012": -1,
        "P33_013": -1,
        "P33_014": -1,
        "P33_015": "‐",
        "P33_016": "‐",
        "P33_017": "‐",
        "P33_018": -1,
        "P33_019": -1,
        "P33_020": -1,
        "P33_021": -1,
        "P33_022": -1,
        "P33_023": -1,
        "P33_024": -1,
        "P33_041": 1
      },
      "geometry": {
        "type": "Point",
        "coordinates": [
          135.18733555623203,
          34.690803890481305
        ]
      }
    },
    {
      "type": "Feature",
      "properties": {
        "P33_001": 401,
        "P33_002": "28110",
        "P33_003": "28",
        "P33_004": 3,
        "P33_005": "風月堂ホール",
        "P33_006": "650-0023",
        "P33_007": "神戸市中央区元町通3-3-10",
        "P33_008": "078-321-5555",
        "P33_009": -1,
        "P33_010": "‐",
        "P33_011": "阪神元町駅",
        "P33_012": -1,
        "P33_013": -1,
        "P33_014": -1,
        "P33_015": "‐",
        "P33_016": "‐",
        "P33_017": "‐",
        "P33_018": -1,
        "P33_019": -1,
        "P33_020": -1,
        "P33_021": -1,
        "P33_022": -1,
        "P33_023": -1,
        "P33_024": -1,
        "P33_041": 1
      },
      "geometry": {
        "type": "Point",
        "coordinates": [
          135.18604799792692,
          34.687770000640434
        ]
      }
    },
    {
      "type": "Feature",
      "properties": {
        "P33_001": 409,
        "P33_002": "28201",
        "P33_003": "28",
        "P33_004": 3,
        "P33_005": "フォーラスホール",
        "P33_006": "670-0927",
        "P33_007": "姫路市東駅前町100（姫路フォーラスWEST6F）",
        "P33_008": "079-221-3062",
        "P33_009": -1,
        "P33_010": "‐",
        "P33_011": "ＪＲ姫路駅",
        "P33_012": -1,
        "P33_013": -1,
        "P33_014": -1,
        "P33_015": "‐",
        "P33_016": "‐",
        "P33_017": "‐",
        "P33_018": -1,
        "P33_019": -1,
        "P33_020": -1,
        "P33_021": -1,
        "P33_022": -1,
        "P33_023": -1,
        "P33_024": -1,
        "P33_041": 1
      },
      "geometry": {
        "type": "Point",
        "coordinates": [
          134.69299972305092,
          34.82938916661727
        ]
      }
    },
    {
      "type": "Feature",
      "properties": {
        "P33_001": 414,
        "P33_002": "28202",
        "P33_003": "28",
        "P33_004": 3,
        "P33_005": "ＢＬＡＮＴＯＮ（ブラントン）",
        "P33_006": "661-0021",
        "P33_007": "尼崎市名神町1-12-11",
        "P33_008": "06-6421-5006",
        "P33_009": -1,
        "P33_010": "‐",
        "P33_011": "阪急神戸線塚口駅",
        "P33_012": -1,
        "P33_013": -1,
        "P33_014": -1,
        "P33_015": "‐",
        "P33_016": "‐",
        "P33_017": "‐",
        "P33_018": -1,
        "P33_019": -1,
        "P33_020": -1,
        "P33_021": -1,
        "P33_022": -1,
        "P33_023": -1,
        "P33_024": -1,
        "P33_041": 1
      },
      "geometry": {
        "type": "Point",
        "coordinates": [
          135.413105001787,
          34.74374100180065
        ]
      }
    },
    {
      "type": "Feature",
      "properties": {
        "P33_001": 402,
        "P33_002": "28110",
        "P33_003": "28",
        "P33_004": 3,
        "P33_005": "ＭＥＲＳＥＹ　ＢＥＲＴ（マージービート）",
        "P33_006": "651-0096",
        "P33_007": "神戸市中央区雲井通2-5-12（4F）",
        "P33_008": "078-231-6960",
        "P33_009": -1,
        "P33_010": "‐",
        "P33_011": "ＪＲ三ノ宮駅",
        "P33_012": -1,
        "P33_013": -1,
        "P33_014": -1,
        "P33_015": "‐",
        "P33_016": "‐",
        "P33_017": "‐",
        "P33_018": -1,
        "P33_019": -1,
        "P33_020": -1,
        "P33_021": -1,
        "P33_022": -1,
        "P33_023": -1,
        "P33_024": -1,
        "P33_041": 1
      },
      "geometry": {
        "type": "Point",
        "coordinates": [
          135.20079951184564,
          34.69707911135965
        ]
      }
    },
    {
      "type": "Feature",
      "properties": {
        "P33_001": 410,
        "P33_002": "28201",
        "P33_003": "28",
        "P33_004": 3,
        "P33_005": "マッシュルーム",
        "P33_006": "670-0854",
        "P33_007": "姫路市五軒邸2-119（ホテルレストインイレブンB1F）",
        "P33_008": "079-288-6991",
        "P33_009": -1,
        "P33_010": "‐",
        "P33_011": "ＪＲ姫路駅",
        "P33_012": -1,
        "P33_013": -1,
        "P33_014": -1,
        "P33_015": "‐",
        "P33_016": "‐",
        "P33_017": "‐",
        "P33_018": -1,
        "P33_019": -1,
        "P33_020": -1,
        "P33_021": -1,
        "P33_022": -1,
        "P33_023": -1,
        "P33_024": -1,
        "P33_041": 1
      },
      "geometry": {
        "type": "Point",
        "coordinates": [
          134.7018949990113,
          34.83768000205052
        ]
      }
    },
    {
      "type": "Feature",
      "properties": {
        "P33_001": 415,
        "P33_002": "28202",
        "P33_003": "28",
        "P33_004": 3,
        "P33_005": "ライクスホール",
        "P33_006": "661-0002",
        "P33_007": "尼崎市塚口町1-15-8（4F）",
        "P33_008": "06-6422-4147",
        "P33_009": -1,
        "P33_010": "‐",
        "P33_011": "阪急神戸線塚口駅",
        "P33_012": -1,
        "P33_013": -1,
        "P33_014": -1,
        "P33_015": "‐",
        "P33_016": "‐",
        "P33_017": "‐",
        "P33_018": -1,
        "P33_019": -1,
        "P33_020": -1,
        "P33_021": -1,
        "P33_022": -1,
        "P33_023": -1,
        "P33_024": -1,
        "P33_041": 1
      },
      "geometry": {
        "type": "Point",
        "coordinates": [
          135.41427100046366,
          34.754317998782575
        ]
      }
    },
    {
      "type": "Feature",
      "properties": {
        "P33_001": 403,
        "P33_002": "28110",
        "P33_003": "28",
        "P33_004": 3,
        "P33_005": "Ｌｉｖｅ　Ｈｏｕｓｅ　Ｋｏｂｅ　Ｂａｃｋ　Ｂｅｓｔ（ライブハウスコウベ　バックビート）",
        "P33_006": "651-0096",
        "P33_007": "神戸市中央区雲井通2-5-12（1F）",
        "P33_008": "078-231-3933",
        "P33_009": -1,
        "P33_010": "‐",
        "P33_011": "ＪＲ三ノ宮駅",
        "P33_012": -1,
        "P33_013": -1,
        "P33_014": -1,
        "P33_015": "‐",
        "P33_016": "‐",
        "P33_017": "‐",
        "P33_018": -1,
        "P33_019": -1,
        "P33_020": -1,
        "P33_021": -1,
        "P33_022": -1,
        "P33_023": -1,
        "P33_024": -1,
        "P33_041": 1
      },
      "geometry": {
        "type": "Point",
        "coordinates": [
          135.20079951184564,
          34.69707911135965
        ]
      }
    },
    {
      "type": "Feature",
      "properties": {
        "P33_001": 411,
        "P33_002": "28201",
        "P33_003": "28",
        "P33_004": 3,
        "P33_005": "姫路Ｌａｙｌａ（ライラ）",
        "P33_006": "670-0903",
        "P33_007": "姫路市立町71（清和立町ビル3F）",
        "P33_008": "079-224-9469",
        "P33_009": -1,
        "P33_010": "‐",
        "P33_011": "ＪＲ山陽本線姫路駅",
        "P33_012": -1,
        "P33_013": -1,
        "P33_014": -1,
        "P33_015": "‐",
        "P33_016": "‐",
        "P33_017": "‐",
        "P33_018": -1,
        "P33_019": -1,
        "P33_020": -1,
        "P33_021": -1,
        "P33_022": -1,
        "P33_023": -1,
        "P33_024": -1,
        "P33_041": 1
      },
      "geometry": {
        "type": "Point",
        "coordinates": [
          134.68952726672606,
          34.83097222754794
        ]
      }
    },
    {
      "type": "Feature",
      "properties": {
        "P33_001": 418,
        "P33_002": "28206",
        "P33_003": "28",
        "P33_004": 3,
        "P33_005": "ＬＥＦＴ　ＡＬＯＮＥ（レフトアローン）",
        "P33_006": "659-0091",
        "P33_007": "芦屋市東山町4-13",
        "P33_008": "0797-22-0171",
        "P33_009": -1,
        "P33_010": "‐",
        "P33_011": "ＪＲ東海道本線芦屋駅",
        "P33_012": -1,
        "P33_013": -1,
        "P33_014": -1,
        "P33_015": "‐",
        "P33_016": "‐",
        "P33_017": "‐",
        "P33_018": -1,
        "P33_019": -1,
        "P33_020": -1,
        "P33_021": -1,
        "P33_022": -1,
        "P33_023": -1,
        "P33_024": -1,
        "P33_041": 1
      },
      "geometry": {
        "type": "Point",
        "coordinates": [
          135.31115083200146,
          34.74030749947532
        ]
      }
    },
    {
      "type": "Feature",
      "properties": {
        "P33_001": 404,
        "P33_002": "28110",
        "P33_003": "28",
        "P33_004": 3,
        "P33_005": "ＷＡＤＡホール（ワダホール）",
        "P33_006": "650-0023",
        "P33_007": "神戸市中央区栄町通4-2-13（2F）",
        "P33_008": "078-362-1358",
        "P33_009": -1,
        "P33_010": "‐",
        "P33_011": "地下鉄海岸線みなと元町駅",
        "P33_012": -1,
        "P33_013": -1,
        "P33_014": -1,
        "P33_015": "‐",
        "P33_016": "‐",
        "P33_017": "‐",
        "P33_018": -1,
        "P33_019": -1,
        "P33_020": -1,
        "P33_021": -1,
        "P33_022": -1,
        "P33_023": -1,
        "P33_024": -1,
        "P33_041": 1
      },
      "geometry": {
        "type": "Point",
        "coordinates": [
          135.18372972413968,
          34.68545888945731
        ]
      }
    },
    {
      "type": "Feature",
      "properties": {
        "P33_001": 426,
        "P33_002": "28215",
        "P33_003": "28",
        "P33_004": 3,
        "P33_005": "兵庫県立三木山森林公園　音楽ホール（森の文化内）",
        "P33_006": "673-0433",
        "P33_007": "三木市福井字三木山2465-1",
        "P33_008": "0794-83-6100",
        "P33_009": -1,
        "P33_010": "‐",
        "P33_011": "神戸電鉄粟生線エビス駅",
        "P33_012": -1,
        "P33_013": -1,
        "P33_014": -1,
        "P33_015": "‐",
        "P33_016": "‐",
        "P33_017": "‐",
        "P33_018": -1,
        "P33_019": -1,
        "P33_020": -1,
        "P33_021": -1,
        "P33_022": -1,
        "P33_023": -1,
        "P33_024": -1,
        "P33_041": 1
      },
      "geometry": {
        "type": "Point",
        "coordinates": [
          134.98972299945368,
          34.785261001697236
        ]
      }
    },
    {
      "type": "Feature",
      "properties": {
        "P33_001": 405,
        "P33_002": "28110",
        "P33_003": "28",
        "P33_004": 3,
        "P33_005": "ライブハウスＳｔａｒ-ｃｌｉｂ（ライブハウス　スタークラブ）",
        "P33_006": "651-0094",
        "P33_007": "神戸市中央区琴ノ緒町1-1-323（1F）",
        "P33_008": "078-221-6328",
        "P33_009": -1,
        "P33_010": "‐",
        "P33_011": "阪急神戸線三宮駅",
        "P33_012": -1,
        "P33_013": -1,
        "P33_014": -1,
        "P33_015": "‐",
        "P33_016": "‐",
        "P33_017": "‐",
        "P33_018": -1,
        "P33_019": -1,
        "P33_020": -1,
        "P33_021": -1,
        "P33_022": -1,
        "P33_023": -1,
        "P33_024": -1,
        "P33_041": 1
      },
      "geometry": {
        "type": "Point",
        "coordinates": [
          135.19930400232937,
          34.69858800075935
        ]
      }
    },
    {
      "type": "Feature",
      "properties": {
        "P33_001": 420,
        "P33_002": "28207",
        "P33_003": "28",
        "P33_004": 3,
        "P33_005": "ＳＴＡＧＥ（ステージ）",
        "P33_006": "664-0846",
        "P33_007": "伊丹市伊丹2-4-1",
        "P33_008": "072-777-3818",
        "P33_009": -1,
        "P33_010": "‐",
        "P33_011": "福知山線伊丹駅",
        "P33_012": -1,
        "P33_013": -1,
        "P33_014": -1,
        "P33_015": "‐",
        "P33_016": "‐",
        "P33_017": "‐",
        "P33_018": -1,
        "P33_019": -1,
        "P33_020": -1,
        "P33_021": -1,
        "P33_022": -1,
        "P33_023": -1,
        "P33_024": -1,
        "P33_041": 1
      },
      "geometry": {
        "type": "Point",
        "coordinates": [
          135.42047198953622,
          34.78063970978756
        ]
      }
    }
  ],
  "bbox": [
    134.31419916889848,
    34.16896400138201,
    135.44018900225197,
    35.65769500010673
  ]
}