{
  "type": "FeatureCollection",
  "features": [
    {
      "type": "Feature",
      "properties": {
        "P33_001": 3,
        "P33_002": "26104",
        "P33_003": "26",
        "P33_004": 1,
        "P33_005": "ＭＯＶＩＸ京都",
        "P33_006": "604-8035",
        "P33_007": "京都市中京区新京極三条下ル桜之町400",
        "P33_008": "075-254-3215",
        "P33_009": -1,
        "P33_010": "http://www.smt-cinema.com/site/kyoto/",
        "P33_011": "‐",
        "P33_012": 12,
        "P33_013": 2561,
        "P33_014": -1,
        "P33_015": "‐",
        "P33_016": "‐",
        "P33_017": "‐",
        "P33_018": -1,
        "P33_019": -1,
        "P33_020": -1,
        "P33_021": -1,
        "P33_022": -1,
        "P33_023": -1,
        "P33_024": -1,
        "P33_041": 1
      },
      "geometry": {
        "type": "Point",
        "coordinates": [
          135.7676919436966,
          35.00823916685515
        ]
      }
    },
    {
      "type": "Feature",
      "properties": {
        "P33_001": 6,
        "P33_002": "26107",
        "P33_003": "26",
        "P33_004": 1,
        "P33_005": "京都みなみ会館",
        "P33_006": "601-8438",
        "P33_007": "京都市南区西九条東比永城町79",
        "P33_008": "075-661-3993",
        "P33_009": -1,
        "P33_010": "http://kyoto-minamikaikan.jp/",
        "P33_011": "近鉄東寺駅",
        "P33_012": 1,
        "P33_013": 154,
        "P33_014": -1,
        "P33_015": "‐",
        "P33_016": "‐",
        "P33_017": "‐",
        "P33_018": -1,
        "P33_019": -1,
        "P33_020": -1,
        "P33_021": -1,
        "P33_022": -1,
        "P33_023": -1,
        "P33_024": -1,
        "P33_041": 1
      },
      "geometry": {
        "type": "Point",
        "coordinates": [
          135.75067725940195,
          34.9790999324181
        ]
      }
    },
    {
      "type": "Feature",
      "properties": {
        "P33_001": 10,
        "P33_002": "26322",
        "P33_003": "26",
        "P33_004": 1,
        "P33_005": "イオンシネマ久御山",
        "P33_006": "613-0024",
        "P33_007": "久御山町森南大内156-1（イオンシネマ久御山ショッピングセンター2F）",
        "P33_008": "075-633-0901",
        "P33_009": -1,
        "P33_010": "http://www.aeoncinema.co.jp/kumiyama/",
        "P33_011": "‐",
        "P33_012": 8,
        "P33_013": 1826,
        "P33_014": -1,
        "P33_015": "‐",
        "P33_016": "‐",
        "P33_017": "‐",
        "P33_018": -1,
        "P33_019": -1,
        "P33_020": -1,
        "P33_021": -1,
        "P33_022": -1,
        "P33_023": -1,
        "P33_024": -1,
        "P33_041": 1
      },
      "geometry": {
        "type": "Point",
        "coordinates": [
          135.74653900076936,
          34.893295999914876
        ]
      }
    },
    {
      "type": "Feature",
      "properties": {
        "P33_001": 7,
        "P33_002": "26201",
        "P33_003": "26",
        "P33_004": 1,
        "P33_005": "福知山シネマ",
        "P33_006": "620-0037",
        "P33_007": "福知山市東中ノ町28-1",
        "P33_008": "0773-23-1249",
        "P33_009": -1,
        "P33_010": "http://www.fukuchiyama-cinema.com/",
        "P33_011": "ＪＲ福知山",
        "P33_012": 2,
        "P33_013": 281,
        "P33_014": -1,
        "P33_015": "‐",
        "P33_016": "‐",
        "P33_017": "‐",
        "P33_018": -1,
        "P33_019": -1,
        "P33_020": -1,
        "P33_021": -1,
        "P33_022": -1,
        "P33_023": -1,
        "P33_024": -1,
        "P33_041": 1
      },
      "geometry": {
        "type": "Point",
        "coordinates": [
          135.12433200032893,
          35.30203699938946
        ]
      }
    },
    {
      "type": "Feature",
      "properties": {
        "P33_001": 8,
        "P33_002": "26202",
        "P33_003": "26",
        "P33_004": 1,
        "P33_005": "舞鶴八千代",
        "P33_006": "625-0036",
        "P33_007": "舞鶴市浜229",
        "P33_008": "0773-62-3583",
        "P33_009": -1,
        "P33_010": "http://maizuru-yachiyo.com/",
        "P33_011": "ＪＲ東舞鶴駅",
        "P33_012": 3,
        "P33_013": 305,
        "P33_014": -1,
        "P33_015": "‐",
        "P33_016": "‐",
        "P33_017": "‐",
        "P33_018": -1,
        "P33_019": -1,
        "P33_020": -1,
        "P33_021": -1,
        "P33_022": -1,
        "P33_023": -1,
        "P33_024": -1,
        "P33_041": 1
      },
      "geometry": {
        "type": "Point",
        "coordinates": [
          135.39281099981716,
          35.47487199923111
        ]
      }
    },
    {
      "type": "Feature",
      "properties": {
        "P33_001": 4,
        "P33_002": "26106",
        "P33_003": "26",
        "P33_004": 1,
        "P33_005": "京都シネマ",
        "P33_006": "600-8411",
        "P33_007": "京都市下京区水銀屋町620（COCON烏丸ビル3F）",
        "P33_008": "075-353-4723",
        "P33_009": -1,
        "P33_010": "http://www.kyotocinema.jp/",
        "P33_011": "‐",
        "P33_012": 3,
        "P33_013": 254,
        "P33_014": -1,
        "P33_015": "‐",
        "P33_016": "‐",
        "P33_017": "‐",
        "P33_018": -1,
        "P33_019": -1,
        "P33_020": -1,
        "P33_021": -1,
        "P33_022": -1,
        "P33_023": -1,
        "P33_024": -1,
        "P33_041": 1
      },
      "geometry": {
        "type": "Point",
        "coordinates": [
          135.75913253138333,
          35.00313951351168
        ]
      }
    },
    {
      "type": "Feature",
      "properties": {
        "P33_001": 1,
        "P33_002": "26104",
        "P33_003": "26",
        "P33_004": 1,
        "P33_005": "京都文化博物館フィルムシアター",
        "P33_006": "604-8183",
        "P33_007": "京都市中京区東片町623-1",
        "P33_008": "075-222-0888",
        "P33_009": -1,
        "P33_010": "http://www.bunpaku.or.jp/exhi_film.html",
        "P33_011": "地下鉄烏丸御池駅",
        "P33_012": 1,
        "P33_013": -1,
        "P33_014": -1,
        "P33_015": "‐",
        "P33_016": "‐",
        "P33_017": "‐",
        "P33_018": -1,
        "P33_019": -1,
        "P33_020": -1,
        "P33_021": -1,
        "P33_022": -1,
        "P33_023": -1,
        "P33_024": -1,
        "P33_041": 1
      },
      "geometry": {
        "type": "Point",
        "coordinates": [
          135.76230100192655,
          35.009406802894
        ]
      }
    },
    {
      "type": "Feature",
      "properties": {
        "P33_001": 2,
        "P33_002": "26104",
        "P33_003": "26",
        "P33_004": 1,
        "P33_005": "ＴＯＨＯシネマズ 二条",
        "P33_006": "604-8415",
        "P33_007": "京都市中京区西ノ京栂ノ尾町107",
        "P33_008": "050-6868-5035",
        "P33_009": -1,
        "P33_010": "http://hlo.tohotheater.jp/net/schedule/023/TNPI2000J01.do",
        "P33_011": "ＪＲ二条駅",
        "P33_012": 11,
        "P33_013": 1933,
        "P33_014": -1,
        "P33_015": "‐",
        "P33_016": "‐",
        "P33_017": "‐",
        "P33_018": -1,
        "P33_019": -1,
        "P33_020": -1,
        "P33_021": -1,
        "P33_022": -1,
        "P33_023": -1,
        "P33_024": -1,
        "P33_041": 1
      },
      "geometry": {
        "type": "Point",
        "coordinates": [
          135.7412459998934,
          35.01043099903165
        ]
      }
    },
    {
      "type": "Feature",
      "properties": {
        "P33_001": 9,
        "P33_002": "26214",
        "P33_003": "26",
        "P33_004": 1,
        "P33_005": "イオンシネマ高の原",
        "P33_006": "619-0223",
        "P33_007": "木津川市相楽台1-1-1（イオンモール高の原4F）",
        "P33_008": "0774-71-9545",
        "P33_009": -1,
        "P33_010": "http://www.aeoncinema.com/cinema/takanohara/",
        "P33_011": "近鉄高の原駅",
        "P33_012": 9,
        "P33_013": 1639,
        "P33_014": -1,
        "P33_015": "‐",
        "P33_016": "‐",
        "P33_017": "‐",
        "P33_018": -1,
        "P33_019": -1,
        "P33_020": -1,
        "P33_021": -1,
        "P33_022": -1,
        "P33_023": -1,
        "P33_024": -1,
        "P33_041": 1
      },
      "geometry": {
        "type": "Point",
        "coordinates": [
          135.79057063164728,
          34.726030392207086
        ]
      }
    },
    {
      "type": "Feature",
      "properties": {
        "P33_001": 5,
        "P33_002": "26107",
        "P33_003": "26",
        "P33_004": 1,
        "P33_005": "Ｔ・ジョイ京都",
        "P33_006": "601-8417",
        "P33_007": "京都市南区西九条鳥居口町1",
        "P33_008": "075-692-2260",
        "P33_009": -1,
        "P33_010": "http://www.t-joy.net/kyoto/",
        "P33_011": "京都駅",
        "P33_012": 12,
        "P33_013": 2196,
        "P33_014": -1,
        "P33_015": "‐",
        "P33_016": "‐",
        "P33_017": "‐",
        "P33_018": -1,
        "P33_019": -1,
        "P33_020": -1,
        "P33_021": -1,
        "P33_022": -1,
        "P33_023": -1,
        "P33_024": -1,
        "P33_041": 1
      },
      "geometry": {
        "type": "Point",
        "coordinates": [
          135.75582799990408,
          34.982850000168014
        ]
      }
    },
    {
      "type": "Feature",
      "properties": {
        "P33_001": 292,
        "P33_002": "26103",
        "P33_003": "26",
        "P33_004": 6,
        "P33_005": "京都府立植物園",
        "P33_006": "606-0823",
        "P33_007": "京都市左京区下鴨半木町",
        "P33_008": "075-701-0141",
        "P33_009": -1,
        "P33_010": "‐",
        "P33_011": "‐",
        "P33_012": -1,
        "P33_013": -1,
        "P33_014": -1,
        "P33_015": "‐",
        "P33_016": "9:00～17:00",
        "P33_017": "有",
        "P33_018": -1,
        "P33_019": -1,
        "P33_020": -1,
        "P33_021": -1,
        "P33_022": -1,
        "P33_023": -1,
        "P33_024": -1,
        "P33_041": 1
      },
      "geometry": {
        "type": "Point",
        "coordinates": [
          135.7628329990307,
          35.04892300005773
        ]
      }
    },
    {
      "type": "Feature",
      "properties": {
        "P33_001": 289,
        "P33_002": "26103",
        "P33_003": "26",
        "P33_004": 6,
        "P33_005": "京都国立近代美術館",
        "P33_006": "606-8344",
        "P33_007": "京都市左京区岡崎円勝寺町",
        "P33_008": "075-761-4111",
        "P33_009": -1,
        "P33_010": "‐",
        "P33_011": "‐",
        "P33_012": -1,
        "P33_013": -1,
        "P33_014": -1,
        "P33_015": "238",
        "P33_016": "9:30～17:00",
        "P33_017": "有",
        "P33_018": -1,
        "P33_019": -1,
        "P33_020": -1,
        "P33_021": -1,
        "P33_022": -1,
        "P33_023": -1,
        "P33_024": -1,
        "P33_041": 1
      },
      "geometry": {
        "type": "Point",
        "coordinates": [
          135.78197100021734,
          35.01237799980649
        ]
      }
    },
    {
      "type": "Feature",
      "properties": {
        "P33_001": 290,
        "P33_002": "26103",
        "P33_003": "26",
        "P33_004": 6,
        "P33_005": "京都市動物園",
        "P33_006": "606-8333",
        "P33_007": "京都市左京区岡崎法勝寺町（岡崎公園内）",
        "P33_008": "075-771-0210",
        "P33_009": -1,
        "P33_010": "‐",
        "P33_011": "‐",
        "P33_012": -1,
        "P33_013": -1,
        "P33_014": -1,
        "P33_015": "312",
        "P33_016": "9:00～17:00(3～11月)､9:00～16:30(12～2月)",
        "P33_017": "有",
        "P33_018": -1,
        "P33_019": -1,
        "P33_020": -1,
        "P33_021": -1,
        "P33_022": -1,
        "P33_023": -1,
        "P33_024": -1,
        "P33_041": 1
      },
      "geometry": {
        "type": "Point",
        "coordinates": [
          135.78606799964118,
          35.012769000440315
        ]
      }
    },
    {
      "type": "Feature",
      "properties": {
        "P33_001": 296,
        "P33_002": "26106",
        "P33_003": "26",
        "P33_004": 6,
        "P33_005": "京都タワー",
        "P33_006": "600-8216",
        "P33_007": "京都市下京区烏丸通七条下ル東塩小路町721-1",
        "P33_008": "075-361-3215",
        "P33_009": -1,
        "P33_010": "‐",
        "P33_011": "‐",
        "P33_012": -1,
        "P33_013": -1,
        "P33_014": -1,
        "P33_015": "365",
        "P33_016": "9:00～21:00",
        "P33_017": "有",
        "P33_018": -1,
        "P33_019": -1,
        "P33_020": -1,
        "P33_021": -1,
        "P33_022": -1,
        "P33_023": -1,
        "P33_024": -1,
        "P33_041": 1
      },
      "geometry": {
        "type": "Point",
        "coordinates": [
          135.7594389996298,
          34.98753799987456
        ]
      }
    },
    {
      "type": "Feature",
      "properties": {
        "P33_001": 24,
        "P33_002": "26104",
        "P33_003": "26",
        "P33_004": 2,
        "P33_005": "京都市生涯学習総合センター（京都アスニー）",
        "P33_006": "604-8401",
        "P33_007": "京都市中京区聚楽廻松下町9-2",
        "P33_008": "075-802-3141",
        "P33_009": 19810000,
        "P33_010": "‐",
        "P33_011": "‐",
        "P33_012": -1,
        "P33_013": -1,
        "P33_014": 1,
        "P33_015": "‐",
        "P33_016": "‐",
        "P33_017": "‐",
        "P33_018": 7399,
        "P33_019": 9034,
        "P33_020": 1,
        "P33_021": 400,
        "P33_022": 400,
        "P33_023": 2,
        "P33_024": -1,
        "P33_041": 1
      },
      "geometry": {
        "type": "Point",
        "coordinates": [
          135.7384015924879,
          35.018955124448425
        ]
      }
    },
    {
      "type": "Feature",
      "properties": {
        "P33_001": 35,
        "P33_002": "26110",
        "P33_003": "26",
        "P33_004": 2,
        "P33_005": "京都市生涯学習総合センター山科",
        "P33_006": "607-8080",
        "P33_007": "京都市山科区竹鼻竹ノ街道町92",
        "P33_008": "075-593-1515",
        "P33_009": 19980000,
        "P33_010": "‐",
        "P33_011": "‐",
        "P33_012": -1,
        "P33_013": -1,
        "P33_014": 3,
        "P33_015": "‐",
        "P33_016": "‐",
        "P33_017": "‐",
        "P33_018": -1,
        "P33_019": 1170,
        "P33_020": -1,
        "P33_021": -1,
        "P33_022": -1,
        "P33_023": -1,
        "P33_024": -1,
        "P33_041": 1
      },
      "geometry": {
        "type": "Point",
        "coordinates": [
          135.8177130004468,
          34.9901650000033
        ]
      }
    },
    {
      "type": "Feature",
      "properties": {
        "P33_001": 60,
        "P33_002": "26201",
        "P33_003": "26",
        "P33_004": 2,
        "P33_005": "市立有路上地域公民館",
        "P33_006": "620-0342",
        "P33_007": "福知山市大江町南有路1655",
        "P33_008": "0773-57-0617",
        "P33_009": 19510000,
        "P33_010": "‐",
        "P33_011": "‐",
        "P33_012": -1,
        "P33_013": -1,
        "P33_014": 2,
        "P33_015": "‐",
        "P33_016": "‐",
        "P33_017": "‐",
        "P33_018": -1,
        "P33_019": 146,
        "P33_020": -1,
        "P33_021": -1,
        "P33_022": -1,
        "P33_023": -1,
        "P33_024": -1,
        "P33_041": 1
      },
      "geometry": {
        "type": "Point",
        "coordinates": [
          135.1792605560441,
          35.38708111172353
        ]
      }
    },
    {
      "type": "Feature",
      "properties": {
        "P33_001": 37,
        "P33_002": "26201",
        "P33_003": "26",
        "P33_004": 2,
        "P33_005": "市立有路下地域公民館",
        "P33_006": "620-0333",
        "P33_007": "福知山市大江町二箇1199",
        "P33_008": "0773-57-0334",
        "P33_009": 19510000,
        "P33_010": "‐",
        "P33_011": "‐",
        "P33_012": -1,
        "P33_013": -1,
        "P33_014": 2,
        "P33_015": "‐",
        "P33_016": "‐",
        "P33_017": "‐",
        "P33_018": -1,
        "P33_019": 181,
        "P33_020": -1,
        "P33_021": -1,
        "P33_022": -1,
        "P33_023": -1,
        "P33_024": -1,
        "P33_041": 1
      },
      "geometry": {
        "type": "Point",
        "coordinates": [
          135.19381800054725,
          35.40617400058454
        ]
      }
    },
    {
      "type": "Feature",
      "properties": {
        "P33_001": 38,
        "P33_002": "26201",
        "P33_003": "26",
        "P33_004": 2,
        "P33_005": "市立大江地域公民館",
        "P33_006": "620-0301",
        "P33_007": "福知山市大江町尾藤1211-1",
        "P33_008": "0773-56-0025",
        "P33_009": 19510000,
        "P33_010": "‐",
        "P33_011": "‐",
        "P33_012": -1,
        "P33_013": -1,
        "P33_014": 2,
        "P33_015": "‐",
        "P33_016": "‐",
        "P33_017": "‐",
        "P33_018": -1,
        "P33_019": 1543,
        "P33_020": -1,
        "P33_021": -1,
        "P33_022": -1,
        "P33_023": -1,
        "P33_024": -1,
        "P33_041": 1
      },
      "geometry": {
        "type": "Point",
        "coordinates": [
          135.13978799994763,
          35.37344700027511
        ]
      }
    },
    {
      "type": "Feature",
      "properties": {
        "P33_001": 39,
        "P33_002": "26201",
        "P33_003": "26",
        "P33_004": 2,
        "P33_005": "市立上夜久野地域公民館",
        "P33_006": "629-1321",
        "P33_007": "福知山市夜久野町額田19-2",
        "P33_008": "0773-38-0165",
        "P33_009": 19970000,
        "P33_010": "‐",
        "P33_011": "‐",
        "P33_012": -1,
        "P33_013": -1,
        "P33_014": 2,
        "P33_015": "‐",
        "P33_016": "‐",
        "P33_017": "‐",
        "P33_018": -1,
        "P33_019": 899,
        "P33_020": -1,
        "P33_021": -1,
        "P33_022": -1,
        "P33_023": -1,
        "P33_024": -1,
        "P33_041": 1
      },
      "geometry": {
        "type": "Point",
        "coordinates": [
          135.0025570003297,
          35.318435000267286
        ]
      }
    },
    {
      "type": "Feature",
      "properties": {
        "P33_001": 40,
        "P33_002": "26201",
        "P33_003": "26",
        "P33_004": 2,
        "P33_005": "市立川合地域公民館（集落センター）",
        "P33_006": "620-1311",
        "P33_007": "福知山市三和町上川合590-1",
        "P33_008": "0773-58-2824",
        "P33_009": 19800000,
        "P33_010": "‐",
        "P33_011": "‐",
        "P33_012": -1,
        "P33_013": -1,
        "P33_014": 2,
        "P33_015": "‐",
        "P33_016": "‐",
        "P33_017": "‐",
        "P33_018": -1,
        "P33_019": 440,
        "P33_020": -1,
        "P33_021": -1,
        "P33_022": -1,
        "P33_023": -1,
        "P33_024": -1,
        "P33_041": 1
      },
      "geometry": {
        "type": "Point",
        "coordinates": [
          135.26503199932182,
          35.244189999899355
        ]
      }
    },
    {
      "type": "Feature",
      "properties": {
        "P33_001": 41,
        "P33_002": "26201",
        "P33_003": "26",
        "P33_004": 2,
        "P33_005": "市立川口地域公民館",
        "P33_006": "620-0888",
        "P33_007": "福知山市野花870",
        "P33_008": "0773-33-3117",
        "P33_009": 19760000,
        "P33_010": "‐",
        "P33_011": "‐",
        "P33_012": -1,
        "P33_013": -1,
        "P33_014": 2,
        "P33_015": "‐",
        "P33_016": "‐",
        "P33_017": "‐",
        "P33_018": -1,
        "P33_019": 526,
        "P33_020": -1,
        "P33_021": -1,
        "P33_022": -1,
        "P33_023": -1,
        "P33_024": -1,
        "P33_041": 1
      },
      "geometry": {
        "type": "Point",
        "coordinates": [
          135.0701449991615,
          35.335040000328256
        ]
      }
    },
    {
      "type": "Feature",
      "properties": {
        "P33_001": 42,
        "P33_002": "26201",
        "P33_003": "26",
        "P33_004": 2,
        "P33_005": "市立河西地域公民館",
        "P33_006": "620-0312",
        "P33_007": "福知山市大江町公庄2201-1",
        "P33_008": "0773-56-0372",
        "P33_009": 19510000,
        "P33_010": "‐",
        "P33_011": "‐",
        "P33_012": -1,
        "P33_013": -1,
        "P33_014": 2,
        "P33_015": "‐",
        "P33_016": "‐",
        "P33_017": "‐",
        "P33_018": -1,
        "P33_019": 173,
        "P33_020": -1,
        "P33_021": -1,
        "P33_022": -1,
        "P33_023": -1,
        "P33_024": -1,
        "P33_041": 1
      },
      "geometry": {
        "type": "Point",
        "coordinates": [
          135.12774700047822,
          35.37156899991538
        ]
      }
    },
    {
      "type": "Feature",
      "properties": {
        "P33_001": 43,
        "P33_002": "26201",
        "P33_003": "26",
        "P33_004": 2,
        "P33_005": "市立河東地域公民館",
        "P33_006": "620-0356",
        "P33_007": "福知山市大江町尾藤1211-1",
        "P33_008": "0773-56-0370",
        "P33_009": 19510000,
        "P33_010": "‐",
        "P33_011": "‐",
        "P33_012": -1,
        "P33_013": -1,
        "P33_014": 2,
        "P33_015": "‐",
        "P33_016": "‐",
        "P33_017": "‐",
        "P33_018": -1,
        "P33_019": 710,
        "P33_020": -1,
        "P33_021": -1,
        "P33_022": -1,
        "P33_023": -1,
        "P33_024": -1,
        "P33_041": 1
      },
      "geometry": {
        "type": "Point",
        "coordinates": [
          135.13978799994763,
          35.37344700027511
        ]
      }
    },
    {
      "type": "Feature",
      "properties": {
        "P33_001": 44,
        "P33_002": "26201",
        "P33_003": "26",
        "P33_004": 2,
        "P33_005": "市立河守地域公民館",
        "P33_006": "620-0301",
        "P33_007": "福知山市大江町河守398",
        "P33_008": "0773-56-1803",
        "P33_009": 19510000,
        "P33_010": "‐",
        "P33_011": "‐",
        "P33_012": -1,
        "P33_013": -1,
        "P33_014": 2,
        "P33_015": "‐",
        "P33_016": "‐",
        "P33_017": "‐",
        "P33_018": -1,
        "P33_019": 127,
        "P33_020": -1,
        "P33_021": -1,
        "P33_022": -1,
        "P33_023": -1,
        "P33_024": -1,
        "P33_041": 1
      },
      "geometry": {
        "type": "Point",
        "coordinates": [
          135.14747299928297,
          35.38895999986337
        ]
      }
    },
    {
      "type": "Feature",
      "properties": {
        "P33_001": 45,
        "P33_002": "26201",
        "P33_003": "26",
        "P33_004": 2,
        "P33_005": "市立三和地域公民館（三和会館）",
        "P33_006": "620-1442",
        "P33_007": "福知山市三和町千束383",
        "P33_008": "0773-58-3334",
        "P33_009": 19980000,
        "P33_010": "‐",
        "P33_011": "‐",
        "P33_012": -1,
        "P33_013": -1,
        "P33_014": 2,
        "P33_015": "‐",
        "P33_016": "‐",
        "P33_017": "‐",
        "P33_018": -1,
        "P33_019": 555,
        "P33_020": -1,
        "P33_021": -1,
        "P33_022": -1,
        "P33_023": -1,
        "P33_024": -1,
        "P33_041": 1
      },
      "geometry": {
        "type": "Point",
        "coordinates": [
          135.23557200086995,
          35.21626000034076
        ]
      }
    },
    {
      "type": "Feature",
      "properties": {
        "P33_001": 46,
        "P33_002": "26201",
        "P33_003": "26",
        "P33_004": 2,
        "P33_005": "市立下夜久野地域公民館",
        "P33_006": "629-1304",
        "P33_007": "福知山市夜久野町額田693",
        "P33_008": "0773-37-0298",
        "P33_009": 19970000,
        "P33_010": "‐",
        "P33_011": "‐",
        "P33_012": -1,
        "P33_013": -1,
        "P33_014": 2,
        "P33_015": "‐",
        "P33_016": "‐",
        "P33_017": "‐",
        "P33_018": -1,
        "P33_019": 310,
        "P33_020": -1,
        "P33_021": -1,
        "P33_022": -1,
        "P33_023": -1,
        "P33_024": -1,
        "P33_041": 1
      },
      "geometry": {
        "type": "Point",
        "coordinates": [
          134.99413102205315,
          35.32147378601421
        ]
      }
    },
    {
      "type": "Feature",
      "properties": {
        "P33_001": 47,
        "P33_002": "26201",
        "P33_003": "26",
        "P33_004": 2,
        "P33_005": "市立俊明地域公民館",
        "P33_006": "620-0333",
        "P33_007": "福知山市大江町二俣346-1",
        "P33_008": "0773-56-1852",
        "P33_009": 19510000,
        "P33_010": "‐",
        "P33_011": "‐",
        "P33_012": -1,
        "P33_013": -1,
        "P33_014": 2,
        "P33_015": "‐",
        "P33_016": "‐",
        "P33_017": "‐",
        "P33_018": -1,
        "P33_019": 238,
        "P33_020": -1,
        "P33_021": -1,
        "P33_022": -1,
        "P33_023": -1,
        "P33_024": -1,
        "P33_041": 1
      },
      "geometry": {
        "type": "Point",
        "coordinates": [
          135.15432387142954,
          35.413327172849925
        ]
      }
    },
    {
      "type": "Feature",
      "properties": {
        "P33_001": 48,
        "P33_002": "26201",
        "P33_003": "26",
        "P33_004": 2,
        "P33_005": "市立成和地域公民館",
        "P33_006": "620-0955",
        "P33_007": "福知山市拝師446",
        "P33_008": "0773-23-6654",
        "P33_009": 19860000,
        "P33_010": "‐",
        "P33_011": "‐",
        "P33_012": -1,
        "P33_013": -1,
        "P33_014": 2,
        "P33_015": "‐",
        "P33_016": "‐",
        "P33_017": "‐",
        "P33_018": -1,
        "P33_019": 830,
        "P33_020": -1,
        "P33_021": -1,
        "P33_022": -1,
        "P33_023": -1,
        "P33_024": -1,
        "P33_041": 1
      },
      "geometry": {
        "type": "Point",
        "coordinates": [
          135.08490472157476,
          35.28988194507668
        ]
      }
    },
    {
      "type": "Feature",
      "properties": {
        "P33_001": 49,
        "P33_002": "26201",
        "P33_003": "26",
        "P33_004": 2,
        "P33_005": "市立中央公民館",
        "P33_006": "620-0035",
        "P33_007": "福知山市駅前町400（市民交流プラザふくちやま3階）",
        "P33_008": "0773-22-9551",
        "P33_009": 19720000,
        "P33_010": "‐",
        "P33_011": "‐",
        "P33_012": -1,
        "P33_013": -1,
        "P33_014": 1,
        "P33_015": "‐",
        "P33_016": "‐",
        "P33_017": "‐",
        "P33_018": -1,
        "P33_019": -1,
        "P33_020": -1,
        "P33_021": -1,
        "P33_022": -1,
        "P33_023": -1,
        "P33_024": -1,
        "P33_041": 2
      },
      "geometry": {
        "type": "Point",
        "coordinates": [
          135.11976086892443,
          35.29620456450392
        ]
      }
    },
    {
      "type": "Feature",
      "properties": {
        "P33_001": 50,
        "P33_002": "26201",
        "P33_003": "26",
        "P33_004": 2,
        "P33_005": "市立中夜久野地域公民館（トレーニングセンター）",
        "P33_006": "629-1313",
        "P33_007": "福知山市夜久野町高内10",
        "P33_008": "0773-37-1188",
        "P33_009": 19970000,
        "P33_010": "‐",
        "P33_011": "‐",
        "P33_012": -1,
        "P33_013": -1,
        "P33_014": 2,
        "P33_015": "‐",
        "P33_016": "‐",
        "P33_017": "‐",
        "P33_018": -1,
        "P33_019": -1,
        "P33_020": -1,
        "P33_021": -1,
        "P33_022": -1,
        "P33_023": -1,
        "P33_024": -1,
        "P33_041": 1
      },
      "geometry": {
        "type": "Point",
        "coordinates": [
          134.9563049995221,
          35.328255000065205
        ]
      }
    },
    {
      "type": "Feature",
      "properties": {
        "P33_001": 51,
        "P33_002": "26201",
        "P33_003": "26",
        "P33_004": 2,
        "P33_005": "市立日新地域公民館",
        "P33_006": "620-0804",
        "P33_007": "福知山市石原4-1",
        "P33_008": "0773-27-6134",
        "P33_009": 19780000,
        "P33_010": "‐",
        "P33_011": "‐",
        "P33_012": -1,
        "P33_013": -1,
        "P33_014": 2,
        "P33_015": "‐",
        "P33_016": "‐",
        "P33_017": "‐",
        "P33_018": -1,
        "P33_019": 641,
        "P33_020": -1,
        "P33_021": -1,
        "P33_022": -1,
        "P33_023": -1,
        "P33_024": -1,
        "P33_041": 1
      },
      "geometry": {
        "type": "Point",
        "coordinates": [
          135.17395700090034,
          35.29740700028589
        ]
      }
    },
    {
      "type": "Feature",
      "properties": {
        "P33_001": 52,
        "P33_002": "26201",
        "P33_003": "26",
        "P33_004": 2,
        "P33_005": "市立北陵地域公民館",
        "P33_006": "620-0000",
        "P33_007": "福知山市字下野条135",
        "P33_008": "0773-36-0543",
        "P33_009": 19800000,
        "P33_010": "‐",
        "P33_011": "‐",
        "P33_012": -1,
        "P33_013": -1,
        "P33_014": 2,
        "P33_015": "‐",
        "P33_016": "‐",
        "P33_017": "‐",
        "P33_018": -1,
        "P33_019": 463,
        "P33_020": -1,
        "P33_021": -1,
        "P33_022": -1,
        "P33_023": -1,
        "P33_024": -1,
        "P33_041": 1
      },
      "geometry": {
        "type": "Point",
        "coordinates": [
          135.08841458234542,
          35.41962754209474
        ]
      }
    },
    {
      "type": "Feature",
      "properties": {
        "P33_001": 53,
        "P33_002": "26201",
        "P33_003": "26",
        "P33_004": 2,
        "P33_005": "市立細見地域公民館（三和会館）",
        "P33_006": "620-1442",
        "P33_007": "福知山市三和町千束383",
        "P33_008": "0773-58-3334",
        "P33_009": 19950000,
        "P33_010": "‐",
        "P33_011": "‐",
        "P33_012": -1,
        "P33_013": -1,
        "P33_014": 2,
        "P33_015": "‐",
        "P33_016": "‐",
        "P33_017": "‐",
        "P33_018": -1,
        "P33_019": 555,
        "P33_020": -1,
        "P33_021": -1,
        "P33_022": -1,
        "P33_023": -1,
        "P33_024": -1,
        "P33_041": 1
      },
      "geometry": {
        "type": "Point",
        "coordinates": [
          135.23557200086995,
          35.21626000034076
        ]
      }
    },
    {
      "type": "Feature",
      "properties": {
        "P33_001": 54,
        "P33_002": "26201",
        "P33_003": "26",
        "P33_004": 2,
        "P33_005": "市立六人部地域公民館",
        "P33_006": "620-0844",
        "P33_007": "福知山市多保市162-2",
        "P33_008": "0773-27-2006",
        "P33_009": 19850000,
        "P33_010": "‐",
        "P33_011": "‐",
        "P33_012": -1,
        "P33_013": -1,
        "P33_014": 2,
        "P33_015": "‐",
        "P33_016": "‐",
        "P33_017": "‐",
        "P33_018": -1,
        "P33_019": 789,
        "P33_020": -1,
        "P33_021": -1,
        "P33_022": -1,
        "P33_023": -1,
        "P33_024": -1,
        "P33_041": 1
      },
      "geometry": {
        "type": "Point",
        "coordinates": [
          135.18358516562105,
          35.271135679185946
        ]
      }
    },
    {
      "type": "Feature",
      "properties": {
        "P33_001": 55,
        "P33_002": "26201",
        "P33_003": "26",
        "P33_004": 2,
        "P33_005": "市立物成地域公民館",
        "P33_006": "620-0321",
        "P33_007": "福知山市大江町仏性寺611",
        "P33_008": "0773-56-0025",
        "P33_009": 19510000,
        "P33_010": "‐",
        "P33_011": "‐",
        "P33_012": -1,
        "P33_013": -1,
        "P33_014": 2,
        "P33_015": "‐",
        "P33_016": "‐",
        "P33_017": "‐",
        "P33_018": -1,
        "P33_019": 895,
        "P33_020": -1,
        "P33_021": -1,
        "P33_022": -1,
        "P33_023": -1,
        "P33_024": -1,
        "P33_041": 3
      },
      "geometry": {
        "type": "Point",
        "coordinates": [
          135.14762900087345,
          35.38881700024337
        ]
      }
    },
    {
      "type": "Feature",
      "properties": {
        "P33_001": 56,
        "P33_002": "26201",
        "P33_003": "26",
        "P33_004": 2,
        "P33_005": "市立夜久野地域公民館",
        "P33_006": "629-1304",
        "P33_007": "福知山市夜久野町額田19-2",
        "P33_008": "0773-37-1188",
        "P33_009": 19970000,
        "P33_010": "‐",
        "P33_011": "‐",
        "P33_012": -1,
        "P33_013": -1,
        "P33_014": 2,
        "P33_015": "‐",
        "P33_016": "‐",
        "P33_017": "‐",
        "P33_018": -1,
        "P33_019": 20,
        "P33_020": -1,
        "P33_021": -1,
        "P33_022": -1,
        "P33_023": -1,
        "P33_024": -1,
        "P33_041": 1
      },
      "geometry": {
        "type": "Point",
        "coordinates": [
          135.0025570003297,
          35.318435000267286
        ]
      }
    },
    {
      "type": "Feature",
      "properties": {
        "P33_001": 57,
        "P33_002": "26201",
        "P33_003": "26",
        "P33_004": 2,
        "P33_005": "市立菟原地域公民館（集落センター）",
        "P33_006": "620-1422",
        "P33_007": "福知山市三和町菟原中270",
        "P33_008": "0773-58-2120",
        "P33_009": 19780000,
        "P33_010": "‐",
        "P33_011": "‐",
        "P33_012": -1,
        "P33_013": -1,
        "P33_014": 2,
        "P33_015": "‐",
        "P33_016": "‐",
        "P33_017": "‐",
        "P33_018": -1,
        "P33_019": 441,
        "P33_020": -1,
        "P33_021": -1,
        "P33_022": -1,
        "P33_023": -1,
        "P33_024": -1,
        "P33_041": 1
      },
      "geometry": {
        "type": "Point",
        "coordinates": [
          135.2618269999887,
          35.19972600000459
        ]
      }
    },
    {
      "type": "Feature",
      "properties": {
        "P33_001": 68,
        "P33_002": "26202",
        "P33_003": "26",
        "P33_004": 2,
        "P33_005": "加佐公民館",
        "P33_006": "624-0102",
        "P33_007": "舞鶴市志高1005",
        "P33_008": "0773-83-0014",
        "P33_009": 19590000,
        "P33_010": "‐",
        "P33_011": "‐",
        "P33_012": -1,
        "P33_013": -1,
        "P33_014": 2,
        "P33_015": "‐",
        "P33_016": "‐",
        "P33_017": "‐",
        "P33_018": -1,
        "P33_019": 737,
        "P33_020": -1,
        "P33_021": -1,
        "P33_022": -1,
        "P33_023": -1,
        "P33_024": -1,
        "P33_041": 1
      },
      "geometry": {
        "type": "Point",
        "coordinates": [
          135.2476678629748,
          35.42919485966894
        ]
      }
    },
    {
      "type": "Feature",
      "properties": {
        "P33_001": 61,
        "P33_002": "26202",
        "P33_003": "26",
        "P33_004": 2,
        "P33_005": "中央公民館",
        "P33_006": "625-0087",
        "P33_007": "舞鶴市余部下1167",
        "P33_008": "0773-62-0400",
        "P33_009": 19500000,
        "P33_010": "‐",
        "P33_011": "‐",
        "P33_012": -1,
        "P33_013": -1,
        "P33_014": 1,
        "P33_015": "‐",
        "P33_016": "‐",
        "P33_017": "‐",
        "P33_018": -1,
        "P33_019": 2412,
        "P33_020": -1,
        "P33_021": -1,
        "P33_022": -1,
        "P33_023": -1,
        "P33_024": -1,
        "P33_041": 1
      },
      "geometry": {
        "type": "Point",
        "coordinates": [
          135.36780083314076,
          35.47591111028089
        ]
      }
    },
    {
      "type": "Feature",
      "properties": {
        "P33_001": 62,
        "P33_002": "26202",
        "P33_003": "26",
        "P33_004": 2,
        "P33_005": "西公民館",
        "P33_006": "624-0845",
        "P33_007": "舞鶴市北田辺51",
        "P33_008": "0773-75-6501",
        "P33_009": 19500000,
        "P33_010": "‐",
        "P33_011": "‐",
        "P33_012": -1,
        "P33_013": -1,
        "P33_014": 2,
        "P33_015": "‐",
        "P33_016": "‐",
        "P33_017": "‐",
        "P33_018": -1,
        "P33_019": 303,
        "P33_020": -1,
        "P33_021": -1,
        "P33_022": -1,
        "P33_023": -1,
        "P33_024": -1,
        "P33_041": 1
      },
      "geometry": {
        "type": "Point",
        "coordinates": [
          135.32941555553649,
          35.4484188883975
        ]
      }
    },
    {
      "type": "Feature",
      "properties": {
        "P33_001": 63,
        "P33_002": "26202",
        "P33_003": "26",
        "P33_004": 2,
        "P33_005": "東公民館",
        "P33_006": "625-0036",
        "P33_007": "舞鶴市浜1546-3",
        "P33_008": "0773-62-1237",
        "P33_009": 19500000,
        "P33_010": "‐",
        "P33_011": "‐",
        "P33_012": -1,
        "P33_013": -1,
        "P33_014": 2,
        "P33_015": "‐",
        "P33_016": "‐",
        "P33_017": "‐",
        "P33_018": -1,
        "P33_019": 1072,
        "P33_020": -1,
        "P33_021": -1,
        "P33_022": -1,
        "P33_023": -1,
        "P33_024": -1,
        "P33_041": 1
      },
      "geometry": {
        "type": "Point",
        "coordinates": [
          135.39102599954714,
          35.47587999982609
        ]
      }
    },
    {
      "type": "Feature",
      "properties": {
        "P33_001": 64,
        "P33_002": "26202",
        "P33_003": "26",
        "P33_004": 2,
        "P33_005": "南公民館",
        "P33_006": "625-0062",
        "P33_007": "舞鶴市森1005-3",
        "P33_008": "0773-62-0288",
        "P33_009": 19520000,
        "P33_010": "‐",
        "P33_011": "‐",
        "P33_012": -1,
        "P33_013": -1,
        "P33_014": 2,
        "P33_015": "‐",
        "P33_016": "‐",
        "P33_017": "‐",
        "P33_018": -1,
        "P33_019": 995,
        "P33_020": -1,
        "P33_021": -1,
        "P33_022": -1,
        "P33_023": -1,
        "P33_024": -1,
        "P33_041": 1
      },
      "geometry": {
        "type": "Point",
        "coordinates": [
          135.39503555567302,
          35.46035527762214
        ]
      }
    },
    {
      "type": "Feature",
      "properties": {
        "P33_001": 70,
        "P33_002": "26203",
        "P33_003": "26",
        "P33_004": 2,
        "P33_005": "奧上林公民館",
        "P33_006": "623-1132",
        "P33_007": "綾部市故屋岡町三反田15",
        "P33_008": "0773-55-0001",
        "P33_009": 19500000,
        "P33_010": "‐",
        "P33_011": "‐",
        "P33_012": -1,
        "P33_013": -1,
        "P33_014": 2,
        "P33_015": "‐",
        "P33_016": "‐",
        "P33_017": "‐",
        "P33_018": -1,
        "P33_019": 481,
        "P33_020": -1,
        "P33_021": -1,
        "P33_022": -1,
        "P33_023": -1,
        "P33_024": -1,
        "P33_041": 1
      },
      "geometry": {
        "type": "Point",
        "coordinates": [
          135.45898195429191,
          35.38524358011397
        ]
      }
    },
    {
      "type": "Feature",
      "properties": {
        "P33_001": 77,
        "P33_002": "26204",
        "P33_003": "26",
        "P33_004": 2,
        "P33_005": "宇治公民館",
        "P33_006": "611-0021",
        "P33_007": "宇治市宇治里尻71-9",
        "P33_008": "0774-39-9272",
        "P33_009": 19650000,
        "P33_010": "‐",
        "P33_011": "‐",
        "P33_012": -1,
        "P33_013": -1,
        "P33_014": 2,
        "P33_015": "‐",
        "P33_016": "‐",
        "P33_017": "‐",
        "P33_018": -1,
        "P33_019": 1566,
        "P33_020": -1,
        "P33_021": -1,
        "P33_022": -1,
        "P33_023": -1,
        "P33_024": -1,
        "P33_041": 1
      },
      "geometry": {
        "type": "Point",
        "coordinates": [
          135.80440229744394,
          34.89312888690843
        ]
      }
    },
    {
      "type": "Feature",
      "properties": {
        "P33_001": 71,
        "P33_002": "26204",
        "P33_003": "26",
        "P33_004": 2,
        "P33_005": "広野公民館",
        "P33_006": "611-0031",
        "P33_007": "宇治市広野町寺山17-403",
        "P33_008": "0774-39-9276",
        "P33_009": 19860000,
        "P33_010": "‐",
        "P33_011": "‐",
        "P33_012": -1,
        "P33_013": -1,
        "P33_014": 2,
        "P33_015": "‐",
        "P33_016": "‐",
        "P33_017": "‐",
        "P33_018": -1,
        "P33_019": 610,
        "P33_020": -1,
        "P33_021": -1,
        "P33_022": -1,
        "P33_023": -1,
        "P33_024": -1,
        "P33_041": 1
      },
      "geometry": {
        "type": "Point",
        "coordinates": [
          135.78143813192492,
          34.87261472807632
        ]
      }
    },
    {
      "type": "Feature",
      "properties": {
        "P33_001": 72,
        "P33_002": "26204",
        "P33_003": "26",
        "P33_004": 2,
        "P33_005": "小倉公民館",
        "P33_006": "611-0042",
        "P33_007": "宇治市小倉町寺内91",
        "P33_008": "0774-39-9274",
        "P33_009": 19810000,
        "P33_010": "‐",
        "P33_011": "‐",
        "P33_012": -1,
        "P33_013": -1,
        "P33_014": 2,
        "P33_015": "‐",
        "P33_016": "‐",
        "P33_017": "‐",
        "P33_018": -1,
        "P33_019": 550,
        "P33_020": -1,
        "P33_021": -1,
        "P33_022": -1,
        "P33_023": -1,
        "P33_024": -1,
        "P33_041": 1
      },
      "geometry": {
        "type": "Point",
        "coordinates": [
          135.78509400006783,
          34.89818999966528
        ]
      }
    },
    {
      "type": "Feature",
      "properties": {
        "P33_001": 73,
        "P33_002": "26204",
        "P33_003": "26",
        "P33_004": 2,
        "P33_005": "中央公民館",
        "P33_006": "611-0023",
        "P33_007": "宇治市折居台1-1",
        "P33_008": "0774-39-9258",
        "P33_009": 19840000,
        "P33_010": "‐",
        "P33_011": "‐",
        "P33_012": -1,
        "P33_013": -1,
        "P33_014": 2,
        "P33_015": "‐",
        "P33_016": "‐",
        "P33_017": "‐",
        "P33_018": -1,
        "P33_019": 1246,
        "P33_020": -1,
        "P33_021": -1,
        "P33_022": -1,
        "P33_023": -1,
        "P33_024": -1,
        "P33_041": 1
      },
      "geometry": {
        "type": "Point",
        "coordinates": [
          135.80457508496517,
          34.879024997487676
        ]
      }
    },
    {
      "type": "Feature",
      "properties": {
        "P33_001": 74,
        "P33_002": "26204",
        "P33_003": "26",
        "P33_004": 2,
        "P33_005": "木幡公民館",
        "P33_006": "611-0002",
        "P33_007": "宇治市木幡内畑34-7",
        "P33_008": "0774-39-9193",
        "P33_009": 19810000,
        "P33_010": "‐",
        "P33_011": "‐",
        "P33_012": -1,
        "P33_013": -1,
        "P33_014": 2,
        "P33_015": "‐",
        "P33_016": "‐",
        "P33_017": "‐",
        "P33_018": -1,
        "P33_019": 606,
        "P33_020": -1,
        "P33_021": -1,
        "P33_022": -1,
        "P33_023": -1,
        "P33_024": -1,
        "P33_041": 1
      },
      "geometry": {
        "type": "Point",
        "coordinates": [
          135.79494900042863,
          34.9252190003635
        ]
      }
    },
    {
      "type": "Feature",
      "properties": {
        "P33_001": 89,
        "P33_002": "26205",
        "P33_003": "26",
        "P33_004": 2,
        "P33_005": "吉津地区公民館",
        "P33_006": "629-2251",
        "P33_007": "宮津市字須津1031",
        "P33_008": "0772-46-2041",
        "P33_009": 19550000,
        "P33_010": "‐",
        "P33_011": "‐",
        "P33_012": -1,
        "P33_013": -1,
        "P33_014": 2,
        "P33_015": "‐",
        "P33_016": "‐",
        "P33_017": "‐",
        "P33_018": -1,
        "P33_019": 456,
        "P33_020": -1,
        "P33_021": -1,
        "P33_022": -1,
        "P33_023": -1,
        "P33_024": -1,
        "P33_041": 1
      },
      "geometry": {
        "type": "Point",
        "coordinates": [
          135.15313000016604,
          35.550101000228956
        ]
      }
    },
    {
      "type": "Feature",
      "properties": {
        "P33_001": 78,
        "P33_002": "26205",
        "P33_003": "26",
        "P33_004": 2,
        "P33_005": "中央公民館",
        "P33_006": "626-0041",
        "P33_007": "宮津市字鶴賀2164",
        "P33_008": "0772-20-3390",
        "P33_009": 19550000,
        "P33_010": "‐",
        "P33_011": "‐",
        "P33_012": -1,
        "P33_013": -1,
        "P33_014": 1,
        "P33_015": "‐",
        "P33_016": "‐",
        "P33_017": "‐",
        "P33_018": -1,
        "P33_019": 1543,
        "P33_020": -1,
        "P33_021": -1,
        "P33_022": -1,
        "P33_023": -1,
        "P33_024": -1,
        "P33_041": 1
      },
      "geometry": {
        "type": "Point",
        "coordinates": [
          135.197547000721,
          35.53886300008915
        ]
      }
    },
    {
      "type": "Feature",
      "properties": {
        "P33_001": 79,
        "P33_002": "26205",
        "P33_003": "26",
        "P33_004": 2,
        "P33_005": "中央公民館分館",
        "P33_006": "626-0041",
        "P33_007": "宮津市字鶴賀2164-2",
        "P33_008": "0772-22-4198",
        "P33_009": 19830000,
        "P33_010": "‐",
        "P33_011": "‐",
        "P33_012": -1,
        "P33_013": -1,
        "P33_014": 3,
        "P33_015": "‐",
        "P33_016": "‐",
        "P33_017": "‐",
        "P33_018": -1,
        "P33_019": 432,
        "P33_020": -1,
        "P33_021": -1,
        "P33_022": -1,
        "P33_023": -1,
        "P33_024": -1,
        "P33_041": 1
      },
      "geometry": {
        "type": "Point",
        "coordinates": [
          135.197297999785,
          35.53811599962982
        ]
      }
    },
    {
      "type": "Feature",
      "properties": {
        "P33_001": 80,
        "P33_002": "26205",
        "P33_003": "26",
        "P33_004": 2,
        "P33_005": "栗田地区公民館",
        "P33_006": "626-0074",
        "P33_007": "宮津市字上司1345",
        "P33_008": "0772-25-0001",
        "P33_009": 19550000,
        "P33_010": "‐",
        "P33_011": "‐",
        "P33_012": -1,
        "P33_013": -1,
        "P33_014": 2,
        "P33_015": "‐",
        "P33_016": "‐",
        "P33_017": "‐",
        "P33_018": -1,
        "P33_019": 758,
        "P33_020": -1,
        "P33_021": -1,
        "P33_022": -1,
        "P33_023": -1,
        "P33_024": -1,
        "P33_041": 1
      },
      "geometry": {
        "type": "Point",
        "coordinates": [
          135.23590500035442,
          35.545789999801805
        ]
      }
    },
    {
      "type": "Feature",
      "properties": {
        "P33_001": 81,
        "P33_002": "26205",
        "P33_003": "26",
        "P33_004": 2,
        "P33_005": "上宮津地区公民館",
        "P33_006": "626-0037",
        "P33_007": "宮津市字小田231",
        "P33_008": "0772-22-2415",
        "P33_009": 19550000,
        "P33_010": "‐",
        "P33_011": "‐",
        "P33_012": -1,
        "P33_013": -1,
        "P33_014": 2,
        "P33_015": "‐",
        "P33_016": "‐",
        "P33_017": "‐",
        "P33_018": -1,
        "P33_019": 634,
        "P33_020": -1,
        "P33_021": -1,
        "P33_022": -1,
        "P33_023": -1,
        "P33_024": -1,
        "P33_041": 1
      },
      "geometry": {
        "type": "Point",
        "coordinates": [
          135.18081799949908,
          35.50699299939153
        ]
      }
    },
    {
      "type": "Feature",
      "properties": {
        "P33_001": 82,
        "P33_002": "26205",
        "P33_003": "26",
        "P33_004": 2,
        "P33_005": "世屋地区公民館",
        "P33_006": "626-0224",
        "P33_007": "宮津市字下世屋1563",
        "P33_008": "0772-27-1053",
        "P33_009": 19550000,
        "P33_010": "‐",
        "P33_011": "‐",
        "P33_012": -1,
        "P33_013": -1,
        "P33_014": 2,
        "P33_015": "‐",
        "P33_016": "‐",
        "P33_017": "‐",
        "P33_018": -1,
        "P33_019": 1037,
        "P33_020": -1,
        "P33_021": -1,
        "P33_022": -1,
        "P33_023": -1,
        "P33_024": -1,
        "P33_041": 1
      },
      "geometry": {
        "type": "Point",
        "coordinates": [
          135.2090480001554,
          35.63331700008395
        ]
      }
    },
    {
      "type": "Feature",
      "properties": {
        "P33_001": 83,
        "P33_002": "26205",
        "P33_003": "26",
        "P33_004": 2,
        "P33_005": "日ケ谷地区公民館",
        "P33_006": "626-0206",
        "P33_007": "宮津市字日ケ谷5126",
        "P33_008": "0772-28-0002",
        "P33_009": 19550000,
        "P33_010": "‐",
        "P33_011": "‐",
        "P33_012": -1,
        "P33_013": -1,
        "P33_014": 2,
        "P33_015": "‐",
        "P33_016": "‐",
        "P33_017": "‐",
        "P33_018": -1,
        "P33_019": 270,
        "P33_020": -1,
        "P33_021": -1,
        "P33_022": -1,
        "P33_023": -1,
        "P33_024": -1,
        "P33_041": 1
      },
      "geometry": {
        "type": "Point",
        "coordinates": [
          135.2477049995963,
          35.67193999971639
        ]
      }
    },
    {
      "type": "Feature",
      "properties": {
        "P33_001": 84,
        "P33_002": "26205",
        "P33_003": "26",
        "P33_004": 2,
        "P33_005": "日置地区公民館",
        "P33_006": "626-0225",
        "P33_007": "宮津市字日置1428",
        "P33_008": "0772-27-1001",
        "P33_009": 19550000,
        "P33_010": "‐",
        "P33_011": "‐",
        "P33_012": -1,
        "P33_013": -1,
        "P33_014": 2,
        "P33_015": "‐",
        "P33_016": "‐",
        "P33_017": "‐",
        "P33_018": -1,
        "P33_019": 270,
        "P33_020": -1,
        "P33_021": -1,
        "P33_022": -1,
        "P33_023": -1,
        "P33_024": -1,
        "P33_041": 1
      },
      "geometry": {
        "type": "Point",
        "coordinates": [
          135.22132400043233,
          35.60550000018902
        ]
      }
    },
    {
      "type": "Feature",
      "properties": {
        "P33_001": 85,
        "P33_002": "26205",
        "P33_003": "26",
        "P33_004": 2,
        "P33_005": "府中地区公民館",
        "P33_006": "629-2232",
        "P33_007": "宮津市字中野678",
        "P33_008": "0772-27-0014",
        "P33_009": 19550000,
        "P33_010": "‐",
        "P33_011": "‐",
        "P33_012": -1,
        "P33_013": -1,
        "P33_014": 2,
        "P33_015": "‐",
        "P33_016": "‐",
        "P33_017": "‐",
        "P33_018": -1,
        "P33_019": 560,
        "P33_020": -1,
        "P33_021": -1,
        "P33_022": -1,
        "P33_023": -1,
        "P33_024": -1,
        "P33_041": 1
      },
      "geometry": {
        "type": "Point",
        "coordinates": [
          135.19253201446105,
          35.58189541794672
        ]
      }
    },
    {
      "type": "Feature",
      "properties": {
        "P33_001": 86,
        "P33_002": "26205",
        "P33_003": "26",
        "P33_004": 2,
        "P33_005": "由良地区公民館",
        "P33_006": "626-0071",
        "P33_007": "宮津市字由良1289-1",
        "P33_008": "0772-26-0026",
        "P33_009": 19560000,
        "P33_010": "‐",
        "P33_011": "‐",
        "P33_012": -1,
        "P33_013": -1,
        "P33_014": 2,
        "P33_015": "‐",
        "P33_016": "‐",
        "P33_017": "‐",
        "P33_018": -1,
        "P33_019": 432,
        "P33_020": -1,
        "P33_021": -1,
        "P33_022": -1,
        "P33_023": -1,
        "P33_024": -1,
        "P33_041": 1
      },
      "geometry": {
        "type": "Point",
        "coordinates": [
          135.2817770008493,
          35.518213999727934
        ]
      }
    },
    {
      "type": "Feature",
      "properties": {
        "P33_001": 87,
        "P33_002": "26205",
        "P33_003": "26",
        "P33_004": 2,
        "P33_005": "養老地区公民館",
        "P33_006": "626-0203",
        "P33_007": "宮津市字岩ケ鼻38",
        "P33_008": "0772-28-0001",
        "P33_009": 19550000,
        "P33_010": "‐",
        "P33_011": "‐",
        "P33_012": -1,
        "P33_013": -1,
        "P33_014": 2,
        "P33_015": "‐",
        "P33_016": "‐",
        "P33_017": "‐",
        "P33_018": -1,
        "P33_019": 478,
        "P33_020": -1,
        "P33_021": -1,
        "P33_022": -1,
        "P33_023": -1,
        "P33_024": -1,
        "P33_041": 1
      },
      "geometry": {
        "type": "Point",
        "coordinates": [
          135.26060992778207,
          35.65892360793937
        ]
      }
    },
    {
      "type": "Feature",
      "properties": {
        "P33_001": 96,
        "P33_002": "26206",
        "P33_003": "26",
        "P33_004": 2,
        "P33_005": "吉川公民館",
        "P33_006": "621-0015",
        "P33_007": "亀岡市吉川町吉田沢63",
        "P33_008": "0771-22-0196",
        "P33_009": 19620000,
        "P33_010": "‐",
        "P33_011": "‐",
        "P33_012": -1,
        "P33_013": -1,
        "P33_014": 2,
        "P33_015": "‐",
        "P33_016": "‐",
        "P33_017": "‐",
        "P33_018": -1,
        "P33_019": 373,
        "P33_020": -1,
        "P33_021": -1,
        "P33_022": -1,
        "P33_023": -1,
        "P33_024": -1,
        "P33_041": 1
      },
      "geometry": {
        "type": "Point",
        "coordinates": [
          135.5466780002003,
          35.01629500011974
        ]
      }
    },
    {
      "type": "Feature",
      "properties": {
        "P33_001": 90,
        "P33_002": "26206",
        "P33_003": "26",
        "P33_004": 2,
        "P33_005": "宮川公民館",
        "P33_006": "621-0243",
        "P33_007": "亀岡市宮前町宮川西垣内17-1",
        "P33_008": "0771-26-3110",
        "P33_009": 19610000,
        "P33_010": "‐",
        "P33_011": "‐",
        "P33_012": -1,
        "P33_013": -1,
        "P33_014": 2,
        "P33_015": "‐",
        "P33_016": "‐",
        "P33_017": "‐",
        "P33_018": -1,
        "P33_019": 248,
        "P33_020": -1,
        "P33_021": -1,
        "P33_022": -1,
        "P33_023": -1,
        "P33_024": -1,
        "P33_041": 1
      },
      "geometry": {
        "type": "Point",
        "coordinates": [
          135.4804472226509,
          35.03916055542608
        ]
      }
    },
    {
      "type": "Feature",
      "properties": {
        "P33_001": 91,
        "P33_002": "26206",
        "P33_003": "26",
        "P33_004": 2,
        "P33_005": "篠公民館",
        "P33_006": "621-0826",
        "P33_007": "亀岡市篠町中北裏68-1",
        "P33_008": "0771-22-0047",
        "P33_009": 19690000,
        "P33_010": "‐",
        "P33_011": "‐",
        "P33_012": -1,
        "P33_013": -1,
        "P33_014": 2,
        "P33_015": "‐",
        "P33_016": "‐",
        "P33_017": "‐",
        "P33_018": -1,
        "P33_019": 265,
        "P33_020": -1,
        "P33_021": -1,
        "P33_022": -1,
        "P33_023": -1,
        "P33_024": -1,
        "P33_041": 1
      },
      "geometry": {
        "type": "Point",
        "coordinates": [
          135.60546200061822,
          35.00433200017598
        ]
      }
    },
    {
      "type": "Feature",
      "properties": {
        "P33_001": 92,
        "P33_002": "26206",
        "P33_003": "26",
        "P33_004": 2,
        "P33_005": "曽我部町公民館",
        "P33_006": "621-0022",
        "P33_007": "亀岡市曽我部町南条荒水代4-1",
        "P33_008": "0771-22-0604",
        "P33_009": 19620000,
        "P33_010": "‐",
        "P33_011": "‐",
        "P33_012": -1,
        "P33_013": -1,
        "P33_014": 2,
        "P33_015": "‐",
        "P33_016": "‐",
        "P33_017": "‐",
        "P33_018": -1,
        "P33_019": -1,
        "P33_020": -1,
        "P33_021": -1,
        "P33_022": -1,
        "P33_023": -1,
        "P33_024": -1,
        "P33_041": 1
      },
      "geometry": {
        "type": "Point",
        "coordinates": [
          135.54927647805295,
          34.99858526030232
        ]
      }
    },
    {
      "type": "Feature",
      "properties": {
        "P33_001": 93,
        "P33_002": "26206",
        "P33_003": "26",
        "P33_004": 2,
        "P33_005": "中央公民館",
        "P33_006": "621-0864",
        "P33_007": "亀岡市内丸町45-3",
        "P33_008": "0771-23-1131",
        "P33_009": 19700000,
        "P33_010": "‐",
        "P33_011": "‐",
        "P33_012": -1,
        "P33_013": -1,
        "P33_014": 1,
        "P33_015": "‐",
        "P33_016": "‐",
        "P33_017": "‐",
        "P33_018": -1,
        "P33_019": 714,
        "P33_020": -1,
        "P33_021": -1,
        "P33_022": -1,
        "P33_023": -1,
        "P33_024": -1,
        "P33_041": 1
      },
      "geometry": {
        "type": "Point",
        "coordinates": [
          135.57881500012414,
          35.014600000009196
        ]
      }
    },
    {
      "type": "Feature",
      "properties": {
        "P33_001": 100,
        "P33_002": "26207",
        "P33_003": "26",
        "P33_004": 2,
        "P33_005": "市立北公民館",
        "P33_006": "610-0101",
        "P33_007": "城陽市平川広田67",
        "P33_008": "0774-56-1001",
        "P33_009": 19800000,
        "P33_010": "‐",
        "P33_011": "‐",
        "P33_012": -1,
        "P33_013": -1,
        "P33_014": 1,
        "P33_015": "‐",
        "P33_016": "‐",
        "P33_017": "‐",
        "P33_018": -1,
        "P33_019": 935,
        "P33_020": -1,
        "P33_021": -1,
        "P33_022": -1,
        "P33_023": -1,
        "P33_024": -1,
        "P33_041": 1
      },
      "geometry": {
        "type": "Point",
        "coordinates": [
          135.76300267738773,
          34.86294835445107
        ]
      }
    },
    {
      "type": "Feature",
      "properties": {
        "P33_001": 97,
        "P33_002": "26207",
        "P33_003": "26",
        "P33_004": 2,
        "P33_005": "市立久津川公民館",
        "P33_006": "610-0101",
        "P33_007": "城陽市平川野原88-1",
        "P33_008": "0774-54-1266",
        "P33_009": 19740000,
        "P33_010": "‐",
        "P33_011": "‐",
        "P33_012": -1,
        "P33_013": -1,
        "P33_014": 2,
        "P33_015": "‐",
        "P33_016": "‐",
        "P33_017": "‐",
        "P33_018": -1,
        "P33_019": 104,
        "P33_020": -1,
        "P33_021": -1,
        "P33_022": -1,
        "P33_023": -1,
        "P33_024": -1,
        "P33_041": 1
      },
      "geometry": {
        "type": "Point",
        "coordinates": [
          135.77119986985153,
          34.86670888377709
        ]
      }
    },
    {
      "type": "Feature",
      "properties": {
        "P33_001": 98,
        "P33_002": "26207",
        "P33_003": "26",
        "P33_004": 2,
        "P33_005": "市立富野公民館",
        "P33_006": "610-0111",
        "P33_007": "城陽市富野堀口2-1",
        "P33_008": "0774-55-3030",
        "P33_009": 19620000,
        "P33_010": "‐",
        "P33_011": "‐",
        "P33_012": -1,
        "P33_013": -1,
        "P33_014": 2,
        "P33_015": "‐",
        "P33_016": "‐",
        "P33_017": "‐",
        "P33_018": -1,
        "P33_019": 103,
        "P33_020": -1,
        "P33_021": -1,
        "P33_022": -1,
        "P33_023": -1,
        "P33_024": -1,
        "P33_041": 1
      },
      "geometry": {
        "type": "Point",
        "coordinates": [
          135.78691418789785,
          34.83878883230507
        ]
      }
    },
    {
      "type": "Feature",
      "properties": {
        "P33_001": 107,
        "P33_002": "26208",
        "P33_003": "26",
        "P33_004": 2,
        "P33_005": "鶏冠井公民館",
        "P33_006": "617-0004",
        "P33_007": "向日市鶏冠井町御屋敷26",
        "P33_008": "075-921-0063",
        "P33_009": 19810000,
        "P33_010": "‐",
        "P33_011": "‐",
        "P33_012": -1,
        "P33_013": -1,
        "P33_014": 2,
        "P33_015": "‐",
        "P33_016": "‐",
        "P33_017": "‐",
        "P33_018": -1,
        "P33_019": 414,
        "P33_020": -1,
        "P33_021": -1,
        "P33_022": -1,
        "P33_023": -1,
        "P33_024": -1,
        "P33_041": 1
      },
      "geometry": {
        "type": "Point",
        "coordinates": [
          135.70656900062812,
          34.943991000535384
        ]
      }
    },
    {
      "type": "Feature",
      "properties": {
        "P33_001": 101,
        "P33_002": "26208",
        "P33_003": "26",
        "P33_004": 2,
        "P33_005": "寺戸公民館",
        "P33_006": "617-0002",
        "P33_007": "向日市寺戸町初田18",
        "P33_008": "075-933-0031",
        "P33_009": 19820000,
        "P33_010": "‐",
        "P33_011": "‐",
        "P33_012": -1,
        "P33_013": -1,
        "P33_014": 2,
        "P33_015": "‐",
        "P33_016": "‐",
        "P33_017": "‐",
        "P33_018": -1,
        "P33_019": 470,
        "P33_020": -1,
        "P33_021": -1,
        "P33_022": -1,
        "P33_023": -1,
        "P33_024": -1,
        "P33_041": 1
      },
      "geometry": {
        "type": "Point",
        "coordinates": [
          135.7027589999491,
          34.952559000437184
        ]
      }
    },
    {
      "type": "Feature",
      "properties": {
        "P33_001": 102,
        "P33_002": "26208",
        "P33_003": "26",
        "P33_004": 2,
        "P33_005": "上植野公民館",
        "P33_006": "617-0006",
        "P33_007": "向日市上植野町西小路15",
        "P33_008": "075-921-0012",
        "P33_009": 19810000,
        "P33_010": "‐",
        "P33_011": "‐",
        "P33_012": -1,
        "P33_013": -1,
        "P33_014": 2,
        "P33_015": "‐",
        "P33_016": "‐",
        "P33_017": "‐",
        "P33_018": -1,
        "P33_019": 567,
        "P33_020": -1,
        "P33_021": -1,
        "P33_022": -1,
        "P33_023": -1,
        "P33_024": -1,
        "P33_041": 1
      },
      "geometry": {
        "type": "Point",
        "coordinates": [
          135.70386899934195,
          34.936226000324
        ]
      }
    },
    {
      "type": "Feature",
      "properties": {
        "P33_001": 103,
        "P33_002": "26208",
        "P33_003": "26",
        "P33_004": 2,
        "P33_005": "森本公民館",
        "P33_006": "617-0003",
        "P33_007": "向日市森本町前田6-7",
        "P33_008": "075-931-1183",
        "P33_009": 19830000,
        "P33_010": "‐",
        "P33_011": "‐",
        "P33_012": -1,
        "P33_013": -1,
        "P33_014": 2,
        "P33_015": "‐",
        "P33_016": "‐",
        "P33_017": "‐",
        "P33_018": -1,
        "P33_019": 463,
        "P33_020": -1,
        "P33_021": -1,
        "P33_022": -1,
        "P33_023": -1,
        "P33_024": -1,
        "P33_041": 1
      },
      "geometry": {
        "type": "Point",
        "coordinates": [
          135.70906679178796,
          34.94701683252903
        ]
      }
    },
    {
      "type": "Feature",
      "properties": {
        "P33_001": 104,
        "P33_002": "26208",
        "P33_003": "26",
        "P33_004": 2,
        "P33_005": "中央公民館",
        "P33_006": "617-0002",
        "P33_007": "向日市寺戸町中ノ段17-1",
        "P33_008": "075-932-3166",
        "P33_009": 19720000,
        "P33_010": "‐",
        "P33_011": "‐",
        "P33_012": -1,
        "P33_013": -1,
        "P33_014": 1,
        "P33_015": "‐",
        "P33_016": "‐",
        "P33_017": "‐",
        "P33_018": -1,
        "P33_019": 1361,
        "P33_020": -1,
        "P33_021": -1,
        "P33_022": -1,
        "P33_023": -1,
        "P33_024": -1,
        "P33_041": 1
      },
      "geometry": {
        "type": "Point",
        "coordinates": [
          135.7008927780431,
          34.94660388795052
        ]
      }
    },
    {
      "type": "Feature",
      "properties": {
        "P33_001": 105,
        "P33_002": "26208",
        "P33_003": "26",
        "P33_004": 2,
        "P33_005": "物集女公民館",
        "P33_006": "617-0001",
        "P33_007": "向日市物集女町中条26",
        "P33_008": "075-931-0048",
        "P33_009": 19740000,
        "P33_010": "‐",
        "P33_011": "‐",
        "P33_012": -1,
        "P33_013": -1,
        "P33_014": 2,
        "P33_015": "‐",
        "P33_016": "‐",
        "P33_017": "‐",
        "P33_018": -1,
        "P33_019": 534,
        "P33_020": -1,
        "P33_021": -1,
        "P33_022": -1,
        "P33_023": -1,
        "P33_024": -1,
        "P33_041": 1
      },
      "geometry": {
        "type": "Point",
        "coordinates": [
          135.69458513621757,
          34.96209430534103
        ]
      }
    },
    {
      "type": "Feature",
      "properties": {
        "P33_001": 109,
        "P33_002": "26209",
        "P33_003": "26",
        "P33_004": 2,
        "P33_005": "市立中央公民館",
        "P33_006": "617-0824",
        "P33_007": "長岡京市天神4-1-1",
        "P33_008": "075-951-1278",
        "P33_009": 19610000,
        "P33_010": "‐",
        "P33_011": "‐",
        "P33_012": -1,
        "P33_013": -1,
        "P33_014": 1,
        "P33_015": "‐",
        "P33_016": "‐",
        "P33_017": "‐",
        "P33_018": -1,
        "P33_019": 3471,
        "P33_020": -1,
        "P33_021": -1,
        "P33_022": -1,
        "P33_023": -1,
        "P33_024": -1,
        "P33_041": 1
      },
      "geometry": {
        "type": "Point",
        "coordinates": [
          135.6883950003518,
          34.92703500046977
        ]
      }
    },
    {
      "type": "Feature",
      "properties": {
        "P33_001": 151,
        "P33_002": "26211",
        "P33_003": "26",
        "P33_004": 2,
        "P33_005": "市立一休ケ丘公民館",
        "P33_006": "610-0331",
        "P33_007": "京田辺市田辺狐川122",
        "P33_008": "0774-62-9005",
        "P33_009": -1,
        "P33_010": "‐",
        "P33_011": "‐",
        "P33_012": -1,
        "P33_013": -1,
        "P33_014": 3,
        "P33_015": "‐",
        "P33_016": "‐",
        "P33_017": "‐",
        "P33_018": -1,
        "P33_019": 329,
        "P33_020": -1,
        "P33_021": -1,
        "P33_022": -1,
        "P33_023": -1,
        "P33_024": -1,
        "P33_041": 1
      },
      "geometry": {
        "type": "Point",
        "coordinates": [
          135.7604698986856,
          34.816663262860956
        ]
      }
    },
    {
      "type": "Feature",
      "properties": {
        "P33_001": 112,
        "P33_002": "26211",
        "P33_003": "26",
        "P33_004": 2,
        "P33_005": "市立岡村公民館",
        "P33_006": "610-0343",
        "P33_007": "京田辺市大住北角38-1",
        "P33_008": "0774-62-7556",
        "P33_009": 19660000,
        "P33_010": "‐",
        "P33_011": "‐",
        "P33_012": -1,
        "P33_013": -1,
        "P33_014": 3,
        "P33_015": "‐",
        "P33_016": "‐",
        "P33_017": "‐",
        "P33_018": -1,
        "P33_019": 219,
        "P33_020": -1,
        "P33_021": -1,
        "P33_022": -1,
        "P33_023": -1,
        "P33_024": -1,
        "P33_041": 1
      },
      "geometry": {
        "type": "Point",
        "coordinates": [
          135.7509883336118,
          34.83696138901216
        ]
      }
    },
    {
      "type": "Feature",
      "properties": {
        "P33_001": 113,
        "P33_002": "26211",
        "P33_003": "26",
        "P33_004": 2,
        "P33_005": "市立河原公民館",
        "P33_006": "610-0361",
        "P33_007": "京田辺市河原里ノ内27-1",
        "P33_008": "‐",
        "P33_009": 19690000,
        "P33_010": "‐",
        "P33_011": "‐",
        "P33_012": -1,
        "P33_013": -1,
        "P33_014": 3,
        "P33_015": "‐",
        "P33_016": "‐",
        "P33_017": "‐",
        "P33_018": -1,
        "P33_019": 148,
        "P33_020": -1,
        "P33_021": -1,
        "P33_022": -1,
        "P33_023": -1,
        "P33_024": -1,
        "P33_041": 1
      },
      "geometry": {
        "type": "Point",
        "coordinates": [
          135.7760798408236,
          34.81902933915572
        ]
      }
    },
    {
      "type": "Feature",
      "properties": {
        "P33_001": 114,
        "P33_002": "26211",
        "P33_003": "26",
        "P33_004": 2,
        "P33_005": "市立花住坂公民館",
        "P33_006": "610-0352",
        "P33_007": "京田辺市花住坂1-44",
        "P33_008": "0774-65-2809",
        "P33_009": 19900000,
        "P33_010": "‐",
        "P33_011": "‐",
        "P33_012": -1,
        "P33_013": -1,
        "P33_014": 3,
        "P33_015": "‐",
        "P33_016": "‐",
        "P33_017": "‐",
        "P33_018": -1,
        "P33_019": 417,
        "P33_020": -1,
        "P33_021": -1,
        "P33_022": -1,
        "P33_023": -1,
        "P33_024": -1,
        "P33_041": 1
      },
      "geometry": {
        "type": "Point",
        "coordinates": [
          135.7361244441976,
          34.832028055756545
        ]
      }
    },
    {
      "type": "Feature",
      "properties": {
        "P33_001": 115,
        "P33_002": "26211",
        "P33_003": "26",
        "P33_004": 2,
        "P33_005": "市立宮ノ口公民館",
        "P33_006": "610-0314",
        "P33_007": "京田辺市宮津白山4",
        "P33_008": "‐",
        "P33_009": 19680000,
        "P33_010": "‐",
        "P33_011": "‐",
        "P33_012": -1,
        "P33_013": -1,
        "P33_014": 3,
        "P33_015": "‐",
        "P33_016": "‐",
        "P33_017": "‐",
        "P33_018": -1,
        "P33_019": 51,
        "P33_020": -1,
        "P33_021": -1,
        "P33_022": -1,
        "P33_023": -1,
        "P33_024": -1,
        "P33_041": 1
      },
      "geometry": {
        "type": "Point",
        "coordinates": [
          135.78167699974145,
          34.785909000700826
        ]
      }
    },
    {
      "type": "Feature",
      "properties": {
        "P33_001": 116,
        "P33_002": "26211",
        "P33_003": "26",
        "P33_004": 2,
        "P33_005": "市立興戸公民館",
        "P33_006": "610-0332",
        "P33_007": "京田辺市興戸東垣内81-2・81-5",
        "P33_008": "0774-63-3003",
        "P33_009": -1,
        "P33_010": "‐",
        "P33_011": "‐",
        "P33_012": -1,
        "P33_013": -1,
        "P33_014": 3,
        "P33_015": "‐",
        "P33_016": "‐",
        "P33_017": "‐",
        "P33_018": -1,
        "P33_019": 396,
        "P33_020": -1,
        "P33_021": -1,
        "P33_022": -1,
        "P33_023": -1,
        "P33_024": -1,
        "P33_041": 1
      },
      "geometry": {
        "type": "Point",
        "coordinates": [
          135.77451305543036,
          34.80868611104224
        ]
      }
    },
    {
      "type": "Feature",
      "properties": {
        "P33_001": 117,
        "P33_002": "26211",
        "P33_003": "26",
        "P33_004": 2,
        "P33_005": "市立健康ケ丘公民館",
        "P33_006": "610-0343",
        "P33_007": "京田辺市大住仲ノ谷12-8",
        "P33_008": "0774-62-9717",
        "P33_009": 19890000,
        "P33_010": "‐",
        "P33_011": "‐",
        "P33_012": -1,
        "P33_013": -1,
        "P33_014": 3,
        "P33_015": "‐",
        "P33_016": "‐",
        "P33_017": "‐",
        "P33_018": -1,
        "P33_019": 541,
        "P33_020": -1,
        "P33_021": -1,
        "P33_022": -1,
        "P33_023": -1,
        "P33_024": -1,
        "P33_041": 1
      },
      "geometry": {
        "type": "Point",
        "coordinates": [
          135.74615700027957,
          34.82547999998448
        ]
      }
    },
    {
      "type": "Feature",
      "properties": {
        "P33_001": 118,
        "P33_002": "26211",
        "P33_003": "26",
        "P33_004": 2,
        "P33_005": "市立健康村公民館",
        "P33_006": "610-0343",
        "P33_007": "京田辺市大住関屋15-4",
        "P33_008": "‐",
        "P33_009": -1,
        "P33_010": "‐",
        "P33_011": "‐",
        "P33_012": -1,
        "P33_013": -1,
        "P33_014": 3,
        "P33_015": "‐",
        "P33_016": "‐",
        "P33_017": "‐",
        "P33_018": -1,
        "P33_019": 289,
        "P33_020": -1,
        "P33_021": -1,
        "P33_022": -1,
        "P33_023": -1,
        "P33_024": -1,
        "P33_041": 1
      },
      "geometry": {
        "type": "Point",
        "coordinates": [
          135.7561289998886,
          34.830012999057395
        ]
      }
    },
    {
      "type": "Feature",
      "properties": {
        "P33_001": 119,
        "P33_002": "26211",
        "P33_003": "26",
        "P33_004": 2,
        "P33_005": "市立江津公民館",
        "P33_006": "610-0314",
        "P33_007": "京田辺市宮津佐牙垣内99-1",
        "P33_008": "0774-63-6929",
        "P33_009": -1,
        "P33_010": "‐",
        "P33_011": "‐",
        "P33_012": -1,
        "P33_013": -1,
        "P33_014": 3,
        "P33_015": "‐",
        "P33_016": "‐",
        "P33_017": "‐",
        "P33_018": -1,
        "P33_019": 256,
        "P33_020": -1,
        "P33_021": -1,
        "P33_022": -1,
        "P33_023": -1,
        "P33_024": -1,
        "P33_041": 1
      },
      "geometry": {
        "type": "Point",
        "coordinates": [
          135.78544663240177,
          34.79075375701027
        ]
      }
    },
    {
      "type": "Feature",
      "properties": {
        "P33_001": 120,
        "P33_002": "26211",
        "P33_003": "26",
        "P33_004": 2,
        "P33_005": "市立高船公民館",
        "P33_006": "610-0325",
        "P33_007": "京田辺市高船里57",
        "P33_008": "0774-65-0337",
        "P33_009": 19770000,
        "P33_010": "‐",
        "P33_011": "‐",
        "P33_012": -1,
        "P33_013": -1,
        "P33_014": 3,
        "P33_015": "‐",
        "P33_016": "‐",
        "P33_017": "‐",
        "P33_018": -1,
        "P33_019": 51,
        "P33_020": -1,
        "P33_021": -1,
        "P33_022": -1,
        "P33_023": -1,
        "P33_024": -1,
        "P33_041": 1
      },
      "geometry": {
        "type": "Point",
        "coordinates": [
          135.7325733331079,
          34.76932638899015
        ]
      }
    },
    {
      "type": "Feature",
      "properties": {
        "P33_001": 121,
        "P33_002": "26211",
        "P33_003": "26",
        "P33_004": 2,
        "P33_005": "市立高木公民館",
        "P33_006": "610-0313",
        "P33_007": "京田辺市三山木野神19-1",
        "P33_008": "‐",
        "P33_009": -1,
        "P33_010": "‐",
        "P33_011": "‐",
        "P33_012": -1,
        "P33_013": -1,
        "P33_014": 3,
        "P33_015": "‐",
        "P33_016": "‐",
        "P33_017": "‐",
        "P33_018": -1,
        "P33_019": 185,
        "P33_020": -1,
        "P33_021": -1,
        "P33_022": -1,
        "P33_023": -1,
        "P33_024": -1,
        "P33_041": 1
      },
      "geometry": {
        "type": "Point",
        "coordinates": [
          135.7795056641534,
          34.80174048856927
        ]
      }
    },
    {
      "type": "Feature",
      "properties": {
        "P33_001": 122,
        "P33_002": "26211",
        "P33_003": "26",
        "P33_004": 2,
        "P33_005": "市立三野公民館",
        "P33_006": "610-0343",
        "P33_007": "京田辺市大住三野10-3",
        "P33_008": "0774-65-3005",
        "P33_009": -1,
        "P33_010": "‐",
        "P33_011": "‐",
        "P33_012": -1,
        "P33_013": -1,
        "P33_014": 3,
        "P33_015": "‐",
        "P33_016": "‐",
        "P33_017": "‐",
        "P33_018": -1,
        "P33_019": 94,
        "P33_020": -1,
        "P33_021": -1,
        "P33_022": -1,
        "P33_023": -1,
        "P33_024": -1,
        "P33_041": 1
      },
      "geometry": {
        "type": "Point",
        "coordinates": [
          135.7545562884151,
          34.834658738986995
        ]
      }
    },
    {
      "type": "Feature",
      "properties": {
        "P33_001": 123,
        "P33_002": "26211",
        "P33_003": "26",
        "P33_004": 2,
        "P33_005": "市立山崎公民館",
        "P33_006": "610-0313",
        "P33_007": "京田辺市三山木山崎48-1",
        "P33_008": "‐",
        "P33_009": -1,
        "P33_010": "‐",
        "P33_011": "‐",
        "P33_012": -1,
        "P33_013": -1,
        "P33_014": 3,
        "P33_015": "‐",
        "P33_016": "‐",
        "P33_017": "‐",
        "P33_018": -1,
        "P33_019": 107,
        "P33_020": -1,
        "P33_021": -1,
        "P33_022": -1,
        "P33_023": -1,
        "P33_024": -1,
        "P33_041": 1
      },
      "geometry": {
        "type": "Point",
        "coordinates": [
          135.78202892312373,
          34.796561527900096
        ]
      }
    },
    {
      "type": "Feature",
      "properties": {
        "P33_001": 124,
        "P33_002": "26211",
        "P33_003": "26",
        "P33_004": 2,
        "P33_005": "市立山手東公民館",
        "P33_006": "610-0357",
        "P33_007": "京田辺市山手東1-14-2",
        "P33_008": "0774-65-2616",
        "P33_009": 19950000,
        "P33_010": "‐",
        "P33_011": "‐",
        "P33_012": -1,
        "P33_013": -1,
        "P33_014": 3,
        "P33_015": "‐",
        "P33_016": "‐",
        "P33_017": "‐",
        "P33_018": -1,
        "P33_019": 310,
        "P33_020": -1,
        "P33_021": -1,
        "P33_022": -1,
        "P33_023": -1,
        "P33_024": -1,
        "P33_041": 1
      },
      "geometry": {
        "type": "Point",
        "coordinates": [
          135.72920805625012,
          34.83616499972628
        ]
      }
    },
    {
      "type": "Feature",
      "properties": {
        "P33_001": 125,
        "P33_002": "26211",
        "P33_003": "26",
        "P33_004": 2,
        "P33_005": "市立山手南公民館",
        "P33_006": "610-0354",
        "P33_007": "京田辺市山手南4-11-1",
        "P33_008": "0774-65-5351",
        "P33_009": 19990000,
        "P33_010": "‐",
        "P33_011": "‐",
        "P33_012": -1,
        "P33_013": -1,
        "P33_014": 3,
        "P33_015": "‐",
        "P33_016": "‐",
        "P33_017": "‐",
        "P33_018": -1,
        "P33_019": 370,
        "P33_020": -1,
        "P33_021": -1,
        "P33_022": -1,
        "P33_023": -1,
        "P33_024": -1,
        "P33_041": 1
      },
      "geometry": {
        "type": "Point",
        "coordinates": [
          135.72686725787966,
          34.829033200174244
        ]
      }
    },
    {
      "type": "Feature",
      "properties": {
        "P33_001": 126,
        "P33_002": "26211",
        "P33_003": "26",
        "P33_004": 2,
        "P33_005": "市立山本公民館",
        "P33_006": "610-0313",
        "P33_007": "京田辺市三山木塔ノ島16-1",
        "P33_008": "0774-62-9981",
        "P33_009": -1,
        "P33_010": "‐",
        "P33_011": "‐",
        "P33_012": -1,
        "P33_013": -1,
        "P33_014": 3,
        "P33_015": "‐",
        "P33_016": "‐",
        "P33_017": "‐",
        "P33_018": -1,
        "P33_019": 253,
        "P33_020": -1,
        "P33_021": -1,
        "P33_022": -1,
        "P33_023": -1,
        "P33_024": -1,
        "P33_041": 1
      },
      "geometry": {
        "type": "Point",
        "coordinates": [
          135.78933500001958,
          34.80011899995166
        ]
      }
    },
    {
      "type": "Feature",
      "properties": {
        "P33_001": 127,
        "P33_002": "26211",
        "P33_003": "26",
        "P33_004": 2,
        "P33_005": "市立出垣内公民館",
        "P33_006": "610-0313",
        "P33_007": "京田辺市三山木北垣内15",
        "P33_008": "‐",
        "P33_009": -1,
        "P33_010": "‐",
        "P33_011": "‐",
        "P33_012": -1,
        "P33_013": -1,
        "P33_014": 3,
        "P33_015": "‐",
        "P33_016": "‐",
        "P33_017": "‐",
        "P33_018": -1,
        "P33_019": 101,
        "P33_020": -1,
        "P33_021": -1,
        "P33_022": -1,
        "P33_023": -1,
        "P33_024": -1,
        "P33_041": 1
      },
      "geometry": {
        "type": "Point",
        "coordinates": [
          135.7845566958271,
          34.79530187927822
        ]
      }
    },
    {
      "type": "Feature",
      "properties": {
        "P33_001": 128,
        "P33_002": "26211",
        "P33_003": "26",
        "P33_004": 2,
        "P33_005": "市立松井ケ丘公民館",
        "P33_006": "610-0353",
        "P33_007": "京田辺市松井ケ丘3-10-2",
        "P33_008": "0774-64-0195",
        "P33_009": -1,
        "P33_010": "‐",
        "P33_011": "‐",
        "P33_012": -1,
        "P33_013": -1,
        "P33_014": 3,
        "P33_015": "‐",
        "P33_016": "‐",
        "P33_017": "‐",
        "P33_018": -1,
        "P33_019": 378,
        "P33_020": -1,
        "P33_021": -1,
        "P33_022": -1,
        "P33_023": -1,
        "P33_024": -1,
        "P33_041": 1
      },
      "geometry": {
        "type": "Point",
        "coordinates": [
          135.7309112815018,
          34.83301097166557
        ]
      }
    },
    {
      "type": "Feature",
      "properties": {
        "P33_001": 129,
        "P33_002": "26211",
        "P33_003": "26",
        "P33_004": 2,
        "P33_005": "市立松井公民館",
        "P33_006": "610-0342",
        "P33_007": "京田辺市松井里ケ市63-6",
        "P33_008": "0774-62-0404",
        "P33_009": 19690000,
        "P33_010": "‐",
        "P33_011": "‐",
        "P33_012": -1,
        "P33_013": -1,
        "P33_014": 3,
        "P33_015": "‐",
        "P33_016": "‐",
        "P33_017": "‐",
        "P33_018": -1,
        "P33_019": 312,
        "P33_020": -1,
        "P33_021": -1,
        "P33_022": -1,
        "P33_023": -1,
        "P33_024": -1,
        "P33_041": 1
      },
      "geometry": {
        "type": "Point",
        "coordinates": [
          135.73237677237063,
          34.84572659776937
        ]
      }
    },
    {
      "type": "Feature",
      "properties": {
        "P33_001": 130,
        "P33_002": "26211",
        "P33_003": "26",
        "P33_004": 2,
        "P33_005": "市立新興戸公民館",
        "P33_006": "610-0332",
        "P33_007": "京田辺市興戸北落延2-10",
        "P33_008": "0774-65-1380",
        "P33_009": -1,
        "P33_010": "‐",
        "P33_011": "‐",
        "P33_012": -1,
        "P33_013": -1,
        "P33_014": 3,
        "P33_015": "‐",
        "P33_016": "‐",
        "P33_017": "‐",
        "P33_018": -1,
        "P33_019": 200,
        "P33_020": -1,
        "P33_021": -1,
        "P33_022": -1,
        "P33_023": -1,
        "P33_024": -1,
        "P33_041": 1
      },
      "geometry": {
        "type": "Point",
        "coordinates": [
          135.7795940008638,
          34.808776000583165
        ]
      }
    },
    {
      "type": "Feature",
      "properties": {
        "P33_001": 131,
        "P33_002": "26211",
        "P33_003": "26",
        "P33_004": 2,
        "P33_005": "市立新田辺西住宅公民館",
        "P33_006": "610-0361",
        "P33_007": "京田辺市河原平田23-9",
        "P33_008": "‐",
        "P33_009": 19880000,
        "P33_010": "‐",
        "P33_011": "‐",
        "P33_012": -1,
        "P33_013": -1,
        "P33_014": 3,
        "P33_015": "‐",
        "P33_016": "‐",
        "P33_017": "‐",
        "P33_018": -1,
        "P33_019": 89,
        "P33_020": -1,
        "P33_021": -1,
        "P33_022": -1,
        "P33_023": -1,
        "P33_024": -1,
        "P33_041": 1
      },
      "geometry": {
        "type": "Point",
        "coordinates": [
          135.7727970001538,
          34.82406600032417
        ]
      }
    },
    {
      "type": "Feature",
      "properties": {
        "P33_001": 132,
        "P33_002": "26211",
        "P33_003": "26",
        "P33_004": 2,
        "P33_005": "市立新田辺東住宅公民館",
        "P33_006": "610-0361",
        "P33_007": "京田辺市河原平田13-39",
        "P33_008": "‐",
        "P33_009": 19710000,
        "P33_010": "‐",
        "P33_011": "‐",
        "P33_012": -1,
        "P33_013": -1,
        "P33_014": 3,
        "P33_015": "‐",
        "P33_016": "‐",
        "P33_017": "‐",
        "P33_018": -1,
        "P33_019": 106,
        "P33_020": -1,
        "P33_021": -1,
        "P33_022": -1,
        "P33_023": -1,
        "P33_024": -1,
        "P33_041": 1
      },
      "geometry": {
        "type": "Point",
        "coordinates": [
          135.77353221191768,
          34.82367279622217
        ]
      }
    },
    {
      "type": "Feature",
      "properties": {
        "P33_001": 133,
        "P33_002": "26211",
        "P33_003": "26",
        "P33_004": 2,
        "P33_005": "市立薪公民館",
        "P33_006": "610-0341",
        "P33_007": "京田辺市薪東沢1",
        "P33_008": "0774-62-2414",
        "P33_009": 19660000,
        "P33_010": "‐",
        "P33_011": "‐",
        "P33_012": -1,
        "P33_013": -1,
        "P33_014": 3,
        "P33_015": "‐",
        "P33_016": "‐",
        "P33_017": "‐",
        "P33_018": -1,
        "P33_019": 373,
        "P33_020": -1,
        "P33_021": -1,
        "P33_022": -1,
        "P33_023": -1,
        "P33_024": -1,
        "P33_041": 1
      },
      "geometry": {
        "type": "Point",
        "coordinates": [
          135.76116199996574,
          34.82145800033962
        ]
      }
    },
    {
      "type": "Feature",
      "properties": {
        "P33_001": 134,
        "P33_002": "26211",
        "P33_003": "26",
        "P33_004": 2,
        "P33_005": "市立水取公民館",
        "P33_006": "610-0323",
        "P33_007": "京田辺市水取地蔵講32",
        "P33_008": "‐",
        "P33_009": -1,
        "P33_010": "‐",
        "P33_011": "‐",
        "P33_012": -1,
        "P33_013": -1,
        "P33_014": 3,
        "P33_015": "‐",
        "P33_016": "‐",
        "P33_017": "‐",
        "P33_018": -1,
        "P33_019": 185,
        "P33_020": -1,
        "P33_021": -1,
        "P33_022": -1,
        "P33_023": -1,
        "P33_024": -1,
        "P33_041": 1
      },
      "geometry": {
        "type": "Point",
        "coordinates": [
          135.75365500083538,
          34.78444900042007
        ]
      }
    },
    {
      "type": "Feature",
      "properties": {
        "P33_001": 135,
        "P33_002": "26211",
        "P33_003": "26",
        "P33_004": 2,
        "P33_005": "市立西八公民館",
        "P33_006": "610-0343",
        "P33_007": "京田辺市大住八小路1-1",
        "P33_008": "0774-65-3224",
        "P33_009": -1,
        "P33_010": "‐",
        "P33_011": "‐",
        "P33_012": -1,
        "P33_013": -1,
        "P33_014": 3,
        "P33_015": "‐",
        "P33_016": "‐",
        "P33_017": "‐",
        "P33_018": -1,
        "P33_019": 317,
        "P33_020": -1,
        "P33_021": -1,
        "P33_022": -1,
        "P33_023": -1,
        "P33_024": -1,
        "P33_041": 1
      },
      "geometry": {
        "type": "Point",
        "coordinates": [
          135.74320434328936,
          34.84138306087127
        ]
      }
    },
    {
      "type": "Feature",
      "properties": {
        "P33_001": 136,
        "P33_002": "26211",
        "P33_003": "26",
        "P33_004": 2,
        "P33_005": "市立草内公民館",
        "P33_006": "610-0311",
        "P33_007": "京田辺市草内南垣内25",
        "P33_008": "0774-62-9711",
        "P33_009": -1,
        "P33_010": "‐",
        "P33_011": "‐",
        "P33_012": -1,
        "P33_013": -1,
        "P33_014": 3,
        "P33_015": "‐",
        "P33_016": "‐",
        "P33_017": "‐",
        "P33_018": -1,
        "P33_019": 457,
        "P33_020": -1,
        "P33_021": -1,
        "P33_022": -1,
        "P33_023": -1,
        "P33_024": -1,
        "P33_041": 1
      },
      "geometry": {
        "type": "Point",
        "coordinates": [
          135.78590037924417,
          34.81243881944822
        ]
      }
    },
    {
      "type": "Feature",
      "properties": {
        "P33_001": 137,
        "P33_002": "26211",
        "P33_003": "26",
        "P33_004": 2,
        "P33_005": "市立多々羅公民館",
        "P33_006": "610-0321",
        "P33_007": "京田辺市多々羅西平川原9",
        "P33_008": "0774-65-2510",
        "P33_009": 19800000,
        "P33_010": "‐",
        "P33_011": "‐",
        "P33_012": -1,
        "P33_013": -1,
        "P33_014": 3,
        "P33_015": "‐",
        "P33_016": "‐",
        "P33_017": "‐",
        "P33_018": -1,
        "P33_019": 90,
        "P33_020": -1,
        "P33_021": -1,
        "P33_022": -1,
        "P33_023": -1,
        "P33_024": -1,
        "P33_041": 1
      },
      "geometry": {
        "type": "Point",
        "coordinates": [
          135.77164087112095,
          34.79744777579379
        ]
      }
    },
    {
      "type": "Feature",
      "properties": {
        "P33_001": 138,
        "P33_002": "26211",
        "P33_003": "26",
        "P33_004": 2,
        "P33_005": "市立打田公民館",
        "P33_006": "610-0324",
        "P33_007": "京田辺市打田宮本4-1",
        "P33_008": "0774-62-2111",
        "P33_009": -1,
        "P33_010": "‐",
        "P33_011": "‐",
        "P33_012": -1,
        "P33_013": -1,
        "P33_014": 3,
        "P33_015": "‐",
        "P33_016": "‐",
        "P33_017": "‐",
        "P33_018": -1,
        "P33_019": 299,
        "P33_020": -1,
        "P33_021": -1,
        "P33_022": -1,
        "P33_023": -1,
        "P33_024": -1,
        "P33_041": 1
      },
      "geometry": {
        "type": "Point",
        "coordinates": [
          135.73867700020642,
          34.755827999633226
        ]
      }
    },
    {
      "type": "Feature",
      "properties": {
        "P33_001": 139,
        "P33_002": "26211",
        "P33_003": "26",
        "P33_004": 2,
        "P33_005": "市立大住ケ丘第１公民館",
        "P33_006": "610-0351",
        "P33_007": "京田辺市大住ケ丘3-3-16",
        "P33_008": "0774-62-9135",
        "P33_009": 19780000,
        "P33_010": "‐",
        "P33_011": "‐",
        "P33_012": -1,
        "P33_013": -1,
        "P33_014": 3,
        "P33_015": "‐",
        "P33_016": "‐",
        "P33_017": "‐",
        "P33_018": -1,
        "P33_019": 154,
        "P33_020": -1,
        "P33_021": -1,
        "P33_022": -1,
        "P33_023": -1,
        "P33_024": -1,
        "P33_041": 1
      },
      "geometry": {
        "type": "Point",
        "coordinates": [
          135.74141055557465,
          34.83135916654285
        ]
      }
    },
    {
      "type": "Feature",
      "properties": {
        "P33_001": 140,
        "P33_002": "26211",
        "P33_003": "26",
        "P33_004": 2,
        "P33_005": "市立大住ケ丘第２公民館",
        "P33_006": "610-0351",
        "P33_007": "京田辺市大住ケ丘4-23-1",
        "P33_008": "0774-62-9145",
        "P33_009": 19800000,
        "P33_010": "‐",
        "P33_011": "‐",
        "P33_012": -1,
        "P33_013": -1,
        "P33_014": 3,
        "P33_015": "‐",
        "P33_016": "‐",
        "P33_017": "‐",
        "P33_018": -1,
        "P33_019": 154,
        "P33_020": -1,
        "P33_021": -1,
        "P33_022": -1,
        "P33_023": -1,
        "P33_024": -1,
        "P33_041": 1
      },
      "geometry": {
        "type": "Point",
        "coordinates": [
          135.74301482650915,
          34.82731791722675
        ]
      }
    },
    {
      "type": "Feature",
      "properties": {
        "P33_001": 141,
        "P33_002": "26211",
        "P33_003": "26",
        "P33_004": 2,
        "P33_005": "市立中央公民館",
        "P33_006": "610-0331",
        "P33_007": "京田辺市田辺丸山214",
        "P33_008": "0774-62-2552",
        "P33_009": 19740000,
        "P33_010": "‐",
        "P33_011": "‐",
        "P33_012": -1,
        "P33_013": -1,
        "P33_014": 1,
        "P33_015": "‐",
        "P33_016": "‐",
        "P33_017": "‐",
        "P33_018": -1,
        "P33_019": 2160,
        "P33_020": -1,
        "P33_021": -1,
        "P33_022": -1,
        "P33_023": -1,
        "P33_024": -1,
        "P33_041": 1
      },
      "geometry": {
        "type": "Point",
        "coordinates": [
          135.76875856480422,
          34.8133504293947
        ]
      }
    },
    {
      "type": "Feature",
      "properties": {
        "P33_001": 142,
        "P33_002": "26211",
        "P33_003": "26",
        "P33_004": 2,
        "P33_005": "市立天王公民館",
        "P33_006": "610-0326",
        "P33_007": "京田辺市天王下垣内48",
        "P33_008": "0774-65-0546",
        "P33_009": -1,
        "P33_010": "‐",
        "P33_011": "‐",
        "P33_012": -1,
        "P33_013": -1,
        "P33_014": 3,
        "P33_015": "‐",
        "P33_016": "‐",
        "P33_017": "‐",
        "P33_018": -1,
        "P33_019": 341,
        "P33_020": -1,
        "P33_021": -1,
        "P33_022": -1,
        "P33_023": -1,
        "P33_024": -1,
        "P33_041": 1
      },
      "geometry": {
        "type": "Point",
        "coordinates": [
          135.73756700081356,
          34.77969500080959
        ]
      }
    },
    {
      "type": "Feature",
      "properties": {
        "P33_001": 143,
        "P33_002": "26211",
        "P33_003": "26",
        "P33_004": 2,
        "P33_005": "市立田辺公民館",
        "P33_006": "610-0331",
        "P33_007": "京田辺市田辺沓脱14",
        "P33_008": "0774-63-5288",
        "P33_009": -1,
        "P33_010": "‐",
        "P33_011": "‐",
        "P33_012": -1,
        "P33_013": -1,
        "P33_014": 3,
        "P33_015": "‐",
        "P33_016": "‐",
        "P33_017": "‐",
        "P33_018": -1,
        "P33_019": 502,
        "P33_020": -1,
        "P33_021": -1,
        "P33_022": -1,
        "P33_023": -1,
        "P33_024": -1,
        "P33_041": 1
      },
      "geometry": {
        "type": "Point",
        "coordinates": [
          135.76746400018067,
          34.818845000534196
        ]
      }
    },
    {
      "type": "Feature",
      "properties": {
        "P33_001": 144,
        "P33_002": "26211",
        "P33_003": "26",
        "P33_004": 2,
        "P33_005": "市立東田辺公民館",
        "P33_006": "610-0362",
        "P33_007": "京田辺市東古森21-2",
        "P33_008": "0774-62-4288",
        "P33_009": 19660000,
        "P33_010": "‐",
        "P33_011": "‐",
        "P33_012": -1,
        "P33_013": -1,
        "P33_014": 3,
        "P33_015": "‐",
        "P33_016": "‐",
        "P33_017": "‐",
        "P33_018": -1,
        "P33_019": 592,
        "P33_020": -1,
        "P33_021": -1,
        "P33_022": -1,
        "P33_023": -1,
        "P33_024": -1,
        "P33_041": 1
      },
      "geometry": {
        "type": "Point",
        "coordinates": [
          135.78276777743238,
          34.818495555433636
        ]
      }
    },
    {
      "type": "Feature",
      "properties": {
        "P33_001": 145,
        "P33_002": "26211",
        "P33_003": "26",
        "P33_004": 2,
        "P33_005": "市立東林公民館",
        "P33_006": "610-0343",
        "P33_007": "京田辺市大住東村16-1",
        "P33_008": "0774-62-7377",
        "P33_009": 19720000,
        "P33_010": "‐",
        "P33_011": "‐",
        "P33_012": -1,
        "P33_013": -1,
        "P33_014": 3,
        "P33_015": "‐",
        "P33_016": "‐",
        "P33_017": "‐",
        "P33_018": -1,
        "P33_019": 97,
        "P33_020": -1,
        "P33_021": -1,
        "P33_022": -1,
        "P33_023": -1,
        "P33_024": -1,
        "P33_041": 1
      },
      "geometry": {
        "type": "Point",
        "coordinates": [
          135.7456300002845,
          34.83969799956736
        ]
      }
    },
    {
      "type": "Feature",
      "properties": {
        "P33_001": 146,
        "P33_002": "26211",
        "P33_003": "26",
        "P33_004": 2,
        "P33_005": "市立同志社住宅地公民館",
        "P33_006": "610-0313",
        "P33_007": "京田辺市三山木七瀬川3-53",
        "P33_008": "‐",
        "P33_009": 19770000,
        "P33_010": "‐",
        "P33_011": "‐",
        "P33_012": -1,
        "P33_013": -1,
        "P33_014": 3,
        "P33_015": "‐",
        "P33_016": "‐",
        "P33_017": "‐",
        "P33_018": -1,
        "P33_019": 84,
        "P33_020": -1,
        "P33_021": -1,
        "P33_022": -1,
        "P33_023": -1,
        "P33_024": -1,
        "P33_041": 1
      },
      "geometry": {
        "type": "Point",
        "coordinates": [
          135.77710361147044,
          34.8022780554101
        ]
      }
    },
    {
      "type": "Feature",
      "properties": {
        "P33_001": 147,
        "P33_002": "26211",
        "P33_003": "26",
        "P33_004": 2,
        "P33_005": "市立南山西公民館",
        "P33_006": "610-0313",
        "P33_007": "京田辺市三山木南山8-1",
        "P33_008": "‐",
        "P33_009": -1,
        "P33_010": "‐",
        "P33_011": "‐",
        "P33_012": -1,
        "P33_013": -1,
        "P33_014": 3,
        "P33_015": "‐",
        "P33_016": "‐",
        "P33_017": "‐",
        "P33_018": -1,
        "P33_019": 116,
        "P33_020": -1,
        "P33_021": -1,
        "P33_022": -1,
        "P33_023": -1,
        "P33_024": -1,
        "P33_041": 1
      },
      "geometry": {
        "type": "Point",
        "coordinates": [
          135.7768841842641,
          34.79625735752311
        ]
      }
    },
    {
      "type": "Feature",
      "properties": {
        "P33_001": 148,
        "P33_002": "26211",
        "P33_003": "26",
        "P33_004": 2,
        "P33_005": "市立二又公民館",
        "P33_006": "610-0313",
        "P33_007": "京田辺市三山木初メ5-2",
        "P33_008": "0774-65-3935",
        "P33_009": -1,
        "P33_010": "‐",
        "P33_011": "‐",
        "P33_012": -1,
        "P33_013": -1,
        "P33_014": 3,
        "P33_015": "‐",
        "P33_016": "‐",
        "P33_017": "‐",
        "P33_018": -1,
        "P33_019": 209,
        "P33_020": -1,
        "P33_021": -1,
        "P33_022": -1,
        "P33_023": -1,
        "P33_024": -1,
        "P33_041": 1
      },
      "geometry": {
        "type": "Point",
        "coordinates": [
          135.78217972203134,
          34.7999558340094
        ]
      }
    },
    {
      "type": "Feature",
      "properties": {
        "P33_001": 149,
        "P33_002": "26211",
        "P33_003": "26",
        "P33_004": 2,
        "P33_005": "市立飯岡公民館",
        "P33_006": "610-0312",
        "P33_007": "京田辺市飯岡東原44",
        "P33_008": "‐",
        "P33_009": -1,
        "P33_010": "‐",
        "P33_011": "‐",
        "P33_012": -1,
        "P33_013": -1,
        "P33_014": 3,
        "P33_015": "‐",
        "P33_016": "‐",
        "P33_017": "‐",
        "P33_018": -1,
        "P33_019": 251,
        "P33_020": -1,
        "P33_021": -1,
        "P33_022": -1,
        "P33_023": -1,
        "P33_024": -1,
        "P33_041": 1
      },
      "geometry": {
        "type": "Point",
        "coordinates": [
          135.79619299946387,
          34.80598799982952
        ]
      }
    },
    {
      "type": "Feature",
      "properties": {
        "P33_001": 150,
        "P33_002": "26211",
        "P33_003": "26",
        "P33_004": 2,
        "P33_005": "市立普賢寺公民館",
        "P33_006": "610-0322",
        "P33_007": "京田辺市普賢寺御所ノ内8-3",
        "P33_008": "0774-65-3412",
        "P33_009": -1,
        "P33_010": "‐",
        "P33_011": "‐",
        "P33_012": -1,
        "P33_013": -1,
        "P33_014": 3,
        "P33_015": "‐",
        "P33_016": "‐",
        "P33_017": "‐",
        "P33_018": -1,
        "P33_019": 231,
        "P33_020": -1,
        "P33_021": -1,
        "P33_022": -1,
        "P33_023": -1,
        "P33_024": -1,
        "P33_041": 1
      },
      "geometry": {
        "type": "Point",
        "coordinates": [
          135.75882850890895,
          34.79225916502696
        ]
      }
    },
    {
      "type": "Feature",
      "properties": {
        "P33_001": 152,
        "P33_002": "26212",
        "P33_003": "26",
        "P33_004": 2,
        "P33_005": "網野地域公民館",
        "P33_006": "629-3101",
        "P33_007": "京丹後市網野町網野418",
        "P33_008": "0772-69-0663",
        "P33_009": 19540000,
        "P33_010": "‐",
        "P33_011": "‐",
        "P33_012": -1,
        "P33_013": -1,
        "P33_014": 4,
        "P33_015": "‐",
        "P33_016": "‐",
        "P33_017": "‐",
        "P33_018": -1,
        "P33_019": 2698,
        "P33_020": -1,
        "P33_021": -1,
        "P33_022": -1,
        "P33_023": -1,
        "P33_024": -1,
        "P33_041": 1
      },
      "geometry": {
        "type": "Point",
        "coordinates": [
          135.02462611104306,
          35.68216583360308
        ]
      }
    },
    {
      "type": "Feature",
      "properties": {
        "P33_001": 153,
        "P33_002": "26212",
        "P33_003": "26",
        "P33_004": 2,
        "P33_005": "網野地区公民館",
        "P33_006": "629-3101",
        "P33_007": "京丹後市網野町網野2824",
        "P33_008": "0772-72-0376",
        "P33_009": 19510000,
        "P33_010": "‐",
        "P33_011": "‐",
        "P33_012": -1,
        "P33_013": -1,
        "P33_014": 2,
        "P33_015": "‐",
        "P33_016": "‐",
        "P33_017": "‐",
        "P33_018": -1,
        "P33_019": 900,
        "P33_020": -1,
        "P33_021": -1,
        "P33_022": -1,
        "P33_023": -1,
        "P33_024": -1,
        "P33_041": 1
      },
      "geometry": {
        "type": "Point",
        "coordinates": [
          135.02972600037606,
          35.68309399997847
        ]
      }
    },
    {
      "type": "Feature",
      "properties": {
        "P33_001": 154,
        "P33_002": "26212",
        "P33_003": "26",
        "P33_004": 2,
        "P33_005": "海部地区公民館",
        "P33_006": "629-3444",
        "P33_007": "京丹後市久美浜町橋瓜673",
        "P33_008": "‐",
        "P33_009": -1,
        "P33_010": "‐",
        "P33_011": "‐",
        "P33_012": -1,
        "P33_013": -1,
        "P33_014": 2,
        "P33_015": "‐",
        "P33_016": "‐",
        "P33_017": "‐",
        "P33_018": -1,
        "P33_019": -1,
        "P33_020": -1,
        "P33_021": -1,
        "P33_022": -1,
        "P33_023": -1,
        "P33_024": -1,
        "P33_041": 3
      },
      "geometry": {
        "type": "Point",
        "coordinates": [
          134.89662699994759,
          35.60681099982741
        ]
      }
    },
    {
      "type": "Feature",
      "properties": {
        "P33_001": 155,
        "P33_002": "26212",
        "P33_003": "26",
        "P33_004": 2,
        "P33_005": "大宮第三地区公民館",
        "P33_006": "629-2522",
        "P33_007": "京丹後市大宮町延利427",
        "P33_008": "0772-64-4185",
        "P33_009": 19800000,
        "P33_010": "‐",
        "P33_011": "‐",
        "P33_012": -1,
        "P33_013": -1,
        "P33_014": 2,
        "P33_015": "‐",
        "P33_016": "‐",
        "P33_017": "‐",
        "P33_018": -1,
        "P33_019": -1,
        "P33_020": -1,
        "P33_021": -1,
        "P33_022": -1,
        "P33_023": -1,
        "P33_024": -1,
        "P33_041": 3
      },
      "geometry": {
        "type": "Point",
        "coordinates": [
          135.14233599999753,
          35.59791200023555
        ]
      }
    },
    {
      "type": "Feature",
      "properties": {
        "P33_001": 156,
        "P33_002": "26212",
        "P33_003": "26",
        "P33_004": 2,
        "P33_005": "大宮第二地区公民館",
        "P33_006": "629-2531",
        "P33_007": "京丹後市大宮町奧大野582-1",
        "P33_008": "0772-64-2017",
        "P33_009": 19800000,
        "P33_010": "‐",
        "P33_011": "‐",
        "P33_012": -1,
        "P33_013": -1,
        "P33_014": 2,
        "P33_015": "‐",
        "P33_016": "‐",
        "P33_017": "‐",
        "P33_018": -1,
        "P33_019": 322,
        "P33_020": -1,
        "P33_021": -1,
        "P33_022": -1,
        "P33_023": -1,
        "P33_024": -1,
        "P33_041": 2
      },
      "geometry": {
        "type": "Point",
        "coordinates": [
          135.08874500049023,
          35.56877700054058
        ]
      }
    },
    {
      "type": "Feature",
      "properties": {
        "P33_001": 157,
        "P33_002": "26212",
        "P33_003": "26",
        "P33_004": 2,
        "P33_005": "大宮地域公民館",
        "P33_006": "629-2501",
        "P33_007": "京丹後市大宮町ロ大野228-1",
        "P33_008": "0772-69-0622",
        "P33_009": -1,
        "P33_010": "‐",
        "P33_011": "‐",
        "P33_012": -1,
        "P33_013": -1,
        "P33_014": 2,
        "P33_015": "‐",
        "P33_016": "‐",
        "P33_017": "‐",
        "P33_018": -1,
        "P33_019": 1657,
        "P33_020": -1,
        "P33_021": -1,
        "P33_022": -1,
        "P33_023": -1,
        "P33_024": -1,
        "P33_041": 1
      },
      "geometry": {
        "type": "Point",
        "coordinates": [
          135.09613684720253,
          35.583882930778074
        ]
      }
    },
    {
      "type": "Feature",
      "properties": {
        "P33_001": 158,
        "P33_002": "26212",
        "P33_003": "26",
        "P33_004": 2,
        "P33_005": "上宇川地区公民館",
        "P33_006": "627-0233",
        "P33_007": "京丹後市丹後町平943",
        "P33_008": "‐",
        "P33_009": -1,
        "P33_010": "‐",
        "P33_011": "‐",
        "P33_012": -1,
        "P33_013": -1,
        "P33_014": -1,
        "P33_015": "‐",
        "P33_016": "‐",
        "P33_017": "‐",
        "P33_018": -1,
        "P33_019": -1,
        "P33_020": -1,
        "P33_021": -1,
        "P33_022": -1,
        "P33_023": -1,
        "P33_024": -1,
        "P33_041": 3
      },
      "geometry": {
        "type": "Point",
        "coordinates": [
          135.16338999971967,
          35.74650399979184
        ]
      }
    },
    {
      "type": "Feature",
      "properties": {
        "P33_001": 159,
        "P33_002": "26212",
        "P33_003": "26",
        "P33_004": 2,
        "P33_005": "川上地区公民館",
        "P33_006": "629-3575",
        "P33_007": "京丹後市久美浜町金谷942-1",
        "P33_008": "0772-85-0850",
        "P33_009": 19470000,
        "P33_010": "‐",
        "P33_011": "‐",
        "P33_012": -1,
        "P33_013": -1,
        "P33_014": 2,
        "P33_015": "‐",
        "P33_016": "‐",
        "P33_017": "‐",
        "P33_018": -1,
        "P33_019": -1,
        "P33_020": -1,
        "P33_021": -1,
        "P33_022": -1,
        "P33_023": -1,
        "P33_024": -1,
        "P33_041": 1
      },
      "geometry": {
        "type": "Point",
        "coordinates": [
          134.93137600003243,
          35.55802800020454
        ]
      }
    },
    {
      "type": "Feature",
      "properties": {
        "P33_001": 161,
        "P33_002": "26212",
        "P33_003": "26",
        "P33_004": 2,
        "P33_005": "北大路地区公民館",
        "P33_006": "629-3101",
        "P33_007": "京丹後市網野町網野2808",
        "P33_008": "0772-72-4251",
        "P33_009": 19910000,
        "P33_010": "‐",
        "P33_011": "‐",
        "P33_012": -1,
        "P33_013": -1,
        "P33_014": 2,
        "P33_015": "‐",
        "P33_016": "‐",
        "P33_017": "‐",
        "P33_018": -1,
        "P33_019": 243,
        "P33_020": -1,
        "P33_021": -1,
        "P33_022": -1,
        "P33_023": -1,
        "P33_024": -1,
        "P33_041": 1
      },
      "geometry": {
        "type": "Point",
        "coordinates": [
          135.0311400000191,
          35.68610200006819
        ]
      }
    },
    {
      "type": "Feature",
      "properties": {
        "P33_001": 162,
        "P33_002": "26212",
        "P33_003": "26",
        "P33_004": 2,
        "P33_005": "木津地区公民館",
        "P33_006": "629-3241",
        "P33_007": "京丹後市網野町木津826",
        "P33_008": "0772-74-0047",
        "P33_009": 19510000,
        "P33_010": "‐",
        "P33_011": "‐",
        "P33_012": -1,
        "P33_013": -1,
        "P33_014": 2,
        "P33_015": "‐",
        "P33_016": "‐",
        "P33_017": "‐",
        "P33_018": -1,
        "P33_019": 575,
        "P33_020": -1,
        "P33_021": -1,
        "P33_022": -1,
        "P33_023": -1,
        "P33_024": -1,
        "P33_041": 1
      },
      "geometry": {
        "type": "Point",
        "coordinates": [
          134.9782370003177,
          35.65254100097271
        ]
      }
    },
    {
      "type": "Feature",
      "properties": {
        "P33_001": 163,
        "P33_002": "26212",
        "P33_003": "26",
        "P33_004": 2,
        "P33_005": "口大野地区公民館",
        "P33_006": "629-2501",
        "P33_007": "京丹後市大宮町口大野625",
        "P33_008": "0772-64-2137",
        "P33_009": 19770000,
        "P33_010": "‐",
        "P33_011": "‐",
        "P33_012": -1,
        "P33_013": -1,
        "P33_014": 2,
        "P33_015": "‐",
        "P33_016": "‐",
        "P33_017": "‐",
        "P33_018": -1,
        "P33_019": 416,
        "P33_020": -1,
        "P33_021": -1,
        "P33_022": -1,
        "P33_023": -1,
        "P33_024": -1,
        "P33_041": 1
      },
      "geometry": {
        "type": "Point",
        "coordinates": [
          135.09099100046703,
          35.58317999968233
        ]
      }
    },
    {
      "type": "Feature",
      "properties": {
        "P33_001": 164,
        "P33_002": "26212",
        "P33_003": "26",
        "P33_004": 2,
        "P33_005": "久美浜一区公民館",
        "P33_006": "629-3401",
        "P33_007": "京丹後市久美浜町3137-3",
        "P33_008": "0772-82-1725",
        "P33_009": 19600000,
        "P33_010": "‐",
        "P33_011": "‐",
        "P33_012": -1,
        "P33_013": -1,
        "P33_014": 2,
        "P33_015": "‐",
        "P33_016": "‐",
        "P33_017": "‐",
        "P33_018": -1,
        "P33_019": -1,
        "P33_020": -1,
        "P33_021": -1,
        "P33_022": -1,
        "P33_023": -1,
        "P33_024": -1,
        "P33_041": 1
      },
      "geometry": {
        "type": "Point",
        "coordinates": [
          134.8965379998451,
          35.608430000392275
        ]
      }
    },
    {
      "type": "Feature",
      "properties": {
        "P33_001": 165,
        "P33_002": "26212",
        "P33_003": "26",
        "P33_004": 2,
        "P33_005": "久美浜地域公民館",
        "P33_006": "629-3404",
        "P33_007": "京丹後市久美浜町852-1",
        "P33_008": "0772-69-0666",
        "P33_009": 20040000,
        "P33_010": "‐",
        "P33_011": "‐",
        "P33_012": -1,
        "P33_013": -1,
        "P33_014": 4,
        "P33_015": "‐",
        "P33_016": "‐",
        "P33_017": "‐",
        "P33_018": -1,
        "P33_019": 329,
        "P33_020": -1,
        "P33_021": -1,
        "P33_022": -1,
        "P33_023": -1,
        "P33_024": -1,
        "P33_041": 1
      },
      "geometry": {
        "type": "Point",
        "coordinates": [
          134.8962362086794,
          35.60516911288925
        ]
      }
    },
    {
      "type": "Feature",
      "properties": {
        "P33_001": 166,
        "P33_002": "26212",
        "P33_003": "26",
        "P33_004": 2,
        "P33_005": "久美浜二区公民館",
        "P33_006": "629-3413",
        "P33_007": "京丹後市久美浜町口馬地672",
        "P33_008": "0772-82-1146",
        "P33_009": 19710000,
        "P33_010": "‐",
        "P33_011": "‐",
        "P33_012": -1,
        "P33_013": -1,
        "P33_014": 2,
        "P33_015": "‐",
        "P33_016": "‐",
        "P33_017": "‐",
        "P33_018": -1,
        "P33_019": 429,
        "P33_020": -1,
        "P33_021": -1,
        "P33_022": -1,
        "P33_023": -1,
        "P33_024": -1,
        "P33_041": 1
      },
      "geometry": {
        "type": "Point",
        "coordinates": [
          134.88936200002212,
          35.59616899916377
        ]
      }
    },
    {
      "type": "Feature",
      "properties": {
        "P33_001": 167,
        "P33_002": "26212",
        "P33_003": "26",
        "P33_004": 2,
        "P33_005": "黒部地区公民館",
        "P33_006": "627-0142",
        "P33_007": "京丹後市弥栄町黒部3044",
        "P33_008": "0772-65-2022",
        "P33_009": 20050000,
        "P33_010": "‐",
        "P33_011": "‐",
        "P33_012": -1,
        "P33_013": -1,
        "P33_014": 2,
        "P33_015": "‐",
        "P33_016": "‐",
        "P33_017": "‐",
        "P33_018": -1,
        "P33_019": -1,
        "P33_020": -1,
        "P33_021": -1,
        "P33_022": -1,
        "P33_023": -1,
        "P33_024": -1,
        "P33_041": 1
      },
      "geometry": {
        "type": "Point",
        "coordinates": [
          135.09884387022154,
          35.679660022162004
        ]
      }
    },
    {
      "type": "Feature",
      "properties": {
        "P33_001": 168,
        "P33_002": "26212",
        "P33_003": "26",
        "P33_004": 2,
        "P33_005": "郷地区公民館",
        "P33_006": "629-3133",
        "P33_007": "京丹後市網野町郷33",
        "P33_008": "0772-72-3027",
        "P33_009": 19510000,
        "P33_010": "‐",
        "P33_011": "‐",
        "P33_012": -1,
        "P33_013": -1,
        "P33_014": 2,
        "P33_015": "‐",
        "P33_016": "‐",
        "P33_017": "‐",
        "P33_018": -1,
        "P33_019": 520,
        "P33_020": -1,
        "P33_021": -1,
        "P33_022": -1,
        "P33_023": -1,
        "P33_024": -1,
        "P33_041": 1
      },
      "geometry": {
        "type": "Point",
        "coordinates": [
          135.0334813528831,
          35.65199386755361
        ]
      }
    },
    {
      "type": "Feature",
      "properties": {
        "P33_001": 169,
        "P33_002": "26212",
        "P33_003": "26",
        "P33_004": 2,
        "P33_005": "河辺地区公民館",
        "P33_006": "629-2502",
        "P33_007": "京丹後市大宮町河辺2342",
        "P33_008": "0772-68-0084",
        "P33_009": 19770000,
        "P33_010": "‐",
        "P33_011": "‐",
        "P33_012": -1,
        "P33_013": -1,
        "P33_014": 2,
        "P33_015": "‐",
        "P33_016": "‐",
        "P33_017": "‐",
        "P33_018": -1,
        "P33_019": 513,
        "P33_020": -1,
        "P33_021": -1,
        "P33_022": -1,
        "P33_023": -1,
        "P33_024": -1,
        "P33_041": 1
      },
      "geometry": {
        "type": "Point",
        "coordinates": [
          135.089810609286,
          35.604165804846296
        ]
      }
    },
    {
      "type": "Feature",
      "properties": {
        "P33_001": 170,
        "P33_002": "26212",
        "P33_003": "26",
        "P33_004": 2,
        "P33_005": "五箇地区公民館",
        "P33_006": "627-0052",
        "P33_007": "京丹後市峰山町五箇17-3",
        "P33_008": "‐",
        "P33_009": 19810000,
        "P33_010": "‐",
        "P33_011": "‐",
        "P33_012": -1,
        "P33_013": -1,
        "P33_014": 2,
        "P33_015": "‐",
        "P33_016": "‐",
        "P33_017": "‐",
        "P33_018": -1,
        "P33_019": -1,
        "P33_020": -1,
        "P33_021": -1,
        "P33_022": -1,
        "P33_023": -1,
        "P33_024": -1,
        "P33_041": 1
      },
      "geometry": {
        "type": "Point",
        "coordinates": [
          135.03692800027892,
          35.58766600002661
        ]
      }
    },
    {
      "type": "Feature",
      "properties": {
        "P33_001": 171,
        "P33_002": "26212",
        "P33_003": "26",
        "P33_004": 2,
        "P33_005": "小浜地区公民館",
        "P33_006": "629-3113",
        "P33_007": "京丹後市網野町小浜435-1",
        "P33_008": "0772-72-2637",
        "P33_009": 19840000,
        "P33_010": "‐",
        "P33_011": "‐",
        "P33_012": -1,
        "P33_013": -1,
        "P33_014": 2,
        "P33_015": "‐",
        "P33_016": "‐",
        "P33_017": "‐",
        "P33_018": -1,
        "P33_019": 124,
        "P33_020": -1,
        "P33_021": -1,
        "P33_022": -1,
        "P33_023": -1,
        "P33_024": -1,
        "P33_041": 1
      },
      "geometry": {
        "type": "Point",
        "coordinates": [
          135.03675600060524,
          35.68975399956422
        ]
      }
    },
    {
      "type": "Feature",
      "properties": {
        "P33_001": 172,
        "P33_002": "26212",
        "P33_003": "26",
        "P33_004": 2,
        "P33_005": "佐濃地区公民館",
        "P33_006": "629-3561",
        "P33_007": "京丹後市久美浜野中81",
        "P33_008": "0772-84-0820",
        "P33_009": -1,
        "P33_010": "‐",
        "P33_011": "‐",
        "P33_012": -1,
        "P33_013": -1,
        "P33_014": 2,
        "P33_015": "‐",
        "P33_016": "‐",
        "P33_017": "‐",
        "P33_018": -1,
        "P33_019": -1,
        "P33_020": -1,
        "P33_021": -1,
        "P33_022": -1,
        "P33_023": -1,
        "P33_024": -1,
        "P33_041": 1
      },
      "geometry": {
        "type": "Point",
        "coordinates": [
          134.9607180002587,
          35.58373400025074
        ]
      }
    },
    {
      "type": "Feature",
      "properties": {
        "P33_001": 173,
        "P33_002": "26212",
        "P33_003": "26",
        "P33_004": 2,
        "P33_005": "下宇川地区公民館",
        "P33_006": "627-0242",
        "P33_007": "京丹後市丹後町久僧1052-1",
        "P33_008": "‐",
        "P33_009": 19820000,
        "P33_010": "‐",
        "P33_011": "‐",
        "P33_012": -1,
        "P33_013": -1,
        "P33_014": 2,
        "P33_015": "‐",
        "P33_016": "‐",
        "P33_017": "‐",
        "P33_018": -1,
        "P33_019": -1,
        "P33_020": -1,
        "P33_021": -1,
        "P33_022": -1,
        "P33_023": -1,
        "P33_024": -1,
        "P33_041": 1
      },
      "geometry": {
        "type": "Point",
        "coordinates": [
          135.1747500000031,
          35.757134000472945
        ]
      }
    },
    {
      "type": "Feature",
      "properties": {
        "P33_001": 174,
        "P33_002": "26212",
        "P33_003": "26",
        "P33_004": 2,
        "P33_005": "島津地区公民館",
        "P33_006": "629-3121",
        "P33_007": "京丹後市網野町島津2952",
        "P33_008": "0772-72-1785",
        "P33_009": 19510000,
        "P33_010": "‐",
        "P33_011": "‐",
        "P33_012": -1,
        "P33_013": -1,
        "P33_014": 2,
        "P33_015": "‐",
        "P33_016": "‐",
        "P33_017": "‐",
        "P33_018": -1,
        "P33_019": 313,
        "P33_020": -1,
        "P33_021": -1,
        "P33_022": -1,
        "P33_023": -1,
        "P33_024": -1,
        "P33_041": 1
      },
      "geometry": {
        "type": "Point",
        "coordinates": [
          135.05227684596554,
          35.68122581366186
        ]
      }
    },
    {
      "type": "Feature",
      "properties": {
        "P33_001": 175,
        "P33_002": "26212",
        "P33_003": "26",
        "P33_004": 2,
        "P33_005": "下岡地区公民館",
        "P33_006": "629-3102",
        "P33_007": "京丹後市網野町下岡676",
        "P33_008": "0772-72-0922",
        "P33_009": 19950000,
        "P33_010": "‐",
        "P33_011": "‐",
        "P33_012": -1,
        "P33_013": -1,
        "P33_014": 2,
        "P33_015": "‐",
        "P33_016": "‐",
        "P33_017": "‐",
        "P33_018": -1,
        "P33_019": 394,
        "P33_020": -1,
        "P33_021": -1,
        "P33_022": -1,
        "P33_023": -1,
        "P33_024": -1,
        "P33_041": 1
      },
      "geometry": {
        "type": "Point",
        "coordinates": [
          135.02243200010508,
          35.674403999910545
        ]
      }
    },
    {
      "type": "Feature",
      "properties": {
        "P33_001": 176,
        "P33_002": "26212",
        "P33_003": "26",
        "P33_004": 2,
        "P33_005": "新山地区公民館",
        "P33_006": "627-0004",
        "P33_007": "京丹後市峰山町荒山1255",
        "P33_008": "‐",
        "P33_009": 19880000,
        "P33_010": "‐",
        "P33_011": "‐",
        "P33_012": -1,
        "P33_013": -1,
        "P33_014": 2,
        "P33_015": "‐",
        "P33_016": "‐",
        "P33_017": "‐",
        "P33_018": -1,
        "P33_019": -1,
        "P33_020": -1,
        "P33_021": -1,
        "P33_022": -1,
        "P33_023": -1,
        "P33_024": -1,
        "P33_041": 1
      },
      "geometry": {
        "type": "Point",
        "coordinates": [
          135.08247699995238,
          35.614262000152145
        ]
      }
    },
    {
      "type": "Feature",
      "properties": {
        "P33_001": 177,
        "P33_002": "26212",
        "P33_003": "26",
        "P33_004": 2,
        "P33_005": "新庄地区公民館",
        "P33_006": "629-3136",
        "P33_007": "京丹後市網野町新庄595",
        "P33_008": "0772-72-0910",
        "P33_009": 19830000,
        "P33_010": "‐",
        "P33_011": "‐",
        "P33_012": -1,
        "P33_013": -1,
        "P33_014": 2,
        "P33_015": "‐",
        "P33_016": "‐",
        "P33_017": "‐",
        "P33_018": -1,
        "P33_019": 296,
        "P33_020": -1,
        "P33_021": -1,
        "P33_022": -1,
        "P33_023": -1,
        "P33_024": -1,
        "P33_041": 1
      },
      "geometry": {
        "type": "Point",
        "coordinates": [
          135.01641699974618,
          35.654702000061256
        ]
      }
    },
    {
      "type": "Feature",
      "properties": {
        "P33_001": 178,
        "P33_002": "26212",
        "P33_003": "26",
        "P33_004": 2,
        "P33_005": "善王寺地区公民館",
        "P33_006": "629-2504",
        "P33_007": "京丹後市大宮町善王寺1072-1",
        "P33_008": "0772-64-2531",
        "P33_009": 19560000,
        "P33_010": "‐",
        "P33_011": "‐",
        "P33_012": -1,
        "P33_013": -1,
        "P33_014": 2,
        "P33_015": "‐",
        "P33_016": "‐",
        "P33_017": "‐",
        "P33_018": -1,
        "P33_019": 462,
        "P33_020": -1,
        "P33_021": -1,
        "P33_022": -1,
        "P33_023": -1,
        "P33_024": -1,
        "P33_041": 2
      },
      "geometry": {
        "type": "Point",
        "coordinates": [
          135.07951480322865,
          35.59355694281805
        ]
      }
    },
    {
      "type": "Feature",
      "properties": {
        "P33_001": 179,
        "P33_002": "26212",
        "P33_003": "26",
        "P33_004": 2,
        "P33_005": "竹野地区公民館",
        "P33_006": "627-0221",
        "P33_007": "京丹後市丹後町竹野1016",
        "P33_008": "‐",
        "P33_009": 19820000,
        "P33_010": "‐",
        "P33_011": "‐",
        "P33_012": -1,
        "P33_013": -1,
        "P33_014": 2,
        "P33_015": "‐",
        "P33_016": "‐",
        "P33_017": "‐",
        "P33_018": -1,
        "P33_019": -1,
        "P33_020": -1,
        "P33_021": -1,
        "P33_022": -1,
        "P33_023": -1,
        "P33_024": -1,
        "P33_041": 1
      },
      "geometry": {
        "type": "Point",
        "coordinates": [
          135.11316100011337,
          35.74156015134274
        ]
      }
    },
    {
      "type": "Feature",
      "properties": {
        "P33_001": 180,
        "P33_002": "26212",
        "P33_003": "26",
        "P33_004": 2,
        "P33_005": "田村地区公民館",
        "P33_006": "629-3432",
        "P33_007": "京丹後市久美浜町平田672",
        "P33_008": "0772-83-1142",
        "P33_009": 19510000,
        "P33_010": "‐",
        "P33_011": "‐",
        "P33_012": -1,
        "P33_013": -1,
        "P33_014": 2,
        "P33_015": "‐",
        "P33_016": "‐",
        "P33_017": "‐",
        "P33_018": -1,
        "P33_019": -1,
        "P33_020": -1,
        "P33_021": -1,
        "P33_022": -1,
        "P33_023": -1,
        "P33_024": -1,
        "P33_041": 1
      },
      "geometry": {
        "type": "Point",
        "coordinates": [
          134.94290512973535,
          35.634813499366395
        ]
      }
    },
    {
      "type": "Feature",
      "properties": {
        "P33_001": 181,
        "P33_002": "26212",
        "P33_003": "26",
        "P33_004": 2,
        "P33_005": "丹後地域公民館",
        "P33_006": "627-0201",
        "P33_007": "京丹後市丹後町間人2624",
        "P33_008": "0772-69-0664",
        "P33_009": 19770000,
        "P33_010": "‐",
        "P33_011": "‐",
        "P33_012": -1,
        "P33_013": -1,
        "P33_014": 2,
        "P33_015": "‐",
        "P33_016": "‐",
        "P33_017": "‐",
        "P33_018": -1,
        "P33_019": 2447,
        "P33_020": -1,
        "P33_021": -1,
        "P33_022": -1,
        "P33_023": -1,
        "P33_024": -1,
        "P33_041": 1
      },
      "geometry": {
        "type": "Point",
        "coordinates": [
          135.09054900022028,
          35.738225999811625
        ]
      }
    },
    {
      "type": "Feature",
      "properties": {
        "P33_001": 182,
        "P33_002": "26212",
        "P33_003": "26",
        "P33_004": 2,
        "P33_005": "丹波地区公民館",
        "P33_006": "627-0011",
        "P33_007": "京丹後市峰山町丹波1022",
        "P33_008": "‐",
        "P33_009": 19870000,
        "P33_010": "‐",
        "P33_011": "‐",
        "P33_012": -1,
        "P33_013": -1,
        "P33_014": 2,
        "P33_015": "‐",
        "P33_016": "‐",
        "P33_017": "‐",
        "P33_018": -1,
        "P33_019": -1,
        "P33_020": -1,
        "P33_021": -1,
        "P33_022": -1,
        "P33_023": -1,
        "P33_024": -1,
        "P33_041": 1
      },
      "geometry": {
        "type": "Point",
        "coordinates": [
          135.0722425648845,
          35.63185710910016
        ]
      }
    },
    {
      "type": "Feature",
      "properties": {
        "P33_001": 183,
        "P33_002": "26212",
        "P33_003": "26",
        "P33_004": 2,
        "P33_005": "鳥取地区公民館",
        "P33_006": "627-0131",
        "P33_007": "京丹後市弥栄町和田野558",
        "P33_008": "0772-65-2530",
        "P33_009": 20050000,
        "P33_010": "‐",
        "P33_011": "‐",
        "P33_012": -1,
        "P33_013": -1,
        "P33_014": 2,
        "P33_015": "‐",
        "P33_016": "‐",
        "P33_017": "‐",
        "P33_018": -1,
        "P33_019": 497,
        "P33_020": -1,
        "P33_021": -1,
        "P33_022": -1,
        "P33_023": -1,
        "P33_024": -1,
        "P33_041": 1
      },
      "geometry": {
        "type": "Point",
        "coordinates": [
          135.08319426457166,
          35.66002507703552
        ]
      }
    },
    {
      "type": "Feature",
      "properties": {
        "P33_001": 184,
        "P33_002": "26212",
        "P33_003": "26",
        "P33_004": 2,
        "P33_005": "豊栄地区公民館",
        "P33_006": "627-0204",
        "P33_007": "京丹後市丹後町成願寺1209-1",
        "P33_008": "‐",
        "P33_009": 19800000,
        "P33_010": "‐",
        "P33_011": "‐",
        "P33_012": -1,
        "P33_013": -1,
        "P33_014": 2,
        "P33_015": "‐",
        "P33_016": "‐",
        "P33_017": "‐",
        "P33_018": -1,
        "P33_019": -1,
        "P33_020": -1,
        "P33_021": -1,
        "P33_022": -1,
        "P33_023": -1,
        "P33_024": -1,
        "P33_041": 1
      },
      "geometry": {
        "type": "Point",
        "coordinates": [
          135.10472330524385,
          35.70761958655125
        ]
      }
    },
    {
      "type": "Feature",
      "properties": {
        "P33_001": 185,
        "P33_002": "26212",
        "P33_003": "26",
        "P33_004": 2,
        "P33_005": "長岡地区公民館",
        "P33_006": "627-0042",
        "P33_007": "京丹後市峰山町長岡95",
        "P33_008": "‐",
        "P33_009": 19810000,
        "P33_010": "‐",
        "P33_011": "‐",
        "P33_012": -1,
        "P33_013": -1,
        "P33_014": 2,
        "P33_015": "‐",
        "P33_016": "‐",
        "P33_017": "‐",
        "P33_018": -1,
        "P33_019": -1,
        "P33_020": -1,
        "P33_021": -1,
        "P33_022": -1,
        "P33_023": -1,
        "P33_024": -1,
        "P33_041": 1
      },
      "geometry": {
        "type": "Point",
        "coordinates": [
          135.06987343733906,
          35.60319633555801
        ]
      }
    },
    {
      "type": "Feature",
      "properties": {
        "P33_001": 186,
        "P33_002": "26212",
        "P33_003": "26",
        "P33_004": 2,
        "P33_005": "野間地区公民館",
        "P33_006": "627-0101",
        "P33_007": "京丹後市弥栄町野中2245-1",
        "P33_008": "0772-66-0002",
        "P33_009": 20050000,
        "P33_010": "‐",
        "P33_011": "‐",
        "P33_012": -1,
        "P33_013": -1,
        "P33_014": 2,
        "P33_015": "‐",
        "P33_016": "‐",
        "P33_017": "‐",
        "P33_018": -1,
        "P33_019": -1,
        "P33_020": -1,
        "P33_021": -1,
        "P33_022": -1,
        "P33_023": -1,
        "P33_024": -1,
        "P33_041": 1
      },
      "geometry": {
        "type": "Point",
        "coordinates": [
          135.15749699905177,
          35.685143999744135
        ]
      }
    },
    {
      "type": "Feature",
      "properties": {
        "P33_001": 187,
        "P33_002": "26212",
        "P33_003": "26",
        "P33_004": 2,
        "P33_005": "浜詰地区公民館",
        "P33_006": "629-3245",
        "P33_007": "京丹後市網野町浜詰45",
        "P33_008": "0772-74-0009",
        "P33_009": 19510000,
        "P33_010": "‐",
        "P33_011": "‐",
        "P33_012": -1,
        "P33_013": -1,
        "P33_014": 2,
        "P33_015": "‐",
        "P33_016": "‐",
        "P33_017": "‐",
        "P33_018": -1,
        "P33_019": 637,
        "P33_020": -1,
        "P33_021": -1,
        "P33_022": -1,
        "P33_023": -1,
        "P33_024": -1,
        "P33_041": 1
      },
      "geometry": {
        "type": "Point",
        "coordinates": [
          134.96711600008476,
          35.663682000050756
        ]
      }
    },
    {
      "type": "Feature",
      "properties": {
        "P33_001": 188,
        "P33_002": "26212",
        "P33_003": "26",
        "P33_004": 2,
        "P33_005": "間人地区公民館",
        "P33_006": "627-0201",
        "P33_007": "京丹後市丹後町間人2401-1",
        "P33_008": "‐",
        "P33_009": 20050000,
        "P33_010": "‐",
        "P33_011": "‐",
        "P33_012": -1,
        "P33_013": -1,
        "P33_014": 2,
        "P33_015": "‐",
        "P33_016": "‐",
        "P33_017": "‐",
        "P33_018": -1,
        "P33_019": -1,
        "P33_020": -1,
        "P33_021": -1,
        "P33_022": -1,
        "P33_023": -1,
        "P33_024": -1,
        "P33_041": 3
      },
      "geometry": {
        "type": "Point",
        "coordinates": [
          135.09254600037232,
          35.73705600048355
        ]
      }
    },
    {
      "type": "Feature",
      "properties": {
        "P33_001": 189,
        "P33_002": "26212",
        "P33_003": "26",
        "P33_004": 2,
        "P33_005": "水之江地区公民館",
        "P33_006": "629-3101",
        "P33_007": "京丹後市網野町網野681",
        "P33_008": "0772-72-3422",
        "P33_009": 19910000,
        "P33_010": "‐",
        "P33_011": "‐",
        "P33_012": -1,
        "P33_013": -1,
        "P33_014": 2,
        "P33_015": "‐",
        "P33_016": "‐",
        "P33_017": "‐",
        "P33_018": -1,
        "P33_019": 1283,
        "P33_020": -1,
        "P33_021": -1,
        "P33_022": -1,
        "P33_023": -1,
        "P33_024": -1,
        "P33_041": 1
      },
      "geometry": {
        "type": "Point",
        "coordinates": [
          135.0275755555266,
          35.68619749984326
        ]
      }
    },
    {
      "type": "Feature",
      "properties": {
        "P33_001": 190,
        "P33_002": "26212",
        "P33_003": "26",
        "P33_004": 2,
        "P33_005": "溝谷地区公民館",
        "P33_006": "627-0111",
        "P33_007": "京丹後市弥栄町溝谷3651",
        "P33_008": "0772-65-2028",
        "P33_009": 20050000,
        "P33_010": "‐",
        "P33_011": "‐",
        "P33_012": -1,
        "P33_013": -1,
        "P33_014": 2,
        "P33_015": "‐",
        "P33_016": "‐",
        "P33_017": "‐",
        "P33_018": -1,
        "P33_019": 475,
        "P33_020": -1,
        "P33_021": -1,
        "P33_022": -1,
        "P33_023": -1,
        "P33_024": -1,
        "P33_041": 1
      },
      "geometry": {
        "type": "Point",
        "coordinates": [
          135.09356710856122,
          35.659049533516516
        ]
      }
    },
    {
      "type": "Feature",
      "properties": {
        "P33_001": 191,
        "P33_002": "26212",
        "P33_003": "26",
        "P33_004": 2,
        "P33_005": "三津地区公民館",
        "P33_006": "629-3111",
        "P33_007": "京丹後市網野町三津869",
        "P33_008": "0772-72-0032",
        "P33_009": 19510000,
        "P33_010": "‐",
        "P33_011": "‐",
        "P33_012": -1,
        "P33_013": -1,
        "P33_014": 2,
        "P33_015": "‐",
        "P33_016": "‐",
        "P33_017": "‐",
        "P33_018": -1,
        "P33_019": 357,
        "P33_020": -1,
        "P33_021": -1,
        "P33_022": -1,
        "P33_023": -1,
        "P33_024": -1,
        "P33_041": 1
      },
      "geometry": {
        "type": "Point",
        "coordinates": [
          135.06711249954634,
          35.70761361130647
        ]
      }
    },
    {
      "type": "Feature",
      "properties": {
        "P33_001": 192,
        "P33_002": "26212",
        "P33_003": "26",
        "P33_004": 2,
        "P33_005": "湊地区公民館",
        "P33_006": "629-3422",
        "P33_007": "京丹後市久美浜町湊宮1655-5",
        "P33_008": "‐",
        "P33_009": -1,
        "P33_010": "‐",
        "P33_011": "‐",
        "P33_012": -1,
        "P33_013": -1,
        "P33_014": 2,
        "P33_015": "‐",
        "P33_016": "‐",
        "P33_017": "‐",
        "P33_018": -1,
        "P33_019": -1,
        "P33_020": -1,
        "P33_021": -1,
        "P33_022": -1,
        "P33_023": -1,
        "P33_024": -1,
        "P33_041": 1
      },
      "geometry": {
        "type": "Point",
        "coordinates": [
          134.90265599932374,
          35.64246000000804
        ]
      }
    },
    {
      "type": "Feature",
      "properties": {
        "P33_001": 193,
        "P33_002": "26212",
        "P33_003": "26",
        "P33_004": 2,
        "P33_005": "峰山東地区公民館",
        "P33_006": "627-0012",
        "P33_007": "京丹後市峰山町杉谷383",
        "P33_008": "‐",
        "P33_009": 19810000,
        "P33_010": "‐",
        "P33_011": "‐",
        "P33_012": -1,
        "P33_013": -1,
        "P33_014": 2,
        "P33_015": "‐",
        "P33_016": "‐",
        "P33_017": "‐",
        "P33_018": -1,
        "P33_019": -1,
        "P33_020": -1,
        "P33_021": -1,
        "P33_022": -1,
        "P33_023": -1,
        "P33_024": -1,
        "P33_041": 1
      },
      "geometry": {
        "type": "Point",
        "coordinates": [
          135.06273823779532,
          35.62713448596919
        ]
      }
    },
    {
      "type": "Feature",
      "properties": {
        "P33_001": 194,
        "P33_002": "26212",
        "P33_003": "26",
        "P33_004": 2,
        "P33_005": "峰山地域公民館",
        "P33_006": "627-0012",
        "P33_007": "京丹後市峰山町杉谷1030",
        "P33_008": "0772-69-0661",
        "P33_009": 19800000,
        "P33_010": "‐",
        "P33_011": "‐",
        "P33_012": -1,
        "P33_013": -1,
        "P33_014": 2,
        "P33_015": "‐",
        "P33_016": "‐",
        "P33_017": "‐",
        "P33_018": -1,
        "P33_019": 1415,
        "P33_020": -1,
        "P33_021": -1,
        "P33_022": -1,
        "P33_023": -1,
        "P33_024": -1,
        "P33_041": 1
      },
      "geometry": {
        "type": "Point",
        "coordinates": [
          135.0704180966755,
          35.62469911436371
        ]
      }
    },
    {
      "type": "Feature",
      "properties": {
        "P33_001": 195,
        "P33_002": "26212",
        "P33_003": "26",
        "P33_004": 2,
        "P33_005": "峰山西地区公民館",
        "P33_006": "627-0021",
        "P33_007": "京丹後市峰山町吉原82",
        "P33_008": "‐",
        "P33_009": 19860000,
        "P33_010": "‐",
        "P33_011": "‐",
        "P33_012": -1,
        "P33_013": -1,
        "P33_014": 2,
        "P33_015": "‐",
        "P33_016": "‐",
        "P33_017": "‐",
        "P33_018": -1,
        "P33_019": -1,
        "P33_020": -1,
        "P33_021": -1,
        "P33_022": -1,
        "P33_023": -1,
        "P33_024": -1,
        "P33_041": 3
      },
      "geometry": {
        "type": "Point",
        "coordinates": [
          135.05604000027444,
          35.632392000227405
        ]
      }
    },
    {
      "type": "Feature",
      "properties": {
        "P33_001": 196,
        "P33_002": "26212",
        "P33_003": "26",
        "P33_004": 2,
        "P33_005": "峰山南地区公民館",
        "P33_006": "627-0037",
        "P33_007": "京丹後市峰山町千歳25",
        "P33_008": "‐",
        "P33_009": 19810000,
        "P33_010": "‐",
        "P33_011": "‐",
        "P33_012": -1,
        "P33_013": -1,
        "P33_014": 2,
        "P33_015": "‐",
        "P33_016": "‐",
        "P33_017": "‐",
        "P33_018": -1,
        "P33_019": -1,
        "P33_020": -1,
        "P33_021": -1,
        "P33_022": -1,
        "P33_023": -1,
        "P33_024": -1,
        "P33_041": 1
      },
      "geometry": {
        "type": "Point",
        "coordinates": [
          135.05752978329417,
          35.62187312981933
        ]
      }
    },
    {
      "type": "Feature",
      "properties": {
        "P33_001": 197,
        "P33_002": "26212",
        "P33_003": "26",
        "P33_004": 2,
        "P33_005": "弥栄地域公民館",
        "P33_006": "627-0111",
        "P33_007": "京丹後市弥栄町溝谷3443-2",
        "P33_008": "0772-69-0665",
        "P33_009": 19810000,
        "P33_010": "‐",
        "P33_011": "‐",
        "P33_012": -1,
        "P33_013": -1,
        "P33_014": 2,
        "P33_015": "‐",
        "P33_016": "‐",
        "P33_017": "‐",
        "P33_018": -1,
        "P33_019": 1791,
        "P33_020": -1,
        "P33_021": -1,
        "P33_022": -1,
        "P33_023": -1,
        "P33_024": -1,
        "P33_041": 1
      },
      "geometry": {
        "type": "Point",
        "coordinates": [
          135.0921949515119,
          35.658462873775846
        ]
      }
    },
    {
      "type": "Feature",
      "properties": {
        "P33_001": 198,
        "P33_002": "26212",
        "P33_003": "26",
        "P33_004": 2,
        "P33_005": "吉野地区公民館",
        "P33_006": "627-0121",
        "P33_007": "京丹後市弥栄町堤280",
        "P33_008": "0772-65-2533",
        "P33_009": 20050000,
        "P33_010": "‐",
        "P33_011": "‐",
        "P33_012": -1,
        "P33_013": -1,
        "P33_014": 2,
        "P33_015": "‐",
        "P33_016": "‐",
        "P33_017": "‐",
        "P33_018": -1,
        "P33_019": 484,
        "P33_020": -1,
        "P33_021": -1,
        "P33_022": -1,
        "P33_023": -1,
        "P33_024": -1,
        "P33_041": 1
      },
      "geometry": {
        "type": "Point",
        "coordinates": [
          135.09732834825616,
          35.651920065289495
        ]
      }
    },
    {
      "type": "Feature",
      "properties": {
        "P33_001": 199,
        "P33_002": "26212",
        "P33_003": "26",
        "P33_004": 2,
        "P33_005": "吉原地区公民館",
        "P33_006": "627-0043",
        "P33_007": "京丹後市峰山町新治456",
        "P33_008": "‐",
        "P33_009": 19890000,
        "P33_010": "‐",
        "P33_011": "‐",
        "P33_012": -1,
        "P33_013": -1,
        "P33_014": 2,
        "P33_015": "‐",
        "P33_016": "‐",
        "P33_017": "‐",
        "P33_018": -1,
        "P33_019": -1,
        "P33_020": -1,
        "P33_021": -1,
        "P33_022": -1,
        "P33_023": -1,
        "P33_024": -1,
        "P33_041": 1
      },
      "geometry": {
        "type": "Point",
        "coordinates": [
          135.05019866862588,
          35.60888232590676
        ]
      }
    },
    {
      "type": "Feature",
      "properties": {
        "P33_001": 200,
        "P33_002": "26212",
        "P33_003": "26",
        "P33_004": 2,
        "P33_005": "周枳地区公民館",
        "P33_006": "629-2501",
        "P33_007": "京丹後市大宮町周枳643",
        "P33_008": "0772-64-4417",
        "P33_009": 19820000,
        "P33_010": "‐",
        "P33_011": "‐",
        "P33_012": -1,
        "P33_013": -1,
        "P33_014": 2,
        "P33_015": "‐",
        "P33_016": "‐",
        "P33_017": "‐",
        "P33_018": -1,
        "P33_019": 352,
        "P33_020": -1,
        "P33_021": -1,
        "P33_022": -1,
        "P33_023": -1,
        "P33_024": -1,
        "P33_041": 1
      },
      "geometry": {
        "type": "Point",
        "coordinates": [
          135.10124555509412,
          35.588638611087255
        ]
      }
    },
    {
      "type": "Feature",
      "properties": {
        "P33_001": 204,
        "P33_002": "26213",
        "P33_003": "26",
        "P33_004": 2,
        "P33_005": "園部公民館",
        "P33_006": "622-0014",
        "P33_007": "南丹市園部町上本町南2-22",
        "P33_008": "0771-63-5820",
        "P33_009": 19790320,
        "P33_010": "‐",
        "P33_011": "‐",
        "P33_012": -1,
        "P33_013": -1,
        "P33_014": 2,
        "P33_015": "‐",
        "P33_016": "‐",
        "P33_017": "‐",
        "P33_018": 4021,
        "P33_019": 3074,
        "P33_020": 1,
        "P33_021": 508,
        "P33_022": 508,
        "P33_023": 4,
        "P33_024": -1,
        "P33_041": 1
      },
      "geometry": {
        "type": "Point",
        "coordinates": [
          135.47045695142404,
          35.10919171315635
        ]
      }
    },
    {
      "type": "Feature",
      "properties": {
        "P33_001": 203,
        "P33_002": "26213",
        "P33_003": "26",
        "P33_004": 2,
        "P33_005": "八木公民館",
        "P33_006": "629-0141",
        "P33_007": "南丹市八木町八木東久保23",
        "P33_008": "0771-68-0026",
        "P33_009": 19780000,
        "P33_010": "‐",
        "P33_011": "‐",
        "P33_012": -1,
        "P33_013": -1,
        "P33_014": 2,
        "P33_015": "‐",
        "P33_016": "‐",
        "P33_017": "‐",
        "P33_018": -1,
        "P33_019": 1313,
        "P33_020": -1,
        "P33_021": -1,
        "P33_022": -1,
        "P33_023": -1,
        "P33_024": -1,
        "P33_041": 1
      },
      "geometry": {
        "type": "Point",
        "coordinates": [
          135.53270097820015,
          35.07098049604877
        ]
      }
    },
    {
      "type": "Feature",
      "properties": {
        "P33_001": 208,
        "P33_002": "26322",
        "P33_003": "26",
        "P33_004": 2,
        "P33_005": "中央公民館",
        "P33_006": "613-0043",
        "P33_007": "久御山町大字島田ミスノ38",
        "P33_008": "075-631-1000",
        "P33_009": 19751100,
        "P33_010": "‐",
        "P33_011": "‐",
        "P33_012": -1,
        "P33_013": -1,
        "P33_014": 1,
        "P33_015": "‐",
        "P33_016": "‐",
        "P33_017": "‐",
        "P33_018": 10736,
        "P33_019": 2757,
        "P33_020": 1,
        "P33_021": 690,
        "P33_022": 690,
        "P33_023": 7,
        "P33_024": 1,
        "P33_041": 1
      },
      "geometry": {
        "type": "Point",
        "coordinates": [
          135.73235500822136,
          34.88108767363977
        ]
      }
    },
    {
      "type": "Feature",
      "properties": {
        "P33_001": 210,
        "P33_002": "26344",
        "P33_003": "26",
        "P33_004": 2,
        "P33_005": "中央公民館",
        "P33_006": "610-0252",
        "P33_007": "宇治田原町大字荒木小字東出59-2",
        "P33_008": "0774-88-3423",
        "P33_009": 19710000,
        "P33_010": "‐",
        "P33_011": "‐",
        "P33_012": -1,
        "P33_013": -1,
        "P33_014": 1,
        "P33_015": "‐",
        "P33_016": "‐",
        "P33_017": "‐",
        "P33_018": -1,
        "P33_019": 714,
        "P33_020": -1,
        "P33_021": -1,
        "P33_022": -1,
        "P33_023": -1,
        "P33_024": -1,
        "P33_041": 1
      },
      "geometry": {
        "type": "Point",
        "coordinates": [
          135.8587749994982,
          34.85490299926025
        ]
      }
    },
    {
      "type": "Feature",
      "properties": {
        "P33_001": 211,
        "P33_002": "26364",
        "P33_003": "26",
        "P33_004": 2,
        "P33_005": "中央公民館",
        "P33_006": "619-1303",
        "P33_007": "笠置町大字笠置小字浜56",
        "P33_008": "0743-95-2726",
        "P33_009": 19730000,
        "P33_010": "‐",
        "P33_011": "‐",
        "P33_012": -1,
        "P33_013": -1,
        "P33_014": 1,
        "P33_015": "‐",
        "P33_016": "‐",
        "P33_017": "‐",
        "P33_018": -1,
        "P33_019": 520,
        "P33_020": -1,
        "P33_021": -1,
        "P33_022": -1,
        "P33_023": -1,
        "P33_024": -1,
        "P33_041": 1
      },
      "geometry": {
        "type": "Point",
        "coordinates": [
          135.93754699969676,
          34.757888999211026
        ]
      }
    },
    {
      "type": "Feature",
      "properties": {
        "P33_001": 214,
        "P33_002": "26367",
        "P33_003": "26",
        "P33_004": 2,
        "P33_005": "高尾公民館",
        "P33_006": "619-1422",
        "P33_007": "南山城村大字高尾小字林38-3",
        "P33_008": "0743-94-0440",
        "P33_009": 19790000,
        "P33_010": "‐",
        "P33_011": "‐",
        "P33_012": -1,
        "P33_013": -1,
        "P33_014": 4,
        "P33_015": "‐",
        "P33_016": "‐",
        "P33_017": "‐",
        "P33_018": -1,
        "P33_019": 358,
        "P33_020": -1,
        "P33_021": -1,
        "P33_022": -1,
        "P33_023": -1,
        "P33_024": -1,
        "P33_041": 1
      },
      "geometry": {
        "type": "Point",
        "coordinates": [
          136.0005712633345,
          34.72721792441907
        ]
      }
    },
    {
      "type": "Feature",
      "properties": {
        "P33_001": 220,
        "P33_002": "26407",
        "P33_003": "26",
        "P33_004": 2,
        "P33_005": "三ノ宮公民館",
        "P33_006": "622-0303",
        "P33_007": "京丹波町三ノ宮縄手18-2",
        "P33_008": "‐",
        "P33_009": 19760000,
        "P33_010": "‐",
        "P33_011": "‐",
        "P33_012": -1,
        "P33_013": -1,
        "P33_014": 2,
        "P33_015": "‐",
        "P33_016": "‐",
        "P33_017": "‐",
        "P33_018": -1,
        "P33_019": 518,
        "P33_020": -1,
        "P33_021": -1,
        "P33_022": -1,
        "P33_023": -1,
        "P33_024": -1,
        "P33_041": 1
      },
      "geometry": {
        "type": "Point",
        "coordinates": [
          135.34036540728223,
          35.22017205341942
        ]
      }
    },
    {
      "type": "Feature",
      "properties": {
        "P33_001": 215,
        "P33_002": "26407",
        "P33_003": "26",
        "P33_004": 2,
        "P33_005": "質美公民館",
        "P33_006": "622-0332",
        "P33_007": "京丹波町質美田中地3",
        "P33_008": "‐",
        "P33_009": 19900000,
        "P33_010": "‐",
        "P33_011": "‐",
        "P33_012": -1,
        "P33_013": -1,
        "P33_014": 2,
        "P33_015": "‐",
        "P33_016": "‐",
        "P33_017": "‐",
        "P33_018": -1,
        "P33_019": 499,
        "P33_020": -1,
        "P33_021": -1,
        "P33_022": -1,
        "P33_023": -1,
        "P33_024": -1,
        "P33_041": 1
      },
      "geometry": {
        "type": "Point",
        "coordinates": [
          135.38729163000912,
          35.21184916125501
        ]
      }
    },
    {
      "type": "Feature",
      "properties": {
        "P33_001": 216,
        "P33_002": "26407",
        "P33_003": "26",
        "P33_004": 2,
        "P33_005": "中央公民館",
        "P33_006": "622-0214",
        "P33_007": "京丹波町蒲生野口38",
        "P33_008": "0771-82-0988",
        "P33_009": 19740000,
        "P33_010": "‐",
        "P33_011": "‐",
        "P33_012": -1,
        "P33_013": -1,
        "P33_014": 1,
        "P33_015": "‐",
        "P33_016": "‐",
        "P33_017": "‐",
        "P33_018": -1,
        "P33_019": 1804,
        "P33_020": -1,
        "P33_021": -1,
        "P33_022": -1,
        "P33_023": -1,
        "P33_024": -1,
        "P33_041": 1
      },
      "geometry": {
        "type": "Point",
        "coordinates": [
          135.42284755598536,
          35.16345445046376
        ]
      }
    },
    {
      "type": "Feature",
      "properties": {
        "P33_001": 217,
        "P33_002": "26407",
        "P33_003": "26",
        "P33_004": 2,
        "P33_005": "梅田公民館",
        "P33_006": "622-0453",
        "P33_007": "京丹波町水原フロノ元1-3",
        "P33_008": "‐",
        "P33_009": 19850000,
        "P33_010": "‐",
        "P33_011": "‐",
        "P33_012": -1,
        "P33_013": -1,
        "P33_014": 2,
        "P33_015": "‐",
        "P33_016": "‐",
        "P33_017": "‐",
        "P33_018": -1,
        "P33_019": 411,
        "P33_020": -1,
        "P33_021": -1,
        "P33_022": -1,
        "P33_023": -1,
        "P33_024": -1,
        "P33_041": 1
      },
      "geometry": {
        "type": "Point",
        "coordinates": [
          135.3240549997902,
          35.18931599969066
        ]
      }
    },
    {
      "type": "Feature",
      "properties": {
        "P33_001": 218,
        "P33_002": "26407",
        "P33_003": "26",
        "P33_004": 2,
        "P33_005": "桧山公民館",
        "P33_006": "622-0322",
        "P33_007": "京丹波町大朴乗次4-1",
        "P33_008": "‐",
        "P33_009": 19630000,
        "P33_010": "‐",
        "P33_011": "‐",
        "P33_012": -1,
        "P33_013": -1,
        "P33_014": 2,
        "P33_015": "‐",
        "P33_016": "‐",
        "P33_017": "‐",
        "P33_018": -1,
        "P33_019": 545,
        "P33_020": -1,
        "P33_021": -1,
        "P33_022": -1,
        "P33_023": -1,
        "P33_024": -1,
        "P33_041": 1
      },
      "geometry": {
        "type": "Point",
        "coordinates": [
          135.3741980006709,
          35.17827399995296
        ]
      }
    },
    {
      "type": "Feature",
      "properties": {
        "P33_001": 219,
        "P33_002": "26407",
        "P33_003": "26",
        "P33_004": 2,
        "P33_005": "和知公民館",
        "P33_006": "629-1121",
        "P33_007": "京丹波町本庄花ノ木1-4",
        "P33_008": "0771-84-2081",
        "P33_009": 19900000,
        "P33_010": "‐",
        "P33_011": "‐",
        "P33_012": -1,
        "P33_013": -1,
        "P33_014": 2,
        "P33_015": "‐",
        "P33_016": "‐",
        "P33_017": "‐",
        "P33_018": -1,
        "P33_019": 2066,
        "P33_020": -1,
        "P33_021": -1,
        "P33_022": -1,
        "P33_023": -1,
        "P33_024": -1,
        "P33_041": 1
      },
      "geometry": {
        "type": "Point",
        "coordinates": [
          135.39786799979706,
          35.26187300010971
        ]
      }
    },
    {
      "type": "Feature",
      "properties": {
        "P33_001": 293,
        "P33_002": "26104",
        "P33_003": "26",
        "P33_004": 6,
        "P33_005": "京都国際マンガミュージアム",
        "P33_006": "604-0846",
        "P33_007": "京都市中京区烏丸通御池上ル",
        "P33_008": "075-254-7414",
        "P33_009": -1,
        "P33_010": "‐",
        "P33_011": "‐",
        "P33_012": -1,
        "P33_013": -1,
        "P33_014": -1,
        "P33_015": "‐",
        "P33_016": "10:00～18:00",
        "P33_017": "有",
        "P33_018": -1,
        "P33_019": -1,
        "P33_020": -1,
        "P33_021": -1,
        "P33_022": -1,
        "P33_023": -1,
        "P33_024": -1,
        "P33_041": 1
      },
      "geometry": {
        "type": "Point",
        "coordinates": [
          135.7592419999648,
          35.011648000181665
        ]
      }
    },
    {
      "type": "Feature",
      "properties": {
        "P33_001": 294,
        "P33_002": "26105",
        "P33_003": "26",
        "P33_004": 6,
        "P33_005": "京都国立博物館",
        "P33_006": "605-0931",
        "P33_007": "京都市東山区茶屋町527",
        "P33_008": "075-525-2473",
        "P33_009": -1,
        "P33_010": "‐",
        "P33_011": "‐",
        "P33_012": -1,
        "P33_013": -1,
        "P33_014": -1,
        "P33_015": "146",
        "P33_016": "9:30～18:00､9:30～20:00(金曜日)",
        "P33_017": "有",
        "P33_018": -1,
        "P33_019": -1,
        "P33_020": -1,
        "P33_021": -1,
        "P33_022": -1,
        "P33_023": -1,
        "P33_024": -1,
        "P33_041": 1
      },
      "geometry": {
        "type": "Point",
        "coordinates": [
          135.7732819442029,
          34.98995111201768
        ]
      }
    },
    {
      "type": "Feature",
      "properties": {
        "P33_001": 254,
        "P33_002": "26106",
        "P33_003": "26",
        "P33_004": 3,
        "P33_005": "京都劇場",
        "P33_006": "600-8216",
        "P33_007": "京都市下京区烏丸通塩小路下ル東塩小路町（京都駅ビル内）",
        "P33_008": "075-341-2360",
        "P33_009": 20020100,
        "P33_010": "http://www.kyoto-gekijo.com/",
        "P33_011": "ＪＲ東海道本線京都駅",
        "P33_012": -1,
        "P33_013": -1,
        "P33_014": -1,
        "P33_015": "‐",
        "P33_016": "9:00～22:00",
        "P33_017": "‐",
        "P33_018": -1,
        "P33_019": -1,
        "P33_020": 1,
        "P33_021": 943,
        "P33_022": 943,
        "P33_023": -1,
        "P33_024": -1,
        "P33_041": 1
      },
      "geometry": {
        "type": "Point",
        "coordinates": [
          135.75877599981524,
          34.985867999899476
        ]
      }
    },
    {
      "type": "Feature",
      "properties": {
        "P33_001": 245,
        "P33_002": "26105",
        "P33_003": "26",
        "P33_004": 3,
        "P33_005": "よしもと祇園花月",
        "P33_006": "605-0073",
        "P33_007": "京都市東山区祇園町北側323",
        "P33_008": "075-532-1500",
        "P33_009": -1,
        "P33_010": "‐",
        "P33_011": "‐",
        "P33_012": -1,
        "P33_013": -1,
        "P33_014": -1,
        "P33_015": "‐",
        "P33_016": "‐",
        "P33_017": "‐",
        "P33_018": -1,
        "P33_019": -1,
        "P33_020": -1,
        "P33_021": -1,
        "P33_022": -1,
        "P33_023": -1,
        "P33_024": -1,
        "P33_041": 1
      },
      "geometry": {
        "type": "Point",
        "coordinates": [
          135.77724999998756,
          35.00464700023302
        ]
      }
    },
    {
      "type": "Feature",
      "properties": {
        "P33_001": 284,
        "P33_002": "26202",
        "P33_003": "26",
        "P33_004": 5,
        "P33_005": "五老スカイタワー",
        "P33_006": "624-0912",
        "P33_007": "舞鶴市上安237",
        "P33_008": "0773-66-2582",
        "P33_009": -1,
        "P33_010": "‐",
        "P33_011": "‐",
        "P33_012": -1,
        "P33_013": -1,
        "P33_014": -1,
        "P33_015": "‐",
        "P33_016": "‐",
        "P33_017": "‐",
        "P33_018": -1,
        "P33_019": -1,
        "P33_020": -1,
        "P33_021": -1,
        "P33_022": -1,
        "P33_023": -1,
        "P33_024": -1,
        "P33_041": 1
      },
      "geometry": {
        "type": "Point",
        "coordinates": [
          135.34358199986406,
          35.46480599979127
        ]
      }
    },
    {
      "type": "Feature",
      "properties": {
        "P33_001": 283,
        "P33_002": "26202",
        "P33_003": "26",
        "P33_004": 5,
        "P33_005": "赤レンガ博物館",
        "P33_006": "625-0036",
        "P33_007": "舞鶴市字浜2011",
        "P33_008": "0773-66-1095",
        "P33_009": -1,
        "P33_010": "‐",
        "P33_011": "‐",
        "P33_012": -1,
        "P33_013": -1,
        "P33_014": -1,
        "P33_015": "‐",
        "P33_016": "‐",
        "P33_017": "‐",
        "P33_018": -1,
        "P33_019": -1,
        "P33_020": -1,
        "P33_021": -1,
        "P33_022": -1,
        "P33_023": -1,
        "P33_024": -1,
        "P33_041": 1
      },
      "geometry": {
        "type": "Point",
        "coordinates": [
          135.38747083365396,
          35.47612888965113
        ]
      }
    },
    {
      "type": "Feature",
      "properties": {
        "P33_001": 277,
        "P33_002": "26105",
        "P33_003": "26",
        "P33_004": 5,
        "P33_005": "うどんミュージアム",
        "P33_006": "605-0073",
        "P33_007": "京都市東山区祇園町北側238-2",
        "P33_008": "075-531-0888",
        "P33_009": -1,
        "P33_010": "‐",
        "P33_011": "‐",
        "P33_012": -1,
        "P33_013": -1,
        "P33_014": -1,
        "P33_015": "‐",
        "P33_016": "‐",
        "P33_017": "‐",
        "P33_018": -1,
        "P33_019": -1,
        "P33_020": -1,
        "P33_021": -1,
        "P33_022": -1,
        "P33_023": -1,
        "P33_024": -1,
        "P33_041": 1
      },
      "geometry": {
        "type": "Point",
        "coordinates": [
          135.77316171577982,
          35.004131701103375
        ]
      }
    },
    {
      "type": "Feature",
      "properties": {
        "P33_001": 278,
        "P33_002": "26106",
        "P33_003": "26",
        "P33_004": 5,
        "P33_005": "梅小路蒸気機関車館",
        "P33_006": "600-8835",
        "P33_007": "京都市下京区観喜寺町",
        "P33_008": "075-314-2996",
        "P33_009": -1,
        "P33_010": "‐",
        "P33_011": "‐",
        "P33_012": -1,
        "P33_013": -1,
        "P33_014": -1,
        "P33_015": "‐",
        "P33_016": "‐",
        "P33_017": "‐",
        "P33_018": -1,
        "P33_019": -1,
        "P33_020": -1,
        "P33_021": -1,
        "P33_022": -1,
        "P33_023": -1,
        "P33_024": -1,
        "P33_041": 1
      },
      "geometry": {
        "type": "Point",
        "coordinates": [
          135.74296499987517,
          34.98660899933644
        ]
      }
    },
    {
      "type": "Feature",
      "properties": {
        "P33_001": 288,
        "P33_002": "26465",
        "P33_003": "26",
        "P33_004": 5,
        "P33_005": "加悦ＳＬ広場",
        "P33_006": "629-2422",
        "P33_007": "与謝野町字滝941-2",
        "P33_008": "0772-42-3186",
        "P33_009": -1,
        "P33_010": "‐",
        "P33_011": "‐",
        "P33_012": -1,
        "P33_013": -1,
        "P33_014": -1,
        "P33_015": "‐",
        "P33_016": "‐",
        "P33_017": "‐",
        "P33_018": -1,
        "P33_019": -1,
        "P33_020": -1,
        "P33_021": -1,
        "P33_022": -1,
        "P33_023": -1,
        "P33_024": -1,
        "P33_041": 1
      },
      "geometry": {
        "type": "Point",
        "coordinates": [
          135.09255899930105,
          35.48101699973834
        ]
      }
    },
    {
      "type": "Feature",
      "properties": {
        "P33_001": 281,
        "P33_002": "26109",
        "P33_003": "26",
        "P33_004": 5,
        "P33_005": "京都市青少年科学センター",
        "P33_006": "612-0031",
        "P33_007": "京都市伏見区深草池ノ内町13",
        "P33_008": "075-642-1601",
        "P33_009": -1,
        "P33_010": "‐",
        "P33_011": "‐",
        "P33_012": -1,
        "P33_013": -1,
        "P33_014": -1,
        "P33_015": "‐",
        "P33_016": "‐",
        "P33_017": "‐",
        "P33_018": -1,
        "P33_019": -1,
        "P33_020": -1,
        "P33_021": -1,
        "P33_022": -1,
        "P33_023": -1,
        "P33_024": -1,
        "P33_041": 1
      },
      "geometry": {
        "type": "Point",
        "coordinates": [
          135.76671800079495,
          34.955550000723505
        ]
      }
    },
    {
      "type": "Feature",
      "properties": {
        "P33_001": 276,
        "P33_002": "26104",
        "P33_003": "26",
        "P33_004": 5,
        "P33_005": "京都府京都文化博物館",
        "P33_006": "604-8183",
        "P33_007": "京都市中京区三条高倉",
        "P33_008": "075-222-0888",
        "P33_009": -1,
        "P33_010": "‐",
        "P33_011": "‐",
        "P33_012": -1,
        "P33_013": -1,
        "P33_014": -1,
        "P33_015": "‐",
        "P33_016": "‐",
        "P33_017": "‐",
        "P33_018": -1,
        "P33_019": -1,
        "P33_020": -1,
        "P33_021": -1,
        "P33_022": -1,
        "P33_023": -1,
        "P33_024": -1,
        "P33_041": 1
      },
      "geometry": {
        "type": "Point",
        "coordinates": [
          135.7622507119182,
          35.009387550129446
        ]
      }
    },
    {
      "type": "Feature",
      "properties": {
        "P33_001": 275,
        "P33_002": "26104",
        "P33_003": "26",
        "P33_004": 5,
        "P33_005": "キンシ正宗堀野記念館",
        "P33_006": "604-0811",
        "P33_007": "京都市中京区堺町通二条上ル亀屋町172",
        "P33_008": "075-223-2072",
        "P33_009": -1,
        "P33_010": "‐",
        "P33_011": "‐",
        "P33_012": -1,
        "P33_013": -1,
        "P33_014": -1,
        "P33_015": "‐",
        "P33_016": "‐",
        "P33_017": "‐",
        "P33_018": -1,
        "P33_019": -1,
        "P33_020": -1,
        "P33_021": -1,
        "P33_022": -1,
        "P33_023": -1,
        "P33_024": -1,
        "P33_041": 1
      },
      "geometry": {
        "type": "Point",
        "coordinates": [
          135.76305055607148,
          35.01407378046238
        ]
      }
    },
    {
      "type": "Feature",
      "properties": {
        "P33_001": 287,
        "P33_002": "26366",
        "P33_003": "26",
        "P33_004": 5,
        "P33_005": "けいはんな記念公園",
        "P33_006": "619-0238",
        "P33_007": "精華町精華台6-1",
        "P33_008": "0774-93-1200",
        "P33_009": -1,
        "P33_010": "‐",
        "P33_011": "‐",
        "P33_012": -1,
        "P33_013": -1,
        "P33_014": -1,
        "P33_015": "‐",
        "P33_016": "‐",
        "P33_017": "‐",
        "P33_018": -1,
        "P33_019": -1,
        "P33_020": -1,
        "P33_021": -1,
        "P33_022": -1,
        "P33_023": -1,
        "P33_024": -1,
        "P33_041": 1
      },
      "geometry": {
        "type": "Point",
        "coordinates": [
          135.77505999941351,
          34.747211999801294
        ]
      }
    },
    {
      "type": "Feature",
      "properties": {
        "P33_001": 280,
        "P33_002": "26109",
        "P33_003": "26",
        "P33_004": 5,
        "P33_005": "月桂冠大倉記念館",
        "P33_006": "612-8660",
        "P33_007": "京都市伏見区南浜町247",
        "P33_008": "075-623-2056",
        "P33_009": -1,
        "P33_010": "‐",
        "P33_011": "‐",
        "P33_012": -1,
        "P33_013": -1,
        "P33_014": -1,
        "P33_015": "‐",
        "P33_016": "‐",
        "P33_017": "‐",
        "P33_018": -1,
        "P33_019": -1,
        "P33_020": -1,
        "P33_021": -1,
        "P33_022": -1,
        "P33_023": -1,
        "P33_024": -1,
        "P33_041": 1
      },
      "geometry": {
        "type": "Point",
        "coordinates": [
          135.7616500009522,
          34.92915899944032
        ]
      }
    },
    {
      "type": "Feature",
      "properties": {
        "P33_001": 282,
        "P33_002": "26201",
        "P33_003": "26",
        "P33_004": 5,
        "P33_005": "福知山市児童科学館",
        "P33_006": "620-0017",
        "P33_007": "福知山市字猪崎377-1",
        "P33_008": "0773-23-6292",
        "P33_009": -1,
        "P33_010": "‐",
        "P33_011": "‐",
        "P33_012": -1,
        "P33_013": -1,
        "P33_014": -1,
        "P33_015": "‐",
        "P33_016": "‐",
        "P33_017": "‐",
        "P33_018": -1,
        "P33_019": -1,
        "P33_020": -1,
        "P33_021": -1,
        "P33_022": -1,
        "P33_023": -1,
        "P33_024": -1,
        "P33_041": 1
      },
      "geometry": {
        "type": "Point",
        "coordinates": [
          135.13620100012471,
          35.31220599988233
        ]
      }
    },
    {
      "type": "Feature",
      "properties": {
        "P33_001": 286,
        "P33_002": "26207",
        "P33_003": "26",
        "P33_004": 5,
        "P33_005": "文化パルク城陽",
        "P33_006": "610-0121",
        "P33_007": "城陽市寺田今堀1",
        "P33_008": "0774-55-1010",
        "P33_009": -1,
        "P33_010": "‐",
        "P33_011": "‐",
        "P33_012": -1,
        "P33_013": -1,
        "P33_014": -1,
        "P33_015": "‐",
        "P33_016": "‐",
        "P33_017": "‐",
        "P33_018": -1,
        "P33_019": -1,
        "P33_020": -1,
        "P33_021": -1,
        "P33_022": -1,
        "P33_023": -1,
        "P33_024": -1,
        "P33_041": 1
      },
      "geometry": {
        "type": "Point",
        "coordinates": [
          135.77318444445893,
          34.849167222079004
        ]
      }
    },
    {
      "type": "Feature",
      "properties": {
        "P33_001": 285,
        "P33_002": "26205",
        "P33_003": "26",
        "P33_004": 5,
        "P33_005": "関西電力（株）宮津エネルギー研究所「丹後魚っ知館」",
        "P33_006": "626-0052",
        "P33_007": "宮津市字小田宿野1001",
        "P33_008": "0772-25-2026",
        "P33_009": -1,
        "P33_010": "‐",
        "P33_011": "‐",
        "P33_012": -1,
        "P33_013": -1,
        "P33_014": -1,
        "P33_015": "‐",
        "P33_016": "‐",
        "P33_017": "‐",
        "P33_018": -1,
        "P33_019": -1,
        "P33_020": -1,
        "P33_021": -1,
        "P33_022": -1,
        "P33_023": -1,
        "P33_024": -1,
        "P33_041": 1
      },
      "geometry": {
        "type": "Point",
        "coordinates": [
          135.25520599930655,
          35.556123999538954
        ]
      }
    },
    {
      "type": "Feature",
      "properties": {
        "P33_001": 274,
        "P33_002": "26103",
        "P33_003": "26",
        "P33_004": 5,
        "P33_005": "京都市美術館",
        "P33_006": "606-8344",
        "P33_007": "京都市左京区岡崎円勝寺町124",
        "P33_008": "075-771-4107",
        "P33_009": -1,
        "P33_010": "‐",
        "P33_011": "‐",
        "P33_012": -1,
        "P33_013": -1,
        "P33_014": -1,
        "P33_015": "‐",
        "P33_016": "‐",
        "P33_017": "‐",
        "P33_018": -1,
        "P33_019": -1,
        "P33_020": -1,
        "P33_021": -1,
        "P33_022": -1,
        "P33_023": -1,
        "P33_024": -1,
        "P33_041": 1
      },
      "geometry": {
        "type": "Point",
        "coordinates": [
          135.7836016657111,
          35.01291361064398
        ]
      }
    },
    {
      "type": "Feature",
      "properties": {
        "P33_001": 299,
        "P33_002": "26202",
        "P33_003": "26",
        "P33_004": 6,
        "P33_005": "舞鶴ふるるファーム",
        "P33_006": "625-0137",
        "P33_007": "舞鶴市字瀬崎60",
        "P33_008": "0773-68-0233",
        "P33_009": -1,
        "P33_010": "‐",
        "P33_011": "‐",
        "P33_012": -1,
        "P33_013": -1,
        "P33_014": -1,
        "P33_015": "‐",
        "P33_016": "‐",
        "P33_017": "有",
        "P33_018": -1,
        "P33_019": -1,
        "P33_020": -1,
        "P33_021": -1,
        "P33_022": -1,
        "P33_023": -1,
        "P33_024": -1,
        "P33_041": 1
      },
      "geometry": {
        "type": "Point",
        "coordinates": [
          135.34745000012293,
          35.53664499953692
        ]
      }
    },
    {
      "type": "Feature",
      "properties": {
        "P33_001": 291,
        "P33_002": "26103",
        "P33_003": "26",
        "P33_004": 6,
        "P33_005": "ガーデンミュージアム比叡",
        "P33_006": "606-0000",
        "P33_007": "京都市左京区修学院尺羅ヶ谷四明ヶ嶽4（比叡山頂）",
        "P33_008": "075-707-7733",
        "P33_009": -1,
        "P33_010": "‐",
        "P33_011": "‐",
        "P33_012": -1,
        "P33_013": -1,
        "P33_014": -1,
        "P33_015": "‐",
        "P33_016": "10:00～17:30",
        "P33_017": "有",
        "P33_018": -1,
        "P33_019": -1,
        "P33_020": -1,
        "P33_021": -1,
        "P33_022": -1,
        "P33_023": -1,
        "P33_024": -1,
        "P33_041": 1
      },
      "geometry": {
        "type": "Point",
        "coordinates": [
          135.82916199972146,
          35.06507499923143
        ]
      }
    },
    {
      "type": "Feature",
      "properties": {
        "P33_001": 295,
        "P33_002": "26106",
        "P33_003": "26",
        "P33_004": 6,
        "P33_005": "京都水族館",
        "P33_006": "600-8835",
        "P33_007": "京都市下京区観喜寺町35-1（梅小路公園内）",
        "P33_008": "075-354-3130",
        "P33_009": -1,
        "P33_010": "‐",
        "P33_011": "‐",
        "P33_012": -1,
        "P33_013": -1,
        "P33_014": -1,
        "P33_015": "365",
        "P33_016": "9:00～15:00",
        "P33_017": "有",
        "P33_018": -1,
        "P33_019": -1,
        "P33_020": -1,
        "P33_021": -1,
        "P33_022": -1,
        "P33_023": -1,
        "P33_024": -1,
        "P33_041": 1
      },
      "geometry": {
        "type": "Point",
        "coordinates": [
          135.74766599944516,
          34.98757499999255
        ]
      }
    },
    {
      "type": "Feature",
      "properties": {
        "P33_001": 297,
        "P33_002": "26108",
        "P33_003": "26",
        "P33_004": 6,
        "P33_005": "東映太秦映画村",
        "P33_006": "616-8586",
        "P33_007": "京都市右京区太秦東蜂岡町10",
        "P33_008": "0570-064-349",
        "P33_009": -1,
        "P33_010": "‐",
        "P33_011": "‐",
        "P33_012": -1,
        "P33_013": -1,
        "P33_014": -1,
        "P33_015": "360",
        "P33_016": "9:00～17:00(3～11月)､9:00～18:00(3月15日9月15日の土･日祝日)､9:30～16:00(12～2月)",
        "P33_017": "有",
        "P33_018": -1,
        "P33_019": -1,
        "P33_020": -1,
        "P33_021": -1,
        "P33_022": -1,
        "P33_023": -1,
        "P33_024": -1,
        "P33_041": 1
      },
      "geometry": {
        "type": "Point",
        "coordinates": [
          135.7086239992488,
          35.01680300006771
        ]
      }
    },
    {
      "type": "Feature",
      "properties": {
        "P33_001": 300,
        "P33_002": "26204",
        "P33_003": "26",
        "P33_004": 6,
        "P33_005": "宇治市植物公園",
        "P33_006": "611-0031",
        "P33_007": "宇治市広野町八軒屋谷25-1",
        "P33_008": "0774-39-9387",
        "P33_009": -1,
        "P33_010": "‐",
        "P33_011": "‐",
        "P33_012": -1,
        "P33_013": -1,
        "P33_014": -1,
        "P33_015": "‐",
        "P33_016": "‐",
        "P33_017": "‐",
        "P33_018": -1,
        "P33_019": -1,
        "P33_020": -1,
        "P33_021": -1,
        "P33_022": -1,
        "P33_023": -1,
        "P33_024": -1,
        "P33_041": 1
      },
      "geometry": {
        "type": "Point",
        "coordinates": [
          135.79618099951247,
          34.87117899997195
        ]
      }
    },
    {
      "type": "Feature",
      "properties": {
        "P33_001": 308,
        "P33_002": "26407",
        "P33_003": "26",
        "P33_004": 6,
        "P33_005": "グリーンランドみずほ",
        "P33_006": "622-0322",
        "P33_007": "京丹波町大朴皿引1-4",
        "P33_008": "0771-86-1512",
        "P33_009": -1,
        "P33_010": "‐",
        "P33_011": "‐",
        "P33_012": -1,
        "P33_013": -1,
        "P33_014": -1,
        "P33_015": "‐",
        "P33_016": "‐",
        "P33_017": "‐",
        "P33_018": -1,
        "P33_019": -1,
        "P33_020": -1,
        "P33_021": -1,
        "P33_022": -1,
        "P33_023": -1,
        "P33_024": -1,
        "P33_041": 1
      },
      "geometry": {
        "type": "Point",
        "coordinates": [
          135.36567000002773,
          35.164214999623084
        ]
      }
    },
    {
      "type": "Feature",
      "properties": {
        "P33_001": 309,
        "P33_002": "26465",
        "P33_003": "26",
        "P33_004": 6,
        "P33_005": "天の橋立岩滝温泉 クアハウス岩滝",
        "P33_006": "629-2262",
        "P33_007": "与謝野町字岩滝470",
        "P33_008": "0772-46-3500",
        "P33_009": -1,
        "P33_010": "‐",
        "P33_011": "‐",
        "P33_012": -1,
        "P33_013": -1,
        "P33_014": -1,
        "P33_015": "‐",
        "P33_016": "‐",
        "P33_017": "‐",
        "P33_018": -1,
        "P33_019": -1,
        "P33_020": -1,
        "P33_021": -1,
        "P33_022": -1,
        "P33_023": -1,
        "P33_024": -1,
        "P33_041": 1
      },
      "geometry": {
        "type": "Point",
        "coordinates": [
          135.15362638856178,
          35.57238305612685
        ]
      }
    },
    {
      "type": "Feature",
      "properties": {
        "P33_001": 305,
        "P33_002": "26213",
        "P33_003": "26",
        "P33_004": 6,
        "P33_005": "ハミングバード通天湖",
        "P33_006": "622-0065",
        "P33_007": "南丹市園部町大河内広谷1-5",
        "P33_008": "0771-65-5022",
        "P33_009": -1,
        "P33_010": "‐",
        "P33_011": "‐",
        "P33_012": -1,
        "P33_013": -1,
        "P33_014": -1,
        "P33_015": "‐",
        "P33_016": "‐",
        "P33_017": "‐",
        "P33_018": -1,
        "P33_019": -1,
        "P33_020": -1,
        "P33_021": -1,
        "P33_022": -1,
        "P33_023": -1,
        "P33_024": -1,
        "P33_041": 1
      },
      "geometry": {
        "type": "Point",
        "coordinates": [
          135.401332999929,
          35.031362000013495
        ]
      }
    },
    {
      "type": "Feature",
      "properties": {
        "P33_001": 306,
        "P33_002": "26407",
        "P33_003": "26",
        "P33_004": 6,
        "P33_005": "道の駅和",
        "P33_006": "629-1131",
        "P33_007": "京丹波町坂原上モジリ11",
        "P33_008": "0771-84-1008",
        "P33_009": -1,
        "P33_010": "‐",
        "P33_011": "‐",
        "P33_012": -1,
        "P33_013": -1,
        "P33_014": -1,
        "P33_015": "‐",
        "P33_016": "‐",
        "P33_017": "‐",
        "P33_018": -1,
        "P33_019": -1,
        "P33_020": -1,
        "P33_021": -1,
        "P33_022": -1,
        "P33_023": -1,
        "P33_024": -1,
        "P33_041": 1
      },
      "geometry": {
        "type": "Point",
        "coordinates": [
          135.39774722243652,
          35.270054999198564
        ]
      }
    },
    {
      "type": "Feature",
      "properties": {
        "P33_001": 304,
        "P33_002": "26212",
        "P33_003": "26",
        "P33_004": 6,
        "P33_005": "京都府農業公園 丹後あじわいの郷 ゆーらぴあ",
        "P33_006": "627-0133",
        "P33_007": "京丹後市弥栄町鳥取123",
        "P33_008": "0772-65-4193",
        "P33_009": -1,
        "P33_010": "‐",
        "P33_011": "‐",
        "P33_012": -1,
        "P33_013": -1,
        "P33_014": -1,
        "P33_015": "‐",
        "P33_016": "‐",
        "P33_017": "‐",
        "P33_018": -1,
        "P33_019": -1,
        "P33_020": -1,
        "P33_021": -1,
        "P33_022": -1,
        "P33_023": -1,
        "P33_024": -1,
        "P33_041": 1
      },
      "geometry": {
        "type": "Point",
        "coordinates": [
          135.06787700057023,
          35.67659800049771
        ]
      }
    },
    {
      "type": "Feature",
      "properties": {
        "P33_001": 303,
        "P33_002": "26207",
        "P33_003": "26",
        "P33_004": 6,
        "P33_005": "上方温泉　一休　京都本館",
        "P33_006": "610-0010",
        "P33_007": "城陽市中芦原25-2",
        "P33_008": "0774-54-1419",
        "P33_009": -1,
        "P33_010": "‐",
        "P33_011": "‐",
        "P33_012": -1,
        "P33_013": -1,
        "P33_014": -1,
        "P33_015": "‐",
        "P33_016": "‐",
        "P33_017": "‐",
        "P33_018": -1,
        "P33_019": -1,
        "P33_020": -1,
        "P33_021": -1,
        "P33_022": -1,
        "P33_023": -1,
        "P33_024": -1,
        "P33_041": 1
      },
      "geometry": {
        "type": "Point",
        "coordinates": [
          135.8253409991796,
          34.83569099938512
        ]
      }
    },
    {
      "type": "Feature",
      "properties": {
        "P33_001": 307,
        "P33_002": "26407",
        "P33_003": "26",
        "P33_004": 6,
        "P33_005": "丹波ワイン",
        "P33_006": "622-0231",
        "P33_007": "京丹波町豊田千原83",
        "P33_008": "0771-82-2002",
        "P33_009": -1,
        "P33_010": "‐",
        "P33_011": "‐",
        "P33_012": -1,
        "P33_013": -1,
        "P33_014": -1,
        "P33_015": "‐",
        "P33_016": "‐",
        "P33_017": "‐",
        "P33_018": -1,
        "P33_019": -1,
        "P33_020": -1,
        "P33_021": -1,
        "P33_022": -1,
        "P33_023": -1,
        "P33_024": -1,
        "P33_041": 1
      },
      "geometry": {
        "type": "Point",
        "coordinates": [
          135.39686823905387,
          35.1715606448855
        ]
      }
    },
    {
      "type": "Feature",
      "properties": {
        "P33_001": 302,
        "P33_002": "26205",
        "P33_003": "26",
        "P33_004": 6,
        "P33_005": "天橋立ビューランド",
        "P33_006": "626-0001",
        "P33_007": "宮津市天橋立文珠",
        "P33_008": "0772-22-5304",
        "P33_009": -1,
        "P33_010": "‐",
        "P33_011": "‐",
        "P33_012": -1,
        "P33_013": -1,
        "P33_014": -1,
        "P33_015": "‐",
        "P33_016": "‐",
        "P33_017": "‐",
        "P33_018": -1,
        "P33_019": -1,
        "P33_020": -1,
        "P33_021": -1,
        "P33_022": -1,
        "P33_023": -1,
        "P33_024": -1,
        "P33_041": 1
      },
      "geometry": {
        "type": "Point",
        "coordinates": [
          135.18176000068368,
          35.55251200067211
        ]
      }
    },
    {
      "type": "Feature",
      "properties": {
        "P33_001": 301,
        "P33_002": "26205",
        "P33_003": "26",
        "P33_004": 6,
        "P33_005": "天橋立ワイン",
        "P33_006": "629-2234",
        "P33_007": "宮津市字国分123",
        "P33_008": "0772-27-2222",
        "P33_009": -1,
        "P33_010": "‐",
        "P33_011": "‐",
        "P33_012": -1,
        "P33_013": -1,
        "P33_014": -1,
        "P33_015": "‐",
        "P33_016": "‐",
        "P33_017": "‐",
        "P33_018": -1,
        "P33_019": -1,
        "P33_020": -1,
        "P33_021": -1,
        "P33_022": -1,
        "P33_023": -1,
        "P33_024": -1,
        "P33_041": 1
      },
      "geometry": {
        "type": "Point",
        "coordinates": [
          135.17751699944364,
          35.5755660004541
        ]
      }
    },
    {
      "type": "Feature",
      "properties": {
        "P33_001": 298,
        "P33_002": "26111",
        "P33_003": "26",
        "P33_004": 6,
        "P33_005": "嵐山モンキーパークいわたやま",
        "P33_006": "616-0007",
        "P33_007": "京都市西京区嵐山元録山町8",
        "P33_008": "075-872-0950",
        "P33_009": -1,
        "P33_010": "‐",
        "P33_011": "‐",
        "P33_012": -1,
        "P33_013": -1,
        "P33_014": -1,
        "P33_015": "‐",
        "P33_016": "‐",
        "P33_017": "‐",
        "P33_018": -1,
        "P33_019": -1,
        "P33_020": -1,
        "P33_021": -1,
        "P33_022": -1,
        "P33_023": -1,
        "P33_024": -1,
        "P33_041": 1
      },
      "geometry": {
        "type": "Point",
        "coordinates": [
          135.67473599984328,
          35.00900000059904
        ]
      }
    },
    {
      "type": "Feature",
      "properties": {
        "P33_001": 230,
        "P33_002": "26103",
        "P33_003": "26",
        "P33_004": 3,
        "P33_005": "京都コンサートホール",
        "P33_006": "606-0823",
        "P33_007": "京都市左京区下鴨半木町1-26",
        "P33_008": "075-711-2980",
        "P33_009": 19950331,
        "P33_010": "http://www.kyoto-ongeibun.jp/kyotoconcerthall",
        "P33_011": "地下鉄烏丸線北山駅",
        "P33_012": -1,
        "P33_013": -1,
        "P33_014": -1,
        "P33_015": "‐",
        "P33_016": "‐",
        "P33_017": "‐",
        "P33_018": 9900,
        "P33_019": 22412,
        "P33_020": 2,
        "P33_021": 1839,
        "P33_022": 2353,
        "P33_023": -1,
        "P33_024": -1,
        "P33_041": 1
      },
      "geometry": {
        "type": "Point",
        "coordinates": [
          135.7666669996125,
          35.05000000003672
        ]
      }
    },
    {
      "type": "Feature",
      "properties": {
        "P33_001": 262,
        "P33_002": "26103",
        "P33_003": "26",
        "P33_004": 4,
        "P33_005": "国立京都国際会館（ＩＣＣＫｙｏｔｏ）",
        "P33_006": "606-0001",
        "P33_007": "京都市左京区岩倉大鷺町422",
        "P33_008": "075-705-1229",
        "P33_009": 19660521,
        "P33_010": "‐",
        "P33_011": "地下鉄烏丸線国際会館駅",
        "P33_012": -1,
        "P33_013": -1,
        "P33_014": -1,
        "P33_015": "‐",
        "P33_016": "‐",
        "P33_017": "‐",
        "P33_018": 156100,
        "P33_019": -1,
        "P33_020": 3,
        "P33_021": 1840,
        "P33_022": 2383,
        "P33_023": 19,
        "P33_024": 2,
        "P33_041": 1
      },
      "geometry": {
        "type": "Point",
        "coordinates": [
          135.78291000002508,
          35.061234000526056
        ]
      }
    },
    {
      "type": "Feature",
      "properties": {
        "P33_001": 16,
        "P33_002": "26102",
        "P33_003": "26",
        "P33_004": 2,
        "P33_005": "京都府立文化芸術会館",
        "P33_006": "602-0858",
        "P33_007": "京都市上京区東桜町1",
        "P33_008": "075-222-1046",
        "P33_009": 19691225,
        "P33_010": "http://www.bungei.jp",
        "P33_011": "京阪鴨東線神宮丸太町駅",
        "P33_012": -1,
        "P33_013": -1,
        "P33_014": -1,
        "P33_015": "‐",
        "P33_016": "‐",
        "P33_017": "‐",
        "P33_018": 4468,
        "P33_019": 4388,
        "P33_020": 1,
        "P33_021": 422,
        "P33_022": 422,
        "P33_023": 2,
        "P33_024": 3,
        "P33_041": 1
      },
      "geometry": {
        "type": "Point",
        "coordinates": [
          135.76883400037232,
          35.02296600054873
        ]
      }
    },
    {
      "type": "Feature",
      "properties": {
        "P33_001": 106,
        "P33_002": "26208",
        "P33_003": "26",
        "P33_004": 2,
        "P33_005": "日向市民会館",
        "P33_006": "617-0002",
        "P33_007": "向日市寺戸町中ノ段17-1",
        "P33_008": "075-932-3166",
        "P33_009": 19721103,
        "P33_010": "‐",
        "P33_011": "阪急京都線東向日駅",
        "P33_012": -1,
        "P33_013": -1,
        "P33_014": -1,
        "P33_015": "‐",
        "P33_016": "‐",
        "P33_017": "‐",
        "P33_018": 2320,
        "P33_019": 2920,
        "P33_020": 1,
        "P33_021": 425,
        "P33_022": 425,
        "P33_023": 6,
        "P33_024": -1,
        "P33_041": 1
      },
      "geometry": {
        "type": "Point",
        "coordinates": [
          135.7008927780431,
          34.94660388795052
        ]
      }
    },
    {
      "type": "Feature",
      "properties": {
        "P33_001": 30,
        "P33_002": "26108",
        "P33_003": "26",
        "P33_004": 2,
        "P33_005": "京都府立ゼミナールハウス",
        "P33_006": "601-0533",
        "P33_007": "京都市右京区京北下中町鳥谷2",
        "P33_008": "0771-54-0216",
        "P33_009": 19760901,
        "P33_010": "‐",
        "P33_011": "‐",
        "P33_012": -1,
        "P33_013": -1,
        "P33_014": -1,
        "P33_015": "‐",
        "P33_016": "‐",
        "P33_017": "‐",
        "P33_018": 89245,
        "P33_019": 4206,
        "P33_020": 1,
        "P33_021": 280,
        "P33_022": 280,
        "P33_023": 5,
        "P33_024": 1,
        "P33_041": 1
      },
      "geometry": {
        "type": "Point",
        "coordinates": [
          135.6343305555913,
          35.199365833489836
        ]
      }
    },
    {
      "type": "Feature",
      "properties": {
        "P33_001": 201,
        "P33_002": "26212",
        "P33_003": "26",
        "P33_004": 2,
        "P33_005": "京都府丹後文化会館",
        "P33_006": "627-0012",
        "P33_007": "京丹後市峰山町杉谷1030",
        "P33_008": "0772-62-5200",
        "P33_009": 19800325,
        "P33_010": "‐",
        "P33_011": "‐",
        "P33_012": -1,
        "P33_013": -1,
        "P33_014": -1,
        "P33_015": "‐",
        "P33_016": "‐",
        "P33_017": "‐",
        "P33_018": 7968,
        "P33_019": 2627,
        "P33_020": 1,
        "P33_021": 858,
        "P33_022": 858,
        "P33_023": -1,
        "P33_024": -1,
        "P33_041": 1
      },
      "geometry": {
        "type": "Point",
        "coordinates": [
          135.0704181000091,
          35.624699109208194
        ]
      }
    },
    {
      "type": "Feature",
      "properties": {
        "P33_001": 12,
        "P33_002": "26102",
        "P33_003": "26",
        "P33_004": 2,
        "P33_005": "京都こども文化会館（エンゼルハウス）",
        "P33_006": "602-8336",
        "P33_007": "京都市上京区滝ケ鼻町431-1",
        "P33_008": "075-464-0356",
        "P33_009": 19820531,
        "P33_010": "‐",
        "P33_011": "京福電鉄北野線北野白梅町駅",
        "P33_012": -1,
        "P33_013": -1,
        "P33_014": -1,
        "P33_015": "‐",
        "P33_016": "‐",
        "P33_017": "‐",
        "P33_018": 4017,
        "P33_019": 4425,
        "P33_020": 2,
        "P33_021": 608,
        "P33_022": 708,
        "P33_023": -1,
        "P33_024": -1,
        "P33_041": 1
      },
      "geometry": {
        "type": "Point",
        "coordinates": [
          135.73825694412486,
          35.02700055594091
        ]
      }
    },
    {
      "type": "Feature",
      "properties": {
        "P33_001": 69,
        "P33_002": "26203",
        "P33_003": "26",
        "P33_004": 2,
        "P33_005": "京都府中丹文化会館",
        "P33_006": "623-0005",
        "P33_007": "綾部市里町久田21-20",
        "P33_008": "0773-42-7705",
        "P33_009": 19830331,
        "P33_010": "‐",
        "P33_011": "‐",
        "P33_012": -1,
        "P33_013": -1,
        "P33_014": -1,
        "P33_015": "‐",
        "P33_016": "‐",
        "P33_017": "‐",
        "P33_018": 4050,
        "P33_019": 3478,
        "P33_020": 1,
        "P33_021": 1000,
        "P33_022": 1000,
        "P33_023": 1,
        "P33_024": -1,
        "P33_041": 1
      },
      "geometry": {
        "type": "Point",
        "coordinates": [
          135.2638591665878,
          35.31233305554891
        ]
      }
    },
    {
      "type": "Feature",
      "properties": {
        "P33_001": 111,
        "P33_002": "26210",
        "P33_003": "26",
        "P33_004": 2,
        "P33_005": "八幡市文化センター",
        "P33_006": "614-8037",
        "P33_007": "八幡市八幡高畑5-3",
        "P33_008": "075-971-2111",
        "P33_009": 19830901,
        "P33_010": "‐",
        "P33_011": "京阪本線八幡市駅",
        "P33_012": -1,
        "P33_013": -1,
        "P33_014": -1,
        "P33_015": "‐",
        "P33_016": "‐",
        "P33_017": "‐",
        "P33_018": 9000,
        "P33_019": 9737,
        "P33_020": 2,
        "P33_021": 1220,
        "P33_022": 1620,
        "P33_023": 4,
        "P33_024": 1,
        "P33_041": 1
      },
      "geometry": {
        "type": "Point",
        "coordinates": [
          135.7076372218774,
          34.87465833396918
        ]
      }
    },
    {
      "type": "Feature",
      "properties": {
        "P33_001": 65,
        "P33_002": "26202",
        "P33_003": "26",
        "P33_004": 2,
        "P33_005": "舞鶴市総合文化会館",
        "P33_006": "625-0036",
        "P33_007": "舞鶴市浜2021",
        "P33_008": "0773-64-0880",
        "P33_009": 19831031,
        "P33_010": "‐",
        "P33_011": "ＪＲ舞鶴線東舞鶴駅",
        "P33_012": -1,
        "P33_013": -1,
        "P33_014": -1,
        "P33_015": "‐",
        "P33_016": "‐",
        "P33_017": "‐",
        "P33_018": 8541,
        "P33_019": 6923,
        "P33_020": 2,
        "P33_021": 1600,
        "P33_022": 2000,
        "P33_023": 1,
        "P33_024": 2,
        "P33_041": 1
      },
      "geometry": {
        "type": "Point",
        "coordinates": [
          135.3886769448901,
          35.47675888873411
        ]
      }
    },
    {
      "type": "Feature",
      "properties": {
        "P33_001": 75,
        "P33_002": "26204",
        "P33_003": "26",
        "P33_004": 2,
        "P33_005": "宇治市文化センター",
        "P33_006": "611-0023",
        "P33_007": "宇治市折居台1-1",
        "P33_008": "0774-39-9333",
        "P33_009": 19840929,
        "P33_010": "‐",
        "P33_011": "‐",
        "P33_012": -1,
        "P33_013": -1,
        "P33_014": -1,
        "P33_015": "‐",
        "P33_016": "‐",
        "P33_017": "‐",
        "P33_018": 64053,
        "P33_019": 11831,
        "P33_020": 2,
        "P33_021": 1311,
        "P33_022": 1708,
        "P33_023": -1,
        "P33_024": 1,
        "P33_041": 1
      },
      "geometry": {
        "type": "Point",
        "coordinates": [
          135.80476799982404,
          34.87958900079114
        ]
      }
    },
    {
      "type": "Feature",
      "properties": {
        "P33_001": 108,
        "P33_002": "26209",
        "P33_003": "26",
        "P33_004": 2,
        "P33_005": "京都府長岡京記念文化会館",
        "P33_006": "617-0824",
        "P33_007": "長岡京市天神4-1-1",
        "P33_008": "075-955-5711",
        "P33_009": 19880228,
        "P33_010": "‐",
        "P33_011": "阪急京都線長岡天神駅",
        "P33_012": -1,
        "P33_013": -1,
        "P33_014": -1,
        "P33_015": "‐",
        "P33_016": "‐",
        "P33_017": "‐",
        "P33_018": 2057,
        "P33_019": 7049,
        "P33_020": 1,
        "P33_021": 1004,
        "P33_022": 1004,
        "P33_023": -1,
        "P33_024": -1,
        "P33_041": 1
      },
      "geometry": {
        "type": "Point",
        "coordinates": [
          135.6883950003518,
          34.92703500046977
        ]
      }
    },
    {
      "type": "Feature",
      "properties": {
        "P33_001": 13,
        "P33_002": "26102",
        "P33_003": "26",
        "P33_004": 2,
        "P33_005": "京都府立府民ホール（アルティ）",
        "P33_006": "602-0912",
        "P33_007": "京都市上京区龍前町590-1",
        "P33_008": "075-441-1414",
        "P33_009": 19880731,
        "P33_010": "http://www.alti.org/",
        "P33_011": "地下鉄烏丸線今出川駅",
        "P33_012": -1,
        "P33_013": -1,
        "P33_014": -1,
        "P33_015": "‐",
        "P33_016": "‐",
        "P33_017": "‐",
        "P33_018": 4473,
        "P33_019": 5382,
        "P33_020": 1,
        "P33_021": 560,
        "P33_022": 560,
        "P33_023": -1,
        "P33_024": -1,
        "P33_041": 1
      },
      "geometry": {
        "type": "Point",
        "coordinates": [
          135.75853800096453,
          35.025502000638085
        ]
      }
    },
    {
      "type": "Feature",
      "properties": {
        "P33_001": 88,
        "P33_002": "26205",
        "P33_003": "26",
        "P33_004": 2,
        "P33_005": "宮津会館",
        "P33_006": "626-0041",
        "P33_007": "宮津市鶴賀2164",
        "P33_008": "0772-20-3390",
        "P33_009": 19671225,
        "P33_010": "‐",
        "P33_011": "‐",
        "P33_012": -1,
        "P33_013": -1,
        "P33_014": -1,
        "P33_015": "‐",
        "P33_016": "‐",
        "P33_017": "‐",
        "P33_018": 8052,
        "P33_019": 2533,
        "P33_020": 1,
        "P33_021": 800,
        "P33_022": 800,
        "P33_023": -1,
        "P33_024": -1,
        "P33_041": 1
      },
      "geometry": {
        "type": "Point",
        "coordinates": [
          135.197547000721,
          35.53886300008915
        ]
      }
    },
    {
      "type": "Feature",
      "properties": {
        "P33_001": 18,
        "P33_002": "26103",
        "P33_003": "26",
        "P33_004": 2,
        "P33_005": "京都市国際交流会館（ＫｏＫｏＫａ）",
        "P33_006": "606-8536",
        "P33_007": "京都市左京区粟田口鳥居町2-1",
        "P33_008": "075-752-3010",
        "P33_009": 19890912,
        "P33_010": "‐",
        "P33_011": "地下鉄東西線蹴上駅",
        "P33_012": -1,
        "P33_013": -1,
        "P33_014": -1,
        "P33_015": "‐",
        "P33_016": "‐",
        "P33_017": "‐",
        "P33_018": 10373,
        "P33_019": 6970,
        "P33_020": 1,
        "P33_021": 234,
        "P33_022": 234,
        "P33_023": 6,
        "P33_024": 1,
        "P33_041": 1
      },
      "geometry": {
        "type": "Point",
        "coordinates": [
          135.7874784311905,
          35.01068735817044
        ]
      }
    },
    {
      "type": "Feature",
      "properties": {
        "P33_001": 110,
        "P33_002": "26210",
        "P33_003": "26",
        "P33_004": 2,
        "P33_005": "八幡市立生涯学習センター",
        "P33_006": "614-8376",
        "P33_007": "八幡市男山竹園2-3",
        "P33_008": "075-983-6002",
        "P33_009": 19901001,
        "P33_010": "‐",
        "P33_011": "‐",
        "P33_012": -1,
        "P33_013": -1,
        "P33_014": -1,
        "P33_015": "‐",
        "P33_016": "‐",
        "P33_017": "‐",
        "P33_018": 2206,
        "P33_019": 3261,
        "P33_020": 1,
        "P33_021": 250,
        "P33_022": 250,
        "P33_023": 3,
        "P33_024": -1,
        "P33_041": 1
      },
      "geometry": {
        "type": "Point",
        "coordinates": [
          135.6971513578808,
          34.85604687558114
        ]
      }
    },
    {
      "type": "Feature",
      "properties": {
        "P33_001": 66,
        "P33_002": "26202",
        "P33_003": "26",
        "P33_004": 2,
        "P33_005": "舞鶴市民会館",
        "P33_006": "624-0855",
        "P33_007": "舞鶴市北田辺51",
        "P33_008": "0773-75-0513",
        "P33_009": 19680930,
        "P33_010": "‐",
        "P33_011": "ＪＲ舞鶴線西舞鶴駅",
        "P33_012": -1,
        "P33_013": -1,
        "P33_014": -1,
        "P33_015": "‐",
        "P33_016": "‐",
        "P33_017": "‐",
        "P33_018": 3712,
        "P33_019": 4271,
        "P33_020": 1,
        "P33_021": 1067,
        "P33_022": 1067,
        "P33_023": -1,
        "P33_024": -1,
        "P33_041": 1
      },
      "geometry": {
        "type": "Point",
        "coordinates": [
          135.32941555553649,
          35.4484188883975
        ]
      }
    },
    {
      "type": "Feature",
      "properties": {
        "P33_001": 99,
        "P33_002": "26207",
        "P33_003": "26",
        "P33_004": 2,
        "P33_005": "文化パルク城陽",
        "P33_006": "610-0121",
        "P33_007": "城陽市寺田今堀1",
        "P33_008": "0774-55-1010",
        "P33_009": 19950630,
        "P33_010": "http://www6.ocn.ne.jp/~parc/parc/sisetsu_p.html",
        "P33_011": "近鉄京都線寺田駅",
        "P33_012": -1,
        "P33_013": -1,
        "P33_014": -1,
        "P33_015": "‐",
        "P33_016": "‐",
        "P33_017": "‐",
        "P33_018": 18146,
        "P33_019": 19968,
        "P33_020": 3,
        "P33_021": 1305,
        "P33_022": 1705,
        "P33_023": 7,
        "P33_024": 2,
        "P33_041": 1
      },
      "geometry": {
        "type": "Point",
        "coordinates": [
          135.77318444445893,
          34.849167222079004
        ]
      }
    },
    {
      "type": "Feature",
      "properties": {
        "P33_001": 67,
        "P33_002": "26202",
        "P33_003": "26",
        "P33_004": 2,
        "P33_005": "舞鶴市商工観光センター（まいづるベイ・プラザ）",
        "P33_006": "625-0036",
        "P33_007": "舞鶴市浜66",
        "P33_008": "0773-64-6800",
        "P33_009": 19981028,
        "P33_010": "‐",
        "P33_011": "‐",
        "P33_012": -1,
        "P33_013": -1,
        "P33_014": -1,
        "P33_015": "‐",
        "P33_016": "‐",
        "P33_017": "‐",
        "P33_018": 3181,
        "P33_019": 6350,
        "P33_020": 1,
        "P33_021": 336,
        "P33_022": 336,
        "P33_023": 1,
        "P33_024": 1,
        "P33_041": 1
      },
      "geometry": {
        "type": "Point",
        "coordinates": [
          135.3950942019768,
          35.47693028185119
        ]
      }
    },
    {
      "type": "Feature",
      "properties": {
        "P33_001": 33,
        "P33_002": "26109",
        "P33_003": "26",
        "P33_004": 2,
        "P33_005": "京都市醍醐交流会館",
        "P33_006": "601-1375",
        "P33_007": "京都市伏見区醍醐高畑町30-1",
        "P33_008": "075-575-2580",
        "P33_009": 19970315,
        "P33_010": "‐",
        "P33_011": "‐",
        "P33_012": -1,
        "P33_013": -1,
        "P33_014": -1,
        "P33_015": "‐",
        "P33_016": "‐",
        "P33_017": "‐",
        "P33_018": 2087,
        "P33_019": -1,
        "P33_020": 1,
        "P33_021": 196,
        "P33_022": 196,
        "P33_023": 3,
        "P33_024": -1,
        "P33_041": 1
      },
      "geometry": {
        "type": "Point",
        "coordinates": [
          135.81032799989623,
          34.95076899960567
        ]
      }
    },
    {
      "type": "Feature",
      "properties": {
        "P33_001": 209,
        "P33_002": "26344",
        "P33_003": "26",
        "P33_004": 2,
        "P33_005": "宇治田原町総合文化センター（さざんかホール）",
        "P33_006": "610-0261",
        "P33_007": "宇治田原町岩山小字沼尻46-1",
        "P33_008": "0774-88-5851",
        "P33_009": 19960601,
        "P33_010": "‐",
        "P33_011": "‐",
        "P33_012": -1,
        "P33_013": -1,
        "P33_014": -1,
        "P33_015": "‐",
        "P33_016": "‐",
        "P33_017": "‐",
        "P33_018": 5328,
        "P33_019": 4085,
        "P33_020": 1,
        "P33_021": 406,
        "P33_022": 406,
        "P33_023": 3,
        "P33_024": -1,
        "P33_041": 1
      },
      "geometry": {
        "type": "Point",
        "coordinates": [
          135.86314413079495,
          34.85580431157608
        ]
      }
    },
    {
      "type": "Feature",
      "properties": {
        "P33_001": 58,
        "P33_002": "26201",
        "P33_003": "26",
        "P33_004": 2,
        "P33_005": "福知山市厚生会館",
        "P33_006": "620-0038",
        "P33_007": "福知山市西中ノ町170-5",
        "P33_008": "0773-22-4955",
        "P33_009": 19621122,
        "P33_010": "‐",
        "P33_011": "ＪＲ山陰本線福知山駅",
        "P33_012": -1,
        "P33_013": -1,
        "P33_014": -1,
        "P33_015": "‐",
        "P33_016": "‐",
        "P33_017": "‐",
        "P33_018": 2964,
        "P33_019": 3763,
        "P33_020": 1,
        "P33_021": 1002,
        "P33_022": 1002,
        "P33_023": 3,
        "P33_024": -1,
        "P33_041": 1
      },
      "geometry": {
        "type": "Point",
        "coordinates": [
          135.12307199987688,
          35.302298000556206
        ]
      }
    },
    {
      "type": "Feature",
      "properties": {
        "P33_001": 27,
        "P33_002": "26107",
        "P33_003": "26",
        "P33_004": 2,
        "P33_005": "京都府民総合交流プラザ（京都テルサ）",
        "P33_006": "601-8047",
        "P33_007": "京都市南区東九条下殿田町70",
        "P33_008": "075-692-3400",
        "P33_009": -1,
        "P33_010": "‐",
        "P33_011": "‐",
        "P33_012": -1,
        "P33_013": -1,
        "P33_014": -1,
        "P33_015": "‐",
        "P33_016": "‐",
        "P33_017": "‐",
        "P33_018": 9900,
        "P33_019": -1,
        "P33_020": 1,
        "P33_021": 856,
        "P33_022": 856,
        "P33_023": 11,
        "P33_024": -1,
        "P33_041": 1
      },
      "geometry": {
        "type": "Point",
        "coordinates": [
          135.75627212144977,
          34.97740042226084
        ]
      }
    },
    {
      "type": "Feature",
      "properties": {
        "P33_001": 94,
        "P33_002": "26206",
        "P33_003": "26",
        "P33_004": 2,
        "P33_005": "亀岡会館",
        "P33_006": "621-0864",
        "P33_007": "亀岡市内丸町1-18",
        "P33_008": "0771-23-1134",
        "P33_009": 19701103,
        "P33_010": "‐",
        "P33_011": "ＪＲ嵯峨野線亀岡駅",
        "P33_012": -1,
        "P33_013": -1,
        "P33_014": -1,
        "P33_015": "‐",
        "P33_016": "‐",
        "P33_017": "‐",
        "P33_018": 3236,
        "P33_019": 5527,
        "P33_020": 1,
        "P33_021": 776,
        "P33_022": 776,
        "P33_023": 4,
        "P33_024": -1,
        "P33_041": 1
      },
      "geometry": {
        "type": "Point",
        "coordinates": [
          135.5789069804905,
          35.01430582411844
        ]
      }
    },
    {
      "type": "Feature",
      "properties": {
        "P33_001": 213,
        "P33_002": "26367",
        "P33_003": "26",
        "P33_004": 2,
        "P33_005": "南山城村文化会館（やまなみホール）",
        "P33_006": "619-1411",
        "P33_007": "南山城村北大河原小字久保8",
        "P33_008": "0743-93-0560",
        "P33_009": 19910812,
        "P33_010": "‐",
        "P33_011": "ＪＲ関西本線大河原駅",
        "P33_012": -1,
        "P33_013": -1,
        "P33_014": -1,
        "P33_015": "‐",
        "P33_016": "‐",
        "P33_017": "‐",
        "P33_018": 3203,
        "P33_019": 1870,
        "P33_020": 1,
        "P33_021": 384,
        "P33_022": 384,
        "P33_023": 1,
        "P33_024": -1,
        "P33_041": 1
      },
      "geometry": {
        "type": "Point",
        "coordinates": [
          135.99232400088187,
          34.77237800063351
        ]
      }
    },
    {
      "type": "Feature",
      "properties": {
        "P33_001": 34,
        "P33_002": "26110",
        "P33_003": "26",
        "P33_004": 2,
        "P33_005": "京都市東部文化会館",
        "P33_006": "607-8169",
        "P33_007": "京都市山科区椥辻西浦町1-8",
        "P33_008": "075-502-1012",
        "P33_009": 19870131,
        "P33_010": "‐",
        "P33_011": "地下鉄東西線椥辻駅",
        "P33_012": -1,
        "P33_013": -1,
        "P33_014": -1,
        "P33_015": "‐",
        "P33_016": "‐",
        "P33_017": "‐",
        "P33_018": 5504,
        "P33_019": 3721,
        "P33_020": 1,
        "P33_021": 550,
        "P33_022": 550,
        "P33_023": 3,
        "P33_024": -1,
        "P33_041": 1
      },
      "geometry": {
        "type": "Point",
        "coordinates": [
          135.8139600003703,
          34.97640999991833
        ]
      }
    },
    {
      "type": "Feature",
      "properties": {
        "P33_001": 31,
        "P33_002": "26109",
        "P33_003": "26",
        "P33_004": 2,
        "P33_005": "京都市呉竹文化センター",
        "P33_006": "612-8085",
        "P33_007": "京都市伏見区京町南7-35-1",
        "P33_008": "075-603-2463",
        "P33_009": 19900531,
        "P33_010": "‐",
        "P33_011": "‐",
        "P33_012": -1,
        "P33_013": -1,
        "P33_014": -1,
        "P33_015": "‐",
        "P33_016": "‐",
        "P33_017": "‐",
        "P33_018": 4902,
        "P33_019": 4125,
        "P33_020": 1,
        "P33_021": 600,
        "P33_022": 600,
        "P33_023": 3,
        "P33_024": -1,
        "P33_041": 1
      },
      "geometry": {
        "type": "Point",
        "coordinates": [
          135.76451448013492,
          34.93827299029854
        ]
      }
    },
    {
      "type": "Feature",
      "properties": {
        "P33_001": 207,
        "P33_002": "26214",
        "P33_003": "26",
        "P33_004": 2,
        "P33_005": "木更津市加茂文化センター（あじさいホール）",
        "P33_006": "619-1152",
        "P33_007": "木津川市加茂町里南古田156",
        "P33_008": "0774-76-4611",
        "P33_009": 19930317,
        "P33_010": "‐",
        "P33_011": "‐",
        "P33_012": -1,
        "P33_013": -1,
        "P33_014": -1,
        "P33_015": "‐",
        "P33_016": "‐",
        "P33_017": "‐",
        "P33_018": 2646,
        "P33_019": 3478,
        "P33_020": 1,
        "P33_021": 494,
        "P33_022": 494,
        "P33_023": 3,
        "P33_024": 1,
        "P33_041": 1
      },
      "geometry": {
        "type": "Point",
        "coordinates": [
          135.86596918759824,
          34.75133779651109
        ]
      }
    },
    {
      "type": "Feature",
      "properties": {
        "P33_001": 36,
        "P33_002": "26111",
        "P33_003": "26",
        "P33_004": 2,
        "P33_005": "京都市西文化会館ウエスティ（ウエスティ）",
        "P33_006": "615-8225",
        "P33_007": "京都市西京区上桂森下町31-1",
        "P33_008": "075-394-2005",
        "P33_009": 19930615,
        "P33_010": "‐",
        "P33_011": "‐",
        "P33_012": -1,
        "P33_013": -1,
        "P33_014": -1,
        "P33_015": "‐",
        "P33_016": "‐",
        "P33_017": "‐",
        "P33_018": 6492,
        "P33_019": 3703,
        "P33_020": 1,
        "P33_021": 448,
        "P33_022": 448,
        "P33_023": 3,
        "P33_024": -1,
        "P33_041": 1
      },
      "geometry": {
        "type": "Point",
        "coordinates": [
          135.69418732321657,
          34.98493152386098
        ]
      }
    },
    {
      "type": "Feature",
      "properties": {
        "P33_001": 11,
        "P33_002": "26101",
        "P33_003": "26",
        "P33_004": 2,
        "P33_005": "京都市北文化会館",
        "P33_006": "603-8142",
        "P33_007": "京都市北区小山北上総町49-2",
        "P33_008": "075-493-0567",
        "P33_009": 19950228,
        "P33_010": "‐",
        "P33_011": "‐",
        "P33_012": -1,
        "P33_013": -1,
        "P33_014": -1,
        "P33_015": "‐",
        "P33_016": "‐",
        "P33_017": "‐",
        "P33_018": 4736,
        "P33_019": -1,
        "P33_020": 1,
        "P33_021": 405,
        "P33_022": 405,
        "P33_023": 4,
        "P33_024": -1,
        "P33_041": 1
      },
      "geometry": {
        "type": "Point",
        "coordinates": [
          135.75857699997314,
          35.045869000378666
        ]
      }
    },
    {
      "type": "Feature",
      "properties": {
        "P33_001": 205,
        "P33_002": "26214",
        "P33_003": "26",
        "P33_004": 2,
        "P33_005": "山城総合文化センター（アスピアやましろ）",
        "P33_006": "619-0202",
        "P33_007": "木津川市山城町平尾前田24",
        "P33_008": "0774-86-5851",
        "P33_009": 19961225,
        "P33_010": "‐",
        "P33_011": "‐",
        "P33_012": -1,
        "P33_013": -1,
        "P33_014": -1,
        "P33_015": "‐",
        "P33_016": "‐",
        "P33_017": "‐",
        "P33_018": 14666,
        "P33_019": 4329,
        "P33_020": 1,
        "P33_021": 452,
        "P33_022": 452,
        "P33_023": 2,
        "P33_024": 1,
        "P33_041": 1
      },
      "geometry": {
        "type": "Point",
        "coordinates": [
          135.81216426915014,
          34.775871187506255
        ]
      }
    },
    {
      "type": "Feature",
      "properties": {
        "P33_001": 206,
        "P33_002": "26214",
        "P33_003": "26",
        "P33_004": 2,
        "P33_005": "木更津市中央交流会館（いずみホール）",
        "P33_006": "619-0214",
        "P33_007": "木津川市木津宮ノ内92",
        "P33_008": "0774-72-8800",
        "P33_009": 19941125,
        "P33_010": "‐",
        "P33_011": "‐",
        "P33_012": -1,
        "P33_013": -1,
        "P33_014": -1,
        "P33_015": "‐",
        "P33_016": "‐",
        "P33_017": "‐",
        "P33_018": 3638,
        "P33_019": 1635,
        "P33_020": 1,
        "P33_021": 286,
        "P33_022": 286,
        "P33_023": 2,
        "P33_024": -1,
        "P33_041": 1
      },
      "geometry": {
        "type": "Point",
        "coordinates": [
          135.8188340841544,
          34.730716683375135
        ]
      }
    },
    {
      "type": "Feature",
      "properties": {
        "P33_001": 19,
        "P33_002": "26104",
        "P33_003": "26",
        "P33_004": 2,
        "P33_005": "京都市男女同参画センター（ウイングス京都）",
        "P33_006": "604-8147",
        "P33_007": "京都市中京区東洞院通六角下る御射山町262",
        "P33_008": "072-212-7490",
        "P33_009": 19940100,
        "P33_010": "‐",
        "P33_011": "‐",
        "P33_012": -1,
        "P33_013": -1,
        "P33_014": -1,
        "P33_015": "‐",
        "P33_016": "‐",
        "P33_017": "‐",
        "P33_018": 2920,
        "P33_019": 10465,
        "P33_020": 1,
        "P33_021": 252,
        "P33_022": 252,
        "P33_023": 1,
        "P33_024": 1,
        "P33_041": 1
      },
      "geometry": {
        "type": "Point",
        "coordinates": [
          135.76140250014905,
          35.00686972220817
        ]
      }
    },
    {
      "type": "Feature",
      "properties": {
        "P33_001": 59,
        "P33_002": "26201",
        "P33_003": "26",
        "P33_004": 2,
        "P33_005": "福知山市民会館",
        "P33_006": "620-0035",
        "P33_007": "福知山市内記100",
        "P33_008": "0773-22-9551",
        "P33_009": 19720331,
        "P33_010": "‐",
        "P33_011": "‐",
        "P33_012": -1,
        "P33_013": -1,
        "P33_014": -1,
        "P33_015": "‐",
        "P33_016": "‐",
        "P33_017": "‐",
        "P33_018": 14693,
        "P33_019": 3294,
        "P33_020": 1,
        "P33_021": 430,
        "P33_022": 430,
        "P33_023": 6,
        "P33_024": -1,
        "P33_041": 1
      },
      "geometry": {
        "type": "Point",
        "coordinates": [
          135.12591934420914,
          35.29649686894182
        ]
      }
    },
    {
      "type": "Feature",
      "properties": {
        "P33_001": 76,
        "P33_002": "26204",
        "P33_003": "26",
        "P33_004": 2,
        "P33_005": "宇治市市民会館",
        "P33_006": "611-0021",
        "P33_007": "宇治市宇治里尻71-9",
        "P33_008": "0774-39-9272",
        "P33_009": 19650905,
        "P33_010": "‐",
        "P33_011": "‐",
        "P33_012": -1,
        "P33_013": -1,
        "P33_014": -1,
        "P33_015": "‐",
        "P33_016": "‐",
        "P33_017": "‐",
        "P33_018": 1927,
        "P33_019": 1566,
        "P33_020": 1,
        "P33_021": 250,
        "P33_022": 250,
        "P33_023": 5,
        "P33_024": -1,
        "P33_041": 1
      },
      "geometry": {
        "type": "Point",
        "coordinates": [
          135.80440229966638,
          34.893128890001734
        ]
      }
    },
    {
      "type": "Feature",
      "properties": {
        "P33_001": 95,
        "P33_002": "26206",
        "P33_003": "26",
        "P33_004": 2,
        "P33_005": "ガリレアかめおか",
        "P33_006": "621-0806",
        "P33_007": "亀岡市余部町宝久保1-1",
        "P33_008": "0771-29-2700",
        "P33_009": -1,
        "P33_010": "‐",
        "P33_011": "‐",
        "P33_012": -1,
        "P33_013": -1,
        "P33_014": -1,
        "P33_015": "‐",
        "P33_016": "‐",
        "P33_017": "‐",
        "P33_018": 40489,
        "P33_019": 27833,
        "P33_020": 2,
        "P33_021": 1200,
        "P33_022": 1420,
        "P33_023": 1,
        "P33_024": 1,
        "P33_041": 1
      },
      "geometry": {
        "type": "Point",
        "coordinates": [
          135.56668199917536,
          35.014543999747005
        ]
      }
    },
    {
      "type": "Feature",
      "properties": {
        "P33_001": 28,
        "P33_002": "26108",
        "P33_003": "26",
        "P33_004": 2,
        "P33_005": "京都市右京ふれあい文化会館",
        "P33_006": "616-8065",
        "P33_007": "京都市右京区太秦安井西裏町11-6",
        "P33_008": "075-822-3349",
        "P33_009": 20010531,
        "P33_010": "‐",
        "P33_011": "‐",
        "P33_012": -1,
        "P33_013": -1,
        "P33_014": -1,
        "P33_015": "‐",
        "P33_016": "‐",
        "P33_017": "‐",
        "P33_018": 6011,
        "P33_019": 4288,
        "P33_020": 1,
        "P33_021": 452,
        "P33_022": 452,
        "P33_023": 4,
        "P33_024": -1,
        "P33_041": 1
      },
      "geometry": {
        "type": "Point",
        "coordinates": [
          135.7172399999059,
          35.01676400064002
        ]
      }
    },
    {
      "type": "Feature",
      "properties": {
        "P33_001": 222,
        "P33_002": "26103",
        "P33_003": "26",
        "P33_004": 3,
        "P33_005": "京都教育文化センター",
        "P33_006": "606-8397",
        "P33_007": "京都市左京区聖護院川原町4-13",
        "P33_008": "075-771-4221",
        "P33_009": 19640000,
        "P33_010": "http://www2.odn.ne.jp/kyobun/",
        "P33_011": "京阪鴨東線神宮丸太町駅",
        "P33_012": -1,
        "P33_013": -1,
        "P33_014": -1,
        "P33_015": "‐",
        "P33_016": "‐",
        "P33_017": "‐",
        "P33_018": -1,
        "P33_019": -1,
        "P33_020": 1,
        "P33_021": 360,
        "P33_022": 360,
        "P33_023": -1,
        "P33_024": -1,
        "P33_041": 1
      },
      "geometry": {
        "type": "Point",
        "coordinates": [
          135.77546299954045,
          35.01818599960129
        ]
      }
    },
    {
      "type": "Feature",
      "properties": {
        "P33_001": 223,
        "P33_002": "26103",
        "P33_003": "26",
        "P33_004": 3,
        "P33_005": "京都芸術劇場春秋座",
        "P33_006": "606-8271",
        "P33_007": "京都市左京区北白川瓜生山2-116",
        "P33_008": "075-791-9207",
        "P33_009": 20010500,
        "P33_010": "‐",
        "P33_011": "叡山鉄道叡山本線茶山駅",
        "P33_012": -1,
        "P33_013": -1,
        "P33_014": -1,
        "P33_015": "‐",
        "P33_016": "‐",
        "P33_017": "‐",
        "P33_018": -1,
        "P33_019": -1,
        "P33_020": 1,
        "P33_021": 732,
        "P33_022": 732,
        "P33_023": -1,
        "P33_024": -1,
        "P33_041": 1
      },
      "geometry": {
        "type": "Point",
        "coordinates": [
          135.79215500081963,
          35.03740900031966
        ]
      }
    },
    {
      "type": "Feature",
      "properties": {
        "P33_001": 246,
        "P33_002": "26106",
        "P33_003": "26",
        "P33_004": 3,
        "P33_005": "京都染織会館（シルクホール）",
        "P33_006": "600-8009",
        "P33_007": "京都市下京区四条通室町東入函谷鉾町80",
        "P33_008": "075-211-8341",
        "P33_009": 19651100,
        "P33_010": "‐",
        "P33_011": "阪急京都線烏丸駅",
        "P33_012": -1,
        "P33_013": -1,
        "P33_014": -1,
        "P33_015": "‐",
        "P33_016": "‐",
        "P33_017": "‐",
        "P33_018": -1,
        "P33_019": -1,
        "P33_020": 1,
        "P33_021": 760,
        "P33_022": 760,
        "P33_023": -1,
        "P33_024": -1,
        "P33_041": 1
      },
      "geometry": {
        "type": "Point",
        "coordinates": [
          135.75843300055647,
          35.00300900055506
        ]
      }
    },
    {
      "type": "Feature",
      "properties": {
        "P33_001": 224,
        "P33_002": "26103",
        "P33_003": "26",
        "P33_004": 3,
        "P33_005": "京都観世会館",
        "P33_006": "606-8344",
        "P33_007": "京都市左京区岡崎円勝寺町44",
        "P33_008": "075-771-6114",
        "P33_009": 19580400,
        "P33_010": "http://www.kyoto-kanze.jp",
        "P33_011": "地下鉄東西線東山駅",
        "P33_012": -1,
        "P33_013": -1,
        "P33_014": -1,
        "P33_015": "‐",
        "P33_016": "‐",
        "P33_017": "‐",
        "P33_018": -1,
        "P33_019": -1,
        "P33_020": 1,
        "P33_021": 551,
        "P33_022": 551,
        "P33_023": -1,
        "P33_024": -1,
        "P33_041": 1
      },
      "geometry": {
        "type": "Point",
        "coordinates": [
          135.7815009997136,
          35.01132800030375
        ]
      }
    },
    {
      "type": "Feature",
      "properties": {
        "P33_001": 242,
        "P33_002": "26105",
        "P33_003": "26",
        "P33_004": 3,
        "P33_005": "京都四條　南座",
        "P33_006": "605-0075",
        "P33_007": "京都市東山区四条大橋東詰",
        "P33_008": "075-561-1155",
        "P33_009": 19911100,
        "P33_010": "http://www.shochiku.co.jp/",
        "P33_011": "京阪本線祇園四条駅",
        "P33_012": -1,
        "P33_013": -1,
        "P33_014": -1,
        "P33_015": "‐",
        "P33_016": "‐",
        "P33_017": "‐",
        "P33_018": -1,
        "P33_019": -1,
        "P33_020": 1,
        "P33_021": 1078,
        "P33_022": 1078,
        "P33_023": -1,
        "P33_024": -1,
        "P33_041": 1
      },
      "geometry": {
        "type": "Point",
        "coordinates": [
          135.77238000100957,
          35.00349700018843
        ]
      }
    },
    {
      "type": "Feature",
      "properties": {
        "P33_001": 279,
        "P33_002": "26108",
        "P33_003": "26",
        "P33_004": 5,
        "P33_005": "西京極陸上競技場兼球技場",
        "P33_006": "615-0864",
        "P33_007": "京都市右京区西京極新明町29",
        "P33_008": "075-313-9134",
        "P33_009": 19420000,
        "P33_010": "‐",
        "P33_011": "阪急京都線西京極駅",
        "P33_012": -1,
        "P33_013": -1,
        "P33_014": -1,
        "P33_015": "‐",
        "P33_016": "‐",
        "P33_017": "‐",
        "P33_018": -1,
        "P33_019": -1,
        "P33_020": 1,
        "P33_021": 20588,
        "P33_022": 20588,
        "P33_023": -1,
        "P33_024": -1,
        "P33_041": 1
      },
      "geometry": {
        "type": "Point",
        "coordinates": [
          135.71396000059877,
          34.993478000508325
        ]
      }
    },
    {
      "type": "Feature",
      "properties": {
        "P33_001": 273,
        "P33_002": "26101",
        "P33_003": "26",
        "P33_004": 5,
        "P33_005": "島津アリーナ京都（京都府立体育館）",
        "P33_006": "603-8334",
        "P33_007": "京都市北区大将軍鷹司町",
        "P33_008": "075-462-9191",
        "P33_009": 19711000,
        "P33_010": "http://www.kyoto-furitutaiikukan.jp/",
        "P33_011": "ＪＲ山陰本線円町駅",
        "P33_012": -1,
        "P33_013": -1,
        "P33_014": -1,
        "P33_015": "‐",
        "P33_016": "‐",
        "P33_017": "‐",
        "P33_018": -1,
        "P33_019": -1,
        "P33_020": 1,
        "P33_021": 8635,
        "P33_022": 8635,
        "P33_023": -1,
        "P33_024": -1,
        "P33_041": 1
      },
      "geometry": {
        "type": "Point",
        "coordinates": [
          135.72855999998092,
          35.022855000194745
        ]
      }
    },
    {
      "type": "Feature",
      "properties": {
        "P33_001": 247,
        "P33_002": "26106",
        "P33_003": "26",
        "P33_004": 3,
        "P33_005": "ＡＲＣ　ＤＥＵＸ（アークデュウ）",
        "P33_006": "600-8025",
        "P33_007": "京都市下京区河原町通高辻下ル清水町454-1",
        "P33_008": "075-343-3182",
        "P33_009": -1,
        "P33_010": "‐",
        "P33_011": "阪急京都線河原駅",
        "P33_012": -1,
        "P33_013": -1,
        "P33_014": -1,
        "P33_015": "‐",
        "P33_016": "‐",
        "P33_017": "‐",
        "P33_018": -1,
        "P33_019": -1,
        "P33_020": -1,
        "P33_021": -1,
        "P33_022": -1,
        "P33_023": -1,
        "P33_024": -1,
        "P33_041": 1
      },
      "geometry": {
        "type": "Point",
        "coordinates": [
          135.7683700003999,
          34.99995600001529
        ]
      }
    },
    {
      "type": "Feature",
      "properties": {
        "P33_001": 241,
        "P33_002": "26104",
        "P33_003": "26",
        "P33_004": 3,
        "P33_005": "ＡＲＴ　ＣＯＭＰＬＥＸ　１９２８（アートコンプレックスイチキュウニイハチ）",
        "P33_006": "604-8082",
        "P33_007": "京都市中京区三条通御幸町東南角（1928ビル3F）",
        "P33_008": "075-254-6520",
        "P33_009": -1,
        "P33_010": "‐",
        "P33_011": "京阪本線三条駅",
        "P33_012": -1,
        "P33_013": -1,
        "P33_014": -1,
        "P33_015": "‐",
        "P33_016": "‐",
        "P33_017": "‐",
        "P33_018": -1,
        "P33_019": -1,
        "P33_020": -1,
        "P33_021": -1,
        "P33_022": -1,
        "P33_023": -1,
        "P33_024": -1,
        "P33_041": 1
      },
      "geometry": {
        "type": "Point",
        "coordinates": [
          135.76652500037292,
          35.008495000131155
        ]
      }
    },
    {
      "type": "Feature",
      "properties": {
        "P33_001": 256,
        "P33_002": "26111",
        "P33_003": "26",
        "P33_004": 3,
        "P33_005": "青山音楽記念館",
        "P33_006": "615-8282",
        "P33_007": "京都市西京区松尾大利町9-1",
        "P33_008": "075-393-0011",
        "P33_009": -1,
        "P33_010": "‐",
        "P33_011": "阪急電鉄嵐山線上桂駅",
        "P33_012": -1,
        "P33_013": -1,
        "P33_014": -1,
        "P33_015": "‐",
        "P33_016": "‐",
        "P33_017": "‐",
        "P33_018": -1,
        "P33_019": -1,
        "P33_020": -1,
        "P33_021": -1,
        "P33_022": -1,
        "P33_023": -1,
        "P33_024": -1,
        "P33_041": 1
      },
      "geometry": {
        "type": "Point",
        "coordinates": [
          135.6919517263831,
          34.99083889213118
        ]
      }
    },
    {
      "type": "Feature",
      "properties": {
        "P33_001": 225,
        "P33_002": "26103",
        "P33_003": "26",
        "P33_004": 3,
        "P33_005": "アトリエ劇研",
        "P33_006": "606-0856",
        "P33_007": "京都市左京区下鴨塚本町1",
        "P33_008": "075-791-1966",
        "P33_009": -1,
        "P33_010": "‐",
        "P33_011": "地下鉄烏丸線松ヶ崎駅",
        "P33_012": -1,
        "P33_013": -1,
        "P33_014": -1,
        "P33_015": "‐",
        "P33_016": "‐",
        "P33_017": "‐",
        "P33_018": -1,
        "P33_019": -1,
        "P33_020": -1,
        "P33_021": -1,
        "P33_022": -1,
        "P33_023": -1,
        "P33_024": -1,
        "P33_041": 1
      },
      "geometry": {
        "type": "Point",
        "coordinates": [
          135.77511100059593,
          35.04453299957372
        ]
      }
    },
    {
      "type": "Feature",
      "properties": {
        "P33_001": 243,
        "P33_002": "26105",
        "P33_003": "26",
        "P33_004": 3,
        "P33_005": "ＷＨＯＯＰＥＥＳ（ウーピーズ）",
        "P33_006": "605-0000",
        "P33_007": "京都市東山区八坂鳥居前下ル清井町493-1（B1F）",
        "P33_008": "075-551-2331",
        "P33_009": -1,
        "P33_010": "‐",
        "P33_011": "阪急京都線河原町駅",
        "P33_012": -1,
        "P33_013": -1,
        "P33_014": -1,
        "P33_015": "‐",
        "P33_016": "‐",
        "P33_017": "‐",
        "P33_018": -1,
        "P33_019": -1,
        "P33_020": -1,
        "P33_021": -1,
        "P33_022": -1,
        "P33_023": -1,
        "P33_024": -1,
        "P33_041": 1
      },
      "geometry": {
        "type": "Point",
        "coordinates": [
          135.77759000009192,
          35.0025561522711
        ]
      }
    },
    {
      "type": "Feature",
      "properties": {
        "P33_001": 231,
        "P33_002": "26104",
        "P33_003": "26",
        "P33_004": 3,
        "P33_005": "大江能楽堂",
        "P33_006": "604-0944",
        "P33_007": "京都市中京区押小路通柳馬場東入ル",
        "P33_008": "075-561-0622",
        "P33_009": -1,
        "P33_010": "‐",
        "P33_011": "地下鉄東西線京都市役所前駅",
        "P33_012": -1,
        "P33_013": -1,
        "P33_014": -1,
        "P33_015": "‐",
        "P33_016": "‐",
        "P33_017": "‐",
        "P33_018": -1,
        "P33_019": -1,
        "P33_020": -1,
        "P33_021": -1,
        "P33_022": -1,
        "P33_023": -1,
        "P33_024": -1,
        "P33_041": 1
      },
      "geometry": {
        "type": "Point",
        "coordinates": [
          135.76437200085283,
          35.01198400072369
        ]
      }
    },
    {
      "type": "Feature",
      "properties": {
        "P33_001": 244,
        "P33_002": "26105",
        "P33_003": "26",
        "P33_004": 3,
        "P33_005": "ＣＡＮＤＹ（キャンディ）",
        "P33_006": "605-0082",
        "P33_007": "京都市東山区祇園四条花見小路新門前上ル中之町244-1（汀館B1F）",
        "P33_008": "075-531-2148",
        "P33_009": -1,
        "P33_010": "‐",
        "P33_011": "京阪本線三条駅",
        "P33_012": -1,
        "P33_013": -1,
        "P33_014": -1,
        "P33_015": "‐",
        "P33_016": "‐",
        "P33_017": "‐",
        "P33_018": -1,
        "P33_019": -1,
        "P33_020": -1,
        "P33_021": -1,
        "P33_022": -1,
        "P33_023": -1,
        "P33_024": -1,
        "P33_041": 1
      },
      "geometry": {
        "type": "Point",
        "coordinates": [
          135.77538900076624,
          35.00648399979317
        ]
      }
    },
    {
      "type": "Feature",
      "properties": {
        "P33_001": 257,
        "P33_002": "26211",
        "P33_003": "26",
        "P33_004": 3,
        "P33_005": "京田辺市コミュニティホール",
        "P33_006": "610-0331",
        "P33_007": "京田辺市田辺80",
        "P33_008": "0774-63-1122",
        "P33_009": -1,
        "P33_010": "‐",
        "P33_011": "近鉄京都線新田辺駅",
        "P33_012": -1,
        "P33_013": -1,
        "P33_014": -1,
        "P33_015": "‐",
        "P33_016": "‐",
        "P33_017": "‐",
        "P33_018": -1,
        "P33_019": -1,
        "P33_020": -1,
        "P33_021": -1,
        "P33_022": -1,
        "P33_023": -1,
        "P33_024": -1,
        "P33_041": 1
      },
      "geometry": {
        "type": "Point",
        "coordinates": [
          135.76769270709755,
          34.814425699182024
        ]
      }
    },
    {
      "type": "Feature",
      "properties": {
        "P33_001": 232,
        "P33_002": "26104",
        "P33_003": "26",
        "P33_004": 3,
        "P33_005": "京都芸術センター",
        "P33_006": "604-8156",
        "P33_007": "京都市中京区室町通蛸薬師下ル山伏山町546-2",
        "P33_008": "075-213-1000",
        "P33_009": -1,
        "P33_010": "‐",
        "P33_011": "地下鉄烏丸線四条駅",
        "P33_012": -1,
        "P33_013": -1,
        "P33_014": -1,
        "P33_015": "‐",
        "P33_016": "‐",
        "P33_017": "‐",
        "P33_018": -1,
        "P33_019": -1,
        "P33_020": -1,
        "P33_021": -1,
        "P33_022": -1,
        "P33_023": -1,
        "P33_024": -1,
        "P33_041": 1
      },
      "geometry": {
        "type": "Point",
        "coordinates": [
          135.7583729996883,
          35.00543500046082
        ]
      }
    },
    {
      "type": "Feature",
      "properties": {
        "P33_001": 226,
        "P33_002": "26103",
        "P33_003": "26",
        "P33_004": 3,
        "P33_005": "京都ＦＡＮＪ（きょうとファンジェイ）",
        "P33_006": "606-0053",
        "P33_007": "京都市左京区上高野車地町101",
        "P33_008": "075-711-0711",
        "P33_009": -1,
        "P33_010": "‐",
        "P33_011": "地下鉄烏丸線国際会館駅",
        "P33_012": -1,
        "P33_013": -1,
        "P33_014": -1,
        "P33_015": "‐",
        "P33_016": "‐",
        "P33_017": "‐",
        "P33_018": -1,
        "P33_019": -1,
        "P33_020": -1,
        "P33_021": -1,
        "P33_022": -1,
        "P33_023": -1,
        "P33_024": -1,
        "P33_041": 1
      },
      "geometry": {
        "type": "Point",
        "coordinates": [
          135.79241799966167,
          35.063595000698285
        ]
      }
    },
    {
      "type": "Feature",
      "properties": {
        "P33_001": 32,
        "P33_002": "26109",
        "P33_003": "26",
        "P33_004": 2,
        "P33_005": "京都府総合見本市会館（京都パルスプラザ）",
        "P33_006": "612-8450",
        "P33_007": "京都市伏見区竹田鳥羽殿町5",
        "P33_008": "075-611-0011",
        "P33_009": -1,
        "P33_010": "‐",
        "P33_011": "近鉄京都線竹田駅",
        "P33_012": -1,
        "P33_013": -1,
        "P33_014": -1,
        "P33_015": "‐",
        "P33_016": "‐",
        "P33_017": "‐",
        "P33_018": -1,
        "P33_019": -1,
        "P33_020": -1,
        "P33_021": -1,
        "P33_022": -1,
        "P33_023": -1,
        "P33_024": -1,
        "P33_041": 1
      },
      "geometry": {
        "type": "Point",
        "coordinates": [
          135.7510110000632,
          34.947444999288514
        ]
      }
    },
    {
      "type": "Feature",
      "properties": {
        "P33_001": 248,
        "P33_002": "26106",
        "P33_003": "26",
        "P33_004": 3,
        "P33_005": "ＫＹＯＴＯ　ＭＵＳＥ（キョウトミューズ）",
        "P33_006": "600-8006",
        "P33_007": "京都市下京区四条通柳馬場西入ル（ミューズ389京都ビル）",
        "P33_008": "075-223-0389",
        "P33_009": -1,
        "P33_010": "‐",
        "P33_011": "阪急京都線烏丸駅",
        "P33_012": -1,
        "P33_013": -1,
        "P33_014": -1,
        "P33_015": "‐",
        "P33_016": "‐",
        "P33_017": "‐",
        "P33_018": -1,
        "P33_019": -1,
        "P33_020": -1,
        "P33_021": -1,
        "P33_022": -1,
        "P33_023": -1,
        "P33_024": -1,
        "P33_041": 1
      },
      "geometry": {
        "type": "Point",
        "coordinates": [
          135.76368217310733,
          35.00393636988744
        ]
      }
    },
    {
      "type": "Feature",
      "properties": {
        "P33_001": 249,
        "P33_002": "26106",
        "P33_003": "26",
        "P33_004": 3,
        "P33_005": "京都ＭＯＪＯ（きょうとモージョ）",
        "P33_006": "600-8492",
        "P33_007": "京都市下京区四条新町月鉾町39-1（四条烏丸大西ビルB1F）",
        "P33_008": "075-254-7707",
        "P33_009": -1,
        "P33_010": "‐",
        "P33_011": "阪急京都線烏丸駅",
        "P33_012": -1,
        "P33_013": -1,
        "P33_014": -1,
        "P33_015": "‐",
        "P33_016": "‐",
        "P33_017": "‐",
        "P33_018": -1,
        "P33_019": -1,
        "P33_020": -1,
        "P33_021": -1,
        "P33_022": -1,
        "P33_023": -1,
        "P33_024": -1,
        "P33_041": 1
      },
      "geometry": {
        "type": "Point",
        "coordinates": [
          135.75688399896006,
          35.0039859999922
        ]
      }
    },
    {
      "type": "Feature",
      "properties": {
        "P33_001": 227,
        "P33_002": "26103",
        "P33_003": "26",
        "P33_004": 3,
        "P33_005": "Ｃｌｕｂ　ＭＥＴＲＯ（クラブメトロ）",
        "P33_006": "606-8396",
        "P33_007": "京都市左京区川端丸太町下ル下堤町82（恵比寿ビルB1F）",
        "P33_008": "075-752-4765",
        "P33_009": -1,
        "P33_010": "‐",
        "P33_011": "京阪神宮丸太町駅",
        "P33_012": -1,
        "P33_013": -1,
        "P33_014": -1,
        "P33_015": "‐",
        "P33_016": "‐",
        "P33_017": "‐",
        "P33_018": -1,
        "P33_019": -1,
        "P33_020": -1,
        "P33_021": -1,
        "P33_022": -1,
        "P33_023": -1,
        "P33_024": -1,
        "P33_041": 1
      },
      "geometry": {
        "type": "Point",
        "coordinates": [
          135.77265400082564,
          35.01708599982763
        ]
      }
    },
    {
      "type": "Feature",
      "properties": {
        "P33_001": 14,
        "P33_002": "26102",
        "P33_003": "26",
        "P33_004": 2,
        "P33_005": "ＫＢＳホール（ケービーエスホール）",
        "P33_006": "602-8332",
        "P33_007": "京都市上京区烏丸上長者町（KBS京都内）",
        "P33_008": "075-431-1132",
        "P33_009": -1,
        "P33_010": "‐",
        "P33_011": "地下鉄烏丸線丸太町駅",
        "P33_012": -1,
        "P33_013": -1,
        "P33_014": -1,
        "P33_015": "‐",
        "P33_016": "‐",
        "P33_017": "‐",
        "P33_018": -1,
        "P33_019": -1,
        "P33_020": -1,
        "P33_021": -1,
        "P33_022": -1,
        "P33_023": -1,
        "P33_024": -1,
        "P33_041": 1
      },
      "geometry": {
        "type": "Point",
        "coordinates": [
          135.75869100006696,
          35.02352999972778
        ]
      }
    },
    {
      "type": "Feature",
      "properties": {
        "P33_001": 221,
        "P33_002": "26102",
        "P33_003": "26",
        "P33_004": 3,
        "P33_005": "京都拾得",
        "P33_006": "602-8125",
        "P33_007": "京都市上京区大宮通菱谷町815",
        "P33_008": "075-841-1691",
        "P33_009": -1,
        "P33_010": "‐",
        "P33_011": "市バス堀川丸太町",
        "P33_012": -1,
        "P33_013": -1,
        "P33_014": -1,
        "P33_015": "‐",
        "P33_016": "‐",
        "P33_017": "‐",
        "P33_018": -1,
        "P33_019": -1,
        "P33_020": -1,
        "P33_021": -1,
        "P33_022": -1,
        "P33_023": -1,
        "P33_024": -1,
        "P33_041": 1
      },
      "geometry": {
        "type": "Point",
        "coordinates": [
          135.74915600026193,
          35.019323000524054
        ]
      }
    },
    {
      "type": "Feature",
      "properties": {
        "P33_001": 250,
        "P33_002": "26106",
        "P33_003": "26",
        "P33_004": 3,
        "P33_005": "Ｊａｚｚ　ｉｎ　ろくでなし（ジャズインろくでなし）",
        "P33_006": "600-8012",
        "P33_007": "京都市下京区四条木屋町下ル（アークビル2F）",
        "P33_008": "075-351-0299",
        "P33_009": -1,
        "P33_010": "‐",
        "P33_011": "京阪本線四条駅",
        "P33_012": -1,
        "P33_013": -1,
        "P33_014": -1,
        "P33_015": "‐",
        "P33_016": "‐",
        "P33_017": "‐",
        "P33_018": -1,
        "P33_019": -1,
        "P33_020": -1,
        "P33_021": -1,
        "P33_022": -1,
        "P33_023": -1,
        "P33_024": -1,
        "P33_041": 1
      },
      "geometry": {
        "type": "Point",
        "coordinates": [
          135.77062999939398,
          35.00297100026667
        ]
      }
    },
    {
      "type": "Feature",
      "properties": {
        "P33_001": 233,
        "P33_002": "26104",
        "P33_003": "26",
        "P33_004": 3,
        "P33_005": "シャンソニエ・シュウ",
        "P33_006": "604-8001",
        "P33_007": "京都市中京区木屋町三条上ル上大阪町515",
        "P33_008": "075-213-3223",
        "P33_009": -1,
        "P33_010": "‐",
        "P33_011": "京阪本線三条駅",
        "P33_012": -1,
        "P33_013": -1,
        "P33_014": -1,
        "P33_015": "‐",
        "P33_016": "‐",
        "P33_017": "‐",
        "P33_018": -1,
        "P33_019": -1,
        "P33_020": -1,
        "P33_021": -1,
        "P33_022": -1,
        "P33_023": -1,
        "P33_024": -1,
        "P33_041": 1
      },
      "geometry": {
        "type": "Point",
        "coordinates": [
          135.77067600013365,
          35.01036299981803
        ]
      }
    },
    {
      "type": "Feature",
      "properties": {
        "P33_001": 251,
        "P33_002": "26106",
        "P33_003": "26",
        "P33_004": 3,
        "P33_005": "シャンソニエ巴里野郎",
        "P33_006": "600-8018",
        "P33_007": "京都市下京区河原町四条下三筋目東入（柳川ビル2F）",
        "P33_008": "075-361-3535",
        "P33_009": -1,
        "P33_010": "‐",
        "P33_011": "阪急京都線河原町駅",
        "P33_012": -1,
        "P33_013": -1,
        "P33_014": -1,
        "P33_015": "‐",
        "P33_016": "‐",
        "P33_017": "‐",
        "P33_018": -1,
        "P33_019": -1,
        "P33_020": -1,
        "P33_021": -1,
        "P33_022": -1,
        "P33_023": -1,
        "P33_024": -1,
        "P33_041": 1
      },
      "geometry": {
        "type": "Point",
        "coordinates": [
          135.76965826002072,
          35.00228675998407
        ]
      }
    },
    {
      "type": "Feature",
      "properties": {
        "P33_001": 234,
        "P33_002": "26104",
        "P33_003": "26",
        "P33_004": 3,
        "P33_005": "新風館　中庭Ｒｅ‐Ｃｕｅホール（しんぷうかんなかにわリキュウホール）",
        "P33_006": "604-8172",
        "P33_007": "京都市中京区烏丸通姉小路下ル場之町586-2",
        "P33_008": "075-213-6688",
        "P33_009": -1,
        "P33_010": "‐",
        "P33_011": "地下鉄烏丸線烏丸御池駅",
        "P33_012": -1,
        "P33_013": -1,
        "P33_014": -1,
        "P33_015": "‐",
        "P33_016": "‐",
        "P33_017": "‐",
        "P33_018": -1,
        "P33_019": -1,
        "P33_020": -1,
        "P33_021": -1,
        "P33_022": -1,
        "P33_023": -1,
        "P33_024": -1,
        "P33_041": 1
      },
      "geometry": {
        "type": "Point",
        "coordinates": [
          135.76017213232072,
          35.009507906716586
        ]
      }
    },
    {
      "type": "Feature",
      "properties": {
        "P33_001": 228,
        "P33_002": "26103",
        "P33_003": "26",
        "P33_004": 3,
        "P33_005": "スタジオヴァリエ",
        "P33_006": "606-8316",
        "P33_007": "京都市左京区吉田二本松町20-1",
        "P33_008": "075-771-2568",
        "P33_009": -1,
        "P33_010": "‐",
        "P33_011": "京阪神宮丸太町駅",
        "P33_012": -1,
        "P33_013": -1,
        "P33_014": -1,
        "P33_015": "‐",
        "P33_016": "‐",
        "P33_017": "‐",
        "P33_018": -1,
        "P33_019": -1,
        "P33_020": -1,
        "P33_021": -1,
        "P33_022": -1,
        "P33_023": -1,
        "P33_024": -1,
        "P33_041": 1
      },
      "geometry": {
        "type": "Point",
        "coordinates": [
          135.7818529997693,
          35.022140000032536
        ]
      }
    },
    {
      "type": "Feature",
      "properties": {
        "P33_001": 235,
        "P33_002": "26104",
        "P33_003": "26",
        "P33_004": 3,
        "P33_005": "ＳＬＯＷ　ＨＡＮＤ（スローハンド）",
        "P33_006": "604-0861",
        "P33_007": "京都市中京区烏丸通丸太町東南角（ノアズアークビルB1F）",
        "P33_008": "075-212-8390",
        "P33_009": -1,
        "P33_010": "‐",
        "P33_011": "地下鉄烏丸線丸太町駅",
        "P33_012": -1,
        "P33_013": -1,
        "P33_014": -1,
        "P33_015": "‐",
        "P33_016": "‐",
        "P33_017": "‐",
        "P33_018": -1,
        "P33_019": -1,
        "P33_020": -1,
        "P33_021": -1,
        "P33_022": -1,
        "P33_023": -1,
        "P33_024": -1,
        "P33_041": 1
      },
      "geometry": {
        "type": "Point",
        "coordinates": [
          135.75979100079672,
          35.017177999006314
        ]
      }
    },
    {
      "type": "Feature",
      "properties": {
        "P33_001": 252,
        "P33_002": "26106",
        "P33_003": "26",
        "P33_004": 3,
        "P33_005": "磔磔",
        "P33_006": "600-8061",
        "P33_007": "京都市下京区富小路仏光寺下ル",
        "P33_008": "075-351-1321",
        "P33_009": -1,
        "P33_010": "‐",
        "P33_011": "阪急京都線河原町駅",
        "P33_012": -1,
        "P33_013": -1,
        "P33_014": -1,
        "P33_015": "‐",
        "P33_016": "‐",
        "P33_017": "‐",
        "P33_018": -1,
        "P33_019": -1,
        "P33_020": -1,
        "P33_021": -1,
        "P33_022": -1,
        "P33_023": -1,
        "P33_024": -1,
        "P33_041": 1
      },
      "geometry": {
        "type": "Point",
        "coordinates": [
          135.76440899968432,
          35.0009930003962
        ]
      }
    },
    {
      "type": "Feature",
      "properties": {
        "P33_001": 229,
        "P33_002": "26103",
        "P33_003": "26",
        "P33_004": 3,
        "P33_005": "ゲーテ･インスティトゥート・ヴィラ鴨川（京都ドイツ文化センター）",
        "P33_006": "606-8305",
        "P33_007": "京都市左京区吉田河原町19-3",
        "P33_008": "075-761-2188",
        "P33_009": -1,
        "P33_010": "‐",
        "P33_011": "京阪神宮丸太町駅",
        "P33_012": -1,
        "P33_013": -1,
        "P33_014": -1,
        "P33_015": "‐",
        "P33_016": "‐",
        "P33_017": "‐",
        "P33_018": -1,
        "P33_019": -1,
        "P33_020": -1,
        "P33_021": -1,
        "P33_022": -1,
        "P33_023": -1,
        "P33_024": -1,
        "P33_041": 1
      },
      "geometry": {
        "type": "Point",
        "coordinates": [
          135.77246694426324,
          35.02286527720333
        ]
      }
    },
    {
      "type": "Feature",
      "properties": {
        "P33_001": 253,
        "P33_002": "26106",
        "P33_003": "26",
        "P33_004": 3,
        "P33_005": "都雅都雅",
        "P33_006": "600-8031",
        "P33_007": "京都市下京区寺町四条下ル貞安前之町613（火除天満宮B1F）",
        "P33_008": "075-744-1497",
        "P33_009": -1,
        "P33_010": "‐",
        "P33_011": "阪急京都線河原町駅",
        "P33_012": -1,
        "P33_013": -1,
        "P33_014": -1,
        "P33_015": "‐",
        "P33_016": "‐",
        "P33_017": "‐",
        "P33_018": -1,
        "P33_019": -1,
        "P33_020": -1,
        "P33_021": -1,
        "P33_022": -1,
        "P33_023": -1,
        "P33_024": -1,
        "P33_041": 1
      },
      "geometry": {
        "type": "Point",
        "coordinates": [
          135.76707500018222,
          35.003219999388676
        ]
      }
    },
    {
      "type": "Feature",
      "properties": {
        "P33_001": 236,
        "P33_002": "26104",
        "P33_003": "26",
        "P33_004": 3,
        "P33_005": "ＮＥＧＡ　ＰＯＳＩ（ネガポジ）",
        "P33_006": "604-0883",
        "P33_007": "京都市中京区間之町竹屋町下ル楠町610（森ビルB1F）",
        "P33_008": "075-252-8856",
        "P33_009": -1,
        "P33_010": "‐",
        "P33_011": "地下鉄烏丸線丸太町駅",
        "P33_012": -1,
        "P33_013": -1,
        "P33_014": -1,
        "P33_015": "‐",
        "P33_016": "‐",
        "P33_017": "‐",
        "P33_018": -1,
        "P33_019": -1,
        "P33_020": -1,
        "P33_021": -1,
        "P33_022": -1,
        "P33_023": -1,
        "P33_024": -1,
        "P33_041": 1
      },
      "geometry": {
        "type": "Point",
        "coordinates": [
          135.76183000022303,
          35.015922000490825
        ]
      }
    },
    {
      "type": "Feature",
      "properties": {
        "P33_001": 237,
        "P33_002": "26104",
        "P33_003": "26",
        "P33_004": 3,
        "P33_005": "ブルーノート",
        "P33_006": "604-8021",
        "P33_007": "京都市中京区河原町通三条下ル四筋目（BALビル東入ル曙ビル1F）",
        "P33_008": "075-223-0398",
        "P33_009": -1,
        "P33_010": "‐",
        "P33_011": "京阪本線三条駅",
        "P33_012": -1,
        "P33_013": -1,
        "P33_014": -1,
        "P33_015": "‐",
        "P33_016": "‐",
        "P33_017": "‐",
        "P33_018": -1,
        "P33_019": -1,
        "P33_020": -1,
        "P33_021": -1,
        "P33_022": -1,
        "P33_023": -1,
        "P33_024": -1,
        "P33_041": 1
      },
      "geometry": {
        "type": "Point",
        "coordinates": [
          135.76985699983982,
          35.00705800067617
        ]
      }
    },
    {
      "type": "Feature",
      "properties": {
        "P33_001": 238,
        "P33_002": "26104",
        "P33_003": "26",
        "P33_004": 3,
        "P33_005": "ＶＯＸ　ｈａｌｌ‐ＢＩＧ　ＢＡＮＧ‐（ビックバン）",
        "P33_006": "604-8031",
        "P33_007": "京都市中京区河原町三条下ル大黒町44（河原町VOX4F）",
        "P33_008": "075-255-1596",
        "P33_009": -1,
        "P33_010": "‐",
        "P33_011": "京阪本線三条駅",
        "P33_012": -1,
        "P33_013": -1,
        "P33_014": -1,
        "P33_015": "‐",
        "P33_016": "‐",
        "P33_017": "‐",
        "P33_018": -1,
        "P33_019": -1,
        "P33_020": -1,
        "P33_021": -1,
        "P33_022": -1,
        "P33_023": -1,
        "P33_024": -1,
        "P33_041": 1
      },
      "geometry": {
        "type": "Point",
        "coordinates": [
          135.76954200083802,
          35.008529000769066
        ]
      }
    },
    {
      "type": "Feature",
      "properties": {
        "P33_001": 239,
        "P33_002": "26104",
        "P33_003": "26",
        "P33_004": 3,
        "P33_005": "先斗町歌舞練場",
        "P33_006": "604-8003",
        "P33_007": "京都市中京区三条大橋西詰",
        "P33_008": "075-221-2025",
        "P33_009": -1,
        "P33_010": "‐",
        "P33_011": "京阪本線三条駅",
        "P33_012": -1,
        "P33_013": -1,
        "P33_014": -1,
        "P33_015": "‐",
        "P33_016": "‐",
        "P33_017": "‐",
        "P33_018": -1,
        "P33_019": -1,
        "P33_020": -1,
        "P33_021": -1,
        "P33_022": -1,
        "P33_023": -1,
        "P33_024": -1,
        "P33_041": 1
      },
      "geometry": {
        "type": "Point",
        "coordinates": [
          135.77121071303384,
          35.008061790244454
        ]
      }
    },
    {
      "type": "Feature",
      "properties": {
        "P33_001": 255,
        "P33_002": "26108",
        "P33_003": "26",
        "P33_004": 3,
        "P33_005": "Ｍｕｓｉｃ　Ｃａｆｅ　ＯＯＨ－ＬＡ－ＬＡ（ミュージックカフェ　ウーララ）",
        "P33_006": "615-0002",
        "P33_007": "京都市右京区西院東今田町20（シャピタン六角2F）",
        "P33_008": "075-925-8121",
        "P33_009": -1,
        "P33_010": "‐",
        "P33_011": "阪急京都線西院駅",
        "P33_012": -1,
        "P33_013": -1,
        "P33_014": -1,
        "P33_015": "‐",
        "P33_016": "‐",
        "P33_017": "‐",
        "P33_018": -1,
        "P33_019": -1,
        "P33_020": -1,
        "P33_021": -1,
        "P33_022": -1,
        "P33_023": -1,
        "P33_024": -1,
        "P33_041": 1
      },
      "geometry": {
        "type": "Point",
        "coordinates": [
          135.73207400000697,
          35.00736900005163
        ]
      }
    },
    {
      "type": "Feature",
      "properties": {
        "P33_001": 240,
        "P33_002": "26104",
        "P33_003": "26",
        "P33_004": 3,
        "P33_005": "ＬＩＶＥ　ＳＰＯＴ　ＲＡＧ（ライブスポットラグ）",
        "P33_006": "604-8001",
        "P33_007": "京都市中京区木屋町通三条上ル（京都エンパイヤビル5F）",
        "P33_008": "075-241-0446",
        "P33_009": -1,
        "P33_010": "‐",
        "P33_011": "京阪本線三条駅",
        "P33_012": -1,
        "P33_013": -1,
        "P33_014": -1,
        "P33_015": "‐",
        "P33_016": "‐",
        "P33_017": "‐",
        "P33_018": -1,
        "P33_019": -1,
        "P33_020": -1,
        "P33_021": -1,
        "P33_022": -1,
        "P33_023": -1,
        "P33_024": -1,
        "P33_041": 1
      },
      "geometry": {
        "type": "Point",
        "coordinates": [
          135.77072300096185,
          35.01011499983532
        ]
      }
    },
    {
      "type": "Feature",
      "properties": {
        "P33_001": 17,
        "P33_002": "26103",
        "P33_003": "26",
        "P33_004": 2,
        "P33_005": "京都会館",
        "P33_006": "606-8342",
        "P33_007": "京都市左京区岡崎最勝寺町13",
        "P33_008": "075-771-6051",
        "P33_009": 19600429,
        "P33_010": "http://www.kyoto-ongeibun.jp/",
        "P33_011": "地下鉄東西線東山駅",
        "P33_012": -1,
        "P33_013": 2954,
        "P33_014": -1,
        "P33_015": "‐",
        "P33_016": "‐",
        "P33_017": "‐",
        "P33_018": -1,
        "P33_019": -1,
        "P33_020": 2,
        "P33_021": 2015,
        "P33_022": 2954,
        "P33_023": -1,
        "P33_024": -1,
        "P33_041": 1
      },
      "geometry": {
        "type": "Point",
        "coordinates": [
          135.7814259997396,
          35.01461900015339
        ]
      }
    }
  ],
  "bbox": [
    134.88936200002212,
    34.726030392207086,
    136.0005712633345,
    35.757134000472945
  ]
}