{
  "type": "FeatureCollection",
  "features": [
    {
      "type": "Feature",
      "properties": {
        "P33_001": 1,
        "P33_002": "30201",
        "P33_003": "30",
        "P33_004": 1,
        "P33_005": "ジストシネマ和歌山",
        "P33_006": "640-8421",
        "P33_007": "和歌山市松江向鵜ノ島1469-1（ガーデンパーク和歌山2F）",
        "P33_008": "073-480-5800",
        "P33_009": -1,
        "P33_010": "http://www.xyst.jp/",
        "P33_011": "‐",
        "P33_012": 10,
        "P33_013": 1976,
        "P33_014": -1,
        "P33_015": "‐",
        "P33_016": "‐",
        "P33_017": "‐",
        "P33_018": -1,
        "P33_019": -1,
        "P33_020": -1,
        "P33_021": -1,
        "P33_022": -1,
        "P33_023": -1,
        "P33_024": -1,
        "P33_041": 1
      },
      "geometry": {
        "type": "Point",
        "coordinates": [
          135.15339800041968,
          34.23916999993399
        ]
      }
    },
    {
      "type": "Feature",
      "properties": {
        "P33_001": 2,
        "P33_002": "30205",
        "P33_003": "30",
        "P33_004": 1,
        "P33_005": "ジストシネマ御坊",
        "P33_006": "644-0011",
        "P33_007": "御坊市湯川町財部181（ロマンシティ御坊3F）",
        "P33_008": "0738-32-3230",
        "P33_009": -1,
        "P33_010": "http://www.xyst.jp/",
        "P33_011": "‐",
        "P33_012": 3,
        "P33_013": 472,
        "P33_014": -1,
        "P33_015": "‐",
        "P33_016": "‐",
        "P33_017": "‐",
        "P33_018": -1,
        "P33_019": -1,
        "P33_020": -1,
        "P33_021": -1,
        "P33_022": -1,
        "P33_023": -1,
        "P33_024": -1,
        "P33_041": 1
      },
      "geometry": {
        "type": "Point",
        "coordinates": [
          135.1487200001612,
          33.897681000495645
        ]
      }
    },
    {
      "type": "Feature",
      "properties": {
        "P33_001": 3,
        "P33_002": "30206",
        "P33_003": "30",
        "P33_004": 1,
        "P33_005": "ジストシネマ田辺",
        "P33_006": "646-0051",
        "P33_007": "田辺市稲成町新江原3229（パビリオンシティ田辺C館3F）",
        "P33_008": "0739-24-0717",
        "P33_009": -1,
        "P33_010": "http://www.xyst.jp/",
        "P33_011": "‐",
        "P33_012": 3,
        "P33_013": 333,
        "P33_014": -1,
        "P33_015": "‐",
        "P33_016": "‐",
        "P33_017": "‐",
        "P33_018": -1,
        "P33_019": -1,
        "P33_020": -1,
        "P33_021": -1,
        "P33_022": -1,
        "P33_023": -1,
        "P33_024": -1,
        "P33_041": 1
      },
      "geometry": {
        "type": "Point",
        "coordinates": [
          135.37723950187188,
          33.74413305675556
        ]
      }
    },
    {
      "type": "Feature",
      "properties": {
        "P33_001": 4,
        "P33_002": "30207",
        "P33_003": "30",
        "P33_004": 1,
        "P33_005": "ジストシネマ南紀",
        "P33_006": "647-0071",
        "P33_007": "新宮市佐野3-11-19（スーパーオークワ南紀店内）",
        "P33_008": "0735-31-3939",
        "P33_009": -1,
        "P33_010": "http://www.xyst.jp/",
        "P33_011": "ＪＲ紀伊佐野駅",
        "P33_012": 4,
        "P33_013": 469,
        "P33_014": -1,
        "P33_015": "‐",
        "P33_016": "‐",
        "P33_017": "‐",
        "P33_018": -1,
        "P33_019": -1,
        "P33_020": -1,
        "P33_021": -1,
        "P33_022": -1,
        "P33_023": -1,
        "P33_024": -1,
        "P33_041": 1
      },
      "geometry": {
        "type": "Point",
        "coordinates": [
          135.970080999414,
          33.67239400014095
        ]
      }
    },
    {
      "type": "Feature",
      "properties": {
        "P33_001": 148,
        "P33_002": "30206",
        "P33_003": "30",
        "P33_004": 6,
        "P33_005": "秋津野ガルテン",
        "P33_006": "646-0001",
        "P33_007": "田辺市上秋津4558-8",
        "P33_008": "0739-35-1199",
        "P33_009": -1,
        "P33_010": "‐",
        "P33_011": "‐",
        "P33_012": -1,
        "P33_013": -1,
        "P33_014": -1,
        "P33_015": "‐",
        "P33_016": "‐",
        "P33_017": "有",
        "P33_018": -1,
        "P33_019": -1,
        "P33_020": -1,
        "P33_021": -1,
        "P33_022": -1,
        "P33_023": -1,
        "P33_024": -1,
        "P33_041": 1
      },
      "geometry": {
        "type": "Point",
        "coordinates": [
          135.40729400009025,
          33.75601400019794
        ]
      }
    },
    {
      "type": "Feature",
      "properties": {
        "P33_001": 157,
        "P33_002": "30422",
        "P33_003": "30",
        "P33_004": 6,
        "P33_005": "太地町立くじらの博物館",
        "P33_006": "649-5171",
        "P33_007": "太地町大字太地2934-2",
        "P33_008": "0735-59-2400",
        "P33_009": -1,
        "P33_010": "‐",
        "P33_011": "‐",
        "P33_012": -1,
        "P33_013": -1,
        "P33_014": -1,
        "P33_015": "365",
        "P33_016": "8:30～17:00",
        "P33_017": "有",
        "P33_018": -1,
        "P33_019": -1,
        "P33_020": -1,
        "P33_021": -1,
        "P33_022": -1,
        "P33_023": -1,
        "P33_024": -1,
        "P33_041": 1
      },
      "geometry": {
        "type": "Point",
        "coordinates": [
          135.94580299984707,
          33.601878999177046
        ]
      }
    },
    {
      "type": "Feature",
      "properties": {
        "P33_001": 145,
        "P33_002": "30201",
        "P33_003": "30",
        "P33_004": 6,
        "P33_005": "ポルトヨーロッパ",
        "P33_006": "641-0014",
        "P33_007": "和歌山市毛見1527",
        "P33_008": "0570-064-358",
        "P33_009": -1,
        "P33_010": "‐",
        "P33_011": "‐",
        "P33_012": -1,
        "P33_013": -1,
        "P33_014": -1,
        "P33_015": "340",
        "P33_016": "10:00～17:00(平日)､10:00～18:00(日祝日) ※曜日･季節により変動",
        "P33_017": "有",
        "P33_018": -1,
        "P33_019": -1,
        "P33_020": -1,
        "P33_021": -1,
        "P33_022": -1,
        "P33_023": -1,
        "P33_024": -1,
        "P33_041": 1
      },
      "geometry": {
        "type": "Point",
        "coordinates": [
          135.1774950001001,
          34.15344999968012
        ]
      }
    },
    {
      "type": "Feature",
      "properties": {
        "P33_001": 147,
        "P33_002": "30202",
        "P33_003": "30",
        "P33_004": 6,
        "P33_005": "和歌山県立自然博物館",
        "P33_006": "642-0001",
        "P33_007": "海南市船尾370-1",
        "P33_008": "073-483-1777",
        "P33_009": -1,
        "P33_010": "‐",
        "P33_011": "‐",
        "P33_012": -1,
        "P33_013": -1,
        "P33_014": -1,
        "P33_015": "309",
        "P33_016": "9:30～17:00",
        "P33_017": "有",
        "P33_018": -1,
        "P33_019": -1,
        "P33_020": -1,
        "P33_021": -1,
        "P33_022": -1,
        "P33_023": -1,
        "P33_024": -1,
        "P33_041": 1
      },
      "geometry": {
        "type": "Point",
        "coordinates": [
          135.19204100052406,
          34.15869800075621
        ]
      }
    },
    {
      "type": "Feature",
      "properties": {
        "P33_001": 149,
        "P33_002": "30208",
        "P33_003": "30",
        "P33_004": 6,
        "P33_005": "青洲の里",
        "P33_006": "649-6604",
        "P33_007": "紀の川市西野山473",
        "P33_008": "0736-75-6008",
        "P33_009": -1,
        "P33_010": "‐",
        "P33_011": "‐",
        "P33_012": -1,
        "P33_013": -1,
        "P33_014": -1,
        "P33_015": "‐",
        "P33_016": "10:00～17:00(3～10月)､10:00～16:00(11～2月)",
        "P33_017": "有",
        "P33_018": -1,
        "P33_019": -1,
        "P33_020": -1,
        "P33_021": -1,
        "P33_022": -1,
        "P33_023": -1,
        "P33_024": -1,
        "P33_041": 1
      },
      "geometry": {
        "type": "Point",
        "coordinates": [
          135.44236099964473,
          34.281374000147984
        ]
      }
    },
    {
      "type": "Feature",
      "properties": {
        "P33_001": 9,
        "P33_002": "30201",
        "P33_003": "30",
        "P33_004": 2,
        "P33_005": "中央公民館",
        "P33_006": "640-8227",
        "P33_007": "和歌山市西汀丁29",
        "P33_008": "073-435-1193",
        "P33_009": 19490000,
        "P33_010": "‐",
        "P33_011": "‐",
        "P33_012": -1,
        "P33_013": -1,
        "P33_014": 1,
        "P33_015": "‐",
        "P33_016": "‐",
        "P33_017": "‐",
        "P33_018": -1,
        "P33_019": 1708,
        "P33_020": -1,
        "P33_021": -1,
        "P33_022": -1,
        "P33_023": -1,
        "P33_024": -1,
        "P33_041": 1
      },
      "geometry": {
        "type": "Point",
        "coordinates": [
          135.16981099955146,
          34.23066100083623
        ]
      }
    },
    {
      "type": "Feature",
      "properties": {
        "P33_001": 23,
        "P33_002": "30203",
        "P33_003": "30",
        "P33_004": 2,
        "P33_005": "学文路地区公民館",
        "P33_006": "648-0044",
        "P33_007": "橋本市南馬場1173-77",
        "P33_008": "0736-34-1546",
        "P33_009": 19820000,
        "P33_010": "‐",
        "P33_011": "‐",
        "P33_012": -1,
        "P33_013": -1,
        "P33_014": 2,
        "P33_015": "‐",
        "P33_016": "‐",
        "P33_017": "‐",
        "P33_018": -1,
        "P33_019": 517,
        "P33_020": -1,
        "P33_021": -1,
        "P33_022": -1,
        "P33_023": -1,
        "P33_024": -1,
        "P33_041": 1
      },
      "geometry": {
        "type": "Point",
        "coordinates": [
          135.58836900006042,
          34.30469700013316
        ]
      }
    },
    {
      "type": "Feature",
      "properties": {
        "P33_001": 12,
        "P33_002": "30203",
        "P33_003": "30",
        "P33_004": 2,
        "P33_005": "紀見地区公民館",
        "P33_006": "648-0054",
        "P33_007": "橋本市城山台2-10-1",
        "P33_008": "0736-33-2302",
        "P33_009": 19810000,
        "P33_010": "‐",
        "P33_011": "‐",
        "P33_012": -1,
        "P33_013": -1,
        "P33_014": 2,
        "P33_015": "‐",
        "P33_016": "‐",
        "P33_017": "‐",
        "P33_018": -1,
        "P33_019": 516,
        "P33_020": -1,
        "P33_021": -1,
        "P33_022": -1,
        "P33_023": -1,
        "P33_024": -1,
        "P33_041": 1
      },
      "geometry": {
        "type": "Point",
        "coordinates": [
          135.6113029998631,
          34.34669299992081
        ]
      }
    },
    {
      "type": "Feature",
      "properties": {
        "P33_001": 13,
        "P33_002": "30203",
        "P33_003": "30",
        "P33_004": 2,
        "P33_005": "紀見北地区公民館",
        "P33_006": "648-0094",
        "P33_007": "橋本市三石台4-2-1",
        "P33_008": "0736-33-2867",
        "P33_009": 19940000,
        "P33_010": "‐",
        "P33_011": "‐",
        "P33_012": -1,
        "P33_013": -1,
        "P33_014": 2,
        "P33_015": "‐",
        "P33_016": "‐",
        "P33_017": "‐",
        "P33_018": -1,
        "P33_019": 665,
        "P33_020": -1,
        "P33_021": -1,
        "P33_022": -1,
        "P33_023": -1,
        "P33_024": -1,
        "P33_041": 1
      },
      "geometry": {
        "type": "Point",
        "coordinates": [
          135.60006500010144,
          34.358720000000005
        ]
      }
    },
    {
      "type": "Feature",
      "properties": {
        "P33_001": 14,
        "P33_002": "30203",
        "P33_003": "30",
        "P33_004": 2,
        "P33_005": "隅田地区公民館",
        "P33_006": "648-0017",
        "P33_007": "橋本市隅田町中島22",
        "P33_008": "0736-34-2312",
        "P33_009": 19840000,
        "P33_010": "‐",
        "P33_011": "‐",
        "P33_012": -1,
        "P33_013": -1,
        "P33_014": 2,
        "P33_015": "‐",
        "P33_016": "‐",
        "P33_017": "‐",
        "P33_018": -1,
        "P33_019": 664,
        "P33_020": -1,
        "P33_021": -1,
        "P33_022": -1,
        "P33_023": -1,
        "P33_024": -1,
        "P33_041": 1
      },
      "geometry": {
        "type": "Point",
        "coordinates": [
          135.64408900035733,
          34.32825700005447
        ]
      }
    },
    {
      "type": "Feature",
      "properties": {
        "P33_001": 15,
        "P33_002": "30203",
        "P33_003": "30",
        "P33_004": 2,
        "P33_005": "高野口地区公民館",
        "P33_006": "649-7205",
        "P33_007": "橋本市高野口町名倉813-2",
        "P33_008": "0736-33-3111",
        "P33_009": 19550000,
        "P33_010": "‐",
        "P33_011": "‐",
        "P33_012": -1,
        "P33_013": -1,
        "P33_014": 2,
        "P33_015": "‐",
        "P33_016": "‐",
        "P33_017": "‐",
        "P33_018": -1,
        "P33_019": 1264,
        "P33_020": -1,
        "P33_021": -1,
        "P33_022": -1,
        "P33_023": -1,
        "P33_024": -1,
        "P33_041": 1
      },
      "geometry": {
        "type": "Point",
        "coordinates": [
          135.5567819996338,
          34.30659900052924
        ]
      }
    },
    {
      "type": "Feature",
      "properties": {
        "P33_001": 16,
        "P33_002": "30203",
        "P33_003": "30",
        "P33_004": 2,
        "P33_005": "中央公民館",
        "P33_006": "648-0072",
        "P33_007": "橋本市東家1-6-27",
        "P33_008": "0736-32-0034",
        "P33_009": 19760000,
        "P33_010": "‐",
        "P33_011": "‐",
        "P33_012": -1,
        "P33_013": -1,
        "P33_014": 1,
        "P33_015": "‐",
        "P33_016": "‐",
        "P33_017": "‐",
        "P33_018": -1,
        "P33_019": 1340,
        "P33_020": -1,
        "P33_021": -1,
        "P33_022": -1,
        "P33_023": -1,
        "P33_024": -1,
        "P33_041": 1
      },
      "geometry": {
        "type": "Point",
        "coordinates": [
          135.60577888893081,
          34.31516916704753
        ]
      }
    },
    {
      "type": "Feature",
      "properties": {
        "P33_001": 17,
        "P33_002": "30203",
        "P33_003": "30",
        "P33_004": 2,
        "P33_005": "恋野地区公民館",
        "P33_006": "648-0021",
        "P33_007": "橋本市恋野564-1",
        "P33_008": "0736-33-2458",
        "P33_009": 19980000,
        "P33_010": "‐",
        "P33_011": "‐",
        "P33_012": -1,
        "P33_013": -1,
        "P33_014": 2,
        "P33_015": "‐",
        "P33_016": "‐",
        "P33_017": "‐",
        "P33_018": -1,
        "P33_019": 572,
        "P33_020": -1,
        "P33_021": -1,
        "P33_022": -1,
        "P33_023": -1,
        "P33_024": -1,
        "P33_041": 1
      },
      "geometry": {
        "type": "Point",
        "coordinates": [
          135.65546700055222,
          34.319675000112554
        ]
      }
    },
    {
      "type": "Feature",
      "properties": {
        "P33_001": 18,
        "P33_002": "30203",
        "P33_003": "30",
        "P33_004": 2,
        "P33_005": "橋本地区公民館",
        "P33_006": "648-0073",
        "P33_007": "橋本市市脇1-3-18",
        "P33_008": "0736-34-2750",
        "P33_009": 19890000,
        "P33_010": "‐",
        "P33_011": "‐",
        "P33_012": -1,
        "P33_013": -1,
        "P33_014": 2,
        "P33_015": "‐",
        "P33_016": "‐",
        "P33_017": "‐",
        "P33_018": -1,
        "P33_019": 517,
        "P33_020": -1,
        "P33_021": -1,
        "P33_022": -1,
        "P33_023": -1,
        "P33_024": -1,
        "P33_041": 1
      },
      "geometry": {
        "type": "Point",
        "coordinates": [
          135.6015049994564,
          34.31459399991138
        ]
      }
    },
    {
      "type": "Feature",
      "properties": {
        "P33_001": 19,
        "P33_002": "30203",
        "P33_003": "30",
        "P33_004": 2,
        "P33_005": "西部地区公民館",
        "P33_006": "648-0084",
        "P33_007": "橋本市柏原355",
        "P33_008": "0736-33-2656",
        "P33_009": 19950000,
        "P33_010": "‐",
        "P33_011": "‐",
        "P33_012": -1,
        "P33_013": -1,
        "P33_014": 2,
        "P33_015": "‐",
        "P33_016": "‐",
        "P33_017": "‐",
        "P33_018": -1,
        "P33_019": 397,
        "P33_020": -1,
        "P33_021": -1,
        "P33_022": -1,
        "P33_023": -1,
        "P33_024": -1,
        "P33_041": 1
      },
      "geometry": {
        "type": "Point",
        "coordinates": [
          135.58517799955743,
          34.318652000107804
        ]
      }
    },
    {
      "type": "Feature",
      "properties": {
        "P33_001": 31,
        "P33_002": "30204",
        "P33_003": "30",
        "P33_004": 2,
        "P33_005": "市立宮原公民館",
        "P33_006": "649-0434",
        "P33_007": "有田市宮原町新町189-2",
        "P33_008": "0737-88-5524",
        "P33_009": 19490000,
        "P33_010": "‐",
        "P33_011": "‐",
        "P33_012": -1,
        "P33_013": -1,
        "P33_014": 2,
        "P33_015": "‐",
        "P33_016": "‐",
        "P33_017": "‐",
        "P33_018": -1,
        "P33_019": 530,
        "P33_020": -1,
        "P33_021": -1,
        "P33_022": -1,
        "P33_023": -1,
        "P33_024": -1,
        "P33_041": 1
      },
      "geometry": {
        "type": "Point",
        "coordinates": [
          135.17527799985137,
          34.08017300035812
        ]
      }
    },
    {
      "type": "Feature",
      "properties": {
        "P33_001": 24,
        "P33_002": "30204",
        "P33_003": "30",
        "P33_004": 2,
        "P33_005": "市立宮崎公民館",
        "P33_006": "649-0316",
        "P33_007": "有田市宮崎町486-2",
        "P33_008": "0737-83-3955",
        "P33_009": 19580000,
        "P33_010": "‐",
        "P33_011": "‐",
        "P33_012": -1,
        "P33_013": -1,
        "P33_014": 2,
        "P33_015": "‐",
        "P33_016": "‐",
        "P33_017": "‐",
        "P33_018": -1,
        "P33_019": 540,
        "P33_020": -1,
        "P33_021": -1,
        "P33_022": -1,
        "P33_023": -1,
        "P33_024": -1,
        "P33_041": 1
      },
      "geometry": {
        "type": "Point",
        "coordinates": [
          135.1053789999981,
          34.07964299999613
        ]
      }
    },
    {
      "type": "Feature",
      "properties": {
        "P33_001": 25,
        "P33_002": "30204",
        "P33_003": "30",
        "P33_004": 2,
        "P33_005": "市立港町公民館",
        "P33_006": "649-0305",
        "P33_007": "有田市港町511",
        "P33_008": "0737-82-5957",
        "P33_009": 19600000,
        "P33_010": "‐",
        "P33_011": "‐",
        "P33_012": -1,
        "P33_013": -1,
        "P33_014": 2,
        "P33_015": "‐",
        "P33_016": "‐",
        "P33_017": "‐",
        "P33_018": -1,
        "P33_019": 519,
        "P33_020": -1,
        "P33_021": -1,
        "P33_022": -1,
        "P33_023": -1,
        "P33_024": -1,
        "P33_041": 1
      },
      "geometry": {
        "type": "Point",
        "coordinates": [
          135.10958399944025,
          34.086781000540384
        ]
      }
    },
    {
      "type": "Feature",
      "properties": {
        "P33_001": 26,
        "P33_002": "30204",
        "P33_003": "30",
        "P33_004": 2,
        "P33_005": "市立糸我公民館",
        "P33_006": "649-0421",
        "P33_007": "有田市糸我町中番408-2",
        "P33_008": "0737-88-5500",
        "P33_009": 19490000,
        "P33_010": "‐",
        "P33_011": "‐",
        "P33_012": -1,
        "P33_013": -1,
        "P33_014": 2,
        "P33_015": "‐",
        "P33_016": "‐",
        "P33_017": "‐",
        "P33_018": -1,
        "P33_019": 618,
        "P33_020": -1,
        "P33_021": -1,
        "P33_022": -1,
        "P33_023": -1,
        "P33_024": -1,
        "P33_041": 1
      },
      "geometry": {
        "type": "Point",
        "coordinates": [
          135.17516611157617,
          34.06731805589933
        ]
      }
    },
    {
      "type": "Feature",
      "properties": {
        "P33_001": 27,
        "P33_002": "30204",
        "P33_003": "30",
        "P33_004": 2,
        "P33_005": "市立初島公民館",
        "P33_006": "649-0306",
        "P33_007": "有田市初島町浜1367-3",
        "P33_008": "0737-82-4159",
        "P33_009": 19470000,
        "P33_010": "‐",
        "P33_011": "‐",
        "P33_012": -1,
        "P33_013": -1,
        "P33_014": 2,
        "P33_015": "‐",
        "P33_016": "‐",
        "P33_017": "‐",
        "P33_018": -1,
        "P33_019": 674,
        "P33_020": -1,
        "P33_021": -1,
        "P33_022": -1,
        "P33_023": -1,
        "P33_024": -1,
        "P33_041": 1
      },
      "geometry": {
        "type": "Point",
        "coordinates": [
          135.1164259995153,
          34.099844000374006
        ]
      }
    },
    {
      "type": "Feature",
      "properties": {
        "P33_001": 28,
        "P33_002": "30204",
        "P33_003": "30",
        "P33_004": 2,
        "P33_005": "市立中央地区公民館",
        "P33_006": "649-0317",
        "P33_007": "有田市古江見201-1",
        "P33_008": "0737-82-1093",
        "P33_009": 19930000,
        "P33_010": "‐",
        "P33_011": "‐",
        "P33_012": -1,
        "P33_013": -1,
        "P33_014": 2,
        "P33_015": "‐",
        "P33_016": "‐",
        "P33_017": "‐",
        "P33_018": -1,
        "P33_019": 188,
        "P33_020": -1,
        "P33_021": -1,
        "P33_022": -1,
        "P33_023": -1,
        "P33_024": -1,
        "P33_041": 1
      },
      "geometry": {
        "type": "Point",
        "coordinates": [
          135.12358599943644,
          34.07890699951017
        ]
      }
    },
    {
      "type": "Feature",
      "properties": {
        "P33_001": 29,
        "P33_002": "30204",
        "P33_003": "30",
        "P33_004": 2,
        "P33_005": "市立保田公民館",
        "P33_006": "649-0311",
        "P33_007": "有田市辻堂533-1",
        "P33_008": "0737-82-3168",
        "P33_009": 19490000,
        "P33_010": "‐",
        "P33_011": "‐",
        "P33_012": -1,
        "P33_013": -1,
        "P33_014": 2,
        "P33_015": "‐",
        "P33_016": "‐",
        "P33_017": "‐",
        "P33_018": -1,
        "P33_019": 444,
        "P33_020": -1,
        "P33_021": -1,
        "P33_022": -1,
        "P33_023": -1,
        "P33_024": -1,
        "P33_041": 1
      },
      "geometry": {
        "type": "Point",
        "coordinates": [
          135.14702799947702,
          34.076088000068005
        ]
      }
    },
    {
      "type": "Feature",
      "properties": {
        "P33_001": 30,
        "P33_002": "30204",
        "P33_003": "30",
        "P33_004": 2,
        "P33_005": "市立箕島公民館",
        "P33_006": "649-0304",
        "P33_007": "有田市箕島627",
        "P33_008": "0737-82-2276",
        "P33_009": 19490000,
        "P33_010": "‐",
        "P33_011": "‐",
        "P33_012": -1,
        "P33_013": -1,
        "P33_014": 2,
        "P33_015": "‐",
        "P33_016": "‐",
        "P33_017": "‐",
        "P33_018": -1,
        "P33_019": 541,
        "P33_020": -1,
        "P33_021": -1,
        "P33_022": -1,
        "P33_023": -1,
        "P33_024": -1,
        "P33_041": 1
      },
      "geometry": {
        "type": "Point",
        "coordinates": [
          135.11727800034686,
          34.08661699967588
        ]
      }
    },
    {
      "type": "Feature",
      "properties": {
        "P33_001": 33,
        "P33_002": "30205",
        "P33_003": "30",
        "P33_004": 2,
        "P33_005": "中央公民館",
        "P33_006": "644-0002",
        "P33_007": "御坊市薗378-1",
        "P33_008": "0738-22-0424",
        "P33_009": 19540000,
        "P33_010": "‐",
        "P33_011": "‐",
        "P33_012": -1,
        "P33_013": -1,
        "P33_014": 1,
        "P33_015": "‐",
        "P33_016": "‐",
        "P33_017": "‐",
        "P33_018": -1,
        "P33_019": 754,
        "P33_020": -1,
        "P33_021": -1,
        "P33_022": -1,
        "P33_023": -1,
        "P33_024": -1,
        "P33_041": 1
      },
      "geometry": {
        "type": "Point",
        "coordinates": [
          135.15343399969396,
          33.89074699977301
        ]
      }
    },
    {
      "type": "Feature",
      "properties": {
        "P33_001": 55,
        "P33_002": "30206",
        "P33_003": "30",
        "P33_004": 2,
        "P33_005": "ひがし公民館",
        "P33_006": "646-0013",
        "P33_007": "田辺市南新万28-1",
        "P33_008": "0739-22-2088",
        "P33_009": 19790000,
        "P33_010": "‐",
        "P33_011": "‐",
        "P33_012": -1,
        "P33_013": -1,
        "P33_014": 2,
        "P33_015": "‐",
        "P33_016": "‐",
        "P33_017": "‐",
        "P33_018": -1,
        "P33_019": 844,
        "P33_020": -1,
        "P33_021": -1,
        "P33_022": -1,
        "P33_023": -1,
        "P33_024": -1,
        "P33_041": 1
      },
      "geometry": {
        "type": "Point",
        "coordinates": [
          135.39904499946087,
          33.73012200045641
        ]
      }
    },
    {
      "type": "Feature",
      "properties": {
        "P33_001": 34,
        "P33_002": "30206",
        "P33_003": "30",
        "P33_004": 2,
        "P33_005": "稲成公民館",
        "P33_006": "646-0051",
        "P33_007": "田辺市稲成町823（稲成町民センターに条例設置）",
        "P33_008": "0739-26-4925",
        "P33_009": 19560000,
        "P33_010": "‐",
        "P33_011": "‐",
        "P33_012": -1,
        "P33_013": -1,
        "P33_014": 2,
        "P33_015": "‐",
        "P33_016": "‐",
        "P33_017": "‐",
        "P33_018": -1,
        "P33_019": 460,
        "P33_020": -1,
        "P33_021": -1,
        "P33_022": -1,
        "P33_023": -1,
        "P33_024": -1,
        "P33_041": 1
      },
      "geometry": {
        "type": "Point",
        "coordinates": [
          135.3750320002235,
          33.747775999972596
        ]
      }
    },
    {
      "type": "Feature",
      "properties": {
        "P33_001": 35,
        "P33_002": "30206",
        "P33_003": "30",
        "P33_004": 2,
        "P33_005": "秋津公民館",
        "P33_006": "646-0005",
        "P33_007": "田辺市秋津町227-30",
        "P33_008": "‐",
        "P33_009": 19560000,
        "P33_010": "‐",
        "P33_011": "‐",
        "P33_012": -1,
        "P33_013": -1,
        "P33_014": 2,
        "P33_015": "‐",
        "P33_016": "‐",
        "P33_017": "‐",
        "P33_018": -1,
        "P33_019": 325,
        "P33_020": -1,
        "P33_021": -1,
        "P33_022": -1,
        "P33_023": -1,
        "P33_024": -1,
        "P33_041": 1
      },
      "geometry": {
        "type": "Point",
        "coordinates": [
          135.39266300028615,
          33.74758199989026
        ]
      }
    },
    {
      "type": "Feature",
      "properties": {
        "P33_001": 36,
        "P33_002": "30206",
        "P33_003": "30",
        "P33_004": 2,
        "P33_005": "秋津川公民館",
        "P33_006": "646-0102",
        "P33_007": "田辺市秋津川668-1",
        "P33_008": "0739-36-0001",
        "P33_009": 19640000,
        "P33_010": "‐",
        "P33_011": "‐",
        "P33_012": -1,
        "P33_013": -1,
        "P33_014": 2,
        "P33_015": "‐",
        "P33_016": "‐",
        "P33_017": "‐",
        "P33_018": -1,
        "P33_019": 646,
        "P33_020": -1,
        "P33_021": -1,
        "P33_022": -1,
        "P33_023": -1,
        "P33_024": -1,
        "P33_041": 1
      },
      "geometry": {
        "type": "Point",
        "coordinates": [
          135.42667600038524,
          33.794263000277496
        ]
      }
    },
    {
      "type": "Feature",
      "properties": {
        "P33_001": 37,
        "P33_002": "30206",
        "P33_003": "30",
        "P33_004": 2,
        "P33_005": "上秋津公民館",
        "P33_006": "646-0001",
        "P33_007": "田辺市上秋津2083-1",
        "P33_008": "0739-35-1022",
        "P33_009": 19640000,
        "P33_010": "‐",
        "P33_011": "‐",
        "P33_012": -1,
        "P33_013": -1,
        "P33_014": 2,
        "P33_015": "‐",
        "P33_016": "‐",
        "P33_017": "‐",
        "P33_018": -1,
        "P33_019": 770,
        "P33_020": -1,
        "P33_021": -1,
        "P33_022": -1,
        "P33_023": -1,
        "P33_024": -1,
        "P33_041": 1
      },
      "geometry": {
        "type": "Point",
        "coordinates": [
          135.40440200040138,
          33.755118999160246
        ]
      }
    },
    {
      "type": "Feature",
      "properties": {
        "P33_001": 38,
        "P33_002": "30206",
        "P33_003": "30",
        "P33_004": 2,
        "P33_005": "上芳養公民館",
        "P33_006": "646-0101",
        "P33_007": "田辺市上芳養3165",
        "P33_008": "0739-37-0001",
        "P33_009": 19640000,
        "P33_010": "‐",
        "P33_011": "‐",
        "P33_012": -1,
        "P33_013": -1,
        "P33_014": 2,
        "P33_015": "‐",
        "P33_016": "‐",
        "P33_017": "‐",
        "P33_018": -1,
        "P33_019": 891,
        "P33_020": -1,
        "P33_021": -1,
        "P33_022": -1,
        "P33_023": -1,
        "P33_024": -1,
        "P33_041": 1
      },
      "geometry": {
        "type": "Point",
        "coordinates": [
          135.3740099997161,
          33.80139400020662
        ]
      }
    },
    {
      "type": "Feature",
      "properties": {
        "P33_001": 39,
        "P33_002": "30206",
        "P33_003": "30",
        "P33_004": 2,
        "P33_005": "西部公民館",
        "P33_006": "646-0050",
        "P33_007": "田辺市天神崎11-19（西部センターに条例設置）",
        "P33_008": "0739-22-0693",
        "P33_009": 19560000,
        "P33_010": "‐",
        "P33_011": "‐",
        "P33_012": -1,
        "P33_013": -1,
        "P33_014": 2,
        "P33_015": "‐",
        "P33_016": "‐",
        "P33_017": "‐",
        "P33_018": -1,
        "P33_019": -1,
        "P33_020": -1,
        "P33_021": -1,
        "P33_022": -1,
        "P33_023": -1,
        "P33_024": -1,
        "P33_041": 1
      },
      "geometry": {
        "type": "Point",
        "coordinates": [
          135.3620180002502,
          33.73352000013517
        ]
      }
    },
    {
      "type": "Feature",
      "properties": {
        "P33_001": 40,
        "P33_002": "30206",
        "P33_003": "30",
        "P33_004": 2,
        "P33_005": "大塔公民館",
        "P33_006": "646-1101",
        "P33_007": "田辺市鮎川2567-1",
        "P33_008": "0739-48-0212",
        "P33_009": 19570000,
        "P33_010": "‐",
        "P33_011": "‐",
        "P33_012": -1,
        "P33_013": -1,
        "P33_014": 2,
        "P33_015": "‐",
        "P33_016": "‐",
        "P33_017": "‐",
        "P33_018": -1,
        "P33_019": 1380,
        "P33_020": -1,
        "P33_021": -1,
        "P33_022": -1,
        "P33_023": -1,
        "P33_024": -1,
        "P33_041": 1
      },
      "geometry": {
        "type": "Point",
        "coordinates": [
          135.48989099977607,
          33.729561999990324
        ]
      }
    },
    {
      "type": "Feature",
      "properties": {
        "P33_001": 41,
        "P33_002": "30206",
        "P33_003": "30",
        "P33_004": 2,
        "P33_005": "中部公民館",
        "P33_006": "646-0036",
        "P33_007": "田辺市上屋敷1-2-1",
        "P33_008": "0739-26-4925",
        "P33_009": 19560000,
        "P33_010": "‐",
        "P33_011": "‐",
        "P33_012": -1,
        "P33_013": -1,
        "P33_014": 2,
        "P33_015": "‐",
        "P33_016": "‐",
        "P33_017": "‐",
        "P33_018": -1,
        "P33_019": -1,
        "P33_020": -1,
        "P33_021": -1,
        "P33_022": -1,
        "P33_023": -1,
        "P33_024": -1,
        "P33_041": 1
      },
      "geometry": {
        "type": "Point",
        "coordinates": [
          135.37554600049305,
          33.732427000182945
        ]
      }
    },
    {
      "type": "Feature",
      "properties": {
        "P33_001": 42,
        "P33_002": "30206",
        "P33_003": "30",
        "P33_004": 2,
        "P33_005": "中辺路公民館",
        "P33_006": "646-1421",
        "P33_007": "田辺市中辺路町栗栖川402-1",
        "P33_008": "0739-64-0504",
        "P33_009": 19660000,
        "P33_010": "‐",
        "P33_011": "‐",
        "P33_012": -1,
        "P33_013": -1,
        "P33_014": 2,
        "P33_015": "‐",
        "P33_016": "‐",
        "P33_017": "‐",
        "P33_018": -1,
        "P33_019": 1552,
        "P33_020": -1,
        "P33_021": -1,
        "P33_022": -1,
        "P33_023": -1,
        "P33_024": -1,
        "P33_041": 1
      },
      "geometry": {
        "type": "Point",
        "coordinates": [
          135.51801499948579,
          33.79269499985871
        ]
      }
    },
    {
      "type": "Feature",
      "properties": {
        "P33_001": 43,
        "P33_002": "30206",
        "P33_003": "30",
        "P33_004": 2,
        "P33_005": "中芳養公民館",
        "P33_006": "646-0057",
        "P33_007": "田辺市中芳養1904",
        "P33_008": "0739-22-1423",
        "P33_009": 19640000,
        "P33_010": "‐",
        "P33_011": "‐",
        "P33_012": -1,
        "P33_013": -1,
        "P33_014": 2,
        "P33_015": "‐",
        "P33_016": "‐",
        "P33_017": "‐",
        "P33_018": -1,
        "P33_019": 643,
        "P33_020": -1,
        "P33_021": -1,
        "P33_022": -1,
        "P33_023": -1,
        "P33_024": -1,
        "P33_041": 1
      },
      "geometry": {
        "type": "Point",
        "coordinates": [
          135.35468400032687,
          33.7793929997866
        ]
      }
    },
    {
      "type": "Feature",
      "properties": {
        "P33_001": 44,
        "P33_002": "30206",
        "P33_003": "30",
        "P33_004": 2,
        "P33_005": "三栖公民館",
        "P33_006": "646-0215",
        "P33_007": "田辺市中三栖805",
        "P33_008": "0739-34-0022",
        "P33_009": 19640000,
        "P33_010": "‐",
        "P33_011": "‐",
        "P33_012": -1,
        "P33_013": -1,
        "P33_014": 2,
        "P33_015": "‐",
        "P33_016": "‐",
        "P33_017": "‐",
        "P33_018": -1,
        "P33_019": 686,
        "P33_020": -1,
        "P33_021": -1,
        "P33_022": -1,
        "P33_023": -1,
        "P33_024": -1,
        "P33_041": 1
      },
      "geometry": {
        "type": "Point",
        "coordinates": [
          135.43390500021255,
          33.74338799951734
        ]
      }
    },
    {
      "type": "Feature",
      "properties": {
        "P33_001": 45,
        "P33_002": "30206",
        "P33_003": "30",
        "P33_004": 2,
        "P33_005": "新庄公民館",
        "P33_006": "646-0011",
        "P33_007": "田辺市新庄町2031-3",
        "P33_008": "0739-22-1606",
        "P33_009": 19560000,
        "P33_010": "‐",
        "P33_011": "‐",
        "P33_012": -1,
        "P33_013": -1,
        "P33_014": 2,
        "P33_015": "‐",
        "P33_016": "‐",
        "P33_017": "‐",
        "P33_018": -1,
        "P33_019": 819,
        "P33_020": -1,
        "P33_021": -1,
        "P33_022": -1,
        "P33_023": -1,
        "P33_024": -1,
        "P33_041": 1
      },
      "geometry": {
        "type": "Point",
        "coordinates": [
          135.40521000039044,
          33.71765300002517
        ]
      }
    },
    {
      "type": "Feature",
      "properties": {
        "P33_001": 46,
        "P33_002": "30206",
        "P33_003": "30",
        "P33_004": 2,
        "P33_005": "中央公民館",
        "P33_006": "646-0028",
        "P33_007": "田辺市高雄1-23-1",
        "P33_008": "0739-26-4925",
        "P33_009": 19560000,
        "P33_010": "‐",
        "P33_011": "‐",
        "P33_012": -1,
        "P33_013": -1,
        "P33_014": 1,
        "P33_015": "‐",
        "P33_016": "‐",
        "P33_017": "‐",
        "P33_018": -1,
        "P33_019": -1,
        "P33_020": -1,
        "P33_021": -1,
        "P33_022": -1,
        "P33_023": -1,
        "P33_024": -1,
        "P33_041": 1
      },
      "geometry": {
        "type": "Point",
        "coordinates": [
          135.37737900054756,
          33.73549699990524
        ]
      }
    },
    {
      "type": "Feature",
      "properties": {
        "P33_001": 47,
        "P33_002": "30206",
        "P33_003": "30",
        "P33_004": 2,
        "P33_005": "長野公民館",
        "P33_006": "646-0213",
        "P33_007": "田辺市長野1146-2",
        "P33_008": "0739-34-0123",
        "P33_009": 19640000,
        "P33_010": "‐",
        "P33_011": "‐",
        "P33_012": -1,
        "P33_013": -1,
        "P33_014": 2,
        "P33_015": "‐",
        "P33_016": "‐",
        "P33_017": "‐",
        "P33_018": -1,
        "P33_019": 210,
        "P33_020": -1,
        "P33_021": -1,
        "P33_022": -1,
        "P33_023": -1,
        "P33_024": -1,
        "P33_041": 1
      },
      "geometry": {
        "type": "Point",
        "coordinates": [
          135.44412399994042,
          33.76821000056814
        ]
      }
    },
    {
      "type": "Feature",
      "properties": {
        "P33_001": 48,
        "P33_002": "30206",
        "P33_003": "30",
        "P33_004": 2,
        "P33_005": "万呂公民館",
        "P33_006": "646-0003",
        "P33_007": "田辺市中万呂46-3",
        "P33_008": "0739-25-1554",
        "P33_009": 19560000,
        "P33_010": "‐",
        "P33_011": "‐",
        "P33_012": -1,
        "P33_013": -1,
        "P33_014": 2,
        "P33_015": "‐",
        "P33_016": "‐",
        "P33_017": "‐",
        "P33_018": -1,
        "P33_019": 1103,
        "P33_020": -1,
        "P33_021": -1,
        "P33_022": -1,
        "P33_023": -1,
        "P33_024": -1,
        "P33_041": 1
      },
      "geometry": {
        "type": "Point",
        "coordinates": [
          135.40084900012542,
          33.737771000705884
        ]
      }
    },
    {
      "type": "Feature",
      "properties": {
        "P33_001": 49,
        "P33_002": "30206",
        "P33_003": "30",
        "P33_004": 2,
        "P33_005": "東部公民館",
        "P33_006": "646-0025",
        "P33_007": "田辺市神子浜1-4-66（東陽中学校に条例設置）",
        "P33_008": "0739-22-2088",
        "P33_009": 19560000,
        "P33_010": "‐",
        "P33_011": "‐",
        "P33_012": -1,
        "P33_013": -1,
        "P33_014": 2,
        "P33_015": "‐",
        "P33_016": "‐",
        "P33_017": "‐",
        "P33_018": -1,
        "P33_019": -1,
        "P33_020": -1,
        "P33_021": -1,
        "P33_022": -1,
        "P33_023": -1,
        "P33_024": -1,
        "P33_041": 1
      },
      "geometry": {
        "type": "Point",
        "coordinates": [
          135.38763899972867,
          33.72656700052829
        ]
      }
    },
    {
      "type": "Feature",
      "properties": {
        "P33_001": 50,
        "P33_002": "30206",
        "P33_003": "30",
        "P33_004": 2,
        "P33_005": "南部公民館",
        "P33_006": "646-0038",
        "P33_007": "田辺市末広町11-3（南部センターに条例設置）",
        "P33_008": "0739-22-2088",
        "P33_009": 19890000,
        "P33_010": "‐",
        "P33_011": "‐",
        "P33_012": -1,
        "P33_013": -1,
        "P33_014": 2,
        "P33_015": "‐",
        "P33_016": "‐",
        "P33_017": "‐",
        "P33_018": -1,
        "P33_019": -1,
        "P33_020": -1,
        "P33_021": -1,
        "P33_022": -1,
        "P33_023": -1,
        "P33_024": -1,
        "P33_041": 1
      },
      "geometry": {
        "type": "Point",
        "coordinates": [
          135.38076100037935,
          33.724611000831096
        ]
      }
    },
    {
      "type": "Feature",
      "properties": {
        "P33_001": 51,
        "P33_002": "30206",
        "P33_003": "30",
        "P33_004": 2,
        "P33_005": "芳養公民館",
        "P33_006": "646-0063",
        "P33_007": "田辺市芳養松原1-15-8",
        "P33_008": "0739-22-1429",
        "P33_009": 19560000,
        "P33_010": "‐",
        "P33_011": "‐",
        "P33_012": -1,
        "P33_013": -1,
        "P33_014": 2,
        "P33_015": "‐",
        "P33_016": "‐",
        "P33_017": "‐",
        "P33_018": -1,
        "P33_019": 627,
        "P33_020": -1,
        "P33_021": -1,
        "P33_022": -1,
        "P33_023": -1,
        "P33_024": -1,
        "P33_041": 1
      },
      "geometry": {
        "type": "Point",
        "coordinates": [
          135.35437500007043,
          33.74758599960872
        ]
      }
    },
    {
      "type": "Feature",
      "properties": {
        "P33_001": 52,
        "P33_002": "30206",
        "P33_003": "30",
        "P33_004": 2,
        "P33_005": "本宮公民館",
        "P33_006": "647-1792",
        "P33_007": "田辺市本宮町本宮219",
        "P33_008": "0735-42-1164",
        "P33_009": 20050000,
        "P33_010": "‐",
        "P33_011": "‐",
        "P33_012": -1,
        "P33_013": -1,
        "P33_014": 2,
        "P33_015": "‐",
        "P33_016": "‐",
        "P33_017": "‐",
        "P33_018": -1,
        "P33_019": 3566,
        "P33_020": -1,
        "P33_021": -1,
        "P33_022": -1,
        "P33_023": -1,
        "P33_024": -1,
        "P33_041": 1
      },
      "geometry": {
        "type": "Point",
        "coordinates": [
          135.77310599981328,
          33.838083999898615
        ]
      }
    },
    {
      "type": "Feature",
      "properties": {
        "P33_001": 53,
        "P33_002": "30206",
        "P33_003": "30",
        "P33_004": 2,
        "P33_005": "龍神公民館",
        "P33_006": "645-0416",
        "P33_007": "田辺市龍神村安井1048-6",
        "P33_008": "0739-78-0301",
        "P33_009": 20050000,
        "P33_010": "‐",
        "P33_011": "‐",
        "P33_012": -1,
        "P33_013": -1,
        "P33_014": 2,
        "P33_015": "‐",
        "P33_016": "‐",
        "P33_017": "‐",
        "P33_018": -1,
        "P33_019": 2993,
        "P33_020": -1,
        "P33_021": -1,
        "P33_022": -1,
        "P33_023": -1,
        "P33_024": -1,
        "P33_041": 1
      },
      "geometry": {
        "type": "Point",
        "coordinates": [
          135.4750844040511,
          33.89122747470465
        ]
      }
    },
    {
      "type": "Feature",
      "properties": {
        "P33_001": 64,
        "P33_002": "30207",
        "P33_003": "30",
        "P33_004": 2,
        "P33_005": "王子公民分館",
        "P33_006": "647-0031",
        "P33_007": "新宮市田鶴原町2-10-1（王子ヶ浜小学校内）",
        "P33_008": "‐",
        "P33_009": 20050000,
        "P33_010": "‐",
        "P33_011": "‐",
        "P33_012": -1,
        "P33_013": -1,
        "P33_014": 3,
        "P33_015": "‐",
        "P33_016": "‐",
        "P33_017": "‐",
        "P33_018": -1,
        "P33_019": 7729,
        "P33_020": -1,
        "P33_021": -1,
        "P33_022": -1,
        "P33_023": -1,
        "P33_024": -1,
        "P33_041": 1
      },
      "geometry": {
        "type": "Point",
        "coordinates": [
          135.999268,
          33.71893899946542
        ]
      }
    },
    {
      "type": "Feature",
      "properties": {
        "P33_001": 56,
        "P33_002": "30207",
        "P33_003": "30",
        "P33_004": 2,
        "P33_005": "熊野川公民分館",
        "P33_006": "647-1211",
        "P33_007": "新宮市熊野川町日足350（熊野川総合開発センター内）",
        "P33_008": "‐",
        "P33_009": 20050000,
        "P33_010": "‐",
        "P33_011": "‐",
        "P33_012": -1,
        "P33_013": -1,
        "P33_014": 3,
        "P33_015": "‐",
        "P33_016": "‐",
        "P33_017": "‐",
        "P33_018": -1,
        "P33_019": 1407,
        "P33_020": -1,
        "P33_021": -1,
        "P33_022": -1,
        "P33_023": -1,
        "P33_024": -1,
        "P33_041": 1
      },
      "geometry": {
        "type": "Point",
        "coordinates": [
          135.87226900081134,
          33.805772000036335
        ]
      }
    },
    {
      "type": "Feature",
      "properties": {
        "P33_001": 57,
        "P33_002": "30207",
        "P33_003": "30",
        "P33_004": 2,
        "P33_005": "新宮市公民館本館",
        "P33_006": "647-0081",
        "P33_007": "新宮市新宮7696番地（新宮市民会館内）",
        "P33_008": "0735-23-3333",
        "P33_009": 20050000,
        "P33_010": "‐",
        "P33_011": "‐",
        "P33_012": -1,
        "P33_013": -1,
        "P33_014": 1,
        "P33_015": "‐",
        "P33_016": "‐",
        "P33_017": "‐",
        "P33_018": -1,
        "P33_019": -1,
        "P33_020": -1,
        "P33_021": -1,
        "P33_022": -1,
        "P33_023": -1,
        "P33_024": -1,
        "P33_041": 1
      },
      "geometry": {
        "type": "Point",
        "coordinates": [
          135.99244138868306,
          33.72420055509371
        ]
      }
    },
    {
      "type": "Feature",
      "properties": {
        "P33_001": 58,
        "P33_002": "30207",
        "P33_003": "30",
        "P33_004": 2,
        "P33_005": "高田公民分館",
        "P33_006": "647-1101",
        "P33_007": "新宮市高田1649（高田会館内）",
        "P33_008": "‐",
        "P33_009": 20050000,
        "P33_010": "‐",
        "P33_011": "‐",
        "P33_012": -1,
        "P33_013": -1,
        "P33_014": 3,
        "P33_015": "‐",
        "P33_016": "‐",
        "P33_017": "‐",
        "P33_018": -1,
        "P33_019": 453,
        "P33_020": -1,
        "P33_021": -1,
        "P33_022": -1,
        "P33_023": -1,
        "P33_024": -1,
        "P33_041": 1
      },
      "geometry": {
        "type": "Point",
        "coordinates": [
          135.90898200050216,
          33.72974199972866
        ]
      }
    },
    {
      "type": "Feature",
      "properties": {
        "P33_001": 59,
        "P33_002": "30207",
        "P33_003": "30",
        "P33_004": 2,
        "P33_005": "三輪崎公民分館",
        "P33_006": "647-0061",
        "P33_007": "新宮市三輪崎3-80",
        "P33_008": "‐",
        "P33_009": 20050000,
        "P33_010": "‐",
        "P33_011": "‐",
        "P33_012": -1,
        "P33_013": -1,
        "P33_014": 3,
        "P33_015": "‐",
        "P33_016": "‐",
        "P33_017": "‐",
        "P33_018": -1,
        "P33_019": 4915,
        "P33_020": -1,
        "P33_021": -1,
        "P33_022": -1,
        "P33_023": -1,
        "P33_024": -1,
        "P33_041": 3
      },
      "geometry": {
        "type": "Point",
        "coordinates": [
          135.97966500021792,
          33.68424800021067
        ]
      }
    },
    {
      "type": "Feature",
      "properties": {
        "P33_001": 60,
        "P33_002": "30207",
        "P33_003": "30",
        "P33_004": 2,
        "P33_005": "千穂公民分館",
        "P33_006": "647-0015",
        "P33_007": "新宮市千穂1-715-3（神倉小学校内）",
        "P33_008": "‐",
        "P33_009": 20050000,
        "P33_010": "‐",
        "P33_011": "‐",
        "P33_012": -1,
        "P33_013": -1,
        "P33_014": 3,
        "P33_015": "‐",
        "P33_016": "‐",
        "P33_017": "‐",
        "P33_018": -1,
        "P33_019": 6037,
        "P33_020": -1,
        "P33_021": -1,
        "P33_022": -1,
        "P33_023": -1,
        "P33_024": -1,
        "P33_041": 1
      },
      "geometry": {
        "type": "Point",
        "coordinates": [
          135.98531065551174,
          33.72529283539794
        ]
      }
    },
    {
      "type": "Feature",
      "properties": {
        "P33_001": 61,
        "P33_002": "30207",
        "P33_003": "30",
        "P33_004": 2,
        "P33_005": "丹鶴公民分館",
        "P33_006": "647-0011",
        "P33_007": "新宮市下本町2-2-1（丹鶴小学校内）",
        "P33_008": "‐",
        "P33_009": 20050000,
        "P33_010": "‐",
        "P33_011": "‐",
        "P33_012": -1,
        "P33_013": -1,
        "P33_014": 3,
        "P33_015": "‐",
        "P33_016": "‐",
        "P33_017": "‐",
        "P33_018": -1,
        "P33_019": 3625,
        "P33_020": -1,
        "P33_021": -1,
        "P33_022": -1,
        "P33_023": -1,
        "P33_024": -1,
        "P33_041": 1
      },
      "geometry": {
        "type": "Point",
        "coordinates": [
          135.98922499997965,
          33.7311730002629
        ]
      }
    },
    {
      "type": "Feature",
      "properties": {
        "P33_001": 62,
        "P33_002": "30207",
        "P33_003": "30",
        "P33_004": 2,
        "P33_005": "蓬莱公民分館",
        "P33_006": "647-0020",
        "P33_007": "新宮市徐福2-4-1（旧蓬莱小学校内）",
        "P33_008": "‐",
        "P33_009": 20050000,
        "P33_010": "‐",
        "P33_011": "‐",
        "P33_012": -1,
        "P33_013": -1,
        "P33_014": 3,
        "P33_015": "‐",
        "P33_016": "‐",
        "P33_017": "‐",
        "P33_018": -1,
        "P33_019": 6639,
        "P33_020": -1,
        "P33_021": -1,
        "P33_022": -1,
        "P33_023": -1,
        "P33_024": -1,
        "P33_041": 1
      },
      "geometry": {
        "type": "Point",
        "coordinates": [
          135.9967550003264,
          33.72438800035271
        ]
      }
    },
    {
      "type": "Feature",
      "properties": {
        "P33_001": 71,
        "P33_002": "30209",
        "P33_003": "30",
        "P33_004": 2,
        "P33_005": "岩出地区公民館",
        "P33_006": "649-6227",
        "P33_007": "岩出市清水386-12",
        "P33_008": "0736-63-3707",
        "P33_009": 19800000,
        "P33_010": "‐",
        "P33_011": "‐",
        "P33_012": -1,
        "P33_013": -1,
        "P33_014": 3,
        "P33_015": "‐",
        "P33_016": "‐",
        "P33_017": "‐",
        "P33_018": -1,
        "P33_019": 743,
        "P33_020": -1,
        "P33_021": -1,
        "P33_022": -1,
        "P33_023": -1,
        "P33_024": -1,
        "P33_041": 1
      },
      "geometry": {
        "type": "Point",
        "coordinates": [
          135.31907900037626,
          34.255517000823325
        ]
      }
    },
    {
      "type": "Feature",
      "properties": {
        "P33_001": 67,
        "P33_002": "30209",
        "P33_003": "30",
        "P33_004": 2,
        "P33_005": "紀泉台地区公民館",
        "P33_006": "649-6253",
        "P33_007": "岩出市紀泉台428",
        "P33_008": "0736-62-8913",
        "P33_009": 19820000,
        "P33_010": "‐",
        "P33_011": "‐",
        "P33_012": -1,
        "P33_013": -1,
        "P33_014": 3,
        "P33_015": "‐",
        "P33_016": "‐",
        "P33_017": "‐",
        "P33_018": -1,
        "P33_019": 708,
        "P33_020": -1,
        "P33_021": -1,
        "P33_022": -1,
        "P33_023": -1,
        "P33_024": -1,
        "P33_041": 1
      },
      "geometry": {
        "type": "Point",
        "coordinates": [
          135.29062599969419,
          34.28162499954184
        ]
      }
    },
    {
      "type": "Feature",
      "properties": {
        "P33_001": 68,
        "P33_002": "30209",
        "P33_003": "30",
        "P33_004": 2,
        "P33_005": "桜台地区公民館",
        "P33_006": "649-6203",
        "P33_007": "岩出市桜台494",
        "P33_008": "0736-63-1151",
        "P33_009": 20040000,
        "P33_010": "‐",
        "P33_011": "‐",
        "P33_012": -1,
        "P33_013": -1,
        "P33_014": 3,
        "P33_015": "‐",
        "P33_016": "‐",
        "P33_017": "‐",
        "P33_018": -1,
        "P33_019": 864,
        "P33_020": -1,
        "P33_021": -1,
        "P33_022": -1,
        "P33_023": -1,
        "P33_024": -1,
        "P33_041": 1
      },
      "geometry": {
        "type": "Point",
        "coordinates": [
          135.3140700003557,
          34.278233999591954
        ]
      }
    },
    {
      "type": "Feature",
      "properties": {
        "P33_001": 69,
        "P33_002": "30209",
        "P33_003": "30",
        "P33_004": 2,
        "P33_005": "山崎地区公民館",
        "P33_006": "649-6248",
        "P33_007": "岩出市中黒52-2",
        "P33_008": "0736-63-3661",
        "P33_009": 19780000,
        "P33_010": "‐",
        "P33_011": "‐",
        "P33_012": -1,
        "P33_013": -1,
        "P33_014": 3,
        "P33_015": "‐",
        "P33_016": "‐",
        "P33_017": "‐",
        "P33_018": -1,
        "P33_019": 635,
        "P33_020": -1,
        "P33_021": -1,
        "P33_022": -1,
        "P33_023": -1,
        "P33_024": -1,
        "P33_041": 1
      },
      "geometry": {
        "type": "Point",
        "coordinates": [
          135.2918159992565,
          34.26707799958091
        ]
      }
    },
    {
      "type": "Feature",
      "properties": {
        "P33_001": 70,
        "P33_002": "30209",
        "P33_003": "30",
        "P33_004": 2,
        "P33_005": "中央公民館",
        "P33_006": "649-6235",
        "P33_007": "岩出市西野264",
        "P33_008": "0736-62-2141",
        "P33_009": 19700000,
        "P33_010": "‐",
        "P33_011": "‐",
        "P33_012": -1,
        "P33_013": -1,
        "P33_014": 3,
        "P33_015": "‐",
        "P33_016": "‐",
        "P33_017": "‐",
        "P33_018": -1,
        "P33_019": 732,
        "P33_020": -1,
        "P33_021": -1,
        "P33_022": -1,
        "P33_023": -1,
        "P33_024": -1,
        "P33_041": 1
      },
      "geometry": {
        "type": "Point",
        "coordinates": [
          135.3098550005556,
          34.256722999690545
        ]
      }
    },
    {
      "type": "Feature",
      "properties": {
        "P33_001": 75,
        "P33_002": "30304",
        "P33_003": "30",
        "P33_004": 2,
        "P33_005": "志賀野地区公民館",
        "P33_006": "640-1252",
        "P33_007": "紀美野町西野22-1",
        "P33_008": "073-489-5145",
        "P33_009": 19540000,
        "P33_010": "‐",
        "P33_011": "‐",
        "P33_012": -1,
        "P33_013": -1,
        "P33_014": 2,
        "P33_015": "‐",
        "P33_016": "‐",
        "P33_017": "‐",
        "P33_018": -1,
        "P33_019": 377,
        "P33_020": -1,
        "P33_021": -1,
        "P33_022": -1,
        "P33_023": -1,
        "P33_024": -1,
        "P33_041": 1
      },
      "geometry": {
        "type": "Point",
        "coordinates": [
          135.35235700071874,
          34.16834300054625
        ]
      }
    },
    {
      "type": "Feature",
      "properties": {
        "P33_001": 72,
        "P33_002": "30304",
        "P33_003": "30",
        "P33_004": 2,
        "P33_005": "小川地区公民館",
        "P33_006": "640-1114",
        "P33_007": "紀美野町中田23",
        "P33_008": "073-489-4511",
        "P33_009": 19490000,
        "P33_010": "‐",
        "P33_011": "‐",
        "P33_012": -1,
        "P33_013": -1,
        "P33_014": 2,
        "P33_015": "‐",
        "P33_016": "‐",
        "P33_017": "‐",
        "P33_018": -1,
        "P33_019": 362,
        "P33_020": -1,
        "P33_021": -1,
        "P33_022": -1,
        "P33_023": -1,
        "P33_024": -1,
        "P33_041": 1
      },
      "geometry": {
        "type": "Point",
        "coordinates": [
          135.32416799959796,
          34.131427000365456
        ]
      }
    },
    {
      "type": "Feature",
      "properties": {
        "P33_001": 73,
        "P33_002": "30304",
        "P33_003": "30",
        "P33_004": 2,
        "P33_005": "紀美野町中央公民館",
        "P33_006": "640-1131",
        "P33_007": "紀美野町動木288-4",
        "P33_008": "073-489-5915",
        "P33_009": 19820900,
        "P33_010": "‐",
        "P33_011": "‐",
        "P33_012": -1,
        "P33_013": -1,
        "P33_014": 1,
        "P33_015": "‐",
        "P33_016": "‐",
        "P33_017": "‐",
        "P33_018": 3321,
        "P33_019": 2718,
        "P33_020": 1,
        "P33_021": 816,
        "P33_022": 816,
        "P33_023": 3,
        "P33_024": 1,
        "P33_041": 1
      },
      "geometry": {
        "type": "Point",
        "coordinates": [
          135.30826000023043,
          34.1671050003863
        ]
      }
    },
    {
      "type": "Feature",
      "properties": {
        "P33_001": 78,
        "P33_002": "30344",
        "P33_003": "30",
        "P33_004": 2,
        "P33_005": "中央公民館",
        "P33_006": "648-0211",
        "P33_007": "高野町高野山486",
        "P33_008": "0736-56-2076",
        "P33_009": 19710000,
        "P33_010": "‐",
        "P33_011": "‐",
        "P33_012": -1,
        "P33_013": -1,
        "P33_014": 1,
        "P33_015": "‐",
        "P33_016": "‐",
        "P33_017": "‐",
        "P33_018": -1,
        "P33_019": 787,
        "P33_020": -1,
        "P33_021": -1,
        "P33_022": -1,
        "P33_023": -1,
        "P33_024": -1,
        "P33_041": 1
      },
      "geometry": {
        "type": "Point",
        "coordinates": [
          135.59413000007984,
          34.2109249994131
        ]
      }
    },
    {
      "type": "Feature",
      "properties": {
        "P33_001": 77,
        "P33_002": "30344",
        "P33_003": "30",
        "P33_004": 2,
        "P33_005": "中央公民館富貴分館",
        "P33_006": "648-0402",
        "P33_007": "高野町西富貴45",
        "P33_008": "‐",
        "P33_009": 19770000,
        "P33_010": "‐",
        "P33_011": "‐",
        "P33_012": -1,
        "P33_013": -1,
        "P33_014": 3,
        "P33_015": "‐",
        "P33_016": "‐",
        "P33_017": "‐",
        "P33_018": -1,
        "P33_019": -1,
        "P33_020": -1,
        "P33_021": -1,
        "P33_022": -1,
        "P33_023": -1,
        "P33_024": -1,
        "P33_041": 1
      },
      "geometry": {
        "type": "Point",
        "coordinates": [
          135.69908600004527,
          34.26156000022673
        ]
      }
    },
    {
      "type": "Feature",
      "properties": {
        "P33_001": 83,
        "P33_002": "30361",
        "P33_003": "30",
        "P33_004": 2,
        "P33_005": "吉川公民館",
        "P33_006": "643-0007",
        "P33_007": "湯浅町吉川269",
        "P33_008": "‐",
        "P33_009": 19880000,
        "P33_010": "‐",
        "P33_011": "‐",
        "P33_012": -1,
        "P33_013": -1,
        "P33_014": 2,
        "P33_015": "‐",
        "P33_016": "‐",
        "P33_017": "‐",
        "P33_018": -1,
        "P33_019": 351,
        "P33_020": -1,
        "P33_021": -1,
        "P33_022": -1,
        "P33_023": -1,
        "P33_024": -1,
        "P33_041": 1
      },
      "geometry": {
        "type": "Point",
        "coordinates": [
          135.18265300014355,
          34.0490739999782
        ]
      }
    },
    {
      "type": "Feature",
      "properties": {
        "P33_001": 79,
        "P33_002": "30361",
        "P33_003": "30",
        "P33_004": 2,
        "P33_005": "山田公民館",
        "P33_006": "643-0001",
        "P33_007": "湯浅町山田1334-2",
        "P33_008": "0737-63-0953",
        "P33_009": 19950000,
        "P33_010": "‐",
        "P33_011": "‐",
        "P33_012": -1,
        "P33_013": -1,
        "P33_014": -1,
        "P33_015": "‐",
        "P33_016": "‐",
        "P33_017": "‐",
        "P33_018": -1,
        "P33_019": 344,
        "P33_020": -1,
        "P33_021": -1,
        "P33_022": -1,
        "P33_023": -1,
        "P33_024": -1,
        "P33_041": 1
      },
      "geometry": {
        "type": "Point",
        "coordinates": [
          135.2065530004635,
          34.02852100044684
        ]
      }
    },
    {
      "type": "Feature",
      "properties": {
        "P33_001": 80,
        "P33_002": "30361",
        "P33_003": "30",
        "P33_004": 2,
        "P33_005": "栖原公民館",
        "P33_006": "643-0005",
        "P33_007": "湯浅町栖原866-4",
        "P33_008": "0737-63-0952",
        "P33_009": 19620000,
        "P33_010": "‐",
        "P33_011": "‐",
        "P33_012": -1,
        "P33_013": -1,
        "P33_014": 2,
        "P33_015": "‐",
        "P33_016": "‐",
        "P33_017": "‐",
        "P33_018": -1,
        "P33_019": 340,
        "P33_020": -1,
        "P33_021": -1,
        "P33_022": -1,
        "P33_023": -1,
        "P33_024": -1,
        "P33_041": 1
      },
      "geometry": {
        "type": "Point",
        "coordinates": [
          135.16394299973066,
          34.04150399970743
        ]
      }
    },
    {
      "type": "Feature",
      "properties": {
        "P33_001": 81,
        "P33_002": "30361",
        "P33_003": "30",
        "P33_004": 2,
        "P33_005": "田公民館",
        "P33_006": "643-0006",
        "P33_007": "湯浅町田369-5（田区民センター内）",
        "P33_008": "0737-63-0971",
        "P33_009": 19880000,
        "P33_010": "‐",
        "P33_011": "‐",
        "P33_012": -1,
        "P33_013": -1,
        "P33_014": 2,
        "P33_015": "‐",
        "P33_016": "‐",
        "P33_017": "‐",
        "P33_018": -1,
        "P33_019": 492,
        "P33_020": -1,
        "P33_021": -1,
        "P33_022": -1,
        "P33_023": -1,
        "P33_024": -1,
        "P33_041": 1
      },
      "geometry": {
        "type": "Point",
        "coordinates": [
          135.15175900016766,
          34.05509900020541
        ]
      }
    },
    {
      "type": "Feature",
      "properties": {
        "P33_001": 82,
        "P33_002": "30361",
        "P33_003": "30",
        "P33_004": 2,
        "P33_005": "湯浅中央公民館",
        "P33_006": "643-0004",
        "P33_007": "湯浅町湯浅2838-1",
        "P33_008": "0737-63-1110",
        "P33_009": 19700000,
        "P33_010": "‐",
        "P33_011": "‐",
        "P33_012": -1,
        "P33_013": -1,
        "P33_014": 1,
        "P33_015": "‐",
        "P33_016": "‐",
        "P33_017": "‐",
        "P33_018": -1,
        "P33_019": 1057,
        "P33_020": -1,
        "P33_021": -1,
        "P33_022": -1,
        "P33_023": -1,
        "P33_024": -1,
        "P33_041": 1
      },
      "geometry": {
        "type": "Point",
        "coordinates": [
          135.16981099955146,
          34.03516899958621
        ]
      }
    },
    {
      "type": "Feature",
      "properties": {
        "P33_001": 87,
        "P33_002": "30362",
        "P33_003": "30",
        "P33_004": 2,
        "P33_005": "広公民館",
        "P33_006": "643-0071",
        "P33_007": "広川町大字広538-1",
        "P33_008": "0737-63-2229",
        "P33_009": 19620000,
        "P33_010": "‐",
        "P33_011": "‐",
        "P33_012": -1,
        "P33_013": -1,
        "P33_014": 2,
        "P33_015": "‐",
        "P33_016": "‐",
        "P33_017": "‐",
        "P33_018": -1,
        "P33_019": 218,
        "P33_020": -1,
        "P33_021": -1,
        "P33_022": -1,
        "P33_023": -1,
        "P33_024": -1,
        "P33_041": 1
      },
      "geometry": {
        "type": "Point",
        "coordinates": [
          135.1741990004167,
          34.02590200022156
        ]
      }
    },
    {
      "type": "Feature",
      "properties": {
        "P33_001": 84,
        "P33_002": "30362",
        "P33_003": "30",
        "P33_004": 2,
        "P33_005": "中央公民館",
        "P33_006": "643-0071",
        "P33_007": "広川町大字広572",
        "P33_008": "0737-63-2295",
        "P33_009": 19820000,
        "P33_010": "‐",
        "P33_011": "‐",
        "P33_012": -1,
        "P33_013": -1,
        "P33_014": 1,
        "P33_015": "‐",
        "P33_016": "‐",
        "P33_017": "‐",
        "P33_018": -1,
        "P33_019": 1035,
        "P33_020": -1,
        "P33_021": -1,
        "P33_022": -1,
        "P33_023": -1,
        "P33_024": -1,
        "P33_041": 1
      },
      "geometry": {
        "type": "Point",
        "coordinates": [
          135.17694200008265,
          34.02378600026459
        ]
      }
    },
    {
      "type": "Feature",
      "properties": {
        "P33_001": 85,
        "P33_002": "30362",
        "P33_003": "30",
        "P33_004": 2,
        "P33_005": "津木公民館",
        "P33_006": "643-0051",
        "P33_007": "広川町大字下津木743",
        "P33_008": "‐",
        "P33_009": 19640000,
        "P33_010": "‐",
        "P33_011": "‐",
        "P33_012": -1,
        "P33_013": -1,
        "P33_014": 2,
        "P33_015": "‐",
        "P33_016": "‐",
        "P33_017": "‐",
        "P33_018": -1,
        "P33_019": 195,
        "P33_020": -1,
        "P33_021": -1,
        "P33_022": -1,
        "P33_023": -1,
        "P33_024": -1,
        "P33_041": 1
      },
      "geometry": {
        "type": "Point",
        "coordinates": [
          135.2139620003246,
          33.979559000416344
        ]
      }
    },
    {
      "type": "Feature",
      "properties": {
        "P33_001": 86,
        "P33_002": "30362",
        "P33_003": "30",
        "P33_004": 2,
        "P33_005": "南広公民館",
        "P33_006": "643-0063",
        "P33_007": "広川町大字南金屋244-2",
        "P33_008": "0737-63-6988",
        "P33_009": 19630000,
        "P33_010": "‐",
        "P33_011": "‐",
        "P33_012": -1,
        "P33_013": -1,
        "P33_014": 2,
        "P33_015": "‐",
        "P33_016": "‐",
        "P33_017": "‐",
        "P33_018": -1,
        "P33_019": 273,
        "P33_020": -1,
        "P33_021": -1,
        "P33_022": -1,
        "P33_023": -1,
        "P33_024": -1,
        "P33_041": 1
      },
      "geometry": {
        "type": "Point",
        "coordinates": [
          135.1792530002168,
          34.01340999941509
        ]
      }
    },
    {
      "type": "Feature",
      "properties": {
        "P33_001": 92,
        "P33_002": "30381",
        "P33_003": "30",
        "P33_004": 2,
        "P33_005": "美浜町公民館三尾分館",
        "P33_006": "644-0045",
        "P33_007": "美浜町大字三尾841",
        "P33_008": "‐",
        "P33_009": 19630000,
        "P33_010": "‐",
        "P33_011": "‐",
        "P33_012": -1,
        "P33_013": -1,
        "P33_014": 3,
        "P33_015": "‐",
        "P33_016": "‐",
        "P33_017": "‐",
        "P33_018": -1,
        "P33_019": 255,
        "P33_020": -1,
        "P33_021": -1,
        "P33_022": -1,
        "P33_023": -1,
        "P33_024": -1,
        "P33_041": 1
      },
      "geometry": {
        "type": "Point",
        "coordinates": [
          135.08365171890588,
          33.890727605614124
        ]
      }
    },
    {
      "type": "Feature",
      "properties": {
        "P33_001": 88,
        "P33_002": "30381",
        "P33_003": "30",
        "P33_004": 2,
        "P33_005": "美浜町公民館入山分館",
        "P33_006": "644-0044",
        "P33_007": "美浜町大字和田2977-1",
        "P33_008": "‐",
        "P33_009": -1,
        "P33_010": "‐",
        "P33_011": "‐",
        "P33_012": -1,
        "P33_013": -1,
        "P33_014": 3,
        "P33_015": "‐",
        "P33_016": "‐",
        "P33_017": "‐",
        "P33_018": -1,
        "P33_019": 206,
        "P33_020": -1,
        "P33_021": -1,
        "P33_022": -1,
        "P33_023": -1,
        "P33_024": -1,
        "P33_041": 1
      },
      "geometry": {
        "type": "Point",
        "coordinates": [
          135.14018800002296,
          33.90639599971739
        ]
      }
    },
    {
      "type": "Feature",
      "properties": {
        "P33_001": 89,
        "P33_002": "30381",
        "P33_003": "30",
        "P33_004": 2,
        "P33_005": "美浜町公民館浜ノ瀬分館",
        "P33_006": "644-0042",
        "P33_007": "美浜町大字浜ノ瀬71",
        "P33_008": "‐",
        "P33_009": -1,
        "P33_010": "‐",
        "P33_011": "‐",
        "P33_012": -1,
        "P33_013": -1,
        "P33_014": 3,
        "P33_015": "‐",
        "P33_016": "‐",
        "P33_017": "‐",
        "P33_018": -1,
        "P33_019": 193,
        "P33_020": -1,
        "P33_021": -1,
        "P33_022": -1,
        "P33_023": -1,
        "P33_024": -1,
        "P33_041": 1
      },
      "geometry": {
        "type": "Point",
        "coordinates": [
          135.15195200011743,
          33.88044900008043
        ]
      }
    },
    {
      "type": "Feature",
      "properties": {
        "P33_001": 90,
        "P33_002": "30381",
        "P33_003": "30",
        "P33_004": 2,
        "P33_005": "松原地区公民館",
        "P33_006": "644-0043",
        "P33_007": "美浜町大字吉原771-4",
        "P33_008": "‐",
        "P33_009": -1,
        "P33_010": "‐",
        "P33_011": "‐",
        "P33_012": -1,
        "P33_013": -1,
        "P33_014": 2,
        "P33_015": "‐",
        "P33_016": "‐",
        "P33_017": "‐",
        "P33_018": -1,
        "P33_019": 524,
        "P33_020": -1,
        "P33_021": -1,
        "P33_022": -1,
        "P33_023": -1,
        "P33_024": -1,
        "P33_041": 1
      },
      "geometry": {
        "type": "Point",
        "coordinates": [
          135.1446810000686,
          33.88976899992441
        ]
      }
    },
    {
      "type": "Feature",
      "properties": {
        "P33_001": 91,
        "P33_002": "30381",
        "P33_003": "30",
        "P33_004": 2,
        "P33_005": "中央公民館",
        "P33_006": "644-0044",
        "P33_007": "美浜町大字和田1138-177",
        "P33_008": "0738-22-7309",
        "P33_009": -1,
        "P33_010": "‐",
        "P33_011": "‐",
        "P33_012": -1,
        "P33_013": -1,
        "P33_014": 1,
        "P33_015": "‐",
        "P33_016": "‐",
        "P33_017": "‐",
        "P33_018": -1,
        "P33_019": 577,
        "P33_020": -1,
        "P33_021": -1,
        "P33_022": -1,
        "P33_023": -1,
        "P33_024": -1,
        "P33_041": 1
      },
      "geometry": {
        "type": "Point",
        "coordinates": [
          135.12977000031364,
          33.895927000317705
        ]
      }
    },
    {
      "type": "Feature",
      "properties": {
        "P33_001": 93,
        "P33_002": "30382",
        "P33_003": "30",
        "P33_004": 2,
        "P33_005": "中央公民館",
        "P33_006": "649-1213",
        "P33_007": "日高町大字高家629",
        "P33_008": "0738-63-3811",
        "P33_009": 19720000,
        "P33_010": "‐",
        "P33_011": "‐",
        "P33_012": -1,
        "P33_013": -1,
        "P33_014": 1,
        "P33_015": "‐",
        "P33_016": "‐",
        "P33_017": "‐",
        "P33_018": -1,
        "P33_019": 1056,
        "P33_020": -1,
        "P33_021": -1,
        "P33_022": -1,
        "P33_023": -1,
        "P33_024": -1,
        "P33_041": 1
      },
      "geometry": {
        "type": "Point",
        "coordinates": [
          135.14032499998257,
          33.9260129995459
        ]
      }
    },
    {
      "type": "Feature",
      "properties": {
        "P33_001": 96,
        "P33_002": "30383",
        "P33_003": "30",
        "P33_004": 2,
        "P33_005": "衣奈会館",
        "P33_006": "649-1132",
        "P33_007": "由良町衣奈765",
        "P33_008": "0738-66-0921",
        "P33_009": 19770000,
        "P33_010": "‐",
        "P33_011": "‐",
        "P33_012": -1,
        "P33_013": -1,
        "P33_014": 2,
        "P33_015": "‐",
        "P33_016": "‐",
        "P33_017": "‐",
        "P33_018": -1,
        "P33_019": 215,
        "P33_020": -1,
        "P33_021": -1,
        "P33_022": -1,
        "P33_023": -1,
        "P33_024": -1,
        "P33_041": 1
      },
      "geometry": {
        "type": "Point",
        "coordinates": [
          135.1065580002654,
          33.98845900057545
        ]
      }
    },
    {
      "type": "Feature",
      "properties": {
        "P33_001": 94,
        "P33_002": "30383",
        "P33_003": "30",
        "P33_004": 2,
        "P33_005": "白崎会館",
        "P33_006": "649-1121",
        "P33_007": "由良町吹井910-2",
        "P33_008": "0738-65-3510",
        "P33_009": 19980000,
        "P33_010": "‐",
        "P33_011": "‐",
        "P33_012": -1,
        "P33_013": -1,
        "P33_014": 2,
        "P33_015": "‐",
        "P33_016": "‐",
        "P33_017": "‐",
        "P33_018": -1,
        "P33_019": 278,
        "P33_020": -1,
        "P33_021": -1,
        "P33_022": -1,
        "P33_023": -1,
        "P33_024": -1,
        "P33_041": 1
      },
      "geometry": {
        "type": "Point",
        "coordinates": [
          135.10639099923193,
          33.96868300019522
        ]
      }
    },
    {
      "type": "Feature",
      "properties": {
        "P33_001": 95,
        "P33_002": "30383",
        "P33_003": "30",
        "P33_004": 2,
        "P33_005": "中央公民館",
        "P33_006": "649-1112",
        "P33_007": "由良町網代248-12",
        "P33_008": "0738-65-2418",
        "P33_009": 19770000,
        "P33_010": "‐",
        "P33_011": "‐",
        "P33_012": -1,
        "P33_013": -1,
        "P33_014": 1,
        "P33_015": "‐",
        "P33_016": "‐",
        "P33_017": "‐",
        "P33_018": -1,
        "P33_019": 1550,
        "P33_020": -1,
        "P33_021": -1,
        "P33_022": -1,
        "P33_023": -1,
        "P33_024": -1,
        "P33_041": 1
      },
      "geometry": {
        "type": "Point",
        "coordinates": [
          135.11733800066332,
          33.96029900005409
        ]
      }
    },
    {
      "type": "Feature",
      "properties": {
        "P33_001": 97,
        "P33_002": "30390",
        "P33_003": "30",
        "P33_004": 2,
        "P33_005": "印南町公民館",
        "P33_006": "649-1534",
        "P33_007": "印南町印南2009-1",
        "P33_008": "0738-42-1702",
        "P33_009": 19600000,
        "P33_010": "‐",
        "P33_011": "‐",
        "P33_012": -1,
        "P33_013": -1,
        "P33_014": 1,
        "P33_015": "‐",
        "P33_016": "‐",
        "P33_017": "‐",
        "P33_018": -1,
        "P33_019": 1440,
        "P33_020": -1,
        "P33_021": -1,
        "P33_022": -1,
        "P33_023": -1,
        "P33_024": -1,
        "P33_041": 1
      },
      "geometry": {
        "type": "Point",
        "coordinates": [
          135.2176589995289,
          33.8180540001141
        ]
      }
    },
    {
      "type": "Feature",
      "properties": {
        "P33_001": 102,
        "P33_002": "30391",
        "P33_003": "30",
        "P33_004": 2,
        "P33_005": "中央公民館",
        "P33_006": "645-0026",
        "P33_007": "みなべ町谷口301-4",
        "P33_008": "0739-74-3334",
        "P33_009": 19520000,
        "P33_010": "‐",
        "P33_011": "‐",
        "P33_012": -1,
        "P33_013": -1,
        "P33_014": 1,
        "P33_015": "‐",
        "P33_016": "‐",
        "P33_017": "‐",
        "P33_018": -1,
        "P33_019": 1881,
        "P33_020": -1,
        "P33_021": -1,
        "P33_022": -1,
        "P33_023": -1,
        "P33_024": -1,
        "P33_041": 1
      },
      "geometry": {
        "type": "Point",
        "coordinates": [
          135.33052500062465,
          33.791566000667835
        ]
      }
    },
    {
      "type": "Feature",
      "properties": {
        "P33_001": 98,
        "P33_002": "30391",
        "P33_003": "30",
        "P33_004": 2,
        "P33_005": "高城公民館",
        "P33_006": "645-0204",
        "P33_007": "みなべ町広野9",
        "P33_008": "0739-75-2455",
        "P33_009": 19540000,
        "P33_010": "‐",
        "P33_011": "‐",
        "P33_012": -1,
        "P33_013": -1,
        "P33_014": 2,
        "P33_015": "‐",
        "P33_016": "‐",
        "P33_017": "‐",
        "P33_018": -1,
        "P33_019": 544,
        "P33_020": -1,
        "P33_021": -1,
        "P33_022": -1,
        "P33_023": -1,
        "P33_024": -1,
        "P33_041": 1
      },
      "geometry": {
        "type": "Point",
        "coordinates": [
          135.3556779994658,
          33.84678900026734
        ]
      }
    },
    {
      "type": "Feature",
      "properties": {
        "P33_001": 99,
        "P33_002": "30391",
        "P33_003": "30",
        "P33_004": 2,
        "P33_005": "清川公民館",
        "P33_006": "645-0201",
        "P33_007": "みなべ町清川2223",
        "P33_008": "0739-76-2250",
        "P33_009": 19490000,
        "P33_010": "‐",
        "P33_011": "‐",
        "P33_012": -1,
        "P33_013": -1,
        "P33_014": 2,
        "P33_015": "‐",
        "P33_016": "‐",
        "P33_017": "‐",
        "P33_018": -1,
        "P33_019": 559,
        "P33_020": -1,
        "P33_021": -1,
        "P33_022": -1,
        "P33_023": -1,
        "P33_024": -1,
        "P33_041": 1
      },
      "geometry": {
        "type": "Point",
        "coordinates": [
          135.3988090003525,
          33.85334899939678
        ]
      }
    },
    {
      "type": "Feature",
      "properties": {
        "P33_001": 100,
        "P33_002": "30391",
        "P33_003": "30",
        "P33_004": 2,
        "P33_005": "南部公民館",
        "P33_006": "645-0002",
        "P33_007": "みなべ町芝503",
        "P33_008": "0739-72-1400",
        "P33_009": 19500000,
        "P33_010": "‐",
        "P33_011": "‐",
        "P33_012": -1,
        "P33_013": -1,
        "P33_014": 2,
        "P33_015": "‐",
        "P33_016": "‐",
        "P33_017": "‐",
        "P33_018": -1,
        "P33_019": 1013,
        "P33_020": -1,
        "P33_021": -1,
        "P33_022": -1,
        "P33_023": -1,
        "P33_024": -1,
        "P33_041": 1
      },
      "geometry": {
        "type": "Point",
        "coordinates": [
          135.32258999951506,
          33.76536100013561
        ]
      }
    },
    {
      "type": "Feature",
      "properties": {
        "P33_001": 101,
        "P33_002": "30391",
        "P33_003": "30",
        "P33_004": 2,
        "P33_005": "南部公民館岩代分館",
        "P33_006": "645-0014",
        "P33_007": "みなべ町西岩代1648",
        "P33_008": "0739-72-2127",
        "P33_009": 19500000,
        "P33_010": "‐",
        "P33_011": "‐",
        "P33_012": -1,
        "P33_013": -1,
        "P33_014": 3,
        "P33_015": "‐",
        "P33_016": "‐",
        "P33_017": "‐",
        "P33_018": -1,
        "P33_019": 229,
        "P33_020": -1,
        "P33_021": -1,
        "P33_022": -1,
        "P33_023": -1,
        "P33_024": -1,
        "P33_041": 1
      },
      "geometry": {
        "type": "Point",
        "coordinates": [
          135.28099099999466,
          33.78208400026171
        ]
      }
    },
    {
      "type": "Feature",
      "properties": {
        "P33_001": 106,
        "P33_002": "30392",
        "P33_003": "30",
        "P33_004": 2,
        "P33_005": "川辺公民館",
        "P33_006": "649-1323",
        "P33_007": "日高川町小熊2416",
        "P33_008": "0738-22-9553",
        "P33_009": 19550000,
        "P33_010": "‐",
        "P33_011": "‐",
        "P33_012": -1,
        "P33_013": -1,
        "P33_014": 2,
        "P33_015": "‐",
        "P33_016": "‐",
        "P33_017": "‐",
        "P33_018": -1,
        "P33_019": 1025,
        "P33_020": -1,
        "P33_021": -1,
        "P33_022": -1,
        "P33_023": -1,
        "P33_024": -1,
        "P33_041": 1
      },
      "geometry": {
        "type": "Point",
        "coordinates": [
          135.18687200026997,
          33.91129400016982
        ]
      }
    },
    {
      "type": "Feature",
      "properties": {
        "P33_001": 103,
        "P33_002": "30392",
        "P33_003": "30",
        "P33_004": 2,
        "P33_005": "中津公民館",
        "P33_006": "644-1122",
        "P33_007": "日高川町大字高津尾718-3",
        "P33_008": "0738-54-0326",
        "P33_009": 19560000,
        "P33_010": "‐",
        "P33_011": "‐",
        "P33_012": -1,
        "P33_013": -1,
        "P33_014": 2,
        "P33_015": "‐",
        "P33_016": "‐",
        "P33_017": "‐",
        "P33_018": -1,
        "P33_019": 2871,
        "P33_020": -1,
        "P33_021": -1,
        "P33_022": -1,
        "P33_023": -1,
        "P33_024": -1,
        "P33_041": 1
      },
      "geometry": {
        "type": "Point",
        "coordinates": [
          135.29527299994172,
          33.95914800019603
        ]
      }
    },
    {
      "type": "Feature",
      "properties": {
        "P33_001": 104,
        "P33_002": "30392",
        "P33_003": "30",
        "P33_004": 2,
        "P33_005": "美山公民館",
        "P33_006": "644-1201",
        "P33_007": "日高川町大字川原河230",
        "P33_008": "0738-56-0391",
        "P33_009": 19560000,
        "P33_010": "‐",
        "P33_011": "‐",
        "P33_012": -1,
        "P33_013": -1,
        "P33_014": 2,
        "P33_015": "‐",
        "P33_016": "‐",
        "P33_017": "‐",
        "P33_018": -1,
        "P33_019": 1339,
        "P33_020": -1,
        "P33_021": -1,
        "P33_022": -1,
        "P33_023": -1,
        "P33_024": -1,
        "P33_041": 1
      },
      "geometry": {
        "type": "Point",
        "coordinates": [
          135.36735399970652,
          33.98275399998153
        ]
      }
    },
    {
      "type": "Feature",
      "properties": {
        "P33_001": 111,
        "P33_002": "30406",
        "P33_003": "30",
        "P33_004": 2,
        "P33_005": "江住公民館",
        "P33_006": "649-3142",
        "P33_007": "すさみ町江住1426",
        "P33_008": "0739-58-0256",
        "P33_009": 19480000,
        "P33_010": "‐",
        "P33_011": "‐",
        "P33_012": -1,
        "P33_013": -1,
        "P33_014": 2,
        "P33_015": "‐",
        "P33_016": "‐",
        "P33_017": "‐",
        "P33_018": -1,
        "P33_019": 389,
        "P33_020": -1,
        "P33_021": -1,
        "P33_022": -1,
        "P33_023": -1,
        "P33_024": -1,
        "P33_041": 1
      },
      "geometry": {
        "type": "Point",
        "coordinates": [
          135.60520899946064,
          33.51013600077086
        ]
      }
    },
    {
      "type": "Feature",
      "properties": {
        "P33_001": 109,
        "P33_002": "30406",
        "P33_003": "30",
        "P33_004": 2,
        "P33_005": "周参見公民館",
        "P33_006": "649-2621",
        "P33_007": "すさみ町周参見4120-1",
        "P33_008": "0739-55-3037",
        "P33_009": 19480000,
        "P33_010": "‐",
        "P33_011": "‐",
        "P33_012": -1,
        "P33_013": -1,
        "P33_014": 1,
        "P33_015": "‐",
        "P33_016": "‐",
        "P33_017": "‐",
        "P33_018": -1,
        "P33_019": 1845,
        "P33_020": -1,
        "P33_021": -1,
        "P33_022": -1,
        "P33_023": -1,
        "P33_024": -1,
        "P33_041": 1
      },
      "geometry": {
        "type": "Point",
        "coordinates": [
          135.49605100052665,
          33.549808999883254
        ]
      }
    },
    {
      "type": "Feature",
      "properties": {
        "P33_001": 110,
        "P33_002": "30406",
        "P33_003": "30",
        "P33_004": 2,
        "P33_005": "周参見公民館佐本分館",
        "P33_006": "649-3161",
        "P33_007": "すさみ町佐本中228",
        "P33_008": "0739-57-0401",
        "P33_009": -1,
        "P33_010": "‐",
        "P33_011": "‐",
        "P33_012": -1,
        "P33_013": -1,
        "P33_014": 3,
        "P33_015": "‐",
        "P33_016": "‐",
        "P33_017": "‐",
        "P33_018": -1,
        "P33_019": 171,
        "P33_020": -1,
        "P33_021": -1,
        "P33_022": -1,
        "P33_023": -1,
        "P33_024": -1,
        "P33_041": 1
      },
      "geometry": {
        "type": "Point",
        "coordinates": [
          135.62470500035695,
          33.58926999973712
        ]
      }
    },
    {
      "type": "Feature",
      "properties": {
        "P33_001": 126,
        "P33_002": "30421",
        "P33_003": "30",
        "P33_004": 2,
        "P33_005": "那智勝浦町公民館",
        "P33_006": "649-5338",
        "P33_007": "那智勝浦町二河75",
        "P33_008": "0735-52-0067",
        "P33_009": 19560000,
        "P33_010": "‐",
        "P33_011": "‐",
        "P33_012": -1,
        "P33_013": -1,
        "P33_014": 1,
        "P33_015": "‐",
        "P33_016": "‐",
        "P33_017": "‐",
        "P33_018": -1,
        "P33_019": -1,
        "P33_020": -1,
        "P33_021": -1,
        "P33_022": -1,
        "P33_023": -1,
        "P33_024": -1,
        "P33_041": 1
      },
      "geometry": {
        "type": "Point",
        "coordinates": [
          135.92497400031277,
          33.611545999634274
        ]
      }
    },
    {
      "type": "Feature",
      "properties": {
        "P33_001": 112,
        "P33_002": "30421",
        "P33_003": "30",
        "P33_004": 2,
        "P33_005": "那智勝浦町公民館宇久井分館",
        "P33_006": "649-5312",
        "P33_007": "那智勝浦町大字宇久井214(宇久井小学校内）",
        "P33_008": "0735-54-0012",
        "P33_009": 19560000,
        "P33_010": "‐",
        "P33_011": "‐",
        "P33_012": -1,
        "P33_013": -1,
        "P33_014": 3,
        "P33_015": "‐",
        "P33_016": "‐",
        "P33_017": "‐",
        "P33_018": -1,
        "P33_019": -1,
        "P33_020": -1,
        "P33_021": -1,
        "P33_022": -1,
        "P33_023": -1,
        "P33_024": -1,
        "P33_041": 1
      },
      "geometry": {
        "type": "Point",
        "coordinates": [
          135.9718109999934,
          33.66056699927865
        ]
      }
    },
    {
      "type": "Feature",
      "properties": {
        "P33_001": 113,
        "P33_002": "30421",
        "P33_003": "30",
        "P33_004": 2,
        "P33_005": "那智勝浦町公民館浦神分館",
        "P33_006": "649-5145",
        "P33_007": "那智勝浦町大字浦神1804(旧浦神小学校内)",
        "P33_008": "0735-58-0114",
        "P33_009": 19560000,
        "P33_010": "‐",
        "P33_011": "‐",
        "P33_012": -1,
        "P33_013": -1,
        "P33_014": 3,
        "P33_015": "‐",
        "P33_016": "‐",
        "P33_017": "‐",
        "P33_018": -1,
        "P33_019": -1,
        "P33_020": -1,
        "P33_021": -1,
        "P33_022": -1,
        "P33_023": -1,
        "P33_024": -1,
        "P33_041": 1
      },
      "geometry": {
        "type": "Point",
        "coordinates": [
          135.89508295877835,
          33.55884812607905
        ]
      }
    },
    {
      "type": "Feature",
      "properties": {
        "P33_001": 114,
        "P33_002": "30421",
        "P33_003": "30",
        "P33_004": 2,
        "P33_005": "那智勝浦町公民館下里分館",
        "P33_006": "649-5142",
        "P33_007": "那智勝浦町大字下里2862（下里小学校内）",
        "P33_008": "0735-58-0012",
        "P33_009": 19560000,
        "P33_010": "‐",
        "P33_011": "‐",
        "P33_012": -1,
        "P33_013": -1,
        "P33_014": 3,
        "P33_015": "‐",
        "P33_016": "‐",
        "P33_017": "‐",
        "P33_018": -1,
        "P33_019": -1,
        "P33_020": -1,
        "P33_021": -1,
        "P33_022": -1,
        "P33_023": -1,
        "P33_024": -1,
        "P33_041": 1
      },
      "geometry": {
        "type": "Point",
        "coordinates": [
          135.91939699973787,
          33.57569399989592
        ]
      }
    },
    {
      "type": "Feature",
      "properties": {
        "P33_001": 115,
        "P33_002": "30421",
        "P33_003": "30",
        "P33_004": 2,
        "P33_005": "那智勝浦町公民館三川分館",
        "P33_006": "649-5338",
        "P33_007": "那智勝浦町大字二河75（那智勝浦町教育センター内）",
        "P33_008": "0735-52-0350",
        "P33_009": 19560000,
        "P33_010": "‐",
        "P33_011": "‐",
        "P33_012": -1,
        "P33_013": -1,
        "P33_014": 3,
        "P33_015": "‐",
        "P33_016": "‐",
        "P33_017": "‐",
        "P33_018": -1,
        "P33_019": -1,
        "P33_020": -1,
        "P33_021": -1,
        "P33_022": -1,
        "P33_023": -1,
        "P33_024": -1,
        "P33_041": 1
      },
      "geometry": {
        "type": "Point",
        "coordinates": [
          135.92497400031277,
          33.611545999634274
        ]
      }
    },
    {
      "type": "Feature",
      "properties": {
        "P33_001": 116,
        "P33_002": "30421",
        "P33_003": "30",
        "P33_004": 2,
        "P33_005": "那智勝浦町公民館市野々分館",
        "P33_006": "649-5302",
        "P33_007": "那智勝浦町大字市野々2604（市野々小学校内）",
        "P33_008": "0735-55-0204",
        "P33_009": 19560000,
        "P33_010": "‐",
        "P33_011": "‐",
        "P33_012": -1,
        "P33_013": -1,
        "P33_014": 3,
        "P33_015": "‐",
        "P33_016": "‐",
        "P33_017": "‐",
        "P33_018": -1,
        "P33_019": -1,
        "P33_020": -1,
        "P33_021": -1,
        "P33_022": -1,
        "P33_023": -1,
        "P33_024": -1,
        "P33_041": 1
      },
      "geometry": {
        "type": "Point",
        "coordinates": [
          135.91034500021402,
          33.66321599960802
        ]
      }
    },
    {
      "type": "Feature",
      "properties": {
        "P33_001": 117,
        "P33_002": "30421",
        "P33_003": "30",
        "P33_004": 2,
        "P33_005": "那智勝浦町公民館出合分館（休館中）",
        "P33_006": "649-5137",
        "P33_007": "那智勝浦町大字小匠58（旧出合小学校内）",
        "P33_008": "‐",
        "P33_009": 19560000,
        "P33_010": "‐",
        "P33_011": "‐",
        "P33_012": -1,
        "P33_013": -1,
        "P33_014": 3,
        "P33_015": "‐",
        "P33_016": "‐",
        "P33_017": "‐",
        "P33_018": -1,
        "P33_019": -1,
        "P33_020": -1,
        "P33_021": -1,
        "P33_022": -1,
        "P33_023": -1,
        "P33_024": -1,
        "P33_041": 3
      },
      "geometry": {
        "type": "Point",
        "coordinates": [
          135.8410850005266,
          33.60328700022232
        ]
      }
    },
    {
      "type": "Feature",
      "properties": {
        "P33_001": 118,
        "P33_002": "30421",
        "P33_003": "30",
        "P33_004": 2,
        "P33_005": "那智勝浦町公民館勝浦分館",
        "P33_006": "649-5334",
        "P33_007": "那智勝浦町大字勝浦816(勝浦小学校内）",
        "P33_008": "0735-52-0116",
        "P33_009": 19560000,
        "P33_010": "‐",
        "P33_011": "‐",
        "P33_012": -1,
        "P33_013": -1,
        "P33_014": 3,
        "P33_015": "‐",
        "P33_016": "‐",
        "P33_017": "‐",
        "P33_018": -1,
        "P33_019": -1,
        "P33_020": -1,
        "P33_021": -1,
        "P33_022": -1,
        "P33_023": -1,
        "P33_024": -1,
        "P33_041": 1
      },
      "geometry": {
        "type": "Point",
        "coordinates": [
          135.94703247619324,
          33.63101093216997
        ]
      }
    },
    {
      "type": "Feature",
      "properties": {
        "P33_001": 119,
        "P33_002": "30421",
        "P33_003": "30",
        "P33_004": 2,
        "P33_005": "那智勝浦町公民館色川分館",
        "P33_006": "649-5461",
        "P33_007": "那智勝浦町大字大野2410-1（色川小学校内）",
        "P33_008": "0735-56-0104",
        "P33_009": 19560000,
        "P33_010": "‐",
        "P33_011": "‐",
        "P33_012": -1,
        "P33_013": -1,
        "P33_014": 3,
        "P33_015": "‐",
        "P33_016": "‐",
        "P33_017": "‐",
        "P33_018": -1,
        "P33_019": -1,
        "P33_020": -1,
        "P33_021": -1,
        "P33_022": -1,
        "P33_023": -1,
        "P33_024": -1,
        "P33_041": 1
      },
      "geometry": {
        "type": "Point",
        "coordinates": [
          135.8479120000647,
          33.675093000052975
        ]
      }
    },
    {
      "type": "Feature",
      "properties": {
        "P33_001": 120,
        "P33_002": "30421",
        "P33_003": "30",
        "P33_004": 2,
        "P33_005": "那智勝浦町公民館太田川分館",
        "P33_006": "649-5147",
        "P33_007": "那智勝浦町大字庄520（デイサービスセンターゆうゆう内）",
        "P33_008": "0735-57-8020",
        "P33_009": 19560000,
        "P33_010": "‐",
        "P33_011": "‐",
        "P33_012": -1,
        "P33_013": -1,
        "P33_014": 3,
        "P33_015": "‐",
        "P33_016": "‐",
        "P33_017": "‐",
        "P33_018": -1,
        "P33_019": -1,
        "P33_020": -1,
        "P33_021": -1,
        "P33_022": -1,
        "P33_023": -1,
        "P33_024": -1,
        "P33_041": 1
      },
      "geometry": {
        "type": "Point",
        "coordinates": [
          135.90264699989675,
          33.58711799965523
        ]
      }
    },
    {
      "type": "Feature",
      "properties": {
        "P33_001": 121,
        "P33_002": "30421",
        "P33_003": "30",
        "P33_004": 2,
        "P33_005": "那智勝浦町公民館太田分館",
        "P33_006": "649-5134",
        "P33_007": "那智勝浦町大字南大居200（太田小学校内）",
        "P33_008": "0735-57-0224",
        "P33_009": 19560000,
        "P33_010": "‐",
        "P33_011": "‐",
        "P33_012": -1,
        "P33_013": -1,
        "P33_014": 3,
        "P33_015": "‐",
        "P33_016": "‐",
        "P33_017": "‐",
        "P33_018": -1,
        "P33_019": -1,
        "P33_020": -1,
        "P33_021": -1,
        "P33_022": -1,
        "P33_023": -1,
        "P33_024": -1,
        "P33_041": 1
      },
      "geometry": {
        "type": "Point",
        "coordinates": [
          135.88878700003914,
          33.59600800007506
        ]
      }
    },
    {
      "type": "Feature",
      "properties": {
        "P33_001": 122,
        "P33_002": "30421",
        "P33_003": "30",
        "P33_004": 2,
        "P33_005": "那智勝浦町公民館朝日分館",
        "P33_006": "649-5331",
        "P33_007": "那智勝浦町大字天満1185-1",
        "P33_008": "0735-52-0067",
        "P33_009": 19560000,
        "P33_010": "‐",
        "P33_011": "‐",
        "P33_012": -1,
        "P33_013": -1,
        "P33_014": 3,
        "P33_015": "‐",
        "P33_016": "‐",
        "P33_017": "‐",
        "P33_018": -1,
        "P33_019": -1,
        "P33_020": -1,
        "P33_021": -1,
        "P33_022": -1,
        "P33_023": -1,
        "P33_024": -1,
        "P33_041": 1
      },
      "geometry": {
        "type": "Point",
        "coordinates": [
          135.93763199962913,
          33.62749499973339
        ]
      }
    },
    {
      "type": "Feature",
      "properties": {
        "P33_001": 123,
        "P33_002": "30421",
        "P33_003": "30",
        "P33_004": 2,
        "P33_005": "那智勝浦町公民館天満分館",
        "P33_006": "649-5331",
        "P33_007": "那智勝浦町大字天満199",
        "P33_008": "0735-52-2084",
        "P33_009": 19560000,
        "P33_010": "‐",
        "P33_011": "‐",
        "P33_012": -1,
        "P33_013": -1,
        "P33_014": 3,
        "P33_015": "‐",
        "P33_016": "‐",
        "P33_017": "‐",
        "P33_018": -1,
        "P33_019": 510,
        "P33_020": -1,
        "P33_021": -1,
        "P33_022": -1,
        "P33_023": -1,
        "P33_024": -1,
        "P33_041": 1
      },
      "geometry": {
        "type": "Point",
        "coordinates": [
          135.93353899925168,
          33.63771700034393
        ]
      }
    },
    {
      "type": "Feature",
      "properties": {
        "P33_001": 124,
        "P33_002": "30421",
        "P33_003": "30",
        "P33_004": 2,
        "P33_005": "那智勝浦町公民館妙法分館",
        "P33_006": "649-5452",
        "P33_007": "那智勝浦町大字小阪2338（小阪多目的集会所内）",
        "P33_008": "0735-55-0902",
        "P33_009": 19560000,
        "P33_010": "‐",
        "P33_011": "‐",
        "P33_012": -1,
        "P33_013": -1,
        "P33_014": 3,
        "P33_015": "‐",
        "P33_016": "‐",
        "P33_017": "‐",
        "P33_018": -1,
        "P33_019": -1,
        "P33_020": -1,
        "P33_021": -1,
        "P33_022": -1,
        "P33_023": -1,
        "P33_024": -1,
        "P33_041": 1
      },
      "geometry": {
        "type": "Point",
        "coordinates": [
          135.87016799995362,
          33.65868200012325
        ]
      }
    },
    {
      "type": "Feature",
      "properties": {
        "P33_001": 125,
        "P33_002": "30421",
        "P33_003": "30",
        "P33_004": 2,
        "P33_005": "那智勝浦町公民館籠分館",
        "P33_006": "649-5462",
        "P33_007": "那智勝浦町大字田垣内2101（新規就業者技術習得施設籠ふるさと塾内）",
        "P33_008": "0735-56-0301",
        "P33_009": 19560000,
        "P33_010": "‐",
        "P33_011": "‐",
        "P33_012": -1,
        "P33_013": -1,
        "P33_014": 3,
        "P33_015": "‐",
        "P33_016": "‐",
        "P33_017": "‐",
        "P33_018": -1,
        "P33_019": -1,
        "P33_020": -1,
        "P33_021": -1,
        "P33_022": -1,
        "P33_023": -1,
        "P33_024": -1,
        "P33_041": 3
      },
      "geometry": {
        "type": "Point",
        "coordinates": [
          135.83191200051712,
          33.665765000772076
        ]
      }
    },
    {
      "type": "Feature",
      "properties": {
        "P33_001": 127,
        "P33_002": "30424",
        "P33_003": "30",
        "P33_004": 2,
        "P33_005": "中央公民館",
        "P33_006": "649-4104",
        "P33_007": "古座川町高池777",
        "P33_008": "0735-72-3344",
        "P33_009": 19560000,
        "P33_010": "‐",
        "P33_011": "‐",
        "P33_012": -1,
        "P33_013": -1,
        "P33_014": 1,
        "P33_015": "‐",
        "P33_016": "‐",
        "P33_017": "‐",
        "P33_018": -1,
        "P33_019": 1306,
        "P33_020": -1,
        "P33_021": -1,
        "P33_022": -1,
        "P33_023": -1,
        "P33_024": -1,
        "P33_041": 1
      },
      "geometry": {
        "type": "Point",
        "coordinates": [
          135.81619299985746,
          33.534366999770896
        ]
      }
    },
    {
      "type": "Feature",
      "properties": {
        "P33_001": 135,
        "P33_002": "30201",
        "P33_003": "30",
        "P33_004": 5,
        "P33_005": "和歌山ビッグホエール",
        "P33_006": "640-8319",
        "P33_007": "和歌山市手平2-1-1",
        "P33_008": "073-433-0035",
        "P33_009": 19970720,
        "P33_010": "‐",
        "P33_011": "ＪＲ和歌山駅",
        "P33_012": -1,
        "P33_013": -1,
        "P33_014": -1,
        "P33_015": "359",
        "P33_016": "9:00～21:00",
        "P33_017": "‐",
        "P33_018": 55562,
        "P33_019": 17234,
        "P33_020": 1,
        "P33_021": 8500,
        "P33_022": 8500,
        "P33_023": 1,
        "P33_024": -1,
        "P33_041": 1
      },
      "geometry": {
        "type": "Point",
        "coordinates": [
          135.19083899998282,
          34.22114400001323
        ]
      }
    },
    {
      "type": "Feature",
      "properties": {
        "P33_001": 139,
        "P33_002": "30401",
        "P33_003": "30",
        "P33_004": 5,
        "P33_005": "京都大学白浜水族館",
        "P33_006": "649-2211",
        "P33_007": "白浜町459",
        "P33_008": "0739-42-3515",
        "P33_009": -1,
        "P33_010": "‐",
        "P33_011": "‐",
        "P33_012": -1,
        "P33_013": -1,
        "P33_014": -1,
        "P33_015": "‐",
        "P33_016": "‐",
        "P33_017": "‐",
        "P33_018": -1,
        "P33_019": -1,
        "P33_020": -1,
        "P33_021": -1,
        "P33_022": -1,
        "P33_023": -1,
        "P33_024": -1,
        "P33_041": 1
      },
      "geometry": {
        "type": "Point",
        "coordinates": [
          135.3375700000918,
          33.69279300031962
        ]
      }
    },
    {
      "type": "Feature",
      "properties": {
        "P33_001": 136,
        "P33_002": "30206",
        "P33_003": "30",
        "P33_004": 5,
        "P33_005": "熊野古道なかへち美術館",
        "P33_006": "646-1402",
        "P33_007": "田辺市中辺路町近露891",
        "P33_008": "0739-65-0390",
        "P33_009": -1,
        "P33_010": "‐",
        "P33_011": "‐",
        "P33_012": -1,
        "P33_013": -1,
        "P33_014": -1,
        "P33_015": "‐",
        "P33_016": "‐",
        "P33_017": "‐",
        "P33_018": -1,
        "P33_019": -1,
        "P33_020": -1,
        "P33_021": -1,
        "P33_022": -1,
        "P33_023": -1,
        "P33_024": -1,
        "P33_041": 1
      },
      "geometry": {
        "type": "Point",
        "coordinates": [
          135.60616099929362,
          33.81350300027492
        ]
      }
    },
    {
      "type": "Feature",
      "properties": {
        "P33_001": 140,
        "P33_002": "30406",
        "P33_003": "30",
        "P33_004": 5,
        "P33_005": "すさみ海立エビとカニの水族館",
        "P33_006": "649-3142",
        "P33_007": "すさみ町江住（日本童謡の園公園内）",
        "P33_008": "0739-58-8007",
        "P33_009": -1,
        "P33_010": "‐",
        "P33_011": "‐",
        "P33_012": -1,
        "P33_013": -1,
        "P33_014": -1,
        "P33_015": "‐",
        "P33_016": "‐",
        "P33_017": "‐",
        "P33_018": -1,
        "P33_019": -1,
        "P33_020": -1,
        "P33_021": -1,
        "P33_022": -1,
        "P33_023": -1,
        "P33_024": -1,
        "P33_041": 1
      },
      "geometry": {
        "type": "Point",
        "coordinates": [
          135.58881299965552,
          33.50455900003026
        ]
      }
    },
    {
      "type": "Feature",
      "properties": {
        "P33_001": 141,
        "P33_002": "30422",
        "P33_003": "30",
        "P33_004": 5,
        "P33_005": "ドルフィン・ベェイス",
        "P33_006": "649-5172",
        "P33_007": "太地町大字森浦686-17",
        "P33_008": "0735-59-3514",
        "P33_009": -1,
        "P33_010": "‐",
        "P33_011": "‐",
        "P33_012": -1,
        "P33_013": -1,
        "P33_014": -1,
        "P33_015": "‐",
        "P33_016": "‐",
        "P33_017": "‐",
        "P33_018": -1,
        "P33_019": -1,
        "P33_020": -1,
        "P33_021": -1,
        "P33_022": -1,
        "P33_023": -1,
        "P33_024": -1,
        "P33_041": 1
      },
      "geometry": {
        "type": "Point",
        "coordinates": [
          135.93730099986703,
          33.59823000010443
        ]
      }
    },
    {
      "type": "Feature",
      "properties": {
        "P33_001": 138,
        "P33_002": "30401",
        "P33_003": "30",
        "P33_004": 5,
        "P33_005": "南方熊楠記念館",
        "P33_006": "649-2211",
        "P33_007": "白浜町3601-1",
        "P33_008": "0739-42-2872",
        "P33_009": -1,
        "P33_010": "‐",
        "P33_011": "‐",
        "P33_012": -1,
        "P33_013": -1,
        "P33_014": -1,
        "P33_015": "‐",
        "P33_016": "‐",
        "P33_017": "‐",
        "P33_018": -1,
        "P33_019": -1,
        "P33_020": -1,
        "P33_021": -1,
        "P33_022": -1,
        "P33_023": -1,
        "P33_024": -1,
        "P33_041": 1
      },
      "geometry": {
        "type": "Point",
        "coordinates": [
          135.33626299945453,
          33.69372699972011
        ]
      }
    },
    {
      "type": "Feature",
      "properties": {
        "P33_001": 133,
        "P33_002": "30201",
        "P33_003": "30",
        "P33_004": 5,
        "P33_005": "和歌山県立紀伊風土記の丘",
        "P33_006": "640-8301",
        "P33_007": "和歌山市岩橋1411",
        "P33_008": "073-471-6123",
        "P33_009": -1,
        "P33_010": "‐",
        "P33_011": "‐",
        "P33_012": -1,
        "P33_013": -1,
        "P33_014": -1,
        "P33_015": "‐",
        "P33_016": "‐",
        "P33_017": "‐",
        "P33_018": -1,
        "P33_019": -1,
        "P33_020": -1,
        "P33_021": -1,
        "P33_022": -1,
        "P33_023": -1,
        "P33_024": -1,
        "P33_041": 1
      },
      "geometry": {
        "type": "Point",
        "coordinates": [
          135.2296075246315,
          34.22788651499018
        ]
      }
    },
    {
      "type": "Feature",
      "properties": {
        "P33_001": 134,
        "P33_002": "30201",
        "P33_003": "30",
        "P33_004": 5,
        "P33_005": "和歌山市立こども科学館",
        "P33_006": "640-8214",
        "P33_007": "和歌山市寄合町19",
        "P33_008": "073-432-0002",
        "P33_009": -1,
        "P33_010": "‐",
        "P33_011": "‐",
        "P33_012": -1,
        "P33_013": -1,
        "P33_014": -1,
        "P33_015": "‐",
        "P33_016": "‐",
        "P33_017": "‐",
        "P33_018": -1,
        "P33_019": -1,
        "P33_020": -1,
        "P33_021": -1,
        "P33_022": -1,
        "P33_023": -1,
        "P33_024": -1,
        "P33_041": 1
      },
      "geometry": {
        "type": "Point",
        "coordinates": [
          135.16909027699515,
          34.232892778152106
        ]
      }
    },
    {
      "type": "Feature",
      "properties": {
        "P33_001": 155,
        "P33_002": "30401",
        "P33_003": "30",
        "P33_004": 6,
        "P33_005": "アドベンチャーワールド",
        "P33_006": "649-2201",
        "P33_007": "白浜町堅田2399",
        "P33_008": "0739-43-3333",
        "P33_009": -1,
        "P33_010": "‐",
        "P33_011": "‐",
        "P33_012": -1,
        "P33_013": -1,
        "P33_014": -1,
        "P33_015": "328",
        "P33_016": "9:30～17:00(GW･夏休み夜間営業あり)",
        "P33_017": "有",
        "P33_018": -1,
        "P33_019": -1,
        "P33_020": -1,
        "P33_021": -1,
        "P33_022": -1,
        "P33_023": -1,
        "P33_024": -1,
        "P33_041": 1
      },
      "geometry": {
        "type": "Point",
        "coordinates": [
          135.37241899971724,
          33.66637400022651
        ]
      }
    },
    {
      "type": "Feature",
      "properties": {
        "P33_001": 142,
        "P33_002": "30201",
        "P33_003": "30",
        "P33_004": 6,
        "P33_005": "四季の郷公園（ネイチャーセンター）",
        "P33_006": "640-0305",
        "P33_007": "和歌山市明王寺85",
        "P33_008": "073-478-0070",
        "P33_009": -1,
        "P33_010": "‐",
        "P33_011": "‐",
        "P33_012": -1,
        "P33_013": -1,
        "P33_014": -1,
        "P33_015": "309",
        "P33_016": "9:00～17:00",
        "P33_017": "無",
        "P33_018": -1,
        "P33_019": -1,
        "P33_020": -1,
        "P33_021": -1,
        "P33_022": -1,
        "P33_023": -1,
        "P33_024": -1,
        "P33_041": 1
      },
      "geometry": {
        "type": "Point",
        "coordinates": [
          135.2610059997237,
          34.216152000416315
        ]
      }
    },
    {
      "type": "Feature",
      "properties": {
        "P33_001": 152,
        "P33_002": "30341",
        "P33_003": "30",
        "P33_004": 6,
        "P33_005": "かつらぎ公園",
        "P33_006": "649-7121",
        "P33_007": "かつらぎ町丁ノ町2530",
        "P33_008": "0736-22-0303",
        "P33_009": -1,
        "P33_010": "‐",
        "P33_011": "‐",
        "P33_012": -1,
        "P33_013": -1,
        "P33_014": -1,
        "P33_015": "‐",
        "P33_016": "‐",
        "P33_017": "‐",
        "P33_018": -1,
        "P33_019": -1,
        "P33_020": -1,
        "P33_021": -1,
        "P33_022": -1,
        "P33_023": -1,
        "P33_024": -1,
        "P33_041": 1
      },
      "geometry": {
        "type": "Point",
        "coordinates": [
          135.5176209998492,
          34.2953230001018
        ]
      }
    },
    {
      "type": "Feature",
      "properties": {
        "P33_001": 143,
        "P33_002": "30201",
        "P33_003": "30",
        "P33_004": 6,
        "P33_005": "紀州黒潮温泉",
        "P33_006": "641-0014",
        "P33_007": "和歌山市毛見1525",
        "P33_008": "073-448-1126",
        "P33_009": -1,
        "P33_010": "‐",
        "P33_011": "‐",
        "P33_012": -1,
        "P33_013": -1,
        "P33_014": -1,
        "P33_015": "‐",
        "P33_016": "‐",
        "P33_017": "‐",
        "P33_018": -1,
        "P33_019": -1,
        "P33_020": -1,
        "P33_021": -1,
        "P33_022": -1,
        "P33_023": -1,
        "P33_024": -1,
        "P33_041": 1
      },
      "geometry": {
        "type": "Point",
        "coordinates": [
          135.176700000027,
          34.15479899933898
        ]
      }
    },
    {
      "type": "Feature",
      "properties": {
        "P33_001": 153,
        "P33_002": "30401",
        "P33_003": "30",
        "P33_004": 6,
        "P33_005": "白浜海中展望塔",
        "P33_006": "649-2211",
        "P33_007": "白浜町1821",
        "P33_008": "0739-43-1100",
        "P33_009": -1,
        "P33_010": "‐",
        "P33_011": "‐",
        "P33_012": -1,
        "P33_013": -1,
        "P33_014": -1,
        "P33_015": "‐",
        "P33_016": "‐",
        "P33_017": "‐",
        "P33_018": -1,
        "P33_019": -1,
        "P33_020": -1,
        "P33_021": -1,
        "P33_022": -1,
        "P33_023": -1,
        "P33_024": -1,
        "P33_041": 1
      },
      "geometry": {
        "type": "Point",
        "coordinates": [
          135.3357529995113,
          33.67612899980741
        ]
      }
    },
    {
      "type": "Feature",
      "properties": {
        "P33_001": 158,
        "P33_002": "30428",
        "P33_003": "30",
        "P33_004": 6,
        "P33_005": "串本海中公園センター",
        "P33_006": "649-3514",
        "P33_007": "串本町有田1157",
        "P33_008": "0735-62-1122",
        "P33_009": -1,
        "P33_010": "‐",
        "P33_011": "‐",
        "P33_012": -1,
        "P33_013": -1,
        "P33_014": -1,
        "P33_015": "‐",
        "P33_016": "‐",
        "P33_017": "‐",
        "P33_018": -1,
        "P33_019": -1,
        "P33_020": -1,
        "P33_021": -1,
        "P33_022": -1,
        "P33_023": -1,
        "P33_024": -1,
        "P33_041": 1
      },
      "geometry": {
        "type": "Point",
        "coordinates": [
          135.7448139992174,
          33.480840999265276
        ]
      }
    },
    {
      "type": "Feature",
      "properties": {
        "P33_001": 146,
        "P33_002": "30202",
        "P33_003": "30",
        "P33_004": 6,
        "P33_005": "黒沢ハイランド",
        "P33_006": "640-1162",
        "P33_007": "海南市上谷603",
        "P33_008": "0734-87-2900",
        "P33_009": -1,
        "P33_010": "‐",
        "P33_011": "‐",
        "P33_012": -1,
        "P33_013": -1,
        "P33_014": -1,
        "P33_015": "‐",
        "P33_016": "‐",
        "P33_017": "‐",
        "P33_018": -1,
        "P33_019": -1,
        "P33_020": -1,
        "P33_021": -1,
        "P33_022": -1,
        "P33_023": -1,
        "P33_024": -1,
        "P33_041": 1
      },
      "geometry": {
        "type": "Point",
        "coordinates": [
          135.2927169992783,
          34.12896999981606
        ]
      }
    },
    {
      "type": "Feature",
      "properties": {
        "P33_001": 151,
        "P33_002": "30341",
        "P33_003": "30",
        "P33_004": 6,
        "P33_005": "小原洞窟恐竜ランド",
        "P33_006": "643-0611",
        "P33_007": "かつらぎ町花園梁瀬1020",
        "P33_008": "0737-26-0836",
        "P33_009": -1,
        "P33_010": "‐",
        "P33_011": "‐",
        "P33_012": -1,
        "P33_013": -1,
        "P33_014": -1,
        "P33_015": "‐",
        "P33_016": "‐",
        "P33_017": "‐",
        "P33_018": -1,
        "P33_019": -1,
        "P33_020": -1,
        "P33_021": -1,
        "P33_022": -1,
        "P33_023": -1,
        "P33_024": -1,
        "P33_041": 1
      },
      "geometry": {
        "type": "Point",
        "coordinates": [
          135.51815200036103,
          34.1619530005296
        ]
      }
    },
    {
      "type": "Feature",
      "properties": {
        "P33_001": 156,
        "P33_002": "30421",
        "P33_003": "30",
        "P33_004": 6,
        "P33_005": "那智高原公園",
        "P33_006": "649-5301",
        "P33_007": "那智勝浦町那智山5-3",
        "P33_008": "0735-55-0742",
        "P33_009": -1,
        "P33_010": "‐",
        "P33_011": "‐",
        "P33_012": -1,
        "P33_013": -1,
        "P33_014": -1,
        "P33_015": "‐",
        "P33_016": "‐",
        "P33_017": "‐",
        "P33_018": -1,
        "P33_019": -1,
        "P33_020": -1,
        "P33_021": -1,
        "P33_022": -1,
        "P33_023": -1,
        "P33_024": -1,
        "P33_041": 1
      },
      "geometry": {
        "type": "Point",
        "coordinates": [
          135.88358300036344,
          33.66927999997056
        ]
      }
    },
    {
      "type": "Feature",
      "properties": {
        "P33_001": 154,
        "P33_002": "30401",
        "P33_003": "30",
        "P33_004": 6,
        "P33_005": "白浜エネルギーランド",
        "P33_006": "649-2211",
        "P33_007": "白浜町3083",
        "P33_008": "0739-43-2666",
        "P33_009": -1,
        "P33_010": "‐",
        "P33_011": "‐",
        "P33_012": -1,
        "P33_013": -1,
        "P33_014": -1,
        "P33_015": "‐",
        "P33_016": "‐",
        "P33_017": "‐",
        "P33_018": -1,
        "P33_019": -1,
        "P33_020": -1,
        "P33_021": -1,
        "P33_022": -1,
        "P33_023": -1,
        "P33_024": -1,
        "P33_041": 1
      },
      "geometry": {
        "type": "Point",
        "coordinates": [
          135.3461960001155,
          33.68027599972182
        ]
      }
    },
    {
      "type": "Feature",
      "properties": {
        "P33_001": 150,
        "P33_002": "30209",
        "P33_003": "30",
        "P33_004": 6,
        "P33_005": "和歌山県植物公園緑花センター",
        "P33_006": "649-6211",
        "P33_007": "岩出市東坂本672",
        "P33_008": "0736-62-4029",
        "P33_009": -1,
        "P33_010": "‐",
        "P33_011": "‐",
        "P33_012": -1,
        "P33_013": -1,
        "P33_014": -1,
        "P33_015": "‐",
        "P33_016": "‐",
        "P33_017": "‐",
        "P33_018": -1,
        "P33_019": -1,
        "P33_020": -1,
        "P33_021": -1,
        "P33_022": -1,
        "P33_023": -1,
        "P33_024": -1,
        "P33_041": 1
      },
      "geometry": {
        "type": "Point",
        "coordinates": [
          135.32929000036714,
          34.285740999644105
        ]
      }
    },
    {
      "type": "Feature",
      "properties": {
        "P33_001": 144,
        "P33_002": "30201",
        "P33_003": "30",
        "P33_004": 6,
        "P33_005": "和歌山公園動物園",
        "P33_006": "640-8146",
        "P33_007": "和歌山市一番丁3",
        "P33_008": "073-435-1044",
        "P33_009": -1,
        "P33_010": "‐",
        "P33_011": "‐",
        "P33_012": -1,
        "P33_013": -1,
        "P33_014": -1,
        "P33_015": "‐",
        "P33_016": "‐",
        "P33_017": "‐",
        "P33_018": -1,
        "P33_019": -1,
        "P33_020": -1,
        "P33_021": -1,
        "P33_022": -1,
        "P33_023": -1,
        "P33_024": -1,
        "P33_041": 1
      },
      "geometry": {
        "type": "Point",
        "coordinates": [
          135.17302600018104,
          34.22679399982546
        ]
      }
    },
    {
      "type": "Feature",
      "properties": {
        "P33_001": 5,
        "P33_002": "30201",
        "P33_003": "30",
        "P33_004": 2,
        "P33_005": "和歌山県民文化会館",
        "P33_006": "640-8269",
        "P33_007": "和歌山市小松原通1-1",
        "P33_008": "073-436-1331",
        "P33_009": 19701102,
        "P33_010": "http://www.wacaf.or.jp/",
        "P33_011": "ＪＲ阪和線和歌山駅",
        "P33_012": -1,
        "P33_013": -1,
        "P33_014": -1,
        "P33_015": "‐",
        "P33_016": "‐",
        "P33_017": "‐",
        "P33_018": 10500,
        "P33_019": -1,
        "P33_020": 2,
        "P33_021": 1998,
        "P33_022": 2322,
        "P33_023": 22,
        "P33_024": 4,
        "P33_041": 1
      },
      "geometry": {
        "type": "Point",
        "coordinates": [
          135.1680199997185,
          34.22478999996171
        ]
      }
    },
    {
      "type": "Feature",
      "properties": {
        "P33_001": 6,
        "P33_002": "30201",
        "P33_003": "30",
        "P33_004": 2,
        "P33_005": "和歌山市民会館",
        "P33_006": "640-8204",
        "P33_007": "和歌山市伝法橋南ノ丁7",
        "P33_008": "073-432-1212",
        "P33_009": 19790404,
        "P33_010": "‐",
        "P33_011": "南海和歌山市駅",
        "P33_012": -1,
        "P33_013": -1,
        "P33_014": -1,
        "P33_015": "‐",
        "P33_016": "‐",
        "P33_017": "‐",
        "P33_018": 9527,
        "P33_019": -1,
        "P33_020": 3,
        "P33_021": 1406,
        "P33_022": 2562,
        "P33_023": 4,
        "P33_024": 1,
        "P33_041": 1
      },
      "geometry": {
        "type": "Point",
        "coordinates": [
          135.16436399996746,
          34.23434100060726
        ]
      }
    },
    {
      "type": "Feature",
      "properties": {
        "P33_001": 54,
        "P33_002": "30206",
        "P33_003": "30",
        "P33_004": 2,
        "P33_005": "紀南文化会館",
        "P33_006": "646-0033",
        "P33_007": "田辺市新屋敷町1",
        "P33_008": "0739-25-3033",
        "P33_009": 19840229,
        "P33_010": "‐",
        "P33_011": "ＪＲ紀勢本線紀伊田辺駅",
        "P33_012": -1,
        "P33_013": -1,
        "P33_014": -1,
        "P33_015": "‐",
        "P33_016": "‐",
        "P33_017": "‐",
        "P33_018": 17660,
        "P33_019": -1,
        "P33_020": 2,
        "P33_021": 1224,
        "P33_022": 1674,
        "P33_023": 4,
        "P33_024": 1,
        "P33_041": 1
      },
      "geometry": {
        "type": "Point",
        "coordinates": [
          135.37725399973561,
          33.72814399920577
        ]
      }
    },
    {
      "type": "Feature",
      "properties": {
        "P33_001": 20,
        "P33_002": "30203",
        "P33_003": "30",
        "P33_004": 2,
        "P33_005": "橋本市産業文化会館（アゼリア）",
        "P33_006": "649-7206",
        "P33_007": "橋本市高野口町向島135",
        "P33_008": "0736-42-5070",
        "P33_009": 19900824,
        "P33_010": "‐",
        "P33_011": "‐",
        "P33_012": -1,
        "P33_013": -1,
        "P33_014": -1,
        "P33_015": "‐",
        "P33_016": "‐",
        "P33_017": "‐",
        "P33_018": 5564,
        "P33_019": 3483,
        "P33_020": 1,
        "P33_021": 688,
        "P33_022": 688,
        "P33_023": 3,
        "P33_024": -1,
        "P33_041": 1
      },
      "geometry": {
        "type": "Point",
        "coordinates": [
          135.5519529996471,
          34.300939000091475
        ]
      }
    },
    {
      "type": "Feature",
      "properties": {
        "P33_001": 108,
        "P33_002": "30404",
        "P33_003": "30",
        "P33_004": 2,
        "P33_005": "上富田文化会館",
        "P33_006": "649-2105",
        "P33_007": "上富田町朝来758-1",
        "P33_008": "0739-47-5930",
        "P33_009": 19960331,
        "P33_010": "‐",
        "P33_011": "‐",
        "P33_012": -1,
        "P33_013": -1,
        "P33_014": -1,
        "P33_015": "‐",
        "P33_016": "‐",
        "P33_017": "‐",
        "P33_018": 6701,
        "P33_019": 3884,
        "P33_020": 1,
        "P33_021": 800,
        "P33_022": 800,
        "P33_023": 4,
        "P33_024": -1,
        "P33_041": 1
      },
      "geometry": {
        "type": "Point",
        "coordinates": [
          135.42982138947718,
          33.69694166641411
        ]
      }
    },
    {
      "type": "Feature",
      "properties": {
        "P33_001": 131,
        "P33_002": "30201",
        "P33_003": "30",
        "P33_004": 3,
        "P33_005": "和歌の浦アート・キューブ",
        "P33_006": "641-0022",
        "P33_007": "和歌山市和歌浦南3-10-1",
        "P33_008": "073-445-1188",
        "P33_009": 20030723,
        "P33_010": "‐",
        "P33_011": "‐",
        "P33_012": -1,
        "P33_013": -1,
        "P33_014": -1,
        "P33_015": "‐",
        "P33_016": "‐",
        "P33_017": "‐",
        "P33_018": 3210,
        "P33_019": 1528,
        "P33_020": 1,
        "P33_021": 230,
        "P33_022": 230,
        "P33_023": 2,
        "P33_024": 1,
        "P33_041": 1
      },
      "geometry": {
        "type": "Point",
        "coordinates": [
          135.17215099999117,
          34.1865229998197
        ]
      }
    },
    {
      "type": "Feature",
      "properties": {
        "P33_001": 32,
        "P33_002": "30205",
        "P33_003": "30",
        "P33_004": 2,
        "P33_005": "御坊市民文化会館",
        "P33_006": "644-0002",
        "P33_007": "御坊市薗258-2",
        "P33_008": "0738-23-4881",
        "P33_009": 19840421,
        "P33_010": "‐",
        "P33_011": "ＪＲ紀州鉄道伊御坊駅",
        "P33_012": -1,
        "P33_013": -1,
        "P33_014": -1,
        "P33_015": "‐",
        "P33_016": "‐",
        "P33_017": "‐",
        "P33_018": 6707,
        "P33_019": 4836,
        "P33_020": 2,
        "P33_021": 900,
        "P33_022": 1150,
        "P33_023": 2,
        "P33_024": 1,
        "P33_041": 1
      },
      "geometry": {
        "type": "Point",
        "coordinates": [
          135.15390900021558,
          33.8927450005022
        ]
      }
    },
    {
      "type": "Feature",
      "properties": {
        "P33_001": 76,
        "P33_002": "30341",
        "P33_003": "30",
        "P33_004": 2,
        "P33_005": "かつらぎ総合文化会館",
        "P33_006": "649-7121",
        "P33_007": "かつらぎ町丁ノ町2454",
        "P33_008": "0736-22-0303",
        "P33_009": 19930831,
        "P33_010": "‐",
        "P33_011": "‐",
        "P33_012": -1,
        "P33_013": -1,
        "P33_014": -1,
        "P33_015": "‐",
        "P33_016": "‐",
        "P33_017": "‐",
        "P33_018": 16347,
        "P33_019": 5563,
        "P33_020": 2,
        "P33_021": 703,
        "P33_022": 903,
        "P33_023": 4,
        "P33_024": 1,
        "P33_041": 1
      },
      "geometry": {
        "type": "Point",
        "coordinates": [
          135.5048939997111,
          34.2948199998335
        ]
      }
    },
    {
      "type": "Feature",
      "properties": {
        "P33_001": 66,
        "P33_002": "30208",
        "P33_003": "30",
        "P33_004": 2,
        "P33_005": "貴志川生涯学習センター（かがやきホール）",
        "P33_006": "640-0415",
        "P33_007": "紀の川市貴志川町長原447-1",
        "P33_008": "0736-64-2273",
        "P33_009": 19940820,
        "P33_010": "‐",
        "P33_011": "‐",
        "P33_012": -1,
        "P33_013": -1,
        "P33_014": -1,
        "P33_015": "‐",
        "P33_016": "‐",
        "P33_017": "‐",
        "P33_018": 13430,
        "P33_019": 5193,
        "P33_020": 1,
        "P33_021": 512,
        "P33_022": 512,
        "P33_023": 7,
        "P33_024": 1,
        "P33_041": 1
      },
      "geometry": {
        "type": "Point",
        "coordinates": [
          135.30662800077835,
          34.217777000146626
        ]
      }
    },
    {
      "type": "Feature",
      "properties": {
        "P33_001": 128,
        "P33_002": "30428",
        "P33_003": "30",
        "P33_004": 2,
        "P33_005": "串本町文化センター",
        "P33_006": "649-3503",
        "P33_007": "串本町串本2427",
        "P33_008": "0735-62-0006",
        "P33_009": 19891200,
        "P33_010": "‐",
        "P33_011": "ＪＲ紀勢本線串本駅",
        "P33_012": -1,
        "P33_013": -1,
        "P33_014": -1,
        "P33_015": "‐",
        "P33_016": "‐",
        "P33_017": "‐",
        "P33_018": 3469,
        "P33_019": 2938,
        "P33_020": 1,
        "P33_021": 603,
        "P33_022": 603,
        "P33_023": 3,
        "P33_024": 1,
        "P33_041": 1
      },
      "geometry": {
        "type": "Point",
        "coordinates": [
          135.7840189998445,
          33.472454000000006
        ]
      }
    },
    {
      "type": "Feature",
      "properties": {
        "P33_001": 65,
        "P33_002": "30208",
        "P33_003": "30",
        "P33_004": 2,
        "P33_005": "粉河ふるさとセンター",
        "P33_006": "649-6531",
        "P33_007": "紀の川市粉河580",
        "P33_008": "0736-73-3312",
        "P33_009": 19940531,
        "P33_010": "‐",
        "P33_011": "‐",
        "P33_012": -1,
        "P33_013": -1,
        "P33_014": -1,
        "P33_015": "‐",
        "P33_016": "‐",
        "P33_017": "‐",
        "P33_018": 11900,
        "P33_019": 5521,
        "P33_020": 2,
        "P33_021": 757,
        "P33_022": 1057,
        "P33_023": 3,
        "P33_024": 1,
        "P33_041": 1
      },
      "geometry": {
        "type": "Point",
        "coordinates": [
          135.41061699945823,
          34.26744999998549
        ]
      }
    },
    {
      "type": "Feature",
      "properties": {
        "P33_001": 63,
        "P33_002": "30207",
        "P33_003": "30",
        "P33_004": 2,
        "P33_005": "新宮市民会館",
        "P33_006": "647-0081",
        "P33_007": "新宮市新宮7696",
        "P33_008": "0735-22-2227",
        "P33_009": -1,
        "P33_010": "‐",
        "P33_011": "‐",
        "P33_012": -1,
        "P33_013": -1,
        "P33_014": -1,
        "P33_015": "‐",
        "P33_016": "‐",
        "P33_017": "‐",
        "P33_018": 2177,
        "P33_019": 2871,
        "P33_020": 1,
        "P33_021": 1010,
        "P33_022": 1010,
        "P33_023": 2,
        "P33_024": -1,
        "P33_041": 1
      },
      "geometry": {
        "type": "Point",
        "coordinates": [
          135.9902769997297,
          33.73062299953609
        ]
      }
    },
    {
      "type": "Feature",
      "properties": {
        "P33_001": 21,
        "P33_002": "30203",
        "P33_003": "30",
        "P33_004": 2,
        "P33_005": "橋本市民会館",
        "P33_006": "648-0072",
        "P33_007": "橋本市東家1-6-27",
        "P33_008": "0736-33-6108",
        "P33_009": 19680430,
        "P33_010": "‐",
        "P33_011": "‐",
        "P33_012": -1,
        "P33_013": -1,
        "P33_014": -1,
        "P33_015": "‐",
        "P33_016": "‐",
        "P33_017": "‐",
        "P33_018": 3116,
        "P33_019": 2314,
        "P33_020": 1,
        "P33_021": 641,
        "P33_022": 641,
        "P33_023": 5,
        "P33_024": -1,
        "P33_041": 1
      },
      "geometry": {
        "type": "Point",
        "coordinates": [
          135.60506500053233,
          34.315679000426684
        ]
      }
    },
    {
      "type": "Feature",
      "properties": {
        "P33_001": 11,
        "P33_002": "30202",
        "P33_003": "30",
        "P33_004": 2,
        "P33_005": "海南市民交流センター",
        "P33_006": "649-0101",
        "P33_007": "海南市下津町下津500-1",
        "P33_008": "073-492-4490",
        "P33_009": 19980331,
        "P33_010": "‐",
        "P33_011": "‐",
        "P33_012": -1,
        "P33_013": -1,
        "P33_014": -1,
        "P33_015": "‐",
        "P33_016": "‐",
        "P33_017": "‐",
        "P33_018": 9803,
        "P33_019": 5275,
        "P33_020": 1,
        "P33_021": 601,
        "P33_022": 601,
        "P33_023": 3,
        "P33_024": 1,
        "P33_041": 1
      },
      "geometry": {
        "type": "Point",
        "coordinates": [
          135.15083900019823,
          34.10905800014559
        ]
      }
    },
    {
      "type": "Feature",
      "properties": {
        "P33_001": 74,
        "P33_002": "30304",
        "P33_003": "30",
        "P33_004": 2,
        "P33_005": "紀美野町文化センター（みさとホール）",
        "P33_006": "640-1243",
        "P33_007": "紀美野町神野市場217",
        "P33_008": "073-495-9055",
        "P33_009": 19980331,
        "P33_010": "‐",
        "P33_011": "‐",
        "P33_012": -1,
        "P33_013": -1,
        "P33_014": -1,
        "P33_015": "‐",
        "P33_016": "‐",
        "P33_017": "‐",
        "P33_018": 21972,
        "P33_019": 2855,
        "P33_020": 1,
        "P33_021": 504,
        "P33_022": 504,
        "P33_023": 2,
        "P33_024": 1,
        "P33_041": 1
      },
      "geometry": {
        "type": "Point",
        "coordinates": [
          135.3537699994735,
          34.15114199994318
        ]
      }
    },
    {
      "type": "Feature",
      "properties": {
        "P33_001": 10,
        "P33_002": "30202",
        "P33_003": "30",
        "P33_004": 2,
        "P33_005": "海南市民会館",
        "P33_006": "642-0002",
        "P33_007": "海南市日方1271-108",
        "P33_008": "073-482-2507",
        "P33_009": 19630331,
        "P33_010": "‐",
        "P33_011": "ＪＲ紀勢本線海南駅",
        "P33_012": -1,
        "P33_013": -1,
        "P33_014": -1,
        "P33_015": "‐",
        "P33_016": "‐",
        "P33_017": "‐",
        "P33_018": 924,
        "P33_019": 1137,
        "P33_020": 1,
        "P33_021": 300,
        "P33_022": 300,
        "P33_023": 4,
        "P33_024": -1,
        "P33_041": 1
      },
      "geometry": {
        "type": "Point",
        "coordinates": [
          135.20968100017635,
          34.15595500039608
        ]
      }
    },
    {
      "type": "Feature",
      "properties": {
        "P33_001": 22,
        "P33_002": "30203",
        "P33_003": "30",
        "P33_004": 2,
        "P33_005": "橋本市立教育文化会館",
        "P33_006": "648-0072",
        "P33_007": "橋本市東家1-6-27",
        "P33_008": "0736-32-0034",
        "P33_009": 19750700,
        "P33_010": "‐",
        "P33_011": "‐",
        "P33_012": -1,
        "P33_013": -1,
        "P33_014": -1,
        "P33_015": "‐",
        "P33_016": "‐",
        "P33_017": "‐",
        "P33_018": 3125,
        "P33_019": 6643,
        "P33_020": 1,
        "P33_021": 371,
        "P33_022": 371,
        "P33_023": 1,
        "P33_024": 4,
        "P33_041": 1
      },
      "geometry": {
        "type": "Point",
        "coordinates": [
          135.60557100014924,
          34.31552800019814
        ]
      }
    },
    {
      "type": "Feature",
      "properties": {
        "P33_001": 7,
        "P33_002": "30201",
        "P33_003": "30",
        "P33_004": 2,
        "P33_005": "きのくに志學館（メディア・アート・ホール）",
        "P33_006": "641-0051",
        "P33_007": "和歌山市西高松1-7-38",
        "P33_008": "073-436-9530",
        "P33_009": 19930331,
        "P33_010": "‐",
        "P33_011": "‐",
        "P33_012": -1,
        "P33_013": -1,
        "P33_014": -1,
        "P33_015": "‐",
        "P33_016": "‐",
        "P33_017": "‐",
        "P33_018": 10000,
        "P33_019": -1,
        "P33_020": 1,
        "P33_021": 300,
        "P33_022": 300,
        "P33_023": 1,
        "P33_024": -1,
        "P33_041": 1
      },
      "geometry": {
        "type": "Point",
        "coordinates": [
          135.1690000000044,
          34.207435000005944
        ]
      }
    },
    {
      "type": "Feature",
      "properties": {
        "P33_001": 107,
        "P33_002": "30401",
        "P33_003": "30",
        "P33_004": 2,
        "P33_005": "白浜会館（阪田会館）",
        "P33_006": "649-2211",
        "P33_007": "白浜町1-1",
        "P33_008": "0739-43-0300",
        "P33_009": -1,
        "P33_010": "‐",
        "P33_011": "‐",
        "P33_012": -1,
        "P33_013": -1,
        "P33_014": -1,
        "P33_015": "‐",
        "P33_016": "‐",
        "P33_017": "‐",
        "P33_018": 19500,
        "P33_019": -1,
        "P33_020": 1,
        "P33_021": 3000,
        "P33_022": 3000,
        "P33_023": -1,
        "P33_024": -1,
        "P33_041": 1
      },
      "geometry": {
        "type": "Point",
        "coordinates": [
          135.35493000070883,
          33.69331100063997
        ]
      }
    },
    {
      "type": "Feature",
      "properties": {
        "P33_001": 105,
        "P33_002": "30392",
        "P33_003": "30",
        "P33_004": 2,
        "P33_005": "日高川町地域交流センター（日高川町交流センター）",
        "P33_006": "644-1122",
        "P33_007": "日高川町高津尾718-3",
        "P33_008": "0738-54-0326",
        "P33_009": 20080331,
        "P33_010": "‐",
        "P33_011": "‐",
        "P33_012": -1,
        "P33_013": -1,
        "P33_014": -1,
        "P33_015": "‐",
        "P33_016": "‐",
        "P33_017": "‐",
        "P33_018": 13245,
        "P33_019": 2870,
        "P33_020": 1,
        "P33_021": 504,
        "P33_022": 504,
        "P33_023": 3,
        "P33_024": -1,
        "P33_041": 1
      },
      "geometry": {
        "type": "Point",
        "coordinates": [
          135.29527299994172,
          33.95914800019603
        ]
      }
    },
    {
      "type": "Feature",
      "properties": {
        "P33_001": 129,
        "P33_002": "30201",
        "P33_003": "30",
        "P33_004": 3,
        "P33_005": "オールドタイム",
        "P33_006": "640-8002",
        "P33_007": "和歌山市北新5-70（ひめビル1F）",
        "P33_008": "073-428-1950",
        "P33_009": -1,
        "P33_010": "‐",
        "P33_011": "ＪＲ阪和線和歌山駅",
        "P33_012": -1,
        "P33_013": -1,
        "P33_014": -1,
        "P33_015": "‐",
        "P33_016": "‐",
        "P33_017": "‐",
        "P33_018": -1,
        "P33_019": -1,
        "P33_020": -1,
        "P33_021": -1,
        "P33_022": -1,
        "P33_023": -1,
        "P33_024": -1,
        "P33_041": 1
      },
      "geometry": {
        "type": "Point",
        "coordinates": [
          135.17791100015793,
          34.23525699994529
        ]
      }
    },
    {
      "type": "Feature",
      "properties": {
        "P33_001": 137,
        "P33_002": "30207",
        "P33_003": "30",
        "P33_004": 5,
        "P33_005": "くろしおスタジアム",
        "P33_006": "647-0071",
        "P33_007": "新宮市佐野723",
        "P33_008": "0735-23-3333",
        "P33_009": -1,
        "P33_010": "‐",
        "P33_011": "ＪＲ紀伊佐野駅",
        "P33_012": -1,
        "P33_013": -1,
        "P33_014": -1,
        "P33_015": "‐",
        "P33_016": "‐",
        "P33_017": "‐",
        "P33_018": -1,
        "P33_019": -1,
        "P33_020": -1,
        "P33_021": -1,
        "P33_022": -1,
        "P33_023": -1,
        "P33_024": -1,
        "P33_041": 1
      },
      "geometry": {
        "type": "Point",
        "coordinates": [
          135.96636699996742,
          33.67376200045658
        ]
      }
    },
    {
      "type": "Feature",
      "properties": {
        "P33_001": 130,
        "P33_002": "30201",
        "P33_003": "30",
        "P33_004": 3,
        "P33_005": "宮井ホール",
        "P33_006": "640-8033",
        "P33_007": "和歌山市本町1-18",
        "P33_008": "073-426-2341",
        "P33_009": -1,
        "P33_010": "‐",
        "P33_011": "南海本線和歌山市駅",
        "P33_012": -1,
        "P33_013": -1,
        "P33_014": -1,
        "P33_015": "‐",
        "P33_016": "‐",
        "P33_017": "‐",
        "P33_018": -1,
        "P33_019": -1,
        "P33_020": -1,
        "P33_021": -1,
        "P33_022": -1,
        "P33_023": -1,
        "P33_024": -1,
        "P33_041": 1
      },
      "geometry": {
        "type": "Point",
        "coordinates": [
          135.17409399940504,
          34.23330799997697
        ]
      }
    }
  ],
  "bbox": [
    135.08365171890588,
    33.472454000000006,
    135.999268,
    34.358720000000005
  ]
}