{
  "type": "FeatureCollection",
  "features": [
    {
      "type": "Feature",
      "properties": {
        "P27_001": "25201",
        "P27_002": "3",
        "P27_003": "03001",
        "P27_004": "03001",
        "P27_005": "滋賀県立近代美術館",
        "P27_006": "瀬田南大萱町1740-1",
        "P27_007": 2,
        "P27_008": 2,
        "P27_009": 1984
      },
      "geometry": {
        "type": "Point",
        "coordinates": [
          135.942119,
          34.970511
        ]
      }
    },
    {
      "type": "Feature",
      "properties": {
        "P27_001": "25201",
        "P27_002": "3",
        "P27_003": "03001",
        "P27_004": "03001",
        "P27_005": "滋賀県立琵琶湖文化館（休館中）",
        "P27_006": "打出浜1-1",
        "P27_007": 2,
        "P27_008": -99,
        "P27_009": 9999
      },
      "geometry": {
        "type": "Point",
        "coordinates": [
          135.873923,
          35.008153
        ]
      }
    },
    {
      "type": "Feature",
      "properties": {
        "P27_001": "25201",
        "P27_002": "3",
        "P27_003": "03001",
        "P27_004": "03001",
        "P27_005": "膳所焼美術館",
        "P27_006": "中庄1-22-28",
        "P27_007": 4,
        "P27_008": 2,
        "P27_009": 1987
      },
      "geometry": {
        "type": "Point",
        "coordinates": [
          135.895206,
          34.988229
        ]
      }
    },
    {
      "type": "Feature",
      "properties": {
        "P27_001": "25201",
        "P27_002": "3",
        "P27_003": "03001",
        "P27_004": "03001",
        "P27_005": "長等創作展示館・三橋節子美術館",
        "P27_006": "小関町1-1",
        "P27_007": 3,
        "P27_008": -99,
        "P27_009": 1995
      },
      "geometry": {
        "type": "Point",
        "coordinates": [
          135.857248,
          35.007309
        ]
      }
    },
    {
      "type": "Feature",
      "properties": {
        "P27_001": "25201",
        "P27_002": "3",
        "P27_003": "03001",
        "P27_004": "03001",
        "P27_005": "木下美術館",
        "P27_006": "比叡平2-28-21",
        "P27_007": 4,
        "P27_008": -99,
        "P27_009": 2008
      },
      "geometry": {
        "type": "Point",
        "coordinates": [
          135.830159,
          35.0272
        ]
      }
    },
    {
      "type": "Feature",
      "properties": {
        "P27_001": "25202",
        "P27_002": "3",
        "P27_003": "03001",
        "P27_004": "03001",
        "P27_005": "彦根城博物館",
        "P27_006": "金亀町1-1",
        "P27_007": 3,
        "P27_008": -99,
        "P27_009": 1987
      },
      "geometry": {
        "type": "Point",
        "coordinates": [
          136.253501,
          35.275427
        ]
      }
    },
    {
      "type": "Feature",
      "properties": {
        "P27_001": "25203",
        "P27_002": "3",
        "P27_003": "03001",
        "P27_004": "03001",
        "P27_005": "成田美術館",
        "P27_006": "朝日町34-24",
        "P27_007": 4,
        "P27_008": 2,
        "P27_009": 1998
      },
      "geometry": {
        "type": "Point",
        "coordinates": [
          136.268882,
          35.374737
        ]
      }
    },
    {
      "type": "Feature",
      "properties": {
        "P27_001": "25207",
        "P27_002": "3",
        "P27_003": "03001",
        "P27_004": "03001",
        "P27_005": "佐川美術館",
        "P27_006": "水保町北川2891",
        "P27_007": 4,
        "P27_008": -99,
        "P27_009": 1998
      },
      "geometry": {
        "type": "Point",
        "coordinates": [
          135.94492,
          35.112473
        ]
      }
    },
    {
      "type": "Feature",
      "properties": {
        "P27_001": "25209",
        "P27_002": "3",
        "P27_003": "03001",
        "P27_004": "03001",
        "P27_005": "ＭＩＨＯＭＵＳＥＵＭ",
        "P27_006": "信楽町桃谷300",
        "P27_007": 4,
        "P27_008": -99,
        "P27_009": 1997
      },
      "geometry": {
        "type": "Point",
        "coordinates": [
          136.016054,
          34.914519
        ]
      }
    },
    {
      "type": "Feature",
      "properties": {
        "P27_001": "25209",
        "P27_002": "3",
        "P27_003": "03001",
        "P27_004": "03001",
        "P27_005": "甲賀市信楽伝統産業会館",
        "P27_006": "信楽町長野1142",
        "P27_007": 3,
        "P27_008": 3,
        "P27_009": 1977
      },
      "geometry": {
        "type": "Point",
        "coordinates": [
          136.056605,
          34.878605
        ]
      }
    },
    {
      "type": "Feature",
      "properties": {
        "P27_001": "25209",
        "P27_002": "3",
        "P27_003": "03001",
        "P27_004": "03001",
        "P27_005": "滋賀県立陶芸の森陶芸館",
        "P27_006": "信楽町勅旨2188-7",
        "P27_007": 2,
        "P27_008": -99,
        "P27_009": 1990
      },
      "geometry": {
        "type": "Point",
        "coordinates": [
          136.057614,
          34.884297
        ]
      }
    },
    {
      "type": "Feature",
      "properties": {
        "P27_001": "25212",
        "P27_002": "3",
        "P27_003": "03001",
        "P27_004": "03001",
        "P27_005": "比良美術館",
        "P27_006": "鹿ケ瀬岩倉75-1",
        "P27_007": 4,
        "P27_008": -99,
        "P27_009": 1998
      },
      "geometry": {
        "type": "Point",
        "coordinates": [
          135.9522,
          35.300061
        ]
      }
    },
    {
      "type": "Feature",
      "properties": {
        "P27_001": "25213",
        "P27_002": "3",
        "P27_003": "03001",
        "P27_004": "03001",
        "P27_005": "日登美美術館",
        "P27_006": "山上町2068",
        "P27_007": 4,
        "P27_008": 2,
        "P27_009": 1992
      },
      "geometry": {
        "type": "Point",
        "coordinates": [
          136.298154,
          35.079731
        ]
      }
    },
    {
      "type": "Feature",
      "properties": {
        "P27_001": "25201",
        "P27_002": "3",
        "P27_003": "03002",
        "P27_004": "03002",
        "P27_005": "近江神宮時計博物館",
        "P27_006": "神宮町1-1",
        "P27_007": 4,
        "P27_008": 2,
        "P27_009": 1963
      },
      "geometry": {
        "type": "Point",
        "coordinates": [
          135.852432,
          35.03128
        ]
      }
    },
    {
      "type": "Feature",
      "properties": {
        "P27_001": "25201",
        "P27_002": "3",
        "P27_003": "03002",
        "P27_004": "03002",
        "P27_005": "大津市歴史博物館",
        "P27_006": "御陵町2-2",
        "P27_007": 3,
        "P27_008": 2,
        "P27_009": 1990
      },
      "geometry": {
        "type": "Point",
        "coordinates": [
          135.852877,
          35.015393
        ]
      }
    },
    {
      "type": "Feature",
      "properties": {
        "P27_001": "25201",
        "P27_002": "3",
        "P27_003": "03002",
        "P27_004": "03002",
        "P27_005": "田上郷土史料館",
        "P27_006": "牧1-8-32",
        "P27_007": 3,
        "P27_008": -99,
        "P27_009": 1969
      },
      "geometry": {
        "type": "Point",
        "coordinates": [
          135.964459,
          34.958749
        ]
      }
    },
    {
      "type": "Feature",
      "properties": {
        "P27_001": "25201",
        "P27_002": "3",
        "P27_003": "03002",
        "P27_004": "03002",
        "P27_005": "田上鉱物博物館",
        "P27_006": "枝3-4-8",
        "P27_007": 4,
        "P27_008": 1,
        "P27_009": 1963
      },
      "geometry": {
        "type": "Point",
        "coordinates": [
          135.935757,
          34.93768
        ]
      }
    },
    {
      "type": "Feature",
      "properties": {
        "P27_001": "25201",
        "P27_002": "3",
        "P27_003": "03002",
        "P27_004": "03002",
        "P27_005": "比叡山国宝殿",
        "P27_006": "坂本本町4220",
        "P27_007": 4,
        "P27_008": -99,
        "P27_009": 1992
      },
      "geometry": {
        "type": "Point",
        "coordinates": [
          135.843031,
          35.070827
        ]
      }
    },
    {
      "type": "Feature",
      "properties": {
        "P27_001": "25202",
        "P27_002": "3",
        "P27_003": "03002",
        "P27_004": "03002",
        "P27_005": "滋賀大学経済学部附属史料館",
        "P27_006": "馬場1-1-1",
        "P27_007": 0,
        "P27_008": 3,
        "P27_009": 1995
      },
      "geometry": {
        "type": "Point",
        "coordinates": [
          136.246557,
          35.277371
        ]
      }
    },
    {
      "type": "Feature",
      "properties": {
        "P27_001": "25203",
        "P27_002": "3",
        "P27_003": "03002",
        "P27_004": "03002",
        "P27_005": "お市の里浅井歴史民俗資料館",
        "P27_006": "大依528",
        "P27_007": 3,
        "P27_008": -99,
        "P27_009": 1964
      },
      "geometry": {
        "type": "Point",
        "coordinates": [
          136.311901,
          35.434054
        ]
      }
    },
    {
      "type": "Feature",
      "properties": {
        "P27_001": "25203",
        "P27_002": "3",
        "P27_003": "03002",
        "P27_004": "03002",
        "P27_005": "国友鉄砲の里資料館",
        "P27_006": "国友町534",
        "P27_007": 3,
        "P27_008": 2,
        "P27_009": 1987
      },
      "geometry": {
        "type": "Point",
        "coordinates": [
          136.282494,
          35.40896
        ]
      }
    },
    {
      "type": "Feature",
      "properties": {
        "P27_001": "25203",
        "P27_002": "3",
        "P27_003": "03002",
        "P27_004": "03002",
        "P27_005": "長浜市長浜城歴史博物館",
        "P27_006": "公園町10-10",
        "P27_007": 3,
        "P27_008": 5,
        "P27_009": 1983
      },
      "geometry": {
        "type": "Point",
        "coordinates": [
          136.261281,
          35.377657
        ]
      }
    },
    {
      "type": "Feature",
      "properties": {
        "P27_001": "25203",
        "P27_002": "3",
        "P27_003": "03002",
        "P27_004": "03002",
        "P27_005": "竹生島宝物殿",
        "P27_006": "早崎町1664",
        "P27_007": 4,
        "P27_008": -99,
        "P27_009": 1977
      },
      "geometry": {
        "type": "Point",
        "coordinates": [
          136.143207,
          35.420999
        ]
      }
    },
    {
      "type": "Feature",
      "properties": {
        "P27_001": "25203",
        "P27_002": "3",
        "P27_003": "03002",
        "P27_004": "03002",
        "P27_005": "長浜鉄道スクエア",
        "P27_006": "北船町1-41",
        "P27_007": 3,
        "P27_008": 2,
        "P27_009": 1882
      },
      "geometry": {
        "type": "Point",
        "coordinates": [
          136.266017,
          35.376722
        ]
      }
    },
    {
      "type": "Feature",
      "properties": {
        "P27_001": "25204",
        "P27_002": "3",
        "P27_003": "03002",
        "P27_004": "03002",
        "P27_005": "かわらミュージアム",
        "P27_006": "多賀町738-2",
        "P27_007": 3,
        "P27_008": 2,
        "P27_009": 1995
      },
      "geometry": {
        "type": "Point",
        "coordinates": [
          136.092057,
          35.140862
        ]
      }
    },
    {
      "type": "Feature",
      "properties": {
        "P27_001": "25204",
        "P27_002": "3",
        "P27_003": "03002",
        "P27_004": "03002",
        "P27_005": "近江八幡市立資料館",
        "P27_006": "新町2-22",
        "P27_007": 3,
        "P27_008": -99,
        "P27_009": 1974
      },
      "geometry": {
        "type": "Point",
        "coordinates": [
          136.089143,
          35.137859
        ]
      }
    },
    {
      "type": "Feature",
      "properties": {
        "P27_001": "25206",
        "P27_002": "3",
        "P27_003": "03002",
        "P27_004": "03002",
        "P27_005": "史跡草津宿本陣",
        "P27_006": "草津1-2-8",
        "P27_007": 3,
        "P27_008": -99,
        "P27_009": 9999
      },
      "geometry": {
        "type": "Point",
        "coordinates": [
          135.960253,
          35.017755
        ]
      }
    },
    {
      "type": "Feature",
      "properties": {
        "P27_001": "25206",
        "P27_002": "3",
        "P27_003": "03002",
        "P27_004": "03002",
        "P27_005": "滋賀県立琵琶湖博物館",
        "P27_006": "下物町1091",
        "P27_007": 2,
        "P27_008": 2,
        "P27_009": 1996
      },
      "geometry": {
        "type": "Point",
        "coordinates": [
          135.935617,
          35.074608
        ]
      }
    },
    {
      "type": "Feature",
      "properties": {
        "P27_001": "25206",
        "P27_002": "3",
        "P27_003": "03002",
        "P27_004": "03002",
        "P27_005": "草津市立草津宿街道交流館",
        "P27_006": "草津3-10-4",
        "P27_007": 3,
        "P27_008": 2,
        "P27_009": 1999
      },
      "geometry": {
        "type": "Point",
        "coordinates": [
          135.959319,
          35.015607
        ]
      }
    },
    {
      "type": "Feature",
      "properties": {
        "P27_001": "25207",
        "P27_002": "3",
        "P27_003": "03002",
        "P27_004": "03002",
        "P27_005": "守山市立埋蔵文化財センター",
        "P27_006": "服部町2250",
        "P27_007": 3,
        "P27_008": -99,
        "P27_009": 1980
      },
      "geometry": {
        "type": "Point",
        "coordinates": [
          135.992575,
          35.108006
        ]
      }
    },
    {
      "type": "Feature",
      "properties": {
        "P27_001": "25208",
        "P27_002": "3",
        "P27_003": "03002",
        "P27_004": "03002",
        "P27_005": "栗東歴史民俗博物館",
        "P27_006": "小野223-8",
        "P27_007": 3,
        "P27_008": 2,
        "P27_009": 1990
      },
      "geometry": {
        "type": "Point",
        "coordinates": [
          136.008833,
          35.017867
        ]
      }
    },
    {
      "type": "Feature",
      "properties": {
        "P27_001": "25209",
        "P27_002": "3",
        "P27_003": "03002",
        "P27_004": "03002",
        "P27_005": "みなくち子どもの森",
        "P27_006": "水口町北内貴10",
        "P27_007": 3,
        "P27_008": -99,
        "P27_009": 2001
      },
      "geometry": {
        "type": "Point",
        "coordinates": [
          136.167529,
          34.958713
        ]
      }
    },
    {
      "type": "Feature",
      "properties": {
        "P27_001": "25209",
        "P27_002": "3",
        "P27_003": "03002",
        "P27_004": "03002",
        "P27_005": "甲賀市水口歴史民俗資料館・甲賀市水口城資料館",
        "P27_006": "水口町水口5638",
        "P27_007": 3,
        "P27_008": 2,
        "P27_009": 9999
      },
      "geometry": {
        "type": "Point",
        "coordinates": [
          136.166426,
          34.967975
        ]
      }
    },
    {
      "type": "Feature",
      "properties": {
        "P27_001": "25209",
        "P27_002": "3",
        "P27_003": "03002",
        "P27_004": "03002",
        "P27_005": "甲賀市立甲賀歴史民俗資料館",
        "P27_006": "甲賀町油日1042（油日神社境内）",
        "P27_007": 3,
        "P27_008": 1,
        "P27_009": 1977
      },
      "geometry": {
        "type": "Point",
        "coordinates": [
          136.249636,
          34.886682
        ]
      }
    },
    {
      "type": "Feature",
      "properties": {
        "P27_001": "25209",
        "P27_002": "3",
        "P27_003": "03002",
        "P27_004": "03002",
        "P27_005": "甲賀忍術博物館",
        "P27_006": "甲賀町隠岐394",
        "P27_007": 4,
        "P27_008": -99,
        "P27_009": 9999
      },
      "geometry": {
        "type": "Point",
        "coordinates": [
          136.207192,
          34.919446
        ]
      }
    },
    {
      "type": "Feature",
      "properties": {
        "P27_001": "25210",
        "P27_002": "3",
        "P27_003": "03002",
        "P27_004": "03002",
        "P27_005": "野洲市歴史民俗博物館・銅鐸博物館",
        "P27_006": "辻町57-1",
        "P27_007": 3,
        "P27_008": 2,
        "P27_009": 1988
      },
      "geometry": {
        "type": "Point",
        "coordinates": [
          136.044829,
          35.072694
        ]
      }
    },
    {
      "type": "Feature",
      "properties": {
        "P27_001": "25211",
        "P27_002": "3",
        "P27_003": "03002",
        "P27_004": "03002",
        "P27_005": "東海道石部宿歴史民俗資料館",
        "P27_006": "雨山2-1-1",
        "P27_007": 3,
        "P27_008": -99,
        "P27_009": 1985
      },
      "geometry": {
        "type": "Point",
        "coordinates": [
          136.043356,
          35.00595
        ]
      }
    },
    {
      "type": "Feature",
      "properties": {
        "P27_001": "25212",
        "P27_002": "3",
        "P27_003": "03002",
        "P27_004": "03002",
        "P27_005": "近江聖人中江藤樹記念館",
        "P27_006": "安曇川町大字上小川69",
        "P27_007": 3,
        "P27_008": -99,
        "P27_009": 1988
      },
      "geometry": {
        "type": "Point",
        "coordinates": [
          136.031436,
          35.324727
        ]
      }
    },
    {
      "type": "Feature",
      "properties": {
        "P27_001": "25212",
        "P27_002": "3",
        "P27_003": "03002",
        "P27_004": "03002",
        "P27_005": "高島市郷土文化保存伝習施設朽木資料館",
        "P27_006": "朽木野尻478-22",
        "P27_007": 3,
        "P27_008": -99,
        "P27_009": 9999
      },
      "geometry": {
        "type": "Point",
        "coordinates": [
          135.921083,
          35.357123
        ]
      }
    },
    {
      "type": "Feature",
      "properties": {
        "P27_001": "25212",
        "P27_002": "3",
        "P27_003": "03002",
        "P27_004": "03002",
        "P27_005": "高島歴史民俗資料館",
        "P27_006": "鴨2239",
        "P27_007": 3,
        "P27_008": 2,
        "P27_009": 1981
      },
      "geometry": {
        "type": "Point",
        "coordinates": [
          136.013801,
          35.315498
        ]
      }
    },
    {
      "type": "Feature",
      "properties": {
        "P27_001": "25213",
        "P27_002": "3",
        "P27_003": "03002",
        "P27_004": "03002",
        "P27_005": "観峰館",
        "P27_006": "五個荘竜田町136",
        "P27_007": 4,
        "P27_008": 6,
        "P27_009": 1995
      },
      "geometry": {
        "type": "Point",
        "coordinates": [
          136.188431,
          35.154419
        ]
      }
    },
    {
      "type": "Feature",
      "properties": {
        "P27_001": "25213",
        "P27_002": "3",
        "P27_003": "03002",
        "P27_004": "03002",
        "P27_005": "東近江市近江商人博物館",
        "P27_006": "五個荘竜田町583",
        "P27_007": 3,
        "P27_008": 4,
        "P27_009": 1996
      },
      "geometry": {
        "type": "Point",
        "coordinates": [
          136.184805,
          35.151934
        ]
      }
    },
    {
      "type": "Feature",
      "properties": {
        "P27_001": "25213",
        "P27_002": "3",
        "P27_003": "03002",
        "P27_004": "03002",
        "P27_005": "世界凧博物館八日市大凧会館",
        "P27_006": "八日市東本町3-5",
        "P27_007": 3,
        "P27_008": -99,
        "P27_009": 1991
      },
      "geometry": {
        "type": "Point",
        "coordinates": [
          136.203244,
          35.108846
        ]
      }
    },
    {
      "type": "Feature",
      "properties": {
        "P27_001": "25213",
        "P27_002": "3",
        "P27_003": "03002",
        "P27_004": "03002",
        "P27_005": "西堀榮三郎記念・探検の殿堂",
        "P27_006": "横溝町419",
        "P27_007": 3,
        "P27_008": -99,
        "P27_009": 1994
      },
      "geometry": {
        "type": "Point",
        "coordinates": [
          136.247007,
          35.13242
        ]
      }
    },
    {
      "type": "Feature",
      "properties": {
        "P27_001": "25213",
        "P27_002": "3",
        "P27_003": "03002",
        "P27_004": "03002",
        "P27_005": "東近江市五個荘近江商人屋敷藤井彦四郎邸",
        "P27_006": "宮荘町681",
        "P27_007": 3,
        "P27_008": 1,
        "P27_009": 1980
      },
      "geometry": {
        "type": "Point",
        "coordinates": [
          136.189222,
          35.157625
        ]
      }
    },
    {
      "type": "Feature",
      "properties": {
        "P27_001": "25213",
        "P27_002": "3",
        "P27_003": "03002",
        "P27_004": "03002",
        "P27_005": "東近江市能登川博物館",
        "P27_006": "山路町2225",
        "P27_007": 3,
        "P27_008": -99,
        "P27_009": 1997
      },
      "geometry": {
        "type": "Point",
        "coordinates": [
          136.155738,
          35.18562
        ]
      }
    },
    {
      "type": "Feature",
      "properties": {
        "P27_001": "25213",
        "P27_002": "3",
        "P27_003": "03002",
        "P27_004": "03002",
        "P27_005": "東近江市立近江商人郷土館",
        "P27_006": "小田苅町473",
        "P27_007": 4,
        "P27_008": 2,
        "P27_009": 1859
      },
      "geometry": {
        "type": "Point",
        "coordinates": [
          136.221357,
          35.132663
        ]
      }
    },
    {
      "type": "Feature",
      "properties": {
        "P27_001": "25214",
        "P27_002": "3",
        "P27_003": "03002",
        "P27_004": "03002",
        "P27_005": "伊吹山文化資料館",
        "P27_006": "春照77",
        "P27_007": 3,
        "P27_008": -99,
        "P27_009": 1998
      },
      "geometry": {
        "type": "Point",
        "coordinates": [
          136.377599,
          35.382476
        ]
      }
    },
    {
      "type": "Feature",
      "properties": {
        "P27_001": "25204",
        "P27_002": "3",
        "P27_003": "03002",
        "P27_004": "03002",
        "P27_005": "安土町城郭資料館",
        "P27_006": "小中700",
        "P27_007": 3,
        "P27_008": -99,
        "P27_009": 1988
      },
      "geometry": {
        "type": "Point",
        "coordinates": [
          136.13322,
          35.14168
        ]
      }
    },
    {
      "type": "Feature",
      "properties": {
        "P27_001": "25204",
        "P27_002": "3",
        "P27_003": "03002",
        "P27_004": "03002",
        "P27_005": "滋賀県立安土城考古博物館",
        "P27_006": "大字下豊浦6678",
        "P27_007": 2,
        "P27_008": 2,
        "P27_009": 1992
      },
      "geometry": {
        "type": "Point",
        "coordinates": [
          136.14804,
          35.14977
        ]
      }
    },
    {
      "type": "Feature",
      "properties": {
        "P27_001": "25383",
        "P27_002": "3",
        "P27_003": "03002",
        "P27_004": "03002",
        "P27_005": "近江日野商人館",
        "P27_006": "大窪1011",
        "P27_007": 3,
        "P27_008": -99,
        "P27_009": 9999
      },
      "geometry": {
        "type": "Point",
        "coordinates": [
          136.247658,
          35.011525
        ]
      }
    },
    {
      "type": "Feature",
      "properties": {
        "P27_001": "25425",
        "P27_002": "3",
        "P27_003": "03002",
        "P27_004": "03002",
        "P27_005": "愛荘町立愛知川びんてまりの館",
        "P27_006": "市1673",
        "P27_007": 3,
        "P27_008": -99,
        "P27_009": 2000
      },
      "geometry": {
        "type": "Point",
        "coordinates": [
          136.214648,
          35.17108
        ]
      }
    },
    {
      "type": "Feature",
      "properties": {
        "P27_001": "25425",
        "P27_002": "3",
        "P27_003": "03002",
        "P27_004": "03002",
        "P27_005": "愛荘町立歴史文化博物館",
        "P27_006": "松尾寺878",
        "P27_007": 3,
        "P27_008": 2,
        "P27_009": 1994
      },
      "geometry": {
        "type": "Point",
        "coordinates": [
          136.278335,
          35.163578
        ]
      }
    },
    {
      "type": "Feature",
      "properties": {
        "P27_001": "25441",
        "P27_002": "3",
        "P27_003": "03002",
        "P27_004": "03002",
        "P27_005": "豊会館",
        "P27_006": "下枝56",
        "P27_007": 4,
        "P27_008": 2,
        "P27_009": 9999
      },
      "geometry": {
        "type": "Point",
        "coordinates": [
          136.222523,
          35.192472
        ]
      }
    },
    {
      "type": "Feature",
      "properties": {
        "P27_001": "25443",
        "P27_002": "3",
        "P27_003": "03002",
        "P27_004": "03002",
        "P27_005": "多賀町立博物館・多賀の自然と文化の館",
        "P27_006": "大字四手976-2",
        "P27_007": 3,
        "P27_008": 2,
        "P27_009": 1999
      },
      "geometry": {
        "type": "Point",
        "coordinates": [
          136.3024,
          35.221098
        ]
      }
    },
    {
      "type": "Feature",
      "properties": {
        "P27_001": "25203",
        "P27_002": "3",
        "P27_003": "03002",
        "P27_004": "03002",
        "P27_005": "高月町立観音の里歴史民俗資料館",
        "P27_006": "大字渡岸寺229",
        "P27_007": 3,
        "P27_008": 2,
        "P27_009": 1984
      },
      "geometry": {
        "type": "Point",
        "coordinates": [
          136.240474,
          35.475292
        ]
      }
    },
    {
      "type": "Feature",
      "properties": {
        "P27_001": "25203",
        "P27_002": "3",
        "P27_003": "03002",
        "P27_004": "03002",
        "P27_005": "鶏足寺収蔵庫「己高閣」「世代閣」",
        "P27_006": "大字古橋",
        "P27_007": 4,
        "P27_008": 1,
        "P27_009": 9999
      },
      "geometry": {
        "type": "Point",
        "coordinates": [
          136.251133,
          35.508297
        ]
      }
    },
    {
      "type": "Feature",
      "properties": {
        "P27_001": "25201",
        "P27_002": "3",
        "P27_003": "03003",
        "P27_004": "03003",
        "P27_005": "大津市立和邇図書館",
        "P27_006": "和邇高城25",
        "P27_007": 3,
        "P27_008": -99,
        "P27_009": 9999
      },
      "geometry": {
        "type": "Point",
        "coordinates": [
          135.922284,
          35.159099
        ]
      }
    },
    {
      "type": "Feature",
      "properties": {
        "P27_001": "25201",
        "P27_002": "3",
        "P27_003": "03003",
        "P27_004": "03003",
        "P27_005": "滋賀県立図書館",
        "P27_006": "瀬田南大萱町1740-1",
        "P27_007": 2,
        "P27_008": -99,
        "P27_009": 9999
      },
      "geometry": {
        "type": "Point",
        "coordinates": [
          135.868542,
          35.005172
        ]
      }
    },
    {
      "type": "Feature",
      "properties": {
        "P27_001": "25201",
        "P27_002": "3",
        "P27_003": "03003",
        "P27_004": "03003",
        "P27_005": "大津市立北図書館",
        "P27_006": "堅田2-1-11（大津市北部地域文化センター内）",
        "P27_007": 3,
        "P27_008": -99,
        "P27_009": 9999
      },
      "geometry": {
        "type": "Point",
        "coordinates": [
          135.911423,
          35.112011
        ]
      }
    },
    {
      "type": "Feature",
      "properties": {
        "P27_001": "25201",
        "P27_002": "3",
        "P27_003": "03003",
        "P27_004": "03003",
        "P27_005": "大津市立図書館",
        "P27_006": "浜大津2-1-3",
        "P27_007": 3,
        "P27_008": -99,
        "P27_009": 9999
      },
      "geometry": {
        "type": "Point",
        "coordinates": [
          135.862459,
          35.01081
        ]
      }
    },
    {
      "type": "Feature",
      "properties": {
        "P27_001": "25202",
        "P27_002": "3",
        "P27_003": "03003",
        "P27_004": "03003",
        "P27_005": "彦根市立図書館",
        "P27_006": "尾末町8-1",
        "P27_007": 3,
        "P27_008": -99,
        "P27_009": 9999
      },
      "geometry": {
        "type": "Point",
        "coordinates": [
          136.256833,
          35.277649
        ]
      }
    },
    {
      "type": "Feature",
      "properties": {
        "P27_001": "25203",
        "P27_002": "3",
        "P27_003": "03003",
        "P27_004": "03003",
        "P27_005": "長浜市立びわ図書館",
        "P27_006": "難波町505",
        "P27_007": 3,
        "P27_008": 1,
        "P27_009": 1999
      },
      "geometry": {
        "type": "Point",
        "coordinates": [
          136.233029,
          35.410715
        ]
      }
    },
    {
      "type": "Feature",
      "properties": {
        "P27_001": "25203",
        "P27_002": "3",
        "P27_003": "03003",
        "P27_004": "03003",
        "P27_005": "長浜市立浅井図書館",
        "P27_006": "大依528",
        "P27_007": 3,
        "P27_008": 2,
        "P27_009": 1995
      },
      "geometry": {
        "type": "Point",
        "coordinates": [
          136.311936,
          35.434214
        ]
      }
    },
    {
      "type": "Feature",
      "properties": {
        "P27_001": "25203",
        "P27_002": "3",
        "P27_003": "03003",
        "P27_004": "03003",
        "P27_005": "長浜市立長浜図書館",
        "P27_006": "朝日町18-5",
        "P27_007": 3,
        "P27_008": 2,
        "P27_009": 1983
      },
      "geometry": {
        "type": "Point",
        "coordinates": [
          136.27022,
          35.377248
        ]
      }
    },
    {
      "type": "Feature",
      "properties": {
        "P27_001": "25204",
        "P27_002": "3",
        "P27_003": "03003",
        "P27_004": "03003",
        "P27_005": "近江八幡市立近江八幡図書館",
        "P27_006": "宮内町100",
        "P27_007": 3,
        "P27_008": -99,
        "P27_009": 9999
      },
      "geometry": {
        "type": "Point",
        "coordinates": [
          136.085145,
          35.141004
        ]
      }
    },
    {
      "type": "Feature",
      "properties": {
        "P27_001": "25206",
        "P27_002": "3",
        "P27_003": "03003",
        "P27_004": "03003",
        "P27_005": "草津市立図書館",
        "P27_006": "草津町1547",
        "P27_007": 3,
        "P27_008": -99,
        "P27_009": 9999
      },
      "geometry": {
        "type": "Point",
        "coordinates": [
          135.951311,
          35.01906
        ]
      }
    },
    {
      "type": "Feature",
      "properties": {
        "P27_001": "25206",
        "P27_002": "3",
        "P27_003": "03003",
        "P27_004": "03003",
        "P27_005": "草津市立南草津図書館",
        "P27_006": "野路1-15-5",
        "P27_007": 3,
        "P27_008": -99,
        "P27_009": 9999
      },
      "geometry": {
        "type": "Point",
        "coordinates": [
          135.947621,
          35.002971
        ]
      }
    },
    {
      "type": "Feature",
      "properties": {
        "P27_001": "25207",
        "P27_002": "3",
        "P27_003": "03003",
        "P27_004": "03003",
        "P27_005": "守山市立図書館",
        "P27_006": "守山5-3-17",
        "P27_007": 3,
        "P27_008": -99,
        "P27_009": 9999
      },
      "geometry": {
        "type": "Point",
        "coordinates": [
          135.986196,
          35.061416
        ]
      }
    },
    {
      "type": "Feature",
      "properties": {
        "P27_001": "25208",
        "P27_002": "3",
        "P27_003": "03003",
        "P27_004": "03003",
        "P27_005": "栗東市立図書館",
        "P27_006": "小野223",
        "P27_007": 3,
        "P27_008": -99,
        "P27_009": 9999
      },
      "geometry": {
        "type": "Point",
        "coordinates": [
          136.008139,
          35.017367
        ]
      }
    },
    {
      "type": "Feature",
      "properties": {
        "P27_001": "25209",
        "P27_002": "3",
        "P27_003": "03003",
        "P27_004": "03003",
        "P27_005": "甲賀市甲賀図書情報館",
        "P27_006": "甲賀町大原中889",
        "P27_007": 3,
        "P27_008": -99,
        "P27_009": 9999
      },
      "geometry": {
        "type": "Point",
        "coordinates": [
          136.229649,
          34.90205
        ]
      }
    },
    {
      "type": "Feature",
      "properties": {
        "P27_001": "25209",
        "P27_002": "3",
        "P27_003": "03003",
        "P27_004": "03003",
        "P27_005": "甲賀市甲南図書交流館",
        "P27_006": "甲南町深川1865",
        "P27_007": 3,
        "P27_008": -99,
        "P27_009": 9999
      },
      "geometry": {
        "type": "Point",
        "coordinates": [
          136.168482,
          34.929761
        ]
      }
    },
    {
      "type": "Feature",
      "properties": {
        "P27_001": "25209",
        "P27_002": "3",
        "P27_003": "03003",
        "P27_004": "03003",
        "P27_005": "甲賀市信楽図書館",
        "P27_006": "信楽町長野1312-1",
        "P27_007": 3,
        "P27_008": -99,
        "P27_009": 9999
      },
      "geometry": {
        "type": "Point",
        "coordinates": [
          136.061858,
          34.882132
        ]
      }
    },
    {
      "type": "Feature",
      "properties": {
        "P27_001": "25209",
        "P27_002": "3",
        "P27_003": "03003",
        "P27_004": "03003",
        "P27_005": "甲賀市水口図書館",
        "P27_006": "水口町水口5638",
        "P27_007": 3,
        "P27_008": -99,
        "P27_009": 9999
      },
      "geometry": {
        "type": "Point",
        "coordinates": [
          136.166431,
          34.967903
        ]
      }
    },
    {
      "type": "Feature",
      "properties": {
        "P27_001": "25209",
        "P27_002": "3",
        "P27_003": "03003",
        "P27_004": "03003",
        "P27_005": "甲賀市土山図書館",
        "P27_006": "土山町北土山2230",
        "P27_007": 3,
        "P27_008": -99,
        "P27_009": 9999
      },
      "geometry": {
        "type": "Point",
        "coordinates": [
          136.281282,
          34.939908
        ]
      }
    },
    {
      "type": "Feature",
      "properties": {
        "P27_001": "25210",
        "P27_002": "3",
        "P27_003": "03003",
        "P27_004": "03003",
        "P27_005": "野洲図書館",
        "P27_006": "辻町410",
        "P27_007": 3,
        "P27_008": -99,
        "P27_009": 9999
      },
      "geometry": {
        "type": "Point",
        "coordinates": [
          136.042991,
          35.078687
        ]
      }
    },
    {
      "type": "Feature",
      "properties": {
        "P27_001": "25211",
        "P27_002": "3",
        "P27_003": "03003",
        "P27_004": "03003",
        "P27_005": "湖南市立甲西図書館",
        "P27_006": "中央5-50",
        "P27_007": 3,
        "P27_008": -99,
        "P27_009": 9999
      },
      "geometry": {
        "type": "Point",
        "coordinates": [
          136.085714,
          35.005619
        ]
      }
    },
    {
      "type": "Feature",
      "properties": {
        "P27_001": "25211",
        "P27_002": "3",
        "P27_003": "03003",
        "P27_004": "03003",
        "P27_005": "湖南市立石部図書館",
        "P27_006": "石部中央1-2-3",
        "P27_007": 3,
        "P27_008": -99,
        "P27_009": 9999
      },
      "geometry": {
        "type": "Point",
        "coordinates": [
          136.059217,
          35.010674
        ]
      }
    },
    {
      "type": "Feature",
      "properties": {
        "P27_001": "25212",
        "P27_002": "3",
        "P27_003": "03003",
        "P27_004": "03003",
        "P27_005": "高島市立マキノ図書館",
        "P27_006": "マキノ町蛭口260-1",
        "P27_007": 3,
        "P27_008": -99,
        "P27_009": 9999
      },
      "geometry": {
        "type": "Point",
        "coordinates": [
          136.04963,
          35.463179
        ]
      }
    },
    {
      "type": "Feature",
      "properties": {
        "P27_001": "25212",
        "P27_002": "3",
        "P27_003": "03003",
        "P27_004": "03003",
        "P27_005": "高島市立安曇川図書館",
        "P27_006": "安曇川町青柳1173",
        "P27_007": 3,
        "P27_008": -99,
        "P27_009": 9999
      },
      "geometry": {
        "type": "Point",
        "coordinates": [
          136.030247,
          35.325304
        ]
      }
    },
    {
      "type": "Feature",
      "properties": {
        "P27_001": "25212",
        "P27_002": "3",
        "P27_003": "03003",
        "P27_004": "03003",
        "P27_005": "高島市立安曇川図書館高島分館",
        "P27_006": "勝野670",
        "P27_007": 3,
        "P27_008": -99,
        "P27_009": 9999
      },
      "geometry": {
        "type": "Point",
        "coordinates": [
          136.011052,
          35.300542
        ]
      }
    },
    {
      "type": "Feature",
      "properties": {
        "P27_001": "25212",
        "P27_002": "3",
        "P27_003": "03003",
        "P27_004": "03003",
        "P27_005": "高島市立朽木図書サロン",
        "P27_006": "朽木市場792",
        "P27_007": 3,
        "P27_008": -99,
        "P27_009": 9999
      },
      "geometry": {
        "type": "Point",
        "coordinates": [
          135.916027,
          35.351663
        ]
      }
    },
    {
      "type": "Feature",
      "properties": {
        "P27_001": "25212",
        "P27_002": "3",
        "P27_003": "03003",
        "P27_004": "03003",
        "P27_005": "高島市立今津図書館",
        "P27_006": "今津町舟橋2-3-1",
        "P27_007": 3,
        "P27_008": -99,
        "P27_009": 9999
      },
      "geometry": {
        "type": "Point",
        "coordinates": [
          136.028856,
          35.400997
        ]
      }
    },
    {
      "type": "Feature",
      "properties": {
        "P27_001": "25212",
        "P27_002": "3",
        "P27_003": "03003",
        "P27_004": "03003",
        "P27_005": "高島市立今津図書館新旭分館",
        "P27_006": "新旭町北畑567",
        "P27_007": 3,
        "P27_008": -99,
        "P27_009": 9999
      },
      "geometry": {
        "type": "Point",
        "coordinates": [
          136.036115,
          35.352521
        ]
      }
    },
    {
      "type": "Feature",
      "properties": {
        "P27_001": "25213",
        "P27_002": "3",
        "P27_003": "03003",
        "P27_004": "03003",
        "P27_005": "東近江市立愛東図書館",
        "P27_006": "下中野町431",
        "P27_007": 3,
        "P27_008": -99,
        "P27_009": 9999
      },
      "geometry": {
        "type": "Point",
        "coordinates": [
          136.262392,
          35.110721
        ]
      }
    },
    {
      "type": "Feature",
      "properties": {
        "P27_001": "25213",
        "P27_002": "3",
        "P27_003": "03003",
        "P27_004": "03003",
        "P27_005": "東近江市立永源寺図書館",
        "P27_006": "山上町830-1",
        "P27_007": 3,
        "P27_008": -99,
        "P27_009": 9999
      },
      "geometry": {
        "type": "Point",
        "coordinates": [
          136.297777,
          35.069586
        ]
      }
    },
    {
      "type": "Feature",
      "properties": {
        "P27_001": "25213",
        "P27_002": "3",
        "P27_003": "03003",
        "P27_004": "03003",
        "P27_005": "東近江市立湖東図書館",
        "P27_006": "横溝町1967",
        "P27_007": 3,
        "P27_008": -99,
        "P27_009": 9999
      },
      "geometry": {
        "type": "Point",
        "coordinates": [
          136.245309,
          35.130858
        ]
      }
    },
    {
      "type": "Feature",
      "properties": {
        "P27_001": "25213",
        "P27_002": "3",
        "P27_003": "03003",
        "P27_004": "03003",
        "P27_005": "東近江市立五個荘図書館",
        "P27_006": "五個荘竜田町548",
        "P27_007": 3,
        "P27_008": -99,
        "P27_009": 9999
      },
      "geometry": {
        "type": "Point",
        "coordinates": [
          136.184869,
          35.152687
        ]
      }
    },
    {
      "type": "Feature",
      "properties": {
        "P27_001": "25213",
        "P27_002": "3",
        "P27_003": "03003",
        "P27_004": "03003",
        "P27_005": "東近江市立八日市図書館",
        "P27_006": "八日市金屋2-6-25",
        "P27_007": 3,
        "P27_008": -99,
        "P27_009": 1988
      },
      "geometry": {
        "type": "Point",
        "coordinates": [
          136.197896,
          35.109581
        ]
      }
    },
    {
      "type": "Feature",
      "properties": {
        "P27_001": "25213",
        "P27_002": "3",
        "P27_003": "03003",
        "P27_004": "03003",
        "P27_005": "東近江市立能登川図書館",
        "P27_006": "山路町2225",
        "P27_007": 3,
        "P27_008": -99,
        "P27_009": 9999
      },
      "geometry": {
        "type": "Point",
        "coordinates": [
          136.155207,
          35.185126
        ]
      }
    },
    {
      "type": "Feature",
      "properties": {
        "P27_001": "25214",
        "P27_002": "3",
        "P27_003": "03003",
        "P27_004": "03003",
        "P27_005": "米原市立近江図書館",
        "P27_006": "顔戸281-1",
        "P27_007": 3,
        "P27_008": -99,
        "P27_009": 9999
      },
      "geometry": {
        "type": "Point",
        "coordinates": [
          136.310382,
          35.334338
        ]
      }
    },
    {
      "type": "Feature",
      "properties": {
        "P27_001": "25214",
        "P27_002": "3",
        "P27_003": "03003",
        "P27_004": "03003",
        "P27_005": "米原市立山東図書館",
        "P27_006": "長岡1050-1",
        "P27_007": 3,
        "P27_008": -99,
        "P27_009": 9999
      },
      "geometry": {
        "type": "Point",
        "coordinates": [
          136.367784,
          35.364528
        ]
      }
    },
    {
      "type": "Feature",
      "properties": {
        "P27_001": "25204",
        "P27_002": "3",
        "P27_003": "03003",
        "P27_004": "03003",
        "P27_005": "近江八幡市立安土図書館",
        "P27_006": "安土町上豊浦1",
        "P27_007": 3,
        "P27_008": -99,
        "P27_009": 9999
      },
      "geometry": {
        "type": "Point",
        "coordinates": [
          136.142096,
          35.133022
        ]
      }
    },
    {
      "type": "Feature",
      "properties": {
        "P27_001": "25383",
        "P27_002": "3",
        "P27_003": "03003",
        "P27_004": "03003",
        "P27_005": "日野町立図書館",
        "P27_006": "松尾1655",
        "P27_007": 3,
        "P27_008": -99,
        "P27_009": 9999
      },
      "geometry": {
        "type": "Point",
        "coordinates": [
          136.246503,
          35.019284
        ]
      }
    },
    {
      "type": "Feature",
      "properties": {
        "P27_001": "25384",
        "P27_002": "3",
        "P27_003": "03003",
        "P27_004": "03003",
        "P27_005": "竜王町立図書館",
        "P27_006": "大字綾戸1021",
        "P27_007": 3,
        "P27_008": -99,
        "P27_009": 9999
      },
      "geometry": {
        "type": "Point",
        "coordinates": [
          136.125404,
          35.062503
        ]
      }
    },
    {
      "type": "Feature",
      "properties": {
        "P27_001": "25425",
        "P27_002": "3",
        "P27_003": "03003",
        "P27_004": "03003",
        "P27_005": "愛荘町立愛知川図書館",
        "P27_006": "市1673",
        "P27_007": 3,
        "P27_008": -99,
        "P27_009": 9999
      },
      "geometry": {
        "type": "Point",
        "coordinates": [
          136.214728,
          35.171297
        ]
      }
    },
    {
      "type": "Feature",
      "properties": {
        "P27_001": "25425",
        "P27_002": "3",
        "P27_003": "03003",
        "P27_004": "03003",
        "P27_005": "愛荘町立秦荘図書館",
        "P27_006": "安孫子822",
        "P27_007": 3,
        "P27_008": -99,
        "P27_009": 9999
      },
      "geometry": {
        "type": "Point",
        "coordinates": [
          136.244615,
          35.175438
        ]
      }
    },
    {
      "type": "Feature",
      "properties": {
        "P27_001": "25441",
        "P27_002": "3",
        "P27_003": "03003",
        "P27_004": "03003",
        "P27_005": "豊郷町立図書館",
        "P27_006": "石畑518",
        "P27_007": 3,
        "P27_008": -99,
        "P27_009": 9999
      },
      "geometry": {
        "type": "Point",
        "coordinates": [
          136.232871,
          35.203373
        ]
      }
    },
    {
      "type": "Feature",
      "properties": {
        "P27_001": "25442",
        "P27_002": "3",
        "P27_003": "03003",
        "P27_004": "03003",
        "P27_005": "甲良町立図書館",
        "P27_006": "横関927",
        "P27_007": 3,
        "P27_008": -99,
        "P27_009": 9999
      },
      "geometry": {
        "type": "Point",
        "coordinates": [
          136.270114,
          35.201386
        ]
      }
    },
    {
      "type": "Feature",
      "properties": {
        "P27_001": "25443",
        "P27_002": "3",
        "P27_003": "03003",
        "P27_004": "03003",
        "P27_005": "多賀町立図書館",
        "P27_006": "大字四手976-2",
        "P27_007": 3,
        "P27_008": -99,
        "P27_009": 9999
      },
      "geometry": {
        "type": "Point",
        "coordinates": [
          136.302192,
          35.221212
        ]
      }
    },
    {
      "type": "Feature",
      "properties": {
        "P27_001": "25203",
        "P27_002": "3",
        "P27_003": "03003",
        "P27_004": "03003",
        "P27_005": "長浜市立虎姫図書館",
        "P27_006": "宮部町3445",
        "P27_007": 3,
        "P27_008": -99,
        "P27_009": 1996
      },
      "geometry": {
        "type": "Point",
        "coordinates": [
          136.266553,
          35.422631
        ]
      }
    },
    {
      "type": "Feature",
      "properties": {
        "P27_001": "25203",
        "P27_002": "3",
        "P27_003": "03003",
        "P27_004": "03003",
        "P27_005": "長浜市立湖北図書館",
        "P27_006": "湖北町速水2745",
        "P27_007": 3,
        "P27_008": -99,
        "P27_009": 2001
      },
      "geometry": {
        "type": "Point",
        "coordinates": [
          136.242749,
          35.446571
        ]
      }
    },
    {
      "type": "Feature",
      "properties": {
        "P27_001": "25203",
        "P27_002": "3",
        "P27_003": "03003",
        "P27_004": "03003",
        "P27_005": "長浜市立高月図書館",
        "P27_006": "高月町渡岸寺115",
        "P27_007": 3,
        "P27_008": 2,
        "P27_009": 1993
      },
      "geometry": {
        "type": "Point",
        "coordinates": [
          136.236452,
          35.475111
        ]
      }
    },
    {
      "type": "Feature",
      "properties": {
        "P27_001": "25203",
        "P27_002": "3",
        "P27_003": "03003",
        "P27_004": "03003",
        "P27_005": "（公財）江北図書館",
        "P27_006": "木之本1362",
        "P27_007": 4,
        "P27_008": -99,
        "P27_009": 9999
      },
      "geometry": {
        "type": "Point",
        "coordinates": [
          136.222391,
          35.50651
        ]
      }
    },
    {
      "type": "Feature",
      "properties": {
        "P27_001": "25206",
        "P27_002": "3",
        "P27_003": "03005",
        "P27_004": "03005",
        "P27_005": "草津市立水生植物公園みずの森",
        "P27_006": "下物町1091",
        "P27_007": 3,
        "P27_008": -99,
        "P27_009": 1996
      },
      "geometry": {
        "type": "Point",
        "coordinates": [
          135.940407,
          35.073696
        ]
      }
    },
    {
      "type": "Feature",
      "properties": {
        "P27_001": "25209",
        "P27_002": "3",
        "P27_003": "99999",
        "P27_004": "03002",
        "P27_005": "甲賀市あいこうか市民ホール",
        "P27_006": "水口町水口5633",
        "P27_007": 3,
        "P27_008": -99,
        "P27_009": 1983
      },
      "geometry": {
        "type": "Point",
        "coordinates": [
          136.166553,
          34.96737
        ]
      }
    },
    {
      "type": "Feature",
      "properties": {
        "P27_001": "25213",
        "P27_002": "3",
        "P27_003": "99999",
        "P27_004": "03003",
        "P27_005": "東近江市立蒲生図書館",
        "P27_006": "市子川原町676",
        "P27_007": 3,
        "P27_008": -99,
        "P27_009": 2008
      },
      "geometry": {
        "type": "Point",
        "coordinates": [
          136.182074,
          35.060134
        ]
      }
    },
    {
      "type": "Feature",
      "properties": {
        "P27_001": "25208",
        "P27_002": "3",
        "P27_003": "99999",
        "P27_004": "03003",
        "P27_005": "栗東市立栗東西図書館",
        "P27_006": "綣2-4-5",
        "P27_007": 3,
        "P27_008": -99,
        "P27_009": 9999
      },
      "geometry": {
        "type": "Point",
        "coordinates": [
          135.981864,
          35.037528
        ]
      }
    },
    {
      "type": "Feature",
      "properties": {
        "P27_001": "25202",
        "P27_002": "3",
        "P27_003": "99999",
        "P27_004": "03003",
        "P27_005": "滋賀県立視覚障害者センター",
        "P27_006": "松原1-12-17",
        "P27_007": 4,
        "P27_008": -99,
        "P27_009": 9999
      },
      "geometry": {
        "type": "Point",
        "coordinates": [
          136.251366,
          35.284881
        ]
      }
    },
    {
      "type": "Feature",
      "properties": {
        "P27_001": "25201",
        "P27_002": "3",
        "P27_003": "99999",
        "P27_004": "03003",
        "P27_005": "滋賀医科大学附属図書館",
        "P27_006": "瀬田月輪",
        "P27_007": 0,
        "P27_008": -99,
        "P27_009": 9999
      },
      "geometry": {
        "type": "Point",
        "coordinates": [
          135.950545,
          34.972633
        ]
      }
    },
    {
      "type": "Feature",
      "properties": {
        "P27_001": "25201",
        "P27_002": "3",
        "P27_003": "99999",
        "P27_004": "03003",
        "P27_005": "滋賀大学附属図書館教育学部分館",
        "P27_006": "平津2-5-1",
        "P27_007": 0,
        "P27_008": -99,
        "P27_009": 9999
      },
      "geometry": {
        "type": "Point",
        "coordinates": [
          135.903795,
          34.950065
        ]
      }
    },
    {
      "type": "Feature",
      "properties": {
        "P27_001": "25201",
        "P27_002": "3",
        "P27_003": "99999",
        "P27_004": "03003",
        "P27_005": "びわこ成蹊スポーツ大学図書館",
        "P27_006": "北比良1204",
        "P27_007": 4,
        "P27_008": -99,
        "P27_009": 9999
      },
      "geometry": {
        "type": "Point",
        "coordinates": [
          135.94849,
          35.227848
        ]
      }
    },
    {
      "type": "Feature",
      "properties": {
        "P27_001": "25201",
        "P27_002": "3",
        "P27_003": "99999",
        "P27_004": "03003",
        "P27_005": "成安造形大学附属図書館",
        "P27_006": "仰木の里東4-3-1",
        "P27_007": 4,
        "P27_008": -99,
        "P27_009": 9999
      },
      "geometry": {
        "type": "Point",
        "coordinates": [
          135.902326,
          35.109135
        ]
      }
    },
    {
      "type": "Feature",
      "properties": {
        "P27_001": "25202",
        "P27_002": "3",
        "P27_003": "99999",
        "P27_004": "03003",
        "P27_005": "滋賀県立大学図書情報センター",
        "P27_006": "八坂2500",
        "P27_007": 0,
        "P27_008": -99,
        "P27_009": 9999
      },
      "geometry": {
        "type": "Point",
        "coordinates": [
          136.219357,
          35.25974
        ]
      }
    },
    {
      "type": "Feature",
      "properties": {
        "P27_001": "25202",
        "P27_002": "3",
        "P27_003": "99999",
        "P27_004": "03003",
        "P27_005": "滋賀大学附属図書館",
        "P27_006": "馬場1-1-1",
        "P27_007": 0,
        "P27_008": -99,
        "P27_009": 9999
      },
      "geometry": {
        "type": "Point",
        "coordinates": [
          136.245898,
          35.277736
        ]
      }
    },
    {
      "type": "Feature",
      "properties": {
        "P27_001": "25206",
        "P27_002": "3",
        "P27_003": "99999",
        "P27_004": "03003",
        "P27_005": "立命館大学BKCメディアライブラリー",
        "P27_006": "野路東1-1-1",
        "P27_007": 4,
        "P27_008": -99,
        "P27_009": 9999
      },
      "geometry": {
        "type": "Point",
        "coordinates": [
          135.961598,
          34.981442
        ]
      }
    },
    {
      "type": "Feature",
      "properties": {
        "P27_001": "25210",
        "P27_002": "3",
        "P27_003": "99999",
        "P27_004": "03003",
        "P27_005": "野洲市野洲図書館中主分館",
        "P27_006": "比留田3313-3",
        "P27_007": 3,
        "P27_008": -99,
        "P27_009": 9999
      },
      "geometry": {
        "type": "Point",
        "coordinates": [
          136.01759,
          35.109174
        ]
      }
    },
    {
      "type": "Feature",
      "properties": {
        "P27_001": "25203",
        "P27_002": "3",
        "P27_003": "99999",
        "P27_004": "03003",
        "P27_005": "長浜バイオ大学図書情報センター",
        "P27_006": "田村町1266",
        "P27_007": 4,
        "P27_008": -99,
        "P27_009": 9999
      },
      "geometry": {
        "type": "Point",
        "coordinates": [
          136.280299,
          35.356923
        ]
      }
    },
    {
      "type": "Feature",
      "properties": {
        "P27_001": "25203",
        "P27_002": "3",
        "P27_003": "99999",
        "P27_004": "03003",
        "P27_005": "滋賀文教短期大学図書館「智徳館」",
        "P27_006": "田村町335",
        "P27_007": 4,
        "P27_008": -99,
        "P27_009": 9999
      },
      "geometry": {
        "type": "Point",
        "coordinates": [
          136.287132,
          35.358105
        ]
      }
    },
    {
      "type": "Feature",
      "properties": {
        "P27_001": "25201",
        "P27_002": "3",
        "P27_003": "99999",
        "P27_004": "03002",
        "P27_005": "大津市科学館",
        "P27_006": "本丸町6-50",
        "P27_007": 3,
        "P27_008": -99,
        "P27_009": 1970
      },
      "geometry": {
        "type": "Point",
        "coordinates": [
          135.893718,
          34.994063
        ]
      }
    },
    {
      "type": "Feature",
      "properties": {
        "P27_001": "25213",
        "P27_002": "3",
        "P27_003": "99999",
        "P27_004": "03002",
        "P27_005": "滋賀県平和祈念館",
        "P27_006": "下中野町431",
        "P27_007": 2,
        "P27_008": -99,
        "P27_009": 2012
      },
      "geometry": {
        "type": "Point",
        "coordinates": [
          136.262284,
          35.110876
        ]
      }
    },
    {
      "type": "Feature",
      "properties": {
        "P27_001": "25203",
        "P27_002": "3",
        "P27_003": "99999",
        "P27_004": "03002",
        "P27_005": "長浜市曳山博物館",
        "P27_006": "元浜町14-8",
        "P27_007": 3,
        "P27_008": 2,
        "P27_009": 1990
      },
      "geometry": {
        "type": "Point",
        "coordinates": [
          136.268946,
          35.381347
        ]
      }
    },
    {
      "type": "Feature",
      "properties": {
        "P27_001": "25201",
        "P27_002": "3",
        "P27_003": "99999",
        "P27_004": "03109",
        "P27_005": "スポーツ会館",
        "P27_006": "御陵町4-1",
        "P27_007": 2,
        "P27_008": -99,
        "P27_009": 9999
      },
      "geometry": {
        "type": "Point",
        "coordinates": [
          135.855854,
          35.021758
        ]
      }
    },
    {
      "type": "Feature",
      "properties": {
        "P27_001": "25201",
        "P27_002": "3",
        "P27_003": "99999",
        "P27_004": "03129",
        "P27_005": "スポーツ会館",
        "P27_006": "御陵町4-1",
        "P27_007": 2,
        "P27_008": -99,
        "P27_009": 9999
      },
      "geometry": {
        "type": "Point",
        "coordinates": [
          135.855854,
          35.021682
        ]
      }
    },
    {
      "type": "Feature",
      "properties": {
        "P27_001": "25201",
        "P27_002": "3",
        "P27_003": "99999",
        "P27_004": "03120",
        "P27_005": "スポーツ会館",
        "P27_006": "御陵町4-1",
        "P27_007": 2,
        "P27_008": -99,
        "P27_009": 9999
      },
      "geometry": {
        "type": "Point",
        "coordinates": [
          135.855851,
          35.021612
        ]
      }
    },
    {
      "type": "Feature",
      "properties": {
        "P27_001": "25201",
        "P27_002": "3",
        "P27_003": "99999",
        "P27_004": "03112",
        "P27_005": "スポーツ会館",
        "P27_006": "御陵町4-1",
        "P27_007": 2,
        "P27_008": -99,
        "P27_009": 9999
      },
      "geometry": {
        "type": "Point",
        "coordinates": [
          135.855848,
          35.021541
        ]
      }
    },
    {
      "type": "Feature",
      "properties": {
        "P27_001": "25201",
        "P27_002": "3",
        "P27_003": "99999",
        "P27_004": "03109",
        "P27_005": "体育館",
        "P27_006": "におの浜4-2-12",
        "P27_007": 2,
        "P27_008": -99,
        "P27_009": 1970
      },
      "geometry": {
        "type": "Point",
        "coordinates": [
          135.887419,
          35.005123
        ]
      }
    },
    {
      "type": "Feature",
      "properties": {
        "P27_001": "25201",
        "P27_002": "3",
        "P27_003": "99999",
        "P27_004": "03120",
        "P27_005": "体育館",
        "P27_006": "におの浜4-2-12",
        "P27_007": 2,
        "P27_008": -99,
        "P27_009": 1970
      },
      "geometry": {
        "type": "Point",
        "coordinates": [
          135.887416,
          35.005067
        ]
      }
    },
    {
      "type": "Feature",
      "properties": {
        "P27_001": "25201",
        "P27_002": "3",
        "P27_003": "99999",
        "P27_004": "03116",
        "P27_005": "体育館",
        "P27_006": "におの浜4-2-12",
        "P27_007": 2,
        "P27_008": -99,
        "P27_009": 1970
      },
      "geometry": {
        "type": "Point",
        "coordinates": [
          135.887416,
          35.005011
        ]
      }
    },
    {
      "type": "Feature",
      "properties": {
        "P27_001": "25201",
        "P27_002": "3",
        "P27_003": "99999",
        "P27_004": "03117",
        "P27_005": "体育館",
        "P27_006": "におの浜4-2-12",
        "P27_007": 2,
        "P27_008": -99,
        "P27_009": 1970
      },
      "geometry": {
        "type": "Point",
        "coordinates": [
          135.887396,
          35.004641
        ]
      }
    },
    {
      "type": "Feature",
      "properties": {
        "P27_001": "25201",
        "P27_002": "3",
        "P27_003": "99999",
        "P27_004": "03112",
        "P27_005": "武道館",
        "P27_006": "におの浜4-2-15",
        "P27_007": 2,
        "P27_008": -99,
        "P27_009": 1993
      },
      "geometry": {
        "type": "Point",
        "coordinates": [
          135.886408,
          35.0055
        ]
      }
    },
    {
      "type": "Feature",
      "properties": {
        "P27_001": "25201",
        "P27_002": "3",
        "P27_003": "99999",
        "P27_004": "03121",
        "P27_005": "武道館",
        "P27_006": "におの浜4-2-15",
        "P27_007": 2,
        "P27_008": -99,
        "P27_009": 1993
      },
      "geometry": {
        "type": "Point",
        "coordinates": [
          135.886408,
          35.005449
        ]
      }
    },
    {
      "type": "Feature",
      "properties": {
        "P27_001": "25201",
        "P27_002": "3",
        "P27_003": "99999",
        "P27_004": "03119",
        "P27_005": "武道館",
        "P27_006": "におの浜4-2-15",
        "P27_007": 2,
        "P27_008": -99,
        "P27_009": 1993
      },
      "geometry": {
        "type": "Point",
        "coordinates": [
          135.886408,
          35.005396
        ]
      }
    },
    {
      "type": "Feature",
      "properties": {
        "P27_001": "25201",
        "P27_002": "3",
        "P27_003": "99999",
        "P27_004": "03137",
        "P27_005": "琵琶湖漕艇場",
        "P27_006": "玉野浦6-1",
        "P27_007": 2,
        "P27_008": -99,
        "P27_009": 1971
      },
      "geometry": {
        "type": "Point",
        "coordinates": [
          135.908333,
          34.983628
        ]
      }
    },
    {
      "type": "Feature",
      "properties": {
        "P27_001": "25201",
        "P27_002": "3",
        "P27_003": "99999",
        "P27_004": "03140",
        "P27_005": "柳が崎ヨットハーバー",
        "P27_006": "柳が崎1-2",
        "P27_007": 2,
        "P27_008": -99,
        "P27_009": 1996
      },
      "geometry": {
        "type": "Point",
        "coordinates": [
          135.865245,
          35.025664
        ]
      }
    },
    {
      "type": "Feature",
      "properties": {
        "P27_001": "25201",
        "P27_002": "3",
        "P27_003": "99999",
        "P27_004": "03124",
        "P27_005": "アイスアリーナ",
        "P27_006": "瀬田大江町17-3",
        "P27_007": 2,
        "P27_008": -99,
        "P27_009": 2000
      },
      "geometry": {
        "type": "Point",
        "coordinates": [
          135.934986,
          34.968761
        ]
      }
    },
    {
      "type": "Feature",
      "properties": {
        "P27_001": "25201",
        "P27_002": "3",
        "P27_003": "99999",
        "P27_004": "03142",
        "P27_005": "比良山岳センター",
        "P27_006": "北小松1769-3",
        "P27_007": 2,
        "P27_008": -99,
        "P27_009": 1981
      },
      "geometry": {
        "type": "Point",
        "coordinates": [
          135.963974,
          35.257783
        ]
      }
    },
    {
      "type": "Feature",
      "properties": {
        "P27_001": "25201",
        "P27_002": "3",
        "P27_003": "99999",
        "P27_004": "03147",
        "P27_005": "比良山岳センター",
        "P27_006": "北小松1769-3",
        "P27_007": 2,
        "P27_008": -99,
        "P27_009": 1981
      },
      "geometry": {
        "type": "Point",
        "coordinates": [
          135.964168,
          35.258079
        ]
      }
    },
    {
      "type": "Feature",
      "properties": {
        "P27_001": "25201",
        "P27_002": "3",
        "P27_003": "99999",
        "P27_004": "03133",
        "P27_005": "ライフル射撃場",
        "P27_006": "大石東町鉞峠",
        "P27_007": 2,
        "P27_008": -99,
        "P27_009": 1980
      },
      "geometry": {
        "type": "Point",
        "coordinates": [
          135.933607,
          34.908119
        ]
      }
    },
    {
      "type": "Feature",
      "properties": {
        "P27_001": "25208",
        "P27_002": "3",
        "P27_003": "99999",
        "P27_004": "03109",
        "P27_005": "栗東体育館",
        "P27_006": "上鈎514",
        "P27_007": 2,
        "P27_008": -99,
        "P27_009": 1994
      },
      "geometry": {
        "type": "Point",
        "coordinates": [
          135.993281,
          35.021961
        ]
      }
    },
    {
      "type": "Feature",
      "properties": {
        "P27_001": "25208",
        "P27_002": "3",
        "P27_003": "99999",
        "P27_004": "03129",
        "P27_005": "栗東体育館",
        "P27_006": "上鈎514",
        "P27_007": 2,
        "P27_008": -99,
        "P27_009": 1994
      },
      "geometry": {
        "type": "Point",
        "coordinates": [
          135.993281,
          35.021923
        ]
      }
    },
    {
      "type": "Feature",
      "properties": {
        "P27_001": "25203",
        "P27_002": "3",
        "P27_003": "99999",
        "P27_004": "03116",
        "P27_005": "長浜ドーム",
        "P27_006": "田村町1320",
        "P27_007": 2,
        "P27_008": -99,
        "P27_009": 1992
      },
      "geometry": {
        "type": "Point",
        "coordinates": [
          136.281473,
          35.352752
        ]
      }
    },
    {
      "type": "Feature",
      "properties": {
        "P27_001": "25203",
        "P27_002": "3",
        "P27_003": "99999",
        "P27_004": "03103",
        "P27_005": "長浜ドーム",
        "P27_006": "田村町1320",
        "P27_007": 2,
        "P27_008": -99,
        "P27_009": 1992
      },
      "geometry": {
        "type": "Point",
        "coordinates": [
          136.281473,
          35.352616
        ]
      }
    },
    {
      "type": "Feature",
      "properties": {
        "P27_001": "25203",
        "P27_002": "3",
        "P27_003": "99999",
        "P27_004": "03138",
        "P27_005": "長浜ドーム",
        "P27_006": "田村町1320",
        "P27_007": 2,
        "P27_008": -99,
        "P27_009": 1992
      },
      "geometry": {
        "type": "Point",
        "coordinates": [
          136.281473,
          35.3525
        ]
      }
    },
    {
      "type": "Feature",
      "properties": {
        "P27_001": "25203",
        "P27_002": "3",
        "P27_003": "99999",
        "P27_004": "03129",
        "P27_005": "長浜ドーム",
        "P27_006": "田村町1320",
        "P27_007": 2,
        "P27_008": -99,
        "P27_009": 1992
      },
      "geometry": {
        "type": "Point",
        "coordinates": [
          136.281473,
          35.352379
        ]
      }
    },
    {
      "type": "Feature",
      "properties": {
        "P27_001": "25203",
        "P27_002": "3",
        "P27_003": "99999",
        "P27_004": "03115",
        "P27_005": "長浜ドーム",
        "P27_006": "田村町1320",
        "P27_007": 2,
        "P27_008": -99,
        "P27_009": 1992
      },
      "geometry": {
        "type": "Point",
        "coordinates": [
          136.282572,
          35.352272
        ]
      }
    },
    {
      "type": "Feature",
      "properties": {
        "P27_001": "25202",
        "P27_002": "3",
        "P27_003": "99999",
        "P27_004": "03101",
        "P27_005": "彦根総合運動場",
        "P27_006": "松原町3028",
        "P27_007": 2,
        "P27_008": -99,
        "P27_009": 1996
      },
      "geometry": {
        "type": "Point",
        "coordinates": [
          136.25648,
          35.281748
        ]
      }
    },
    {
      "type": "Feature",
      "properties": {
        "P27_001": "25202",
        "P27_002": "3",
        "P27_003": "99999",
        "P27_004": "03102",
        "P27_005": "彦根総合運動場",
        "P27_006": "松原町3028",
        "P27_007": 2,
        "P27_008": -99,
        "P27_009": 1996
      },
      "geometry": {
        "type": "Point",
        "coordinates": [
          136.25648,
          35.280274
        ]
      }
    },
    {
      "type": "Feature",
      "properties": {
        "P27_001": "25202",
        "P27_002": "3",
        "P27_003": "99999",
        "P27_004": "03115",
        "P27_005": "彦根総合運動場",
        "P27_006": "松原町3028",
        "P27_007": 2,
        "P27_008": -99,
        "P27_009": 1996
      },
      "geometry": {
        "type": "Point",
        "coordinates": [
          136.254709,
          35.281457
        ]
      }
    },
    {
      "type": "Feature",
      "properties": {
        "P27_001": "25202",
        "P27_002": "3",
        "P27_003": "99999",
        "P27_004": "03106",
        "P27_005": "彦根総合運動場",
        "P27_006": "松原町3028",
        "P27_007": 2,
        "P27_008": -99,
        "P27_009": 1996
      },
      "geometry": {
        "type": "Point",
        "coordinates": [
          136.2538,
          35.281937
        ]
      }
    },
    {
      "type": "Feature",
      "properties": {
        "P27_001": "25202",
        "P27_002": "3",
        "P27_003": "99999",
        "P27_004": "03104",
        "P27_005": "彦根総合運動場",
        "P27_006": "松原町3028",
        "P27_007": 2,
        "P27_008": -99,
        "P27_009": 1996
      },
      "geometry": {
        "type": "Point",
        "coordinates": [
          136.255291,
          35.28299
        ]
      }
    },
    {
      "type": "Feature",
      "properties": {
        "P27_001": "25214",
        "P27_002": "3",
        "P27_003": "99999",
        "P27_004": "03104",
        "P27_005": "伊吹運動場",
        "P27_006": "春照",
        "P27_007": 2,
        "P27_008": -99,
        "P27_009": 1979
      },
      "geometry": {
        "type": "Point",
        "coordinates": [
          136.37983,
          35.383832
        ]
      }
    },
    {
      "type": "Feature",
      "properties": {
        "P27_001": "25203",
        "P27_002": "3",
        "P27_003": "99999",
        "P27_004": "03142",
        "P27_005": "虎御前山教育キャンプ場",
        "P27_006": "中野町",
        "P27_007": 2,
        "P27_008": -99,
        "P27_009": 9999
      },
      "geometry": {
        "type": "Point",
        "coordinates": [
          136.260476,
          35.436349
        ]
      }
    },
    {
      "type": "Feature",
      "properties": {
        "P27_001": "25201",
        "P27_002": "3",
        "P27_003": "99999",
        "P27_004": "03103",
        "P27_005": "伊香立公園芝生グラウンド",
        "P27_006": "伊香立向在地町",
        "P27_007": 3,
        "P27_008": -99,
        "P27_009": 2007
      },
      "geometry": {
        "type": "Point",
        "coordinates": [
          135.885652,
          35.136724
        ]
      }
    },
    {
      "type": "Feature",
      "properties": {
        "P27_001": "25201",
        "P27_002": "3",
        "P27_003": "99999",
        "P27_004": "03102",
        "P27_005": "伊香立公園芝生グラウンド",
        "P27_006": "伊香立向在地町",
        "P27_007": 3,
        "P27_008": -99,
        "P27_009": 2007
      },
      "geometry": {
        "type": "Point",
        "coordinates": [
          135.883953,
          35.138085
        ]
      }
    },
    {
      "type": "Feature",
      "properties": {
        "P27_001": "25201",
        "P27_002": "3",
        "P27_003": "99999",
        "P27_004": "03115",
        "P27_005": "伊香立公園芝生グラウンド",
        "P27_006": "伊香立向在地町",
        "P27_007": 3,
        "P27_008": -99,
        "P27_009": 2007
      },
      "geometry": {
        "type": "Point",
        "coordinates": [
          135.883192,
          35.13859
        ]
      }
    },
    {
      "type": "Feature",
      "properties": {
        "P27_001": "25201",
        "P27_002": "3",
        "P27_003": "99999",
        "P27_004": "03101",
        "P27_005": "伊香立公園芝生グラウンド",
        "P27_006": "伊香立向在地町",
        "P27_007": 3,
        "P27_008": -99,
        "P27_009": 2007
      },
      "geometry": {
        "type": "Point",
        "coordinates": [
          135.885664,
          35.136899
        ]
      }
    },
    {
      "type": "Feature",
      "properties": {
        "P27_001": "25201",
        "P27_002": "3",
        "P27_003": "99999",
        "P27_004": "03104",
        "P27_005": "伊香立公園芝生グラウンド",
        "P27_006": "伊香立向在地町",
        "P27_007": 3,
        "P27_008": -99,
        "P27_009": 2007
      },
      "geometry": {
        "type": "Point",
        "coordinates": [
          135.885664,
          35.137055
        ]
      }
    },
    {
      "type": "Feature",
      "properties": {
        "P27_001": "25201",
        "P27_002": "3",
        "P27_003": "99999",
        "P27_004": "03106",
        "P27_005": "伊香立市民プール",
        "P27_006": "伊香立下龍華町",
        "P27_007": 2,
        "P27_008": -99,
        "P27_009": 9999
      },
      "geometry": {
        "type": "Point",
        "coordinates": [
          135.892628,
          35.154477
        ]
      }
    },
    {
      "type": "Feature",
      "properties": {
        "P27_001": "25201",
        "P27_002": "3",
        "P27_003": "99999",
        "P27_004": "03104",
        "P27_005": "仰木西公園",
        "P27_006": "仰木の里1",
        "P27_007": 3,
        "P27_008": -99,
        "P27_009": 9999
      },
      "geometry": {
        "type": "Point",
        "coordinates": [
          135.88895,
          35.10228
        ]
      }
    },
    {
      "type": "Feature",
      "properties": {
        "P27_001": "25201",
        "P27_002": "3",
        "P27_003": "99999",
        "P27_004": "03103",
        "P27_005": "仰木西公園",
        "P27_006": "仰木の里1",
        "P27_007": 3,
        "P27_008": -99,
        "P27_009": 9999
      },
      "geometry": {
        "type": "Point",
        "coordinates": [
          135.88895,
          35.102192
        ]
      }
    },
    {
      "type": "Feature",
      "properties": {
        "P27_001": "25201",
        "P27_002": "3",
        "P27_003": "99999",
        "P27_004": "03115",
        "P27_005": "仰木西公園",
        "P27_006": "仰木の里1",
        "P27_007": 3,
        "P27_008": -99,
        "P27_009": 9999
      },
      "geometry": {
        "type": "Point",
        "coordinates": [
          135.889408,
          35.103116
        ]
      }
    },
    {
      "type": "Feature",
      "properties": {
        "P27_001": "25201",
        "P27_002": "3",
        "P27_003": "99999",
        "P27_004": "03106",
        "P27_005": "雄琴臨水公園",
        "P27_006": "雄琴6-4",
        "P27_007": 3,
        "P27_008": -99,
        "P27_009": 9999
      },
      "geometry": {
        "type": "Point",
        "coordinates": [
          135.896459,
          35.088924
        ]
      }
    },
    {
      "type": "Feature",
      "properties": {
        "P27_001": "25201",
        "P27_002": "3",
        "P27_003": "99999",
        "P27_004": "03106",
        "P27_005": "坂本市民プール",
        "P27_006": "坂本6",
        "P27_007": 3,
        "P27_008": -99,
        "P27_009": 9999
      },
      "geometry": {
        "type": "Point",
        "coordinates": [
          135.875047,
          35.07778
        ]
      }
    },
    {
      "type": "Feature",
      "properties": {
        "P27_001": "25201",
        "P27_002": "3",
        "P27_003": "99999",
        "P27_004": "03115",
        "P27_005": "比叡辻臨水公園",
        "P27_006": "比叡辻2",
        "P27_007": 3,
        "P27_008": -99,
        "P27_009": 9999
      },
      "geometry": {
        "type": "Point",
        "coordinates": [
          135.887776,
          35.074426
        ]
      }
    },
    {
      "type": "Feature",
      "properties": {
        "P27_001": "25201",
        "P27_002": "3",
        "P27_003": "99999",
        "P27_004": "03109",
        "P27_005": "皇子が丘公園",
        "P27_006": "皇子が丘1-1-1",
        "P27_007": 3,
        "P27_008": -99,
        "P27_009": 1971
      },
      "geometry": {
        "type": "Point",
        "coordinates": [
          135.854621,
          35.024099
        ]
      }
    },
    {
      "type": "Feature",
      "properties": {
        "P27_001": "25201",
        "P27_002": "3",
        "P27_003": "99999",
        "P27_004": "03120",
        "P27_005": "皇子が丘公園",
        "P27_006": "皇子が丘1-1-1",
        "P27_007": 3,
        "P27_008": -99,
        "P27_009": 1971
      },
      "geometry": {
        "type": "Point",
        "coordinates": [
          135.854615,
          35.024006
        ]
      }
    },
    {
      "type": "Feature",
      "properties": {
        "P27_001": "25201",
        "P27_002": "3",
        "P27_003": "99999",
        "P27_004": "03121",
        "P27_005": "皇子が丘公園",
        "P27_006": "皇子が丘1-1-1",
        "P27_007": 3,
        "P27_008": -99,
        "P27_009": 1971
      },
      "geometry": {
        "type": "Point",
        "coordinates": [
          135.854615,
          35.023919
        ]
      }
    },
    {
      "type": "Feature",
      "properties": {
        "P27_001": "25201",
        "P27_002": "3",
        "P27_003": "99999",
        "P27_004": "03129",
        "P27_005": "皇子が丘公園",
        "P27_006": "皇子が丘1-1-1",
        "P27_007": 3,
        "P27_008": -99,
        "P27_009": 1971
      },
      "geometry": {
        "type": "Point",
        "coordinates": [
          135.854621,
          35.023841
        ]
      }
    },
    {
      "type": "Feature",
      "properties": {
        "P27_001": "25201",
        "P27_002": "3",
        "P27_003": "99999",
        "P27_004": "03115",
        "P27_005": "皇子が丘公園",
        "P27_006": "皇子が丘1-1-1",
        "P27_007": 3,
        "P27_008": -99,
        "P27_009": 1971
      },
      "geometry": {
        "type": "Point",
        "coordinates": [
          135.851347,
          35.020668
        ]
      }
    },
    {
      "type": "Feature",
      "properties": {
        "P27_001": "25201",
        "P27_002": "3",
        "P27_003": "99999",
        "P27_004": "03102",
        "P27_005": "皇子が丘公園",
        "P27_006": "皇子が丘1-1-1",
        "P27_007": 3,
        "P27_008": -99,
        "P27_009": 1971
      },
      "geometry": {
        "type": "Point",
        "coordinates": [
          135.853694,
          35.023573
        ]
      }
    },
    {
      "type": "Feature",
      "properties": {
        "P27_001": "25201",
        "P27_002": "3",
        "P27_003": "99999",
        "P27_004": "03103",
        "P27_005": "皇子が丘公園",
        "P27_006": "皇子が丘1-1-1",
        "P27_007": 3,
        "P27_008": -99,
        "P27_009": 1971
      },
      "geometry": {
        "type": "Point",
        "coordinates": [
          135.853694,
          35.0235
        ]
      }
    },
    {
      "type": "Feature",
      "properties": {
        "P27_001": "25201",
        "P27_002": "3",
        "P27_003": "99999",
        "P27_004": "03105",
        "P27_005": "皇子が丘公園",
        "P27_006": "皇子が丘1-1-1",
        "P27_007": 3,
        "P27_008": -99,
        "P27_009": 1971
      },
      "geometry": {
        "type": "Point",
        "coordinates": [
          135.852978,
          35.024011
        ]
      }
    },
    {
      "type": "Feature",
      "properties": {
        "P27_001": "25201",
        "P27_002": "3",
        "P27_003": "99999",
        "P27_004": "03101",
        "P27_005": "皇子山総合運動公園",
        "P27_006": "御陵町4-1",
        "P27_007": 3,
        "P27_008": -99,
        "P27_009": 1978
      },
      "geometry": {
        "type": "Point",
        "coordinates": [
          135.856843,
          35.017076
        ]
      }
    },
    {
      "type": "Feature",
      "properties": {
        "P27_001": "25201",
        "P27_002": "3",
        "P27_003": "99999",
        "P27_004": "03102",
        "P27_005": "皇子山総合運動公園",
        "P27_006": "御陵町4-1",
        "P27_007": 3,
        "P27_008": -99,
        "P27_009": 1978
      },
      "geometry": {
        "type": "Point",
        "coordinates": [
          135.856677,
          35.020663
        ]
      }
    },
    {
      "type": "Feature",
      "properties": {
        "P27_001": "25201",
        "P27_002": "3",
        "P27_003": "99999",
        "P27_004": "03115",
        "P27_005": "皇子山総合運動公園",
        "P27_006": "御陵町4-1",
        "P27_007": 3,
        "P27_008": -99,
        "P27_009": 1978
      },
      "geometry": {
        "type": "Point",
        "coordinates": [
          135.855821,
          35.019782
        ]
      }
    },
    {
      "type": "Feature",
      "properties": {
        "P27_001": "25201",
        "P27_002": "3",
        "P27_003": "99999",
        "P27_004": "03103",
        "P27_005": "皇子山総合運動公園",
        "P27_006": "御陵町4-1",
        "P27_007": 3,
        "P27_008": -99,
        "P27_009": 1978
      },
      "geometry": {
        "type": "Point",
        "coordinates": [
          135.857022,
          35.019139
        ]
      }
    },
    {
      "type": "Feature",
      "properties": {
        "P27_001": "25201",
        "P27_002": "3",
        "P27_003": "99999",
        "P27_004": "03115",
        "P27_005": "尾花川公園",
        "P27_006": "尾花川",
        "P27_007": 3,
        "P27_008": -99,
        "P27_009": 9999
      },
      "geometry": {
        "type": "Point",
        "coordinates": [
          135.860797,
          35.01968
        ]
      }
    },
    {
      "type": "Feature",
      "properties": {
        "P27_001": "25201",
        "P27_002": "3",
        "P27_003": "99999",
        "P27_004": "03106",
        "P27_005": "富士見市民温水プール",
        "P27_006": "膳所上別保町777-1",
        "P27_007": 3,
        "P27_008": -99,
        "P27_009": 9999
      },
      "geometry": {
        "type": "Point",
        "coordinates": [
          135.880603,
          34.9801
        ]
      }
    },
    {
      "type": "Feature",
      "properties": {
        "P27_001": "25201",
        "P27_002": "3",
        "P27_003": "99999",
        "P27_004": "03106",
        "P27_005": "なぎさ公園プール",
        "P27_006": "由美浜",
        "P27_007": 3,
        "P27_008": -99,
        "P27_009": 9999
      },
      "geometry": {
        "type": "Point",
        "coordinates": [
          135.891974,
          35.000695
        ]
      }
    },
    {
      "type": "Feature",
      "properties": {
        "P27_001": "25201",
        "P27_002": "3",
        "P27_003": "99999",
        "P27_004": "03115",
        "P27_005": "膳所城跡公園",
        "P27_006": "本丸町",
        "P27_007": 3,
        "P27_008": -99,
        "P27_009": 9999
      },
      "geometry": {
        "type": "Point",
        "coordinates": [
          135.894677,
          34.994512
        ]
      }
    },
    {
      "type": "Feature",
      "properties": {
        "P27_001": "25201",
        "P27_002": "3",
        "P27_003": "99999",
        "P27_004": "03103",
        "P27_005": "茶臼山公園",
        "P27_006": "秋葉台",
        "P27_007": 3,
        "P27_008": -99,
        "P27_009": 9999
      },
      "geometry": {
        "type": "Point",
        "coordinates": [
          135.883132,
          34.989585
        ]
      }
    },
    {
      "type": "Feature",
      "properties": {
        "P27_001": "25201",
        "P27_002": "3",
        "P27_003": "99999",
        "P27_004": "03106",
        "P27_005": "晴嵐市民プール",
        "P27_006": "鳥居川町",
        "P27_007": 3,
        "P27_008": -99,
        "P27_009": 9999
      },
      "geometry": {
        "type": "Point",
        "coordinates": [
          135.901634,
          34.97317
        ]
      }
    },
    {
      "type": "Feature",
      "properties": {
        "P27_001": "25201",
        "P27_002": "3",
        "P27_003": "99999",
        "P27_004": "03115",
        "P27_005": "石山公園",
        "P27_006": "石山寺3",
        "P27_007": 3,
        "P27_008": -99,
        "P27_009": 9999
      },
      "geometry": {
        "type": "Point",
        "coordinates": [
          135.909372,
          34.958839
        ]
      }
    },
    {
      "type": "Feature",
      "properties": {
        "P27_001": "25201",
        "P27_002": "3",
        "P27_003": "99999",
        "P27_004": "03115",
        "P27_005": "大平公園",
        "P27_006": "大平1",
        "P27_007": 3,
        "P27_008": -99,
        "P27_009": 9999
      },
      "geometry": {
        "type": "Point",
        "coordinates": [
          135.892152,
          34.956527
        ]
      }
    },
    {
      "type": "Feature",
      "properties": {
        "P27_001": "25201",
        "P27_002": "3",
        "P27_003": "99999",
        "P27_004": "03106",
        "P27_005": "南郷公園",
        "P27_006": "南郷1",
        "P27_007": 3,
        "P27_008": -99,
        "P27_009": 9999
      },
      "geometry": {
        "type": "Point",
        "coordinates": [
          135.908602,
          34.940819
        ]
      }
    },
    {
      "type": "Feature",
      "properties": {
        "P27_001": "25201",
        "P27_002": "3",
        "P27_003": "99999",
        "P27_004": "03115",
        "P27_005": "大石緑地スポーツ村",
        "P27_006": "大石淀",
        "P27_007": 3,
        "P27_008": -99,
        "P27_009": 9999
      },
      "geometry": {
        "type": "Point",
        "coordinates": [
          135.908584,
          34.909297
        ]
      }
    },
    {
      "type": "Feature",
      "properties": {
        "P27_001": "25201",
        "P27_002": "3",
        "P27_003": "99999",
        "P27_004": "03103",
        "P27_005": "大石緑地スポーツ村",
        "P27_006": "大石淀",
        "P27_007": 3,
        "P27_008": -99,
        "P27_009": 9999
      },
      "geometry": {
        "type": "Point",
        "coordinates": [
          135.9073,
          34.909643
        ]
      }
    },
    {
      "type": "Feature",
      "properties": {
        "P27_001": "25201",
        "P27_002": "3",
        "P27_003": "99999",
        "P27_004": "03115",
        "P27_005": "田上公園",
        "P27_006": "枝3",
        "P27_007": 3,
        "P27_008": -99,
        "P27_009": 9999
      },
      "geometry": {
        "type": "Point",
        "coordinates": [
          135.933098,
          34.938452
        ]
      }
    },
    {
      "type": "Feature",
      "properties": {
        "P27_001": "25201",
        "P27_002": "3",
        "P27_003": "99999",
        "P27_004": "03106",
        "P27_005": "田上公園",
        "P27_006": "枝3",
        "P27_007": 3,
        "P27_008": -99,
        "P27_009": 9999
      },
      "geometry": {
        "type": "Point",
        "coordinates": [
          135.935308,
          34.93815
        ]
      }
    },
    {
      "type": "Feature",
      "properties": {
        "P27_001": "25201",
        "P27_002": "3",
        "P27_003": "99999",
        "P27_004": "03115",
        "P27_005": "唐橋公園",
        "P27_006": "瀬田1",
        "P27_007": 3,
        "P27_008": -99,
        "P27_009": 9999
      },
      "geometry": {
        "type": "Point",
        "coordinates": [
          135.908376,
          34.978868
        ]
      }
    },
    {
      "type": "Feature",
      "properties": {
        "P27_001": "25201",
        "P27_002": "3",
        "P27_003": "99999",
        "P27_004": "03106",
        "P27_005": "唐橋公園",
        "P27_006": "瀬田1",
        "P27_007": 3,
        "P27_008": -99,
        "P27_009": 9999
      },
      "geometry": {
        "type": "Point",
        "coordinates": [
          135.908359,
          34.97844
        ]
      }
    },
    {
      "type": "Feature",
      "properties": {
        "P27_001": "25201",
        "P27_002": "3",
        "P27_003": "99999",
        "P27_004": "03115",
        "P27_005": "瀬田駅前西公園",
        "P27_006": "大萱1",
        "P27_007": 3,
        "P27_008": -99,
        "P27_009": 9999
      },
      "geometry": {
        "type": "Point",
        "coordinates": [
          135.922706,
          34.984478
        ]
      }
    },
    {
      "type": "Feature",
      "properties": {
        "P27_001": "25201",
        "P27_002": "3",
        "P27_003": "99999",
        "P27_004": "03109",
        "P27_005": "瀬田公園",
        "P27_006": "一里山6-9-1",
        "P27_007": 3,
        "P27_008": -99,
        "P27_009": 9999
      },
      "geometry": {
        "type": "Point",
        "coordinates": [
          135.93853,
          34.976599
        ]
      }
    },
    {
      "type": "Feature",
      "properties": {
        "P27_001": "25201",
        "P27_002": "3",
        "P27_003": "99999",
        "P27_004": "03115",
        "P27_005": "水再生センター",
        "P27_006": "由美浜1-1",
        "P27_007": 3,
        "P27_008": -99,
        "P27_009": 9999
      },
      "geometry": {
        "type": "Point",
        "coordinates": [
          135.890838,
          35.004023
        ]
      }
    },
    {
      "type": "Feature",
      "properties": {
        "P27_001": "25201",
        "P27_002": "3",
        "P27_003": "99999",
        "P27_004": "03142",
        "P27_005": "桐生若人の広場",
        "P27_006": "上田上桐生町（草津川河川敷）",
        "P27_007": 3,
        "P27_008": -99,
        "P27_009": 9999
      },
      "geometry": {
        "type": "Point",
        "coordinates": [
          135.991975,
          34.969382
        ]
      }
    },
    {
      "type": "Feature",
      "properties": {
        "P27_001": "25201",
        "P27_002": "3",
        "P27_003": "99999",
        "P27_004": "03123",
        "P27_005": "大谷乗馬場",
        "P27_006": "大谷町1-1",
        "P27_007": 3,
        "P27_008": -99,
        "P27_009": 9999
      },
      "geometry": {
        "type": "Point",
        "coordinates": [
          135.855624,
          35.002075
        ]
      }
    },
    {
      "type": "Feature",
      "properties": {
        "P27_001": "25201",
        "P27_002": "3",
        "P27_003": "99999",
        "P27_004": "03109",
        "P27_005": "坂本市民体育館",
        "P27_006": "坂本6-33-19",
        "P27_007": 3,
        "P27_008": -99,
        "P27_009": 9999
      },
      "geometry": {
        "type": "Point",
        "coordinates": [
          135.874379,
          35.077169
        ]
      }
    },
    {
      "type": "Feature",
      "properties": {
        "P27_001": "25201",
        "P27_002": "3",
        "P27_003": "99999",
        "P27_004": "03109",
        "P27_005": "田上市民体育館",
        "P27_006": "稲津1-10-18",
        "P27_007": 3,
        "P27_008": -99,
        "P27_009": 9999
      },
      "geometry": {
        "type": "Point",
        "coordinates": [
          135.914574,
          34.946915
        ]
      }
    },
    {
      "type": "Feature",
      "properties": {
        "P27_001": "25201",
        "P27_002": "3",
        "P27_003": "99999",
        "P27_004": "03109",
        "P27_005": "石山市民体育館",
        "P27_006": "石山寺3-10-35",
        "P27_007": 3,
        "P27_008": -99,
        "P27_009": 9999
      },
      "geometry": {
        "type": "Point",
        "coordinates": [
          135.908666,
          34.956098
        ]
      }
    },
    {
      "type": "Feature",
      "properties": {
        "P27_001": "25201",
        "P27_002": "3",
        "P27_003": "99999",
        "P27_004": "03112",
        "P27_005": "坂本市民格技場",
        "P27_006": "坂本6",
        "P27_007": 3,
        "P27_008": -99,
        "P27_009": 9999
      },
      "geometry": {
        "type": "Point",
        "coordinates": [
          135.87124193456162,
          35.0717734420127
        ]
      }
    },
    {
      "type": "Feature",
      "properties": {
        "P27_001": "25201",
        "P27_002": "3",
        "P27_003": "99999",
        "P27_004": "03104",
        "P27_005": "下龍華市民運動広場",
        "P27_006": "伊香立下龍華584",
        "P27_007": 3,
        "P27_008": -99,
        "P27_009": 9999
      },
      "geometry": {
        "type": "Point",
        "coordinates": [
          135.894743,
          35.149776
        ]
      }
    },
    {
      "type": "Feature",
      "properties": {
        "P27_001": "25201",
        "P27_002": "3",
        "P27_003": "99999",
        "P27_004": "03104",
        "P27_005": "堅田なぎさ運動広場",
        "P27_006": "堅田2（琵琶湖河川敷）",
        "P27_007": 3,
        "P27_008": -99,
        "P27_009": 9999
      },
      "geometry": {
        "type": "Point",
        "coordinates": [
          135.91504,
          35.103359
        ]
      }
    },
    {
      "type": "Feature",
      "properties": {
        "P27_001": "25201",
        "P27_002": "3",
        "P27_003": "99999",
        "P27_004": "03104",
        "P27_005": "比叡平市民運動広場",
        "P27_006": "比叡平1-1063-9",
        "P27_007": 3,
        "P27_008": -99,
        "P27_009": 9999
      },
      "geometry": {
        "type": "Point",
        "coordinates": [
          135.834306,
          35.032198
        ]
      }
    },
    {
      "type": "Feature",
      "properties": {
        "P27_001": "25201",
        "P27_002": "3",
        "P27_003": "99999",
        "P27_004": "03104",
        "P27_005": "藤尾市民運動広場",
        "P27_006": "横木2-578-1",
        "P27_007": 3,
        "P27_008": -99,
        "P27_009": 9999
      },
      "geometry": {
        "type": "Point",
        "coordinates": [
          135.832322,
          34.992849
        ]
      }
    },
    {
      "type": "Feature",
      "properties": {
        "P27_001": "25201",
        "P27_002": "3",
        "P27_003": "99999",
        "P27_004": "03104",
        "P27_005": "石山市民運動広場",
        "P27_006": "石山寺辺町219",
        "P27_007": 3,
        "P27_008": -99,
        "P27_009": 9999
      },
      "geometry": {
        "type": "Point",
        "coordinates": [
          135.888112,
          34.952288
        ]
      }
    },
    {
      "type": "Feature",
      "properties": {
        "P27_001": "25201",
        "P27_002": "3",
        "P27_003": "99999",
        "P27_004": "03104",
        "P27_005": "田上市民運動広場",
        "P27_006": "枝4（天神川河川敷）",
        "P27_007": 3,
        "P27_008": -99,
        "P27_009": 9999
      },
      "geometry": {
        "type": "Point",
        "coordinates": [
          135.935592,
          34.935997
        ]
      }
    },
    {
      "type": "Feature",
      "properties": {
        "P27_001": "25201",
        "P27_002": "3",
        "P27_003": "99999",
        "P27_004": "03104",
        "P27_005": "瀬田南市民運動広場",
        "P27_006": "瀬田神領町147-1",
        "P27_007": 3,
        "P27_008": -99,
        "P27_009": 9999
      },
      "geometry": {
        "type": "Point",
        "coordinates": [
          135.921942,
          34.966329
        ]
      }
    },
    {
      "type": "Feature",
      "properties": {
        "P27_001": "25201",
        "P27_002": "3",
        "P27_003": "99999",
        "P27_004": "03104",
        "P27_005": "坂本市民運動広場",
        "P27_006": "坂本5-3176",
        "P27_007": 3,
        "P27_008": -99,
        "P27_009": 9999
      },
      "geometry": {
        "type": "Point",
        "coordinates": [
          135.869502,
          35.078345
        ]
      }
    },
    {
      "type": "Feature",
      "properties": {
        "P27_001": "25201",
        "P27_002": "3",
        "P27_003": "99999",
        "P27_004": "03146",
        "P27_005": "トリムランニングコース",
        "P27_006": "御陵町",
        "P27_007": 4,
        "P27_008": -99,
        "P27_009": 9999
      },
      "geometry": {
        "type": "Point",
        "coordinates": [
          135.855504,
          35.018026
        ]
      }
    },
    {
      "type": "Feature",
      "properties": {
        "P27_001": "25201",
        "P27_002": "3",
        "P27_003": "99999",
        "P27_004": "03106",
        "P27_005": "曽束市民プール",
        "P27_006": "大石曽束2",
        "P27_007": 3,
        "P27_008": -99,
        "P27_009": 9999
      },
      "geometry": {
        "type": "Point",
        "coordinates": [
          135.879443,
          34.904214
        ]
      }
    },
    {
      "type": "Feature",
      "properties": {
        "P27_001": "25201",
        "P27_002": "3",
        "P27_003": "99999",
        "P27_004": "03142",
        "P27_005": "比良げんき村",
        "P27_006": "北小松1969-3",
        "P27_007": 3,
        "P27_008": -99,
        "P27_009": 9999
      },
      "geometry": {
        "type": "Point",
        "coordinates": [
          135.965195,
          35.257512
        ]
      }
    },
    {
      "type": "Feature",
      "properties": {
        "P27_001": "25201",
        "P27_002": "3",
        "P27_003": "99999",
        "P27_004": "03147",
        "P27_005": "比良げんき村",
        "P27_006": "北小松1969-3",
        "P27_007": 3,
        "P27_008": -99,
        "P27_009": 9999
      },
      "geometry": {
        "type": "Point",
        "coordinates": [
          135.964339,
          35.257471
        ]
      }
    },
    {
      "type": "Feature",
      "properties": {
        "P27_001": "25201",
        "P27_002": "3",
        "P27_003": "99999",
        "P27_004": "03104",
        "P27_005": "比良げんき村",
        "P27_006": "北小松1969-3",
        "P27_007": 3,
        "P27_008": -99,
        "P27_009": 9999
      },
      "geometry": {
        "type": "Point",
        "coordinates": [
          135.965937,
          35.256787
        ]
      }
    },
    {
      "type": "Feature",
      "properties": {
        "P27_001": "25201",
        "P27_002": "3",
        "P27_003": "99999",
        "P27_004": "03109",
        "P27_005": "和邇市民体育館",
        "P27_006": "和邇高城27-2",
        "P27_007": 3,
        "P27_008": -99,
        "P27_009": 9999
      },
      "geometry": {
        "type": "Point",
        "coordinates": [
          135.921606,
          35.15919
        ]
      }
    },
    {
      "type": "Feature",
      "properties": {
        "P27_001": "25201",
        "P27_002": "3",
        "P27_003": "99999",
        "P27_004": "03120",
        "P27_005": "和邇市民体育館",
        "P27_006": "和邇高城27-2",
        "P27_007": 3,
        "P27_008": -99,
        "P27_009": 9999
      },
      "geometry": {
        "type": "Point",
        "coordinates": [
          135.921606,
          35.159145
        ]
      }
    },
    {
      "type": "Feature",
      "properties": {
        "P27_001": "25201",
        "P27_002": "3",
        "P27_003": "99999",
        "P27_004": "03103",
        "P27_005": "和邇市民運動広場",
        "P27_006": "和邇今宿851",
        "P27_007": 3,
        "P27_008": -99,
        "P27_009": 9999
      },
      "geometry": {
        "type": "Point",
        "coordinates": [
          135.922686,
          35.158632
        ]
      }
    },
    {
      "type": "Feature",
      "properties": {
        "P27_001": "25201",
        "P27_002": "3",
        "P27_003": "99999",
        "P27_004": "03115",
        "P27_005": "和邇市民運動広場",
        "P27_006": "和邇今宿851",
        "P27_007": 3,
        "P27_008": -99,
        "P27_009": 9999
      },
      "geometry": {
        "type": "Point",
        "coordinates": [
          135.923009,
          35.159331
        ]
      }
    },
    {
      "type": "Feature",
      "properties": {
        "P27_001": "25201",
        "P27_002": "3",
        "P27_003": "99999",
        "P27_004": "03104",
        "P27_005": "和邇公園",
        "P27_006": "和邇中",
        "P27_007": 3,
        "P27_008": -99,
        "P27_009": 9999
      },
      "geometry": {
        "type": "Point",
        "coordinates": [
          135.917729,
          35.154687
        ]
      }
    },
    {
      "type": "Feature",
      "properties": {
        "P27_001": "25201",
        "P27_002": "3",
        "P27_003": "99999",
        "P27_004": "03104",
        "P27_005": "清林パーク",
        "P27_006": "木戸",
        "P27_007": 3,
        "P27_008": -99,
        "P27_009": 9999
      },
      "geometry": {
        "type": "Point",
        "coordinates": [
          135.913662,
          35.198812
        ]
      }
    },
    {
      "type": "Feature",
      "properties": {
        "P27_001": "25202",
        "P27_002": "3",
        "P27_003": "99999",
        "P27_004": "03109",
        "P27_005": "彦根市民体育センター",
        "P27_006": "松原町3751-7",
        "P27_007": 3,
        "P27_008": -99,
        "P27_009": 1980
      },
      "geometry": {
        "type": "Point",
        "coordinates": [
          136.256406,
          35.283004
        ]
      }
    },
    {
      "type": "Feature",
      "properties": {
        "P27_001": "25202",
        "P27_002": "3",
        "P27_003": "99999",
        "P27_004": "03120",
        "P27_005": "彦根市民体育センター",
        "P27_006": "松原町3751-7",
        "P27_007": 3,
        "P27_008": -99,
        "P27_009": 1980
      },
      "geometry": {
        "type": "Point",
        "coordinates": [
          136.256406,
          35.282888
        ]
      }
    },
    {
      "type": "Feature",
      "properties": {
        "P27_001": "25202",
        "P27_002": "3",
        "P27_003": "99999",
        "P27_004": "03112",
        "P27_005": "彦根市武道場",
        "P27_006": "京町2-1-6",
        "P27_007": 3,
        "P27_008": -99,
        "P27_009": 9999
      },
      "geometry": {
        "type": "Point",
        "coordinates": [
          136.256928,
          35.270152
        ]
      }
    },
    {
      "type": "Feature",
      "properties": {
        "P27_001": "25202",
        "P27_002": "3",
        "P27_003": "99999",
        "P27_004": "03121",
        "P27_005": "彦根市弓道場",
        "P27_006": "尾末町8-1",
        "P27_007": 3,
        "P27_008": -99,
        "P27_009": 1983
      },
      "geometry": {
        "type": "Point",
        "coordinates": [
          136.256424,
          35.278145
        ]
      }
    },
    {
      "type": "Feature",
      "properties": {
        "P27_001": "25202",
        "P27_002": "3",
        "P27_003": "99999",
        "P27_004": "03109",
        "P27_005": "稲枝地区体育館",
        "P27_006": "金田町609-2",
        "P27_007": 3,
        "P27_008": -99,
        "P27_009": 1983
      },
      "geometry": {
        "type": "Point",
        "coordinates": [
          136.180476,
          35.212988
        ]
      }
    },
    {
      "type": "Feature",
      "properties": {
        "P27_001": "25202",
        "P27_002": "3",
        "P27_003": "99999",
        "P27_004": "03112",
        "P27_005": "稲枝地区体育館",
        "P27_006": "金田町609-2",
        "P27_007": 3,
        "P27_008": -99,
        "P27_009": 1983
      },
      "geometry": {
        "type": "Point",
        "coordinates": [
          136.180476,
          35.212958
        ]
      }
    },
    {
      "type": "Feature",
      "properties": {
        "P27_001": "25202",
        "P27_002": "3",
        "P27_003": "99999",
        "P27_004": "03104",
        "P27_005": "城東小学校",
        "P27_006": "京町2-2-19",
        "P27_007": 3,
        "P27_008": -99,
        "P27_009": 9999
      },
      "geometry": {
        "type": "Point",
        "coordinates": [
          136.257213,
          35.269601
        ]
      }
    },
    {
      "type": "Feature",
      "properties": {
        "P27_001": "25202",
        "P27_002": "3",
        "P27_003": "99999",
        "P27_004": "03104",
        "P27_005": "城西小学校",
        "P27_006": "本町3-3-22",
        "P27_007": 3,
        "P27_008": -99,
        "P27_009": 9999
      },
      "geometry": {
        "type": "Point",
        "coordinates": [
          136.248354,
          35.272189
        ]
      }
    },
    {
      "type": "Feature",
      "properties": {
        "P27_001": "25202",
        "P27_002": "3",
        "P27_003": "99999",
        "P27_004": "03104",
        "P27_005": "城南小学校",
        "P27_006": "西今町380",
        "P27_007": 3,
        "P27_008": -99,
        "P27_009": 9999
      },
      "geometry": {
        "type": "Point",
        "coordinates": [
          136.243908,
          35.247997
        ]
      }
    },
    {
      "type": "Feature",
      "properties": {
        "P27_001": "25202",
        "P27_002": "3",
        "P27_003": "99999",
        "P27_004": "03104",
        "P27_005": "平田小学校",
        "P27_006": "平田町267",
        "P27_007": 3,
        "P27_008": -99,
        "P27_009": 9999
      },
      "geometry": {
        "type": "Point",
        "coordinates": [
          136.243065,
          35.259648
        ]
      }
    },
    {
      "type": "Feature",
      "properties": {
        "P27_001": "25202",
        "P27_002": "3",
        "P27_003": "99999",
        "P27_004": "03104",
        "P27_005": "城北小学校",
        "P27_006": "松原町3751-3",
        "P27_007": 3,
        "P27_008": -99,
        "P27_009": 9999
      },
      "geometry": {
        "type": "Point",
        "coordinates": [
          136.256429,
          35.283745
        ]
      }
    },
    {
      "type": "Feature",
      "properties": {
        "P27_001": "25202",
        "P27_002": "3",
        "P27_003": "99999",
        "P27_004": "03104",
        "P27_005": "佐和山小学校",
        "P27_006": "安清町11-32",
        "P27_007": 3,
        "P27_008": -99,
        "P27_009": 9999
      },
      "geometry": {
        "type": "Point",
        "coordinates": [
          136.25978,
          35.263852
        ]
      }
    },
    {
      "type": "Feature",
      "properties": {
        "P27_001": "25202",
        "P27_002": "3",
        "P27_003": "99999",
        "P27_004": "03104",
        "P27_005": "旭森小学校",
        "P27_006": "東沼波町300",
        "P27_007": 3,
        "P27_008": -99,
        "P27_009": 9999
      },
      "geometry": {
        "type": "Point",
        "coordinates": [
          136.264421,
          35.249772
        ]
      }
    },
    {
      "type": "Feature",
      "properties": {
        "P27_001": "25202",
        "P27_002": "3",
        "P27_003": "99999",
        "P27_004": "03104",
        "P27_005": "城陽小学校",
        "P27_006": "甘呂町430",
        "P27_007": 3,
        "P27_008": -99,
        "P27_009": 9999
      },
      "geometry": {
        "type": "Point",
        "coordinates": [
          136.225791,
          35.246718
        ]
      }
    },
    {
      "type": "Feature",
      "properties": {
        "P27_001": "25202",
        "P27_002": "3",
        "P27_003": "99999",
        "P27_004": "03104",
        "P27_005": "若葉小学校",
        "P27_006": "蓮台寺町180",
        "P27_007": 3,
        "P27_008": -99,
        "P27_009": 9999
      },
      "geometry": {
        "type": "Point",
        "coordinates": [
          136.225435,
          35.233273
        ]
      }
    },
    {
      "type": "Feature",
      "properties": {
        "P27_001": "25202",
        "P27_002": "3",
        "P27_003": "99999",
        "P27_004": "03104",
        "P27_005": "金城小学校",
        "P27_006": "大藪町391",
        "P27_007": 3,
        "P27_008": -99,
        "P27_009": 9999
      },
      "geometry": {
        "type": "Point",
        "coordinates": [
          136.234425,
          35.27022
        ]
      }
    },
    {
      "type": "Feature",
      "properties": {
        "P27_001": "25202",
        "P27_002": "3",
        "P27_003": "99999",
        "P27_004": "03104",
        "P27_005": "鳥居本小学校",
        "P27_006": "鳥居本町1550-1",
        "P27_007": 3,
        "P27_008": -99,
        "P27_009": 9999
      },
      "geometry": {
        "type": "Point",
        "coordinates": [
          136.28628,
          35.282135
        ]
      }
    },
    {
      "type": "Feature",
      "properties": {
        "P27_001": "25202",
        "P27_002": "3",
        "P27_003": "99999",
        "P27_004": "03104",
        "P27_005": "河瀬小学校",
        "P27_006": "極楽寺町118",
        "P27_007": 3,
        "P27_008": -99,
        "P27_009": 9999
      },
      "geometry": {
        "type": "Point",
        "coordinates": [
          136.2392,
          35.227638
        ]
      }
    },
    {
      "type": "Feature",
      "properties": {
        "P27_001": "25202",
        "P27_002": "3",
        "P27_003": "99999",
        "P27_004": "03104",
        "P27_005": "亀山小学校",
        "P27_006": "賀田山町8",
        "P27_007": 3,
        "P27_008": -99,
        "P27_009": 9999
      },
      "geometry": {
        "type": "Point",
        "coordinates": [
          136.214448,
          35.220449
        ]
      }
    },
    {
      "type": "Feature",
      "properties": {
        "P27_001": "25202",
        "P27_002": "3",
        "P27_003": "99999",
        "P27_004": "03104",
        "P27_005": "高宮小学校",
        "P27_006": "高宮町2447",
        "P27_007": 3,
        "P27_008": -99,
        "P27_009": 9999
      },
      "geometry": {
        "type": "Point",
        "coordinates": [
          136.258431,
          35.232826
        ]
      }
    },
    {
      "type": "Feature",
      "properties": {
        "P27_001": "25202",
        "P27_002": "3",
        "P27_003": "99999",
        "P27_004": "03104",
        "P27_005": "稲枝東小学校",
        "P27_006": "稲部町308",
        "P27_007": 3,
        "P27_008": -99,
        "P27_009": 9999
      },
      "geometry": {
        "type": "Point",
        "coordinates": [
          136.195663,
          35.207522
        ]
      }
    },
    {
      "type": "Feature",
      "properties": {
        "P27_001": "25202",
        "P27_002": "3",
        "P27_003": "99999",
        "P27_004": "03104",
        "P27_005": "稲枝西小学校",
        "P27_006": "本庄町3583",
        "P27_007": 3,
        "P27_008": -99,
        "P27_009": 9999
      },
      "geometry": {
        "type": "Point",
        "coordinates": [
          136.159714,
          35.209314
        ]
      }
    },
    {
      "type": "Feature",
      "properties": {
        "P27_001": "25202",
        "P27_002": "3",
        "P27_003": "99999",
        "P27_004": "03104",
        "P27_005": "稲枝北小学校",
        "P27_006": "下岡部町597",
        "P27_007": 3,
        "P27_008": -99,
        "P27_009": 9999
      },
      "geometry": {
        "type": "Point",
        "coordinates": [
          136.178483,
          35.221458
        ]
      }
    },
    {
      "type": "Feature",
      "properties": {
        "P27_001": "25202",
        "P27_002": "3",
        "P27_003": "99999",
        "P27_004": "03104",
        "P27_005": "東中学校",
        "P27_006": "芹川町443",
        "P27_007": 3,
        "P27_008": -99,
        "P27_009": 9999
      },
      "geometry": {
        "type": "Point",
        "coordinates": [
          136.263034,
          35.26097
        ]
      }
    },
    {
      "type": "Feature",
      "properties": {
        "P27_001": "25202",
        "P27_002": "3",
        "P27_003": "99999",
        "P27_004": "03104",
        "P27_005": "西中学校",
        "P27_006": "金亀町8-1",
        "P27_007": 3,
        "P27_008": -99,
        "P27_009": 9999
      },
      "geometry": {
        "type": "Point",
        "coordinates": [
          136.248884,
          35.278102
        ]
      }
    },
    {
      "type": "Feature",
      "properties": {
        "P27_001": "25202",
        "P27_002": "3",
        "P27_003": "99999",
        "P27_004": "03104",
        "P27_005": "中央中学校",
        "P27_006": "西今町1207",
        "P27_007": 3,
        "P27_008": -99,
        "P27_009": 9999
      },
      "geometry": {
        "type": "Point",
        "coordinates": [
          136.236316,
          35.260526
        ]
      }
    },
    {
      "type": "Feature",
      "properties": {
        "P27_001": "25202",
        "P27_002": "3",
        "P27_003": "99999",
        "P27_004": "03104",
        "P27_005": "南中学校",
        "P27_006": "甘呂町156",
        "P27_007": 3,
        "P27_008": -99,
        "P27_009": 9999
      },
      "geometry": {
        "type": "Point",
        "coordinates": [
          136.227204,
          35.245878
        ]
      }
    },
    {
      "type": "Feature",
      "properties": {
        "P27_001": "25202",
        "P27_002": "3",
        "P27_003": "99999",
        "P27_004": "03104",
        "P27_005": "彦根中学校",
        "P27_006": "西葛籠町553",
        "P27_007": 3,
        "P27_008": -99,
        "P27_009": 9999
      },
      "geometry": {
        "type": "Point",
        "coordinates": [
          136.245916,
          35.227161
        ]
      }
    },
    {
      "type": "Feature",
      "properties": {
        "P27_001": "25202",
        "P27_002": "3",
        "P27_003": "99999",
        "P27_004": "03104",
        "P27_005": "鳥居本中学校",
        "P27_006": "鳥居本町788",
        "P27_007": 3,
        "P27_008": -99,
        "P27_009": 9999
      },
      "geometry": {
        "type": "Point",
        "coordinates": [
          136.285379,
          35.284436
        ]
      }
    },
    {
      "type": "Feature",
      "properties": {
        "P27_001": "25202",
        "P27_002": "3",
        "P27_003": "99999",
        "P27_004": "03104",
        "P27_005": "稲枝中学校",
        "P27_006": "田原町202",
        "P27_007": 3,
        "P27_008": -99,
        "P27_009": 9999
      },
      "geometry": {
        "type": "Point",
        "coordinates": [
          136.17934,
          35.212315
        ]
      }
    },
    {
      "type": "Feature",
      "properties": {
        "P27_001": "25203",
        "P27_002": "3",
        "P27_003": "99999",
        "P27_004": "03109",
        "P27_005": "長浜市民体育館",
        "P27_006": "宮司町1203",
        "P27_007": 3,
        "P27_008": -99,
        "P27_009": 1979
      },
      "geometry": {
        "type": "Point",
        "coordinates": [
          136.28737,
          35.377734
        ]
      }
    },
    {
      "type": "Feature",
      "properties": {
        "P27_001": "25203",
        "P27_002": "3",
        "P27_003": "99999",
        "P27_004": "03112",
        "P27_005": "長浜市民体育館",
        "P27_006": "宮司町1203",
        "P27_007": 3,
        "P27_008": -99,
        "P27_009": 1979
      },
      "geometry": {
        "type": "Point",
        "coordinates": [
          136.28737,
          35.377663
        ]
      }
    },
    {
      "type": "Feature",
      "properties": {
        "P27_001": "25203",
        "P27_002": "3",
        "P27_003": "99999",
        "P27_004": "03120",
        "P27_005": "長浜市民体育館",
        "P27_006": "宮司町1203",
        "P27_007": 3,
        "P27_008": -99,
        "P27_009": 1979
      },
      "geometry": {
        "type": "Point",
        "coordinates": [
          136.28737,
          35.377605
        ]
      }
    },
    {
      "type": "Feature",
      "properties": {
        "P27_001": "25203",
        "P27_002": "3",
        "P27_003": "99999",
        "P27_004": "03129",
        "P27_005": "長浜市民体育館",
        "P27_006": "宮司町1203",
        "P27_007": 3,
        "P27_008": -99,
        "P27_009": 1979
      },
      "geometry": {
        "type": "Point",
        "coordinates": [
          136.287367,
          35.377547
        ]
      }
    },
    {
      "type": "Feature",
      "properties": {
        "P27_001": "25203",
        "P27_002": "3",
        "P27_003": "99999",
        "P27_004": "03109",
        "P27_005": "長浜市勤労青少年ホーム「長浜サンパレス」体育室",
        "P27_006": "八幡中山町1316-3",
        "P27_007": 3,
        "P27_008": -99,
        "P27_009": 9999
      },
      "geometry": {
        "type": "Point",
        "coordinates": [
          136.265745,
          35.390092
        ]
      }
    },
    {
      "type": "Feature",
      "properties": {
        "P27_001": "25203",
        "P27_002": "3",
        "P27_003": "99999",
        "P27_004": "03120",
        "P27_005": "長浜市勤労青少年ホーム「長浜サンパレス」体育室",
        "P27_006": "八幡中山町1316-3",
        "P27_007": 3,
        "P27_008": -99,
        "P27_009": 9999
      },
      "geometry": {
        "type": "Point",
        "coordinates": [
          136.265745,
          35.390036
        ]
      }
    },
    {
      "type": "Feature",
      "properties": {
        "P27_001": "25203",
        "P27_002": "3",
        "P27_003": "99999",
        "P27_004": "03109",
        "P27_005": "浅井体育館",
        "P27_006": "内保町2685",
        "P27_007": 3,
        "P27_008": -99,
        "P27_009": 1977
      },
      "geometry": {
        "type": "Point",
        "coordinates": [
          136.296272,
          35.432242
        ]
      }
    },
    {
      "type": "Feature",
      "properties": {
        "P27_001": "25203",
        "P27_002": "3",
        "P27_003": "99999",
        "P27_004": "03109",
        "P27_005": "びわ体育館（びわ体育センター）",
        "P27_006": "早崎町1479",
        "P27_007": 3,
        "P27_008": -99,
        "P27_009": 1981
      },
      "geometry": {
        "type": "Point",
        "coordinates": [
          136.208158,
          35.413818
        ]
      }
    },
    {
      "type": "Feature",
      "properties": {
        "P27_001": "25203",
        "P27_002": "3",
        "P27_003": "99999",
        "P27_004": "03109",
        "P27_005": "長浜市浅井Ｂ＆Ｇ海洋センター「体育館」",
        "P27_006": "大依町15（浅井文化スポーツ公園内）",
        "P27_007": 3,
        "P27_008": -99,
        "P27_009": 9999
      },
      "geometry": {
        "type": "Point",
        "coordinates": [
          136.313097,
          35.432752
        ]
      }
    },
    {
      "type": "Feature",
      "properties": {
        "P27_001": "25203",
        "P27_002": "3",
        "P27_003": "99999",
        "P27_004": "03129",
        "P27_005": "長浜市浅井Ｂ＆Ｇ海洋センター「体育館」",
        "P27_006": "大依町15（浅井文化スポーツ公園内）",
        "P27_007": 3,
        "P27_008": -99,
        "P27_009": 9999
      },
      "geometry": {
        "type": "Point",
        "coordinates": [
          136.313103,
          35.432679
        ]
      }
    },
    {
      "type": "Feature",
      "properties": {
        "P27_001": "25203",
        "P27_002": "3",
        "P27_003": "99999",
        "P27_004": "03109",
        "P27_005": "虎姫運動広場「体育館」",
        "P27_006": "五村360-1",
        "P27_007": 3,
        "P27_008": -99,
        "P27_009": 1990
      },
      "geometry": {
        "type": "Point",
        "coordinates": [
          136.265512,
          35.42176
        ]
      }
    },
    {
      "type": "Feature",
      "properties": {
        "P27_001": "25203",
        "P27_002": "3",
        "P27_003": "99999",
        "P27_004": "03109",
        "P27_005": "山本山運動広場「体育館」",
        "P27_006": "湖北町山本2868",
        "P27_007": 3,
        "P27_008": -99,
        "P27_009": 9999
      },
      "geometry": {
        "type": "Point",
        "coordinates": [
          136.209237,
          35.441829
        ]
      }
    },
    {
      "type": "Feature",
      "properties": {
        "P27_001": "25203",
        "P27_002": "3",
        "P27_003": "99999",
        "P27_004": "03109",
        "P27_005": "湖北体育館",
        "P27_006": "湖北町速水1210",
        "P27_007": 3,
        "P27_008": -99,
        "P27_009": 1979
      },
      "geometry": {
        "type": "Point",
        "coordinates": [
          136.243177,
          35.445002
        ]
      }
    },
    {
      "type": "Feature",
      "properties": {
        "P27_001": "25203",
        "P27_002": "3",
        "P27_003": "99999",
        "P27_004": "03109",
        "P27_005": "高月運動広場「体育館」",
        "P27_006": "高月町東柳野3-1",
        "P27_007": 3,
        "P27_008": -99,
        "P27_009": 1978
      },
      "geometry": {
        "type": "Point",
        "coordinates": [
          136.223143,
          35.470111
        ]
      }
    },
    {
      "type": "Feature",
      "properties": {
        "P27_001": "25203",
        "P27_002": "3",
        "P27_003": "99999",
        "P27_004": "03110",
        "P27_005": "高月運動広場「体育館」",
        "P27_006": "高月町東柳野3-1",
        "P27_007": 3,
        "P27_008": -99,
        "P27_009": 1978
      },
      "geometry": {
        "type": "Point",
        "coordinates": [
          136.223143,
          35.470099
        ]
      }
    },
    {
      "type": "Feature",
      "properties": {
        "P27_001": "25203",
        "P27_002": "3",
        "P27_003": "99999",
        "P27_004": "03120",
        "P27_005": "高月運動広場「体育館」",
        "P27_006": "高月町東柳野3-1",
        "P27_007": 3,
        "P27_008": -99,
        "P27_009": 1978
      },
      "geometry": {
        "type": "Point",
        "coordinates": [
          136.223143,
          35.470089
        ]
      }
    },
    {
      "type": "Feature",
      "properties": {
        "P27_001": "25203",
        "P27_002": "3",
        "P27_003": "99999",
        "P27_004": "03109",
        "P27_005": "木之本運動広場「体育館」",
        "P27_006": "木之本町西山183-3",
        "P27_007": 3,
        "P27_008": -99,
        "P27_009": 1977
      },
      "geometry": {
        "type": "Point",
        "coordinates": [
          136.212488,
          35.497461
        ]
      }
    },
    {
      "type": "Feature",
      "properties": {
        "P27_001": "25203",
        "P27_002": "3",
        "P27_003": "99999",
        "P27_004": "03115",
        "P27_005": "木之本運動広場「体育館」",
        "P27_006": "木之本町西山183-3",
        "P27_007": 3,
        "P27_008": -99,
        "P27_009": 1977
      },
      "geometry": {
        "type": "Point",
        "coordinates": [
          136.213188,
          35.496782
        ]
      }
    },
    {
      "type": "Feature",
      "properties": {
        "P27_001": "25203",
        "P27_002": "3",
        "P27_003": "99999",
        "P27_004": "03109",
        "P27_005": "余呉体育館",
        "P27_006": "余呉町下余呉555-1",
        "P27_007": 3,
        "P27_008": -99,
        "P27_009": 1985
      },
      "geometry": {
        "type": "Point",
        "coordinates": [
          136.211801,
          35.532121
        ]
      }
    },
    {
      "type": "Feature",
      "properties": {
        "P27_001": "25203",
        "P27_002": "3",
        "P27_003": "99999",
        "P27_004": "03109",
        "P27_005": "西浅井運動広場「体育館」",
        "P27_006": "西浅井町大浦2590",
        "P27_007": 3,
        "P27_008": -99,
        "P27_009": 1996
      },
      "geometry": {
        "type": "Point",
        "coordinates": [
          136.123621,
          35.498545
        ]
      }
    },
    {
      "type": "Feature",
      "properties": {
        "P27_001": "25203",
        "P27_002": "3",
        "P27_003": "99999",
        "P27_004": "03129",
        "P27_005": "西浅井運動広場「体育館」",
        "P27_006": "西浅井町大浦2590",
        "P27_007": 3,
        "P27_008": -99,
        "P27_009": 1996
      },
      "geometry": {
        "type": "Point",
        "coordinates": [
          136.123621,
          35.498489
        ]
      }
    },
    {
      "type": "Feature",
      "properties": {
        "P27_001": "25203",
        "P27_002": "3",
        "P27_003": "99999",
        "P27_004": "03106",
        "P27_005": "長浜市民プール",
        "P27_006": "港町3-10",
        "P27_007": 3,
        "P27_008": -99,
        "P27_009": 1978
      },
      "geometry": {
        "type": "Point",
        "coordinates": [
          136.264558,
          35.375526
        ]
      }
    },
    {
      "type": "Feature",
      "properties": {
        "P27_001": "25203",
        "P27_002": "3",
        "P27_003": "99999",
        "P27_004": "03106",
        "P27_005": "長浜市浅井Ｂ＆Ｇ海洋センター「プール」",
        "P27_006": "大依町15（浅井文化スポーツ公園内）",
        "P27_007": 3,
        "P27_008": -99,
        "P27_009": 9999
      },
      "geometry": {
        "type": "Point",
        "coordinates": [
          136.313169,
          35.432451
        ]
      }
    },
    {
      "type": "Feature",
      "properties": {
        "P27_001": "25203",
        "P27_002": "3",
        "P27_003": "99999",
        "P27_004": "03106",
        "P27_005": "奥びわスポーツの森「プール」",
        "P27_006": "早崎町1667",
        "P27_007": 3,
        "P27_008": -99,
        "P27_009": 9999
      },
      "geometry": {
        "type": "Point",
        "coordinates": [
          136.207493,
          35.412641
        ]
      }
    },
    {
      "type": "Feature",
      "properties": {
        "P27_001": "25203",
        "P27_002": "3",
        "P27_003": "99999",
        "P27_004": "03106",
        "P27_005": "木之本運動広場「プール」",
        "P27_006": "木之本町木之本2101ｰ1",
        "P27_007": 3,
        "P27_008": -99,
        "P27_009": 1977
      },
      "geometry": {
        "type": "Point",
        "coordinates": [
          136.21327,
          35.497443
        ]
      }
    },
    {
      "type": "Feature",
      "properties": {
        "P27_001": "25203",
        "P27_002": "3",
        "P27_003": "99999",
        "P27_004": "03112",
        "P27_005": "長浜市武徳殿",
        "P27_006": "朝日町13-11",
        "P27_007": 3,
        "P27_008": -99,
        "P27_009": 9999
      },
      "geometry": {
        "type": "Point",
        "coordinates": [
          136.270314,
          35.377994
        ]
      }
    },
    {
      "type": "Feature",
      "properties": {
        "P27_001": "25203",
        "P27_002": "3",
        "P27_003": "99999",
        "P27_004": "03121",
        "P27_005": "長浜市民弓道場",
        "P27_006": "宮前町13-15",
        "P27_007": 3,
        "P27_008": -99,
        "P27_009": 9999
      },
      "geometry": {
        "type": "Point",
        "coordinates": [
          136.274144,
          35.383022
        ]
      }
    },
    {
      "type": "Feature",
      "properties": {
        "P27_001": "25203",
        "P27_002": "3",
        "P27_003": "99999",
        "P27_004": "03137",
        "P27_005": "長浜市浅井Ｂ＆Ｇ海洋センター「艇庫」",
        "P27_006": "池奥町59-1（西池）",
        "P27_007": 3,
        "P27_008": -99,
        "P27_009": 9999
      },
      "geometry": {
        "type": "Point",
        "coordinates": [
          136.287732,
          35.459747
        ]
      }
    },
    {
      "type": "Feature",
      "properties": {
        "P27_001": "25203",
        "P27_002": "3",
        "P27_003": "99999",
        "P27_004": "03102",
        "P27_005": "長浜球場",
        "P27_006": "宮司町70",
        "P27_007": 3,
        "P27_008": -99,
        "P27_009": 1981
      },
      "geometry": {
        "type": "Point",
        "coordinates": [
          136.298069,
          35.384662
        ]
      }
    },
    {
      "type": "Feature",
      "properties": {
        "P27_001": "25203",
        "P27_002": "3",
        "P27_003": "99999",
        "P27_004": "03102",
        "P27_005": "長浜市浅井球場",
        "P27_006": "大依町15",
        "P27_007": 3,
        "P27_008": -99,
        "P27_009": 1990
      },
      "geometry": {
        "type": "Point",
        "coordinates": [
          136.313236,
          35.434309
        ]
      }
    },
    {
      "type": "Feature",
      "properties": {
        "P27_001": "25203",
        "P27_002": "3",
        "P27_003": "99999",
        "P27_004": "03115",
        "P27_005": "長浜市民庭球場",
        "P27_006": "港町3-80",
        "P27_007": 3,
        "P27_008": -99,
        "P27_009": 1978
      },
      "geometry": {
        "type": "Point",
        "coordinates": [
          136.263694,
          35.376714
        ]
      }
    },
    {
      "type": "Feature",
      "properties": {
        "P27_001": "25203",
        "P27_002": "3",
        "P27_003": "99999",
        "P27_004": "03115",
        "P27_005": "浅井文化スポーツ公園「テニスコート」",
        "P27_006": "大依町2",
        "P27_007": 3,
        "P27_008": -99,
        "P27_009": 1987
      },
      "geometry": {
        "type": "Point",
        "coordinates": [
          136.313591,
          35.431836
        ]
      }
    },
    {
      "type": "Feature",
      "properties": {
        "P27_001": "25203",
        "P27_002": "3",
        "P27_003": "99999",
        "P27_004": "03115",
        "P27_005": "奥びわスポーツの森「テニスコート」",
        "P27_006": "早崎町1667",
        "P27_007": 3,
        "P27_008": -99,
        "P27_009": 9999
      },
      "geometry": {
        "type": "Point",
        "coordinates": [
          136.207516,
          35.414392
        ]
      }
    },
    {
      "type": "Feature",
      "properties": {
        "P27_001": "25203",
        "P27_002": "3",
        "P27_003": "99999",
        "P27_004": "03115",
        "P27_005": "虎姫運動広場「テニスコート」",
        "P27_006": "宮部町3378-1",
        "P27_007": 3,
        "P27_008": -99,
        "P27_009": 9999
      },
      "geometry": {
        "type": "Point",
        "coordinates": [
          136.266075,
          35.423429
        ]
      }
    },
    {
      "type": "Feature",
      "properties": {
        "P27_001": "25203",
        "P27_002": "3",
        "P27_003": "99999",
        "P27_004": "03115",
        "P27_005": "山本山運動広場「テニスコート」",
        "P27_006": "湖北町山本2868",
        "P27_007": 3,
        "P27_008": -99,
        "P27_009": 9999
      },
      "geometry": {
        "type": "Point",
        "coordinates": [
          136.208233,
          35.441884
        ]
      }
    },
    {
      "type": "Feature",
      "properties": {
        "P27_001": "25203",
        "P27_002": "3",
        "P27_003": "99999",
        "P27_004": "03115",
        "P27_005": "高時川運動広場「テニスコート」",
        "P27_006": "湖北町速水2021",
        "P27_007": 3,
        "P27_008": -99,
        "P27_009": 9999
      },
      "geometry": {
        "type": "Point",
        "coordinates": [
          136.24431,
          35.44422
        ]
      }
    },
    {
      "type": "Feature",
      "properties": {
        "P27_001": "25203",
        "P27_002": "3",
        "P27_003": "99999",
        "P27_004": "03115",
        "P27_005": "高月運動広場「テニスコート」",
        "P27_006": "高月町東柳野3-1",
        "P27_007": 3,
        "P27_008": -99,
        "P27_009": 9999
      },
      "geometry": {
        "type": "Point",
        "coordinates": [
          136.223251,
          35.469754
        ]
      }
    },
    {
      "type": "Feature",
      "properties": {
        "P27_001": "25203",
        "P27_002": "3",
        "P27_003": "99999",
        "P27_004": "03115",
        "P27_005": "西浅井運動広場「テニスコート」",
        "P27_006": "西浅井町大浦2590",
        "P27_007": 3,
        "P27_008": -99,
        "P27_009": 9999
      },
      "geometry": {
        "type": "Point",
        "coordinates": [
          136.124613,
          35.498472
        ]
      }
    },
    {
      "type": "Feature",
      "properties": {
        "P27_001": "25203",
        "P27_002": "3",
        "P27_003": "99999",
        "P27_004": "03101",
        "P27_005": "長浜市多目的競技場「神照運動公園」",
        "P27_006": "神照町208-1",
        "P27_007": 3,
        "P27_008": -99,
        "P27_009": 1996
      },
      "geometry": {
        "type": "Point",
        "coordinates": [
          136.279294,
          35.395271
        ]
      }
    },
    {
      "type": "Feature",
      "properties": {
        "P27_001": "25203",
        "P27_002": "3",
        "P27_003": "99999",
        "P27_004": "03104",
        "P27_005": "長浜市多目的競技場「神照運動公園」",
        "P27_006": "神照町208-1",
        "P27_007": 3,
        "P27_008": -99,
        "P27_009": 1996
      },
      "geometry": {
        "type": "Point",
        "coordinates": [
          136.2793,
          35.395182
        ]
      }
    },
    {
      "type": "Feature",
      "properties": {
        "P27_001": "25203",
        "P27_002": "3",
        "P27_003": "99999",
        "P27_004": "03138",
        "P27_005": "長浜市多目的競技場「神照運動公園」",
        "P27_006": "神照町208-1",
        "P27_007": 3,
        "P27_008": -99,
        "P27_009": 1996
      },
      "geometry": {
        "type": "Point",
        "coordinates": [
          136.277957,
          35.395739
        ]
      }
    },
    {
      "type": "Feature",
      "properties": {
        "P27_001": "25203",
        "P27_002": "3",
        "P27_003": "99999",
        "P27_004": "03102",
        "P27_005": "長浜市多目的競技場「神照運動公園」",
        "P27_006": "神照町208-1",
        "P27_007": 3,
        "P27_008": -99,
        "P27_009": 1996
      },
      "geometry": {
        "type": "Point",
        "coordinates": [
          136.278361,
          35.394487
        ]
      }
    },
    {
      "type": "Feature",
      "properties": {
        "P27_001": "25203",
        "P27_002": "3",
        "P27_003": "99999",
        "P27_004": "03138",
        "P27_005": "長浜市民運動広場「サンドーム・多目的広場」",
        "P27_006": "宮司町154",
        "P27_007": 3,
        "P27_008": -99,
        "P27_009": 9999
      },
      "geometry": {
        "type": "Point",
        "coordinates": [
          136.297017,
          35.384335
        ]
      }
    },
    {
      "type": "Feature",
      "properties": {
        "P27_001": "25203",
        "P27_002": "3",
        "P27_003": "99999",
        "P27_004": "03116",
        "P27_005": "長浜市民運動広場「サンドーム・多目的広場」",
        "P27_006": "宮司町154",
        "P27_007": 3,
        "P27_008": -99,
        "P27_009": 9999
      },
      "geometry": {
        "type": "Point",
        "coordinates": [
          136.297023,
          35.384248
        ]
      }
    },
    {
      "type": "Feature",
      "properties": {
        "P27_001": "25203",
        "P27_002": "3",
        "P27_003": "99999",
        "P27_004": "03104",
        "P27_005": "長浜市民運動広場「サンドーム・多目的広場」",
        "P27_006": "宮司町154",
        "P27_007": 3,
        "P27_008": -99,
        "P27_009": 9999
      },
      "geometry": {
        "type": "Point",
        "coordinates": [
          136.297023,
          35.384146
        ]
      }
    },
    {
      "type": "Feature",
      "properties": {
        "P27_001": "25203",
        "P27_002": "3",
        "P27_003": "99999",
        "P27_004": "03102",
        "P27_005": "本庄山村広場",
        "P27_006": "本庄町800",
        "P27_007": 3,
        "P27_008": -99,
        "P27_009": 9999
      },
      "geometry": {
        "type": "Point",
        "coordinates": [
          136.317592,
          35.372168
        ]
      }
    },
    {
      "type": "Feature",
      "properties": {
        "P27_001": "25203",
        "P27_002": "3",
        "P27_003": "99999",
        "P27_004": "03138",
        "P27_005": "本庄山村広場",
        "P27_006": "本庄町800",
        "P27_007": 3,
        "P27_008": -99,
        "P27_009": 9999
      },
      "geometry": {
        "type": "Point",
        "coordinates": [
          136.317592,
          35.372115
        ]
      }
    },
    {
      "type": "Feature",
      "properties": {
        "P27_001": "25203",
        "P27_002": "3",
        "P27_003": "99999",
        "P27_004": "03102",
        "P27_005": "東上坂山村広場",
        "P27_006": "東上坂町1415-2",
        "P27_007": 3,
        "P27_008": -99,
        "P27_009": 9999
      },
      "geometry": {
        "type": "Point",
        "coordinates": [
          136.318989,
          35.40099
        ]
      }
    },
    {
      "type": "Feature",
      "properties": {
        "P27_001": "25203",
        "P27_002": "3",
        "P27_003": "99999",
        "P27_004": "03138",
        "P27_005": "東上坂山村広場",
        "P27_006": "東上坂町1415-2",
        "P27_007": 3,
        "P27_008": -99,
        "P27_009": 9999
      },
      "geometry": {
        "type": "Point",
        "coordinates": [
          136.318988,
          35.400957
        ]
      }
    },
    {
      "type": "Feature",
      "properties": {
        "P27_001": "25203",
        "P27_002": "3",
        "P27_003": "99999",
        "P27_004": "03103",
        "P27_005": "東上坂山村広場",
        "P27_006": "東上坂町1415-2",
        "P27_007": 3,
        "P27_008": -99,
        "P27_009": 9999
      },
      "geometry": {
        "type": "Point",
        "coordinates": [
          136.318989,
          35.400923
        ]
      }
    },
    {
      "type": "Feature",
      "properties": {
        "P27_001": "25203",
        "P27_002": "3",
        "P27_003": "99999",
        "P27_004": "03101",
        "P27_005": "浅井ふれあいグラウンド",
        "P27_006": "大依町15（浅井文化スポーツ公園内）",
        "P27_007": 3,
        "P27_008": -99,
        "P27_009": 1994
      },
      "geometry": {
        "type": "Point",
        "coordinates": [
          136.312256,
          35.430832
        ]
      }
    },
    {
      "type": "Feature",
      "properties": {
        "P27_001": "25203",
        "P27_002": "3",
        "P27_003": "99999",
        "P27_004": "03109",
        "P27_005": "あじさいホール",
        "P27_006": "富田町431",
        "P27_007": 3,
        "P27_008": -99,
        "P27_009": 9999
      },
      "geometry": {
        "type": "Point",
        "coordinates": [
          136.223019,
          35.424518
        ]
      }
    },
    {
      "type": "Feature",
      "properties": {
        "P27_001": "25203",
        "P27_002": "3",
        "P27_003": "99999",
        "P27_004": "03116",
        "P27_005": "あじさいホール",
        "P27_006": "富田町431",
        "P27_007": 3,
        "P27_008": -99,
        "P27_009": 9999
      },
      "geometry": {
        "type": "Point",
        "coordinates": [
          136.223017,
          35.424562
        ]
      }
    },
    {
      "type": "Feature",
      "properties": {
        "P27_001": "25203",
        "P27_002": "3",
        "P27_003": "99999",
        "P27_004": "03138",
        "P27_005": "あじさいホール",
        "P27_006": "富田町431",
        "P27_007": 3,
        "P27_008": -99,
        "P27_009": 9999
      },
      "geometry": {
        "type": "Point",
        "coordinates": [
          136.223017,
          35.42447
        ]
      }
    },
    {
      "type": "Feature",
      "properties": {
        "P27_001": "25203",
        "P27_002": "3",
        "P27_003": "99999",
        "P27_004": "03102",
        "P27_005": "奥びわスポーツの森「多目的運動広場」",
        "P27_006": "早崎町1667",
        "P27_007": 3,
        "P27_008": -99,
        "P27_009": 9999
      },
      "geometry": {
        "type": "Point",
        "coordinates": [
          136.206618,
          35.413743
        ]
      }
    },
    {
      "type": "Feature",
      "properties": {
        "P27_001": "25203",
        "P27_002": "3",
        "P27_003": "99999",
        "P27_004": "03103",
        "P27_005": "奥びわスポーツの森「多目的運動広場」",
        "P27_006": "早崎町1667",
        "P27_007": 3,
        "P27_008": -99,
        "P27_009": 9999
      },
      "geometry": {
        "type": "Point",
        "coordinates": [
          136.206618,
          35.413631
        ]
      }
    },
    {
      "type": "Feature",
      "properties": {
        "P27_001": "25203",
        "P27_002": "3",
        "P27_003": "99999",
        "P27_004": "03104",
        "P27_005": "奥びわスポーツの森「多目的運動広場」",
        "P27_006": "早崎町1667",
        "P27_007": 3,
        "P27_008": -99,
        "P27_009": 9999
      },
      "geometry": {
        "type": "Point",
        "coordinates": [
          136.206624,
          35.413844
        ]
      }
    },
    {
      "type": "Feature",
      "properties": {
        "P27_001": "25203",
        "P27_002": "3",
        "P27_003": "99999",
        "P27_004": "03102",
        "P27_005": "虎姫運動広場「運動場」",
        "P27_006": "宮部町3378-1",
        "P27_007": 3,
        "P27_008": -99,
        "P27_009": 9999
      },
      "geometry": {
        "type": "Point",
        "coordinates": [
          136.265327,
          35.422964
        ]
      }
    },
    {
      "type": "Feature",
      "properties": {
        "P27_001": "25203",
        "P27_002": "3",
        "P27_003": "99999",
        "P27_004": "03138",
        "P27_005": "虎姫運動広場「運動場」",
        "P27_006": "宮部町3378-1",
        "P27_007": 3,
        "P27_008": -99,
        "P27_009": 9999
      },
      "geometry": {
        "type": "Point",
        "coordinates": [
          136.265333,
          35.422766
        ]
      }
    },
    {
      "type": "Feature",
      "properties": {
        "P27_001": "25203",
        "P27_002": "3",
        "P27_003": "99999",
        "P27_004": "03102",
        "P27_005": "山本山運動広場「グラウンド」",
        "P27_006": "湖北町山本2868",
        "P27_007": 3,
        "P27_008": -99,
        "P27_009": 9999
      },
      "geometry": {
        "type": "Point",
        "coordinates": [
          136.207514,
          35.441403
        ]
      }
    },
    {
      "type": "Feature",
      "properties": {
        "P27_001": "25203",
        "P27_002": "3",
        "P27_003": "99999",
        "P27_004": "03104",
        "P27_005": "山本山運動広場「グラウンド」",
        "P27_006": "湖北町山本2868",
        "P27_007": 3,
        "P27_008": -99,
        "P27_009": 9999
      },
      "geometry": {
        "type": "Point",
        "coordinates": [
          136.207511,
          35.441318
        ]
      }
    },
    {
      "type": "Feature",
      "properties": {
        "P27_001": "25203",
        "P27_002": "3",
        "P27_003": "99999",
        "P27_004": "03104",
        "P27_005": "高時川運動広場「多目的広場」",
        "P27_006": "湖北町速水2021",
        "P27_007": 3,
        "P27_008": -99,
        "P27_009": 9999
      },
      "geometry": {
        "type": "Point",
        "coordinates": [
          136.244465,
          35.445038
        ]
      }
    },
    {
      "type": "Feature",
      "properties": {
        "P27_001": "25203",
        "P27_002": "3",
        "P27_003": "99999",
        "P27_004": "03138",
        "P27_005": "高時川運動広場「多目的広場」",
        "P27_006": "湖北町速水2021",
        "P27_007": 3,
        "P27_008": -99,
        "P27_009": 9999
      },
      "geometry": {
        "type": "Point",
        "coordinates": [
          136.244459,
          35.444917
        ]
      }
    },
    {
      "type": "Feature",
      "properties": {
        "P27_001": "25203",
        "P27_002": "3",
        "P27_003": "99999",
        "P27_004": "03102",
        "P27_005": "高月運動広場「運動場」",
        "P27_006": "高月町高月820-1",
        "P27_007": 3,
        "P27_008": -99,
        "P27_009": 1975
      },
      "geometry": {
        "type": "Point",
        "coordinates": [
          136.224904,
          35.469529
        ]
      }
    },
    {
      "type": "Feature",
      "properties": {
        "P27_001": "25203",
        "P27_002": "3",
        "P27_003": "99999",
        "P27_004": "03104",
        "P27_005": "木之本運動広場「運動場」",
        "P27_006": "木之本町西山350",
        "P27_007": 3,
        "P27_008": -99,
        "P27_009": 1977
      },
      "geometry": {
        "type": "Point",
        "coordinates": [
          136.213196,
          35.496601
        ]
      }
    },
    {
      "type": "Feature",
      "properties": {
        "P27_001": "25203",
        "P27_002": "3",
        "P27_003": "99999",
        "P27_004": "03116",
        "P27_005": "余呉屋内グラウンド",
        "P27_006": "余呉町中之郷788",
        "P27_007": 3,
        "P27_008": -99,
        "P27_009": 9999
      },
      "geometry": {
        "type": "Point",
        "coordinates": [
          136.203753,
          35.54863
        ]
      }
    },
    {
      "type": "Feature",
      "properties": {
        "P27_001": "25203",
        "P27_002": "3",
        "P27_003": "99999",
        "P27_004": "03138",
        "P27_005": "余呉屋内グラウンド",
        "P27_006": "余呉町中之郷788",
        "P27_007": 3,
        "P27_008": -99,
        "P27_009": 9999
      },
      "geometry": {
        "type": "Point",
        "coordinates": [
          136.203759,
          35.548563
        ]
      }
    },
    {
      "type": "Feature",
      "properties": {
        "P27_001": "25203",
        "P27_002": "3",
        "P27_003": "99999",
        "P27_004": "03102",
        "P27_005": "西浅井運動広場「多目的広場」",
        "P27_006": "西浅井町大浦2590",
        "P27_007": 3,
        "P27_008": -99,
        "P27_009": 1987
      },
      "geometry": {
        "type": "Point",
        "coordinates": [
          136.124429,
          35.499249
        ]
      }
    },
    {
      "type": "Feature",
      "properties": {
        "P27_001": "25203",
        "P27_002": "3",
        "P27_003": "99999",
        "P27_004": "03116",
        "P27_005": "西浅井いきいきホール",
        "P27_006": "西浅井町塩津浜1795",
        "P27_007": 3,
        "P27_008": -99,
        "P27_009": 9999
      },
      "geometry": {
        "type": "Point",
        "coordinates": [
          136.159571,
          35.523051
        ]
      }
    },
    {
      "type": "Feature",
      "properties": {
        "P27_001": "25203",
        "P27_002": "3",
        "P27_003": "99999",
        "P27_004": "03138",
        "P27_005": "西浅井いきいきホール",
        "P27_006": "西浅井町塩津浜1795",
        "P27_007": 3,
        "P27_008": -99,
        "P27_009": 9999
      },
      "geometry": {
        "type": "Point",
        "coordinates": [
          136.159571,
          35.522955
        ]
      }
    },
    {
      "type": "Feature",
      "properties": {
        "P27_001": "25204",
        "P27_002": "3",
        "P27_003": "99999",
        "P27_004": "03109",
        "P27_005": "運動公園施設",
        "P27_006": "津田町18",
        "P27_007": 3,
        "P27_008": -99,
        "P27_009": 1979
      },
      "geometry": {
        "type": "Point",
        "coordinates": [
          136.067961,
          35.150674
        ]
      }
    },
    {
      "type": "Feature",
      "properties": {
        "P27_001": "25204",
        "P27_002": "3",
        "P27_003": "99999",
        "P27_004": "03102",
        "P27_005": "運動公園施設",
        "P27_006": "津田町18",
        "P27_007": 3,
        "P27_008": -99,
        "P27_009": 1979
      },
      "geometry": {
        "type": "Point",
        "coordinates": [
          136.066553,
          35.150363
        ]
      }
    },
    {
      "type": "Feature",
      "properties": {
        "P27_001": "25204",
        "P27_002": "3",
        "P27_003": "99999",
        "P27_004": "03103",
        "P27_005": "運動公園施設",
        "P27_006": "津田町18",
        "P27_007": 3,
        "P27_008": -99,
        "P27_009": 1979
      },
      "geometry": {
        "type": "Point",
        "coordinates": [
          136.067183,
          35.15303
        ]
      }
    },
    {
      "type": "Feature",
      "properties": {
        "P27_001": "25204",
        "P27_002": "3",
        "P27_003": "99999",
        "P27_004": "03115",
        "P27_005": "運動公園施設",
        "P27_006": "津田町18",
        "P27_007": 3,
        "P27_008": -99,
        "P27_009": 1979
      },
      "geometry": {
        "type": "Point",
        "coordinates": [
          136.067444,
          35.151514
        ]
      }
    },
    {
      "type": "Feature",
      "properties": {
        "P27_001": "25204",
        "P27_002": "3",
        "P27_003": "99999",
        "P27_004": "03117",
        "P27_005": "運動公園施設",
        "P27_006": "津田町18",
        "P27_007": 3,
        "P27_008": -99,
        "P27_009": 1979
      },
      "geometry": {
        "type": "Point",
        "coordinates": [
          136.067608,
          35.151225
        ]
      }
    },
    {
      "type": "Feature",
      "properties": {
        "P27_001": "25204",
        "P27_002": "3",
        "P27_003": "99999",
        "P27_004": "03109",
        "P27_005": "サン・ビレッジ近江八幡施設",
        "P27_006": "鷹飼町40",
        "P27_007": 3,
        "P27_008": -99,
        "P27_009": 1999
      },
      "geometry": {
        "type": "Point",
        "coordinates": [
          136.107835,
          35.119567
        ]
      }
    },
    {
      "type": "Feature",
      "properties": {
        "P27_001": "25204",
        "P27_002": "3",
        "P27_003": "99999",
        "P27_004": "03112",
        "P27_005": "サン・ビレッジ近江八幡施設",
        "P27_006": "鷹飼町40",
        "P27_007": 3,
        "P27_008": -99,
        "P27_009": 1999
      },
      "geometry": {
        "type": "Point",
        "coordinates": [
          136.107835,
          35.119513
        ]
      }
    },
    {
      "type": "Feature",
      "properties": {
        "P27_001": "25204",
        "P27_002": "3",
        "P27_003": "99999",
        "P27_004": "03120",
        "P27_005": "サン・ビレッジ近江八幡施設",
        "P27_006": "鷹飼町40",
        "P27_007": 3,
        "P27_008": -99,
        "P27_009": 1999
      },
      "geometry": {
        "type": "Point",
        "coordinates": [
          136.107835,
          35.119455
        ]
      }
    },
    {
      "type": "Feature",
      "properties": {
        "P27_001": "25204",
        "P27_002": "3",
        "P27_003": "99999",
        "P27_004": "03115",
        "P27_005": "サン・ビレッジ近江八幡施設",
        "P27_006": "鷹飼町40",
        "P27_007": 3,
        "P27_008": -99,
        "P27_009": 1999
      },
      "geometry": {
        "type": "Point",
        "coordinates": [
          136.107835,
          35.119397
        ]
      }
    },
    {
      "type": "Feature",
      "properties": {
        "P27_001": "25204",
        "P27_002": "3",
        "P27_003": "99999",
        "P27_004": "03121",
        "P27_005": "サン・ビレッジ近江八幡施設",
        "P27_006": "鷹飼町40",
        "P27_007": 3,
        "P27_008": -99,
        "P27_009": 1999
      },
      "geometry": {
        "type": "Point",
        "coordinates": [
          136.107835,
          35.119343
        ]
      }
    },
    {
      "type": "Feature",
      "properties": {
        "P27_001": "25206",
        "P27_002": "3",
        "P27_003": "99999",
        "P27_004": "03109",
        "P27_005": "総合体育館＆弾正",
        "P27_006": "下笠町161",
        "P27_007": 3,
        "P27_008": -99,
        "P27_009": 9999
      },
      "geometry": {
        "type": "Point",
        "coordinates": [
          135.936293,
          35.031316
        ]
      }
    },
    {
      "type": "Feature",
      "properties": {
        "P27_001": "25206",
        "P27_002": "3",
        "P27_003": "99999",
        "P27_004": "03116",
        "P27_005": "総合体育館＆弾正",
        "P27_006": "下笠町161",
        "P27_007": 3,
        "P27_008": -99,
        "P27_009": 9999
      },
      "geometry": {
        "type": "Point",
        "coordinates": [
          135.936293,
          35.031204
        ]
      }
    },
    {
      "type": "Feature",
      "properties": {
        "P27_001": "25206",
        "P27_002": "3",
        "P27_003": "99999",
        "P27_004": "03129",
        "P27_005": "総合体育館＆弾正",
        "P27_006": "下笠町161",
        "P27_007": 3,
        "P27_008": -99,
        "P27_009": 9999
      },
      "geometry": {
        "type": "Point",
        "coordinates": [
          135.936304,
          35.031087
        ]
      }
    },
    {
      "type": "Feature",
      "properties": {
        "P27_001": "25206",
        "P27_002": "3",
        "P27_003": "99999",
        "P27_004": "03112",
        "P27_005": "総合体育館＆弾正",
        "P27_006": "下笠町161",
        "P27_007": 3,
        "P27_008": -99,
        "P27_009": 9999
      },
      "geometry": {
        "type": "Point",
        "coordinates": [
          135.936304,
          35.03098
        ]
      }
    },
    {
      "type": "Feature",
      "properties": {
        "P27_001": "25206",
        "P27_002": "3",
        "P27_003": "99999",
        "P27_004": "03138",
        "P27_005": "総合体育館＆弾正",
        "P27_006": "下笠町161",
        "P27_007": 3,
        "P27_008": -99,
        "P27_009": 9999
      },
      "geometry": {
        "type": "Point",
        "coordinates": [
          135.933892,
          35.031048
        ]
      }
    },
    {
      "type": "Feature",
      "properties": {
        "P27_001": "25206",
        "P27_002": "3",
        "P27_003": "99999",
        "P27_004": "03115",
        "P27_005": "弾正テニスコート",
        "P27_006": "下笠町161",
        "P27_007": 3,
        "P27_008": -99,
        "P27_009": 9999
      },
      "geometry": {
        "type": "Point",
        "coordinates": [
          135.934605,
          35.03118
        ]
      }
    },
    {
      "type": "Feature",
      "properties": {
        "P27_001": "25206",
        "P27_002": "3",
        "P27_003": "99999",
        "P27_004": "03102",
        "P27_005": "草津グリーンスタジアム",
        "P27_006": "下笠町289-13",
        "P27_007": 3,
        "P27_008": -99,
        "P27_009": 9999
      },
      "geometry": {
        "type": "Point",
        "coordinates": [
          135.936403,
          35.032492
        ]
      }
    },
    {
      "type": "Feature",
      "properties": {
        "P27_001": "25206",
        "P27_002": "3",
        "P27_003": "99999",
        "P27_004": "03104",
        "P27_005": "弾正公園多目的広場",
        "P27_006": "下笠町289-13",
        "P27_007": 3,
        "P27_008": -99,
        "P27_009": 9999
      },
      "geometry": {
        "type": "Point",
        "coordinates": [
          135.934912,
          35.032074
        ]
      }
    },
    {
      "type": "Feature",
      "properties": {
        "P27_001": "25206",
        "P27_002": "3",
        "P27_003": "99999",
        "P27_004": "03101",
        "P27_005": "野村運動公園",
        "P27_006": "野村3-2-5",
        "P27_007": 3,
        "P27_008": -99,
        "P27_009": 9999
      },
      "geometry": {
        "type": "Point",
        "coordinates": [
          135.953865,
          35.023687
        ]
      }
    },
    {
      "type": "Feature",
      "properties": {
        "P27_001": "25206",
        "P27_002": "3",
        "P27_003": "99999",
        "P27_004": "03102",
        "P27_005": "野村運動公園",
        "P27_006": "野村3-2-5",
        "P27_007": 3,
        "P27_008": -99,
        "P27_009": 9999
      },
      "geometry": {
        "type": "Point",
        "coordinates": [
          135.953865,
          35.02356
        ]
      }
    },
    {
      "type": "Feature",
      "properties": {
        "P27_001": "25206",
        "P27_002": "3",
        "P27_003": "99999",
        "P27_004": "03103",
        "P27_005": "野村運動公園",
        "P27_006": "野村3-2-5",
        "P27_007": 3,
        "P27_008": -99,
        "P27_009": 9999
      },
      "geometry": {
        "type": "Point",
        "coordinates": [
          135.953865,
          35.023434
        ]
      }
    },
    {
      "type": "Feature",
      "properties": {
        "P27_001": "25206",
        "P27_002": "3",
        "P27_003": "99999",
        "P27_004": "03109",
        "P27_005": "市民体育館",
        "P27_006": "野村3-2-5",
        "P27_007": 3,
        "P27_008": -99,
        "P27_009": 9999
      },
      "geometry": {
        "type": "Point",
        "coordinates": [
          135.952789,
          35.02375
        ]
      }
    },
    {
      "type": "Feature",
      "properties": {
        "P27_001": "25206",
        "P27_002": "3",
        "P27_003": "99999",
        "P27_004": "03120",
        "P27_005": "市民体育館",
        "P27_006": "野村3-2-5",
        "P27_007": 3,
        "P27_008": -99,
        "P27_009": 9999
      },
      "geometry": {
        "type": "Point",
        "coordinates": [
          135.952789,
          35.023643
        ]
      }
    },
    {
      "type": "Feature",
      "properties": {
        "P27_001": "25206",
        "P27_002": "3",
        "P27_003": "99999",
        "P27_004": "03115",
        "P27_005": "野村テニスコート",
        "P27_006": "野村3-2-5",
        "P27_007": 3,
        "P27_008": -99,
        "P27_009": 9999
      },
      "geometry": {
        "type": "Point",
        "coordinates": [
          135.953383,
          35.024475
        ]
      }
    },
    {
      "type": "Feature",
      "properties": {
        "P27_001": "25206",
        "P27_002": "3",
        "P27_003": "99999",
        "P27_004": "03101",
        "P27_005": "志津運動公園",
        "P27_006": "馬場町1200",
        "P27_007": 3,
        "P27_008": -99,
        "P27_009": 9999
      },
      "geometry": {
        "type": "Point",
        "coordinates": [
          135.981341,
          34.984176
        ]
      }
    },
    {
      "type": "Feature",
      "properties": {
        "P27_001": "25206",
        "P27_002": "3",
        "P27_003": "99999",
        "P27_004": "03102",
        "P27_005": "志津運動公園",
        "P27_006": "馬場町1200",
        "P27_007": 3,
        "P27_008": -99,
        "P27_009": 9999
      },
      "geometry": {
        "type": "Point",
        "coordinates": [
          135.981341,
          34.984303
        ]
      }
    },
    {
      "type": "Feature",
      "properties": {
        "P27_001": "25206",
        "P27_002": "3",
        "P27_003": "99999",
        "P27_004": "03109",
        "P27_005": "ふれあい体育館",
        "P27_006": "草津町1486-1",
        "P27_007": 3,
        "P27_008": -99,
        "P27_009": 9999
      },
      "geometry": {
        "type": "Point",
        "coordinates": [
          135.950456,
          35.019701
        ]
      }
    },
    {
      "type": "Feature",
      "properties": {
        "P27_001": "25206",
        "P27_002": "3",
        "P27_003": "99999",
        "P27_004": "03120",
        "P27_005": "ふれあい体育館",
        "P27_006": "草津町1486-1",
        "P27_007": 3,
        "P27_008": -99,
        "P27_009": 9999
      },
      "geometry": {
        "type": "Point",
        "coordinates": [
          135.950456,
          35.019664
        ]
      }
    },
    {
      "type": "Feature",
      "properties": {
        "P27_001": "25206",
        "P27_002": "3",
        "P27_003": "99999",
        "P27_004": "03101",
        "P27_005": "ふれあい運動場",
        "P27_006": "草津町1486-1",
        "P27_007": 3,
        "P27_008": -99,
        "P27_009": 9999
      },
      "geometry": {
        "type": "Point",
        "coordinates": [
          135.950043,
          35.020158
        ]
      }
    },
    {
      "type": "Feature",
      "properties": {
        "P27_001": "25206",
        "P27_002": "3",
        "P27_003": "99999",
        "P27_004": "03102",
        "P27_005": "ふれあい運動場",
        "P27_006": "草津町1486-1",
        "P27_007": 3,
        "P27_008": -99,
        "P27_009": 9999
      },
      "geometry": {
        "type": "Point",
        "coordinates": [
          135.950043,
          35.020097
        ]
      }
    },
    {
      "type": "Feature",
      "properties": {
        "P27_001": "25206",
        "P27_002": "3",
        "P27_003": "99999",
        "P27_004": "03112",
        "P27_005": "武道館",
        "P27_006": "南山田町683",
        "P27_007": 3,
        "P27_008": -99,
        "P27_009": 9999
      },
      "geometry": {
        "type": "Point",
        "coordinates": [
          135.931922,
          35.024131
        ]
      }
    },
    {
      "type": "Feature",
      "properties": {
        "P27_001": "25206",
        "P27_002": "3",
        "P27_003": "99999",
        "P27_004": "03119",
        "P27_005": "武道館",
        "P27_006": "南山田町683",
        "P27_007": 3,
        "P27_008": -99,
        "P27_009": 9999
      },
      "geometry": {
        "type": "Point",
        "coordinates": [
          135.931922,
          35.024077
        ]
      }
    },
    {
      "type": "Feature",
      "properties": {
        "P27_001": "25206",
        "P27_002": "3",
        "P27_003": "99999",
        "P27_004": "03103",
        "P27_005": "三ツ池運動公園",
        "P27_006": "西矢倉1-3-1",
        "P27_007": 3,
        "P27_008": -99,
        "P27_009": 9999
      },
      "geometry": {
        "type": "Point",
        "coordinates": [
          135.946012,
          35.016472
        ]
      }
    },
    {
      "type": "Feature",
      "properties": {
        "P27_001": "25206",
        "P27_002": "3",
        "P27_003": "99999",
        "P27_004": "03105",
        "P27_005": "ロクハ公園",
        "P27_006": "追分町623",
        "P27_007": 3,
        "P27_008": -99,
        "P27_009": 9999
      },
      "geometry": {
        "type": "Point",
        "coordinates": [
          135.968817,
          34.998754
        ]
      }
    },
    {
      "type": "Feature",
      "properties": {
        "P27_001": "25206",
        "P27_002": "3",
        "P27_003": "99999",
        "P27_004": "03106",
        "P27_005": "ロクハ公園",
        "P27_006": "追分町623",
        "P27_007": 3,
        "P27_008": -99,
        "P27_009": 9999
      },
      "geometry": {
        "type": "Point",
        "coordinates": [
          135.969316,
          34.998453
        ]
      }
    },
    {
      "type": "Feature",
      "properties": {
        "P27_001": "25206",
        "P27_002": "3",
        "P27_003": "99999",
        "P27_004": "03142",
        "P27_005": "ロクハ公園",
        "P27_006": "追分町623",
        "P27_007": 3,
        "P27_008": -99,
        "P27_009": 9999
      },
      "geometry": {
        "type": "Point",
        "coordinates": [
          135.969922,
          34.995814
        ]
      }
    },
    {
      "type": "Feature",
      "properties": {
        "P27_001": "25207",
        "P27_002": "3",
        "P27_003": "99999",
        "P27_004": "03109",
        "P27_005": "守山市民体育館",
        "P27_006": "三宅町100",
        "P27_007": 3,
        "P27_008": -99,
        "P27_009": 9999
      },
      "geometry": {
        "type": "Point",
        "coordinates": [
          135.97875,
          35.065124
        ]
      }
    },
    {
      "type": "Feature",
      "properties": {
        "P27_001": "25207",
        "P27_002": "3",
        "P27_003": "99999",
        "P27_004": "03120",
        "P27_005": "守山市民体育館",
        "P27_006": "三宅町100",
        "P27_007": 3,
        "P27_008": -99,
        "P27_009": 9999
      },
      "geometry": {
        "type": "Point",
        "coordinates": [
          135.97875,
          35.065012
        ]
      }
    },
    {
      "type": "Feature",
      "properties": {
        "P27_001": "25207",
        "P27_002": "3",
        "P27_003": "99999",
        "P27_004": "03116",
        "P27_005": "守山市民体育館",
        "P27_006": "三宅町100",
        "P27_007": 3,
        "P27_008": -99,
        "P27_009": 9999
      },
      "geometry": {
        "type": "Point",
        "coordinates": [
          135.97875,
          35.064896
        ]
      }
    },
    {
      "type": "Feature",
      "properties": {
        "P27_001": "25207",
        "P27_002": "3",
        "P27_003": "99999",
        "P27_004": "03112",
        "P27_005": "守山市民体育館",
        "P27_006": "三宅町100",
        "P27_007": 3,
        "P27_008": -99,
        "P27_009": 9999
      },
      "geometry": {
        "type": "Point",
        "coordinates": [
          135.97875,
          35.064789
        ]
      }
    },
    {
      "type": "Feature",
      "properties": {
        "P27_001": "25207",
        "P27_002": "3",
        "P27_003": "99999",
        "P27_004": "03121",
        "P27_005": "守山市民体育館",
        "P27_006": "三宅町100",
        "P27_007": 3,
        "P27_008": -99,
        "P27_009": 9999
      },
      "geometry": {
        "type": "Point",
        "coordinates": [
          135.97875,
          35.064687
        ]
      }
    },
    {
      "type": "Feature",
      "properties": {
        "P27_001": "25207",
        "P27_002": "3",
        "P27_003": "99999",
        "P27_004": "03102",
        "P27_005": "守山市民球場",
        "P27_006": "石田町335",
        "P27_007": 3,
        "P27_008": -99,
        "P27_009": 9999
      },
      "geometry": {
        "type": "Point",
        "coordinates": [
          135.981152,
          35.067053
        ]
      }
    },
    {
      "type": "Feature",
      "properties": {
        "P27_001": "25207",
        "P27_002": "3",
        "P27_003": "99999",
        "P27_004": "03102",
        "P27_005": "守山市民スポーツ広場",
        "P27_006": "三宅町94",
        "P27_007": 3,
        "P27_008": -99,
        "P27_009": 9999
      },
      "geometry": {
        "type": "Point",
        "coordinates": [
          135.978875,
          35.067458
        ]
      }
    },
    {
      "type": "Feature",
      "properties": {
        "P27_001": "25207",
        "P27_002": "3",
        "P27_003": "99999",
        "P27_004": "03101",
        "P27_005": "守山市民スポーツ広場",
        "P27_006": "三宅町94",
        "P27_007": 3,
        "P27_008": -99,
        "P27_009": 9999
      },
      "geometry": {
        "type": "Point",
        "coordinates": [
          135.978798,
          35.066057
        ]
      }
    },
    {
      "type": "Feature",
      "properties": {
        "P27_001": "25207",
        "P27_002": "3",
        "P27_003": "99999",
        "P27_004": "03103",
        "P27_005": "守山市民スポーツ広場",
        "P27_006": "三宅町94",
        "P27_007": 3,
        "P27_008": -99,
        "P27_009": 9999
      },
      "geometry": {
        "type": "Point",
        "coordinates": [
          135.978798,
          35.066227
        ]
      }
    },
    {
      "type": "Feature",
      "properties": {
        "P27_001": "25207",
        "P27_002": "3",
        "P27_003": "99999",
        "P27_004": "03102",
        "P27_005": "守山市民運動公園ソフトボール場",
        "P27_006": "石田町335",
        "P27_007": 3,
        "P27_008": -99,
        "P27_009": 9999
      },
      "geometry": {
        "type": "Point",
        "coordinates": [
          135.981152,
          35.067053
        ]
      }
    },
    {
      "type": "Feature",
      "properties": {
        "P27_001": "25207",
        "P27_002": "3",
        "P27_003": "99999",
        "P27_004": "03115",
        "P27_005": "守山市民運動公園テニスコート",
        "P27_006": "三宅町100",
        "P27_007": 3,
        "P27_008": -99,
        "P27_009": 9999
      },
      "geometry": {
        "type": "Point",
        "coordinates": [
          135.979795,
          35.064682
        ]
      }
    },
    {
      "type": "Feature",
      "properties": {
        "P27_001": "25207",
        "P27_002": "3",
        "P27_003": "99999",
        "P27_004": "03115",
        "P27_005": "守山町公園テニスコート",
        "P27_006": "守山4地先",
        "P27_007": 4,
        "P27_008": -99,
        "P27_009": 9999
      },
      "geometry": {
        "type": "Point",
        "coordinates": [
          135.990122,
          35.062667
        ]
      }
    },
    {
      "type": "Feature",
      "properties": {
        "P27_001": "25207",
        "P27_002": "3",
        "P27_003": "99999",
        "P27_004": "03102",
        "P27_005": "駅前東口スポーツ広場",
        "P27_006": "浮気町300-14",
        "P27_007": 4,
        "P27_008": -99,
        "P27_009": 9999
      },
      "geometry": {
        "type": "Point",
        "coordinates": [
          135.997975,
          35.051658
        ]
      }
    },
    {
      "type": "Feature",
      "properties": {
        "P27_001": "25207",
        "P27_002": "3",
        "P27_003": "99999",
        "P27_004": "03103",
        "P27_005": "野洲川歴史公園サッカー場ビッグレイク",
        "P27_006": "服部町2439",
        "P27_007": 3,
        "P27_008": -99,
        "P27_009": 9999
      },
      "geometry": {
        "type": "Point",
        "coordinates": [
          135.992375,
          35.109791
        ]
      }
    },
    {
      "type": "Feature",
      "properties": {
        "P27_001": "25207",
        "P27_002": "3",
        "P27_003": "99999",
        "P27_004": "03102",
        "P27_005": "野洲川立入河川公園",
        "P27_006": "立入町地先",
        "P27_007": 3,
        "P27_008": -99,
        "P27_009": 9999
      },
      "geometry": {
        "type": "Point",
        "coordinates": [
          136.010506,
          35.051564
        ]
      }
    },
    {
      "type": "Feature",
      "properties": {
        "P27_001": "25207",
        "P27_002": "3",
        "P27_003": "99999",
        "P27_004": "03103",
        "P27_005": "野洲川立入河川公園",
        "P27_006": "立入町地先",
        "P27_007": 3,
        "P27_008": -99,
        "P27_009": 9999
      },
      "geometry": {
        "type": "Point",
        "coordinates": [
          136.009864,
          35.052595
        ]
      }
    },
    {
      "type": "Feature",
      "properties": {
        "P27_001": "25208",
        "P27_002": "3",
        "P27_003": "99999",
        "P27_004": "03109",
        "P27_005": "栗東市民体育館",
        "P27_006": "川辺390-1",
        "P27_007": 3,
        "P27_008": -99,
        "P27_009": 9999
      },
      "geometry": {
        "type": "Point",
        "coordinates": [
          135.991521,
          35.016925
        ]
      }
    },
    {
      "type": "Feature",
      "properties": {
        "P27_001": "25208",
        "P27_002": "3",
        "P27_003": "99999",
        "P27_004": "03120",
        "P27_005": "栗東市民体育館",
        "P27_006": "川辺390-1",
        "P27_007": 3,
        "P27_008": -99,
        "P27_009": 9999
      },
      "geometry": {
        "type": "Point",
        "coordinates": [
          135.99152,
          35.016889
        ]
      }
    },
    {
      "type": "Feature",
      "properties": {
        "P27_001": "25208",
        "P27_002": "3",
        "P27_003": "99999",
        "P27_004": "03129",
        "P27_005": "栗東市民体育館",
        "P27_006": "川辺390-1",
        "P27_007": 3,
        "P27_008": -99,
        "P27_009": 9999
      },
      "geometry": {
        "type": "Point",
        "coordinates": [
          135.99152,
          35.01685
        ]
      }
    },
    {
      "type": "Feature",
      "properties": {
        "P27_001": "25208",
        "P27_002": "3",
        "P27_003": "99999",
        "P27_004": "03102",
        "P27_005": "栗東運動公園",
        "P27_006": "川辺390-1",
        "P27_007": 4,
        "P27_008": -99,
        "P27_009": 9999
      },
      "geometry": {
        "type": "Point",
        "coordinates": [
          135.990624,
          35.016552
        ]
      }
    },
    {
      "type": "Feature",
      "properties": {
        "P27_001": "25208",
        "P27_002": "3",
        "P27_003": "99999",
        "P27_004": "03115",
        "P27_005": "栗東運動公園",
        "P27_006": "川辺390-1",
        "P27_007": 4,
        "P27_008": -99,
        "P27_009": 9999
      },
      "geometry": {
        "type": "Point",
        "coordinates": [
          135.991967,
          35.01715
        ]
      }
    },
    {
      "type": "Feature",
      "properties": {
        "P27_001": "25208",
        "P27_002": "3",
        "P27_003": "99999",
        "P27_004": "03121",
        "P27_005": "栗東運動公園",
        "P27_006": "川辺390-1",
        "P27_007": 4,
        "P27_008": -99,
        "P27_009": 9999
      },
      "geometry": {
        "type": "Point",
        "coordinates": [
          135.991592,
          35.017306
        ]
      }
    },
    {
      "type": "Feature",
      "properties": {
        "P27_001": "25208",
        "P27_002": "3",
        "P27_003": "99999",
        "P27_004": "03104",
        "P27_005": "栗東運動公園",
        "P27_006": "川辺390-1",
        "P27_007": 4,
        "P27_008": -99,
        "P27_009": 9999
      },
      "geometry": {
        "type": "Point",
        "coordinates": [
          135.990624,
          35.016279
        ]
      }
    },
    {
      "type": "Feature",
      "properties": {
        "P27_001": "25208",
        "P27_002": "3",
        "P27_003": "99999",
        "P27_004": "03109",
        "P27_005": "十里体育館",
        "P27_006": "十里405-1",
        "P27_007": 3,
        "P27_008": -99,
        "P27_009": 9999
      },
      "geometry": {
        "type": "Point",
        "coordinates": [
          135.96111,
          35.046502
        ]
      }
    },
    {
      "type": "Feature",
      "properties": {
        "P27_001": "25208",
        "P27_002": "3",
        "P27_003": "99999",
        "P27_004": "03120",
        "P27_005": "十里体育館",
        "P27_006": "十里405-1",
        "P27_007": 3,
        "P27_008": -99,
        "P27_009": 9999
      },
      "geometry": {
        "type": "Point",
        "coordinates": [
          135.96111,
          35.046484
        ]
      }
    },
    {
      "type": "Feature",
      "properties": {
        "P27_001": "25208",
        "P27_002": "3",
        "P27_003": "99999",
        "P27_004": "03115",
        "P27_005": "大宝テニスコート",
        "P27_006": "綣7-990-1",
        "P27_007": 3,
        "P27_008": -99,
        "P27_009": 9999
      },
      "geometry": {
        "type": "Point",
        "coordinates": [
          135.980382,
          35.03986
        ]
      }
    },
    {
      "type": "Feature",
      "properties": {
        "P27_001": "25208",
        "P27_002": "3",
        "P27_003": "99999",
        "P27_004": "03109",
        "P27_005": "野洲川体育館",
        "P27_006": "出庭2083（野洲川河川敷）",
        "P27_007": 3,
        "P27_008": -99,
        "P27_009": 9999
      },
      "geometry": {
        "type": "Point",
        "coordinates": [
          136.011699,
          35.0476
        ]
      }
    },
    {
      "type": "Feature",
      "properties": {
        "P27_001": "25208",
        "P27_002": "3",
        "P27_003": "99999",
        "P27_004": "03120",
        "P27_005": "野洲川体育館",
        "P27_006": "出庭2083（野洲川河川敷）",
        "P27_007": 3,
        "P27_008": -99,
        "P27_009": 9999
      },
      "geometry": {
        "type": "Point",
        "coordinates": [
          136.011696,
          35.047554
        ]
      }
    },
    {
      "type": "Feature",
      "properties": {
        "P27_001": "25208",
        "P27_002": "3",
        "P27_003": "99999",
        "P27_004": "03109",
        "P27_005": "治田西スポーツセンター",
        "P27_006": "小柿1-1-11",
        "P27_007": 3,
        "P27_008": -99,
        "P27_009": 9999
      },
      "geometry": {
        "type": "Point",
        "coordinates": [
          135.978599,
          35.026135
        ]
      }
    },
    {
      "type": "Feature",
      "properties": {
        "P27_001": "25208",
        "P27_002": "3",
        "P27_003": "99999",
        "P27_004": "03120",
        "P27_005": "治田西スポーツセンター",
        "P27_006": "小柿1-1-11",
        "P27_007": 3,
        "P27_008": -99,
        "P27_009": 9999
      },
      "geometry": {
        "type": "Point",
        "coordinates": [
          135.978599,
          35.026103
        ]
      }
    },
    {
      "type": "Feature",
      "properties": {
        "P27_001": "25208",
        "P27_002": "3",
        "P27_003": "99999",
        "P27_004": "03102",
        "P27_005": "平谷球場",
        "P27_006": "観音寺459-2",
        "P27_007": 3,
        "P27_008": -99,
        "P27_009": 9999
      },
      "geometry": {
        "type": "Point",
        "coordinates": [
          136.042459,
          34.963975
        ]
      }
    },
    {
      "type": "Feature",
      "properties": {
        "P27_001": "25208",
        "P27_002": "3",
        "P27_003": "99999",
        "P27_004": "03101",
        "P27_005": "野洲川運動公園",
        "P27_006": "出庭2083（野洲川河川敷）",
        "P27_007": 3,
        "P27_008": -99,
        "P27_009": 9999
      },
      "geometry": {
        "type": "Point",
        "coordinates": [
          136.013259,
          35.047875
        ]
      }
    },
    {
      "type": "Feature",
      "properties": {
        "P27_001": "25208",
        "P27_002": "3",
        "P27_003": "99999",
        "P27_004": "03102",
        "P27_005": "野洲川運動公園",
        "P27_006": "出庭2083（野洲川河川敷）",
        "P27_007": 3,
        "P27_008": -99,
        "P27_009": 9999
      },
      "geometry": {
        "type": "Point",
        "coordinates": [
          136.014412,
          35.046591
        ]
      }
    },
    {
      "type": "Feature",
      "properties": {
        "P27_001": "25208",
        "P27_002": "3",
        "P27_003": "99999",
        "P27_004": "03115",
        "P27_005": "野洲川運動公園",
        "P27_006": "出庭2083（野洲川河川敷）",
        "P27_007": 3,
        "P27_008": -99,
        "P27_009": 9999
      },
      "geometry": {
        "type": "Point",
        "coordinates": [
          136.016158,
          35.045316
        ]
      }
    },
    {
      "type": "Feature",
      "properties": {
        "P27_001": "25210",
        "P27_002": "3",
        "P27_003": "99999",
        "P27_004": "03101",
        "P27_005": "野洲市野洲川河川公園",
        "P27_006": "三上2224",
        "P27_007": 3,
        "P27_008": -99,
        "P27_009": 9999
      },
      "geometry": {
        "type": "Point",
        "coordinates": [
          136.018666,
          35.050419
        ]
      }
    },
    {
      "type": "Feature",
      "properties": {
        "P27_001": "25210",
        "P27_002": "3",
        "P27_003": "99999",
        "P27_004": "03102",
        "P27_005": "野洲市野洲川河川公園",
        "P27_006": "三上2224",
        "P27_007": 3,
        "P27_008": -99,
        "P27_009": 9999
      },
      "geometry": {
        "type": "Point",
        "coordinates": [
          136.01995,
          35.048833
        ]
      }
    },
    {
      "type": "Feature",
      "properties": {
        "P27_001": "25210",
        "P27_002": "3",
        "P27_003": "99999",
        "P27_004": "03104",
        "P27_005": "野洲市野洲川河川公園",
        "P27_006": "三上2224",
        "P27_007": 3,
        "P27_008": -99,
        "P27_009": 9999
      },
      "geometry": {
        "type": "Point",
        "coordinates": [
          136.020758,
          35.047743
        ]
      }
    },
    {
      "type": "Feature",
      "properties": {
        "P27_001": "25210",
        "P27_002": "3",
        "P27_003": "99999",
        "P27_004": "03115",
        "P27_005": "野洲市野洲川河川公園",
        "P27_006": "三上2224",
        "P27_007": 3,
        "P27_008": -99,
        "P27_009": 9999
      },
      "geometry": {
        "type": "Point",
        "coordinates": [
          136.017026,
          35.051868
        ]
      }
    },
    {
      "type": "Feature",
      "properties": {
        "P27_001": "25210",
        "P27_002": "3",
        "P27_003": "99999",
        "P27_004": "03138",
        "P27_005": "野洲市野洲川河川公園",
        "P27_006": "三上2224",
        "P27_007": 3,
        "P27_008": -99,
        "P27_009": 9999
      },
      "geometry": {
        "type": "Point",
        "coordinates": [
          136.02077,
          35.04751
        ]
      }
    },
    {
      "type": "Feature",
      "properties": {
        "P27_001": "25210",
        "P27_002": "3",
        "P27_003": "99999",
        "P27_004": "03109",
        "P27_005": "野州市総合体育館",
        "P27_006": "冨波甲1339",
        "P27_007": 3,
        "P27_008": -99,
        "P27_009": 9999
      },
      "geometry": {
        "type": "Point",
        "coordinates": [
          136.029053,
          35.088636
        ]
      }
    },
    {
      "type": "Feature",
      "properties": {
        "P27_001": "25210",
        "P27_002": "3",
        "P27_003": "99999",
        "P27_004": "03120",
        "P27_005": "野州市総合体育館",
        "P27_006": "冨波甲1339",
        "P27_007": 3,
        "P27_008": -99,
        "P27_009": 9999
      },
      "geometry": {
        "type": "Point",
        "coordinates": [
          136.029053,
          35.088554
        ]
      }
    },
    {
      "type": "Feature",
      "properties": {
        "P27_001": "25210",
        "P27_002": "3",
        "P27_003": "99999",
        "P27_004": "03116",
        "P27_005": "野州市総合体育館",
        "P27_006": "冨波甲1339",
        "P27_007": 3,
        "P27_008": -99,
        "P27_009": 9999
      },
      "geometry": {
        "type": "Point",
        "coordinates": [
          136.029053,
          35.088471
        ]
      }
    },
    {
      "type": "Feature",
      "properties": {
        "P27_001": "25210",
        "P27_002": "3",
        "P27_003": "99999",
        "P27_004": "03112",
        "P27_005": "野州市総合体育館",
        "P27_006": "冨波甲1339",
        "P27_007": 3,
        "P27_008": -99,
        "P27_009": 9999
      },
      "geometry": {
        "type": "Point",
        "coordinates": [
          136.029053,
          35.088383
        ]
      }
    },
    {
      "type": "Feature",
      "properties": {
        "P27_001": "25210",
        "P27_002": "3",
        "P27_003": "99999",
        "P27_004": "03129",
        "P27_005": "野州市総合体育館",
        "P27_006": "冨波甲1339",
        "P27_007": 3,
        "P27_008": -99,
        "P27_009": 9999
      },
      "geometry": {
        "type": "Point",
        "coordinates": [
          136.029053,
          35.088291
        ]
      }
    },
    {
      "type": "Feature",
      "properties": {
        "P27_001": "25210",
        "P27_002": "3",
        "P27_003": "99999",
        "P27_004": "03105",
        "P27_005": "野洲市総合体育館（温水プール）",
        "P27_006": "冨波甲1339",
        "P27_007": 3,
        "P27_008": -99,
        "P27_009": 9999
      },
      "geometry": {
        "type": "Point",
        "coordinates": [
          136.029368,
          35.088986
        ]
      }
    },
    {
      "type": "Feature",
      "properties": {
        "P27_001": "25210",
        "P27_002": "3",
        "P27_003": "99999",
        "P27_004": "03109",
        "P27_005": "野洲市体育センター",
        "P27_006": "大篠原3333-6",
        "P27_007": 3,
        "P27_008": -99,
        "P27_009": 9999
      },
      "geometry": {
        "type": "Point",
        "coordinates": [
          136.073931,
          35.078284
        ]
      }
    },
    {
      "type": "Feature",
      "properties": {
        "P27_001": "25210",
        "P27_002": "3",
        "P27_003": "99999",
        "P27_004": "03116",
        "P27_005": "野洲市体育センター",
        "P27_006": "大篠原3333-6",
        "P27_007": 3,
        "P27_008": -99,
        "P27_009": 9999
      },
      "geometry": {
        "type": "Point",
        "coordinates": [
          136.073931,
          35.07823
        ]
      }
    },
    {
      "type": "Feature",
      "properties": {
        "P27_001": "25210",
        "P27_002": "3",
        "P27_003": "99999",
        "P27_004": "03115",
        "P27_005": "野洲市体育センター",
        "P27_006": "大篠原3333-6",
        "P27_007": 3,
        "P27_008": -99,
        "P27_009": 9999
      },
      "geometry": {
        "type": "Point",
        "coordinates": [
          136.074264,
          35.078335
        ]
      }
    },
    {
      "type": "Feature",
      "properties": {
        "P27_001": "25210",
        "P27_002": "3",
        "P27_003": "99999",
        "P27_004": "03120",
        "P27_005": "野洲市体育センター",
        "P27_006": "大篠原3333-6",
        "P27_007": 3,
        "P27_008": -99,
        "P27_009": 9999
      },
      "geometry": {
        "type": "Point",
        "coordinates": [
          136.073928,
          35.078175
        ]
      }
    },
    {
      "type": "Feature",
      "properties": {
        "P27_001": "25210",
        "P27_002": "3",
        "P27_003": "99999",
        "P27_004": "03109",
        "P27_005": "野洲市中主Ｂ＆Ｇセンター",
        "P27_006": "六条460",
        "P27_007": 3,
        "P27_008": -99,
        "P27_009": 9999
      },
      "geometry": {
        "type": "Point",
        "coordinates": [
          136.009592,
          35.113612
        ]
      }
    },
    {
      "type": "Feature",
      "properties": {
        "P27_001": "25210",
        "P27_002": "3",
        "P27_003": "99999",
        "P27_004": "03104",
        "P27_005": "野洲市中主Ｂ＆Ｇセンター",
        "P27_006": "六条460",
        "P27_007": 3,
        "P27_008": -99,
        "P27_009": 9999
      },
      "geometry": {
        "type": "Point",
        "coordinates": [
          136.010555,
          35.11405
        ]
      }
    },
    {
      "type": "Feature",
      "properties": {
        "P27_001": "25210",
        "P27_002": "3",
        "P27_003": "99999",
        "P27_004": "03105",
        "P27_005": "野洲市中主Ｂ＆Ｇセンター",
        "P27_006": "六条460",
        "P27_007": 3,
        "P27_008": -99,
        "P27_009": 9999
      },
      "geometry": {
        "type": "Point",
        "coordinates": [
          136.010079,
          35.113466
        ]
      }
    },
    {
      "type": "Feature",
      "properties": {
        "P27_001": "25209",
        "P27_002": "3",
        "P27_003": "99999",
        "P27_004": "03101",
        "P27_005": "甲賀市水口スポーツの森",
        "P27_006": "水口町北内貴230",
        "P27_007": 3,
        "P27_008": -99,
        "P27_009": 9999
      },
      "geometry": {
        "type": "Point",
        "coordinates": [
          136.163856,
          34.960712
        ]
      }
    },
    {
      "type": "Feature",
      "properties": {
        "P27_001": "25209",
        "P27_002": "3",
        "P27_003": "99999",
        "P27_004": "03104",
        "P27_005": "甲賀市水口スポーツの森",
        "P27_006": "水口町北内貴230",
        "P27_007": 3,
        "P27_008": -99,
        "P27_009": 9999
      },
      "geometry": {
        "type": "Point",
        "coordinates": [
          136.161985,
          34.960688
        ]
      }
    },
    {
      "type": "Feature",
      "properties": {
        "P27_001": "25209",
        "P27_002": "3",
        "P27_003": "99999",
        "P27_004": "03102",
        "P27_005": "甲賀市水口スポーツの森",
        "P27_006": "水口町北内貴230",
        "P27_007": 3,
        "P27_008": -99,
        "P27_009": 9999
      },
      "geometry": {
        "type": "Point",
        "coordinates": [
          136.160303,
          34.960907
        ]
      }
    },
    {
      "type": "Feature",
      "properties": {
        "P27_001": "25209",
        "P27_002": "3",
        "P27_003": "99999",
        "P27_004": "03115",
        "P27_005": "甲賀市水口スポーツの森",
        "P27_006": "水口町北内貴230",
        "P27_007": 3,
        "P27_008": -99,
        "P27_009": 9999
      },
      "geometry": {
        "type": "Point",
        "coordinates": [
          136.162127,
          34.959222
        ]
      }
    },
    {
      "type": "Feature",
      "properties": {
        "P27_001": "25209",
        "P27_002": "3",
        "P27_003": "99999",
        "P27_004": "03106",
        "P27_005": "甲賀市水口スポーツの森",
        "P27_006": "水口町北内貴230",
        "P27_007": 3,
        "P27_008": -99,
        "P27_009": 9999
      },
      "geometry": {
        "type": "Point",
        "coordinates": [
          136.162704,
          34.95985
        ]
      }
    },
    {
      "type": "Feature",
      "properties": {
        "P27_001": "25209",
        "P27_002": "3",
        "P27_003": "99999",
        "P27_004": "03142",
        "P27_005": "甲賀市水口スポーツの森",
        "P27_006": "水口町北内貴230",
        "P27_007": 3,
        "P27_008": -99,
        "P27_009": 9999
      },
      "geometry": {
        "type": "Point",
        "coordinates": [
          136.163648,
          34.95855
        ]
      }
    },
    {
      "type": "Feature",
      "properties": {
        "P27_001": "25211",
        "P27_002": "3",
        "P27_003": "99999",
        "P27_004": "03109",
        "P27_005": "雨山体育館",
        "P27_006": "雨山2-1-1",
        "P27_007": 3,
        "P27_008": -99,
        "P27_009": 9999
      },
      "geometry": {
        "type": "Point",
        "coordinates": [
          136.043289,
          35.006037
        ]
      }
    },
    {
      "type": "Feature",
      "properties": {
        "P27_001": "25211",
        "P27_002": "3",
        "P27_003": "99999",
        "P27_004": "03109",
        "P27_005": "雨山第二体育館",
        "P27_006": "雨山2-1-1",
        "P27_007": 3,
        "P27_008": -99,
        "P27_009": 9999
      },
      "geometry": {
        "type": "Point",
        "coordinates": [
          136.043449,
          35.005433
        ]
      }
    },
    {
      "type": "Feature",
      "properties": {
        "P27_001": "25211",
        "P27_002": "3",
        "P27_003": "99999",
        "P27_004": "03120",
        "P27_005": "雨山第二体育館",
        "P27_006": "雨山2-1-1",
        "P27_007": 3,
        "P27_008": -99,
        "P27_009": 9999
      },
      "geometry": {
        "type": "Point",
        "coordinates": [
          136.043449,
          35.005355
        ]
      }
    },
    {
      "type": "Feature",
      "properties": {
        "P27_001": "25211",
        "P27_002": "3",
        "P27_003": "99999",
        "P27_004": "03111",
        "P27_005": "雨山第二体育館",
        "P27_006": "雨山2-1-1",
        "P27_007": 3,
        "P27_008": -99,
        "P27_009": 9999
      },
      "geometry": {
        "type": "Point",
        "coordinates": [
          136.043443,
          35.005268
        ]
      }
    },
    {
      "type": "Feature",
      "properties": {
        "P27_001": "25211",
        "P27_002": "3",
        "P27_003": "99999",
        "P27_004": "03106",
        "P27_005": "雨山市民プール",
        "P27_006": "雨山2-1-1",
        "P27_007": 4,
        "P27_008": -99,
        "P27_009": 9999
      },
      "geometry": {
        "type": "Point",
        "coordinates": [
          136.042671,
          35.004903
        ]
      }
    },
    {
      "type": "Feature",
      "properties": {
        "P27_001": "25211",
        "P27_002": "3",
        "P27_003": "99999",
        "P27_004": "03146",
        "P27_005": "雨山ランニングコース",
        "P27_006": "雨山2-3887-30～宝来坂4-3877-16",
        "P27_007": 4,
        "P27_008": -99,
        "P27_009": 9999
      },
      "geometry": {
        "type": "Point",
        "coordinates": [
          136.043567,
          35.00466
        ]
      }
    },
    {
      "type": "Feature",
      "properties": {
        "P27_001": "25211",
        "P27_002": "3",
        "P27_003": "99999",
        "P27_004": "03143",
        "P27_005": "雨山ハイキングコース",
        "P27_006": "石部3877-6",
        "P27_007": 4,
        "P27_008": -99,
        "P27_009": 9999
      },
      "geometry": {
        "type": "Point",
        "coordinates": [
          136.043593,
          35.004115
        ]
      }
    },
    {
      "type": "Feature",
      "properties": {
        "P27_001": "25211",
        "P27_002": "3",
        "P27_003": "99999",
        "P27_004": "03101",
        "P27_005": "雨山総合グラウンド",
        "P27_006": "雨山2-3877-38",
        "P27_007": 3,
        "P27_008": -99,
        "P27_009": 9999
      },
      "geometry": {
        "type": "Point",
        "coordinates": [
          136.044295,
          35.00534
        ]
      }
    },
    {
      "type": "Feature",
      "properties": {
        "P27_001": "25211",
        "P27_002": "3",
        "P27_003": "99999",
        "P27_004": "03102",
        "P27_005": "雨山総合グラウンド",
        "P27_006": "雨山2-3877-38",
        "P27_007": 3,
        "P27_008": -99,
        "P27_009": 9999
      },
      "geometry": {
        "type": "Point",
        "coordinates": [
          136.044292,
          35.005197
        ]
      }
    },
    {
      "type": "Feature",
      "properties": {
        "P27_001": "25211",
        "P27_002": "3",
        "P27_003": "99999",
        "P27_004": "03103",
        "P27_005": "雨山総合グラウンド",
        "P27_006": "雨山2-3877-38",
        "P27_007": 3,
        "P27_008": -99,
        "P27_009": 9999
      },
      "geometry": {
        "type": "Point",
        "coordinates": [
          136.044289,
          35.005048
        ]
      }
    },
    {
      "type": "Feature",
      "properties": {
        "P27_001": "25211",
        "P27_002": "3",
        "P27_003": "99999",
        "P27_004": "03115",
        "P27_005": "雨山テニスコート",
        "P27_006": "雨山2-3877-30",
        "P27_007": 3,
        "P27_008": -99,
        "P27_009": 9999
      },
      "geometry": {
        "type": "Point",
        "coordinates": [
          136.042839,
          35.0061
        ]
      }
    },
    {
      "type": "Feature",
      "properties": {
        "P27_001": "25211",
        "P27_002": "3",
        "P27_003": "99999",
        "P27_004": "03142",
        "P27_005": "雨山キャンプ場",
        "P27_006": "雨山2-1-1",
        "P27_007": 3,
        "P27_008": -99,
        "P27_009": 9999
      },
      "geometry": {
        "type": "Point",
        "coordinates": [
          136.043051,
          35.004329
        ]
      }
    },
    {
      "type": "Feature",
      "properties": {
        "P27_001": "25211",
        "P27_002": "3",
        "P27_003": "99999",
        "P27_004": "03109",
        "P27_005": "総合体育館",
        "P27_006": "夏見589",
        "P27_007": 3,
        "P27_008": -99,
        "P27_009": 9999
      },
      "geometry": {
        "type": "Point",
        "coordinates": [
          136.096641,
          34.998309
        ]
      }
    },
    {
      "type": "Feature",
      "properties": {
        "P27_001": "25211",
        "P27_002": "3",
        "P27_003": "99999",
        "P27_004": "03110",
        "P27_005": "総合体育館",
        "P27_006": "夏見589",
        "P27_007": 3,
        "P27_008": -99,
        "P27_009": 9999
      },
      "geometry": {
        "type": "Point",
        "coordinates": [
          136.096641,
          34.998222
        ]
      }
    },
    {
      "type": "Feature",
      "properties": {
        "P27_001": "25211",
        "P27_002": "3",
        "P27_003": "99999",
        "P27_004": "03111",
        "P27_005": "総合体育館",
        "P27_006": "夏見589",
        "P27_007": 3,
        "P27_008": -99,
        "P27_009": 9999
      },
      "geometry": {
        "type": "Point",
        "coordinates": [
          136.096641,
          34.998144
        ]
      }
    },
    {
      "type": "Feature",
      "properties": {
        "P27_001": "25211",
        "P27_002": "3",
        "P27_003": "99999",
        "P27_004": "03120",
        "P27_005": "総合体育館",
        "P27_006": "夏見589",
        "P27_007": 3,
        "P27_008": -99,
        "P27_009": 9999
      },
      "geometry": {
        "type": "Point",
        "coordinates": [
          136.096641,
          34.998056
        ]
      }
    },
    {
      "type": "Feature",
      "properties": {
        "P27_001": "25211",
        "P27_002": "3",
        "P27_003": "99999",
        "P27_004": "03116",
        "P27_005": "総合体育館",
        "P27_006": "夏見589",
        "P27_007": 3,
        "P27_008": -99,
        "P27_009": 9999
      },
      "geometry": {
        "type": "Point",
        "coordinates": [
          136.096641,
          34.997968
        ]
      }
    },
    {
      "type": "Feature",
      "properties": {
        "P27_001": "25211",
        "P27_002": "3",
        "P27_003": "99999",
        "P27_004": "03129",
        "P27_005": "総合体育館",
        "P27_006": "夏見589",
        "P27_007": 3,
        "P27_008": -99,
        "P27_009": 9999
      },
      "geometry": {
        "type": "Point",
        "coordinates": [
          136.096635,
          34.997881
        ]
      }
    },
    {
      "type": "Feature",
      "properties": {
        "P27_001": "25211",
        "P27_002": "3",
        "P27_003": "99999",
        "P27_004": "03109",
        "P27_005": "水戸体育館",
        "P27_006": "梅影町4-2",
        "P27_007": 3,
        "P27_008": -99,
        "P27_009": 9999
      },
      "geometry": {
        "type": "Point",
        "coordinates": [
          136.126401,
          35.012493
        ]
      }
    },
    {
      "type": "Feature",
      "properties": {
        "P27_001": "25211",
        "P27_002": "3",
        "P27_003": "99999",
        "P27_004": "03120",
        "P27_005": "水戸体育館",
        "P27_006": "梅影町4-2",
        "P27_007": 3,
        "P27_008": -99,
        "P27_009": 9999
      },
      "geometry": {
        "type": "Point",
        "coordinates": [
          136.126401,
          35.012449
        ]
      }
    },
    {
      "type": "Feature",
      "properties": {
        "P27_001": "25211",
        "P27_002": "3",
        "P27_003": "99999",
        "P27_004": "03101",
        "P27_005": "湖南市民グラウンド",
        "P27_006": "高松町7",
        "P27_007": 3,
        "P27_008": -99,
        "P27_009": 9999
      },
      "geometry": {
        "type": "Point",
        "coordinates": [
          136.129829,
          35.01739
        ]
      }
    },
    {
      "type": "Feature",
      "properties": {
        "P27_001": "25211",
        "P27_002": "3",
        "P27_003": "99999",
        "P27_004": "03102",
        "P27_005": "湖南市民グラウンド",
        "P27_006": "高松町7",
        "P27_007": 3,
        "P27_008": -99,
        "P27_009": 9999
      },
      "geometry": {
        "type": "Point",
        "coordinates": [
          136.129639,
          35.018685
        ]
      }
    },
    {
      "type": "Feature",
      "properties": {
        "P27_001": "25211",
        "P27_002": "3",
        "P27_003": "99999",
        "P27_004": "03104",
        "P27_005": "総合スポーツ施設（サンビレッジ甲西）",
        "P27_006": "夏見2056",
        "P27_007": 3,
        "P27_008": -99,
        "P27_009": 9999
      },
      "geometry": {
        "type": "Point",
        "coordinates": [
          136.09499,
          34.987312
        ]
      }
    },
    {
      "type": "Feature",
      "properties": {
        "P27_001": "25211",
        "P27_002": "3",
        "P27_003": "99999",
        "P27_004": "03115",
        "P27_005": "総合スポーツ施設（サンビレッジ甲西）",
        "P27_006": "夏見2056",
        "P27_007": 3,
        "P27_008": -99,
        "P27_009": 9999
      },
      "geometry": {
        "type": "Point",
        "coordinates": [
          136.095632,
          34.986757
        ]
      }
    },
    {
      "type": "Feature",
      "properties": {
        "P27_001": "25211",
        "P27_002": "3",
        "P27_003": "99999",
        "P27_004": "03115",
        "P27_005": "田代ヶ池テニスコート",
        "P27_006": "水戸町32",
        "P27_007": 3,
        "P27_008": -99,
        "P27_009": 9999
      },
      "geometry": {
        "type": "Point",
        "coordinates": [
          136.123764,
          35.013006
        ]
      }
    },
    {
      "type": "Feature",
      "properties": {
        "P27_001": "25211",
        "P27_002": "3",
        "P27_003": "99999",
        "P27_004": "03142",
        "P27_005": "青少年自然道場",
        "P27_006": "吉永251",
        "P27_007": 3,
        "P27_008": -99,
        "P27_009": 9999
      },
      "geometry": {
        "type": "Point",
        "coordinates": [
          136.097948,
          34.98027
        ]
      }
    },
    {
      "type": "Feature",
      "properties": {
        "P27_001": "25211",
        "P27_002": "3",
        "P27_003": "99999",
        "P27_004": "03102",
        "P27_005": "野洲川運動公園",
        "P27_006": "中央3-1地先",
        "P27_007": 3,
        "P27_008": -99,
        "P27_009": 9999
      },
      "geometry": {
        "type": "Point",
        "coordinates": [
          136.081728,
          35.009856
        ]
      }
    },
    {
      "type": "Feature",
      "properties": {
        "P27_001": "25211",
        "P27_002": "3",
        "P27_003": "99999",
        "P27_004": "03104",
        "P27_005": "野洲川運動公園",
        "P27_006": "中央3-1地先",
        "P27_007": 3,
        "P27_008": -99,
        "P27_009": 9999
      },
      "geometry": {
        "type": "Point",
        "coordinates": [
          136.075846,
          35.012532
        ]
      }
    },
    {
      "type": "Feature",
      "properties": {
        "P27_001": "25211",
        "P27_002": "3",
        "P27_003": "99999",
        "P27_004": "03103",
        "P27_005": "野洲川運動公園",
        "P27_006": "中央3-1地先",
        "P27_007": 3,
        "P27_008": -99,
        "P27_009": 9999
      },
      "geometry": {
        "type": "Point",
        "coordinates": [
          136.080005,
          35.010625
        ]
      }
    },
    {
      "type": "Feature",
      "properties": {
        "P27_001": "25211",
        "P27_002": "3",
        "P27_003": "99999",
        "P27_004": "03115",
        "P27_005": "野洲川運動公園",
        "P27_006": "中央3-1地先",
        "P27_007": 3,
        "P27_008": -99,
        "P27_009": 9999
      },
      "geometry": {
        "type": "Point",
        "coordinates": [
          136.07913383728786,
          35.01116684318137
        ]
      }
    },
    {
      "type": "Feature",
      "properties": {
        "P27_001": "25211",
        "P27_002": "3",
        "P27_003": "99999",
        "P27_004": "03101",
        "P27_005": "野洲川親水公園",
        "P27_006": "夏見地先",
        "P27_007": 3,
        "P27_008": -99,
        "P27_009": 9999
      },
      "geometry": {
        "type": "Point",
        "coordinates": [
          136.096642,
          35.000794
        ]
      }
    },
    {
      "type": "Feature",
      "properties": {
        "P27_001": "25211",
        "P27_002": "3",
        "P27_003": "99999",
        "P27_004": "03102",
        "P27_005": "野洲川親水公園",
        "P27_006": "夏見地先",
        "P27_007": 3,
        "P27_008": -99,
        "P27_009": 9999
      },
      "geometry": {
        "type": "Point",
        "coordinates": [
          136.096642,
          35.000682
        ]
      }
    },
    {
      "type": "Feature",
      "properties": {
        "P27_001": "25211",
        "P27_002": "3",
        "P27_003": "99999",
        "P27_004": "03138",
        "P27_005": "野洲川親水公園",
        "P27_006": "夏見地先",
        "P27_007": 3,
        "P27_008": -99,
        "P27_009": 9999
      },
      "geometry": {
        "type": "Point",
        "coordinates": [
          136.095186,
          35.001821
        ]
      }
    },
    {
      "type": "Feature",
      "properties": {
        "P27_001": "25212",
        "P27_002": "3",
        "P27_003": "99999",
        "P27_004": "03109",
        "P27_005": "マキノ土に学ぶ里研修センター",
        "P27_006": "マキノ町蛭口260-1",
        "P27_007": 3,
        "P27_008": -99,
        "P27_009": 9999
      },
      "geometry": {
        "type": "Point",
        "coordinates": [
          136.049508,
          35.46246
        ]
      }
    },
    {
      "type": "Feature",
      "properties": {
        "P27_001": "25212",
        "P27_002": "3",
        "P27_003": "99999",
        "P27_004": "03101",
        "P27_005": "今津総合運動公園",
        "P27_006": "今津町日置前3110",
        "P27_007": 3,
        "P27_008": -99,
        "P27_009": 9999
      },
      "geometry": {
        "type": "Point",
        "coordinates": [
          136.000496,
          35.416152
        ]
      }
    },
    {
      "type": "Feature",
      "properties": {
        "P27_001": "25212",
        "P27_002": "3",
        "P27_003": "99999",
        "P27_004": "03104",
        "P27_005": "今津総合運動公園",
        "P27_006": "今津町日置前3110",
        "P27_007": 3,
        "P27_008": -99,
        "P27_009": 9999
      },
      "geometry": {
        "type": "Point",
        "coordinates": [
          135.998708,
          35.419668
        ]
      }
    },
    {
      "type": "Feature",
      "properties": {
        "P27_001": "25212",
        "P27_002": "3",
        "P27_003": "99999",
        "P27_004": "03102",
        "P27_005": "今津総合運動公園",
        "P27_006": "今津町日置前3110",
        "P27_007": 3,
        "P27_008": -99,
        "P27_009": 9999
      },
      "geometry": {
        "type": "Point",
        "coordinates": [
          135.998642,
          35.416259
        ]
      }
    },
    {
      "type": "Feature",
      "properties": {
        "P27_001": "25212",
        "P27_002": "3",
        "P27_003": "99999",
        "P27_004": "03103",
        "P27_005": "今津総合運動公園",
        "P27_006": "今津町日置前3110",
        "P27_007": 3,
        "P27_008": -99,
        "P27_009": 9999
      },
      "geometry": {
        "type": "Point",
        "coordinates": [
          135.998708,
          35.419566
        ]
      }
    },
    {
      "type": "Feature",
      "properties": {
        "P27_001": "25212",
        "P27_002": "3",
        "P27_003": "99999",
        "P27_004": "03115",
        "P27_005": "今津総合運動公園",
        "P27_006": "今津町日置前3110",
        "P27_007": 3,
        "P27_008": -99,
        "P27_009": 9999
      },
      "geometry": {
        "type": "Point",
        "coordinates": [
          135.998286,
          35.418855
        ]
      }
    },
    {
      "type": "Feature",
      "properties": {
        "P27_001": "25212",
        "P27_002": "3",
        "P27_003": "99999",
        "P27_004": "03105",
        "P27_005": "今津総合運動公園",
        "P27_006": "今津町日置前3110",
        "P27_007": 3,
        "P27_008": -99,
        "P27_009": 9999
      },
      "geometry": {
        "type": "Point",
        "coordinates": [
          135.997537,
          35.419736
        ]
      }
    },
    {
      "type": "Feature",
      "properties": {
        "P27_001": "25212",
        "P27_002": "3",
        "P27_003": "99999",
        "P27_004": "03138",
        "P27_005": "今津総合運動公園",
        "P27_006": "今津町日置前3110",
        "P27_007": 3,
        "P27_008": -99,
        "P27_009": 9999
      },
      "geometry": {
        "type": "Point",
        "coordinates": [
          135.997394,
          35.419155
        ]
      }
    },
    {
      "type": "Feature",
      "properties": {
        "P27_001": "25212",
        "P27_002": "3",
        "P27_003": "99999",
        "P27_004": "03109",
        "P27_005": "今津勤労者体育センター",
        "P27_006": "今津町今津1952-1",
        "P27_007": 3,
        "P27_008": -99,
        "P27_009": 9999
      },
      "geometry": {
        "type": "Point",
        "coordinates": [
          136.030478,
          35.405977
        ]
      }
    },
    {
      "type": "Feature",
      "properties": {
        "P27_001": "25212",
        "P27_002": "3",
        "P27_003": "99999",
        "P27_004": "03109",
        "P27_005": "今津北体育館",
        "P27_006": "今津町日置前100",
        "P27_007": 3,
        "P27_008": -99,
        "P27_009": 9999
      },
      "geometry": {
        "type": "Point",
        "coordinates": [
          136.025462,
          35.422267
        ]
      }
    },
    {
      "type": "Feature",
      "properties": {
        "P27_001": "25212",
        "P27_002": "3",
        "P27_003": "99999",
        "P27_004": "03109",
        "P27_005": "今津上体育館",
        "P27_006": "今津町上弘部486",
        "P27_007": 3,
        "P27_008": -99,
        "P27_009": 9999
      },
      "geometry": {
        "type": "Point",
        "coordinates": [
          136.007956,
          35.407773
        ]
      }
    },
    {
      "type": "Feature",
      "properties": {
        "P27_001": "25212",
        "P27_002": "3",
        "P27_003": "99999",
        "P27_004": "03109",
        "P27_005": "高島市グリーンパーク想い出の森施設体育館",
        "P27_006": "朽木柏341-3",
        "P27_007": 3,
        "P27_008": -99,
        "P27_009": 9999
      },
      "geometry": {
        "type": "Point",
        "coordinates": [
          135.917534,
          35.338363
        ]
      }
    },
    {
      "type": "Feature",
      "properties": {
        "P27_001": "25212",
        "P27_002": "3",
        "P27_003": "99999",
        "P27_004": "03141",
        "P27_005": "朽木スキー場",
        "P27_006": "朽木宮前坊180-1",
        "P27_007": 4,
        "P27_008": -99,
        "P27_009": 9999
      },
      "geometry": {
        "type": "Point",
        "coordinates": [
          135.939767,
          35.329064
        ]
      }
    },
    {
      "type": "Feature",
      "properties": {
        "P27_001": "25212",
        "P27_002": "3",
        "P27_003": "99999",
        "P27_004": "03104",
        "P27_005": "健康の森梅ノ子運動公園",
        "P27_006": "安曇川町南古賀65他",
        "P27_007": 3,
        "P27_008": -99,
        "P27_009": 9999
      },
      "geometry": {
        "type": "Point",
        "coordinates": [
          136.006446,
          35.343723
        ]
      }
    },
    {
      "type": "Feature",
      "properties": {
        "P27_001": "25212",
        "P27_002": "3",
        "P27_003": "99999",
        "P27_004": "03115",
        "P27_005": "健康の森梅ノ子運動公園",
        "P27_006": "安曇川町南古賀65他",
        "P27_007": 3,
        "P27_008": -99,
        "P27_009": 9999
      },
      "geometry": {
        "type": "Point",
        "coordinates": [
          136.004913,
          35.34542
        ]
      }
    },
    {
      "type": "Feature",
      "properties": {
        "P27_001": "25212",
        "P27_002": "3",
        "P27_003": "99999",
        "P27_004": "03138",
        "P27_005": "健康の森梅ノ子運動公園",
        "P27_006": "安曇川町南古賀65他",
        "P27_007": 3,
        "P27_008": -99,
        "P27_009": 9999
      },
      "geometry": {
        "type": "Point",
        "coordinates": [
          136.006375,
          35.345236
        ]
      }
    },
    {
      "type": "Feature",
      "properties": {
        "P27_001": "25212",
        "P27_002": "3",
        "P27_003": "99999",
        "P27_004": "03109",
        "P27_005": "安曇川総合体育館",
        "P27_006": "安曇川町田中630-1",
        "P27_007": 3,
        "P27_008": -99,
        "P27_009": 9999
      },
      "geometry": {
        "type": "Point",
        "coordinates": [
          136.014316,
          35.333549
        ]
      }
    },
    {
      "type": "Feature",
      "properties": {
        "P27_001": "25212",
        "P27_002": "3",
        "P27_003": "99999",
        "P27_004": "03116",
        "P27_005": "安曇川総合体育館",
        "P27_006": "安曇川町田中630-1",
        "P27_007": 3,
        "P27_008": -99,
        "P27_009": 9999
      },
      "geometry": {
        "type": "Point",
        "coordinates": [
          136.014316,
          35.333471
        ]
      }
    },
    {
      "type": "Feature",
      "properties": {
        "P27_001": "25212",
        "P27_002": "3",
        "P27_003": "99999",
        "P27_004": "03120",
        "P27_005": "安曇川総合体育館",
        "P27_006": "安曇川町田中630-1",
        "P27_007": 3,
        "P27_008": -99,
        "P27_009": 9999
      },
      "geometry": {
        "type": "Point",
        "coordinates": [
          136.014316,
          35.333379
        ]
      }
    },
    {
      "type": "Feature",
      "properties": {
        "P27_001": "25212",
        "P27_002": "3",
        "P27_003": "99999",
        "P27_004": "03112",
        "P27_005": "安曇川総合体育館",
        "P27_006": "安曇川町田中630-1",
        "P27_007": 3,
        "P27_008": -99,
        "P27_009": 9999
      },
      "geometry": {
        "type": "Point",
        "coordinates": [
          136.01431,
          35.333287
        ]
      }
    },
    {
      "type": "Feature",
      "properties": {
        "P27_001": "25212",
        "P27_002": "3",
        "P27_003": "99999",
        "P27_004": "03109",
        "P27_005": "高島Ｂ＆Ｇ海洋センター",
        "P27_006": "宮野1516",
        "P27_007": 3,
        "P27_008": -99,
        "P27_009": 9999
      },
      "geometry": {
        "type": "Point",
        "coordinates": [
          136.002926,
          35.306714
        ]
      }
    },
    {
      "type": "Feature",
      "properties": {
        "P27_001": "25212",
        "P27_002": "3",
        "P27_003": "99999",
        "P27_004": "03112",
        "P27_005": "高島Ｂ＆Ｇ海洋センター",
        "P27_006": "宮野1516",
        "P27_007": 3,
        "P27_008": -99,
        "P27_009": 9999
      },
      "geometry": {
        "type": "Point",
        "coordinates": [
          136.002926,
          35.306637
        ]
      }
    },
    {
      "type": "Feature",
      "properties": {
        "P27_001": "25212",
        "P27_002": "3",
        "P27_003": "99999",
        "P27_004": "03120",
        "P27_005": "高島Ｂ＆Ｇ海洋センター",
        "P27_006": "宮野1516",
        "P27_007": 3,
        "P27_008": -99,
        "P27_009": 9999
      },
      "geometry": {
        "type": "Point",
        "coordinates": [
          136.002926,
          35.306554
        ]
      }
    },
    {
      "type": "Feature",
      "properties": {
        "P27_001": "25212",
        "P27_002": "3",
        "P27_003": "99999",
        "P27_004": "03103",
        "P27_005": "高島Ｂ＆Ｇ海洋センター",
        "P27_006": "宮野1516",
        "P27_007": 3,
        "P27_008": -99,
        "P27_009": 9999
      },
      "geometry": {
        "type": "Point",
        "coordinates": [
          136.002926,
          35.306297
        ]
      }
    },
    {
      "type": "Feature",
      "properties": {
        "P27_001": "25212",
        "P27_002": "3",
        "P27_003": "99999",
        "P27_004": "03116",
        "P27_005": "高島Ｂ＆Ｇ海洋センター",
        "P27_006": "宮野1516",
        "P27_007": 3,
        "P27_008": -99,
        "P27_009": 9999
      },
      "geometry": {
        "type": "Point",
        "coordinates": [
          136.002932,
          35.3062
        ]
      }
    },
    {
      "type": "Feature",
      "properties": {
        "P27_001": "25212",
        "P27_002": "3",
        "P27_003": "99999",
        "P27_004": "03105",
        "P27_005": "高島Ｂ＆Ｇ海洋センター",
        "P27_006": "宮野1516",
        "P27_007": 3,
        "P27_008": -99,
        "P27_009": 9999
      },
      "geometry": {
        "type": "Point",
        "coordinates": [
          136.002926,
          35.306477
        ]
      }
    },
    {
      "type": "Feature",
      "properties": {
        "P27_001": "25212",
        "P27_002": "3",
        "P27_003": "99999",
        "P27_004": "03138",
        "P27_005": "高島Ｂ＆Ｇ海洋センター",
        "P27_006": "宮野1516",
        "P27_007": 3,
        "P27_008": -99,
        "P27_009": 9999
      },
      "geometry": {
        "type": "Point",
        "coordinates": [
          136.002926,
          35.306389
        ]
      }
    },
    {
      "type": "Feature",
      "properties": {
        "P27_001": "25212",
        "P27_002": "3",
        "P27_003": "99999",
        "P27_004": "03102",
        "P27_005": "新旭森林スポーツ公園",
        "P27_006": "新旭町熊野本245",
        "P27_007": 3,
        "P27_008": -99,
        "P27_009": 9999
      },
      "geometry": {
        "type": "Point",
        "coordinates": [
          136.025426,
          35.35609
        ]
      }
    },
    {
      "type": "Feature",
      "properties": {
        "P27_001": "25212",
        "P27_002": "3",
        "P27_003": "99999",
        "P27_004": "03115",
        "P27_005": "新旭森林スポーツ公園",
        "P27_006": "新旭町熊野本245",
        "P27_007": 3,
        "P27_008": -99,
        "P27_009": 9999
      },
      "geometry": {
        "type": "Point",
        "coordinates": [
          136.026662,
          35.357806
        ]
      }
    },
    {
      "type": "Feature",
      "properties": {
        "P27_001": "25212",
        "P27_002": "3",
        "P27_003": "99999",
        "P27_004": "03138",
        "P27_005": "新旭森林スポーツ公園",
        "P27_006": "新旭町熊野本245",
        "P27_007": 3,
        "P27_008": -99,
        "P27_009": 9999
      },
      "geometry": {
        "type": "Point",
        "coordinates": [
          136.025117,
          35.3569
        ]
      }
    },
    {
      "type": "Feature",
      "properties": {
        "P27_001": "25212",
        "P27_002": "3",
        "P27_003": "99999",
        "P27_004": "03109",
        "P27_005": "新旭体育館",
        "P27_006": "新旭町旭818",
        "P27_007": 3,
        "P27_008": -99,
        "P27_009": 9999
      },
      "geometry": {
        "type": "Point",
        "coordinates": [
          136.038423,
          35.353383
        ]
      }
    },
    {
      "type": "Feature",
      "properties": {
        "P27_001": "25212",
        "P27_002": "3",
        "P27_003": "99999",
        "P27_004": "03111",
        "P27_005": "新旭武道館",
        "P27_006": "新旭町旭818",
        "P27_007": 3,
        "P27_008": -99,
        "P27_009": 9999
      },
      "geometry": {
        "type": "Point",
        "coordinates": [
          136.038951,
          35.353388
        ]
      }
    },
    {
      "type": "Feature",
      "properties": {
        "P27_001": "25213",
        "P27_002": "3",
        "P27_003": "99999",
        "P27_004": "03109",
        "P27_005": "布引運動公園",
        "P27_006": "今堀町581-11",
        "P27_007": 4,
        "P27_008": -99,
        "P27_009": 1991
      },
      "geometry": {
        "type": "Point",
        "coordinates": [
          136.191227,
          35.086308
        ]
      }
    },
    {
      "type": "Feature",
      "properties": {
        "P27_001": "25213",
        "P27_002": "3",
        "P27_003": "99999",
        "P27_004": "03120",
        "P27_005": "布引運動公園",
        "P27_006": "今堀町581-11",
        "P27_007": 4,
        "P27_008": -99,
        "P27_009": 1991
      },
      "geometry": {
        "type": "Point",
        "coordinates": [
          136.191227,
          35.086201
        ]
      }
    },
    {
      "type": "Feature",
      "properties": {
        "P27_001": "25213",
        "P27_002": "3",
        "P27_003": "99999",
        "P27_004": "03116",
        "P27_005": "布引運動公園",
        "P27_006": "今堀町581-11",
        "P27_007": 4,
        "P27_008": -99,
        "P27_009": 1991
      },
      "geometry": {
        "type": "Point",
        "coordinates": [
          136.191227,
          35.08609
        ]
      }
    },
    {
      "type": "Feature",
      "properties": {
        "P27_001": "25213",
        "P27_002": "3",
        "P27_003": "99999",
        "P27_004": "03110",
        "P27_005": "布引運動公園",
        "P27_006": "今堀町581-11",
        "P27_007": 4,
        "P27_008": -99,
        "P27_009": 1991
      },
      "geometry": {
        "type": "Point",
        "coordinates": [
          136.191227,
          35.085973
        ]
      }
    },
    {
      "type": "Feature",
      "properties": {
        "P27_001": "25213",
        "P27_002": "3",
        "P27_003": "99999",
        "P27_004": "03105",
        "P27_005": "布引運動公園",
        "P27_006": "今堀町581-11",
        "P27_007": 4,
        "P27_008": -99,
        "P27_009": 1991
      },
      "geometry": {
        "type": "Point",
        "coordinates": [
          136.191447,
          35.086819
        ]
      }
    },
    {
      "type": "Feature",
      "properties": {
        "P27_001": "25213",
        "P27_002": "3",
        "P27_003": "99999",
        "P27_004": "03121",
        "P27_005": "布引運動公園",
        "P27_006": "今堀町581-11",
        "P27_007": 4,
        "P27_008": -99,
        "P27_009": 1991
      },
      "geometry": {
        "type": "Point",
        "coordinates": [
          136.191845,
          35.087057
        ]
      }
    },
    {
      "type": "Feature",
      "properties": {
        "P27_001": "25213",
        "P27_002": "3",
        "P27_003": "99999",
        "P27_004": "03104",
        "P27_005": "布引運動公園",
        "P27_006": "今堀町581-11",
        "P27_007": 4,
        "P27_008": -99,
        "P27_009": 1991
      },
      "geometry": {
        "type": "Point",
        "coordinates": [
          136.191275,
          35.087801
        ]
      }
    },
    {
      "type": "Feature",
      "properties": {
        "P27_001": "25213",
        "P27_002": "3",
        "P27_003": "99999",
        "P27_004": "03138",
        "P27_005": "布引運動公園",
        "P27_006": "今堀町581-11",
        "P27_007": 4,
        "P27_008": -99,
        "P27_009": 1991
      },
      "geometry": {
        "type": "Point",
        "coordinates": [
          136.191269,
          35.087646
        ]
      }
    },
    {
      "type": "Feature",
      "properties": {
        "P27_001": "25213",
        "P27_002": "3",
        "P27_003": "99999",
        "P27_004": "03101",
        "P27_005": "布引運動公園陸上競技場（布引グリーンスタジアム）",
        "P27_006": "芝原町1503",
        "P27_007": 3,
        "P27_008": -99,
        "P27_009": 2010
      },
      "geometry": {
        "type": "Point",
        "coordinates": [
          136.196293,
          35.083058
        ]
      }
    },
    {
      "type": "Feature",
      "properties": {
        "P27_001": "25213",
        "P27_002": "3",
        "P27_003": "99999",
        "P27_004": "03104",
        "P27_005": "布引運動公園陸上競技場（布引グリーンスタジアム）",
        "P27_006": "芝原町1503",
        "P27_007": 3,
        "P27_008": -99,
        "P27_009": 2010
      },
      "geometry": {
        "type": "Point",
        "coordinates": [
          136.196436,
          35.083953
        ]
      }
    },
    {
      "type": "Feature",
      "properties": {
        "P27_001": "25213",
        "P27_002": "3",
        "P27_003": "99999",
        "P27_004": "03129",
        "P27_005": "布引運動公園陸上競技場（布引グリーンスタジアム）",
        "P27_006": "芝原町1503",
        "P27_007": 3,
        "P27_008": -99,
        "P27_009": 2010
      },
      "geometry": {
        "type": "Point",
        "coordinates": [
          136.197446,
          35.083831
        ]
      }
    },
    {
      "type": "Feature",
      "properties": {
        "P27_001": "25213",
        "P27_002": "3",
        "P27_003": "99999",
        "P27_004": "03102",
        "P27_005": "長山公園",
        "P27_006": "上大森町370",
        "P27_007": 3,
        "P27_008": -99,
        "P27_009": 1979
      },
      "geometry": {
        "type": "Point",
        "coordinates": [
          136.2346,
          35.08936
        ]
      }
    },
    {
      "type": "Feature",
      "properties": {
        "P27_001": "25213",
        "P27_002": "3",
        "P27_003": "99999",
        "P27_004": "03103",
        "P27_005": "長山公園",
        "P27_006": "上大森町370",
        "P27_007": 3,
        "P27_008": -99,
        "P27_009": 1979
      },
      "geometry": {
        "type": "Point",
        "coordinates": [
          136.234588,
          35.089778
        ]
      }
    },
    {
      "type": "Feature",
      "properties": {
        "P27_001": "25213",
        "P27_002": "3",
        "P27_003": "99999",
        "P27_004": "03115",
        "P27_005": "長山公園",
        "P27_006": "上大森町370",
        "P27_007": 3,
        "P27_008": -99,
        "P27_009": 1979
      },
      "geometry": {
        "type": "Point",
        "coordinates": [
          136.2346,
          35.089554
        ]
      }
    },
    {
      "type": "Feature",
      "properties": {
        "P27_001": "25213",
        "P27_002": "3",
        "P27_003": "99999",
        "P27_004": "03138",
        "P27_005": "長山公園",
        "P27_006": "上大森町370",
        "P27_007": 3,
        "P27_008": -99,
        "P27_009": 1979
      },
      "geometry": {
        "type": "Point",
        "coordinates": [
          136.2346,
          35.089165
        ]
      }
    },
    {
      "type": "Feature",
      "properties": {
        "P27_001": "25213",
        "P27_002": "3",
        "P27_003": "99999",
        "P27_004": "03109",
        "P27_005": "永源寺運動公園",
        "P27_006": "上二俣町44",
        "P27_007": 3,
        "P27_008": -99,
        "P27_009": 1982
      },
      "geometry": {
        "type": "Point",
        "coordinates": [
          136.296516,
          35.069703
        ]
      }
    },
    {
      "type": "Feature",
      "properties": {
        "P27_001": "25213",
        "P27_002": "3",
        "P27_003": "99999",
        "P27_004": "03102",
        "P27_005": "永源寺運動公園",
        "P27_006": "上二俣町44",
        "P27_007": 3,
        "P27_008": -99,
        "P27_009": 1982
      },
      "geometry": {
        "type": "Point",
        "coordinates": [
          136.29492,
          35.069568
        ]
      }
    },
    {
      "type": "Feature",
      "properties": {
        "P27_001": "25213",
        "P27_002": "3",
        "P27_003": "99999",
        "P27_004": "03138",
        "P27_005": "永源寺運動公園",
        "P27_006": "上二俣町44",
        "P27_007": 3,
        "P27_008": -99,
        "P27_009": 1982
      },
      "geometry": {
        "type": "Point",
        "coordinates": [
          136.29492,
          35.069743
        ]
      }
    },
    {
      "type": "Feature",
      "properties": {
        "P27_001": "25213",
        "P27_002": "3",
        "P27_003": "99999",
        "P27_004": "03102",
        "P27_005": "繖（きぬがさ）公園",
        "P27_006": "五個荘川並町1204",
        "P27_007": 3,
        "P27_008": -99,
        "P27_009": 1984
      },
      "geometry": {
        "type": "Point",
        "coordinates": [
          136.168606,
          35.156944
        ]
      }
    },
    {
      "type": "Feature",
      "properties": {
        "P27_001": "25213",
        "P27_002": "3",
        "P27_003": "99999",
        "P27_004": "03115",
        "P27_005": "繖（きぬがさ）公園",
        "P27_006": "五個荘川並町1204",
        "P27_007": 3,
        "P27_008": -99,
        "P27_009": 1984
      },
      "geometry": {
        "type": "Point",
        "coordinates": [
          136.168583,
          35.156341
        ]
      }
    },
    {
      "type": "Feature",
      "properties": {
        "P27_001": "25213",
        "P27_002": "3",
        "P27_003": "99999",
        "P27_004": "03104",
        "P27_005": "繖（きぬがさ）公園",
        "P27_006": "五個荘川並町1204",
        "P27_007": 3,
        "P27_008": -99,
        "P27_009": 1984
      },
      "geometry": {
        "type": "Point",
        "coordinates": [
          136.168523,
          35.157954
        ]
      }
    },
    {
      "type": "Feature",
      "properties": {
        "P27_001": "25213",
        "P27_002": "3",
        "P27_003": "99999",
        "P27_004": "03109",
        "P27_005": "五個荘体育館",
        "P27_006": "五個荘小幡町297",
        "P27_007": 3,
        "P27_008": -99,
        "P27_009": 1974
      },
      "geometry": {
        "type": "Point",
        "coordinates": [
          136.193452,
          35.151902
        ]
      }
    },
    {
      "type": "Feature",
      "properties": {
        "P27_001": "25213",
        "P27_002": "3",
        "P27_003": "99999",
        "P27_004": "03109",
        "P27_005": "おくのの運動公園",
        "P27_006": "青山町70",
        "P27_007": 3,
        "P27_008": -99,
        "P27_009": 1982
      },
      "geometry": {
        "type": "Point",
        "coordinates": [
          136.271774,
          35.102692
        ]
      }
    },
    {
      "type": "Feature",
      "properties": {
        "P27_001": "25213",
        "P27_002": "3",
        "P27_003": "99999",
        "P27_004": "03101",
        "P27_005": "おくのの運動公園",
        "P27_006": "青山町70",
        "P27_007": 3,
        "P27_008": -99,
        "P27_009": 1982
      },
      "geometry": {
        "type": "Point",
        "coordinates": [
          136.272451,
          35.101321
        ]
      }
    },
    {
      "type": "Feature",
      "properties": {
        "P27_001": "25213",
        "P27_002": "3",
        "P27_003": "99999",
        "P27_004": "03102",
        "P27_005": "おくのの運動公園",
        "P27_006": "青山町70",
        "P27_007": 3,
        "P27_008": -99,
        "P27_009": 1982
      },
      "geometry": {
        "type": "Point",
        "coordinates": [
          136.273295,
          35.102566
        ]
      }
    },
    {
      "type": "Feature",
      "properties": {
        "P27_001": "25213",
        "P27_002": "3",
        "P27_003": "99999",
        "P27_004": "03115",
        "P27_005": "おくのの運動公園",
        "P27_006": "青山町70",
        "P27_007": 3,
        "P27_008": -99,
        "P27_009": 1982
      },
      "geometry": {
        "type": "Point",
        "coordinates": [
          136.27446,
          35.102118
        ]
      }
    },
    {
      "type": "Feature",
      "properties": {
        "P27_001": "25213",
        "P27_002": "3",
        "P27_003": "99999",
        "P27_004": "03104",
        "P27_005": "おくのの運動公園",
        "P27_006": "青山町70",
        "P27_007": 3,
        "P27_008": -99,
        "P27_009": 1982
      },
      "geometry": {
        "type": "Point",
        "coordinates": [
          136.273931,
          35.100665
        ]
      }
    },
    {
      "type": "Feature",
      "properties": {
        "P27_001": "25213",
        "P27_002": "3",
        "P27_003": "99999",
        "P27_004": "03102",
        "P27_005": "湖東スタジアム",
        "P27_006": "池庄町610",
        "P27_007": 3,
        "P27_008": -99,
        "P27_009": 1991
      },
      "geometry": {
        "type": "Point",
        "coordinates": [
          136.2486,
          35.1247
        ]
      }
    },
    {
      "type": "Feature",
      "properties": {
        "P27_001": "25213",
        "P27_002": "3",
        "P27_003": "99999",
        "P27_004": "03102",
        "P27_005": "ひばりグラウンド・パークゴルフ",
        "P27_006": "池庄町610",
        "P27_007": 3,
        "P27_008": -99,
        "P27_009": 1988
      },
      "geometry": {
        "type": "Point",
        "coordinates": [
          136.247489,
          35.125964
        ]
      }
    },
    {
      "type": "Feature",
      "properties": {
        "P27_001": "25213",
        "P27_002": "3",
        "P27_003": "99999",
        "P27_004": "03103",
        "P27_005": "ひばりグラウンド・パークゴルフ",
        "P27_006": "池庄町610",
        "P27_007": 3,
        "P27_008": -99,
        "P27_009": 1988
      },
      "geometry": {
        "type": "Point",
        "coordinates": [
          136.247489,
          35.125823
        ]
      }
    },
    {
      "type": "Feature",
      "properties": {
        "P27_001": "25213",
        "P27_002": "3",
        "P27_003": "99999",
        "P27_004": "03116",
        "P27_005": "ひばりドーム・テニスコート",
        "P27_006": "池庄町610",
        "P27_007": 3,
        "P27_008": -99,
        "P27_009": 1995
      },
      "geometry": {
        "type": "Point",
        "coordinates": [
          136.249931,
          35.12506
        ]
      }
    },
    {
      "type": "Feature",
      "properties": {
        "P27_001": "25213",
        "P27_002": "3",
        "P27_003": "99999",
        "P27_004": "03115",
        "P27_005": "ひばりドーム・テニスコート",
        "P27_006": "池庄町610",
        "P27_007": 3,
        "P27_008": -99,
        "P27_009": 1995
      },
      "geometry": {
        "type": "Point",
        "coordinates": [
          136.250489,
          35.124574
        ]
      }
    },
    {
      "type": "Feature",
      "properties": {
        "P27_001": "25213",
        "P27_002": "3",
        "P27_003": "99999",
        "P27_004": "03109",
        "P27_005": "湖東体育館",
        "P27_006": "池庄町488",
        "P27_007": 3,
        "P27_008": -99,
        "P27_009": 1979
      },
      "geometry": {
        "type": "Point",
        "coordinates": [
          136.244709,
          35.128706
        ]
      }
    },
    {
      "type": "Feature",
      "properties": {
        "P27_001": "25213",
        "P27_002": "3",
        "P27_003": "99999",
        "P27_004": "03105",
        "P27_005": "湖東プール",
        "P27_006": "池庄町496",
        "P27_007": 3,
        "P27_008": -99,
        "P27_009": 1986
      },
      "geometry": {
        "type": "Point",
        "coordinates": [
          136.24587,
          35.12822
        ]
      }
    },
    {
      "type": "Feature",
      "properties": {
        "P27_001": "25213",
        "P27_002": "3",
        "P27_003": "99999",
        "P27_004": "03102",
        "P27_005": "すこやかの杜（もり）運動公園",
        "P27_006": "小田苅町1890",
        "P27_007": 3,
        "P27_008": -99,
        "P27_009": 1986
      },
      "geometry": {
        "type": "Point",
        "coordinates": [
          136.215505,
          35.125846
        ]
      }
    },
    {
      "type": "Feature",
      "properties": {
        "P27_001": "25213",
        "P27_002": "3",
        "P27_003": "99999",
        "P27_004": "03115",
        "P27_005": "すこやかの杜（もり）運動公園",
        "P27_006": "小田苅町1890",
        "P27_007": 3,
        "P27_008": -99,
        "P27_009": 1986
      },
      "geometry": {
        "type": "Point",
        "coordinates": [
          136.214982,
          35.126595
        ]
      }
    },
    {
      "type": "Feature",
      "properties": {
        "P27_001": "25213",
        "P27_002": "3",
        "P27_003": "99999",
        "P27_004": "03103",
        "P27_005": "すこやかの杜（もり）運動公園",
        "P27_006": "小田苅町1890",
        "P27_007": 3,
        "P27_008": -99,
        "P27_009": 1986
      },
      "geometry": {
        "type": "Point",
        "coordinates": [
          136.214851,
          35.127032
        ]
      }
    },
    {
      "type": "Feature",
      "properties": {
        "P27_001": "25213",
        "P27_002": "3",
        "P27_003": "99999",
        "P27_004": "03109",
        "P27_005": "能登川スポーツセンター",
        "P27_006": "山路町600",
        "P27_007": 3,
        "P27_008": -99,
        "P27_009": 1978
      },
      "geometry": {
        "type": "Point",
        "coordinates": [
          136.156392,
          35.186762
        ]
      }
    },
    {
      "type": "Feature",
      "properties": {
        "P27_001": "25213",
        "P27_002": "3",
        "P27_003": "99999",
        "P27_004": "03112",
        "P27_005": "能登川スポーツセンター",
        "P27_006": "山路町600",
        "P27_007": 3,
        "P27_008": -99,
        "P27_009": 1978
      },
      "geometry": {
        "type": "Point",
        "coordinates": [
          136.156784,
          35.186577
        ]
      }
    },
    {
      "type": "Feature",
      "properties": {
        "P27_001": "25213",
        "P27_002": "3",
        "P27_003": "99999",
        "P27_004": "03102",
        "P27_005": "能登川スポーツセンター",
        "P27_006": "山路町600",
        "P27_007": 3,
        "P27_008": -99,
        "P27_009": 1978
      },
      "geometry": {
        "type": "Point",
        "coordinates": [
          136.157206,
          35.186014
        ]
      }
    },
    {
      "type": "Feature",
      "properties": {
        "P27_001": "25213",
        "P27_002": "3",
        "P27_003": "99999",
        "P27_004": "03105",
        "P27_005": "能登川プール",
        "P27_006": "垣見町50",
        "P27_007": 3,
        "P27_008": -99,
        "P27_009": 9999
      },
      "geometry": {
        "type": "Point",
        "coordinates": [
          136.171305,
          35.182472
        ]
      }
    },
    {
      "type": "Feature",
      "properties": {
        "P27_001": "25213",
        "P27_002": "3",
        "P27_003": "99999",
        "P27_004": "03102",
        "P27_005": "ふれあい運動公園",
        "P27_006": "栗見新田町1224",
        "P27_007": 3,
        "P27_008": -99,
        "P27_009": 1996
      },
      "geometry": {
        "type": "Point",
        "coordinates": [
          136.131276,
          35.210635
        ]
      }
    },
    {
      "type": "Feature",
      "properties": {
        "P27_001": "25213",
        "P27_002": "3",
        "P27_003": "99999",
        "P27_004": "03103",
        "P27_005": "ふれあい運動公園",
        "P27_006": "栗見新田町1224",
        "P27_007": 3,
        "P27_008": -99,
        "P27_009": 1996
      },
      "geometry": {
        "type": "Point",
        "coordinates": [
          136.128477,
          35.210479
        ]
      }
    },
    {
      "type": "Feature",
      "properties": {
        "P27_001": "25213",
        "P27_002": "3",
        "P27_003": "99999",
        "P27_004": "03115",
        "P27_005": "やわらぎの郷公園",
        "P27_006": "南須田町4",
        "P27_007": 3,
        "P27_008": -99,
        "P27_009": 1990
      },
      "geometry": {
        "type": "Point",
        "coordinates": [
          136.154032,
          35.156389
        ]
      }
    },
    {
      "type": "Feature",
      "properties": {
        "P27_001": "25213",
        "P27_002": "3",
        "P27_003": "99999",
        "P27_004": "03138",
        "P27_005": "やわらぎの郷公園",
        "P27_006": "南須田町4",
        "P27_007": 3,
        "P27_008": -99,
        "P27_009": 1990
      },
      "geometry": {
        "type": "Point",
        "coordinates": [
          136.153247,
          35.155898
        ]
      }
    },
    {
      "type": "Feature",
      "properties": {
        "P27_001": "25213",
        "P27_002": "3",
        "P27_003": "99999",
        "P27_004": "03102",
        "P27_005": "蒲生運動公園",
        "P27_006": "上南町50",
        "P27_007": 4,
        "P27_008": -99,
        "P27_009": 1973
      },
      "geometry": {
        "type": "Point",
        "coordinates": [
          136.169109,
          35.053293
        ]
      }
    },
    {
      "type": "Feature",
      "properties": {
        "P27_001": "25213",
        "P27_002": "3",
        "P27_003": "99999",
        "P27_004": "03115",
        "P27_005": "蒲生運動公園",
        "P27_006": "上南町50",
        "P27_007": 4,
        "P27_008": -99,
        "P27_009": 1973
      },
      "geometry": {
        "type": "Point",
        "coordinates": [
          136.168717,
          35.054315
        ]
      }
    },
    {
      "type": "Feature",
      "properties": {
        "P27_001": "25213",
        "P27_002": "3",
        "P27_003": "99999",
        "P27_004": "03103",
        "P27_005": "蒲生運動公園",
        "P27_006": "上南町50",
        "P27_007": 4,
        "P27_008": -99,
        "P27_009": 1973
      },
      "geometry": {
        "type": "Point",
        "coordinates": [
          136.167445,
          35.055531
        ]
      }
    },
    {
      "type": "Feature",
      "properties": {
        "P27_001": "25213",
        "P27_002": "3",
        "P27_003": "99999",
        "P27_004": "03109",
        "P27_005": "蒲生体育館",
        "P27_006": "市子川原町679",
        "P27_007": 3,
        "P27_008": -99,
        "P27_009": 1982
      },
      "geometry": {
        "type": "Point",
        "coordinates": [
          136.181197,
          35.061261
        ]
      }
    },
    {
      "type": "Feature",
      "properties": {
        "P27_001": "25213",
        "P27_002": "3",
        "P27_003": "99999",
        "P27_004": "03120",
        "P27_005": "蒲生体育館",
        "P27_006": "市子川原町679",
        "P27_007": 3,
        "P27_008": -99,
        "P27_009": 1982
      },
      "geometry": {
        "type": "Point",
        "coordinates": [
          136.181197,
          35.061076
        ]
      }
    },
    {
      "type": "Feature",
      "properties": {
        "P27_001": "25213",
        "P27_002": "3",
        "P27_003": "99999",
        "P27_004": "03104",
        "P27_005": "平田グラウンド",
        "P27_006": "下羽田町84-1",
        "P27_007": 3,
        "P27_008": -99,
        "P27_009": 1979
      },
      "geometry": {
        "type": "Point",
        "coordinates": [
          136.148914,
          35.095174
        ]
      }
    },
    {
      "type": "Feature",
      "properties": {
        "P27_001": "25213",
        "P27_002": "3",
        "P27_003": "99999",
        "P27_004": "03109",
        "P27_005": "東近江市トレーニングセンター",
        "P27_006": "下羽田町54",
        "P27_007": 3,
        "P27_008": -99,
        "P27_009": 1983
      },
      "geometry": {
        "type": "Point",
        "coordinates": [
          136.14856,
          35.094509
        ]
      }
    },
    {
      "type": "Feature",
      "properties": {
        "P27_001": "25214",
        "P27_002": "3",
        "P27_003": "99999",
        "P27_004": "03109",
        "P27_005": "米原市民体育館",
        "P27_006": "長岡3127",
        "P27_007": 3,
        "P27_008": -99,
        "P27_009": 9999
      },
      "geometry": {
        "type": "Point",
        "coordinates": [
          136.366798,
          35.365622
        ]
      }
    },
    {
      "type": "Feature",
      "properties": {
        "P27_001": "25214",
        "P27_002": "3",
        "P27_003": "99999",
        "P27_004": "03102",
        "P27_005": "米原市米原野球場",
        "P27_006": "磯899-2",
        "P27_007": 3,
        "P27_008": -99,
        "P27_009": 9999
      },
      "geometry": {
        "type": "Point",
        "coordinates": [
          136.272075,
          35.297351
        ]
      }
    },
    {
      "type": "Feature",
      "properties": {
        "P27_001": "25214",
        "P27_002": "3",
        "P27_003": "99999",
        "P27_004": "03138",
        "P27_005": "すぱーく米原",
        "P27_006": "入江292",
        "P27_007": 3,
        "P27_008": -99,
        "P27_009": 9999
      },
      "geometry": {
        "type": "Point",
        "coordinates": [
          136.280756,
          35.312226
        ]
      }
    },
    {
      "type": "Feature",
      "properties": {
        "P27_001": "25214",
        "P27_002": "3",
        "P27_003": "99999",
        "P27_004": "03104",
        "P27_005": "すぱーく伊吹",
        "P27_006": "春照55-3",
        "P27_007": 3,
        "P27_008": -99,
        "P27_009": 9999
      },
      "geometry": {
        "type": "Point",
        "coordinates": [
          136.382436,
          35.382948
        ]
      }
    },
    {
      "type": "Feature",
      "properties": {
        "P27_001": "25214",
        "P27_002": "3",
        "P27_003": "99999",
        "P27_004": "03138",
        "P27_005": "すぱーく伊吹",
        "P27_006": "春照55-3",
        "P27_007": 3,
        "P27_008": -99,
        "P27_009": 9999
      },
      "geometry": {
        "type": "Point",
        "coordinates": [
          136.382436,
          35.382783
        ]
      }
    },
    {
      "type": "Feature",
      "properties": {
        "P27_001": "25214",
        "P27_002": "3",
        "P27_003": "99999",
        "P27_004": "03138",
        "P27_005": "すぱーく山東",
        "P27_006": "池下80-1",
        "P27_007": 3,
        "P27_008": -99,
        "P27_009": 9999
      },
      "geometry": {
        "type": "Point",
        "coordinates": [
          136.36077,
          35.372964
        ]
      }
    },
    {
      "type": "Feature",
      "properties": {
        "P27_001": "25214",
        "P27_002": "3",
        "P27_003": "99999",
        "P27_004": "03104",
        "P27_005": "米原市山東グラウンド",
        "P27_006": "市場1077",
        "P27_007": 4,
        "P27_008": -99,
        "P27_009": 9999
      },
      "geometry": {
        "type": "Point",
        "coordinates": [
          136.350354,
          35.377598
        ]
      }
    },
    {
      "type": "Feature",
      "properties": {
        "P27_001": "25214",
        "P27_002": "3",
        "P27_003": "99999",
        "P27_004": "03102",
        "P27_005": "米原市伊吹第１グラウンド",
        "P27_006": "春照77-1",
        "P27_007": 3,
        "P27_008": -99,
        "P27_009": 9999
      },
      "geometry": {
        "type": "Point",
        "coordinates": [
          136.378497,
          35.382504
        ]
      }
    },
    {
      "type": "Feature",
      "properties": {
        "P27_001": "25214",
        "P27_002": "3",
        "P27_003": "99999",
        "P27_004": "03103",
        "P27_005": "米原市伊吹第１グラウンド",
        "P27_006": "春照77-1",
        "P27_007": 3,
        "P27_008": -99,
        "P27_009": 9999
      },
      "geometry": {
        "type": "Point",
        "coordinates": [
          136.378497,
          35.382717
        ]
      }
    },
    {
      "type": "Feature",
      "properties": {
        "P27_001": "25214",
        "P27_002": "3",
        "P27_003": "99999",
        "P27_004": "03104",
        "P27_005": "米原市伊吹第１グラウンド",
        "P27_006": "春照77-1",
        "P27_007": 3,
        "P27_008": -99,
        "P27_009": 9999
      },
      "geometry": {
        "type": "Point",
        "coordinates": [
          136.378497,
          35.3826
        ]
      }
    },
    {
      "type": "Feature",
      "properties": {
        "P27_001": "25214",
        "P27_002": "3",
        "P27_003": "99999",
        "P27_004": "03102",
        "P27_005": "米原市伊吹第２グラウンド",
        "P27_006": "春照1852",
        "P27_007": 3,
        "P27_008": -99,
        "P27_009": 9999
      },
      "geometry": {
        "type": "Point",
        "coordinates": [
          136.381223,
          35.383186
        ]
      }
    },
    {
      "type": "Feature",
      "properties": {
        "P27_001": "25214",
        "P27_002": "3",
        "P27_003": "99999",
        "P27_004": "03103",
        "P27_005": "米原市伊吹第２グラウンド",
        "P27_006": "春照1852",
        "P27_007": 3,
        "P27_008": -99,
        "P27_009": 9999
      },
      "geometry": {
        "type": "Point",
        "coordinates": [
          136.381223,
          35.383055
        ]
      }
    },
    {
      "type": "Feature",
      "properties": {
        "P27_001": "25214",
        "P27_002": "3",
        "P27_003": "99999",
        "P27_004": "03104",
        "P27_005": "米原市伊吹第２グラウンド",
        "P27_006": "春照1852",
        "P27_007": 3,
        "P27_008": -99,
        "P27_009": 9999
      },
      "geometry": {
        "type": "Point",
        "coordinates": [
          136.381223,
          35.38291
        ]
      }
    },
    {
      "type": "Feature",
      "properties": {
        "P27_001": "25214",
        "P27_002": "3",
        "P27_003": "99999",
        "P27_004": "03102",
        "P27_005": "米原市近江グラウンド",
        "P27_006": "顔戸1513",
        "P27_007": 3,
        "P27_008": -99,
        "P27_009": 9999
      },
      "geometry": {
        "type": "Point",
        "coordinates": [
          136.300643,
          35.340695
        ]
      }
    },
    {
      "type": "Feature",
      "properties": {
        "P27_001": "25214",
        "P27_002": "3",
        "P27_003": "99999",
        "P27_004": "03103",
        "P27_005": "米原市近江グラウンド",
        "P27_006": "顔戸1513",
        "P27_007": 3,
        "P27_008": -99,
        "P27_009": 9999
      },
      "geometry": {
        "type": "Point",
        "coordinates": [
          136.300643,
          35.340889
        ]
      }
    },
    {
      "type": "Feature",
      "properties": {
        "P27_001": "25214",
        "P27_002": "3",
        "P27_003": "99999",
        "P27_004": "03138",
        "P27_005": "米原市近江グラウンド",
        "P27_006": "顔戸1513",
        "P27_007": 3,
        "P27_008": -99,
        "P27_009": 9999
      },
      "geometry": {
        "type": "Point",
        "coordinates": [
          136.300643,
          35.341063
        ]
      }
    },
    {
      "type": "Feature",
      "properties": {
        "P27_001": "25214",
        "P27_002": "3",
        "P27_003": "99999",
        "P27_004": "03109",
        "P27_005": "米原市山東Ｂ＆Ｇ海洋センター",
        "P27_006": "柏原2293-1",
        "P27_007": 3,
        "P27_008": -99,
        "P27_009": 9999
      },
      "geometry": {
        "type": "Point",
        "coordinates": [
          136.399912,
          35.340425
        ]
      }
    },
    {
      "type": "Feature",
      "properties": {
        "P27_001": "25214",
        "P27_002": "3",
        "P27_003": "99999",
        "P27_004": "03105",
        "P27_005": "米原市山東Ｂ＆Ｇ海洋センター",
        "P27_006": "柏原2293-1",
        "P27_007": 3,
        "P27_008": -99,
        "P27_009": 9999
      },
      "geometry": {
        "type": "Point",
        "coordinates": [
          136.399508,
          35.340187
        ]
      }
    },
    {
      "type": "Feature",
      "properties": {
        "P27_001": "25214",
        "P27_002": "3",
        "P27_003": "99999",
        "P27_004": "03105",
        "P27_005": "米原市伊吹Ｂ＆Ｇ海洋センター",
        "P27_006": "春照72-2",
        "P27_007": 3,
        "P27_008": -99,
        "P27_009": 9999
      },
      "geometry": {
        "type": "Point",
        "coordinates": [
          136.3792,
          35.38176
        ]
      }
    },
    {
      "type": "Feature",
      "properties": {
        "P27_001": "25214",
        "P27_002": "3",
        "P27_003": "99999",
        "P27_004": "03109",
        "P27_005": "伊吹山麓青少年総合体育館",
        "P27_006": "春照77-2",
        "P27_007": 3,
        "P27_008": -99,
        "P27_009": 9999
      },
      "geometry": {
        "type": "Point",
        "coordinates": [
          136.377778,
          35.382012
        ]
      }
    },
    {
      "type": "Feature",
      "properties": {
        "P27_001": "25214",
        "P27_002": "3",
        "P27_003": "99999",
        "P27_004": "03112",
        "P27_005": "伊吹山麓青少年総合体育館",
        "P27_006": "春照77-2",
        "P27_007": 3,
        "P27_008": -99,
        "P27_009": 9999
      },
      "geometry": {
        "type": "Point",
        "coordinates": [
          136.377772,
          35.381925
        ]
      }
    },
    {
      "type": "Feature",
      "properties": {
        "P27_001": "25214",
        "P27_002": "3",
        "P27_003": "99999",
        "P27_004": "03129",
        "P27_005": "伊吹山麓青少年総合体育館",
        "P27_006": "春照77-2",
        "P27_007": 3,
        "P27_008": -99,
        "P27_009": 9999
      },
      "geometry": {
        "type": "Point",
        "coordinates": [
          136.377772,
          35.381823
        ]
      }
    },
    {
      "type": "Feature",
      "properties": {
        "P27_001": "25383",
        "P27_002": "3",
        "P27_003": "99999",
        "P27_004": "03109",
        "P27_005": "大谷公園",
        "P27_006": "大字大谷字東山341-1",
        "P27_007": 3,
        "P27_008": -99,
        "P27_009": 9999
      },
      "geometry": {
        "type": "Point",
        "coordinates": [
          136.238419,
          35.030406
        ]
      }
    },
    {
      "type": "Feature",
      "properties": {
        "P27_001": "25383",
        "P27_002": "3",
        "P27_003": "99999",
        "P27_004": "03104",
        "P27_005": "大谷公園",
        "P27_006": "大字大谷字東山341-1",
        "P27_007": 3,
        "P27_008": -99,
        "P27_009": 9999
      },
      "geometry": {
        "type": "Point",
        "coordinates": [
          136.238384,
          35.029462
        ]
      }
    },
    {
      "type": "Feature",
      "properties": {
        "P27_001": "25383",
        "P27_002": "3",
        "P27_003": "99999",
        "P27_004": "03102",
        "P27_005": "大谷公園",
        "P27_006": "大字大谷字東山341-1",
        "P27_007": 3,
        "P27_008": -99,
        "P27_009": 9999
      },
      "geometry": {
        "type": "Point",
        "coordinates": [
          136.239834,
          35.030017
        ]
      }
    },
    {
      "type": "Feature",
      "properties": {
        "P27_001": "25383",
        "P27_002": "3",
        "P27_003": "99999",
        "P27_004": "03115",
        "P27_005": "大谷公園",
        "P27_006": "大字大谷字東山341-1",
        "P27_007": 3,
        "P27_008": -99,
        "P27_009": 9999
      },
      "geometry": {
        "type": "Point",
        "coordinates": [
          136.239216,
          35.028907
        ]
      }
    },
    {
      "type": "Feature",
      "properties": {
        "P27_001": "25383",
        "P27_002": "3",
        "P27_003": "99999",
        "P27_004": "03102",
        "P27_005": "内池公園グラウンド",
        "P27_006": "内池",
        "P27_007": 3,
        "P27_008": -99,
        "P27_009": 9999
      },
      "geometry": {
        "type": "Point",
        "coordinates": [
          136.224777,
          35.011461
        ]
      }
    },
    {
      "type": "Feature",
      "properties": {
        "P27_001": "25383",
        "P27_002": "3",
        "P27_003": "99999",
        "P27_004": "03103",
        "P27_005": "内池公園グラウンド",
        "P27_006": "内池",
        "P27_007": 3,
        "P27_008": -99,
        "P27_009": 9999
      },
      "geometry": {
        "type": "Point",
        "coordinates": [
          136.224777,
          35.011339
        ]
      }
    },
    {
      "type": "Feature",
      "properties": {
        "P27_001": "25383",
        "P27_002": "3",
        "P27_003": "99999",
        "P27_004": "03138",
        "P27_005": "内池公園グラウンド",
        "P27_006": "内池",
        "P27_007": 3,
        "P27_008": -99,
        "P27_009": 9999
      },
      "geometry": {
        "type": "Point",
        "coordinates": [
          136.224777,
          35.011212
        ]
      }
    },
    {
      "type": "Feature",
      "properties": {
        "P27_001": "25383",
        "P27_002": "3",
        "P27_003": "99999",
        "P27_004": "03102",
        "P27_005": "日野川ダム公園グラウンド",
        "P27_006": "西大路",
        "P27_007": 3,
        "P27_008": -99,
        "P27_009": 9999
      },
      "geometry": {
        "type": "Point",
        "coordinates": [
          136.268277,
          35.007046
        ]
      }
    },
    {
      "type": "Feature",
      "properties": {
        "P27_001": "25383",
        "P27_002": "3",
        "P27_003": "99999",
        "P27_004": "03138",
        "P27_005": "日野川ダム公園グラウンド",
        "P27_006": "西大路",
        "P27_007": 3,
        "P27_008": -99,
        "P27_009": 9999
      },
      "geometry": {
        "type": "Point",
        "coordinates": [
          136.267909,
          35.006228
        ]
      }
    },
    {
      "type": "Feature",
      "properties": {
        "P27_001": "25384",
        "P27_002": "3",
        "P27_003": "99999",
        "P27_004": "03112",
        "P27_005": "武道交流会館",
        "P27_006": "大字橋本20",
        "P27_007": 4,
        "P27_008": -99,
        "P27_009": 9999
      },
      "geometry": {
        "type": "Point",
        "coordinates": [
          136.124183,
          35.075541
        ]
      }
    },
    {
      "type": "Feature",
      "properties": {
        "P27_001": "25384",
        "P27_002": "3",
        "P27_003": "99999",
        "P27_004": "03101",
        "P27_005": "竜王町総合運動公園（ドラゴンハット）",
        "P27_006": "大字岡屋3333",
        "P27_007": 3,
        "P27_008": -99,
        "P27_009": 9999
      },
      "geometry": {
        "type": "Point",
        "coordinates": [
          136.1165,
          35.052056
        ]
      }
    },
    {
      "type": "Feature",
      "properties": {
        "P27_001": "25384",
        "P27_002": "3",
        "P27_003": "99999",
        "P27_004": "03102",
        "P27_005": "竜王町総合運動公園（ドラゴンハット）",
        "P27_006": "大字岡屋3333",
        "P27_007": 3,
        "P27_008": -99,
        "P27_009": 9999
      },
      "geometry": {
        "type": "Point",
        "coordinates": [
          136.116512,
          35.051745
        ]
      }
    },
    {
      "type": "Feature",
      "properties": {
        "P27_001": "25384",
        "P27_002": "3",
        "P27_003": "99999",
        "P27_004": "03103",
        "P27_005": "竜王町総合運動公園（ドラゴンハット）",
        "P27_006": "大字岡屋3333",
        "P27_007": 3,
        "P27_008": -99,
        "P27_009": 9999
      },
      "geometry": {
        "type": "Point",
        "coordinates": [
          136.116512,
          35.051964
        ]
      }
    },
    {
      "type": "Feature",
      "properties": {
        "P27_001": "25384",
        "P27_002": "3",
        "P27_003": "99999",
        "P27_004": "03138",
        "P27_005": "竜王町総合運動公園（ドラゴンハット）",
        "P27_006": "大字岡屋3333",
        "P27_007": 3,
        "P27_008": -99,
        "P27_009": 9999
      },
      "geometry": {
        "type": "Point",
        "coordinates": [
          136.116512,
          35.051857
        ]
      }
    },
    {
      "type": "Feature",
      "properties": {
        "P27_001": "25384",
        "P27_002": "3",
        "P27_003": "99999",
        "P27_004": "03109",
        "P27_005": "竜王町総合運動公園（ドラゴンスポーツセンター）",
        "P27_006": "大字岡屋3333",
        "P27_007": 3,
        "P27_008": -99,
        "P27_009": 9999
      },
      "geometry": {
        "type": "Point",
        "coordinates": [
          136.115835,
          35.053117
        ]
      }
    },
    {
      "type": "Feature",
      "properties": {
        "P27_001": "25384",
        "P27_002": "3",
        "P27_003": "99999",
        "P27_004": "03112",
        "P27_005": "竜王町総合運動公園（ドラゴンスポーツセンター）",
        "P27_006": "大字岡屋3333",
        "P27_007": 3,
        "P27_008": -99,
        "P27_009": 9999
      },
      "geometry": {
        "type": "Point",
        "coordinates": [
          136.115835,
          35.053039
        ]
      }
    },
    {
      "type": "Feature",
      "properties": {
        "P27_001": "25384",
        "P27_002": "3",
        "P27_003": "99999",
        "P27_004": "03105",
        "P27_005": "竜王町総合運動公園（ドラゴンスポーツセンター）",
        "P27_006": "大字岡屋3333",
        "P27_007": 3,
        "P27_008": -99,
        "P27_009": 9999
      },
      "geometry": {
        "type": "Point",
        "coordinates": [
          136.115835,
          35.052956
        ]
      }
    },
    {
      "type": "Feature",
      "properties": {
        "P27_001": "25384",
        "P27_002": "3",
        "P27_003": "99999",
        "P27_004": "03121",
        "P27_005": "竜王町総合運動公園（ドラゴンスポーツセンター）",
        "P27_006": "大字岡屋3333",
        "P27_007": 3,
        "P27_008": -99,
        "P27_009": 9999
      },
      "geometry": {
        "type": "Point",
        "coordinates": [
          136.115835,
          35.052864
        ]
      }
    },
    {
      "type": "Feature",
      "properties": {
        "P27_001": "25384",
        "P27_002": "3",
        "P27_003": "99999",
        "P27_004": "03115",
        "P27_005": "竜王町総合運動公園（テニスコート）",
        "P27_006": "大字岡屋3333",
        "P27_007": 3,
        "P27_008": -99,
        "P27_009": 9999
      },
      "geometry": {
        "type": "Point",
        "coordinates": [
          136.115579,
          35.051964
        ]
      }
    },
    {
      "type": "Feature",
      "properties": {
        "P27_001": "25384",
        "P27_002": "3",
        "P27_003": "99999",
        "P27_004": "03102",
        "P27_005": "竜王町総合運動公園（自由広場）",
        "P27_006": "大字岡屋3333",
        "P27_007": 3,
        "P27_008": -99,
        "P27_009": 9999
      },
      "geometry": {
        "type": "Point",
        "coordinates": [
          136.113731,
          35.052056
        ]
      }
    },
    {
      "type": "Feature",
      "properties": {
        "P27_001": "25384",
        "P27_002": "3",
        "P27_003": "99999",
        "P27_004": "03103",
        "P27_005": "竜王町総合運動公園（自由広場）",
        "P27_006": "大字岡屋3333",
        "P27_007": 3,
        "P27_008": -99,
        "P27_009": 9999
      },
      "geometry": {
        "type": "Point",
        "coordinates": [
          136.113737,
          35.051881
        ]
      }
    },
    {
      "type": "Feature",
      "properties": {
        "P27_001": "25384",
        "P27_002": "3",
        "P27_003": "99999",
        "P27_004": "03129",
        "P27_005": "竜王町総合運動公園（ドラゴンスポーツジム＆スタジオ）",
        "P27_006": "大字岡屋3333",
        "P27_007": 3,
        "P27_008": -99,
        "P27_009": 9999
      },
      "geometry": {
        "type": "Point",
        "coordinates": [
          136.115835,
          35.05245
        ]
      }
    },
    {
      "type": "Feature",
      "properties": {
        "P27_001": "25384",
        "P27_002": "3",
        "P27_003": "99999",
        "P27_004": "03104",
        "P27_005": "竜王町農村運動広場",
        "P27_006": "川守5",
        "P27_007": 3,
        "P27_008": -99,
        "P27_009": 9999
      },
      "geometry": {
        "type": "Point",
        "coordinates": [
          136.14235,
          35.070788
        ]
      }
    },
    {
      "type": "Feature",
      "properties": {
        "P27_001": "25384",
        "P27_002": "3",
        "P27_003": "99999",
        "P27_004": "03103",
        "P27_005": "竜王町農村運動広場",
        "P27_006": "川守5",
        "P27_007": 3,
        "P27_008": -99,
        "P27_009": 9999
      },
      "geometry": {
        "type": "Point",
        "coordinates": [
          136.142338,
          35.070594
        ]
      }
    },
    {
      "type": "Feature",
      "properties": {
        "P27_001": "25384",
        "P27_002": "3",
        "P27_003": "99999",
        "P27_004": "03142",
        "P27_005": "竜王町農村運動広場（妹背の里）",
        "P27_006": "川守5",
        "P27_007": 3,
        "P27_008": -99,
        "P27_009": 9999
      },
      "geometry": {
        "type": "Point",
        "coordinates": [
          136.142344,
          35.070395
        ]
      }
    },
    {
      "type": "Feature",
      "properties": {
        "P27_001": "25425",
        "P27_002": "3",
        "P27_003": "99999",
        "P27_004": "03104",
        "P27_005": "秦荘グラウンド",
        "P27_006": "軽野甲100",
        "P27_007": 3,
        "P27_008": -99,
        "P27_009": 9999
      },
      "geometry": {
        "type": "Point",
        "coordinates": [
          136.253068,
          35.163297
        ]
      }
    },
    {
      "type": "Feature",
      "properties": {
        "P27_001": "25425",
        "P27_002": "3",
        "P27_003": "99999",
        "P27_004": "03109",
        "P27_005": "秦荘体育館",
        "P27_006": "軽野甲100",
        "P27_007": 3,
        "P27_008": -99,
        "P27_009": 9999
      },
      "geometry": {
        "type": "Point",
        "coordinates": [
          136.252575,
          35.164026
        ]
      }
    },
    {
      "type": "Feature",
      "properties": {
        "P27_001": "25425",
        "P27_002": "3",
        "P27_003": "99999",
        "P27_004": "03112",
        "P27_005": "秦荘武道館",
        "P27_006": "軽野甲100",
        "P27_007": 3,
        "P27_008": -99,
        "P27_009": 9999
      },
      "geometry": {
        "type": "Point",
        "coordinates": [
          136.252236,
          35.163613
        ]
      }
    },
    {
      "type": "Feature",
      "properties": {
        "P27_001": "25425",
        "P27_002": "3",
        "P27_003": "99999",
        "P27_004": "03104",
        "P27_005": "愛荘町ふれ愛スポーツ公園",
        "P27_006": "長野1973",
        "P27_007": 3,
        "P27_008": -99,
        "P27_009": 9999
      },
      "geometry": {
        "type": "Point",
        "coordinates": [
          136.204296,
          35.18668
        ]
      }
    },
    {
      "type": "Feature",
      "properties": {
        "P27_001": "25425",
        "P27_002": "3",
        "P27_003": "99999",
        "P27_004": "03109",
        "P27_005": "愛荘町愛知川体育館",
        "P27_006": "愛知川13-2",
        "P27_007": 3,
        "P27_008": -99,
        "P27_009": 9999
      },
      "geometry": {
        "type": "Point",
        "coordinates": [
          136.211349,
          35.170992
        ]
      }
    },
    {
      "type": "Feature",
      "properties": {
        "P27_001": "25425",
        "P27_002": "3",
        "P27_003": "99999",
        "P27_004": "03115",
        "P27_005": "愛荘町愛知川体育館",
        "P27_006": "愛知川13-2",
        "P27_007": 3,
        "P27_008": -99,
        "P27_009": 9999
      },
      "geometry": {
        "type": "Point",
        "coordinates": [
          136.211207,
          35.171217
        ]
      }
    },
    {
      "type": "Feature",
      "properties": {
        "P27_001": "25425",
        "P27_002": "3",
        "P27_003": "99999",
        "P27_004": "03112",
        "P27_005": "愛荘町愛知川武道館",
        "P27_006": "愛知川13-1",
        "P27_007": 3,
        "P27_008": -99,
        "P27_009": 9999
      },
      "geometry": {
        "type": "Point",
        "coordinates": [
          136.211121,
          35.171127
        ]
      }
    },
    {
      "type": "Feature",
      "properties": {
        "P27_001": "25425",
        "P27_002": "3",
        "P27_003": "99999",
        "P27_004": "03115",
        "P27_005": "愛荘町中央スポーツ公園",
        "P27_006": "川久保145",
        "P27_007": 4,
        "P27_008": -99,
        "P27_009": 9999
      },
      "geometry": {
        "type": "Point",
        "coordinates": [
          136.224618,
          35.182503
        ]
      }
    },
    {
      "type": "Feature",
      "properties": {
        "P27_001": "25425",
        "P27_002": "3",
        "P27_003": "99999",
        "P27_004": "03103",
        "P27_005": "愛荘町中央スポーツ公園",
        "P27_006": "川久保145",
        "P27_007": 4,
        "P27_008": -99,
        "P27_009": 9999
      },
      "geometry": {
        "type": "Point",
        "coordinates": [
          136.224624,
          35.182707
        ]
      }
    },
    {
      "type": "Feature",
      "properties": {
        "P27_001": "25425",
        "P27_002": "3",
        "P27_003": "99999",
        "P27_004": "03122",
        "P27_005": "愛荘町中央スポーツ公園",
        "P27_006": "川久保145",
        "P27_007": 4,
        "P27_008": -99,
        "P27_009": 9999
      },
      "geometry": {
        "type": "Point",
        "coordinates": [
          136.224624,
          35.182605
        ]
      }
    },
    {
      "type": "Feature",
      "properties": {
        "P27_001": "25425",
        "P27_002": "3",
        "P27_003": "99999",
        "P27_004": "03104",
        "P27_005": "はつらつドーム",
        "P27_006": "蚊野2978-1",
        "P27_007": 3,
        "P27_008": -99,
        "P27_009": 1999
      },
      "geometry": {
        "type": "Point",
        "coordinates": [
          136.251565,
          35.172427
        ]
      }
    },
    {
      "type": "Feature",
      "properties": {
        "P27_001": "25425",
        "P27_002": "3",
        "P27_003": "99999",
        "P27_004": "03105",
        "P27_005": "けんこうプール",
        "P27_006": "蚊野2978-1",
        "P27_007": 3,
        "P27_008": -99,
        "P27_009": 9999
      },
      "geometry": {
        "type": "Point",
        "coordinates": [
          136.251807,
          35.171274
        ]
      }
    },
    {
      "type": "Feature",
      "properties": {
        "P27_001": "25425",
        "P27_002": "3",
        "P27_003": "99999",
        "P27_004": "03107",
        "P27_005": "けんこうプール",
        "P27_006": "蚊野2978-1",
        "P27_007": 3,
        "P27_008": -99,
        "P27_009": 9999
      },
      "geometry": {
        "type": "Point",
        "coordinates": [
          136.251807,
          35.171245
        ]
      }
    },
    {
      "type": "Feature",
      "properties": {
        "P27_001": "25425",
        "P27_002": "3",
        "P27_003": "99999",
        "P27_004": "03129",
        "P27_005": "けんこうプール",
        "P27_006": "蚊野2978-1",
        "P27_007": 3,
        "P27_008": -99,
        "P27_009": 9999
      },
      "geometry": {
        "type": "Point",
        "coordinates": [
          136.251807,
          35.171301
        ]
      }
    },
    {
      "type": "Feature",
      "properties": {
        "P27_001": "25425",
        "P27_002": "3",
        "P27_003": "99999",
        "P27_004": "03104",
        "P27_005": "保愛運動場",
        "P27_006": "川久保164-1",
        "P27_007": 4,
        "P27_008": -99,
        "P27_009": 9999
      },
      "geometry": {
        "type": "Point",
        "coordinates": [
          136.222962,
          35.183393
        ]
      }
    },
    {
      "type": "Feature",
      "properties": {
        "P27_001": "25442",
        "P27_002": "3",
        "P27_003": "99999",
        "P27_004": "03104",
        "P27_005": "甲良町総合公園",
        "P27_006": "池寺123-2",
        "P27_007": 4,
        "P27_008": -99,
        "P27_009": 9999
      },
      "geometry": {
        "type": "Point",
        "coordinates": [
          136.270131,
          35.18752
        ]
      }
    },
    {
      "type": "Feature",
      "properties": {
        "P27_001": "25442",
        "P27_002": "3",
        "P27_003": "99999",
        "P27_004": "03102",
        "P27_005": "甲良町総合公園",
        "P27_006": "池寺123-2",
        "P27_007": 4,
        "P27_008": -99,
        "P27_009": 9999
      },
      "geometry": {
        "type": "Point",
        "coordinates": [
          136.268672,
          35.187877
        ]
      }
    },
    {
      "type": "Feature",
      "properties": {
        "P27_001": "25202",
        "P27_002": "3",
        "P27_003": "99999",
        "P27_004": "03115",
        "P27_005": "呉竹児童公園施設",
        "P27_006": "葛籠町",
        "P27_007": 4,
        "P27_008": -99,
        "P27_009": 9999
      },
      "geometry": {
        "type": "Point",
        "coordinates": [
          136.250477,
          35.223679
        ]
      }
    },
    {
      "type": "Feature",
      "properties": {
        "P27_001": "25202",
        "P27_002": "3",
        "P27_003": "99999",
        "P27_004": "03104",
        "P27_005": "呉竹児童公園施設",
        "P27_006": "葛籠町",
        "P27_007": 4,
        "P27_008": -99,
        "P27_009": 9999
      },
      "geometry": {
        "type": "Point",
        "coordinates": [
          136.250848,
          35.223303
        ]
      }
    },
    {
      "type": "Feature",
      "properties": {
        "P27_001": "25443",
        "P27_002": "3",
        "P27_003": "99999",
        "P27_004": "03109",
        "P27_005": "多賀町Ｂ＆Ｇ海洋センター",
        "P27_006": "多賀245-2",
        "P27_007": 3,
        "P27_008": -99,
        "P27_009": 9999
      },
      "geometry": {
        "type": "Point",
        "coordinates": [
          136.294245,
          35.220087
        ]
      }
    },
    {
      "type": "Feature",
      "properties": {
        "P27_001": "25443",
        "P27_002": "3",
        "P27_003": "99999",
        "P27_004": "03106",
        "P27_005": "多賀町Ｂ＆Ｇ海洋センター",
        "P27_006": "多賀245-2",
        "P27_007": 3,
        "P27_008": -99,
        "P27_009": 9999
      },
      "geometry": {
        "type": "Point",
        "coordinates": [
          136.294488,
          35.219105
        ]
      }
    },
    {
      "type": "Feature",
      "properties": {
        "P27_001": "25443",
        "P27_002": "3",
        "P27_003": "99999",
        "P27_004": "03137",
        "P27_005": "多賀町Ｂ＆Ｇ海洋センター",
        "P27_006": "多賀245-2",
        "P27_007": 3,
        "P27_008": -99,
        "P27_009": 9999
      },
      "geometry": {
        "type": "Point",
        "coordinates": [
          136.29415,
          35.21947
        ]
      }
    },
    {
      "type": "Feature",
      "properties": {
        "P27_001": "25443",
        "P27_002": "3",
        "P27_003": "99999",
        "P27_004": "03109",
        "P27_005": "勤労者体育センター",
        "P27_006": "多賀1330",
        "P27_007": 3,
        "P27_008": -99,
        "P27_009": 9999
      },
      "geometry": {
        "type": "Point",
        "coordinates": [
          136.283908,
          35.225409
        ]
      }
    },
    {
      "type": "Feature",
      "properties": {
        "P27_001": "25443",
        "P27_002": "3",
        "P27_003": "99999",
        "P27_004": "03109",
        "P27_005": "滝の宮スポーツ公園",
        "P27_006": "富之尾1586-5",
        "P27_007": 3,
        "P27_008": -99,
        "P27_009": 9999
      },
      "geometry": {
        "type": "Point",
        "coordinates": [
          136.296505,
          35.192825
        ]
      }
    },
    {
      "type": "Feature",
      "properties": {
        "P27_001": "25443",
        "P27_002": "3",
        "P27_003": "99999",
        "P27_004": "03102",
        "P27_005": "滝の宮スポーツ公園",
        "P27_006": "富之尾1586-5",
        "P27_007": 3,
        "P27_008": -99,
        "P27_009": 9999
      },
      "geometry": {
        "type": "Point",
        "coordinates": [
          136.296705,
          35.191684
        ]
      }
    },
    {
      "type": "Feature",
      "properties": {
        "P27_001": "25443",
        "P27_002": "3",
        "P27_003": "99999",
        "P27_004": "03115",
        "P27_005": "滝の宮スポーツ公園",
        "P27_006": "富之尾1586-5",
        "P27_007": 3,
        "P27_008": -99,
        "P27_009": 9999
      },
      "geometry": {
        "type": "Point",
        "coordinates": [
          136.297429,
          35.191951
        ]
      }
    },
    {
      "type": "Feature",
      "properties": {
        "P27_001": "25443",
        "P27_002": "3",
        "P27_003": "99999",
        "P27_004": "03106",
        "P27_005": "滝の宮スポーツ公園",
        "P27_006": "富之尾1586-5",
        "P27_007": 3,
        "P27_008": -99,
        "P27_009": 9999
      },
      "geometry": {
        "type": "Point",
        "coordinates": [
          136.296259,
          35.192271
        ]
      }
    },
    {
      "type": "Feature",
      "properties": {
        "P27_001": "25212",
        "P27_002": "3",
        "P27_003": "99999",
        "P27_004": "03142",
        "P27_005": "守口市安曇川レクリエーションセンターキャンプ場",
        "P27_006": "安曇川町長尾最正1013-1",
        "P27_007": 3,
        "P27_008": -99,
        "P27_009": 9999
      },
      "geometry": {
        "type": "Point",
        "coordinates": [
          135.957979,
          35.359592
        ]
      }
    },
    {
      "type": "Feature",
      "properties": {
        "P27_001": "25212",
        "P27_002": "3",
        "P27_003": "99999",
        "P27_004": "03142",
        "P27_005": "吹田市立少年自然の家",
        "P27_006": "今津町南生見",
        "P27_007": 3,
        "P27_008": -99,
        "P27_009": 9999
      },
      "geometry": {
        "type": "Point",
        "coordinates": [
          135.98009,
          35.399869
        ]
      }
    },
    {
      "type": "Feature",
      "properties": {
        "P27_001": "25212",
        "P27_002": "3",
        "P27_003": "99999",
        "P27_004": "03109",
        "P27_005": "大阪市立びわ湖青少年の家",
        "P27_006": "勝野1523-1",
        "P27_007": 4,
        "P27_008": 2,
        "P27_009": 9999
      },
      "geometry": {
        "type": "Point",
        "coordinates": [
          136.01799,
          35.296104
        ]
      }
    },
    {
      "type": "Feature",
      "properties": {
        "P27_001": "25212",
        "P27_002": "3",
        "P27_003": "99999",
        "P27_004": "03137",
        "P27_005": "大阪市立びわ湖青少年の家",
        "P27_006": "勝野1523-1",
        "P27_007": 4,
        "P27_008": 2,
        "P27_009": 9999
      },
      "geometry": {
        "type": "Point",
        "coordinates": [
          136.01799,
          35.296104
        ]
      }
    }
  ],
  "bbox": [
    135.830159,
    34.878605,
    136.399912,
    35.54863
  ]
}