{
  "type": "FeatureCollection",
  "features": [
    {
      "type": "Feature",
      "properties": {
        "P27_001": "28101",
        "P27_002": "3",
        "P27_003": "03001",
        "P27_004": "03001",
        "P27_005": "香雪美術館",
        "P27_006": "御影郡家2-12-1",
        "P27_007": 4,
        "P27_008": 2,
        "P27_009": 1973
      },
      "geometry": {
        "type": "Point",
        "coordinates": [
          135.25609999999998,
          34.723524
        ]
      }
    },
    {
      "type": "Feature",
      "properties": {
        "P27_001": "28101",
        "P27_002": "3",
        "P27_003": "03001",
        "P27_004": "03001",
        "P27_005": "神戸ファッション美術館",
        "P27_006": "向洋町中2-9-1",
        "P27_007": 3,
        "P27_008": -99,
        "P27_009": 1997
      },
      "geometry": {
        "type": "Point",
        "coordinates": [
          135.27054400000003,
          34.68824999999997
        ]
      }
    },
    {
      "type": "Feature",
      "properties": {
        "P27_001": "28101",
        "P27_002": "3",
        "P27_003": "03001",
        "P27_004": "03001",
        "P27_005": "神戸市立小磯記念美術館",
        "P27_006": "向洋町中5-7（六甲アイランド公園内）",
        "P27_007": 3,
        "P27_008": 2,
        "P27_009": 1992
      },
      "geometry": {
        "type": "Point",
        "coordinates": [
          135.26748799999996,
          34.69269399999996
        ]
      }
    },
    {
      "type": "Feature",
      "properties": {
        "P27_001": "28101",
        "P27_002": "3",
        "P27_003": "03001",
        "P27_004": "03001",
        "P27_005": "白鶴美術館",
        "P27_006": "住吉山手6-1-1",
        "P27_007": 4,
        "P27_008": 2,
        "P27_009": 1934
      },
      "geometry": {
        "type": "Point",
        "coordinates": [
          135.25804399999998,
          34.73074599999998
        ]
      }
    },
    {
      "type": "Feature",
      "properties": {
        "P27_001": "28110",
        "P27_002": "3",
        "P27_003": "03001",
        "P27_004": "03001",
        "P27_005": "神戸北野美術館",
        "P27_006": "北野町2-9-6（異人館ホワイトハウス）",
        "P27_007": 4,
        "P27_008": 1,
        "P27_009": 1898
      },
      "geometry": {
        "type": "Point",
        "coordinates": [
          135.19156699999996,
          34.70128599999997
        ]
      }
    },
    {
      "type": "Feature",
      "properties": {
        "P27_001": "28110",
        "P27_002": "3",
        "P27_003": "03001",
        "P27_004": "03001",
        "P27_005": "兵庫県立美術館",
        "P27_006": "脇浜海岸通1-1-1",
        "P27_007": 2,
        "P27_008": 4,
        "P27_009": 2002
      },
      "geometry": {
        "type": "Point",
        "coordinates": [
          135.21803299999996,
          34.69913000000002
        ]
      }
    },
    {
      "type": "Feature",
      "properties": {
        "P27_001": "28201",
        "P27_002": "3",
        "P27_003": "03001",
        "P27_004": "03001",
        "P27_005": "姫路市書写の里・美術工芸館",
        "P27_006": "書写1223",
        "P27_007": 3,
        "P27_008": 2,
        "P27_009": 1994
      },
      "geometry": {
        "type": "Point",
        "coordinates": [
          134.66660799999997,
          34.88071200000002
        ]
      }
    },
    {
      "type": "Feature",
      "properties": {
        "P27_001": "28201",
        "P27_002": "3",
        "P27_003": "03001",
        "P27_004": "03001",
        "P27_005": "姫路市立美術館",
        "P27_006": "本町68-25",
        "P27_007": 3,
        "P27_008": -99,
        "P27_009": 1983
      },
      "geometry": {
        "type": "Point",
        "coordinates": [
          134.696428,
          34.83928200000001
        ]
      }
    },
    {
      "type": "Feature",
      "properties": {
        "P27_001": "28201",
        "P27_002": "3",
        "P27_003": "03001",
        "P27_004": "03001",
        "P27_005": "圓山記念日本工藝美術館",
        "P27_006": "西今宿1-1-8",
        "P27_007": 4,
        "P27_008": -99,
        "P27_009": 1991
      },
      "geometry": {
        "type": "Point",
        "coordinates": [
          134.662538,
          34.83852699999998
        ]
      }
    },
    {
      "type": "Feature",
      "properties": {
        "P27_001": "28204",
        "P27_002": "3",
        "P27_003": "03001",
        "P27_004": "03001",
        "P27_005": "頴川美術館",
        "P27_006": "上甲東園1-10-40",
        "P27_007": 4,
        "P27_008": 2,
        "P27_009": 1973
      },
      "geometry": {
        "type": "Point",
        "coordinates": [
          135.35747899999998,
          34.76685400000001
        ]
      }
    },
    {
      "type": "Feature",
      "properties": {
        "P27_001": "28204",
        "P27_002": "3",
        "P27_003": "03001",
        "P27_004": "03001",
        "P27_005": "西宮市大谷記念美術館",
        "P27_006": "中浜町4-38",
        "P27_007": 4,
        "P27_008": -99,
        "P27_009": 1972
      },
      "geometry": {
        "type": "Point",
        "coordinates": [
          135.32464900000002,
          34.73210799999997
        ]
      }
    },
    {
      "type": "Feature",
      "properties": {
        "P27_001": "28204",
        "P27_002": "3",
        "P27_003": "03001",
        "P27_004": "03001",
        "P27_005": "大手前アートセンター",
        "P27_006": "御茶家所町6-42",
        "P27_007": 4,
        "P27_008": 3,
        "P27_009": 1992
      },
      "geometry": {
        "type": "Point",
        "coordinates": [
          135.324638,
          34.737747999999975
        ]
      }
    },
    {
      "type": "Feature",
      "properties": {
        "P27_001": "28206",
        "P27_002": "3",
        "P27_003": "03001",
        "P27_004": "03001",
        "P27_005": "エンバ中国近代美術館",
        "P27_006": "奥池町12-1",
        "P27_007": 4,
        "P27_008": -99,
        "P27_009": 1980
      },
      "geometry": {
        "type": "Point",
        "coordinates": [
          135.28522699999996,
          34.77285600000003
        ]
      }
    },
    {
      "type": "Feature",
      "properties": {
        "P27_001": "28206",
        "P27_002": "3",
        "P27_003": "03001",
        "P27_004": "03001",
        "P27_005": "芦屋市立美術博物館",
        "P27_006": "伊勢町12-25",
        "P27_007": 3,
        "P27_008": 2,
        "P27_009": 1991
      },
      "geometry": {
        "type": "Point",
        "coordinates": [
          135.31051099999996,
          34.72177499999997
        ]
      }
    },
    {
      "type": "Feature",
      "properties": {
        "P27_001": "28206",
        "P27_002": "3",
        "P27_003": "03001",
        "P27_004": "03001",
        "P27_005": "滴翠美術館",
        "P27_006": "山芦屋町13-3",
        "P27_007": 4,
        "P27_008": 3,
        "P27_009": 9999
      },
      "geometry": {
        "type": "Point",
        "coordinates": [
          135.296651,
          34.73935599999997
        ]
      }
    },
    {
      "type": "Feature",
      "properties": {
        "P27_001": "28206",
        "P27_002": "3",
        "P27_003": "03001",
        "P27_004": "03001",
        "P27_005": "俵美術館",
        "P27_006": "月若町6-1",
        "P27_007": 4,
        "P27_008": -99,
        "P27_009": 1988
      },
      "geometry": {
        "type": "Point",
        "coordinates": [
          135.30053999999998,
          34.73491199999998
        ]
      }
    },
    {
      "type": "Feature",
      "properties": {
        "P27_001": "28207",
        "P27_002": "3",
        "P27_003": "03001",
        "P27_004": "03001",
        "P27_005": "伊丹市立美術館",
        "P27_006": "宮ノ前2-5-20",
        "P27_007": 3,
        "P27_008": 2,
        "P27_009": 1987
      },
      "geometry": {
        "type": "Point",
        "coordinates": [
          135.417251,
          34.78254800000002
        ]
      }
    },
    {
      "type": "Feature",
      "properties": {
        "P27_001": "28209",
        "P27_002": "3",
        "P27_003": "03001",
        "P27_004": "03001",
        "P27_005": "伊藤清永美術館",
        "P27_006": "出石町内町98",
        "P27_007": 3,
        "P27_008": 2,
        "P27_009": 1989
      },
      "geometry": {
        "type": "Point",
        "coordinates": [
          134.87292000000002,
          35.461796999999976
        ]
      }
    },
    {
      "type": "Feature",
      "properties": {
        "P27_001": "28209",
        "P27_002": "3",
        "P27_003": "03001",
        "P27_004": "03001",
        "P27_005": "城崎美術館",
        "P27_006": "城崎町湯島985-2（温泉寺境内）",
        "P27_007": 3,
        "P27_008": 1,
        "P27_009": 1971
      },
      "geometry": {
        "type": "Point",
        "coordinates": [
          134.80049300000002,
          35.62425700000002
        ]
      }
    },
    {
      "type": "Feature",
      "properties": {
        "P27_001": "28209",
        "P27_002": "3",
        "P27_003": "03001",
        "P27_004": "03001",
        "P27_005": "兵庫県立円山川公苑美術館",
        "P27_006": "小島1163",
        "P27_007": 2,
        "P27_008": 2,
        "P27_009": 1988
      },
      "geometry": {
        "type": "Point",
        "coordinates": [
          134.82606099999998,
          35.63381600000001
        ]
      }
    },
    {
      "type": "Feature",
      "properties": {
        "P27_001": "28212",
        "P27_002": "3",
        "P27_003": "03001",
        "P27_004": "03001",
        "P27_005": "赤穂市立美術工芸館田淵記念館",
        "P27_006": "御崎314-10",
        "P27_007": 3,
        "P27_008": -99,
        "P27_009": 1997
      },
      "geometry": {
        "type": "Point",
        "coordinates": [
          134.40687799999998,
          34.73074999999996
        ]
      }
    },
    {
      "type": "Feature",
      "properties": {
        "P27_001": "28213",
        "P27_002": "3",
        "P27_003": "03001",
        "P27_004": "03001",
        "P27_005": "西脇市岡之山美術館",
        "P27_006": "上比延町345-1",
        "P27_007": 4,
        "P27_008": -99,
        "P27_009": 1984
      },
      "geometry": {
        "type": "Point",
        "coordinates": [
          134.99793200000002,
          35.00202899999999
        ]
      }
    },
    {
      "type": "Feature",
      "properties": {
        "P27_001": "28214",
        "P27_002": "3",
        "P27_003": "03001",
        "P27_004": "03001",
        "P27_005": "鉄斎美術館",
        "P27_006": "米谷字清シ1（清荒神清澄寺山内）",
        "P27_007": 4,
        "P27_008": 1,
        "P27_009": 1975
      },
      "geometry": {
        "type": "Point",
        "coordinates": [
          135.35276400000004,
          34.82173499999998
        ]
      }
    },
    {
      "type": "Feature",
      "properties": {
        "P27_001": "28214",
        "P27_002": "3",
        "P27_003": "03001",
        "P27_004": "03001",
        "P27_005": "宝塚市立手塚治虫記念館",
        "P27_006": "武庫川町7-65",
        "P27_007": 3,
        "P27_008": 2,
        "P27_009": 1994
      },
      "geometry": {
        "type": "Point",
        "coordinates": [
          135.348312,
          34.80712700000003
        ]
      }
    },
    {
      "type": "Feature",
      "properties": {
        "P27_001": "28215",
        "P27_002": "3",
        "P27_003": "03001",
        "P27_004": "03001",
        "P27_005": "三木市立堀光美術館",
        "P27_006": "上の丸町4-5",
        "P27_007": 3,
        "P27_008": 2,
        "P27_009": 1982
      },
      "geometry": {
        "type": "Point",
        "coordinates": [
          134.986772,
          34.79864599999997
        ]
      }
    },
    {
      "type": "Feature",
      "properties": {
        "P27_001": "28220",
        "P27_002": "3",
        "P27_003": "03001",
        "P27_004": "03001",
        "P27_005": "一乗寺宝物館",
        "P27_006": "坂本町821-17",
        "P27_007": 4,
        "P27_008": -99,
        "P27_009": 1945
      },
      "geometry": {
        "type": "Point",
        "coordinates": [
          134.81901799999997,
          34.859282999999955
        ]
      }
    },
    {
      "type": "Feature",
      "properties": {
        "P27_001": "28221",
        "P27_002": "3",
        "P27_003": "03001",
        "P27_004": "03001",
        "P27_005": "篠山市立歴史美術館",
        "P27_006": "呉服町53",
        "P27_007": 3,
        "P27_008": -99,
        "P27_009": 1891
      },
      "geometry": {
        "type": "Point",
        "coordinates": [
          135.21996800000002,
          35.077204
        ]
      }
    },
    {
      "type": "Feature",
      "properties": {
        "P27_001": "28221",
        "P27_002": "3",
        "P27_003": "03001",
        "P27_004": "03001",
        "P27_005": "丹波古陶館",
        "P27_006": "河原町185",
        "P27_007": 4,
        "P27_008": 1,
        "P27_009": 1969
      },
      "geometry": {
        "type": "Point",
        "coordinates": [
          135.224811,
          35.071782999999996
        ]
      }
    },
    {
      "type": "Feature",
      "properties": {
        "P27_001": "28221",
        "P27_002": "3",
        "P27_003": "03001",
        "P27_004": "03001",
        "P27_005": "丹波立杭焼伝統産業会館",
        "P27_006": "今田町上立杭3",
        "P27_007": 3,
        "P27_008": -99,
        "P27_009": 1985
      },
      "geometry": {
        "type": "Point",
        "coordinates": [
          135.132081,
          34.981041000000005
        ]
      }
    },
    {
      "type": "Feature",
      "properties": {
        "P27_001": "28221",
        "P27_002": "3",
        "P27_003": "03001",
        "P27_004": "03001",
        "P27_005": "能楽資料館",
        "P27_006": "河原町175",
        "P27_007": 4,
        "P27_008": 2,
        "P27_009": 1976
      },
      "geometry": {
        "type": "Point",
        "coordinates": [
          135.22569600000003,
          35.073024000000004
        ]
      }
    },
    {
      "type": "Feature",
      "properties": {
        "P27_001": "28221",
        "P27_002": "3",
        "P27_003": "03001",
        "P27_004": "03001",
        "P27_005": "兵庫陶芸美術館",
        "P27_006": "今田町上立杭4",
        "P27_007": 2,
        "P27_008": 2,
        "P27_009": 2005
      },
      "geometry": {
        "type": "Point",
        "coordinates": [
          135.13087199999998,
          34.983539000000015
        ]
      }
    },
    {
      "type": "Feature",
      "properties": {
        "P27_001": "28223",
        "P27_002": "3",
        "P27_003": "03001",
        "P27_004": "03001",
        "P27_005": "丹波市立植野記念美術館",
        "P27_006": "氷上町西中615-4",
        "P27_007": 3,
        "P27_008": 4,
        "P27_009": 1994
      },
      "geometry": {
        "type": "Point",
        "coordinates": [
          135.039207,
          35.17326699999998
        ]
      }
    },
    {
      "type": "Feature",
      "properties": {
        "P27_001": "28224",
        "P27_002": "3",
        "P27_003": "03001",
        "P27_004": "03001",
        "P27_005": "南あわじ市滝川記念美術館・玉青館",
        "P27_006": "松帆西路1137-1",
        "P27_007": 3,
        "P27_008": 2,
        "P27_009": 1991
      },
      "geometry": {
        "type": "Point",
        "coordinates": [
          134.734117,
          34.316265000000016
        ]
      }
    },
    {
      "type": "Feature",
      "properties": {
        "P27_001": "28225",
        "P27_002": "3",
        "P27_003": "03001",
        "P27_004": "03001",
        "P27_005": "あさご芸術の森美術館-淀井敏夫記念館-",
        "P27_006": "多々良木739-3",
        "P27_007": 3,
        "P27_008": -99,
        "P27_009": 1999
      },
      "geometry": {
        "type": "Point",
        "coordinates": [
          134.830063,
          35.238093
        ]
      }
    },
    {
      "type": "Feature",
      "properties": {
        "P27_001": "28225",
        "P27_002": "3",
        "P27_003": "03001",
        "P27_004": "03001",
        "P27_005": "但陽美術館",
        "P27_006": "生野町口銀谷538",
        "P27_007": 4,
        "P27_008": -99,
        "P27_009": 1975
      },
      "geometry": {
        "type": "Point",
        "coordinates": [
          134.79333200000002,
          35.168697000000044
        ]
      }
    },
    {
      "type": "Feature",
      "properties": {
        "P27_001": "28585",
        "P27_002": "3",
        "P27_003": "03001",
        "P27_004": "03001",
        "P27_005": "大乗寺円山派古画展覧場",
        "P27_006": "香住区森860",
        "P27_007": 4,
        "P27_008": -99,
        "P27_009": 745
      },
      "geometry": {
        "type": "Point",
        "coordinates": [
          134.62581900000004,
          35.62358300000003
        ]
      }
    },
    {
      "type": "Feature",
      "properties": {
        "P27_001": "28101",
        "P27_002": "3",
        "P27_003": "03002",
        "P27_004": "03002",
        "P27_005": "菊正宗酒造記念館",
        "P27_006": "魚崎西町1-9-1",
        "P27_007": 4,
        "P27_008": 2,
        "P27_009": 1999
      },
      "geometry": {
        "type": "Point",
        "coordinates": [
          135.26785800000002,
          34.70868700000002
        ]
      }
    },
    {
      "type": "Feature",
      "properties": {
        "P27_001": "28101",
        "P27_002": "3",
        "P27_003": "03002",
        "P27_004": "03002",
        "P27_005": "神戸深江生活文化史料館",
        "P27_006": "深江本町3-5-7",
        "P27_007": 3,
        "P27_008": -99,
        "P27_009": 1981
      },
      "geometry": {
        "type": "Point",
        "coordinates": [
          135.29269499999998,
          34.72225899999996
        ]
      }
    },
    {
      "type": "Feature",
      "properties": {
        "P27_001": "28101",
        "P27_002": "3",
        "P27_003": "03002",
        "P27_004": "03002",
        "P27_005": "白鶴酒造資料館",
        "P27_006": "住吉南町4-5-5",
        "P27_007": 4,
        "P27_008": -99,
        "P27_009": 1982
      },
      "geometry": {
        "type": "Point",
        "coordinates": [
          135.26104299999997,
          34.71028200000001
        ]
      }
    },
    {
      "type": "Feature",
      "properties": {
        "P27_001": "28102",
        "P27_002": "3",
        "P27_003": "03002",
        "P27_004": "03002",
        "P27_005": "「昔の酒蔵」沢の鶴資料館",
        "P27_006": "大石南町1-29-1",
        "P27_007": 4,
        "P27_008": -99,
        "P27_009": 1978
      },
      "geometry": {
        "type": "Point",
        "coordinates": [
          135.232874,
          34.70355500000004
        ]
      }
    },
    {
      "type": "Feature",
      "properties": {
        "P27_001": "28102",
        "P27_002": "3",
        "P27_003": "03002",
        "P27_004": "03002",
        "P27_005": "オルゴール・ミュージアムホール・オブ・ホールズ六甲",
        "P27_006": "六甲山町北六甲4512-145",
        "P27_007": 4,
        "P27_008": 2,
        "P27_009": 1994
      },
      "geometry": {
        "type": "Point",
        "coordinates": [
          135.238322,
          34.761685999999976
        ]
      }
    },
    {
      "type": "Feature",
      "properties": {
        "P27_001": "28102",
        "P27_002": "3",
        "P27_003": "03002",
        "P27_004": "03002",
        "P27_005": "兵庫県立六甲山自然保護センター",
        "P27_006": "六甲山町北六甲123",
        "P27_007": 2,
        "P27_008": 1,
        "P27_009": 1975
      },
      "geometry": {
        "type": "Point",
        "coordinates": [
          135.22940600000004,
          34.75692900000002
        ]
      }
    },
    {
      "type": "Feature",
      "properties": {
        "P27_001": "28105",
        "P27_002": "3",
        "P27_003": "03002",
        "P27_004": "03002",
        "P27_005": "神戸市水の科学博物館",
        "P27_006": "楠谷町37-1",
        "P27_007": 3,
        "P27_008": 2,
        "P27_009": 1989
      },
      "geometry": {
        "type": "Point",
        "coordinates": [
          135.17351899999994,
          34.69401300000003
        ]
      }
    },
    {
      "type": "Feature",
      "properties": {
        "P27_001": "28107",
        "P27_002": "3",
        "P27_003": "03002",
        "P27_004": "03002",
        "P27_005": "須磨寺宝物殿",
        "P27_006": "須磨寺町4-6-8",
        "P27_007": 4,
        "P27_008": 2,
        "P27_009": 1962
      },
      "geometry": {
        "type": "Point",
        "coordinates": [
          135.111636,
          34.64889299999997
        ]
      }
    },
    {
      "type": "Feature",
      "properties": {
        "P27_001": "28107",
        "P27_002": "3",
        "P27_003": "03002",
        "P27_004": "03002",
        "P27_005": "百耕資料館",
        "P27_006": "板宿町2-2-1（育英幼稚園内）",
        "P27_007": 4,
        "P27_008": -99,
        "P27_009": 1988
      },
      "geometry": {
        "type": "Point",
        "coordinates": [
          135.13023000000004,
          34.66196999999999
        ]
      }
    },
    {
      "type": "Feature",
      "properties": {
        "P27_001": "28108",
        "P27_002": "3",
        "P27_003": "03002",
        "P27_004": "03002",
        "P27_005": "孫中山記念館（重要文化財・移情閣）",
        "P27_006": "東舞子町2051",
        "P27_007": 4,
        "P27_008": -99,
        "P27_009": 1984
      },
      "geometry": {
        "type": "Point",
        "coordinates": [
          135.03440399999997,
          34.630095999999995
        ]
      }
    },
    {
      "type": "Feature",
      "properties": {
        "P27_001": "28109",
        "P27_002": "3",
        "P27_003": "03002",
        "P27_004": "03002",
        "P27_005": "切手文化博物館",
        "P27_006": "有馬町663-3",
        "P27_007": 4,
        "P27_008": -99,
        "P27_009": 2005
      },
      "geometry": {
        "type": "Point",
        "coordinates": [
          135.25122500000003,
          34.79862200000003
        ]
      }
    },
    {
      "type": "Feature",
      "properties": {
        "P27_001": "28110",
        "P27_002": "3",
        "P27_003": "03002",
        "P27_004": "03002",
        "P27_005": "ＵＣＣコーヒー博物館",
        "P27_006": "港島中町6-6-2",
        "P27_007": 4,
        "P27_008": 3,
        "P27_009": 1987
      },
      "geometry": {
        "type": "Point",
        "coordinates": [
          135.216903,
          34.66516800000001
        ]
      }
    },
    {
      "type": "Feature",
      "properties": {
        "P27_001": "28110",
        "P27_002": "3",
        "P27_003": "03002",
        "P27_004": "03002",
        "P27_005": "神戸らんぷミュージアム",
        "P27_006": "京町80（クリエイト神戸2・3階）",
        "P27_007": 4,
        "P27_008": 14,
        "P27_009": 1999
      },
      "geometry": {
        "type": "Point",
        "coordinates": [
          135.19412900000003,
          34.68822099999997
        ]
      }
    },
    {
      "type": "Feature",
      "properties": {
        "P27_001": "28110",
        "P27_002": "3",
        "P27_003": "03002",
        "P27_004": "03002",
        "P27_005": "神戸華僑歴史博物館",
        "P27_006": "海岸通3-1-1",
        "P27_007": 4,
        "P27_008": 10,
        "P27_009": 1979
      },
      "geometry": {
        "type": "Point",
        "coordinates": [
          135.18716499999996,
          34.68599100000002
        ]
      }
    },
    {
      "type": "Feature",
      "properties": {
        "P27_001": "28110",
        "P27_002": "3",
        "P27_003": "03002",
        "P27_004": "03002",
        "P27_005": "神戸海洋博物館",
        "P27_006": "波止場町2-2（メリケンパーク内）",
        "P27_007": 4,
        "P27_008": 2,
        "P27_009": 1987
      },
      "geometry": {
        "type": "Point",
        "coordinates": [
          135.188257,
          34.68281800000003
        ]
      }
    },
    {
      "type": "Feature",
      "properties": {
        "P27_001": "28110",
        "P27_002": "3",
        "P27_003": "03002",
        "P27_004": "03002",
        "P27_005": "神戸市立青少年科学館",
        "P27_006": "港島中町7-7-6",
        "P27_007": 3,
        "P27_008": -99,
        "P27_009": 1984
      },
      "geometry": {
        "type": "Point",
        "coordinates": [
          135.21847500000004,
          34.66637399999996
        ]
      }
    },
    {
      "type": "Feature",
      "properties": {
        "P27_001": "28110",
        "P27_002": "3",
        "P27_003": "03002",
        "P27_004": "03002",
        "P27_005": "神戸市立博物館",
        "P27_006": "京町24",
        "P27_007": 3,
        "P27_008": 5,
        "P27_009": 1975
      },
      "geometry": {
        "type": "Point",
        "coordinates": [
          135.19288299999997,
          34.687222
        ]
      }
    },
    {
      "type": "Feature",
      "properties": {
        "P27_001": "28110",
        "P27_002": "3",
        "P27_003": "03002",
        "P27_004": "03002",
        "P27_005": "竹中大工道具館",
        "P27_006": "中山手通4-18-25",
        "P27_007": 4,
        "P27_008": -99,
        "P27_009": 1984
      },
      "geometry": {
        "type": "Point",
        "coordinates": [
          135.18443900000003,
          34.69352599999997
        ]
      }
    },
    {
      "type": "Feature",
      "properties": {
        "P27_001": "28110",
        "P27_002": "3",
        "P27_003": "03002",
        "P27_004": "03002",
        "P27_005": "湊川神社宝物殿",
        "P27_006": "多聞通3-1-1",
        "P27_007": 4,
        "P27_008": 2,
        "P27_009": 1963
      },
      "geometry": {
        "type": "Point",
        "coordinates": [
          135.17521,
          34.68192900000002
        ]
      }
    },
    {
      "type": "Feature",
      "properties": {
        "P27_001": "28111",
        "P27_002": "3",
        "P27_003": "03002",
        "P27_004": "03002",
        "P27_005": "神戸市埋蔵文化財センター",
        "P27_006": "糀台6（西神中央公園内）",
        "P27_007": 3,
        "P27_008": 3,
        "P27_009": 1991
      },
      "geometry": {
        "type": "Point",
        "coordinates": [
          135.01788899999997,
          34.71477299999998
        ]
      }
    },
    {
      "type": "Feature",
      "properties": {
        "P27_001": "28111",
        "P27_002": "3",
        "P27_003": "03002",
        "P27_004": "03002",
        "P27_005": "長福寺考古資料館",
        "P27_006": "押部谷町養田369",
        "P27_007": 4,
        "P27_008": 1,
        "P27_009": 1968
      },
      "geometry": {
        "type": "Point",
        "coordinates": [
          135.01167,
          34.73380600000004
        ]
      }
    },
    {
      "type": "Feature",
      "properties": {
        "P27_001": "28201",
        "P27_002": "3",
        "P27_003": "03002",
        "P27_004": "03002",
        "P27_005": "香寺民俗資料館",
        "P27_006": "香寺町中仁野336",
        "P27_007": 4,
        "P27_008": 1,
        "P27_009": 1971
      },
      "geometry": {
        "type": "Point",
        "coordinates": [
          134.74183799999997,
          34.908385999999965
        ]
      }
    },
    {
      "type": "Feature",
      "properties": {
        "P27_001": "28201",
        "P27_002": "3",
        "P27_003": "03002",
        "P27_004": "03002",
        "P27_005": "日本玩具博物館",
        "P27_006": "香寺町中仁野671-3",
        "P27_007": 4,
        "P27_008": 2,
        "P27_009": 1974
      },
      "geometry": {
        "type": "Point",
        "coordinates": [
          134.745255,
          34.90758099999997
        ]
      }
    },
    {
      "type": "Feature",
      "properties": {
        "P27_001": "28201",
        "P27_002": "3",
        "P27_003": "03002",
        "P27_004": "03002",
        "P27_005": "姫路科学館",
        "P27_006": "青山1470-15",
        "P27_007": 3,
        "P27_008": 4,
        "P27_009": 1993
      },
      "geometry": {
        "type": "Point",
        "coordinates": [
          134.62693400000003,
          34.851723999999976
        ]
      }
    },
    {
      "type": "Feature",
      "properties": {
        "P27_001": "28201",
        "P27_002": "3",
        "P27_003": "03002",
        "P27_004": "03002",
        "P27_005": "姫路文学館",
        "P27_006": "山野井町84",
        "P27_007": 3,
        "P27_008": -99,
        "P27_009": 1991
      },
      "geometry": {
        "type": "Point",
        "coordinates": [
          134.68840100000003,
          34.841565999999986
        ]
      }
    },
    {
      "type": "Feature",
      "properties": {
        "P27_001": "28201",
        "P27_002": "3",
        "P27_003": "03002",
        "P27_004": "03002",
        "P27_005": "兵庫県立歴史博物館",
        "P27_006": "本町68",
        "P27_007": 2,
        "P27_008": 2,
        "P27_009": 1982
      },
      "geometry": {
        "type": "Point",
        "coordinates": [
          134.69687199999996,
          34.841114999999974
        ]
      }
    },
    {
      "type": "Feature",
      "properties": {
        "P27_001": "28202",
        "P27_002": "3",
        "P27_003": "03002",
        "P27_004": "03002",
        "P27_005": "近松記念館",
        "P27_006": "久々知1-4-38",
        "P27_007": 4,
        "P27_008": 3,
        "P27_009": 1975
      },
      "geometry": {
        "type": "Point",
        "coordinates": [
          135.43179399999997,
          34.74677000000003
        ]
      }
    },
    {
      "type": "Feature",
      "properties": {
        "P27_001": "28202",
        "P27_002": "3",
        "P27_003": "03002",
        "P27_004": "03002",
        "P27_005": "尼崎市立田能資料館",
        "P27_006": "田能6-5-1",
        "P27_007": 3,
        "P27_008": -99,
        "P27_009": 1970
      },
      "geometry": {
        "type": "Point",
        "coordinates": [
          135.43990599999998,
          34.770041
        ]
      }
    },
    {
      "type": "Feature",
      "properties": {
        "P27_001": "28202",
        "P27_002": "3",
        "P27_003": "03002",
        "P27_004": "03002",
        "P27_005": "尼崎信用金庫・世界の貯金箱博物館",
        "P27_006": "西本町北通3-93",
        "P27_007": 4,
        "P27_008": -99,
        "P27_009": 1984
      },
      "geometry": {
        "type": "Point",
        "coordinates": [
          135.41338099999996,
          34.716213000000025
        ]
      }
    },
    {
      "type": "Feature",
      "properties": {
        "P27_001": "28203",
        "P27_002": "3",
        "P27_003": "03002",
        "P27_004": "03002",
        "P27_005": "明石市立天文科学館",
        "P27_006": "人丸町2-6",
        "P27_007": 3,
        "P27_008": 16,
        "P27_009": 1960
      },
      "geometry": {
        "type": "Point",
        "coordinates": [
          135.00151100000002,
          34.649389999999975
        ]
      }
    },
    {
      "type": "Feature",
      "properties": {
        "P27_001": "28203",
        "P27_002": "3",
        "P27_003": "03002",
        "P27_004": "03002",
        "P27_005": "明石市立文化博物館",
        "P27_006": "上ノ丸2-13-1",
        "P27_007": 3,
        "P27_008": 2,
        "P27_009": 1991
      },
      "geometry": {
        "type": "Point",
        "coordinates": [
          134.99529,
          34.651610999999974
        ]
      }
    },
    {
      "type": "Feature",
      "properties": {
        "P27_001": "28204",
        "P27_002": "3",
        "P27_003": "03002",
        "P27_004": "03002",
        "P27_005": "白鹿記念酒造博物館（酒ミュージアム）",
        "P27_006": "鞍掛町8-21",
        "P27_007": 4,
        "P27_008": -99,
        "P27_009": 1982
      },
      "geometry": {
        "type": "Point",
        "coordinates": [
          135.33792599999998,
          34.72794199999997
        ]
      }
    },
    {
      "type": "Feature",
      "properties": {
        "P27_001": "28204",
        "P27_002": "3",
        "P27_003": "03002",
        "P27_004": "03002",
        "P27_005": "西宮市貝類館",
        "P27_006": "西宮浜4-13-4",
        "P27_007": 3,
        "P27_008": -99,
        "P27_009": 1999
      },
      "geometry": {
        "type": "Point",
        "coordinates": [
          135.327927,
          34.71216500000002
        ]
      }
    },
    {
      "type": "Feature",
      "properties": {
        "P27_001": "28204",
        "P27_002": "3",
        "P27_003": "03002",
        "P27_004": "03002",
        "P27_005": "西宮市立郷土資料館",
        "P27_006": "川添町15-26",
        "P27_007": 3,
        "P27_008": -99,
        "P27_009": 1985
      },
      "geometry": {
        "type": "Point",
        "coordinates": [
          135.329782,
          34.730903000000005
        ]
      }
    },
    {
      "type": "Feature",
      "properties": {
        "P27_001": "28204",
        "P27_002": "3",
        "P27_003": "03002",
        "P27_004": "03002",
        "P27_005": "西宮市立郷土資料館分館・名塩和紙学習館",
        "P27_006": "名塩2-10-8",
        "P27_007": 3,
        "P27_008": -99,
        "P27_009": 1989
      },
      "geometry": {
        "type": "Point",
        "coordinates": [
          135.29833399999998,
          34.83043700000003
        ]
      }
    },
    {
      "type": "Feature",
      "properties": {
        "P27_001": "28204",
        "P27_002": "3",
        "P27_003": "03002",
        "P27_004": "03002",
        "P27_005": "辰馬考古資料館",
        "P27_006": "松下町2-28",
        "P27_007": 4,
        "P27_008": -99,
        "P27_009": 1978
      },
      "geometry": {
        "type": "Point",
        "coordinates": [
          135.32859300000004,
          34.73519099999997
        ]
      }
    },
    {
      "type": "Feature",
      "properties": {
        "P27_001": "28204",
        "P27_002": "3",
        "P27_003": "03002",
        "P27_004": "03002",
        "P27_005": "堀江オルゴール博物館",
        "P27_006": "苦楽園4-7-1",
        "P27_007": 4,
        "P27_008": -99,
        "P27_009": 1993
      },
      "geometry": {
        "type": "Point",
        "coordinates": [
          135.30956600000002,
          34.75671599999998
        ]
      }
    },
    {
      "type": "Feature",
      "properties": {
        "P27_001": "28205",
        "P27_002": "3",
        "P27_003": "03002",
        "P27_004": "03002",
        "P27_005": "高田屋顕彰館・歴史文化資料館",
        "P27_006": "五色町都志1087（高田屋喜兵衛公園内）",
        "P27_007": 3,
        "P27_008": -99,
        "P27_009": 1995
      },
      "geometry": {
        "type": "Point",
        "coordinates": [
          134.792661,
          34.415572999999995
        ]
      }
    },
    {
      "type": "Feature",
      "properties": {
        "P27_001": "28205",
        "P27_002": "3",
        "P27_003": "03002",
        "P27_004": "03002",
        "P27_005": "洲本市立淡路文化史料館",
        "P27_006": "山手1-1-27",
        "P27_007": 3,
        "P27_008": 3,
        "P27_009": 1982
      },
      "geometry": {
        "type": "Point",
        "coordinates": [
          134.902212,
          34.34041199999999
        ]
      }
    },
    {
      "type": "Feature",
      "properties": {
        "P27_001": "28206",
        "P27_002": "3",
        "P27_003": "03002",
        "P27_004": "03002",
        "P27_005": "芦屋市谷崎潤一郎記念館",
        "P27_006": "伊勢町12-15",
        "P27_007": 3,
        "P27_008": 2,
        "P27_009": 1988
      },
      "geometry": {
        "type": "Point",
        "coordinates": [
          135.31126799999998,
          34.72224500000004
        ]
      }
    },
    {
      "type": "Feature",
      "properties": {
        "P27_001": "28207",
        "P27_002": "3",
        "P27_003": "03002",
        "P27_004": "03002",
        "P27_005": "伊丹市昆虫館",
        "P27_006": "昆陽池3-1",
        "P27_007": 4,
        "P27_008": -99,
        "P27_009": 1990
      },
      "geometry": {
        "type": "Point",
        "coordinates": [
          135.39478100000002,
          34.791241000000035
        ]
      }
    },
    {
      "type": "Feature",
      "properties": {
        "P27_001": "28207",
        "P27_002": "3",
        "P27_003": "03002",
        "P27_004": "03002",
        "P27_005": "伊丹市立こども文化科学館",
        "P27_006": "桑津3-1-36",
        "P27_007": 3,
        "P27_008": -99,
        "P27_009": 1990
      },
      "geometry": {
        "type": "Point",
        "coordinates": [
          135.433279,
          34.782763000000045
        ]
      }
    },
    {
      "type": "Feature",
      "properties": {
        "P27_001": "28207",
        "P27_002": "3",
        "P27_003": "03002",
        "P27_004": "03002",
        "P27_005": "伊丹市立博物館",
        "P27_006": "千僧1-1-1",
        "P27_007": 3,
        "P27_008": 2,
        "P27_009": 1972
      },
      "geometry": {
        "type": "Point",
        "coordinates": [
          135.40153000000004,
          34.78496399999999
        ]
      }
    },
    {
      "type": "Feature",
      "properties": {
        "P27_001": "28207",
        "P27_002": "3",
        "P27_003": "03002",
        "P27_004": "03002",
        "P27_005": "柿衞文庫",
        "P27_006": "宮ノ前2-5-20",
        "P27_007": 4,
        "P27_008": 2,
        "P27_009": 1984
      },
      "geometry": {
        "type": "Point",
        "coordinates": [
          135.417251,
          34.78254800000002
        ]
      }
    },
    {
      "type": "Feature",
      "properties": {
        "P27_001": "28208",
        "P27_002": "3",
        "P27_003": "03002",
        "P27_004": "03002",
        "P27_005": "相生市立歴史民俗資料館",
        "P27_006": "那波南本町11-1",
        "P27_007": 3,
        "P27_008": -99,
        "P27_009": 1985
      },
      "geometry": {
        "type": "Point",
        "coordinates": [
          134.464424,
          34.80523799999997
        ]
      }
    },
    {
      "type": "Feature",
      "properties": {
        "P27_001": "28209",
        "P27_002": "3",
        "P27_003": "03002",
        "P27_004": "03002",
        "P27_005": "植村直己冒険館",
        "P27_006": "日高町伊府785",
        "P27_007": 3,
        "P27_008": -99,
        "P27_009": 1994
      },
      "geometry": {
        "type": "Point",
        "coordinates": [
          134.73211999999998,
          35.46128499999998
        ]
      }
    },
    {
      "type": "Feature",
      "properties": {
        "P27_001": "28209",
        "P27_002": "3",
        "P27_003": "03002",
        "P27_004": "03002",
        "P27_005": "石の花・華の博物館・玄武洞ミュージアム",
        "P27_006": "赤石1362",
        "P27_007": 4,
        "P27_008": -99,
        "P27_009": 1976
      },
      "geometry": {
        "type": "Point",
        "coordinates": [
          134.80335600000004,
          35.589375000000004
        ]
      }
    },
    {
      "type": "Feature",
      "properties": {
        "P27_001": "28209",
        "P27_002": "3",
        "P27_003": "03002",
        "P27_004": "03002",
        "P27_005": "日本・モンゴル民族博物館",
        "P27_006": "但東町中山711",
        "P27_007": 3,
        "P27_008": -99,
        "P27_009": 1996
      },
      "geometry": {
        "type": "Point",
        "coordinates": [
          134.994806,
          35.49251799999997
        ]
      }
    },
    {
      "type": "Feature",
      "properties": {
        "P27_001": "28209",
        "P27_002": "3",
        "P27_003": "03002",
        "P27_004": "03002",
        "P27_005": "豊岡市出土文化財管理センター・豊岡市立郷土資料館",
        "P27_006": "神美台157-40",
        "P27_007": 3,
        "P27_008": -99,
        "P27_009": 1995
      },
      "geometry": {
        "type": "Point",
        "coordinates": [
          134.86489700000004,
          35.517592999999984
        ]
      }
    },
    {
      "type": "Feature",
      "properties": {
        "P27_001": "28209",
        "P27_002": "3",
        "P27_003": "03002",
        "P27_004": "03002",
        "P27_005": "豊岡市立出石史料館",
        "P27_006": "出石町宵田78",
        "P27_007": 3,
        "P27_008": -99,
        "P27_009": 1977
      },
      "geometry": {
        "type": "Point",
        "coordinates": [
          134.875353,
          35.46369100000001
        ]
      }
    },
    {
      "type": "Feature",
      "properties": {
        "P27_001": "28209",
        "P27_002": "3",
        "P27_003": "03002",
        "P27_004": "03002",
        "P27_005": "豊岡市立城崎文芸館",
        "P27_006": "城崎町湯島357-1",
        "P27_007": 3,
        "P27_008": 2,
        "P27_009": 1977
      },
      "geometry": {
        "type": "Point",
        "coordinates": [
          134.81057900000002,
          35.62521900000004
        ]
      }
    },
    {
      "type": "Feature",
      "properties": {
        "P27_001": "28210",
        "P27_002": "3",
        "P27_003": "03002",
        "P27_004": "03002",
        "P27_005": "加古川総合文化センター",
        "P27_006": "平岡町新在家1224-7",
        "P27_007": 3,
        "P27_008": 2,
        "P27_009": 1985
      },
      "geometry": {
        "type": "Point",
        "coordinates": [
          134.87272499999997,
          34.749423999999976
        ]
      }
    },
    {
      "type": "Feature",
      "properties": {
        "P27_001": "28210",
        "P27_002": "3",
        "P27_003": "03002",
        "P27_004": "03002",
        "P27_005": "鶴林寺収蔵庫宝物館",
        "P27_006": "加古川町北在家424",
        "P27_007": 4,
        "P27_008": -99,
        "P27_009": 1921
      },
      "geometry": {
        "type": "Point",
        "coordinates": [
          134.832753,
          34.75273200000004
        ]
      }
    },
    {
      "type": "Feature",
      "properties": {
        "P27_001": "28212",
        "P27_002": "3",
        "P27_003": "03002",
        "P27_004": "03002",
        "P27_005": "花岳寺宝物館・義士木像堂",
        "P27_006": "加里屋1992",
        "P27_007": 4,
        "P27_008": -99,
        "P27_009": 9999
      },
      "geometry": {
        "type": "Point",
        "coordinates": [
          134.39067,
          34.75285899999997
        ]
      }
    },
    {
      "type": "Feature",
      "properties": {
        "P27_001": "28212",
        "P27_002": "3",
        "P27_003": "03002",
        "P27_004": "03002",
        "P27_005": "赤穂市立海洋科学館",
        "P27_006": "御崎1891-4（赤穂海浜公園内）",
        "P27_007": 3,
        "P27_008": 1,
        "P27_009": 1987
      },
      "geometry": {
        "type": "Point",
        "coordinates": [
          134.39821699999996,
          34.733958
        ]
      }
    },
    {
      "type": "Feature",
      "properties": {
        "P27_001": "28212",
        "P27_002": "3",
        "P27_003": "03002",
        "P27_004": "03002",
        "P27_005": "赤穂市立民俗資料館",
        "P27_006": "加里屋805-2",
        "P27_007": 3,
        "P27_008": -99,
        "P27_009": 1908
      },
      "geometry": {
        "type": "Point",
        "coordinates": [
          134.38223999999997,
          34.749815
        ]
      }
    },
    {
      "type": "Feature",
      "properties": {
        "P27_001": "28212",
        "P27_002": "3",
        "P27_003": "03002",
        "P27_004": "03002",
        "P27_005": "赤穂市立歴史博物館",
        "P27_006": "上仮屋916-1",
        "P27_007": 3,
        "P27_008": 2,
        "P27_009": 1989
      },
      "geometry": {
        "type": "Point",
        "coordinates": [
          134.390462,
          34.747287
        ]
      }
    },
    {
      "type": "Feature",
      "properties": {
        "P27_001": "28212",
        "P27_002": "3",
        "P27_003": "03002",
        "P27_004": "03002",
        "P27_005": "大石神社義士史料館",
        "P27_006": "上仮屋旧城内",
        "P27_007": 4,
        "P27_008": 1,
        "P27_009": 1976
      },
      "geometry": {
        "type": "Point",
        "coordinates": [
          134.388329,
          34.74938600000003
        ]
      }
    },
    {
      "type": "Feature",
      "properties": {
        "P27_001": "28212",
        "P27_002": "3",
        "P27_003": "03002",
        "P27_004": "03002",
        "P27_005": "有年考古館",
        "P27_006": "有年楢原1164-2",
        "P27_007": 4,
        "P27_008": 2,
        "P27_009": 1950
      },
      "geometry": {
        "type": "Point",
        "coordinates": [
          134.38258099999996,
          34.83525399999998
        ]
      }
    },
    {
      "type": "Feature",
      "properties": {
        "P27_001": "28213",
        "P27_002": "3",
        "P27_003": "03002",
        "P27_004": "03002",
        "P27_005": "にしわき経緯度地球科学館「テラ・ドーム」",
        "P27_006": "上比延町334-2",
        "P27_007": 3,
        "P27_008": 2,
        "P27_009": 1993
      },
      "geometry": {
        "type": "Point",
        "coordinates": [
          134.998825,
          34.99996600000001
        ]
      }
    },
    {
      "type": "Feature",
      "properties": {
        "P27_001": "28213",
        "P27_002": "3",
        "P27_003": "03002",
        "P27_004": "03002",
        "P27_005": "西脇市郷土資料館",
        "P27_006": "西脇790-14",
        "P27_007": 3,
        "P27_008": 2,
        "P27_009": 1984
      },
      "geometry": {
        "type": "Point",
        "coordinates": [
          134.97020099999997,
          34.99177700000004
        ]
      }
    },
    {
      "type": "Feature",
      "properties": {
        "P27_001": "28215",
        "P27_002": "3",
        "P27_003": "03002",
        "P27_004": "03002",
        "P27_005": "三木市立金物資料館",
        "P27_006": "上の丸町5-43",
        "P27_007": 3,
        "P27_008": 1,
        "P27_009": 1976
      },
      "geometry": {
        "type": "Point",
        "coordinates": [
          134.988053,
          34.79928300000001
        ]
      }
    },
    {
      "type": "Feature",
      "properties": {
        "P27_001": "28217",
        "P27_002": "3",
        "P27_003": "03002",
        "P27_004": "03002",
        "P27_005": "大阪青山歴史文学博物館",
        "P27_006": "長尾町10-1",
        "P27_007": 4,
        "P27_008": -99,
        "P27_009": 1999
      },
      "geometry": {
        "type": "Point",
        "coordinates": [
          135.420054,
          34.881314
        ]
      }
    },
    {
      "type": "Feature",
      "properties": {
        "P27_001": "28218",
        "P27_002": "3",
        "P27_003": "03002",
        "P27_004": "03002",
        "P27_005": "小野市立好古館",
        "P27_006": "西本町477",
        "P27_007": 3,
        "P27_008": 2,
        "P27_009": 1990
      },
      "geometry": {
        "type": "Point",
        "coordinates": [
          134.932626,
          34.842952
        ]
      }
    },
    {
      "type": "Feature",
      "properties": {
        "P27_001": "28219",
        "P27_002": "3",
        "P27_003": "03002",
        "P27_004": "03002",
        "P27_005": "兵庫県立人と自然の博物館",
        "P27_006": "弥生が丘6",
        "P27_007": 2,
        "P27_008": 4,
        "P27_009": 1992
      },
      "geometry": {
        "type": "Point",
        "coordinates": [
          135.19896500000002,
          34.88622999999997
        ]
      }
    },
    {
      "type": "Feature",
      "properties": {
        "P27_001": "28221",
        "P27_002": "3",
        "P27_003": "03002",
        "P27_004": "03002",
        "P27_005": "篠山チルドレンズミュージアム",
        "P27_006": "小田中572",
        "P27_007": 3,
        "P27_008": -99,
        "P27_009": 2001
      },
      "geometry": {
        "type": "Point",
        "coordinates": [
          135.319831,
          35.10626500000004
        ]
      }
    },
    {
      "type": "Feature",
      "properties": {
        "P27_001": "28222",
        "P27_002": "3",
        "P27_003": "03002",
        "P27_004": "03002",
        "P27_005": "妙見山資料宝物館",
        "P27_006": "八鹿町石原（日光院内）",
        "P27_007": 4,
        "P27_008": 1,
        "P27_009": 1962
      },
      "geometry": {
        "type": "Point",
        "coordinates": [
          134.699746,
          35.411778000000034
        ]
      }
    },
    {
      "type": "Feature",
      "properties": {
        "P27_001": "28222",
        "P27_002": "3",
        "P27_003": "03002",
        "P27_004": "03002",
        "P27_005": "養父市立大庄屋記念館（旧長島家住宅）",
        "P27_006": "小城36",
        "P27_007": 3,
        "P27_008": -99,
        "P27_009": 1974
      },
      "geometry": {
        "type": "Point",
        "coordinates": [
          134.792603,
          35.38201100000002
        ]
      }
    },
    {
      "type": "Feature",
      "properties": {
        "P27_001": "28223",
        "P27_002": "3",
        "P27_003": "03002",
        "P27_004": "03002",
        "P27_005": "春日歴史民俗資料館",
        "P27_006": "春日町黒井496-2",
        "P27_007": 3,
        "P27_008": 1,
        "P27_009": 1984
      },
      "geometry": {
        "type": "Point",
        "coordinates": [
          135.10108599999998,
          35.16825699999996
        ]
      }
    },
    {
      "type": "Feature",
      "properties": {
        "P27_001": "28223",
        "P27_002": "3",
        "P27_003": "03002",
        "P27_004": "03002",
        "P27_005": "水分れ資料館",
        "P27_006": "氷上町石生",
        "P27_007": 3,
        "P27_008": 2,
        "P27_009": 1988
      },
      "geometry": {
        "type": "Point",
        "coordinates": [
          135.07184599999997,
          35.15020100000001
        ]
      }
    },
    {
      "type": "Feature",
      "properties": {
        "P27_001": "28223",
        "P27_002": "3",
        "P27_003": "03002",
        "P27_004": "03002",
        "P27_005": "丹波市立青垣歴史民俗資料館",
        "P27_006": "青垣町佐治114",
        "P27_007": 3,
        "P27_008": 3,
        "P27_009": 1972
      },
      "geometry": {
        "type": "Point",
        "coordinates": [
          135.002989,
          35.248304000000026
        ]
      }
    },
    {
      "type": "Feature",
      "properties": {
        "P27_001": "28223",
        "P27_002": "3",
        "P27_003": "03002",
        "P27_004": "03002",
        "P27_005": "丹波市立柏原歴史民俗資料館",
        "P27_006": "柏原町柏原672",
        "P27_007": 3,
        "P27_008": 1,
        "P27_009": 1990
      },
      "geometry": {
        "type": "Point",
        "coordinates": [
          135.08154999999996,
          35.128545999999986
        ]
      }
    },
    {
      "type": "Feature",
      "properties": {
        "P27_001": "28224",
        "P27_002": "3",
        "P27_003": "03002",
        "P27_004": "03002",
        "P27_005": "大嗚門橋記念館（うずしお科学館・淡路人形浄瑠璃館）",
        "P27_006": "福良丙936-3",
        "P27_007": 2,
        "P27_008": -99,
        "P27_009": 1985
      },
      "geometry": {
        "type": "Point",
        "coordinates": [
          134.68463899999998,
          34.25483599999996
        ]
      }
    },
    {
      "type": "Feature",
      "properties": {
        "P27_001": "28225",
        "P27_002": "3",
        "P27_003": "03002",
        "P27_004": "03002",
        "P27_005": "史跡・生野銀山と生野鉱物館",
        "P27_006": "生野町小野33-5",
        "P27_007": 4,
        "P27_008": -99,
        "P27_009": 1974
      },
      "geometry": {
        "type": "Point",
        "coordinates": [
          134.81878,
          35.171230000000016
        ]
      }
    },
    {
      "type": "Feature",
      "properties": {
        "P27_001": "28225",
        "P27_002": "3",
        "P27_003": "03002",
        "P27_004": "03002",
        "P27_005": "朝来市立郷土歴史館",
        "P27_006": "和田山町寺内123",
        "P27_007": 3,
        "P27_008": -99,
        "P27_009": 1977
      },
      "geometry": {
        "type": "Point",
        "coordinates": [
          134.84350400000002,
          35.36317799999999
        ]
      }
    },
    {
      "type": "Feature",
      "properties": {
        "P27_001": "28226",
        "P27_002": "3",
        "P27_003": "03002",
        "P27_004": "03002",
        "P27_005": "淡路市北淡歴史民俗資料館",
        "P27_006": "北淡浅野南240",
        "P27_007": 3,
        "P27_008": -99,
        "P27_009": 1975
      },
      "geometry": {
        "type": "Point",
        "coordinates": [
          134.91460999999998,
          34.533421000000004
        ]
      }
    },
    {
      "type": "Feature",
      "properties": {
        "P27_001": "28226",
        "P27_002": "3",
        "P27_003": "03002",
        "P27_004": "03002",
        "P27_005": "淡路城",
        "P27_006": "尾崎住居谷4229-2",
        "P27_007": 4,
        "P27_008": -99,
        "P27_009": 1990
      },
      "geometry": {
        "type": "Point",
        "coordinates": [
          134.85493999999997,
          34.48598000000002
        ]
      }
    },
    {
      "type": "Feature",
      "properties": {
        "P27_001": "28226",
        "P27_002": "3",
        "P27_003": "03002",
        "P27_004": "03002",
        "P27_005": "北淡震災記念公園・野島断層保存館",
        "P27_006": "小倉177",
        "P27_007": 2,
        "P27_008": 1,
        "P27_009": 1998
      },
      "geometry": {
        "type": "Point",
        "coordinates": [
          134.93839899999998,
          34.550289999999976
        ]
      }
    },
    {
      "type": "Feature",
      "properties": {
        "P27_001": "28227",
        "P27_002": "3",
        "P27_003": "03002",
        "P27_004": "03002",
        "P27_005": "たたらの里学習館",
        "P27_006": "千種町西河内1048-38",
        "P27_007": 3,
        "P27_008": -99,
        "P27_009": 1996
      },
      "geometry": {
        "type": "Point",
        "coordinates": [
          134.41853200000003,
          35.21347700000003
        ]
      }
    },
    {
      "type": "Feature",
      "properties": {
        "P27_001": "28227",
        "P27_002": "3",
        "P27_003": "03002",
        "P27_004": "03002",
        "P27_005": "山崎歴史民俗資料館",
        "P27_006": "山崎町鹿沢80",
        "P27_007": 3,
        "P27_008": -99,
        "P27_009": 1975
      },
      "geometry": {
        "type": "Point",
        "coordinates": [
          134.53997700000002,
          35.00300899999999
        ]
      }
    },
    {
      "type": "Feature",
      "properties": {
        "P27_001": "28227",
        "P27_002": "3",
        "P27_003": "03002",
        "P27_004": "03002",
        "P27_005": "宍粟市歴史資料館",
        "P27_006": "一宮町三方町633",
        "P27_007": 3,
        "P27_008": -99,
        "P27_009": 2000
      },
      "geometry": {
        "type": "Point",
        "coordinates": [
          134.62862299999998,
          35.18431000000001
        ]
      }
    },
    {
      "type": "Feature",
      "properties": {
        "P27_001": "28228",
        "P27_002": "3",
        "P27_003": "03002",
        "P27_004": "03002",
        "P27_005": "加古川流域滝野歴史民俗資料館",
        "P27_006": "下滝野1369",
        "P27_007": 3,
        "P27_008": 1,
        "P27_009": 1980
      },
      "geometry": {
        "type": "Point",
        "coordinates": [
          134.94445900000002,
          34.93683200000001
        ]
      }
    },
    {
      "type": "Feature",
      "properties": {
        "P27_001": "28229",
        "P27_002": "3",
        "P27_003": "03002",
        "P27_004": "03002",
        "P27_005": "うすくち龍野醤油資料館",
        "P27_006": "龍野町大手54-1",
        "P27_007": 4,
        "P27_008": 2,
        "P27_009": 1979
      },
      "geometry": {
        "type": "Point",
        "coordinates": [
          134.545698,
          34.86710400000003
        ]
      }
    },
    {
      "type": "Feature",
      "properties": {
        "P27_001": "28229",
        "P27_002": "3",
        "P27_003": "03002",
        "P27_004": "03002",
        "P27_005": "たつの市立龍野歴史文化資料館",
        "P27_006": "龍野町上霞城128-3",
        "P27_007": 3,
        "P27_008": 1,
        "P27_009": 1989
      },
      "geometry": {
        "type": "Point",
        "coordinates": [
          134.54625599999997,
          34.868537000000025
        ]
      }
    },
    {
      "type": "Feature",
      "properties": {
        "P27_001": "28229",
        "P27_002": "3",
        "P27_003": "03002",
        "P27_004": "03002",
        "P27_005": "霞城館・矢野勘治記念館",
        "P27_006": "龍野町上霞城30-3",
        "P27_007": 4,
        "P27_008": -99,
        "P27_009": 9999
      },
      "geometry": {
        "type": "Point",
        "coordinates": [
          134.543271,
          34.868008000000046
        ]
      }
    },
    {
      "type": "Feature",
      "properties": {
        "P27_001": "28365",
        "P27_002": "3",
        "P27_003": "03002",
        "P27_004": "03002",
        "P27_005": "多可町立杉原紙研究所",
        "P27_006": "加美区鳥羽768-46",
        "P27_007": 3,
        "P27_008": -99,
        "P27_009": 1972
      },
      "geometry": {
        "type": "Point",
        "coordinates": [
          134.93074199999998,
          35.18889400000004
        ]
      }
    },
    {
      "type": "Feature",
      "properties": {
        "P27_001": "28382",
        "P27_002": "3",
        "P27_003": "03002",
        "P27_004": "03002",
        "P27_005": "播磨町郷土資料館",
        "P27_006": "大中396-1",
        "P27_007": 3,
        "P27_008": -99,
        "P27_009": 1985
      },
      "geometry": {
        "type": "Point",
        "coordinates": [
          134.876286,
          34.726982000000035
        ]
      }
    },
    {
      "type": "Feature",
      "properties": {
        "P27_001": "28443",
        "P27_002": "3",
        "P27_003": "03002",
        "P27_004": "03002",
        "P27_005": "福崎町立神崎郡歴史民俗資料館",
        "P27_006": "西田原1038-12",
        "P27_007": 3,
        "P27_008": 2,
        "P27_009": 1982
      },
      "geometry": {
        "type": "Point",
        "coordinates": [
          134.76470000000003,
          34.95774400000002
        ]
      }
    },
    {
      "type": "Feature",
      "properties": {
        "P27_001": "28443",
        "P27_002": "3",
        "P27_003": "03002",
        "P27_004": "03002",
        "P27_005": "柳田國男・松岡家顕彰会記念館",
        "P27_006": "西田原1038-12",
        "P27_007": 4,
        "P27_008": 2,
        "P27_009": 1975
      },
      "geometry": {
        "type": "Point",
        "coordinates": [
          134.76470000000003,
          34.95774400000002
        ]
      }
    },
    {
      "type": "Feature",
      "properties": {
        "P27_001": "28464",
        "P27_002": "3",
        "P27_003": "03002",
        "P27_004": "03002",
        "P27_005": "太子町立歴史資料館",
        "P27_006": "鵤1310-1",
        "P27_007": 3,
        "P27_008": -99,
        "P27_009": 1993
      },
      "geometry": {
        "type": "Point",
        "coordinates": [
          134.576358,
          34.83150500000002
        ]
      }
    },
    {
      "type": "Feature",
      "properties": {
        "P27_001": "28481",
        "P27_002": "3",
        "P27_003": "03002",
        "P27_004": "03002",
        "P27_005": "上郡町郷土資料館",
        "P27_006": "上郡500",
        "P27_007": 3,
        "P27_008": -99,
        "P27_009": 2008
      },
      "geometry": {
        "type": "Point",
        "coordinates": [
          134.36464399999997,
          34.877868999999976
        ]
      }
    },
    {
      "type": "Feature",
      "properties": {
        "P27_001": "28501",
        "P27_002": "3",
        "P27_003": "03002",
        "P27_004": "03002",
        "P27_005": "佐用町立平福郷土館",
        "P27_006": "平福594",
        "P27_007": 3,
        "P27_008": 2,
        "P27_009": 1976
      },
      "geometry": {
        "type": "Point",
        "coordinates": [
          134.370278,
          35.047970000000035
        ]
      }
    },
    {
      "type": "Feature",
      "properties": {
        "P27_001": "28501",
        "P27_002": "3",
        "P27_003": "03002",
        "P27_004": "03002",
        "P27_005": "兵庫県立西はりま天文台公園",
        "P27_006": "西河内407-2",
        "P27_007": 2,
        "P27_008": -99,
        "P27_009": 1990
      },
      "geometry": {
        "type": "Point",
        "coordinates": [
          134.33549600000003,
          35.02542200000002
        ]
      }
    },
    {
      "type": "Feature",
      "properties": {
        "P27_001": "28585",
        "P27_002": "3",
        "P27_003": "03002",
        "P27_004": "03002",
        "P27_005": "香美町海の文化館",
        "P27_006": "香住区境1113",
        "P27_007": 3,
        "P27_008": -99,
        "P27_009": 1995
      },
      "geometry": {
        "type": "Point",
        "coordinates": [
          134.638891,
          35.648326000000026
        ]
      }
    },
    {
      "type": "Feature",
      "properties": {
        "P27_001": "28585",
        "P27_002": "3",
        "P27_003": "03002",
        "P27_004": "03002",
        "P27_005": "香美町立村岡民俗資料館「まほろば」",
        "P27_006": "村岡区村岡2324-1",
        "P27_007": 3,
        "P27_008": 2,
        "P27_009": 1988
      },
      "geometry": {
        "type": "Point",
        "coordinates": [
          134.59636899999998,
          35.471793999999974
        ]
      }
    },
    {
      "type": "Feature",
      "properties": {
        "P27_001": "28586",
        "P27_002": "3",
        "P27_003": "03002",
        "P27_004": "03002",
        "P27_005": "浜坂先人記念館「以命亭」",
        "P27_006": "浜坂1208",
        "P27_007": 3,
        "P27_008": 2,
        "P27_009": 1992
      },
      "geometry": {
        "type": "Point",
        "coordinates": [
          134.45380799999995,
          35.624874
        ]
      }
    },
    {
      "type": "Feature",
      "properties": {
        "P27_001": "28586",
        "P27_002": "3",
        "P27_003": "03002",
        "P27_004": "03002",
        "P27_005": "兵庫県立但馬牧場公園但馬牛博物館",
        "P27_006": "丹土1033",
        "P27_007": 2,
        "P27_008": -99,
        "P27_009": 1994
      },
      "geometry": {
        "type": "Point",
        "coordinates": [
          134.48971900000004,
          35.514225000000025
        ]
      }
    },
    {
      "type": "Feature",
      "properties": {
        "P27_001": "28101",
        "P27_002": "3",
        "P27_003": "03003",
        "P27_004": "03003",
        "P27_005": "神戸市立東灘図書館",
        "P27_006": "岡本1-7-3",
        "P27_007": 3,
        "P27_008": -99,
        "P27_009": 9999
      },
      "geometry": {
        "type": "Point",
        "coordinates": [
          135.27682,
          34.72816299999996
        ]
      }
    },
    {
      "type": "Feature",
      "properties": {
        "P27_001": "28102",
        "P27_002": "3",
        "P27_003": "03003",
        "P27_004": "03003",
        "P27_005": "神戸市立灘図書館",
        "P27_006": "永手町4-2-1（フォレスタ六甲2F）",
        "P27_007": 3,
        "P27_008": -99,
        "P27_009": 9999
      },
      "geometry": {
        "type": "Point",
        "coordinates": [
          135.23824,
          34.71577500000002
        ]
      }
    },
    {
      "type": "Feature",
      "properties": {
        "P27_001": "28105",
        "P27_002": "3",
        "P27_003": "03003",
        "P27_004": "03003",
        "P27_005": "神戸市立兵庫図書館",
        "P27_006": "駅南通5-1-1",
        "P27_007": 3,
        "P27_008": -99,
        "P27_009": 9999
      },
      "geometry": {
        "type": "Point",
        "coordinates": [
          135.16582999999997,
          34.66825100000001
        ]
      }
    },
    {
      "type": "Feature",
      "properties": {
        "P27_001": "28106",
        "P27_002": "3",
        "P27_003": "03003",
        "P27_004": "03003",
        "P27_005": "神戸市立新長田図書館",
        "P27_006": "細田町7-1-27",
        "P27_007": 3,
        "P27_008": -99,
        "P27_009": 9999
      },
      "geometry": {
        "type": "Point",
        "coordinates": [
          135.14455400000003,
          34.659835
        ]
      }
    },
    {
      "type": "Feature",
      "properties": {
        "P27_001": "28107",
        "P27_002": "3",
        "P27_003": "03003",
        "P27_004": "03003",
        "P27_005": "神戸市立須磨図書館",
        "P27_006": "中島町1-2-3",
        "P27_007": 3,
        "P27_008": -99,
        "P27_009": 9999
      },
      "geometry": {
        "type": "Point",
        "coordinates": [
          135.12924999999996,
          34.65083599999998
        ]
      }
    },
    {
      "type": "Feature",
      "properties": {
        "P27_001": "28108",
        "P27_002": "3",
        "P27_003": "03003",
        "P27_004": "03003",
        "P27_005": "神戸市立垂水図書館",
        "P27_006": "日向1-5-1",
        "P27_007": 3,
        "P27_008": -99,
        "P27_009": 9999
      },
      "geometry": {
        "type": "Point",
        "coordinates": [
          135.056757,
          34.630615000000034
        ]
      }
    },
    {
      "type": "Feature",
      "properties": {
        "P27_001": "28109",
        "P27_002": "3",
        "P27_003": "03003",
        "P27_004": "03003",
        "P27_005": "神戸市立北図書館",
        "P27_006": "鈴蘭台西町1-22-1",
        "P27_007": 3,
        "P27_008": -99,
        "P27_009": 9999
      },
      "geometry": {
        "type": "Point",
        "coordinates": [
          135.14399800000004,
          34.72735499999999
        ]
      }
    },
    {
      "type": "Feature",
      "properties": {
        "P27_001": "28109",
        "P27_002": "3",
        "P27_003": "03003",
        "P27_004": "03003",
        "P27_005": "神戸市立北図書館北神分館",
        "P27_006": "藤原台中町1-2-1",
        "P27_007": 3,
        "P27_008": -99,
        "P27_009": 9999
      },
      "geometry": {
        "type": "Point",
        "coordinates": [
          135.22148900000002,
          34.82104000000003
        ]
      }
    },
    {
      "type": "Feature",
      "properties": {
        "P27_001": "28110",
        "P27_002": "3",
        "P27_003": "03003",
        "P27_004": "03003",
        "P27_005": "神戸市立三宮図書館",
        "P27_006": "雲井通5-1-2",
        "P27_007": 3,
        "P27_008": -99,
        "P27_009": 9999
      },
      "geometry": {
        "type": "Point",
        "coordinates": [
          135.19735499999996,
          34.694887000000044
        ]
      }
    },
    {
      "type": "Feature",
      "properties": {
        "P27_001": "28110",
        "P27_002": "3",
        "P27_003": "03003",
        "P27_004": "03003",
        "P27_005": "神戸市立中央図書館",
        "P27_006": "楠町7-2-1",
        "P27_007": 3,
        "P27_008": -99,
        "P27_009": 9999
      },
      "geometry": {
        "type": "Point",
        "coordinates": [
          135.174079,
          34.68561100000002
        ]
      }
    },
    {
      "type": "Feature",
      "properties": {
        "P27_001": "28111",
        "P27_002": "3",
        "P27_003": "03003",
        "P27_004": "03003",
        "P27_005": "神戸市立西図書館",
        "P27_006": "糀台5-6-1（区民センター1F）",
        "P27_007": 3,
        "P27_008": -99,
        "P27_009": 9999
      },
      "geometry": {
        "type": "Point",
        "coordinates": [
          135.01886999999996,
          34.71771600000004
        ]
      }
    },
    {
      "type": "Feature",
      "properties": {
        "P27_001": "28201",
        "P27_002": "3",
        "P27_003": "03003",
        "P27_004": "03003",
        "P27_005": "姫路市立図書館安富分館",
        "P27_006": "安富町安志1151",
        "P27_007": 3,
        "P27_008": -99,
        "P27_009": 9999
      },
      "geometry": {
        "type": "Point",
        "coordinates": [
          134.59602200000003,
          34.98566699999996
        ]
      }
    },
    {
      "type": "Feature",
      "properties": {
        "P27_001": "28201",
        "P27_002": "3",
        "P27_003": "03003",
        "P27_004": "03003",
        "P27_005": "姫路市立図書館香寺分館",
        "P27_006": "香寺町香呂239-1",
        "P27_007": 3,
        "P27_008": -99,
        "P27_009": 9999
      },
      "geometry": {
        "type": "Point",
        "coordinates": [
          134.73447800000002,
          34.91294099999999
        ]
      }
    },
    {
      "type": "Feature",
      "properties": {
        "P27_001": "28201",
        "P27_002": "3",
        "P27_003": "03003",
        "P27_004": "03003",
        "P27_005": "姫路市立城内図書館",
        "P27_006": "本町68-258",
        "P27_007": 3,
        "P27_008": -99,
        "P27_009": 9999
      },
      "geometry": {
        "type": "Point",
        "coordinates": [
          134.69712200000004,
          34.84200399999999
        ]
      }
    },
    {
      "type": "Feature",
      "properties": {
        "P27_001": "28201",
        "P27_002": "3",
        "P27_003": "03003",
        "P27_004": "03003",
        "P27_005": "姫路市立図書館安室分館",
        "P27_006": "田寺東2-7-14",
        "P27_007": 3,
        "P27_008": -99,
        "P27_009": 9999
      },
      "geometry": {
        "type": "Point",
        "coordinates": [
          134.67253000000002,
          34.85673799999997
        ]
      }
    },
    {
      "type": "Feature",
      "properties": {
        "P27_001": "28201",
        "P27_002": "3",
        "P27_003": "03003",
        "P27_004": "03003",
        "P27_005": "姫路市立図書館花北分館",
        "P27_006": "増位新町1-24",
        "P27_007": 3,
        "P27_008": -99,
        "P27_009": 9999
      },
      "geometry": {
        "type": "Point",
        "coordinates": [
          134.70796299999998,
          34.856403999999955
        ]
      }
    },
    {
      "type": "Feature",
      "properties": {
        "P27_001": "28201",
        "P27_002": "3",
        "P27_003": "03003",
        "P27_004": "03003",
        "P27_005": "姫路市立図書館広畑分館",
        "P27_006": "広畑区正門通3-7",
        "P27_007": 3,
        "P27_008": -99,
        "P27_009": 9999
      },
      "geometry": {
        "type": "Point",
        "coordinates": [
          134.628604,
          34.79860700000003
        ]
      }
    },
    {
      "type": "Feature",
      "properties": {
        "P27_001": "28201",
        "P27_002": "3",
        "P27_003": "03003",
        "P27_004": "03003",
        "P27_005": "姫路市立図書館手柄分館",
        "P27_006": "延末149-1",
        "P27_007": 3,
        "P27_008": -99,
        "P27_009": 9999
      },
      "geometry": {
        "type": "Point",
        "coordinates": [
          134.67891299999997,
          34.821411
        ]
      }
    },
    {
      "type": "Feature",
      "properties": {
        "P27_001": "28201",
        "P27_002": "3",
        "P27_003": "03003",
        "P27_004": "03003",
        "P27_005": "姫路市立図書館飾磨分館",
        "P27_006": "飾磨区下野田1-1",
        "P27_007": 3,
        "P27_008": -99,
        "P27_009": 9999
      },
      "geometry": {
        "type": "Point",
        "coordinates": [
          134.67794699999996,
          34.799192000000026
        ]
      }
    },
    {
      "type": "Feature",
      "properties": {
        "P27_001": "28201",
        "P27_002": "3",
        "P27_003": "03003",
        "P27_004": "03003",
        "P27_005": "姫路市立図書館青山分館",
        "P27_006": "青山5-2-1",
        "P27_007": 3,
        "P27_008": -99,
        "P27_009": 9999
      },
      "geometry": {
        "type": "Point",
        "coordinates": [
          134.639696,
          34.84535199999998
        ]
      }
    },
    {
      "type": "Feature",
      "properties": {
        "P27_001": "28201",
        "P27_002": "3",
        "P27_003": "03003",
        "P27_004": "03003",
        "P27_005": "姫路市立図書館東光分館",
        "P27_006": "幸町94",
        "P27_007": 3,
        "P27_008": -99,
        "P27_009": 9999
      },
      "geometry": {
        "type": "Point",
        "coordinates": [
          134.70496799999998,
          34.83163900000001
        ]
      }
    },
    {
      "type": "Feature",
      "properties": {
        "P27_001": "28201",
        "P27_002": "3",
        "P27_003": "03003",
        "P27_004": "03003",
        "P27_005": "姫路市立図書館東分館",
        "P27_006": "御国野町御着283-15",
        "P27_007": 3,
        "P27_008": -99,
        "P27_009": 9999
      },
      "geometry": {
        "type": "Point",
        "coordinates": [
          134.736414,
          34.81654699999998
        ]
      }
    },
    {
      "type": "Feature",
      "properties": {
        "P27_001": "28201",
        "P27_002": "3",
        "P27_003": "03003",
        "P27_004": "03003",
        "P27_005": "姫路市立図書館白浜分館",
        "P27_006": "白浜町甲396-8",
        "P27_007": 3,
        "P27_008": -99,
        "P27_009": 9999
      },
      "geometry": {
        "type": "Point",
        "coordinates": [
          134.70659299999994,
          34.784806999999965
        ]
      }
    },
    {
      "type": "Feature",
      "properties": {
        "P27_001": "28201",
        "P27_002": "3",
        "P27_003": "03003",
        "P27_004": "03003",
        "P27_005": "姫路市立図書館網干分館",
        "P27_006": "網干区垣内南町1429-6",
        "P27_007": 3,
        "P27_008": -99,
        "P27_009": 9999
      },
      "geometry": {
        "type": "Point",
        "coordinates": [
          134.58714799999996,
          34.787057999999966
        ]
      }
    },
    {
      "type": "Feature",
      "properties": {
        "P27_001": "28202",
        "P27_002": "3",
        "P27_003": "03003",
        "P27_004": "03003",
        "P27_005": "尼崎市立中央図書館",
        "P27_006": "北城内27",
        "P27_007": 3,
        "P27_008": -99,
        "P27_009": 9999
      },
      "geometry": {
        "type": "Point",
        "coordinates": [
          135.41803100000004,
          34.716305
        ]
      }
    },
    {
      "type": "Feature",
      "properties": {
        "P27_001": "28202",
        "P27_002": "3",
        "P27_003": "03003",
        "P27_004": "03003",
        "P27_005": "尼崎市立北図書館",
        "P27_006": "南武庫之荘3-21-21",
        "P27_007": 3,
        "P27_008": -99,
        "P27_009": 9999
      },
      "geometry": {
        "type": "Point",
        "coordinates": [
          135.39418300000003,
          34.747136000000026
        ]
      }
    },
    {
      "type": "Feature",
      "properties": {
        "P27_001": "28203",
        "P27_002": "3",
        "P27_003": "03003",
        "P27_004": "03003",
        "P27_005": "兵庫県立図書館",
        "P27_006": "明石公園1-27",
        "P27_007": 2,
        "P27_008": -99,
        "P27_009": 9999
      },
      "geometry": {
        "type": "Point",
        "coordinates": [
          134.99356699999998,
          34.65436099999996
        ]
      }
    },
    {
      "type": "Feature",
      "properties": {
        "P27_001": "28203",
        "P27_002": "3",
        "P27_003": "03003",
        "P27_004": "03003",
        "P27_005": "明石市立図書館",
        "P27_006": "明石公園1-27",
        "P27_007": 3,
        "P27_008": -99,
        "P27_009": 9999
      },
      "geometry": {
        "type": "Point",
        "coordinates": [
          134.99385300000003,
          34.654009999999964
        ]
      }
    },
    {
      "type": "Feature",
      "properties": {
        "P27_001": "28203",
        "P27_002": "3",
        "P27_003": "03003",
        "P27_004": "03003",
        "P27_005": "明石市立西部図書館",
        "P27_006": "魚住町中尾702-3",
        "P27_007": 3,
        "P27_008": -99,
        "P27_009": 9999
      },
      "geometry": {
        "type": "Point",
        "coordinates": [
          134.90701900000002,
          34.69307900000002
        ]
      }
    },
    {
      "type": "Feature",
      "properties": {
        "P27_001": "28204",
        "P27_002": "3",
        "P27_003": "03003",
        "P27_004": "03003",
        "P27_005": "西宮市立中央図書館",
        "P27_006": "川添町15-26",
        "P27_007": 3,
        "P27_008": -99,
        "P27_009": 1985
      },
      "geometry": {
        "type": "Point",
        "coordinates": [
          135.329926,
          34.730830000000005
        ]
      }
    },
    {
      "type": "Feature",
      "properties": {
        "P27_001": "28204",
        "P27_002": "3",
        "P27_003": "03003",
        "P27_004": "03003",
        "P27_005": "西宮市立北口図書館",
        "P27_006": "北口町1-2",
        "P27_007": 3,
        "P27_008": -99,
        "P27_009": 2001
      },
      "geometry": {
        "type": "Point",
        "coordinates": [
          135.35847199999998,
          34.747296000000034
        ]
      }
    },
    {
      "type": "Feature",
      "properties": {
        "P27_001": "28204",
        "P27_002": "3",
        "P27_003": "03003",
        "P27_004": "03003",
        "P27_005": "西宮市立北部図書館",
        "P27_006": "名塩新町1",
        "P27_007": 3,
        "P27_008": 4,
        "P27_009": 1990
      },
      "geometry": {
        "type": "Point",
        "coordinates": [
          135.307509,
          34.82634600000002
        ]
      }
    },
    {
      "type": "Feature",
      "properties": {
        "P27_001": "28204",
        "P27_002": "3",
        "P27_003": "03003",
        "P27_004": "03003",
        "P27_005": "西宮市立鳴尾図書館",
        "P27_006": "甲子園八番町1-20",
        "P27_007": 3,
        "P27_008": -99,
        "P27_009": 1998
      },
      "geometry": {
        "type": "Point",
        "coordinates": [
          135.36462,
          34.719092000000025
        ]
      }
    },
    {
      "type": "Feature",
      "properties": {
        "P27_001": "28205",
        "P27_002": "3",
        "P27_003": "03003",
        "P27_004": "03003",
        "P27_005": "洲本市立五色図書館",
        "P27_006": "五色町鮎原南谷59",
        "P27_007": 3,
        "P27_008": -99,
        "P27_009": 9999
      },
      "geometry": {
        "type": "Point",
        "coordinates": [
          134.817623,
          34.39731500000002
        ]
      }
    },
    {
      "type": "Feature",
      "properties": {
        "P27_001": "28205",
        "P27_002": "3",
        "P27_003": "03003",
        "P27_004": "03003",
        "P27_005": "洲本市立洲本図書館",
        "P27_006": "塩屋1-1-8",
        "P27_007": 3,
        "P27_008": -99,
        "P27_009": 9999
      },
      "geometry": {
        "type": "Point",
        "coordinates": [
          134.89241800000002,
          34.344321000000036
        ]
      }
    },
    {
      "type": "Feature",
      "properties": {
        "P27_001": "28206",
        "P27_002": "3",
        "P27_003": "03003",
        "P27_004": "03003",
        "P27_005": "芦屋市立図書館",
        "P27_006": "伊勢町12-5",
        "P27_007": 3,
        "P27_008": -99,
        "P27_009": 9999
      },
      "geometry": {
        "type": "Point",
        "coordinates": [
          135.31189999999995,
          34.72241399999999
        ]
      }
    },
    {
      "type": "Feature",
      "properties": {
        "P27_001": "28207",
        "P27_002": "3",
        "P27_003": "03003",
        "P27_004": "03003",
        "P27_005": "伊丹市立図書館",
        "P27_006": "宮ノ前3-7-4",
        "P27_007": 3,
        "P27_008": -99,
        "P27_009": 9999
      },
      "geometry": {
        "type": "Point",
        "coordinates": [
          135.41588200000004,
          34.784037000000026
        ]
      }
    },
    {
      "type": "Feature",
      "properties": {
        "P27_001": "28207",
        "P27_002": "3",
        "P27_003": "03003",
        "P27_004": "03003",
        "P27_005": "伊丹市立図書館南分館",
        "P27_006": "南野2-3-25",
        "P27_007": 3,
        "P27_008": -99,
        "P27_009": 9999
      },
      "geometry": {
        "type": "Point",
        "coordinates": [
          135.40870499999997,
          34.76592399999998
        ]
      }
    },
    {
      "type": "Feature",
      "properties": {
        "P27_001": "28207",
        "P27_002": "3",
        "P27_003": "03003",
        "P27_004": "03003",
        "P27_005": "伊丹市立図書館北分館",
        "P27_006": "北野4-30",
        "P27_007": 3,
        "P27_008": -99,
        "P27_009": 9999
      },
      "geometry": {
        "type": "Point",
        "coordinates": [
          135.38825899999998,
          34.802771000000035
        ]
      }
    },
    {
      "type": "Feature",
      "properties": {
        "P27_001": "28208",
        "P27_002": "3",
        "P27_003": "03003",
        "P27_004": "03003",
        "P27_005": "相生市立図書館",
        "P27_006": "那波南本町11-1",
        "P27_007": 3,
        "P27_008": -99,
        "P27_009": 9999
      },
      "geometry": {
        "type": "Point",
        "coordinates": [
          134.464341,
          34.80531099999997
        ]
      }
    },
    {
      "type": "Feature",
      "properties": {
        "P27_001": "28209",
        "P27_002": "3",
        "P27_003": "03003",
        "P27_004": "03003",
        "P27_005": "豊岡市立図書館",
        "P27_006": "京町5-28",
        "P27_007": 3,
        "P27_008": -99,
        "P27_009": 9999
      },
      "geometry": {
        "type": "Point",
        "coordinates": [
          134.82192900000004,
          35.54101400000002
        ]
      }
    },
    {
      "type": "Feature",
      "properties": {
        "P27_001": "28210",
        "P27_002": "3",
        "P27_003": "03003",
        "P27_004": "03003",
        "P27_005": "加古川ウェルネスパーク図書館",
        "P27_006": "東神吉町天下原370",
        "P27_007": 3,
        "P27_008": -99,
        "P27_009": 1997
      },
      "geometry": {
        "type": "Point",
        "coordinates": [
          134.837414,
          34.797026000000045
        ]
      }
    },
    {
      "type": "Feature",
      "properties": {
        "P27_001": "28210",
        "P27_002": "3",
        "P27_003": "03003",
        "P27_004": "03003",
        "P27_005": "加古川市立加古川図書館",
        "P27_006": "加古川町木村226-1",
        "P27_007": 3,
        "P27_008": -99,
        "P27_009": 1971
      },
      "geometry": {
        "type": "Point",
        "coordinates": [
          134.83252500000003,
          34.766098999999976
        ]
      }
    },
    {
      "type": "Feature",
      "properties": {
        "P27_001": "28210",
        "P27_002": "3",
        "P27_003": "03003",
        "P27_004": "03003",
        "P27_005": "加古川市立中央図書館",
        "P27_006": "平岡町新在家1224-7",
        "P27_007": 3,
        "P27_008": -99,
        "P27_009": 1985
      },
      "geometry": {
        "type": "Point",
        "coordinates": [
          134.87272499999997,
          34.749423999999976
        ]
      }
    },
    {
      "type": "Feature",
      "properties": {
        "P27_001": "28212",
        "P27_002": "3",
        "P27_003": "03003",
        "P27_004": "03003",
        "P27_005": "赤穂市立図書館",
        "P27_006": "中広907",
        "P27_007": 3,
        "P27_008": -99,
        "P27_009": 9999
      },
      "geometry": {
        "type": "Point",
        "coordinates": [
          134.39739599999996,
          34.75325499999997
        ]
      }
    },
    {
      "type": "Feature",
      "properties": {
        "P27_001": "28213",
        "P27_002": "3",
        "P27_003": "03003",
        "P27_004": "03003",
        "P27_005": "西脇市図書館",
        "P27_006": "西脇790-14",
        "P27_007": 3,
        "P27_008": -99,
        "P27_009": 9999
      },
      "geometry": {
        "type": "Point",
        "coordinates": [
          134.97020099999997,
          34.99177700000004
        ]
      }
    },
    {
      "type": "Feature",
      "properties": {
        "P27_001": "28214",
        "P27_002": "3",
        "P27_003": "03003",
        "P27_004": "03003",
        "P27_005": "宝塚市立西図書館",
        "P27_006": "小林2-7-30",
        "P27_007": 3,
        "P27_008": 4,
        "P27_009": 1994
      },
      "geometry": {
        "type": "Point",
        "coordinates": [
          135.35328,
          34.79025399999999
        ]
      }
    },
    {
      "type": "Feature",
      "properties": {
        "P27_001": "28214",
        "P27_002": "3",
        "P27_003": "03003",
        "P27_004": "03003",
        "P27_005": "宝塚市立中央図書館",
        "P27_006": "清荒神1-2-18",
        "P27_007": 3,
        "P27_008": -99,
        "P27_009": 9999
      },
      "geometry": {
        "type": "Point",
        "coordinates": [
          135.352201,
          34.810792999999954
        ]
      }
    },
    {
      "type": "Feature",
      "properties": {
        "P27_001": "28215",
        "P27_002": "3",
        "P27_003": "03003",
        "P27_004": "03003",
        "P27_005": "三木市立図書館",
        "P27_006": "上の丸町4-5",
        "P27_007": 3,
        "P27_008": -99,
        "P27_009": 9999
      },
      "geometry": {
        "type": "Point",
        "coordinates": [
          134.98665000000003,
          34.798568
        ]
      }
    },
    {
      "type": "Feature",
      "properties": {
        "P27_001": "28216",
        "P27_002": "3",
        "P27_003": "03003",
        "P27_004": "03003",
        "P27_005": "高砂市立図書館",
        "P27_006": "曽根町2301-1",
        "P27_007": 3,
        "P27_008": -99,
        "P27_009": 9999
      },
      "geometry": {
        "type": "Point",
        "coordinates": [
          134.77469800000003,
          34.77615299999998
        ]
      }
    },
    {
      "type": "Feature",
      "properties": {
        "P27_001": "28217",
        "P27_002": "3",
        "P27_003": "03003",
        "P27_004": "03003",
        "P27_005": "川西市立中央図書館",
        "P27_006": "栄町25-1（アステ川西内）",
        "P27_007": 3,
        "P27_008": -99,
        "P27_009": 9999
      },
      "geometry": {
        "type": "Point",
        "coordinates": [
          135.41241699999998,
          34.82651499999997
        ]
      }
    },
    {
      "type": "Feature",
      "properties": {
        "P27_001": "28218",
        "P27_002": "3",
        "P27_003": "03003",
        "P27_004": "03003",
        "P27_005": "小野市立図書館",
        "P27_006": "中島町64",
        "P27_007": 3,
        "P27_008": -99,
        "P27_009": 9999
      },
      "geometry": {
        "type": "Point",
        "coordinates": [
          134.94009799999998,
          34.85681199999996
        ]
      }
    },
    {
      "type": "Feature",
      "properties": {
        "P27_001": "28219",
        "P27_002": "3",
        "P27_003": "03003",
        "P27_004": "03003",
        "P27_005": "三田市立図書館",
        "P27_006": "南が丘2-11-57",
        "P27_007": 3,
        "P27_008": 2,
        "P27_009": 1990
      },
      "geometry": {
        "type": "Point",
        "coordinates": [
          135.21887899999996,
          34.877924
        ]
      }
    },
    {
      "type": "Feature",
      "properties": {
        "P27_001": "28220",
        "P27_002": "3",
        "P27_003": "03003",
        "P27_004": "03003",
        "P27_005": "加西市立図書館",
        "P27_006": "北条町北条28-1（アスティアかさい内）",
        "P27_007": 3,
        "P27_008": -99,
        "P27_009": 9999
      },
      "geometry": {
        "type": "Point",
        "coordinates": [
          134.83289999999997,
          34.92975900000001
        ]
      }
    },
    {
      "type": "Feature",
      "properties": {
        "P27_001": "28221",
        "P27_002": "3",
        "P27_003": "03003",
        "P27_004": "03003",
        "P27_005": "篠山市立中央図書館",
        "P27_006": "西吹88-1",
        "P27_007": 3,
        "P27_008": -99,
        "P27_009": 9999
      },
      "geometry": {
        "type": "Point",
        "coordinates": [
          135.182206,
          35.06746700000002
        ]
      }
    },
    {
      "type": "Feature",
      "properties": {
        "P27_001": "28223",
        "P27_002": "3",
        "P27_003": "03003",
        "P27_004": "03003",
        "P27_005": "丹波市立山南図書館",
        "P27_006": "山南町谷川1110",
        "P27_007": 3,
        "P27_008": -99,
        "P27_009": 9999
      },
      "geometry": {
        "type": "Point",
        "coordinates": [
          135.03607199999996,
          35.07406699999997
        ]
      }
    },
    {
      "type": "Feature",
      "properties": {
        "P27_001": "28223",
        "P27_002": "3",
        "P27_003": "03003",
        "P27_004": "03003",
        "P27_005": "丹波市立市島図書館",
        "P27_006": "市島町上田814（ライフピアいちじま内）",
        "P27_007": 3,
        "P27_008": -99,
        "P27_009": 9999
      },
      "geometry": {
        "type": "Point",
        "coordinates": [
          135.14490800000002,
          35.21000300000001
        ]
      }
    },
    {
      "type": "Feature",
      "properties": {
        "P27_001": "28223",
        "P27_002": "3",
        "P27_003": "03003",
        "P27_004": "03003",
        "P27_005": "丹波市立春日図書館",
        "P27_006": "春日町黒井496-2",
        "P27_007": 3,
        "P27_008": -99,
        "P27_009": 9999
      },
      "geometry": {
        "type": "Point",
        "coordinates": [
          135.10108599999998,
          35.16825699999996
        ]
      }
    },
    {
      "type": "Feature",
      "properties": {
        "P27_001": "28223",
        "P27_002": "3",
        "P27_003": "03003",
        "P27_004": "03003",
        "P27_005": "丹波市立青垣図書館",
        "P27_006": "青垣町佐治114",
        "P27_007": 3,
        "P27_008": -99,
        "P27_009": 9999
      },
      "geometry": {
        "type": "Point",
        "coordinates": [
          135.002989,
          35.248304000000026
        ]
      }
    },
    {
      "type": "Feature",
      "properties": {
        "P27_001": "28223",
        "P27_002": "3",
        "P27_003": "03003",
        "P27_004": "03003",
        "P27_005": "丹波市立中央図書館",
        "P27_006": "氷上町常楽233",
        "P27_007": 3,
        "P27_008": -99,
        "P27_009": 9999
      },
      "geometry": {
        "type": "Point",
        "coordinates": [
          135.03584999999998,
          35.178981999999976
        ]
      }
    },
    {
      "type": "Feature",
      "properties": {
        "P27_001": "28223",
        "P27_002": "3",
        "P27_003": "03003",
        "P27_004": "03003",
        "P27_005": "丹波市立柏原図書館",
        "P27_006": "柏原町柏原5528",
        "P27_007": 3,
        "P27_008": -99,
        "P27_009": 9999
      },
      "geometry": {
        "type": "Point",
        "coordinates": [
          135.07163200000002,
          35.12397
        ]
      }
    },
    {
      "type": "Feature",
      "properties": {
        "P27_001": "28224",
        "P27_002": "3",
        "P27_003": "03003",
        "P27_004": "03003",
        "P27_005": "南あわじ市三原図書館",
        "P27_006": "市三条880",
        "P27_007": 3,
        "P27_008": -99,
        "P27_009": 9999
      },
      "geometry": {
        "type": "Point",
        "coordinates": [
          134.768067,
          34.28962100000003
        ]
      }
    },
    {
      "type": "Feature",
      "properties": {
        "P27_001": "28224",
        "P27_002": "3",
        "P27_003": "03003",
        "P27_004": "03003",
        "P27_005": "南あわじ市南淡図書館",
        "P27_006": "福良甲300",
        "P27_007": 3,
        "P27_008": -99,
        "P27_009": 9999
      },
      "geometry": {
        "type": "Point",
        "coordinates": [
          134.72391300000004,
          34.25752299999997
        ]
      }
    },
    {
      "type": "Feature",
      "properties": {
        "P27_001": "28225",
        "P27_002": "3",
        "P27_003": "03003",
        "P27_004": "03003",
        "P27_005": "朝来市和田山図書館",
        "P27_006": "和田山町玉置861",
        "P27_007": 3,
        "P27_008": -99,
        "P27_009": 9999
      },
      "geometry": {
        "type": "Point",
        "coordinates": [
          134.86451299999996,
          35.33203799999997
        ]
      }
    },
    {
      "type": "Feature",
      "properties": {
        "P27_001": "28226",
        "P27_002": "3",
        "P27_003": "03003",
        "P27_004": "03003",
        "P27_005": "淡路市立津名図書館",
        "P27_006": "志筑818-1",
        "P27_007": 3,
        "P27_008": -99,
        "P27_009": 9999
      },
      "geometry": {
        "type": "Point",
        "coordinates": [
          134.89444199999997,
          34.44163399999997
        ]
      }
    },
    {
      "type": "Feature",
      "properties": {
        "P27_001": "28226",
        "P27_002": "3",
        "P27_003": "03003",
        "P27_004": "03003",
        "P27_005": "淡路市立東浦図書館",
        "P27_006": "浦148-1",
        "P27_007": 3,
        "P27_008": -99,
        "P27_009": 9999
      },
      "geometry": {
        "type": "Point",
        "coordinates": [
          134.99142499999996,
          34.53680299999996
        ]
      }
    },
    {
      "type": "Feature",
      "properties": {
        "P27_001": "28227",
        "P27_002": "3",
        "P27_003": "03003",
        "P27_004": "03003",
        "P27_005": "宍粟市立図書館",
        "P27_006": "山崎町鹿沢81",
        "P27_007": 3,
        "P27_008": -99,
        "P27_009": 9999
      },
      "geometry": {
        "type": "Point",
        "coordinates": [
          134.53996700000002,
          35.00342800000002
        ]
      }
    },
    {
      "type": "Feature",
      "properties": {
        "P27_001": "28228",
        "P27_002": "3",
        "P27_003": "03003",
        "P27_004": "03003",
        "P27_005": "加東市中央図書館",
        "P27_006": "社123",
        "P27_007": 3,
        "P27_008": -99,
        "P27_009": 9999
      },
      "geometry": {
        "type": "Point",
        "coordinates": [
          134.97242800000004,
          34.91661199999997
        ]
      }
    },
    {
      "type": "Feature",
      "properties": {
        "P27_001": "28228",
        "P27_002": "3",
        "P27_003": "03003",
        "P27_004": "03003",
        "P27_005": "加東市図書・情報センター",
        "P27_006": "上三草1175",
        "P27_007": 3,
        "P27_008": -99,
        "P27_009": 9999
      },
      "geometry": {
        "type": "Point",
        "coordinates": [
          134.99494799999994,
          34.93329999999998
        ]
      }
    },
    {
      "type": "Feature",
      "properties": {
        "P27_001": "28228",
        "P27_002": "3",
        "P27_003": "03003",
        "P27_004": "03003",
        "P27_005": "加東市滝野図書館",
        "P27_006": "下滝野1369-2",
        "P27_007": 3,
        "P27_008": -99,
        "P27_009": 9999
      },
      "geometry": {
        "type": "Point",
        "coordinates": [
          134.94445900000002,
          34.93711000000001
        ]
      }
    },
    {
      "type": "Feature",
      "properties": {
        "P27_001": "28228",
        "P27_002": "3",
        "P27_003": "03003",
        "P27_004": "03003",
        "P27_005": "加東市東条図書館",
        "P27_006": "天神66",
        "P27_007": 3,
        "P27_008": -99,
        "P27_009": 9999
      },
      "geometry": {
        "type": "Point",
        "coordinates": [
          135.06064200000003,
          34.905446999999974
        ]
      }
    },
    {
      "type": "Feature",
      "properties": {
        "P27_001": "28229",
        "P27_002": "3",
        "P27_003": "03003",
        "P27_004": "03003",
        "P27_005": "たつの市立御津図書館",
        "P27_006": "御津町岩見315-6",
        "P27_007": 3,
        "P27_008": -99,
        "P27_009": 9999
      },
      "geometry": {
        "type": "Point",
        "coordinates": [
          134.55019500000003,
          34.78520400000004
        ]
      }
    },
    {
      "type": "Feature",
      "properties": {
        "P27_001": "28229",
        "P27_002": "3",
        "P27_003": "03003",
        "P27_004": "03003",
        "P27_005": "たつの市立新宮図書館",
        "P27_006": "新宮町宮内75-1",
        "P27_007": 3,
        "P27_008": -99,
        "P27_009": 9999
      },
      "geometry": {
        "type": "Point",
        "coordinates": [
          134.54652400000003,
          34.92563200000004
        ]
      }
    },
    {
      "type": "Feature",
      "properties": {
        "P27_001": "28229",
        "P27_002": "3",
        "P27_003": "03003",
        "P27_004": "03003",
        "P27_005": "たつの市立揖保川図書館",
        "P27_006": "揖保川町正條354-1",
        "P27_007": 3,
        "P27_008": -99,
        "P27_009": 9999
      },
      "geometry": {
        "type": "Point",
        "coordinates": [
          134.529897,
          34.83220099999997
        ]
      }
    },
    {
      "type": "Feature",
      "properties": {
        "P27_001": "28229",
        "P27_002": "3",
        "P27_003": "03003",
        "P27_004": "03003",
        "P27_005": "たつの市立龍野図書館",
        "P27_006": "龍野町本町57-1",
        "P27_007": 3,
        "P27_008": -99,
        "P27_009": 9999
      },
      "geometry": {
        "type": "Point",
        "coordinates": [
          134.544998,
          34.86497200000002
        ]
      }
    },
    {
      "type": "Feature",
      "properties": {
        "P27_001": "28301",
        "P27_002": "3",
        "P27_003": "03003",
        "P27_004": "03003",
        "P27_005": "猪名川町立図書館",
        "P27_006": "白金1-74-16",
        "P27_007": 3,
        "P27_008": -99,
        "P27_009": 9999
      },
      "geometry": {
        "type": "Point",
        "coordinates": [
          135.36294899999996,
          34.904674999999955
        ]
      }
    },
    {
      "type": "Feature",
      "properties": {
        "P27_001": "28365",
        "P27_002": "3",
        "P27_003": "03003",
        "P27_004": "03003",
        "P27_005": "多可町図書館",
        "P27_006": "中区糀屋434-11",
        "P27_007": 3,
        "P27_008": -99,
        "P27_009": 9999
      },
      "geometry": {
        "type": "Point",
        "coordinates": [
          134.921049,
          35.03401400000003
        ]
      }
    },
    {
      "type": "Feature",
      "properties": {
        "P27_001": "28381",
        "P27_002": "3",
        "P27_003": "03003",
        "P27_004": "03003",
        "P27_005": "稲美町立図書館",
        "P27_006": "国安1286-1",
        "P27_007": 3,
        "P27_008": 2,
        "P27_009": 1992
      },
      "geometry": {
        "type": "Point",
        "coordinates": [
          134.92034999999998,
          34.74876799999997
        ]
      }
    },
    {
      "type": "Feature",
      "properties": {
        "P27_001": "28382",
        "P27_002": "3",
        "P27_003": "03003",
        "P27_004": "03003",
        "P27_005": "播磨町立図書館",
        "P27_006": "東本荘1-5-55",
        "P27_007": 3,
        "P27_008": -99,
        "P27_009": 9999
      },
      "geometry": {
        "type": "Point",
        "coordinates": [
          134.867356,
          34.71532699999999
        ]
      }
    },
    {
      "type": "Feature",
      "properties": {
        "P27_001": "28442",
        "P27_002": "3",
        "P27_003": "03003",
        "P27_004": "03003",
        "P27_005": "いちかわ図書館",
        "P27_006": "西川辺715",
        "P27_007": 3,
        "P27_008": -99,
        "P27_009": 2000
      },
      "geometry": {
        "type": "Point",
        "coordinates": [
          134.76929000000004,
          34.983951
        ]
      }
    },
    {
      "type": "Feature",
      "properties": {
        "P27_001": "28464",
        "P27_002": "3",
        "P27_003": "03003",
        "P27_004": "03003",
        "P27_005": "太子町立図書館",
        "P27_006": "鵤1310-7",
        "P27_007": 3,
        "P27_008": -99,
        "P27_009": 1983
      },
      "geometry": {
        "type": "Point",
        "coordinates": [
          134.58060700000001,
          34.83464299999996
        ]
      }
    },
    {
      "type": "Feature",
      "properties": {
        "P27_001": "28501",
        "P27_002": "3",
        "P27_003": "03003",
        "P27_004": "03003",
        "P27_005": "佐用町立図書館",
        "P27_006": "佐用2585",
        "P27_007": 3,
        "P27_008": -99,
        "P27_009": 2001
      },
      "geometry": {
        "type": "Point",
        "coordinates": [
          134.35569000000004,
          35.00475600000003
        ]
      }
    },
    {
      "type": "Feature",
      "properties": {
        "P27_001": "28586",
        "P27_002": "3",
        "P27_003": "03003",
        "P27_004": "03003",
        "P27_005": "新温泉町立加藤文太郎記念図書館",
        "P27_006": "浜坂842-2",
        "P27_007": 3,
        "P27_008": -99,
        "P27_009": 9999
      },
      "geometry": {
        "type": "Point",
        "coordinates": [
          134.454446,
          35.62458599999997
        ]
      }
    },
    {
      "type": "Feature",
      "properties": {
        "P27_001": "28107",
        "P27_002": "3",
        "P27_003": "03004",
        "P27_004": "03004",
        "P27_005": "神戸市立須磨海浜水族園",
        "P27_006": "若宮町1-3-5",
        "P27_007": 3,
        "P27_008": -99,
        "P27_009": 1987
      },
      "geometry": {
        "type": "Point",
        "coordinates": [
          135.12780199999997,
          34.64385199999997
        ]
      }
    },
    {
      "type": "Feature",
      "properties": {
        "P27_001": "28201",
        "P27_002": "3",
        "P27_003": "03004",
        "P27_004": "03004",
        "P27_005": "姫路市立水族館",
        "P27_006": "手柄山中央公園",
        "P27_007": 3,
        "P27_008": -99,
        "P27_009": 1966
      },
      "geometry": {
        "type": "Point",
        "coordinates": [
          134.67604900000003,
          34.822623
        ]
      }
    },
    {
      "type": "Feature",
      "properties": {
        "P27_001": "28209",
        "P27_002": "3",
        "P27_003": "03004",
        "P27_004": "03004",
        "P27_005": "城崎マリンワールド",
        "P27_006": "瀬戸1090",
        "P27_007": 4,
        "P27_008": -99,
        "P27_009": 1934
      },
      "geometry": {
        "type": "Point",
        "coordinates": [
          134.825255,
          35.65580700000003
        ]
      }
    },
    {
      "type": "Feature",
      "properties": {
        "P27_001": "28102",
        "P27_002": "3",
        "P27_003": "03005",
        "P27_004": "03005",
        "P27_005": "神戸市立王子動物園",
        "P27_006": "王子町3-1",
        "P27_007": 3,
        "P27_008": -99,
        "P27_009": 1951
      },
      "geometry": {
        "type": "Point",
        "coordinates": [
          135.21415899999997,
          34.71019200000002
        ]
      }
    },
    {
      "type": "Feature",
      "properties": {
        "P27_001": "28102",
        "P27_002": "3",
        "P27_003": "03005",
        "P27_004": "03005",
        "P27_005": "六甲高山植物園",
        "P27_006": "六甲山町北六甲4512-150",
        "P27_007": 4,
        "P27_008": -99,
        "P27_009": 1933
      },
      "geometry": {
        "type": "Point",
        "coordinates": [
          135.24204399999996,
          34.761907999999956
        ]
      }
    },
    {
      "type": "Feature",
      "properties": {
        "P27_001": "28109",
        "P27_002": "3",
        "P27_003": "03005",
        "P27_004": "03005",
        "P27_005": "神戸市立森林植物園",
        "P27_006": "山田町上谷上字長尾1-2",
        "P27_007": 3,
        "P27_008": -99,
        "P27_009": 1957
      },
      "geometry": {
        "type": "Point",
        "coordinates": [
          135.17860600000003,
          34.73796599999998
        ]
      }
    },
    {
      "type": "Feature",
      "properties": {
        "P27_001": "28201",
        "P27_002": "3",
        "P27_003": "03005",
        "P27_004": "03005",
        "P27_005": "姫路セントラルパーク",
        "P27_006": "豊富町神谷1436-1",
        "P27_007": 4,
        "P27_008": -99,
        "P27_009": 1978
      },
      "geometry": {
        "type": "Point",
        "coordinates": [
          134.7524,
          34.86737299999999
        ]
      }
    },
    {
      "type": "Feature",
      "properties": {
        "P27_001": "28201",
        "P27_002": "3",
        "P27_003": "03005",
        "P27_004": "03005",
        "P27_005": "姫路市立動物園",
        "P27_006": "本町68",
        "P27_007": 3,
        "P27_008": -99,
        "P27_009": 1951
      },
      "geometry": {
        "type": "Point",
        "coordinates": [
          134.69523399999997,
          34.836866000000036
        ]
      }
    },
    {
      "type": "Feature",
      "properties": {
        "P27_001": "28205",
        "P27_002": "3",
        "P27_003": "03005",
        "P27_004": "03005",
        "P27_005": "淡路島モンキーセンター",
        "P27_006": "畑田組289",
        "P27_007": 4,
        "P27_008": -99,
        "P27_009": 1967
      },
      "geometry": {
        "type": "Point",
        "coordinates": [
          134.88313099999996,
          34.244296999999975
        ]
      }
    },
    {
      "type": "Feature",
      "properties": {
        "P27_001": "28214",
        "P27_002": "3",
        "P27_003": "03005",
        "P27_004": "03005",
        "P27_005": "宝塚ガーデンフィールズ",
        "P27_006": "栄町1-1-57",
        "P27_007": 4,
        "P27_008": -99,
        "P27_009": 2001
      },
      "geometry": {
        "type": "Point",
        "coordinates": [
          135.344423,
          34.80879300000003
        ]
      }
    },
    {
      "type": "Feature",
      "properties": {
        "P27_001": "28220",
        "P27_002": "3",
        "P27_003": "03005",
        "P27_004": "03005",
        "P27_005": "兵庫県立フラワーセンター",
        "P27_006": "豊倉町飯森1282-1",
        "P27_007": 2,
        "P27_008": -99,
        "P27_009": 1976
      },
      "geometry": {
        "type": "Point",
        "coordinates": [
          134.858674,
          34.90784399999997
        ]
      }
    },
    {
      "type": "Feature",
      "properties": {
        "P27_001": "28223",
        "P27_002": "3",
        "P27_003": "03005",
        "P27_004": "03005",
        "P27_005": "青垣いきものふれあいの里",
        "P27_006": "青垣町字滝谷115-6",
        "P27_007": 3,
        "P27_008": 3,
        "P27_009": 1995
      },
      "geometry": {
        "type": "Point",
        "coordinates": [
          135.00116599999998,
          35.276103000000006
        ]
      }
    },
    {
      "type": "Feature",
      "properties": {
        "P27_001": "28224",
        "P27_002": "3",
        "P27_003": "03005",
        "P27_004": "03005",
        "P27_005": "淡路ファームパーク・イングランドの丘",
        "P27_006": "八木養宜上1401",
        "P27_007": 3,
        "P27_008": -99,
        "P27_009": 2001
      },
      "geometry": {
        "type": "Point",
        "coordinates": [
          134.80161099999998,
          34.306856999999994
        ]
      }
    },
    {
      "type": "Feature",
      "properties": {
        "P27_001": "28501",
        "P27_002": "3",
        "P27_003": "03005",
        "P27_004": "03005",
        "P27_005": "兵庫県昆虫館",
        "P27_006": "船越617",
        "P27_007": 2,
        "P27_008": 1,
        "P27_009": 1971
      },
      "geometry": {
        "type": "Point",
        "coordinates": [
          134.427408,
          35.09750899999997
        ]
      }
    },
    {
      "type": "Feature",
      "properties": {
        "P27_001": "28110",
        "P27_002": "3",
        "P27_003": "99999",
        "P27_004": "03002",
        "P27_005": "アシックス・スポーツミュージアム",
        "P27_006": "港島中町7-1-1",
        "P27_007": 4,
        "P27_008": -99,
        "P27_009": 2009
      },
      "geometry": {
        "type": "Point",
        "coordinates": [
          135.21588499999996,
          34.66894099999999
        ]
      }
    },
    {
      "type": "Feature",
      "properties": {
        "P27_001": "28382",
        "P27_002": "3",
        "P27_003": "99999",
        "P27_004": "03002",
        "P27_005": "兵庫県立考古博物館",
        "P27_006": "大中1-1-1",
        "P27_007": 2,
        "P27_008": 1,
        "P27_009": 2007
      },
      "geometry": {
        "type": "Point",
        "coordinates": [
          134.87782,
          34.725550000000034
        ]
      }
    },
    {
      "type": "Feature",
      "properties": {
        "P27_001": "28219",
        "P27_002": "3",
        "P27_003": "99999",
        "P27_004": "03003",
        "P27_005": "三田市立図書館ウッディタウン分館",
        "P27_006": "けやき台1-4-1",
        "P27_007": 3,
        "P27_008": -99,
        "P27_009": 2005
      },
      "geometry": {
        "type": "Point",
        "coordinates": [
          135.18759299999996,
          34.90625099999997
        ]
      }
    },
    {
      "type": "Feature",
      "properties": {
        "P27_001": "28209",
        "P27_002": "3",
        "P27_003": "99999",
        "P27_004": "03003",
        "P27_005": "豊岡市立図書館但東分館",
        "P27_006": "但東町出合150",
        "P27_007": 3,
        "P27_008": -99,
        "P27_009": 9999
      },
      "geometry": {
        "type": "Point",
        "coordinates": [
          134.950088,
          35.470717000000036
        ]
      }
    },
    {
      "type": "Feature",
      "properties": {
        "P27_001": "28209",
        "P27_002": "3",
        "P27_003": "99999",
        "P27_004": "03003",
        "P27_005": "豊岡市立図書館日高分館",
        "P27_006": "日高町祢布920",
        "P27_007": 3,
        "P27_008": -99,
        "P27_009": 9999
      },
      "geometry": {
        "type": "Point",
        "coordinates": [
          134.77089199999998,
          35.470339000000024
        ]
      }
    },
    {
      "type": "Feature",
      "properties": {
        "P27_001": "28209",
        "P27_002": "3",
        "P27_003": "99999",
        "P27_004": "03003",
        "P27_005": "豊岡市立図書館城崎分館",
        "P27_006": "城崎町桃島1057-1",
        "P27_007": 3,
        "P27_008": -99,
        "P27_009": 9999
      },
      "geometry": {
        "type": "Point",
        "coordinates": [
          134.81350000000003,
          35.62860599999997
        ]
      }
    },
    {
      "type": "Feature",
      "properties": {
        "P27_001": "28209",
        "P27_002": "3",
        "P27_003": "99999",
        "P27_004": "03003",
        "P27_005": "豊岡市立図書館竹野分館",
        "P27_006": "竹野町竹野1585-1",
        "P27_007": 3,
        "P27_008": -99,
        "P27_009": 9999
      },
      "geometry": {
        "type": "Point",
        "coordinates": [
          134.75774300000003,
          35.650008000000014
        ]
      }
    },
    {
      "type": "Feature",
      "properties": {
        "P27_001": "28209",
        "P27_002": "3",
        "P27_003": "99999",
        "P27_004": "03003",
        "P27_005": "豊岡市立図書館出石分館",
        "P27_006": "出石町内町1",
        "P27_007": 3,
        "P27_008": -99,
        "P27_009": 9999
      },
      "geometry": {
        "type": "Point",
        "coordinates": [
          134.87511400000002,
          35.46154300000001
        ]
      }
    },
    {
      "type": "Feature",
      "properties": {
        "P27_001": "28201",
        "P27_002": "3",
        "P27_003": "99999",
        "P27_004": "03003",
        "P27_005": "姫路市立図書館夢前分館",
        "P27_006": "夢前町前之庄2160",
        "P27_007": 3,
        "P27_008": -99,
        "P27_009": 9999
      },
      "geometry": {
        "type": "Point",
        "coordinates": [
          134.68493399999997,
          34.973177000000014
        ]
      }
    },
    {
      "type": "Feature",
      "properties": {
        "P27_001": "28201",
        "P27_002": "3",
        "P27_003": "99999",
        "P27_004": "03003",
        "P27_005": "姫路市立図書館家島分館",
        "P27_006": "家島町真浦2137-4",
        "P27_007": 3,
        "P27_008": -99,
        "P27_009": 9999
      },
      "geometry": {
        "type": "Point",
        "coordinates": [
          134.532255,
          34.67582599999998
        ]
      }
    },
    {
      "type": "Feature",
      "properties": {
        "P27_001": "28215",
        "P27_002": "3",
        "P27_003": "03003",
        "P27_004": "03003",
        "P27_005": "三木市立吉川図書館",
        "P27_006": "吉川町吉安246-1",
        "P27_007": 3,
        "P27_008": -99,
        "P27_009": 9999
      },
      "geometry": {
        "type": "Point",
        "coordinates": [
          135.12401599999998,
          34.886665999999984
        ]
      }
    },
    {
      "type": "Feature",
      "properties": {
        "P27_001": "28215",
        "P27_002": "3",
        "P27_003": "99999",
        "P27_004": "03003",
        "P27_005": "三木市立青山図書館",
        "P27_006": "志染町青山3-15-2",
        "P27_007": 3,
        "P27_008": -99,
        "P27_009": 9999
      },
      "geometry": {
        "type": "Point",
        "coordinates": [
          135.03747299999998,
          34.77813600000001
        ]
      }
    },
    {
      "type": "Feature",
      "properties": {
        "P27_001": "28443",
        "P27_002": "3",
        "P27_003": "99999",
        "P27_004": "03003",
        "P27_005": "福崎町立図書館",
        "P27_006": "西治360-1",
        "P27_007": 3,
        "P27_008": -99,
        "P27_009": 9999
      },
      "geometry": {
        "type": "Point",
        "coordinates": [
          134.74698900000004,
          34.95155399999998
        ]
      }
    },
    {
      "type": "Feature",
      "properties": {
        "P27_001": "28110",
        "P27_002": "3",
        "P27_003": "99999",
        "P27_004": "03003",
        "P27_005": "神戸市立点字図書館",
        "P27_006": "橘通3-4-1（総合福祉センター内）",
        "P27_007": 4,
        "P27_008": -99,
        "P27_009": 9999
      },
      "geometry": {
        "type": "Point",
        "coordinates": [
          135.174333,
          34.681124000000025
        ]
      }
    },
    {
      "type": "Feature",
      "properties": {
        "P27_001": "28204",
        "P27_002": "3",
        "P27_003": "99999",
        "P27_004": "03003",
        "P27_005": "西宮市視覚障害者図書館",
        "P27_006": "染殿町8-17（西宮市総合福祉センター内）",
        "P27_007": 4,
        "P27_008": -99,
        "P27_009": 9999
      },
      "geometry": {
        "type": "Point",
        "coordinates": [
          135.345607,
          34.734208999999986
        ]
      }
    },
    {
      "type": "Feature",
      "properties": {
        "P27_001": "28110",
        "P27_002": "3",
        "P27_003": "99999",
        "P27_004": "03003",
        "P27_005": "兵庫県点字図書館",
        "P27_006": "坂口通2-1-18（兵庫県福祉センター内）",
        "P27_007": 4,
        "P27_008": -99,
        "P27_009": 9999
      },
      "geometry": {
        "type": "Point",
        "coordinates": [
          135.21154600000003,
          34.70801400000003
        ]
      }
    },
    {
      "type": "Feature",
      "properties": {
        "P27_001": "28215",
        "P27_002": "3",
        "P27_003": "99999",
        "P27_004": "03003",
        "P27_005": "関西国際大学三木キャンパス図書館",
        "P27_006": "志染町青山1-18",
        "P27_007": 4,
        "P27_008": -99,
        "P27_009": 9999
      },
      "geometry": {
        "type": "Point",
        "coordinates": [
          135.04325100000003,
          34.77217799999998
        ]
      }
    },
    {
      "type": "Feature",
      "properties": {
        "P27_001": "28219",
        "P27_002": "3",
        "P27_003": "99999",
        "P27_004": "03003",
        "P27_005": "関西学院大学神戸三田キャンパス図書メディア館",
        "P27_006": "学園2-1",
        "P27_007": 4,
        "P27_008": -99,
        "P27_009": 9999
      },
      "geometry": {
        "type": "Point",
        "coordinates": [
          135.164932,
          34.914627000000046
        ]
      }
    },
    {
      "type": "Feature",
      "properties": {
        "P27_001": "28481",
        "P27_002": "3",
        "P27_003": "99999",
        "P27_004": "03003",
        "P27_005": "兵庫県立大学播磨光都学術情報館",
        "P27_006": "光都3-2-1",
        "P27_007": 0,
        "P27_008": -99,
        "P27_009": 9999
      },
      "geometry": {
        "type": "Point",
        "coordinates": [
          134.44615400000004,
          34.92894100000001
        ]
      }
    },
    {
      "type": "Feature",
      "properties": {
        "P27_001": "28207",
        "P27_002": "3",
        "P27_003": "99999",
        "P27_004": "03003",
        "P27_005": "大手前大学・大手前短期大学図書館伊丹図書館",
        "P27_006": "稲野町2-2-2",
        "P27_007": 4,
        "P27_008": -99,
        "P27_009": 9999
      },
      "geometry": {
        "type": "Point",
        "coordinates": [
          135.41756700000002,
          34.76447699999998
        ]
      }
    },
    {
      "type": "Feature",
      "properties": {
        "P27_001": "28210",
        "P27_002": "3",
        "P27_003": "99999",
        "P27_004": "03003",
        "P27_005": "兵庫大学情報メディアセンター図書館",
        "P27_006": "平岡町新在家2301",
        "P27_007": 4,
        "P27_008": -99,
        "P27_009": 9999
      },
      "geometry": {
        "type": "Point",
        "coordinates": [
          134.88329300000004,
          34.747736000000025
        ]
      }
    },
    {
      "type": "Feature",
      "properties": {
        "P27_001": "28228",
        "P27_002": "3",
        "P27_003": "99999",
        "P27_004": "03003",
        "P27_005": "兵庫教育大学附属図書館",
        "P27_006": "下久米942-1",
        "P27_007": 0,
        "P27_008": -99,
        "P27_009": 9999
      },
      "geometry": {
        "type": "Point",
        "coordinates": [
          135.01704199999998,
          34.91169999999998
        ]
      }
    },
    {
      "type": "Feature",
      "properties": {
        "P27_001": "28201",
        "P27_002": "3",
        "P27_003": "99999",
        "P27_004": "03003",
        "P27_005": "兵庫県立大学姫路新在家学術情報館",
        "P27_006": "新在家本町1-1-12",
        "P27_007": 0,
        "P27_008": -99,
        "P27_009": 9999
      },
      "geometry": {
        "type": "Point",
        "coordinates": [
          134.68777200000002,
          34.847818000000004
        ]
      }
    },
    {
      "type": "Feature",
      "properties": {
        "P27_001": "28201",
        "P27_002": "3",
        "P27_003": "99999",
        "P27_004": "03003",
        "P27_005": "兵庫県立大学姫路書写学術情報館",
        "P27_006": "書写2167",
        "P27_007": 0,
        "P27_008": -99,
        "P27_009": 9999
      },
      "geometry": {
        "type": "Point",
        "coordinates": [
          134.64963000000003,
          34.87726100000003
        ]
      }
    },
    {
      "type": "Feature",
      "properties": {
        "P27_001": "28201",
        "P27_002": "3",
        "P27_003": "99999",
        "P27_004": "03003",
        "P27_005": "姫路獨協大学附属図書館",
        "P27_006": "上大野7-2-1",
        "P27_007": 4,
        "P27_008": -99,
        "P27_009": 9999
      },
      "geometry": {
        "type": "Point",
        "coordinates": [
          134.68932000000004,
          34.87200699999999
        ]
      }
    },
    {
      "type": "Feature",
      "properties": {
        "P27_001": "28214",
        "P27_002": "3",
        "P27_003": "99999",
        "P27_004": "03003",
        "P27_005": "甲子園大学図書館",
        "P27_006": "紅葉ガ丘10-1",
        "P27_007": 4,
        "P27_008": -99,
        "P27_009": 9999
      },
      "geometry": {
        "type": "Point",
        "coordinates": [
          135.334243,
          34.80680600000003
        ]
      }
    },
    {
      "type": "Feature",
      "properties": {
        "P27_001": "28202",
        "P27_002": "3",
        "P27_003": "99999",
        "P27_004": "03003",
        "P27_005": "園田学園女子大学図書館",
        "P27_006": "南塚口町7-29-1",
        "P27_007": 4,
        "P27_008": -99,
        "P27_009": 9999
      },
      "geometry": {
        "type": "Point",
        "coordinates": [
          135.40987800000002,
          34.74828399999998
        ]
      }
    },
    {
      "type": "Feature",
      "properties": {
        "P27_001": "28202",
        "P27_002": "3",
        "P27_003": "99999",
        "P27_004": "03003",
        "P27_005": "聖トマス大学図書館",
        "P27_006": "若王寺2-18-1",
        "P27_007": 4,
        "P27_008": -99,
        "P27_009": 9999
      },
      "geometry": {
        "type": "Point",
        "coordinates": [
          135.43834299999997,
          34.74894600000004
        ]
      }
    },
    {
      "type": "Feature",
      "properties": {
        "P27_001": "28203",
        "P27_002": "3",
        "P27_003": "99999",
        "P27_004": "03003",
        "P27_005": "兵庫県立大学明石学術情報館",
        "P27_006": "北王子町13-71",
        "P27_007": 0,
        "P27_008": -99,
        "P27_009": 9999
      },
      "geometry": {
        "type": "Point",
        "coordinates": [
          134.98037600000004,
          34.65980000000003
        ]
      }
    },
    {
      "type": "Feature",
      "properties": {
        "P27_001": "28225",
        "P27_002": "3",
        "P27_003": "99999",
        "P27_004": "03003",
        "P27_005": "朝来市あさご森の図書館",
        "P27_006": "新井194",
        "P27_007": 3,
        "P27_008": 1,
        "P27_009": 2005
      },
      "geometry": {
        "type": "Point",
        "coordinates": [
          134.79721599999996,
          35.244054000000006
        ]
      }
    },
    {
      "type": "Feature",
      "properties": {
        "P27_001": "28226",
        "P27_002": "3",
        "P27_003": "99999",
        "P27_004": "03003",
        "P27_005": "関西看護医療大学図書館",
        "P27_006": "志筑1456-4",
        "P27_007": 4,
        "P27_008": -99,
        "P27_009": 9999
      },
      "geometry": {
        "type": "Point",
        "coordinates": [
          134.900618,
          34.435558000000036
        ]
      }
    },
    {
      "type": "Feature",
      "properties": {
        "P27_001": "28111",
        "P27_002": "3",
        "P27_003": "99999",
        "P27_004": "03003",
        "P27_005": "神戸市外国語大学学術情報センター",
        "P27_006": "学園東町9-1",
        "P27_007": 0,
        "P27_008": -99,
        "P27_009": 9999
      },
      "geometry": {
        "type": "Point",
        "coordinates": [
          135.05988799999997,
          34.68044199999999
        ]
      }
    },
    {
      "type": "Feature",
      "properties": {
        "P27_001": "28102",
        "P27_002": "3",
        "P27_003": "99999",
        "P27_004": "03003",
        "P27_005": "神戸大学附属図書館経済経営研究所図書館",
        "P27_006": "六甲台町2-1",
        "P27_007": 0,
        "P27_008": -99,
        "P27_009": 9999
      },
      "geometry": {
        "type": "Point",
        "coordinates": [
          135.234949,
          34.729408000000035
        ]
      }
    },
    {
      "type": "Feature",
      "properties": {
        "P27_001": "28111",
        "P27_002": "3",
        "P27_003": "99999",
        "P27_004": "03003",
        "P27_005": "兵庫県立大学政策科学研究所資料センター",
        "P27_006": "学園西町8-2-1",
        "P27_007": 0,
        "P27_008": -99,
        "P27_009": 9999
      },
      "geometry": {
        "type": "Point",
        "coordinates": [
          135.05277699999994,
          34.67842100000002
        ]
      }
    },
    {
      "type": "Feature",
      "properties": {
        "P27_001": "28109",
        "P27_002": "3",
        "P27_003": "99999",
        "P27_004": "03003",
        "P27_005": "神戸親和女子大学附属図書館",
        "P27_006": "鈴蘭台北町7-13-1",
        "P27_007": 4,
        "P27_008": -99,
        "P27_009": 9999
      },
      "geometry": {
        "type": "Point",
        "coordinates": [
          135.15544400000002,
          34.728230999999994
        ]
      }
    },
    {
      "type": "Feature",
      "properties": {
        "P27_001": "28111",
        "P27_002": "3",
        "P27_003": "99999",
        "P27_004": "03003",
        "P27_005": "神戸市看護大学図書館",
        "P27_006": "学園西町3-4",
        "P27_007": 0,
        "P27_008": -99,
        "P27_009": 9999
      },
      "geometry": {
        "type": "Point",
        "coordinates": [
          135.05253999999996,
          34.686984000000024
        ]
      }
    },
    {
      "type": "Feature",
      "properties": {
        "P27_001": "28111",
        "P27_002": "3",
        "P27_003": "99999",
        "P27_004": "03003",
        "P27_005": "流通科学大学附属図書館",
        "P27_006": "学園西町3-1",
        "P27_007": 4,
        "P27_008": -99,
        "P27_009": 9999
      },
      "geometry": {
        "type": "Point",
        "coordinates": [
          135.05743399999997,
          34.686681
        ]
      }
    },
    {
      "type": "Feature",
      "properties": {
        "P27_001": "28101",
        "P27_002": "3",
        "P27_003": "99999",
        "P27_004": "03003",
        "P27_005": "神戸国際大学情報センター図書館",
        "P27_006": "向洋町中9-1-6",
        "P27_007": 4,
        "P27_008": -99,
        "P27_009": 9999
      },
      "geometry": {
        "type": "Point",
        "coordinates": [
          135.27023500000004,
          34.68152100000001
        ]
      }
    },
    {
      "type": "Feature",
      "properties": {
        "P27_001": "28101",
        "P27_002": "3",
        "P27_003": "99999",
        "P27_004": "03003",
        "P27_005": "神戸薬科大学図書館",
        "P27_006": "本山北町4-19-1",
        "P27_007": 4,
        "P27_008": -99,
        "P27_009": 9999
      },
      "geometry": {
        "type": "Point",
        "coordinates": [
          135.28324099999998,
          34.73195799999999
        ]
      }
    },
    {
      "type": "Feature",
      "properties": {
        "P27_001": "28111",
        "P27_002": "3",
        "P27_003": "99999",
        "P27_004": "03003",
        "P27_005": "神戸学院大学有瀬図書館",
        "P27_006": "伊川谷町有瀬518",
        "P27_007": 4,
        "P27_008": -99,
        "P27_009": 9999
      },
      "geometry": {
        "type": "Point",
        "coordinates": [
          135.029061,
          34.66341400000001
        ]
      }
    },
    {
      "type": "Feature",
      "properties": {
        "P27_001": "28106",
        "P27_002": "3",
        "P27_003": "99999",
        "P27_004": "03003",
        "P27_005": "神戸学院大学法科図書館",
        "P27_006": "西山町2-3-3",
        "P27_007": 4,
        "P27_008": -99,
        "P27_009": 9999
      },
      "geometry": {
        "type": "Point",
        "coordinates": [
          135.14403999999996,
          34.67197600000002
        ]
      }
    },
    {
      "type": "Feature",
      "properties": {
        "P27_001": "28110",
        "P27_002": "3",
        "P27_003": "99999",
        "P27_004": "03003",
        "P27_005": "神戸女子短期大学図書館",
        "P27_006": "港島中町4-7-2",
        "P27_007": 4,
        "P27_008": -99,
        "P27_009": 9999
      },
      "geometry": {
        "type": "Point",
        "coordinates": [
          135.20767400000003,
          34.66869499999998
        ]
      }
    },
    {
      "type": "Feature",
      "properties": {
        "P27_001": "28110",
        "P27_002": "3",
        "P27_003": "99999",
        "P27_004": "03003",
        "P27_005": "神戸夙川学院大学図書館",
        "P27_006": "港島1-3-11",
        "P27_007": 4,
        "P27_008": -99,
        "P27_009": 9999
      },
      "geometry": {
        "type": "Point",
        "coordinates": [
          135.204423,
          34.66525300000002
        ]
      }
    },
    {
      "type": "Feature",
      "properties": {
        "P27_001": "28111",
        "P27_002": "3",
        "P27_003": "99999",
        "P27_004": "03003",
        "P27_005": "兵庫県立大学神戸学園都市学術情報館図書館",
        "P27_006": "学園西町8-2-1",
        "P27_007": 0,
        "P27_008": -99,
        "P27_009": 9999
      },
      "geometry": {
        "type": "Point",
        "coordinates": [
          135.05105999999998,
          34.67822599999996
        ]
      }
    },
    {
      "type": "Feature",
      "properties": {
        "P27_001": "28110",
        "P27_002": "3",
        "P27_003": "99999",
        "P27_004": "03003",
        "P27_005": "日本経済大学神戸三宮図書館",
        "P27_006": "琴ノ緒町4-4-7",
        "P27_007": 4,
        "P27_008": -99,
        "P27_009": 9999
      },
      "geometry": {
        "type": "Point",
        "coordinates": [
          135.19529499999996,
          34.69657599999999
        ]
      }
    },
    {
      "type": "Feature",
      "properties": {
        "P27_001": "28110",
        "P27_002": "3",
        "P27_003": "99999",
        "P27_004": "03003",
        "P27_005": "兵庫県立大学神戸ポートアイランド学術情報館",
        "P27_006": "港島南町7-1-28（計算科学センタービル5F）",
        "P27_007": 0,
        "P27_008": -99,
        "P27_009": 9999
      },
      "geometry": {
        "type": "Point",
        "coordinates": [
          135.21969999999996,
          34.65378799999998
        ]
      }
    },
    {
      "type": "Feature",
      "properties": {
        "P27_001": "28101",
        "P27_002": "3",
        "P27_003": "99999",
        "P27_004": "03003",
        "P27_005": "甲南女子大学図書館",
        "P27_006": "森北町6-2-23",
        "P27_007": 4,
        "P27_008": -99,
        "P27_009": 9999
      },
      "geometry": {
        "type": "Point",
        "coordinates": [
          135.28838499999998,
          34.73497299999996
        ]
      }
    },
    {
      "type": "Feature",
      "properties": {
        "P27_001": "28101",
        "P27_002": "3",
        "P27_003": "99999",
        "P27_004": "03003",
        "P27_005": "甲南大学図書館",
        "P27_006": "岡本8-9-1",
        "P27_007": 4,
        "P27_008": -99,
        "P27_009": 9999
      },
      "geometry": {
        "type": "Point",
        "coordinates": [
          135.26784899999998,
          34.72898300000004
        ]
      }
    },
    {
      "type": "Feature",
      "properties": {
        "P27_001": "28111",
        "P27_002": "3",
        "P27_003": "99999",
        "P27_004": "03003",
        "P27_005": "神戸芸術工科大学図書館",
        "P27_006": "学園西町8-1-1",
        "P27_007": 4,
        "P27_008": -99,
        "P27_009": 9999
      },
      "geometry": {
        "type": "Point",
        "coordinates": [
          135.05597299999997,
          34.67757899999999
        ]
      }
    },
    {
      "type": "Feature",
      "properties": {
        "P27_001": "28110",
        "P27_002": "3",
        "P27_003": "99999",
        "P27_004": "03003",
        "P27_005": "神戸大学附属図書館医学分館",
        "P27_006": "楠町7-5-1",
        "P27_007": 0,
        "P27_008": -99,
        "P27_009": 9999
      },
      "geometry": {
        "type": "Point",
        "coordinates": [
          135.17135499999995,
          34.68479100000003
        ]
      }
    },
    {
      "type": "Feature",
      "properties": {
        "P27_001": "28101",
        "P27_002": "3",
        "P27_003": "99999",
        "P27_004": "03003",
        "P27_005": "神戸大学附属図書館海事科学分館",
        "P27_006": "深江南町5-1-1",
        "P27_007": 0,
        "P27_008": -99,
        "P27_009": 9999
      },
      "geometry": {
        "type": "Point",
        "coordinates": [
          135.28946899999994,
          34.71844700000003
        ]
      }
    },
    {
      "type": "Feature",
      "properties": {
        "P27_001": "28102",
        "P27_002": "3",
        "P27_003": "99999",
        "P27_004": "03003",
        "P27_005": "神戸松蔭女子学院大学図書館",
        "P27_006": "篠原伯母野山町1-2-1",
        "P27_007": 4,
        "P27_008": -99,
        "P27_009": 9999
      },
      "geometry": {
        "type": "Point",
        "coordinates": [
          135.22877500000004,
          34.727398999999984
        ]
      }
    },
    {
      "type": "Feature",
      "properties": {
        "P27_001": "28102",
        "P27_002": "3",
        "P27_003": "99999",
        "P27_004": "03003",
        "P27_005": "神戸大学附属図書館人間科学図書館",
        "P27_006": "鶴甲3-11",
        "P27_007": 0,
        "P27_008": -99,
        "P27_009": 9999
      },
      "geometry": {
        "type": "Point",
        "coordinates": [
          135.234995,
          34.73354400000003
        ]
      }
    },
    {
      "type": "Feature",
      "properties": {
        "P27_001": "28107",
        "P27_002": "3",
        "P27_003": "99999",
        "P27_004": "03003",
        "P27_005": "神戸女子大学図書館",
        "P27_006": "東須磨青山2-1",
        "P27_007": 4,
        "P27_008": -99,
        "P27_009": 9999
      },
      "geometry": {
        "type": "Point",
        "coordinates": [
          135.10892600000003,
          34.65808199999999
        ]
      }
    },
    {
      "type": "Feature",
      "properties": {
        "P27_001": "28110",
        "P27_002": "3",
        "P27_003": "99999",
        "P27_004": "03003",
        "P27_005": "神戸学院大学ポーアイ図書館",
        "P27_006": "港島1-1-3",
        "P27_007": 4,
        "P27_008": -99,
        "P27_009": 9999
      },
      "geometry": {
        "type": "Point",
        "coordinates": [
          135.20411799999997,
          34.669422
        ]
      }
    },
    {
      "type": "Feature",
      "properties": {
        "P27_001": "28102",
        "P27_002": "3",
        "P27_003": "99999",
        "P27_004": "03003",
        "P27_005": "神戸大学附属図書館自然科学系図書館",
        "P27_006": "六甲台町1-1",
        "P27_007": 0,
        "P27_008": -99,
        "P27_009": 9999
      },
      "geometry": {
        "type": "Point",
        "coordinates": [
          135.235683,
          34.72600600000001
        ]
      }
    },
    {
      "type": "Feature",
      "properties": {
        "P27_001": "28102",
        "P27_002": "3",
        "P27_003": "99999",
        "P27_004": "03003",
        "P27_005": "神戸大学附属図書館人文科学図書館",
        "P27_006": "六甲台町1-1",
        "P27_007": 0,
        "P27_008": -99,
        "P27_009": 9999
      },
      "geometry": {
        "type": "Point",
        "coordinates": [
          135.23481500000003,
          34.724868
        ]
      }
    },
    {
      "type": "Feature",
      "properties": {
        "P27_001": "28102",
        "P27_002": "3",
        "P27_003": "99999",
        "P27_004": "03003",
        "P27_005": "神戸大学附属図書館総合・国際文化学図書館",
        "P27_006": "鶴甲1-2-1",
        "P27_007": 0,
        "P27_008": -99,
        "P27_009": 9999
      },
      "geometry": {
        "type": "Point",
        "coordinates": [
          135.23662500000003,
          34.73011999999997
        ]
      }
    },
    {
      "type": "Feature",
      "properties": {
        "P27_001": "28102",
        "P27_002": "3",
        "P27_003": "99999",
        "P27_004": "03003",
        "P27_005": "神戸大学附属図書館社会科学系図書館",
        "P27_006": "六甲台町2-1",
        "P27_007": 0,
        "P27_008": -99,
        "P27_009": 9999
      },
      "geometry": {
        "type": "Point",
        "coordinates": [
          135.23406299999996,
          34.729310000000005
        ]
      }
    },
    {
      "type": "Feature",
      "properties": {
        "P27_001": "28204",
        "P27_002": "3",
        "P27_003": "99999",
        "P27_004": "03003",
        "P27_005": "甲子園短期大学図書館",
        "P27_006": "瓦林町4-25",
        "P27_007": 4,
        "P27_008": -99,
        "P27_009": 9999
      },
      "geometry": {
        "type": "Point",
        "coordinates": [
          135.37031500000003,
          34.743287999999964
        ]
      }
    },
    {
      "type": "Feature",
      "properties": {
        "P27_001": "28204",
        "P27_002": "3",
        "P27_003": "99999",
        "P27_004": "03003",
        "P27_005": "大手前大学・大手前短期大学図書館メディアライブラリーCELL",
        "P27_006": "御茶家所町6-42",
        "P27_007": 4,
        "P27_008": -99,
        "P27_009": 9999
      },
      "geometry": {
        "type": "Point",
        "coordinates": [
          135.32613099999998,
          34.73833099999998
        ]
      }
    },
    {
      "type": "Feature",
      "properties": {
        "P27_001": "28204",
        "P27_002": "3",
        "P27_003": "99999",
        "P27_004": "03003",
        "P27_005": "関西学院大学西宮上ケ原キャンパス図書館",
        "P27_006": "上ケ原一番町1-155",
        "P27_007": 4,
        "P27_008": -99,
        "P27_009": 9999
      },
      "geometry": {
        "type": "Point",
        "coordinates": [
          135.34671199999997,
          34.76977300000003
        ]
      }
    },
    {
      "type": "Feature",
      "properties": {
        "P27_001": "28212",
        "P27_002": "3",
        "P27_003": "99999",
        "P27_004": "03003",
        "P27_005": "関西福祉大学附属図書館",
        "P27_006": "新田380-3",
        "P27_007": 4,
        "P27_008": -99,
        "P27_009": 9999
      },
      "geometry": {
        "type": "Point",
        "coordinates": [
          134.367681,
          34.76160200000004
        ]
      }
    },
    {
      "type": "Feature",
      "properties": {
        "P27_001": "28102",
        "P27_002": "3",
        "P27_003": "99999",
        "P27_004": "03001",
        "P27_005": "兵庫県立美術館王子分館・横尾忠則現代美術館",
        "P27_006": "原田通3-8-30",
        "P27_007": 2,
        "P27_008": 4,
        "P27_009": 2012
      },
      "geometry": {
        "type": "Point",
        "coordinates": [
          135.21395900000002,
          34.708559
        ]
      }
    },
    {
      "type": "Feature",
      "properties": {
        "P27_001": "28110",
        "P27_002": "3",
        "P27_003": "99999",
        "P27_004": "03002",
        "P27_005": "民音音楽博物館・西日本館",
        "P27_006": "浜辺通6-3-16（関西国際文化センター3Ｆ）",
        "P27_007": 4,
        "P27_008": -99,
        "P27_009": 2012
      },
      "geometry": {
        "type": "Point",
        "coordinates": [
          135.19816500000002,
          34.687176000000015
        ]
      }
    },
    {
      "type": "Feature",
      "properties": {
        "P27_001": "28201",
        "P27_002": "3",
        "P27_003": "99999",
        "P27_004": "03002",
        "P27_005": "あずきミュージアム",
        "P27_006": "阿保甲611-1",
        "P27_007": 4,
        "P27_008": 2,
        "P27_009": 2009
      },
      "geometry": {
        "type": "Point",
        "coordinates": [
          134.701339,
          34.82405400000001
        ]
      }
    },
    {
      "type": "Feature",
      "properties": {
        "P27_001": "28204",
        "P27_002": "3",
        "P27_003": "99999",
        "P27_004": "03109",
        "P27_005": "兵庫県立総合体育館",
        "P27_006": "鳴尾浜1-16-8",
        "P27_007": 3,
        "P27_008": -99,
        "P27_009": 9999
      },
      "geometry": {
        "type": "Point",
        "coordinates": [
          135.36548100000002,
          34.69920400000001
        ]
      }
    },
    {
      "type": "Feature",
      "properties": {
        "P27_001": "28204",
        "P27_002": "3",
        "P27_003": "99999",
        "P27_004": "03129",
        "P27_005": "兵庫県立総合体育館",
        "P27_006": "鳴尾浜1-16-8",
        "P27_007": 3,
        "P27_008": -99,
        "P27_009": 9999
      },
      "geometry": {
        "type": "Point",
        "coordinates": [
          135.36561100000003,
          34.69908700000001
        ]
      }
    },
    {
      "type": "Feature",
      "properties": {
        "P27_001": "28204",
        "P27_002": "3",
        "P27_003": "99999",
        "P27_004": "03113",
        "P27_005": "兵庫県立総合体育館",
        "P27_006": "鳴尾浜1-16-8",
        "P27_007": 3,
        "P27_008": -99,
        "P27_009": 9999
      },
      "geometry": {
        "type": "Point",
        "coordinates": [
          135.36551599999999,
          34.698794000000014
        ]
      }
    },
    {
      "type": "Feature",
      "properties": {
        "P27_001": "28204",
        "P27_002": "3",
        "P27_003": "99999",
        "P27_004": "03132",
        "P27_005": "兵庫県立総合体育館",
        "P27_006": "鳴尾浜1-16-8",
        "P27_007": 3,
        "P27_008": -99,
        "P27_009": 9999
      },
      "geometry": {
        "type": "Point",
        "coordinates": [
          135.36542100000003,
          34.69853999999996
        ]
      }
    },
    {
      "type": "Feature",
      "properties": {
        "P27_001": "28106",
        "P27_002": "3",
        "P27_003": "99999",
        "P27_004": "03109",
        "P27_005": "兵庫県立文化体育館",
        "P27_006": "蓮池町1-1",
        "P27_007": 3,
        "P27_008": -99,
        "P27_009": 9999
      },
      "geometry": {
        "type": "Point",
        "coordinates": [
          135.143652,
          34.66366899999997
        ]
      }
    },
    {
      "type": "Feature",
      "properties": {
        "P27_001": "28106",
        "P27_002": "3",
        "P27_003": "99999",
        "P27_004": "03129",
        "P27_005": "兵庫県立文化体育館",
        "P27_006": "蓮池町1-1",
        "P27_007": 3,
        "P27_008": -99,
        "P27_009": 9999
      },
      "geometry": {
        "type": "Point",
        "coordinates": [
          135.14383,
          34.66362499999997
        ]
      }
    },
    {
      "type": "Feature",
      "properties": {
        "P27_001": "28106",
        "P27_002": "3",
        "P27_003": "99999",
        "P27_004": "03113",
        "P27_005": "兵庫県立文化体育館",
        "P27_006": "蓮池町1-1",
        "P27_007": 3,
        "P27_008": -99,
        "P27_009": 9999
      },
      "geometry": {
        "type": "Point",
        "coordinates": [
          135.14408,
          34.663547
        ]
      }
    },
    {
      "type": "Feature",
      "properties": {
        "P27_001": "28106",
        "P27_002": "3",
        "P27_003": "99999",
        "P27_004": "03132",
        "P27_005": "兵庫県立文化体育館",
        "P27_006": "蓮池町1-1",
        "P27_007": 3,
        "P27_008": -99,
        "P27_009": 9999
      },
      "geometry": {
        "type": "Point",
        "coordinates": [
          135.14356899999999,
          34.663404999999976
        ]
      }
    },
    {
      "type": "Feature",
      "properties": {
        "P27_001": "28106",
        "P27_002": "3",
        "P27_003": "99999",
        "P27_004": "03129",
        "P27_005": "兵庫県立文化体育館",
        "P27_006": "蓮池町1-1",
        "P27_007": 3,
        "P27_008": -99,
        "P27_009": 9999
      },
      "geometry": {
        "type": "Point",
        "coordinates": [
          135.14390799999998,
          34.66330199999998
        ]
      }
    },
    {
      "type": "Feature",
      "properties": {
        "P27_001": "28106",
        "P27_002": "3",
        "P27_003": "99999",
        "P27_004": "03106",
        "P27_005": "兵庫県立文化体育館",
        "P27_006": "蓮池町1-1",
        "P27_007": 3,
        "P27_008": -99,
        "P27_009": 9999
      },
      "geometry": {
        "type": "Point",
        "coordinates": [
          135.14374699999996,
          34.66336600000003
        ]
      }
    },
    {
      "type": "Feature",
      "properties": {
        "P27_001": "28206",
        "P27_002": "3",
        "P27_003": "99999",
        "P27_004": "03140",
        "P27_005": "兵庫県立海洋体育館",
        "P27_006": "浜風町30-2",
        "P27_007": 3,
        "P27_008": -99,
        "P27_009": 9999
      },
      "geometry": {
        "type": "Point",
        "coordinates": [
          135.322667,
          34.725109000000046
        ]
      }
    },
    {
      "type": "Feature",
      "properties": {
        "P27_001": "28209",
        "P27_002": "3",
        "P27_003": "99999",
        "P27_004": "03106",
        "P27_005": "兵庫県立円山川公苑",
        "P27_006": "小島1163",
        "P27_007": 3,
        "P27_008": -99,
        "P27_009": 9999
      },
      "geometry": {
        "type": "Point",
        "coordinates": [
          134.82592100000002,
          35.63417199999998
        ]
      }
    },
    {
      "type": "Feature",
      "properties": {
        "P27_001": "28209",
        "P27_002": "3",
        "P27_003": "99999",
        "P27_004": "03125",
        "P27_005": "兵庫県立円山川公苑",
        "P27_006": "小島1163",
        "P27_007": 3,
        "P27_008": -99,
        "P27_009": 9999
      },
      "geometry": {
        "type": "Point",
        "coordinates": [
          134.82579,
          35.63315300000004
        ]
      }
    },
    {
      "type": "Feature",
      "properties": {
        "P27_001": "28209",
        "P27_002": "3",
        "P27_003": "99999",
        "P27_004": "03137",
        "P27_005": "兵庫県立円山川公苑",
        "P27_006": "小島1163",
        "P27_007": 3,
        "P27_008": -99,
        "P27_009": 9999
      },
      "geometry": {
        "type": "Point",
        "coordinates": [
          134.825558,
          35.632839
        ]
      }
    },
    {
      "type": "Feature",
      "properties": {
        "P27_001": "28301",
        "P27_002": "3",
        "P27_003": "99999",
        "P27_004": "03109",
        "P27_005": "兵庫県立奥猪名健康の郷",
        "P27_006": "杉生字奥山1-22",
        "P27_007": 2,
        "P27_008": -99,
        "P27_009": 9999
      },
      "geometry": {
        "type": "Point",
        "coordinates": [
          135.334663,
          35.01717800000003
        ]
      }
    },
    {
      "type": "Feature",
      "properties": {
        "P27_001": "28301",
        "P27_002": "3",
        "P27_003": "99999",
        "P27_004": "03115",
        "P27_005": "兵庫県立奥猪名健康の郷",
        "P27_006": "杉生字奥山1-22",
        "P27_007": 2,
        "P27_008": -99,
        "P27_009": 9999
      },
      "geometry": {
        "type": "Point",
        "coordinates": [
          135.33581300000003,
          35.01805600000002
        ]
      }
    },
    {
      "type": "Feature",
      "properties": {
        "P27_001": "28301",
        "P27_002": "3",
        "P27_003": "99999",
        "P27_004": "03128",
        "P27_005": "兵庫県立奥猪名健康の郷",
        "P27_006": "杉生字奥山1-22",
        "P27_007": 2,
        "P27_008": -99,
        "P27_009": 9999
      },
      "geometry": {
        "type": "Point",
        "coordinates": [
          135.33528399999994,
          35.017733000000035
        ]
      }
    },
    {
      "type": "Feature",
      "properties": {
        "P27_001": "28201",
        "P27_002": "3",
        "P27_003": "99999",
        "P27_004": "03109",
        "P27_005": "兵庫県立武道館",
        "P27_006": "西延末504",
        "P27_007": 2,
        "P27_008": -99,
        "P27_009": 9999
      },
      "geometry": {
        "type": "Point",
        "coordinates": [
          134.67436,
          34.81924600000001
        ]
      }
    },
    {
      "type": "Feature",
      "properties": {
        "P27_001": "28201",
        "P27_002": "3",
        "P27_003": "99999",
        "P27_004": "03129",
        "P27_005": "兵庫県立武道館",
        "P27_006": "西延末504",
        "P27_007": 2,
        "P27_008": -99,
        "P27_009": 9999
      },
      "geometry": {
        "type": "Point",
        "coordinates": [
          134.67437200000003,
          34.81908999999998
        ]
      }
    },
    {
      "type": "Feature",
      "properties": {
        "P27_001": "28201",
        "P27_002": "3",
        "P27_003": "99999",
        "P27_004": "03113",
        "P27_005": "兵庫県立武道館",
        "P27_006": "西延末504",
        "P27_007": 2,
        "P27_008": -99,
        "P27_009": 9999
      },
      "geometry": {
        "type": "Point",
        "coordinates": [
          134.67434799999998,
          34.818913999999985
        ]
      }
    },
    {
      "type": "Feature",
      "properties": {
        "P27_001": "28201",
        "P27_002": "3",
        "P27_003": "99999",
        "P27_004": "03121",
        "P27_005": "兵庫県立武道館",
        "P27_006": "西延末504",
        "P27_007": 2,
        "P27_008": -99,
        "P27_009": 9999
      },
      "geometry": {
        "type": "Point",
        "coordinates": [
          134.67451500000004,
          34.81883600000001
        ]
      }
    },
    {
      "type": "Feature",
      "properties": {
        "P27_001": "28201",
        "P27_002": "3",
        "P27_003": "99999",
        "P27_004": "03112",
        "P27_005": "兵庫県立武道館",
        "P27_006": "西延末504",
        "P27_007": 2,
        "P27_008": -99,
        "P27_009": 9999
      },
      "geometry": {
        "type": "Point",
        "coordinates": [
          134.67407499999996,
          34.81927500000001
        ]
      }
    },
    {
      "type": "Feature",
      "properties": {
        "P27_001": "28585",
        "P27_002": "3",
        "P27_003": "99999",
        "P27_004": "03142",
        "P27_005": "兵庫県立兎和野高原野外教育センター",
        "P27_006": "村岡区宿791-1",
        "P27_007": 2,
        "P27_008": -99,
        "P27_009": 9999
      },
      "geometry": {
        "type": "Point",
        "coordinates": [
          134.583272,
          35.43720199999997
        ]
      }
    },
    {
      "type": "Feature",
      "properties": {
        "P27_001": "28585",
        "P27_002": "3",
        "P27_003": "99999",
        "P27_004": "03102",
        "P27_005": "兵庫県立兎和野高原野外教育センター",
        "P27_006": "村岡区宿791-1",
        "P27_007": 2,
        "P27_008": -99,
        "P27_009": 9999
      },
      "geometry": {
        "type": "Point",
        "coordinates": [
          134.583534,
          35.437986
        ]
      }
    },
    {
      "type": "Feature",
      "properties": {
        "P27_001": "28585",
        "P27_002": "3",
        "P27_003": "99999",
        "P27_004": "03103",
        "P27_005": "兵庫県立兎和野高原野外教育センター",
        "P27_006": "村岡区宿791-1",
        "P27_007": 2,
        "P27_008": -99,
        "P27_009": 9999
      },
      "geometry": {
        "type": "Point",
        "coordinates": [
          134.583973,
          35.43776400000002
        ]
      }
    },
    {
      "type": "Feature",
      "properties": {
        "P27_001": "28110",
        "P27_002": "3",
        "P27_003": "99999",
        "P27_004": "03109",
        "P27_005": "中央体育館",
        "P27_006": "楠町4-1-1",
        "P27_007": 3,
        "P27_008": -99,
        "P27_009": 1965
      },
      "geometry": {
        "type": "Point",
        "coordinates": [
          135.174358,
          34.68284600000004
        ]
      }
    },
    {
      "type": "Feature",
      "properties": {
        "P27_001": "28110",
        "P27_002": "3",
        "P27_003": "99999",
        "P27_004": "03129",
        "P27_005": "中央体育館",
        "P27_006": "楠町4-1-1",
        "P27_007": 3,
        "P27_008": -99,
        "P27_009": 1965
      },
      "geometry": {
        "type": "Point",
        "coordinates": [
          135.174435,
          34.68279200000001
        ]
      }
    },
    {
      "type": "Feature",
      "properties": {
        "P27_001": "28102",
        "P27_002": "3",
        "P27_003": "99999",
        "P27_004": "03109",
        "P27_005": "王子スポーツセンター",
        "P27_006": "青谷町1-1-1",
        "P27_007": 3,
        "P27_008": -99,
        "P27_009": 9999
      },
      "geometry": {
        "type": "Point",
        "coordinates": [
          135.21244000000002,
          34.711306
        ]
      }
    },
    {
      "type": "Feature",
      "properties": {
        "P27_001": "28102",
        "P27_002": "3",
        "P27_003": "99999",
        "P27_004": "03115",
        "P27_005": "王子スポーツセンター",
        "P27_006": "青谷町1-1-1",
        "P27_007": 3,
        "P27_008": -99,
        "P27_009": 9999
      },
      "geometry": {
        "type": "Point",
        "coordinates": [
          135.213878,
          34.71246900000004
        ]
      }
    },
    {
      "type": "Feature",
      "properties": {
        "P27_001": "28102",
        "P27_002": "3",
        "P27_003": "99999",
        "P27_004": "03120",
        "P27_005": "王子スポーツセンター",
        "P27_006": "青谷町1-1-1",
        "P27_007": 3,
        "P27_008": -99,
        "P27_009": 9999
      },
      "geometry": {
        "type": "Point",
        "coordinates": [
          135.21263000000002,
          34.711228000000034
        ]
      }
    },
    {
      "type": "Feature",
      "properties": {
        "P27_001": "28101",
        "P27_002": "3",
        "P27_003": "99999",
        "P27_004": "03109",
        "P27_005": "東灘体育館",
        "P27_006": "魚崎南町6-5-11",
        "P27_007": 3,
        "P27_008": -99,
        "P27_009": 9999
      },
      "geometry": {
        "type": "Point",
        "coordinates": [
          135.27806599999997,
          34.71482999999999
        ]
      }
    },
    {
      "type": "Feature",
      "properties": {
        "P27_001": "28101",
        "P27_002": "3",
        "P27_003": "99999",
        "P27_004": "03120",
        "P27_005": "東灘体育館",
        "P27_006": "魚崎南町6-5-11",
        "P27_007": 3,
        "P27_008": -99,
        "P27_009": 9999
      },
      "geometry": {
        "type": "Point",
        "coordinates": [
          135.278149,
          34.71459599999999
        ]
      }
    },
    {
      "type": "Feature",
      "properties": {
        "P27_001": "28101",
        "P27_002": "3",
        "P27_003": "99999",
        "P27_004": "03129",
        "P27_005": "東灘体育館",
        "P27_006": "魚崎南町6-5-11",
        "P27_007": 3,
        "P27_008": -99,
        "P27_009": 9999
      },
      "geometry": {
        "type": "Point",
        "coordinates": [
          135.278137,
          34.71472300000002
        ]
      }
    },
    {
      "type": "Feature",
      "properties": {
        "P27_001": "28107",
        "P27_002": "3",
        "P27_003": "99999",
        "P27_004": "03109",
        "P27_005": "須磨体育館",
        "P27_006": "中島町1-2-2",
        "P27_007": 3,
        "P27_008": -99,
        "P27_009": 9999
      },
      "geometry": {
        "type": "Point",
        "coordinates": [
          135.12888099999998,
          34.650768000000035
        ]
      }
    },
    {
      "type": "Feature",
      "properties": {
        "P27_001": "28107",
        "P27_002": "3",
        "P27_003": "99999",
        "P27_004": "03120",
        "P27_005": "須磨体育館",
        "P27_006": "中島町1-2-2",
        "P27_007": 3,
        "P27_008": -99,
        "P27_009": 9999
      },
      "geometry": {
        "type": "Point",
        "coordinates": [
          135.12907699999997,
          34.65072400000004
        ]
      }
    },
    {
      "type": "Feature",
      "properties": {
        "P27_001": "28107",
        "P27_002": "3",
        "P27_003": "99999",
        "P27_004": "03132",
        "P27_005": "須磨体育館",
        "P27_006": "中島町1-2-2",
        "P27_007": 3,
        "P27_008": -99,
        "P27_009": 9999
      },
      "geometry": {
        "type": "Point",
        "coordinates": [
          135.128982,
          34.65073900000004
        ]
      }
    },
    {
      "type": "Feature",
      "properties": {
        "P27_001": "28108",
        "P27_002": "3",
        "P27_003": "99999",
        "P27_004": "03109",
        "P27_005": "垂水体育館",
        "P27_006": "旭が丘2-1-22",
        "P27_007": 3,
        "P27_008": -99,
        "P27_009": 9999
      },
      "geometry": {
        "type": "Point",
        "coordinates": [
          135.051234,
          34.63307899999998
        ]
      }
    },
    {
      "type": "Feature",
      "properties": {
        "P27_001": "28108",
        "P27_002": "3",
        "P27_003": "99999",
        "P27_004": "03120",
        "P27_005": "垂水体育館",
        "P27_006": "旭が丘2-1-22",
        "P27_007": 3,
        "P27_008": -99,
        "P27_009": 9999
      },
      "geometry": {
        "type": "Point",
        "coordinates": [
          135.05137600000003,
          34.63299099999998
        ]
      }
    },
    {
      "type": "Feature",
      "properties": {
        "P27_001": "28108",
        "P27_002": "3",
        "P27_003": "99999",
        "P27_004": "03132",
        "P27_005": "垂水体育館",
        "P27_006": "旭が丘2-1-22",
        "P27_007": 3,
        "P27_008": -99,
        "P27_009": 9999
      },
      "geometry": {
        "type": "Point",
        "coordinates": [
          135.05125699999994,
          34.63297100000002
        ]
      }
    },
    {
      "type": "Feature",
      "properties": {
        "P27_001": "28111",
        "P27_002": "3",
        "P27_003": "99999",
        "P27_004": "03109",
        "P27_005": "西体育館",
        "P27_006": "春日台5-436",
        "P27_007": 3,
        "P27_008": -99,
        "P27_009": 9999
      },
      "geometry": {
        "type": "Point",
        "coordinates": [
          134.98880499999999,
          34.70289800000003
        ]
      }
    },
    {
      "type": "Feature",
      "properties": {
        "P27_001": "28111",
        "P27_002": "3",
        "P27_003": "99999",
        "P27_004": "03120",
        "P27_005": "西体育館",
        "P27_006": "春日台5-436",
        "P27_007": 3,
        "P27_008": -99,
        "P27_009": 9999
      },
      "geometry": {
        "type": "Point",
        "coordinates": [
          134.98909000000003,
          34.702771000000006
        ]
      }
    },
    {
      "type": "Feature",
      "properties": {
        "P27_001": "28111",
        "P27_002": "3",
        "P27_003": "99999",
        "P27_004": "03129",
        "P27_005": "西体育館",
        "P27_006": "春日台5-436",
        "P27_007": 3,
        "P27_008": -99,
        "P27_009": 9999
      },
      "geometry": {
        "type": "Point",
        "coordinates": [
          134.988995,
          34.70289800000003
        ]
      }
    },
    {
      "type": "Feature",
      "properties": {
        "P27_001": "28110",
        "P27_002": "3",
        "P27_003": "99999",
        "P27_004": "03105",
        "P27_005": "ポートアイランドスポーツセンター",
        "P27_006": "港島中町6-12-1",
        "P27_007": 4,
        "P27_008": -99,
        "P27_009": 9999
      },
      "geometry": {
        "type": "Point",
        "coordinates": [
          135.21060599999998,
          34.663271999999985
        ]
      }
    },
    {
      "type": "Feature",
      "properties": {
        "P27_001": "28110",
        "P27_002": "3",
        "P27_003": "99999",
        "P27_004": "03124",
        "P27_005": "ポートアイランドスポーツセンター",
        "P27_006": "港島中町6-12-1",
        "P27_007": 4,
        "P27_008": -99,
        "P27_009": 9999
      },
      "geometry": {
        "type": "Point",
        "coordinates": [
          135.21071300000003,
          34.66304800000001
        ]
      }
    },
    {
      "type": "Feature",
      "properties": {
        "P27_001": "28110",
        "P27_002": "3",
        "P27_003": "99999",
        "P27_004": "03109",
        "P27_005": "ポートアイランドホール（ワールド記念ホール）",
        "P27_006": "港島中町6-12-2",
        "P27_007": 3,
        "P27_008": -99,
        "P27_009": 9999
      },
      "geometry": {
        "type": "Point",
        "coordinates": [
          135.21001500000003,
          34.664183000000044
        ]
      }
    },
    {
      "type": "Feature",
      "properties": {
        "P27_001": "28110",
        "P27_002": "3",
        "P27_003": "99999",
        "P27_004": "03120",
        "P27_005": "ポートアイランドホール（ワールド記念ホール）",
        "P27_006": "港島中町6-12-2",
        "P27_007": 3,
        "P27_008": -99,
        "P27_009": 9999
      },
      "geometry": {
        "type": "Point",
        "coordinates": [
          135.21020500000003,
          34.663860999999955
        ]
      }
    },
    {
      "type": "Feature",
      "properties": {
        "P27_001": "28110",
        "P27_002": "3",
        "P27_003": "99999",
        "P27_004": "03112",
        "P27_005": "ポートアイランドホール（ワールド記念ホール）",
        "P27_006": "港島中町6-12-2",
        "P27_007": 3,
        "P27_008": -99,
        "P27_009": 9999
      },
      "geometry": {
        "type": "Point",
        "coordinates": [
          135.21012199999998,
          34.66406600000004
        ]
      }
    },
    {
      "type": "Feature",
      "properties": {
        "P27_001": "28107",
        "P27_002": "3",
        "P27_003": "99999",
        "P27_004": "03101",
        "P27_005": "神戸総合運動公園",
        "P27_006": "緑台",
        "P27_007": 3,
        "P27_008": -99,
        "P27_009": 9999
      },
      "geometry": {
        "type": "Point",
        "coordinates": [
          135.080391,
          34.682338000000016
        ]
      }
    },
    {
      "type": "Feature",
      "properties": {
        "P27_001": "28107",
        "P27_002": "3",
        "P27_003": "99999",
        "P27_004": "03102",
        "P27_005": "神戸総合運動公園",
        "P27_006": "緑台",
        "P27_007": 3,
        "P27_008": -99,
        "P27_009": 9999
      },
      "geometry": {
        "type": "Point",
        "coordinates": [
          135.073475,
          34.680754999999955
        ]
      }
    },
    {
      "type": "Feature",
      "properties": {
        "P27_001": "28107",
        "P27_002": "3",
        "P27_003": "99999",
        "P27_004": "03103",
        "P27_005": "神戸総合運動公園",
        "P27_006": "緑台",
        "P27_007": 3,
        "P27_008": -99,
        "P27_009": 9999
      },
      "geometry": {
        "type": "Point",
        "coordinates": [
          135.06991,
          34.68377399999999
        ]
      }
    },
    {
      "type": "Feature",
      "properties": {
        "P27_001": "28107",
        "P27_002": "3",
        "P27_003": "99999",
        "P27_004": "03147",
        "P27_005": "神戸総合運動公園",
        "P27_006": "緑台",
        "P27_007": 3,
        "P27_008": -99,
        "P27_009": 9999
      },
      "geometry": {
        "type": "Point",
        "coordinates": [
          135.080783,
          34.68049099999996
        ]
      }
    },
    {
      "type": "Feature",
      "properties": {
        "P27_001": "28107",
        "P27_002": "3",
        "P27_003": "99999",
        "P27_004": "03115",
        "P27_005": "神戸総合運動公園",
        "P27_006": "緑台",
        "P27_007": 3,
        "P27_008": -99,
        "P27_009": 9999
      },
      "geometry": {
        "type": "Point",
        "coordinates": [
          135.07761000000002,
          34.67736900000002
        ]
      }
    },
    {
      "type": "Feature",
      "properties": {
        "P27_001": "28109",
        "P27_002": "3",
        "P27_003": "99999",
        "P27_004": "03109",
        "P27_005": "しあわせの村",
        "P27_006": "山田町下谷上字中一里山14-1",
        "P27_007": 4,
        "P27_008": -99,
        "P27_009": 9999
      },
      "geometry": {
        "type": "Point",
        "coordinates": [
          135.115506,
          34.70961499999998
        ]
      }
    },
    {
      "type": "Feature",
      "properties": {
        "P27_001": "28109",
        "P27_002": "3",
        "P27_003": "99999",
        "P27_004": "03120",
        "P27_005": "しあわせの村",
        "P27_006": "山田町下谷上字中一里山14-1",
        "P27_007": 4,
        "P27_008": -99,
        "P27_009": 9999
      },
      "geometry": {
        "type": "Point",
        "coordinates": [
          135.11546999999996,
          34.70945399999998
        ]
      }
    },
    {
      "type": "Feature",
      "properties": {
        "P27_001": "28109",
        "P27_002": "3",
        "P27_003": "99999",
        "P27_004": "03116",
        "P27_005": "しあわせの村",
        "P27_006": "山田町下谷上字中一里山14-1",
        "P27_007": 4,
        "P27_008": -99,
        "P27_009": 9999
      },
      "geometry": {
        "type": "Point",
        "coordinates": [
          135.115434,
          34.709262999999986
        ]
      }
    },
    {
      "type": "Feature",
      "properties": {
        "P27_001": "28109",
        "P27_002": "3",
        "P27_003": "99999",
        "P27_004": "03103",
        "P27_005": "しあわせの村",
        "P27_006": "山田町下谷上字中一里山14-1",
        "P27_007": 4,
        "P27_008": -99,
        "P27_009": 9999
      },
      "geometry": {
        "type": "Point",
        "coordinates": [
          135.11149499999996,
          34.706376000000034
        ]
      }
    },
    {
      "type": "Feature",
      "properties": {
        "P27_001": "28109",
        "P27_002": "3",
        "P27_003": "99999",
        "P27_004": "03129",
        "P27_005": "しあわせの村",
        "P27_006": "山田町下谷上字中一里山14-1",
        "P27_007": 4,
        "P27_008": -99,
        "P27_009": 9999
      },
      "geometry": {
        "type": "Point",
        "coordinates": [
          135.115131,
          34.70894099999999
        ]
      }
    },
    {
      "type": "Feature",
      "properties": {
        "P27_001": "28109",
        "P27_002": "3",
        "P27_003": "99999",
        "P27_004": "03134",
        "P27_005": "しあわせの村",
        "P27_006": "山田町下谷上字中一里山14-1",
        "P27_007": 4,
        "P27_008": -99,
        "P27_009": 9999
      },
      "geometry": {
        "type": "Point",
        "coordinates": [
          135.107323,
          34.71704400000004
        ]
      }
    },
    {
      "type": "Feature",
      "properties": {
        "P27_001": "28109",
        "P27_002": "3",
        "P27_003": "99999",
        "P27_004": "03115",
        "P27_005": "しあわせの村",
        "P27_006": "山田町下谷上字中一里山14-1",
        "P27_007": 4,
        "P27_008": -99,
        "P27_009": 9999
      },
      "geometry": {
        "type": "Point",
        "coordinates": [
          135.117044,
          34.71263799999999
        ]
      }
    },
    {
      "type": "Feature",
      "properties": {
        "P27_001": "28109",
        "P27_002": "3",
        "P27_003": "99999",
        "P27_004": "03109",
        "P27_005": "北神戸田園スポーツ公園",
        "P27_006": "有野町二郎",
        "P27_007": 3,
        "P27_008": -99,
        "P27_009": 9999
      },
      "geometry": {
        "type": "Point",
        "coordinates": [
          135.22257699999997,
          34.84660999999997
        ]
      }
    },
    {
      "type": "Feature",
      "properties": {
        "P27_001": "28109",
        "P27_002": "3",
        "P27_003": "99999",
        "P27_004": "03120",
        "P27_005": "北神戸田園スポーツ公園",
        "P27_006": "有野町二郎",
        "P27_007": 3,
        "P27_008": -99,
        "P27_009": 9999
      },
      "geometry": {
        "type": "Point",
        "coordinates": [
          135.22280300000003,
          34.84654100000004
        ]
      }
    },
    {
      "type": "Feature",
      "properties": {
        "P27_001": "28109",
        "P27_002": "3",
        "P27_003": "99999",
        "P27_004": "03129",
        "P27_005": "北神戸田園スポーツ公園",
        "P27_006": "有野町二郎",
        "P27_007": 3,
        "P27_008": -99,
        "P27_009": 9999
      },
      "geometry": {
        "type": "Point",
        "coordinates": [
          135.22257699999997,
          34.846424000000034
        ]
      }
    },
    {
      "type": "Feature",
      "properties": {
        "P27_001": "28109",
        "P27_002": "3",
        "P27_003": "99999",
        "P27_004": "03103",
        "P27_005": "北神戸田園スポーツ公園",
        "P27_006": "有野町二郎",
        "P27_007": 3,
        "P27_008": -99,
        "P27_009": 9999
      },
      "geometry": {
        "type": "Point",
        "coordinates": [
          135.220379,
          34.84713599999997
        ]
      }
    },
    {
      "type": "Feature",
      "properties": {
        "P27_001": "28109",
        "P27_002": "3",
        "P27_003": "99999",
        "P27_004": "03115",
        "P27_005": "北神戸田園スポーツ公園",
        "P27_006": "有野町二郎",
        "P27_007": 3,
        "P27_008": -99,
        "P27_009": 9999
      },
      "geometry": {
        "type": "Point",
        "coordinates": [
          135.222221,
          34.847614
        ]
      }
    },
    {
      "type": "Feature",
      "properties": {
        "P27_001": "28108",
        "P27_002": "3",
        "P27_003": "99999",
        "P27_004": "03103",
        "P27_005": "垂水健康公園",
        "P27_006": "名谷町字丸尾",
        "P27_007": 3,
        "P27_008": -99,
        "P27_009": 9999
      },
      "geometry": {
        "type": "Point",
        "coordinates": [
          135.064443,
          34.65819500000002
        ]
      }
    },
    {
      "type": "Feature",
      "properties": {
        "P27_001": "28108",
        "P27_002": "3",
        "P27_003": "99999",
        "P27_004": "03147",
        "P27_005": "垂水健康公園",
        "P27_006": "名谷町字丸尾",
        "P27_007": 3,
        "P27_008": -99,
        "P27_009": 9999
      },
      "geometry": {
        "type": "Point",
        "coordinates": [
          135.06373,
          34.660921999999964
        ]
      }
    },
    {
      "type": "Feature",
      "properties": {
        "P27_001": "28107",
        "P27_002": "3",
        "P27_003": "99999",
        "P27_004": "03102",
        "P27_005": "ほっともっとフィールド神戸",
        "P27_006": "緑台",
        "P27_007": 3,
        "P27_008": -99,
        "P27_009": 9999
      },
      "geometry": {
        "type": "Point",
        "coordinates": [
          135.07352800000004,
          34.68096000000004
        ]
      }
    },
    {
      "type": "Feature",
      "properties": {
        "P27_001": "28107",
        "P27_002": "3",
        "P27_003": "99999",
        "P27_004": "03115",
        "P27_005": "ほっともっとフィールド神戸",
        "P27_006": "緑台",
        "P27_007": 3,
        "P27_008": -99,
        "P27_009": 9999
      },
      "geometry": {
        "type": "Point",
        "coordinates": [
          135.07670100000004,
          34.675859000000045
        ]
      }
    },
    {
      "type": "Feature",
      "properties": {
        "P27_001": "28107",
        "P27_002": "3",
        "P27_003": "99999",
        "P27_004": "03103",
        "P27_005": "ほっともっとフィールド神戸",
        "P27_006": "緑台",
        "P27_007": 3,
        "P27_008": -99,
        "P27_009": 9999
      },
      "geometry": {
        "type": "Point",
        "coordinates": [
          135.075418,
          34.67757899999999
        ]
      }
    },
    {
      "type": "Feature",
      "properties": {
        "P27_001": "28107",
        "P27_002": "3",
        "P27_003": "99999",
        "P27_004": "03101",
        "P27_005": "ほっともっとフィールド神戸",
        "P27_006": "緑台",
        "P27_007": 3,
        "P27_008": -99,
        "P27_009": 9999
      },
      "geometry": {
        "type": "Point",
        "coordinates": [
          135.080623,
          34.68402799999996
        ]
      }
    },
    {
      "type": "Feature",
      "properties": {
        "P27_001": "28107",
        "P27_002": "3",
        "P27_003": "99999",
        "P27_004": "03147",
        "P27_005": "ほっともっとフィールド神戸",
        "P27_006": "緑台",
        "P27_007": 3,
        "P27_008": -99,
        "P27_009": 9999
      },
      "geometry": {
        "type": "Point",
        "coordinates": [
          135.080742,
          34.680804000000016
        ]
      }
    },
    {
      "type": "Feature",
      "properties": {
        "P27_001": "28105",
        "P27_002": "3",
        "P27_003": "99999",
        "P27_004": "03105",
        "P27_005": "ノエビアスタジアム神戸",
        "P27_006": "御崎町1-2-2",
        "P27_007": 4,
        "P27_008": -99,
        "P27_009": 9999
      },
      "geometry": {
        "type": "Point",
        "coordinates": [
          135.16886499999998,
          34.65700700000004
        ]
      }
    },
    {
      "type": "Feature",
      "properties": {
        "P27_001": "28105",
        "P27_002": "3",
        "P27_003": "99999",
        "P27_004": "03129",
        "P27_005": "ノエビアスタジアム神戸",
        "P27_006": "御崎町1-2-2",
        "P27_007": 4,
        "P27_008": -99,
        "P27_009": 9999
      },
      "geometry": {
        "type": "Point",
        "coordinates": [
          135.16888900000004,
          34.656801999999956
        ]
      }
    },
    {
      "type": "Feature",
      "properties": {
        "P27_001": "28105",
        "P27_002": "3",
        "P27_003": "99999",
        "P27_004": "03103",
        "P27_005": "ノエビアスタジアム神戸",
        "P27_006": "御崎町1-2-2",
        "P27_007": 4,
        "P27_008": -99,
        "P27_009": 9999
      },
      "geometry": {
        "type": "Point",
        "coordinates": [
          135.168936,
          34.65657699999999
        ]
      }
    },
    {
      "type": "Feature",
      "properties": {
        "P27_001": "28105",
        "P27_002": "3",
        "P27_003": "99999",
        "P27_004": "03115",
        "P27_005": "ノエビアスタジアム神戸",
        "P27_006": "御崎町1-2-2",
        "P27_007": 4,
        "P27_008": -99,
        "P27_009": 9999
      },
      "geometry": {
        "type": "Point",
        "coordinates": [
          135.16897199999997,
          34.65626400000003
        ]
      }
    },
    {
      "type": "Feature",
      "properties": {
        "P27_001": "28201",
        "P27_002": "3",
        "P27_003": "99999",
        "P27_004": "03103",
        "P27_005": "香寺総合公園スポーツセンター",
        "P27_006": "香寺町行重335",
        "P27_007": 3,
        "P27_008": -99,
        "P27_009": 9999
      },
      "geometry": {
        "type": "Point",
        "coordinates": [
          134.729662,
          34.92510900000003
        ]
      }
    },
    {
      "type": "Feature",
      "properties": {
        "P27_001": "28201",
        "P27_002": "3",
        "P27_003": "99999",
        "P27_004": "03115",
        "P27_005": "香寺総合公園スポーツセンター",
        "P27_006": "香寺町行重335",
        "P27_007": 3,
        "P27_008": -99,
        "P27_009": 9999
      },
      "geometry": {
        "type": "Point",
        "coordinates": [
          134.72981,
          34.92503099999997
        ]
      }
    },
    {
      "type": "Feature",
      "properties": {
        "P27_001": "28201",
        "P27_002": "3",
        "P27_003": "99999",
        "P27_004": "03109",
        "P27_005": "香寺総合公園スポーツセンター",
        "P27_006": "香寺町行重335",
        "P27_007": 3,
        "P27_008": -99,
        "P27_009": 9999
      },
      "geometry": {
        "type": "Point",
        "coordinates": [
          134.72965,
          34.924952999999995
        ]
      }
    },
    {
      "type": "Feature",
      "properties": {
        "P27_001": "28201",
        "P27_002": "3",
        "P27_003": "99999",
        "P27_004": "03103",
        "P27_005": "夢前スポーツセンター",
        "P27_006": "夢前町神種1042",
        "P27_007": 3,
        "P27_008": -99,
        "P27_009": 9999
      },
      "geometry": {
        "type": "Point",
        "coordinates": [
          134.65592700000002,
          34.97210600000004
        ]
      }
    },
    {
      "type": "Feature",
      "properties": {
        "P27_001": "28201",
        "P27_002": "3",
        "P27_003": "99999",
        "P27_004": "03115",
        "P27_005": "夢前スポーツセンター",
        "P27_006": "夢前町神種1042",
        "P27_007": 3,
        "P27_008": -99,
        "P27_009": 9999
      },
      "geometry": {
        "type": "Point",
        "coordinates": [
          134.656984,
          34.972096000000015
        ]
      }
    },
    {
      "type": "Feature",
      "properties": {
        "P27_001": "28201",
        "P27_002": "3",
        "P27_003": "99999",
        "P27_004": "03109",
        "P27_005": "夢前スポーツセンター",
        "P27_006": "夢前町神種1042",
        "P27_007": 3,
        "P27_008": -99,
        "P27_009": 9999
      },
      "geometry": {
        "type": "Point",
        "coordinates": [
          134.65687800000003,
          34.97165800000001
        ]
      }
    },
    {
      "type": "Feature",
      "properties": {
        "P27_001": "28201",
        "P27_002": "3",
        "P27_003": "99999",
        "P27_004": "03103",
        "P27_005": "安富スポーツセンター",
        "P27_006": "安富町安志673-3",
        "P27_007": 3,
        "P27_008": -99,
        "P27_009": 9999
      },
      "geometry": {
        "type": "Point",
        "coordinates": [
          134.58682699999997,
          34.99299899999998
        ]
      }
    },
    {
      "type": "Feature",
      "properties": {
        "P27_001": "28201",
        "P27_002": "3",
        "P27_003": "99999",
        "P27_004": "03115",
        "P27_005": "安富スポーツセンター",
        "P27_006": "安富町安志673-3",
        "P27_007": 3,
        "P27_008": -99,
        "P27_009": 9999
      },
      "geometry": {
        "type": "Point",
        "coordinates": [
          134.58603100000002,
          34.99268700000002
        ]
      }
    },
    {
      "type": "Feature",
      "properties": {
        "P27_001": "28201",
        "P27_002": "3",
        "P27_003": "99999",
        "P27_004": "03109",
        "P27_005": "安富スポーツセンター",
        "P27_006": "安富町安志673-3",
        "P27_007": 3,
        "P27_008": -99,
        "P27_009": 9999
      },
      "geometry": {
        "type": "Point",
        "coordinates": [
          134.58773,
          34.99261899999998
        ]
      }
    },
    {
      "type": "Feature",
      "properties": {
        "P27_001": "28201",
        "P27_002": "3",
        "P27_003": "99999",
        "P27_004": "03109",
        "P27_005": "坊勢スポーツセンター",
        "P27_006": "家島町坊勢700-24",
        "P27_007": 3,
        "P27_008": -99,
        "P27_009": 9999
      },
      "geometry": {
        "type": "Point",
        "coordinates": [
          134.517697,
          34.65149199999999
        ]
      }
    },
    {
      "type": "Feature",
      "properties": {
        "P27_001": "28201",
        "P27_002": "3",
        "P27_003": "99999",
        "P27_004": "03105",
        "P27_005": "坊勢スポーツセンター",
        "P27_006": "家島町坊勢700-24",
        "P27_007": 3,
        "P27_008": -99,
        "P27_009": 9999
      },
      "geometry": {
        "type": "Point",
        "coordinates": [
          134.51805400000003,
          34.65147200000002
        ]
      }
    },
    {
      "type": "Feature",
      "properties": {
        "P27_001": "28201",
        "P27_002": "3",
        "P27_003": "99999",
        "P27_004": "03115",
        "P27_005": "坊勢スポーツセンター",
        "P27_006": "家島町坊勢700-24",
        "P27_007": 3,
        "P27_008": -99,
        "P27_009": 9999
      },
      "geometry": {
        "type": "Point",
        "coordinates": [
          134.51784,
          34.650935
        ]
      }
    },
    {
      "type": "Feature",
      "properties": {
        "P27_001": "28201",
        "P27_002": "3",
        "P27_003": "99999",
        "P27_004": "03129",
        "P27_005": "網干健康増進センター「リフレ・チョーサ」",
        "P27_006": "網干区網干浜4-1",
        "P27_007": 3,
        "P27_008": -99,
        "P27_009": 9999
      },
      "geometry": {
        "type": "Point",
        "coordinates": [
          134.60419300000004,
          34.76997700000003
        ]
      }
    },
    {
      "type": "Feature",
      "properties": {
        "P27_001": "28201",
        "P27_002": "3",
        "P27_003": "99999",
        "P27_004": "03105",
        "P27_005": "網干健康増進センター「リフレ・チョーサ」",
        "P27_006": "網干区網干浜4-1",
        "P27_007": 3,
        "P27_008": -99,
        "P27_009": 9999
      },
      "geometry": {
        "type": "Point",
        "coordinates": [
          134.603991,
          34.770084000000004
        ]
      }
    },
    {
      "type": "Feature",
      "properties": {
        "P27_001": "28201",
        "P27_002": "3",
        "P27_003": "99999",
        "P27_004": "03138",
        "P27_005": "網干健康増進センター「リフレ・チョーサ」",
        "P27_006": "網干区網干浜4-1",
        "P27_007": 3,
        "P27_008": -99,
        "P27_009": 9999
      },
      "geometry": {
        "type": "Point",
        "coordinates": [
          134.60383699999997,
          34.76986000000004
        ]
      }
    },
    {
      "type": "Feature",
      "properties": {
        "P27_001": "28201",
        "P27_002": "3",
        "P27_003": "99999",
        "P27_004": "03115",
        "P27_005": "球技スポーツセンター",
        "P27_006": "花田町加納原田813",
        "P27_007": 3,
        "P27_008": -99,
        "P27_009": 9999
      },
      "geometry": {
        "type": "Point",
        "coordinates": [
          134.72988699999996,
          34.83169200000004
        ]
      }
    },
    {
      "type": "Feature",
      "properties": {
        "P27_001": "28201",
        "P27_002": "3",
        "P27_003": "99999",
        "P27_004": "03103",
        "P27_005": "球技スポーツセンター",
        "P27_006": "花田町加納原田813",
        "P27_007": 3,
        "P27_008": -99,
        "P27_009": 9999
      },
      "geometry": {
        "type": "Point",
        "coordinates": [
          134.72909,
          34.83099999999998
        ]
      }
    },
    {
      "type": "Feature",
      "properties": {
        "P27_001": "28201",
        "P27_002": "3",
        "P27_003": "99999",
        "P27_004": "03101",
        "P27_005": "陸上競技場",
        "P27_006": "中地377-1",
        "P27_007": 3,
        "P27_008": -99,
        "P27_009": 9999
      },
      "geometry": {
        "type": "Point",
        "coordinates": [
          134.67107899999996,
          34.82187600000001
        ]
      }
    },
    {
      "type": "Feature",
      "properties": {
        "P27_001": "28201",
        "P27_002": "3",
        "P27_003": "99999",
        "P27_004": "03115",
        "P27_005": "陸上競技場",
        "P27_006": "中地377-1",
        "P27_007": 3,
        "P27_008": -99,
        "P27_009": 9999
      },
      "geometry": {
        "type": "Point",
        "coordinates": [
          134.670663,
          34.821046999999986
        ]
      }
    },
    {
      "type": "Feature",
      "properties": {
        "P27_001": "28201",
        "P27_002": "3",
        "P27_003": "99999",
        "P27_004": "03103",
        "P27_005": "陸上競技場",
        "P27_006": "中地377-1",
        "P27_007": 3,
        "P27_008": -99,
        "P27_009": 9999
      },
      "geometry": {
        "type": "Point",
        "coordinates": [
          134.67248099999998,
          34.81956400000003
        ]
      }
    },
    {
      "type": "Feature",
      "properties": {
        "P27_001": "28210",
        "P27_002": "3",
        "P27_003": "99999",
        "P27_004": "03109",
        "P27_005": "スポーツパーク",
        "P27_006": "米田町船頭150",
        "P27_007": 3,
        "P27_008": -99,
        "P27_009": 9999
      },
      "geometry": {
        "type": "Point",
        "coordinates": [
          134.83116600000002,
          34.77745399999998
        ]
      }
    },
    {
      "type": "Feature",
      "properties": {
        "P27_001": "28210",
        "P27_002": "3",
        "P27_003": "99999",
        "P27_004": "03117",
        "P27_005": "スポーツパーク",
        "P27_006": "米田町船頭150",
        "P27_007": 3,
        "P27_008": -99,
        "P27_009": 9999
      },
      "geometry": {
        "type": "Point",
        "coordinates": [
          134.831012,
          34.77737600000001
        ]
      }
    },
    {
      "type": "Feature",
      "properties": {
        "P27_001": "28201",
        "P27_002": "3",
        "P27_003": "99999",
        "P27_004": "03105",
        "P27_005": "総合スポーツ会館",
        "P27_006": "中地453",
        "P27_007": 3,
        "P27_008": -99,
        "P27_009": 9999
      },
      "geometry": {
        "type": "Point",
        "coordinates": [
          134.66689799999997,
          34.82044400000001
        ]
      }
    },
    {
      "type": "Feature",
      "properties": {
        "P27_001": "28201",
        "P27_002": "3",
        "P27_003": "99999",
        "P27_004": "03109",
        "P27_005": "総合スポーツ会館",
        "P27_006": "中地453",
        "P27_007": 3,
        "P27_008": -99,
        "P27_009": 9999
      },
      "geometry": {
        "type": "Point",
        "coordinates": [
          134.666791,
          34.820239000000015
        ]
      }
    },
    {
      "type": "Feature",
      "properties": {
        "P27_001": "28201",
        "P27_002": "3",
        "P27_003": "99999",
        "P27_004": "03120",
        "P27_005": "総合スポーツ会館",
        "P27_006": "中地453",
        "P27_007": 3,
        "P27_008": -99,
        "P27_009": 9999
      },
      "geometry": {
        "type": "Point",
        "coordinates": [
          134.667361,
          34.82026900000001
        ]
      }
    },
    {
      "type": "Feature",
      "properties": {
        "P27_001": "28201",
        "P27_002": "3",
        "P27_003": "99999",
        "P27_004": "03129",
        "P27_005": "総合スポーツ会館",
        "P27_006": "中地453",
        "P27_007": 3,
        "P27_008": -99,
        "P27_009": 9999
      },
      "geometry": {
        "type": "Point",
        "coordinates": [
          134.66724200000002,
          34.820053999999985
        ]
      }
    },
    {
      "type": "Feature",
      "properties": {
        "P27_001": "28201",
        "P27_002": "3",
        "P27_003": "99999",
        "P27_004": "03112",
        "P27_005": "総合スポーツ会館",
        "P27_006": "中地453",
        "P27_007": 3,
        "P27_008": -99,
        "P27_009": 9999
      },
      "geometry": {
        "type": "Point",
        "coordinates": [
          134.66713600000003,
          34.82030800000004
        ]
      }
    },
    {
      "type": "Feature",
      "properties": {
        "P27_001": "28201",
        "P27_002": "3",
        "P27_003": "99999",
        "P27_004": "03109",
        "P27_005": "花北体育館",
        "P27_006": "増位新町2-12",
        "P27_007": 3,
        "P27_008": -99,
        "P27_009": 9999
      },
      "geometry": {
        "type": "Point",
        "coordinates": [
          134.710897,
          34.85705799999998
        ]
      }
    },
    {
      "type": "Feature",
      "properties": {
        "P27_001": "28201",
        "P27_002": "3",
        "P27_003": "99999",
        "P27_004": "03120",
        "P27_005": "花北体育館",
        "P27_006": "増位新町2-12",
        "P27_007": 3,
        "P27_008": -99,
        "P27_009": 9999
      },
      "geometry": {
        "type": "Point",
        "coordinates": [
          134.71104000000003,
          34.85694099999998
        ]
      }
    },
    {
      "type": "Feature",
      "properties": {
        "P27_001": "28201",
        "P27_002": "3",
        "P27_003": "99999",
        "P27_004": "03113",
        "P27_005": "花北体育館",
        "P27_006": "増位新町2-12",
        "P27_007": 3,
        "P27_008": -99,
        "P27_009": 9999
      },
      "geometry": {
        "type": "Point",
        "coordinates": [
          134.71087299999996,
          34.85691199999998
        ]
      }
    },
    {
      "type": "Feature",
      "properties": {
        "P27_001": "28201",
        "P27_002": "3",
        "P27_003": "99999",
        "P27_004": "03109",
        "P27_005": "中央体育館",
        "P27_006": "西延末90",
        "P27_007": 3,
        "P27_008": -99,
        "P27_009": 9999
      },
      "geometry": {
        "type": "Point",
        "coordinates": [
          134.67204900000002,
          34.82125099999999
        ]
      }
    },
    {
      "type": "Feature",
      "properties": {
        "P27_001": "28201",
        "P27_002": "3",
        "P27_003": "99999",
        "P27_004": "03109",
        "P27_005": "勤労者体育センター",
        "P27_006": "飾磨区細江104-3",
        "P27_007": 3,
        "P27_008": -99,
        "P27_009": 9999
      },
      "geometry": {
        "type": "Point",
        "coordinates": [
          134.67157700000004,
          34.80480999999999
        ]
      }
    },
    {
      "type": "Feature",
      "properties": {
        "P27_001": "28201",
        "P27_002": "3",
        "P27_003": "99999",
        "P27_004": "03120",
        "P27_005": "勤労者体育センター",
        "P27_006": "飾磨区細江104-3",
        "P27_007": 3,
        "P27_008": -99,
        "P27_009": 9999
      },
      "geometry": {
        "type": "Point",
        "coordinates": [
          134.67151799999996,
          34.80469299999999
        ]
      }
    },
    {
      "type": "Feature",
      "properties": {
        "P27_001": "28201",
        "P27_002": "3",
        "P27_003": "99999",
        "P27_004": "03109",
        "P27_005": "ＮｉｃｏＰａ姫路みなとドーム",
        "P27_006": "飾磨区細江1228-2",
        "P27_007": 3,
        "P27_008": -99,
        "P27_009": 9999
      },
      "geometry": {
        "type": "Point",
        "coordinates": [
          134.66396399999994,
          34.78769699999999
        ]
      }
    },
    {
      "type": "Feature",
      "properties": {
        "P27_001": "28201",
        "P27_002": "3",
        "P27_003": "99999",
        "P27_004": "03138",
        "P27_005": "ＮｉｃｏＰａ姫路みなとドーム",
        "P27_006": "飾磨区細江1228-2",
        "P27_007": 3,
        "P27_008": -99,
        "P27_009": 9999
      },
      "geometry": {
        "type": "Point",
        "coordinates": [
          134.66395200000002,
          34.787549999999996
        ]
      }
    },
    {
      "type": "Feature",
      "properties": {
        "P27_001": "28201",
        "P27_002": "3",
        "P27_003": "99999",
        "P27_004": "03116",
        "P27_005": "ＮｉｃｏＰａ姫路みなとドーム",
        "P27_006": "飾磨区細江1228-2",
        "P27_007": 3,
        "P27_008": -99,
        "P27_009": 9999
      },
      "geometry": {
        "type": "Point",
        "coordinates": [
          134.66391699999997,
          34.78739399999996
        ]
      }
    },
    {
      "type": "Feature",
      "properties": {
        "P27_001": "28201",
        "P27_002": "3",
        "P27_003": "99999",
        "P27_004": "03109",
        "P27_005": "網干南公園ふれあいの館",
        "P27_006": "網干区新在家",
        "P27_007": 3,
        "P27_008": -99,
        "P27_009": 9999
      },
      "geometry": {
        "type": "Point",
        "coordinates": [
          134.59277299999997,
          34.77313700000001
        ]
      }
    },
    {
      "type": "Feature",
      "properties": {
        "P27_001": "28201",
        "P27_002": "3",
        "P27_003": "99999",
        "P27_004": "03120",
        "P27_005": "網干南公園ふれあいの館",
        "P27_006": "網干区新在家",
        "P27_007": 3,
        "P27_008": -99,
        "P27_009": 9999
      },
      "geometry": {
        "type": "Point",
        "coordinates": [
          134.59260600000002,
          34.77303899999999
        ]
      }
    },
    {
      "type": "Feature",
      "properties": {
        "P27_001": "28201",
        "P27_002": "3",
        "P27_003": "99999",
        "P27_004": "03105",
        "P27_005": "家島Ｂ＆Ｇ海洋センター",
        "P27_006": "家島町真浦1732-73",
        "P27_007": 3,
        "P27_008": -99,
        "P27_009": 9999
      },
      "geometry": {
        "type": "Point",
        "coordinates": [
          134.52031000000002,
          34.669790999999975
        ]
      }
    },
    {
      "type": "Feature",
      "properties": {
        "P27_001": "28201",
        "P27_002": "3",
        "P27_003": "99999",
        "P27_004": "03109",
        "P27_005": "家島Ｂ＆Ｇ海洋センター",
        "P27_006": "家島町真浦1732-73",
        "P27_007": 3,
        "P27_008": -99,
        "P27_009": 9999
      },
      "geometry": {
        "type": "Point",
        "coordinates": [
          134.51988300000002,
          34.66954700000004
        ]
      }
    },
    {
      "type": "Feature",
      "properties": {
        "P27_001": "28201",
        "P27_002": "3",
        "P27_003": "99999",
        "P27_004": "03102",
        "P27_005": "家島Ｂ＆Ｇ海洋センター",
        "P27_006": "家島町真浦1732-73",
        "P27_007": 3,
        "P27_008": -99,
        "P27_009": 9999
      },
      "geometry": {
        "type": "Point",
        "coordinates": [
          134.52134400000003,
          34.670065
        ]
      }
    },
    {
      "type": "Feature",
      "properties": {
        "P27_001": "28201",
        "P27_002": "3",
        "P27_003": "99999",
        "P27_004": "03115",
        "P27_005": "家島Ｂ＆Ｇ海洋センター",
        "P27_006": "家島町真浦1732-73",
        "P27_007": 3,
        "P27_008": -99,
        "P27_009": 9999
      },
      "geometry": {
        "type": "Point",
        "coordinates": [
          134.52105899999998,
          34.670670999999956
        ]
      }
    },
    {
      "type": "Feature",
      "properties": {
        "P27_001": "28201",
        "P27_002": "3",
        "P27_003": "99999",
        "P27_004": "03105",
        "P27_005": "飾磨屋内プール",
        "P27_006": "飾磨区恵美酒22",
        "P27_007": 3,
        "P27_008": -99,
        "P27_009": 9999
      },
      "geometry": {
        "type": "Point",
        "coordinates": [
          134.671088,
          34.79759900000003
        ]
      }
    },
    {
      "type": "Feature",
      "properties": {
        "P27_001": "28201",
        "P27_002": "3",
        "P27_003": "99999",
        "P27_004": "03105",
        "P27_005": "すこやかセンター",
        "P27_006": "市之郷1006-8",
        "P27_007": 3,
        "P27_008": -99,
        "P27_009": 9999
      },
      "geometry": {
        "type": "Point",
        "coordinates": [
          134.70689599999997,
          34.82524700000004
        ]
      }
    },
    {
      "type": "Feature",
      "properties": {
        "P27_001": "28201",
        "P27_002": "3",
        "P27_003": "99999",
        "P27_004": "03129",
        "P27_005": "すこやかセンター",
        "P27_006": "市之郷1006-8",
        "P27_007": 3,
        "P27_008": -99,
        "P27_009": 9999
      },
      "geometry": {
        "type": "Point",
        "coordinates": [
          134.70670599999997,
          34.82525699999998
        ]
      }
    },
    {
      "type": "Feature",
      "properties": {
        "P27_001": "28201",
        "P27_002": "3",
        "P27_003": "99999",
        "P27_004": "03138",
        "P27_005": "すこやかセンター",
        "P27_006": "市之郷1006-8",
        "P27_007": 3,
        "P27_008": -99,
        "P27_009": 9999
      },
      "geometry": {
        "type": "Point",
        "coordinates": [
          134.70650399999997,
          34.825277000000035
        ]
      }
    },
    {
      "type": "Feature",
      "properties": {
        "P27_001": "28201",
        "P27_002": "3",
        "P27_003": "99999",
        "P27_004": "03107",
        "P27_005": "手柄山遊園・市民プール",
        "P27_006": "西延末",
        "P27_007": 3,
        "P27_008": -99,
        "P27_009": 9999
      },
      "geometry": {
        "type": "Point",
        "coordinates": [
          134.67272899999998,
          34.822850000000045
        ]
      }
    },
    {
      "type": "Feature",
      "properties": {
        "P27_001": "28201",
        "P27_002": "3",
        "P27_003": "99999",
        "P27_004": "03105",
        "P27_005": "香寺温水プール",
        "P27_006": "香寺町香呂239-1",
        "P27_007": 3,
        "P27_008": -99,
        "P27_009": 9999
      },
      "geometry": {
        "type": "Point",
        "coordinates": [
          134.734998,
          34.91335499999996
        ]
      }
    },
    {
      "type": "Feature",
      "properties": {
        "P27_001": "28201",
        "P27_002": "3",
        "P27_003": "99999",
        "P27_004": "03105",
        "P27_005": "安富Ｂ＆Ｇ海洋センター",
        "P27_006": "安富町植木野30-7",
        "P27_007": 3,
        "P27_008": -99,
        "P27_009": 9999
      },
      "geometry": {
        "type": "Point",
        "coordinates": [
          134.59372800000003,
          34.96351300000004
        ]
      }
    },
    {
      "type": "Feature",
      "properties": {
        "P27_001": "28201",
        "P27_002": "3",
        "P27_003": "99999",
        "P27_004": "03102",
        "P27_005": "姫路球場",
        "P27_006": "飯田540",
        "P27_007": 3,
        "P27_008": -99,
        "P27_009": 9999
      },
      "geometry": {
        "type": "Point",
        "coordinates": [
          134.67248099999998,
          34.819360000000025
        ]
      }
    },
    {
      "type": "Feature",
      "properties": {
        "P27_001": "28201",
        "P27_002": "3",
        "P27_003": "99999",
        "P27_004": "03102",
        "P27_005": "広畑野球場",
        "P27_006": "広畑区鶴町1-56",
        "P27_007": 3,
        "P27_008": -99,
        "P27_009": 9999
      },
      "geometry": {
        "type": "Point",
        "coordinates": [
          134.63040699999996,
          34.793814000000026
        ]
      }
    },
    {
      "type": "Feature",
      "properties": {
        "P27_001": "28201",
        "P27_002": "3",
        "P27_003": "99999",
        "P27_004": "03102",
        "P27_005": "中島野球場",
        "P27_006": "飾磨区中島2558",
        "P27_007": 3,
        "P27_008": -99,
        "P27_009": 9999
      },
      "geometry": {
        "type": "Point",
        "coordinates": [
          134.68031399999998,
          34.78950500000001
        ]
      }
    },
    {
      "type": "Feature",
      "properties": {
        "P27_001": "28201",
        "P27_002": "3",
        "P27_003": "99999",
        "P27_004": "03102",
        "P27_005": "妻鹿グランド",
        "P27_006": "飾磨区妻鹿1513-2",
        "P27_007": 3,
        "P27_008": -99,
        "P27_009": 9999
      },
      "geometry": {
        "type": "Point",
        "coordinates": [
          134.691165,
          34.78135899999996
        ]
      }
    },
    {
      "type": "Feature",
      "properties": {
        "P27_001": "28201",
        "P27_002": "3",
        "P27_003": "99999",
        "P27_004": "03102",
        "P27_005": "白浜グランド",
        "P27_006": "白浜町丙577",
        "P27_007": 3,
        "P27_008": -99,
        "P27_009": 9999
      },
      "geometry": {
        "type": "Point",
        "coordinates": [
          134.705052,
          34.78621400000003
        ]
      }
    },
    {
      "type": "Feature",
      "properties": {
        "P27_001": "28201",
        "P27_002": "3",
        "P27_003": "99999",
        "P27_004": "03102",
        "P27_005": "灘浜野球場",
        "P27_006": "白浜町灘浜8",
        "P27_007": 3,
        "P27_008": -99,
        "P27_009": 9999
      },
      "geometry": {
        "type": "Point",
        "coordinates": [
          134.699265,
          34.76910100000003
        ]
      }
    },
    {
      "type": "Feature",
      "properties": {
        "P27_001": "28201",
        "P27_002": "3",
        "P27_003": "99999",
        "P27_004": "03102",
        "P27_005": "白浜新開野球場",
        "P27_006": "白浜町甲912-1",
        "P27_007": 3,
        "P27_008": -99,
        "P27_009": 9999
      },
      "geometry": {
        "type": "Point",
        "coordinates": [
          134.703808,
          34.780777000000036
        ]
      }
    },
    {
      "type": "Feature",
      "properties": {
        "P27_001": "28201",
        "P27_002": "3",
        "P27_003": "99999",
        "P27_004": "03102",
        "P27_005": "林田グランド",
        "P27_006": "林田町上構343-2",
        "P27_007": 3,
        "P27_008": -99,
        "P27_009": 9999
      },
      "geometry": {
        "type": "Point",
        "coordinates": [
          134.57627499999998,
          34.90715599999998
        ]
      }
    },
    {
      "type": "Feature",
      "properties": {
        "P27_001": "28201",
        "P27_002": "3",
        "P27_003": "99999",
        "P27_004": "03102",
        "P27_005": "豊富球場",
        "P27_006": "豊富町豊富3910-1",
        "P27_007": 3,
        "P27_008": -99,
        "P27_009": 9999
      },
      "geometry": {
        "type": "Point",
        "coordinates": [
          134.75417,
          34.891815000000044
        ]
      }
    },
    {
      "type": "Feature",
      "properties": {
        "P27_001": "28201",
        "P27_002": "3",
        "P27_003": "99999",
        "P27_004": "03102",
        "P27_005": "家島運動広場",
        "P27_006": "家島町真浦1732-63",
        "P27_007": 3,
        "P27_008": -99,
        "P27_009": 9999
      },
      "geometry": {
        "type": "Point",
        "coordinates": [
          134.521333,
          34.67019000000004
        ]
      }
    },
    {
      "type": "Feature",
      "properties": {
        "P27_001": "28201",
        "P27_002": "3",
        "P27_003": "99999",
        "P27_004": "03102",
        "P27_005": "坊勢運動広場",
        "P27_006": "家島町坊勢768",
        "P27_007": 3,
        "P27_008": -99,
        "P27_009": 9999
      },
      "geometry": {
        "type": "Point",
        "coordinates": [
          134.50931399999996,
          34.64839699999997
        ]
      }
    },
    {
      "type": "Feature",
      "properties": {
        "P27_001": "28201",
        "P27_002": "3",
        "P27_003": "99999",
        "P27_004": "03115",
        "P27_005": "田寺テニスコート",
        "P27_006": "田寺東2-12-1",
        "P27_007": 3,
        "P27_008": -99,
        "P27_009": 9999
      },
      "geometry": {
        "type": "Point",
        "coordinates": [
          134.676391,
          34.855488000000015
        ]
      }
    },
    {
      "type": "Feature",
      "properties": {
        "P27_001": "28201",
        "P27_002": "3",
        "P27_003": "99999",
        "P27_004": "03115",
        "P27_005": "網干テニスコート",
        "P27_006": "網干区新在家1320-4",
        "P27_007": 3,
        "P27_008": -99,
        "P27_009": 9999
      },
      "geometry": {
        "type": "Point",
        "coordinates": [
          134.59198,
          34.78417699999998
        ]
      }
    },
    {
      "type": "Feature",
      "properties": {
        "P27_001": "28201",
        "P27_002": "3",
        "P27_003": "99999",
        "P27_004": "03115",
        "P27_005": "広畑テニスコート",
        "P27_006": "広畑区鶴町2-38",
        "P27_007": 3,
        "P27_008": -99,
        "P27_009": 9999
      },
      "geometry": {
        "type": "Point",
        "coordinates": [
          134.63440300000002,
          34.793899000000046
        ]
      }
    },
    {
      "type": "Feature",
      "properties": {
        "P27_001": "28201",
        "P27_002": "3",
        "P27_003": "99999",
        "P27_004": "03115",
        "P27_005": "書写テニスコート",
        "P27_006": "書写634-51",
        "P27_007": 3,
        "P27_008": -99,
        "P27_009": 9999
      },
      "geometry": {
        "type": "Point",
        "coordinates": [
          134.66049699999996,
          34.86879800000004
        ]
      }
    },
    {
      "type": "Feature",
      "properties": {
        "P27_001": "28201",
        "P27_002": "3",
        "P27_003": "99999",
        "P27_004": "03134",
        "P27_005": "姫路シーサイドゴルフコース",
        "P27_006": "大塩町2035-4",
        "P27_007": 3,
        "P27_008": -99,
        "P27_009": 9999
      },
      "geometry": {
        "type": "Point",
        "coordinates": [
          134.75796199999996,
          34.770708000000035
        ]
      }
    },
    {
      "type": "Feature",
      "properties": {
        "P27_001": "28201",
        "P27_002": "3",
        "P27_003": "99999",
        "P27_004": "03129",
        "P27_005": "広畑トレーニングルーム",
        "P27_006": "広畑区正門通3-7",
        "P27_007": 3,
        "P27_008": -99,
        "P27_009": 9999
      },
      "geometry": {
        "type": "Point",
        "coordinates": [
          134.628558,
          34.79868699999999
        ]
      }
    },
    {
      "type": "Feature",
      "properties": {
        "P27_001": "28201",
        "P27_002": "3",
        "P27_003": "99999",
        "P27_004": "03140",
        "P27_005": "木場ヨットハーバー",
        "P27_006": "木場1390-3",
        "P27_007": 3,
        "P27_008": -99,
        "P27_009": 9999
      },
      "geometry": {
        "type": "Point",
        "coordinates": [
          134.72380299999998,
          34.772569000000004
        ]
      }
    },
    {
      "type": "Feature",
      "properties": {
        "P27_001": "28202",
        "P27_002": "3",
        "P27_003": "99999",
        "P27_004": "03109",
        "P27_005": "総合体育館・地区体育館",
        "P27_006": "西長洲町1-4-1",
        "P27_007": 3,
        "P27_008": -99,
        "P27_009": 9999
      },
      "geometry": {
        "type": "Point",
        "coordinates": [
          135.42364300000003,
          34.73160400000001
        ]
      }
    },
    {
      "type": "Feature",
      "properties": {
        "P27_001": "28202",
        "P27_002": "3",
        "P27_003": "99999",
        "P27_004": "03102",
        "P27_005": "野球場",
        "P27_006": "西長洲町1-4-1",
        "P27_007": 3,
        "P27_008": -99,
        "P27_009": 9999
      },
      "geometry": {
        "type": "Point",
        "coordinates": [
          135.42217000000002,
          34.73217999999997
        ]
      }
    },
    {
      "type": "Feature",
      "properties": {
        "P27_001": "28202",
        "P27_002": "3",
        "P27_003": "99999",
        "P27_004": "03115",
        "P27_005": "テニスコート",
        "P27_006": "西長洲町1-4-2",
        "P27_007": 3,
        "P27_008": -99,
        "P27_009": 9999
      },
      "geometry": {
        "type": "Point",
        "coordinates": [
          135.423287,
          34.72997700000004
        ]
      }
    },
    {
      "type": "Feature",
      "properties": {
        "P27_001": "28202",
        "P27_002": "3",
        "P27_003": "99999",
        "P27_004": "03115",
        "P27_005": "下水道スポーツ施設（テニスコートなど）",
        "P27_006": "東園田町7-82",
        "P27_007": 3,
        "P27_008": -99,
        "P27_009": 9999
      },
      "geometry": {
        "type": "Point",
        "coordinates": [
          135.45845499999996,
          34.75104799999997
        ]
      }
    },
    {
      "type": "Feature",
      "properties": {
        "P27_001": "28202",
        "P27_002": "3",
        "P27_003": "99999",
        "P27_004": "03101",
        "P27_005": "記念公園ベイコム陸上競技場",
        "P27_006": "西長洲町1-4-1",
        "P27_007": 4,
        "P27_008": -99,
        "P27_009": 9999
      },
      "geometry": {
        "type": "Point",
        "coordinates": [
          135.42199099999996,
          34.73034400000003
        ]
      }
    },
    {
      "type": "Feature",
      "properties": {
        "P27_001": "28202",
        "P27_002": "3",
        "P27_003": "99999",
        "P27_004": "03107",
        "P27_005": "芦原公園及び北雁替公園市民プール",
        "P27_006": "東七松町2-3-25",
        "P27_007": 3,
        "P27_008": -99,
        "P27_009": 9999
      },
      "geometry": {
        "type": "Point",
        "coordinates": [
          135.41149399999998,
          34.73491499999996
        ]
      }
    },
    {
      "type": "Feature",
      "properties": {
        "P27_001": "28202",
        "P27_002": "3",
        "P27_003": "99999",
        "P27_004": "03105",
        "P27_005": "屋内プール",
        "P27_006": "西御園町93-2（サンシビック尼崎内）",
        "P27_007": 3,
        "P27_008": -99,
        "P27_009": 9999
      },
      "geometry": {
        "type": "Point",
        "coordinates": [
          135.41313,
          34.718818
        ]
      }
    },
    {
      "type": "Feature",
      "properties": {
        "P27_001": "28202",
        "P27_002": "3",
        "P27_003": "99999",
        "P27_004": "03105",
        "P27_005": "屋内プール",
        "P27_006": "南塚口町4-4-8（市民健康開発センターハーティ21内）",
        "P27_007": 3,
        "P27_008": -99,
        "P27_009": 9999
      },
      "geometry": {
        "type": "Point",
        "coordinates": [
          135.41918099999998,
          34.74618099999997
        ]
      }
    },
    {
      "type": "Feature",
      "properties": {
        "P27_001": "28202",
        "P27_002": "3",
        "P27_003": "99999",
        "P27_004": "03109",
        "P27_005": "青少年スポーツ施設",
        "P27_006": "栗山町2-25-1",
        "P27_007": 3,
        "P27_008": -99,
        "P27_009": 9999
      },
      "geometry": {
        "type": "Point",
        "coordinates": [
          135.40467400000003,
          34.744697000000016
        ]
      }
    },
    {
      "type": "Feature",
      "properties": {
        "P27_001": "28202",
        "P27_002": "3",
        "P27_003": "99999",
        "P27_004": "03120",
        "P27_005": "青少年スポーツ施設",
        "P27_006": "栗山町2-25-1",
        "P27_007": 3,
        "P27_008": -99,
        "P27_009": 9999
      },
      "geometry": {
        "type": "Point",
        "coordinates": [
          135.40465,
          34.74461799999997
        ]
      }
    },
    {
      "type": "Feature",
      "properties": {
        "P27_001": "28202",
        "P27_002": "3",
        "P27_003": "99999",
        "P27_004": "03146",
        "P27_005": "武庫川河川敷ランニングコース",
        "P27_006": "詳細住所不明",
        "P27_007": 3,
        "P27_008": -99,
        "P27_009": 9999
      },
      "geometry": {
        "type": "Point",
        "coordinates": [
          135.37192099999996,
          34.764809
        ]
      }
    },
    {
      "type": "Feature",
      "properties": {
        "P27_001": "28202",
        "P27_002": "3",
        "P27_003": "99999",
        "P27_004": "03146",
        "P27_005": "記念公園ランニングコース",
        "P27_006": "詳細住所不明",
        "P27_007": 3,
        "P27_008": -99,
        "P27_009": 9999
      },
      "geometry": {
        "type": "Point",
        "coordinates": [
          135.42121900000004,
          34.731391999999964
        ]
      }
    },
    {
      "type": "Feature",
      "properties": {
        "P27_001": "28202",
        "P27_002": "3",
        "P27_003": "99999",
        "P27_004": "03146",
        "P27_005": "橘公園ランニングコース",
        "P27_006": "詳細住所不明",
        "P27_007": 3,
        "P27_008": -99,
        "P27_009": 9999
      },
      "geometry": {
        "type": "Point",
        "coordinates": [
          135.407591,
          34.734241999999966
        ]
      }
    },
    {
      "type": "Feature",
      "properties": {
        "P27_001": "28202",
        "P27_002": "3",
        "P27_003": "99999",
        "P27_004": "03146",
        "P27_005": "猪名川公園ランニングコース",
        "P27_006": "詳細住所不明",
        "P27_007": 3,
        "P27_008": -99,
        "P27_009": 9999
      },
      "geometry": {
        "type": "Point",
        "coordinates": [
          135.45024999999998,
          34.76555599999999
        ]
      }
    },
    {
      "type": "Feature",
      "properties": {
        "P27_001": "28202",
        "P27_002": "3",
        "P27_003": "99999",
        "P27_004": "03115",
        "P27_005": "記念公園テニスコート",
        "P27_006": "西長洲町1-4-1",
        "P27_007": 3,
        "P27_008": -99,
        "P27_009": 9999
      },
      "geometry": {
        "type": "Point",
        "coordinates": [
          135.42339400000003,
          34.730177999999974
        ]
      }
    },
    {
      "type": "Feature",
      "properties": {
        "P27_001": "28202",
        "P27_002": "3",
        "P27_003": "99999",
        "P27_004": "03115",
        "P27_005": "猪名川公園テニスコート",
        "P27_006": "椎堂1-502",
        "P27_007": 3,
        "P27_008": -99,
        "P27_009": 9999
      },
      "geometry": {
        "type": "Point",
        "coordinates": [
          135.45078600000002,
          34.764517
        ]
      }
    },
    {
      "type": "Feature",
      "properties": {
        "P27_001": "28203",
        "P27_002": "3",
        "P27_003": "99999",
        "P27_004": "03147",
        "P27_005": "明石中央体育会館（石ケ谷公園）",
        "P27_006": "大久保町松陰1126-47",
        "P27_007": 3,
        "P27_008": -99,
        "P27_009": 9999
      },
      "geometry": {
        "type": "Point",
        "coordinates": [
          134.95788500000003,
          34.70743200000001
        ]
      }
    },
    {
      "type": "Feature",
      "properties": {
        "P27_001": "28204",
        "P27_002": "3",
        "P27_003": "99999",
        "P27_004": "03109",
        "P27_005": "中央体育館・武道場",
        "P27_006": "河原町1-16",
        "P27_007": 3,
        "P27_008": -99,
        "P27_009": 9999
      },
      "geometry": {
        "type": "Point",
        "coordinates": [
          135.34491299999996,
          34.747964999999965
        ]
      }
    },
    {
      "type": "Feature",
      "properties": {
        "P27_001": "28204",
        "P27_002": "3",
        "P27_003": "99999",
        "P27_004": "03120",
        "P27_005": "中央体育館・武道場",
        "P27_006": "河原町1-16",
        "P27_007": 3,
        "P27_008": -99,
        "P27_009": 9999
      },
      "geometry": {
        "type": "Point",
        "coordinates": [
          135.344907,
          34.747755
        ]
      }
    },
    {
      "type": "Feature",
      "properties": {
        "P27_001": "28204",
        "P27_002": "3",
        "P27_003": "99999",
        "P27_004": "03112",
        "P27_005": "中央体育館・武道場",
        "P27_006": "河原町1-16",
        "P27_007": 3,
        "P27_008": -99,
        "P27_009": 9999
      },
      "geometry": {
        "type": "Point",
        "coordinates": [
          135.344675,
          34.74742800000003
        ]
      }
    },
    {
      "type": "Feature",
      "properties": {
        "P27_001": "28204",
        "P27_002": "3",
        "P27_003": "99999",
        "P27_004": "03109",
        "P27_005": "中央体育館分館",
        "P27_006": "神祇官町2-6",
        "P27_007": 3,
        "P27_008": -99,
        "P27_009": 9999
      },
      "geometry": {
        "type": "Point",
        "coordinates": [
          135.351367,
          34.74042399999996
        ]
      }
    },
    {
      "type": "Feature",
      "properties": {
        "P27_001": "28204",
        "P27_002": "3",
        "P27_003": "99999",
        "P27_004": "03120",
        "P27_005": "中央体育館分館",
        "P27_006": "神祇官町2-6",
        "P27_007": 3,
        "P27_008": -99,
        "P27_009": 9999
      },
      "geometry": {
        "type": "Point",
        "coordinates": [
          135.35136100000003,
          34.74029299999996
        ]
      }
    },
    {
      "type": "Feature",
      "properties": {
        "P27_001": "28204",
        "P27_002": "3",
        "P27_003": "99999",
        "P27_004": "03109",
        "P27_005": "今津体育館",
        "P27_006": "今津真砂町1-4",
        "P27_007": 3,
        "P27_008": -99,
        "P27_009": 9999
      },
      "geometry": {
        "type": "Point",
        "coordinates": [
          135.34982500000004,
          34.71979600000001
        ]
      }
    },
    {
      "type": "Feature",
      "properties": {
        "P27_001": "28204",
        "P27_002": "3",
        "P27_003": "99999",
        "P27_004": "03120",
        "P27_005": "今津体育館",
        "P27_006": "今津真砂町1-4",
        "P27_007": 3,
        "P27_008": -99,
        "P27_009": 9999
      },
      "geometry": {
        "type": "Point",
        "coordinates": [
          135.349718,
          34.71970800000001
        ]
      }
    },
    {
      "type": "Feature",
      "properties": {
        "P27_001": "28204",
        "P27_002": "3",
        "P27_003": "99999",
        "P27_004": "03109",
        "P27_005": "鳴尾体育館",
        "P27_006": "上田西町4-43",
        "P27_007": 3,
        "P27_008": -99,
        "P27_009": 9999
      },
      "geometry": {
        "type": "Point",
        "coordinates": [
          135.370907,
          34.708723999999975
        ]
      }
    },
    {
      "type": "Feature",
      "properties": {
        "P27_001": "28204",
        "P27_002": "3",
        "P27_003": "99999",
        "P27_004": "03120",
        "P27_005": "鳴尾体育館",
        "P27_006": "上田西町4-43",
        "P27_007": 3,
        "P27_008": -99,
        "P27_009": 9999
      },
      "geometry": {
        "type": "Point",
        "coordinates": [
          135.37099000000003,
          34.70863599999998
        ]
      }
    },
    {
      "type": "Feature",
      "properties": {
        "P27_001": "28204",
        "P27_002": "3",
        "P27_003": "99999",
        "P27_004": "03109",
        "P27_005": "甲武体育館",
        "P27_006": "上大市5-15-25",
        "P27_007": 3,
        "P27_008": -99,
        "P27_009": 9999
      },
      "geometry": {
        "type": "Point",
        "coordinates": [
          135.37071000000003,
          34.766011999999975
        ]
      }
    },
    {
      "type": "Feature",
      "properties": {
        "P27_001": "28204",
        "P27_002": "3",
        "P27_003": "99999",
        "P27_004": "03120",
        "P27_005": "甲武体育館",
        "P27_006": "上大市5-15-25",
        "P27_007": 3,
        "P27_008": -99,
        "P27_009": 9999
      },
      "geometry": {
        "type": "Point",
        "coordinates": [
          135.37085299999998,
          34.766022
        ]
      }
    },
    {
      "type": "Feature",
      "properties": {
        "P27_001": "28204",
        "P27_002": "3",
        "P27_003": "99999",
        "P27_004": "03109",
        "P27_005": "北夙川体育館",
        "P27_006": "樋之池町11-33",
        "P27_007": 3,
        "P27_008": -99,
        "P27_009": 9999
      },
      "geometry": {
        "type": "Point",
        "coordinates": [
          135.320226,
          34.75203899999998
        ]
      }
    },
    {
      "type": "Feature",
      "properties": {
        "P27_001": "28204",
        "P27_002": "3",
        "P27_003": "99999",
        "P27_004": "03120",
        "P27_005": "北夙川体育館",
        "P27_006": "樋之池町11-33",
        "P27_007": 3,
        "P27_008": -99,
        "P27_009": 9999
      },
      "geometry": {
        "type": "Point",
        "coordinates": [
          135.32006,
          34.75202900000004
        ]
      }
    },
    {
      "type": "Feature",
      "properties": {
        "P27_001": "28204",
        "P27_002": "3",
        "P27_003": "99999",
        "P27_004": "03109",
        "P27_005": "塩瀬体育館",
        "P27_006": "東山台5-10-1",
        "P27_007": 3,
        "P27_008": -99,
        "P27_009": 9999
      },
      "geometry": {
        "type": "Point",
        "coordinates": [
          135.30500500000002,
          34.83425300000002
        ]
      }
    },
    {
      "type": "Feature",
      "properties": {
        "P27_001": "28204",
        "P27_002": "3",
        "P27_003": "99999",
        "P27_004": "03120",
        "P27_005": "塩瀬体育館",
        "P27_006": "東山台5-10-1",
        "P27_007": 3,
        "P27_008": -99,
        "P27_009": 9999
      },
      "geometry": {
        "type": "Point",
        "coordinates": [
          135.30518300000003,
          34.834243999999984
        ]
      }
    },
    {
      "type": "Feature",
      "properties": {
        "P27_001": "28204",
        "P27_002": "3",
        "P27_003": "99999",
        "P27_004": "03109",
        "P27_005": "流通東体育館",
        "P27_006": "山口町阪神流通センター1-5",
        "P27_007": 3,
        "P27_008": -99,
        "P27_009": 9999
      },
      "geometry": {
        "type": "Point",
        "coordinates": [
          135.23564700000003,
          34.827242
        ]
      }
    },
    {
      "type": "Feature",
      "properties": {
        "P27_001": "28204",
        "P27_002": "3",
        "P27_003": "99999",
        "P27_004": "03120",
        "P27_005": "流通東体育館",
        "P27_006": "山口町阪神流通センター1-5",
        "P27_007": 3,
        "P27_008": -99,
        "P27_009": 9999
      },
      "geometry": {
        "type": "Point",
        "coordinates": [
          135.23564700000003,
          34.827154
        ]
      }
    },
    {
      "type": "Feature",
      "properties": {
        "P27_001": "28204",
        "P27_002": "3",
        "P27_003": "99999",
        "P27_004": "03109",
        "P27_005": "浜甲子園体育館",
        "P27_006": "枝川町20",
        "P27_007": 3,
        "P27_008": -99,
        "P27_009": 9999
      },
      "geometry": {
        "type": "Point",
        "coordinates": [
          135.362418,
          34.70865800000002
        ]
      }
    },
    {
      "type": "Feature",
      "properties": {
        "P27_001": "28204",
        "P27_002": "3",
        "P27_003": "99999",
        "P27_004": "03120",
        "P27_005": "浜甲子園体育館",
        "P27_006": "枝川町20",
        "P27_007": 3,
        "P27_008": -99,
        "P27_009": 9999
      },
      "geometry": {
        "type": "Point",
        "coordinates": [
          135.362358,
          34.70854100000002
        ]
      }
    },
    {
      "type": "Feature",
      "properties": {
        "P27_001": "28204",
        "P27_002": "3",
        "P27_003": "99999",
        "P27_004": "03116",
        "P27_005": "浜甲子園体育館",
        "P27_006": "枝川町20",
        "P27_007": 3,
        "P27_008": -99,
        "P27_009": 9999
      },
      "geometry": {
        "type": "Point",
        "coordinates": [
          135.36227499999995,
          34.70870699999999
        ]
      }
    },
    {
      "type": "Feature",
      "properties": {
        "P27_001": "28204",
        "P27_002": "3",
        "P27_003": "99999",
        "P27_004": "03102",
        "P27_005": "中央運動公園野球場",
        "P27_006": "河原町2",
        "P27_007": 3,
        "P27_008": -99,
        "P27_009": 9999
      },
      "geometry": {
        "type": "Point",
        "coordinates": [
          135.34706299999996,
          34.74912500000002
        ]
      }
    },
    {
      "type": "Feature",
      "properties": {
        "P27_001": "28204",
        "P27_002": "3",
        "P27_003": "99999",
        "P27_004": "03138",
        "P27_005": "中央運動公園野球場",
        "P27_006": "河原町2",
        "P27_007": 3,
        "P27_008": -99,
        "P27_009": 9999
      },
      "geometry": {
        "type": "Point",
        "coordinates": [
          135.34649200000004,
          34.74855899999999
        ]
      }
    },
    {
      "type": "Feature",
      "properties": {
        "P27_001": "28204",
        "P27_002": "3",
        "P27_003": "99999",
        "P27_004": "03103",
        "P27_005": "中央運動公園野球場",
        "P27_006": "河原町2",
        "P27_007": 3,
        "P27_008": -99,
        "P27_009": 9999
      },
      "geometry": {
        "type": "Point",
        "coordinates": [
          135.345363,
          34.74920299999999
        ]
      }
    },
    {
      "type": "Feature",
      "properties": {
        "P27_001": "28204",
        "P27_002": "3",
        "P27_003": "99999",
        "P27_004": "03102",
        "P27_005": "高座山公園野球場",
        "P27_006": "塩瀬町名塩（高座4441）",
        "P27_007": 3,
        "P27_008": -99,
        "P27_009": 9999
      },
      "geometry": {
        "type": "Point",
        "coordinates": [
          135.292865,
          34.83752400000004
        ]
      }
    },
    {
      "type": "Feature",
      "properties": {
        "P27_001": "28204",
        "P27_002": "3",
        "P27_003": "99999",
        "P27_004": "03102",
        "P27_005": "甲子園浜野球場",
        "P27_006": "甲子園浜2-7",
        "P27_007": 3,
        "P27_008": -99,
        "P27_009": 9999
      },
      "geometry": {
        "type": "Point",
        "coordinates": [
          135.346006,
          34.71361000000003
        ]
      }
    },
    {
      "type": "Feature",
      "properties": {
        "P27_001": "28204",
        "P27_002": "3",
        "P27_003": "99999",
        "P27_004": "03102",
        "P27_005": "鳴尾浜臨海公園野球場",
        "P27_006": "鳴尾浜1-5-2",
        "P27_007": 3,
        "P27_008": -99,
        "P27_009": 9999
      },
      "geometry": {
        "type": "Point",
        "coordinates": [
          135.36846000000003,
          34.69868499999997
        ]
      }
    },
    {
      "type": "Feature",
      "properties": {
        "P27_001": "28204",
        "P27_002": "3",
        "P27_003": "99999",
        "P27_004": "03102",
        "P27_005": "流通東公園野球場",
        "P27_006": "山口町阪神流通センター1-5",
        "P27_007": 3,
        "P27_008": -99,
        "P27_009": 9999
      },
      "geometry": {
        "type": "Point",
        "coordinates": [
          135.23570600000002,
          34.82638299999998
        ]
      }
    },
    {
      "type": "Feature",
      "properties": {
        "P27_001": "28204",
        "P27_002": "3",
        "P27_003": "99999",
        "P27_004": "03102",
        "P27_005": "津門中央公園野球場",
        "P27_006": "津門住江町3",
        "P27_007": 3,
        "P27_008": -99,
        "P27_009": 9999
      },
      "geometry": {
        "type": "Point",
        "coordinates": [
          135.34753400000002,
          34.729867
        ]
      }
    },
    {
      "type": "Feature",
      "properties": {
        "P27_001": "28204",
        "P27_002": "3",
        "P27_003": "99999",
        "P27_004": "03102",
        "P27_005": "浜甲子園運動公園野球場",
        "P27_006": "枝川町20",
        "P27_007": 3,
        "P27_008": -99,
        "P27_009": 9999
      },
      "geometry": {
        "type": "Point",
        "coordinates": [
          135.36059900000004,
          34.70848699999999
        ]
      }
    },
    {
      "type": "Feature",
      "properties": {
        "P27_001": "28204",
        "P27_002": "3",
        "P27_003": "99999",
        "P27_004": "03115",
        "P27_005": "浜甲子園運動公園野球場",
        "P27_006": "枝川町20",
        "P27_007": 3,
        "P27_008": -99,
        "P27_009": 9999
      },
      "geometry": {
        "type": "Point",
        "coordinates": [
          135.363772,
          34.708047
        ]
      }
    },
    {
      "type": "Feature",
      "properties": {
        "P27_001": "28204",
        "P27_002": "3",
        "P27_003": "99999",
        "P27_004": "03109",
        "P27_005": "浜甲子園運動公園野球場",
        "P27_006": "枝川町20",
        "P27_007": 3,
        "P27_008": -99,
        "P27_009": 9999
      },
      "geometry": {
        "type": "Point",
        "coordinates": [
          135.362418,
          34.708629000000016
        ]
      }
    },
    {
      "type": "Feature",
      "properties": {
        "P27_001": "28204",
        "P27_002": "3",
        "P27_003": "99999",
        "P27_004": "03115",
        "P27_005": "中央運動公園テニスコート",
        "P27_006": "中屋町8",
        "P27_007": 3,
        "P27_008": -99,
        "P27_009": 9999
      },
      "geometry": {
        "type": "Point",
        "coordinates": [
          135.34489699999997,
          34.75001300000004
        ]
      }
    },
    {
      "type": "Feature",
      "properties": {
        "P27_001": "28204",
        "P27_002": "3",
        "P27_003": "99999",
        "P27_004": "03115",
        "P27_005": "樋之池公園テニスコート",
        "P27_006": "樋之池町11-33",
        "P27_007": 3,
        "P27_008": -99,
        "P27_009": 9999
      },
      "geometry": {
        "type": "Point",
        "coordinates": [
          135.320428,
          34.75139499999999
        ]
      }
    },
    {
      "type": "Feature",
      "properties": {
        "P27_001": "28204",
        "P27_002": "3",
        "P27_003": "99999",
        "P27_004": "03115",
        "P27_005": "塩瀬中央公園テニスコート",
        "P27_006": "東山台5-10",
        "P27_007": 3,
        "P27_008": -99,
        "P27_009": 9999
      },
      "geometry": {
        "type": "Point",
        "coordinates": [
          135.30653799999996,
          34.83087800000001
        ]
      }
    },
    {
      "type": "Feature",
      "properties": {
        "P27_001": "28204",
        "P27_002": "3",
        "P27_003": "99999",
        "P27_004": "03115",
        "P27_005": "鳴尾浜臨海公園テニスコート",
        "P27_006": "鳴尾浜1-5-2",
        "P27_007": 3,
        "P27_008": -99,
        "P27_009": 9999
      },
      "geometry": {
        "type": "Point",
        "coordinates": [
          135.36784199999997,
          34.69939799999999
        ]
      }
    },
    {
      "type": "Feature",
      "properties": {
        "P27_001": "28204",
        "P27_002": "3",
        "P27_003": "99999",
        "P27_004": "03115",
        "P27_005": "流通東公園テニスコート",
        "P27_006": "山口町阪神流通センター3",
        "P27_007": 3,
        "P27_008": -99,
        "P27_009": 9999
      },
      "geometry": {
        "type": "Point",
        "coordinates": [
          135.23577,
          34.82771399999997
        ]
      }
    },
    {
      "type": "Feature",
      "properties": {
        "P27_001": "28204",
        "P27_002": "3",
        "P27_003": "99999",
        "P27_004": "03115",
        "P27_005": "浜甲子園運動公園テニスコート",
        "P27_006": "枝川町20",
        "P27_007": 3,
        "P27_008": -99,
        "P27_009": 9999
      },
      "geometry": {
        "type": "Point",
        "coordinates": [
          135.363642,
          34.70768100000001
        ]
      }
    },
    {
      "type": "Feature",
      "properties": {
        "P27_001": "28204",
        "P27_002": "3",
        "P27_003": "99999",
        "P27_004": "03103",
        "P27_005": "塩瀬中央公園多目的広場",
        "P27_006": "東山台5",
        "P27_007": 3,
        "P27_008": -99,
        "P27_009": 9999
      },
      "geometry": {
        "type": "Point",
        "coordinates": [
          135.306251,
          34.833569999999995
        ]
      }
    },
    {
      "type": "Feature",
      "properties": {
        "P27_001": "28204",
        "P27_002": "3",
        "P27_003": "99999",
        "P27_004": "03102",
        "P27_005": "塩瀬中央公園多目的広場",
        "P27_006": "東山台5",
        "P27_007": 3,
        "P27_008": -99,
        "P27_009": 9999
      },
      "geometry": {
        "type": "Point",
        "coordinates": [
          135.306239,
          34.83317999999997
        ]
      }
    },
    {
      "type": "Feature",
      "properties": {
        "P27_001": "28204",
        "P27_002": "3",
        "P27_003": "99999",
        "P27_004": "03138",
        "P27_005": "塩瀬中央公園多目的広場",
        "P27_006": "東山台5",
        "P27_007": 3,
        "P27_008": -99,
        "P27_009": 9999
      },
      "geometry": {
        "type": "Point",
        "coordinates": [
          135.30627499999994,
          34.833375000000025
        ]
      }
    },
    {
      "type": "Feature",
      "properties": {
        "P27_001": "28204",
        "P27_002": "3",
        "P27_003": "99999",
        "P27_004": "03109",
        "P27_005": "塩瀬中央公園多目的広場",
        "P27_006": "東山台5",
        "P27_007": 3,
        "P27_008": -99,
        "P27_009": 9999
      },
      "geometry": {
        "type": "Point",
        "coordinates": [
          135.305086,
          34.834242999999994
        ]
      }
    },
    {
      "type": "Feature",
      "properties": {
        "P27_001": "28204",
        "P27_002": "3",
        "P27_003": "99999",
        "P27_004": "03103",
        "P27_005": "西宮浜総合公園北多目的広場",
        "P27_006": "西宮浜3",
        "P27_007": 3,
        "P27_008": -99,
        "P27_009": 9999
      },
      "geometry": {
        "type": "Point",
        "coordinates": [
          135.32752400000004,
          34.71740800000004
        ]
      }
    },
    {
      "type": "Feature",
      "properties": {
        "P27_001": "28204",
        "P27_002": "3",
        "P27_003": "99999",
        "P27_004": "03102",
        "P27_005": "西宮浜総合公園北多目的広場",
        "P27_006": "西宮浜3",
        "P27_007": 3,
        "P27_008": -99,
        "P27_009": 9999
      },
      "geometry": {
        "type": "Point",
        "coordinates": [
          135.32683399999996,
          34.71765700000004
        ]
      }
    },
    {
      "type": "Feature",
      "properties": {
        "P27_001": "28204",
        "P27_002": "3",
        "P27_003": "99999",
        "P27_004": "03138",
        "P27_005": "西宮浜総合公園北多目的広場",
        "P27_006": "西宮浜3",
        "P27_007": 3,
        "P27_008": -99,
        "P27_009": 9999
      },
      "geometry": {
        "type": "Point",
        "coordinates": [
          135.33225299999998,
          34.72098299999999
        ]
      }
    },
    {
      "type": "Feature",
      "properties": {
        "P27_001": "28204",
        "P27_002": "3",
        "P27_003": "99999",
        "P27_004": "03103",
        "P27_005": "甲子園浜海浜公園多目的広場",
        "P27_006": "浜甲子園3",
        "P27_007": 3,
        "P27_008": -99,
        "P27_009": 9999
      },
      "geometry": {
        "type": "Point",
        "coordinates": [
          135.34415199999998,
          34.714280000000045
        ]
      }
    },
    {
      "type": "Feature",
      "properties": {
        "P27_001": "28204",
        "P27_002": "3",
        "P27_003": "99999",
        "P27_004": "03102",
        "P27_005": "甲子園浜海浜公園多目的広場",
        "P27_006": "浜甲子園3",
        "P27_007": 3,
        "P27_008": -99,
        "P27_009": 9999
      },
      "geometry": {
        "type": "Point",
        "coordinates": [
          135.34591100000003,
          34.71392799999997
        ]
      }
    },
    {
      "type": "Feature",
      "properties": {
        "P27_001": "28204",
        "P27_002": "3",
        "P27_003": "99999",
        "P27_004": "03138",
        "P27_005": "甲子園浜海浜公園多目的広場",
        "P27_006": "浜甲子園3",
        "P27_007": 3,
        "P27_008": -99,
        "P27_009": 9999
      },
      "geometry": {
        "type": "Point",
        "coordinates": [
          135.34346299999999,
          34.71449399999999
        ]
      }
    },
    {
      "type": "Feature",
      "properties": {
        "P27_001": "28204",
        "P27_002": "3",
        "P27_003": "99999",
        "P27_004": "03103",
        "P27_005": "山口町多目的広場",
        "P27_006": "山口町船坂北山鯉塚",
        "P27_007": 3,
        "P27_008": -99,
        "P27_009": 9999
      },
      "geometry": {
        "type": "Point",
        "coordinates": [
          135.27530499999997,
          34.81466900000002
        ]
      }
    },
    {
      "type": "Feature",
      "properties": {
        "P27_001": "28204",
        "P27_002": "3",
        "P27_003": "99999",
        "P27_004": "03102",
        "P27_005": "山口町多目的広場",
        "P27_006": "山口町船坂北山鯉塚",
        "P27_007": 3,
        "P27_008": -99,
        "P27_009": 9999
      },
      "geometry": {
        "type": "Point",
        "coordinates": [
          135.27531699999997,
          34.81449300000003
        ]
      }
    },
    {
      "type": "Feature",
      "properties": {
        "P27_001": "28204",
        "P27_002": "3",
        "P27_003": "99999",
        "P27_004": "03102",
        "P27_005": "中央運動公園陸上競技場",
        "P27_006": "河原町2",
        "P27_007": 3,
        "P27_008": -99,
        "P27_009": 9999
      },
      "geometry": {
        "type": "Point",
        "coordinates": [
          135.34712200000004,
          34.74926199999999
        ]
      }
    },
    {
      "type": "Feature",
      "properties": {
        "P27_001": "28204",
        "P27_002": "3",
        "P27_003": "99999",
        "P27_004": "03101",
        "P27_005": "中央運動公園陸上競技場",
        "P27_006": "河原町2",
        "P27_007": 3,
        "P27_008": -99,
        "P27_009": 9999
      },
      "geometry": {
        "type": "Point",
        "coordinates": [
          135.345506,
          34.74922300000004
        ]
      }
    },
    {
      "type": "Feature",
      "properties": {
        "P27_001": "28204",
        "P27_002": "3",
        "P27_003": "99999",
        "P27_004": "03138",
        "P27_005": "中央運動公園陸上競技場",
        "P27_006": "河原町2",
        "P27_007": 3,
        "P27_008": -99,
        "P27_009": 9999
      },
      "geometry": {
        "type": "Point",
        "coordinates": [
          135.346445,
          34.748675999999996
        ]
      }
    },
    {
      "type": "Feature",
      "properties": {
        "P27_001": "28204",
        "P27_002": "3",
        "P27_003": "99999",
        "P27_004": "03103",
        "P27_005": "中央運動公園陸上競技場",
        "P27_006": "河原町2",
        "P27_007": 3,
        "P27_008": -99,
        "P27_009": 9999
      },
      "geometry": {
        "type": "Point",
        "coordinates": [
          135.34498299999998,
          34.74939900000004
        ]
      }
    },
    {
      "type": "Feature",
      "properties": {
        "P27_001": "28204",
        "P27_002": "3",
        "P27_003": "99999",
        "P27_004": "03103",
        "P27_005": "西宮浜総合公園多目的人工芝グラウンド",
        "P27_006": "西宮浜3",
        "P27_007": 3,
        "P27_008": -99,
        "P27_009": 9999
      },
      "geometry": {
        "type": "Point",
        "coordinates": [
          135.33044099999998,
          34.720265
        ]
      }
    },
    {
      "type": "Feature",
      "properties": {
        "P27_001": "28204",
        "P27_002": "3",
        "P27_003": "99999",
        "P27_004": "03102",
        "P27_005": "西宮浜総合公園多目的人工芝グラウンド",
        "P27_006": "西宮浜3",
        "P27_007": 3,
        "P27_008": -99,
        "P27_009": 9999
      },
      "geometry": {
        "type": "Point",
        "coordinates": [
          135.330596,
          34.72057799999996
        ]
      }
    },
    {
      "type": "Feature",
      "properties": {
        "P27_001": "28204",
        "P27_002": "3",
        "P27_003": "99999",
        "P27_004": "03103",
        "P27_005": "浜甲子園運動公園多目的広場",
        "P27_006": "枝川町20",
        "P27_007": 3,
        "P27_008": -99,
        "P27_009": 9999
      },
      "geometry": {
        "type": "Point",
        "coordinates": [
          135.36344,
          34.70698699999996
        ]
      }
    },
    {
      "type": "Feature",
      "properties": {
        "P27_001": "28204",
        "P27_002": "3",
        "P27_003": "99999",
        "P27_004": "03102",
        "P27_005": "浜甲子園運動公園多目的広場",
        "P27_006": "枝川町20",
        "P27_007": 3,
        "P27_008": -99,
        "P27_009": 9999
      },
      "geometry": {
        "type": "Point",
        "coordinates": [
          135.36155000000002,
          34.707989
        ]
      }
    },
    {
      "type": "Feature",
      "properties": {
        "P27_001": "28204",
        "P27_002": "3",
        "P27_003": "99999",
        "P27_004": "03138",
        "P27_005": "浜甲子園運動公園多目的広場",
        "P27_006": "枝川町20",
        "P27_007": 3,
        "P27_008": -99,
        "P27_009": 9999
      },
      "geometry": {
        "type": "Point",
        "coordinates": [
          135.364462,
          34.70754400000004
        ]
      }
    },
    {
      "type": "Feature",
      "properties": {
        "P27_001": "28204",
        "P27_002": "3",
        "P27_003": "99999",
        "P27_004": "03102",
        "P27_005": "能登運動場",
        "P27_006": "能登町14-26",
        "P27_007": 3,
        "P27_008": -99,
        "P27_009": 9999
      },
      "geometry": {
        "type": "Point",
        "coordinates": [
          135.35213600000003,
          34.75328499999996
        ]
      }
    },
    {
      "type": "Feature",
      "properties": {
        "P27_001": "28204",
        "P27_002": "3",
        "P27_003": "99999",
        "P27_004": "03138",
        "P27_005": "能登運動場",
        "P27_006": "能登町14-26",
        "P27_007": 3,
        "P27_008": -99,
        "P27_009": 9999
      },
      "geometry": {
        "type": "Point",
        "coordinates": [
          135.35212400000003,
          34.75292400000002
        ]
      }
    },
    {
      "type": "Feature",
      "properties": {
        "P27_001": "28204",
        "P27_002": "3",
        "P27_003": "99999",
        "P27_004": "03106",
        "P27_005": "樋之池公園プール",
        "P27_006": "樋之池町11-33",
        "P27_007": 3,
        "P27_008": -99,
        "P27_009": 9999
      },
      "geometry": {
        "type": "Point",
        "coordinates": [
          135.320036,
          34.75151199999999
        ]
      }
    },
    {
      "type": "Feature",
      "properties": {
        "P27_001": "28205",
        "P27_002": "3",
        "P27_003": "99999",
        "P27_004": "03101",
        "P27_005": "洲本市スポーツセンター（陸上競技場）",
        "P27_006": "宇原1807",
        "P27_007": 3,
        "P27_008": -99,
        "P27_009": 9999
      },
      "geometry": {
        "type": "Point",
        "coordinates": [
          134.87529699999996,
          34.335385999999986
        ]
      }
    },
    {
      "type": "Feature",
      "properties": {
        "P27_001": "28205",
        "P27_002": "3",
        "P27_003": "99999",
        "P27_004": "03102",
        "P27_005": "洲本市スポーツセンター（野球場）",
        "P27_006": "宇原1809",
        "P27_007": 3,
        "P27_008": -99,
        "P27_009": 9999
      },
      "geometry": {
        "type": "Point",
        "coordinates": [
          134.87404400000003,
          34.33454900000001
        ]
      }
    },
    {
      "type": "Feature",
      "properties": {
        "P27_001": "28205",
        "P27_002": "3",
        "P27_003": "99999",
        "P27_004": "03103",
        "P27_005": "五色県民健康村グラウンド",
        "P27_006": "五色町都志大日707",
        "P27_007": 3,
        "P27_008": -99,
        "P27_009": 9999
      },
      "geometry": {
        "type": "Point",
        "coordinates": [
          134.78955299999998,
          34.40332899999998
        ]
      }
    },
    {
      "type": "Feature",
      "properties": {
        "P27_001": "28205",
        "P27_002": "3",
        "P27_003": "99999",
        "P27_004": "03109",
        "P27_005": "五色県民健康村トレーニングセンター",
        "P27_006": "五色町都志大日707",
        "P27_007": 3,
        "P27_008": -99,
        "P27_009": 9999
      },
      "geometry": {
        "type": "Point",
        "coordinates": [
          134.78942799999996,
          34.40412800000001
        ]
      }
    },
    {
      "type": "Feature",
      "properties": {
        "P27_001": "28205",
        "P27_002": "3",
        "P27_003": "99999",
        "P27_004": "03103",
        "P27_005": "五色台運動公園（アスパ五色）",
        "P27_006": "五色町鳥飼浦2613",
        "P27_007": 3,
        "P27_008": -99,
        "P27_009": 9999
      },
      "geometry": {
        "type": "Point",
        "coordinates": [
          134.75686700000003,
          34.35710800000004
        ]
      }
    },
    {
      "type": "Feature",
      "properties": {
        "P27_001": "28205",
        "P27_002": "3",
        "P27_003": "99999",
        "P27_004": "03102",
        "P27_005": "五色台運動公園（アスパ五色）",
        "P27_006": "五色町鳥飼浦2613",
        "P27_007": 3,
        "P27_008": -99,
        "P27_009": 9999
      },
      "geometry": {
        "type": "Point",
        "coordinates": [
          134.75847099999996,
          34.35537100000003
        ]
      }
    },
    {
      "type": "Feature",
      "properties": {
        "P27_001": "28205",
        "P27_002": "3",
        "P27_003": "99999",
        "P27_004": "03109",
        "P27_005": "五色台運動公園（アスパ五色）",
        "P27_006": "五色町鳥飼浦2613",
        "P27_007": 3,
        "P27_008": -99,
        "P27_009": 9999
      },
      "geometry": {
        "type": "Point",
        "coordinates": [
          134.758043,
          34.35411500000002
        ]
      }
    },
    {
      "type": "Feature",
      "properties": {
        "P27_001": "28205",
        "P27_002": "3",
        "P27_003": "99999",
        "P27_004": "03129",
        "P27_005": "五色台運動公園（アスパ五色）",
        "P27_006": "五色町鳥飼浦2613",
        "P27_007": 3,
        "P27_008": -99,
        "P27_009": 9999
      },
      "geometry": {
        "type": "Point",
        "coordinates": [
          134.75782899999996,
          34.354281999999984
        ]
      }
    },
    {
      "type": "Feature",
      "properties": {
        "P27_001": "28205",
        "P27_002": "3",
        "P27_003": "99999",
        "P27_004": "03116",
        "P27_005": "五色台運動公園（アスパ五色）",
        "P27_006": "五色町鳥飼浦2613",
        "P27_007": 3,
        "P27_008": -99,
        "P27_009": 9999
      },
      "geometry": {
        "type": "Point",
        "coordinates": [
          134.75801999999996,
          34.354281999999984
        ]
      }
    },
    {
      "type": "Feature",
      "properties": {
        "P27_001": "28205",
        "P27_002": "3",
        "P27_003": "99999",
        "P27_004": "03138",
        "P27_005": "五色台運動公園（アスパ五色）",
        "P27_006": "五色町鳥飼浦2613",
        "P27_007": 3,
        "P27_008": -99,
        "P27_009": 9999
      },
      "geometry": {
        "type": "Point",
        "coordinates": [
          134.75712799999997,
          34.35531200000003
        ]
      }
    },
    {
      "type": "Feature",
      "properties": {
        "P27_001": "28206",
        "P27_002": "3",
        "P27_003": "99999",
        "P27_004": "03109",
        "P27_005": "芦屋市立体育館／青少年センター",
        "P27_006": "川西町15-3",
        "P27_007": 3,
        "P27_008": -99,
        "P27_009": 9999
      },
      "geometry": {
        "type": "Point",
        "coordinates": [
          135.30075099999996,
          34.72710699999998
        ]
      }
    },
    {
      "type": "Feature",
      "properties": {
        "P27_001": "28206",
        "P27_002": "3",
        "P27_003": "99999",
        "P27_004": "03129",
        "P27_005": "芦屋市立体育館／青少年センター",
        "P27_006": "川西町15-3",
        "P27_007": 3,
        "P27_008": -99,
        "P27_009": 9999
      },
      "geometry": {
        "type": "Point",
        "coordinates": [
          135.300787,
          34.72695999999999
        ]
      }
    },
    {
      "type": "Feature",
      "properties": {
        "P27_001": "28206",
        "P27_002": "3",
        "P27_003": "99999",
        "P27_004": "03112",
        "P27_005": "芦屋市立体育館／青少年センター",
        "P27_006": "川西町15-3",
        "P27_007": 3,
        "P27_008": -99,
        "P27_009": 9999
      },
      "geometry": {
        "type": "Point",
        "coordinates": [
          135.30089399999997,
          34.72703799999996
        ]
      }
    },
    {
      "type": "Feature",
      "properties": {
        "P27_001": "28206",
        "P27_002": "3",
        "P27_003": "99999",
        "P27_004": "03103",
        "P27_005": "芦屋市総合公園",
        "P27_006": "陽光町1-1",
        "P27_007": 3,
        "P27_008": -99,
        "P27_009": 9999
      },
      "geometry": {
        "type": "Point",
        "coordinates": [
          135.30794500000002,
          34.711849999999984
        ]
      }
    },
    {
      "type": "Feature",
      "properties": {
        "P27_001": "28206",
        "P27_002": "3",
        "P27_003": "99999",
        "P27_004": "03101",
        "P27_005": "芦屋市総合公園",
        "P27_006": "陽光町1-1",
        "P27_007": 3,
        "P27_008": -99,
        "P27_009": 9999
      },
      "geometry": {
        "type": "Point",
        "coordinates": [
          135.307672,
          34.71208399999998
        ]
      }
    },
    {
      "type": "Feature",
      "properties": {
        "P27_001": "28206",
        "P27_002": "3",
        "P27_003": "99999",
        "P27_004": "03115",
        "P27_005": "芦屋公園",
        "P27_006": "松浜町4-4",
        "P27_007": 3,
        "P27_008": -99,
        "P27_009": 9999
      },
      "geometry": {
        "type": "Point",
        "coordinates": [
          135.30505200000002,
          34.722077
        ]
      }
    },
    {
      "type": "Feature",
      "properties": {
        "P27_001": "28207",
        "P27_002": "3",
        "P27_003": "99999",
        "P27_004": "03102",
        "P27_005": "伊丹市立野球場",
        "P27_006": "瑞ヶ丘1-1（瑞ヶ丘公園内）",
        "P27_007": 3,
        "P27_008": -99,
        "P27_009": 9999
      },
      "geometry": {
        "type": "Point",
        "coordinates": [
          135.39974599999996,
          34.79204199999996
        ]
      }
    },
    {
      "type": "Feature",
      "properties": {
        "P27_001": "28207",
        "P27_002": "3",
        "P27_003": "99999",
        "P27_004": "03102",
        "P27_005": "伊丹市立猪名川第１運動広場",
        "P27_006": "北伊丹9",
        "P27_007": 3,
        "P27_008": -99,
        "P27_009": 9999
      },
      "geometry": {
        "type": "Point",
        "coordinates": [
          135.42233799999997,
          34.80257799999997
        ]
      }
    },
    {
      "type": "Feature",
      "properties": {
        "P27_001": "28207",
        "P27_002": "3",
        "P27_003": "99999",
        "P27_004": "03102",
        "P27_005": "伊丹市立猪名川第２運動広場",
        "P27_006": "北伊丹9",
        "P27_007": 3,
        "P27_008": -99,
        "P27_009": 9999
      },
      "geometry": {
        "type": "Point",
        "coordinates": [
          135.422493,
          34.801553999999975
        ]
      }
    },
    {
      "type": "Feature",
      "properties": {
        "P27_001": "28207",
        "P27_002": "3",
        "P27_003": "99999",
        "P27_004": "03102",
        "P27_005": "伊丹市立猪名川第３（Ａ・Ｂ）運動広場",
        "P27_006": "東桑津字池田川筋",
        "P27_007": 3,
        "P27_008": -99,
        "P27_009": 9999
      },
      "geometry": {
        "type": "Point",
        "coordinates": [
          135.42619799999997,
          34.78575900000004
        ]
      }
    },
    {
      "type": "Feature",
      "properties": {
        "P27_001": "28207",
        "P27_002": "3",
        "P27_003": "99999",
        "P27_004": "03103",
        "P27_005": "伊丹市立猪名川第４運動広場",
        "P27_006": "東桑津字池田川筋",
        "P27_007": 3,
        "P27_008": -99,
        "P27_009": 9999
      },
      "geometry": {
        "type": "Point",
        "coordinates": [
          135.42626999999996,
          34.784977999999995
        ]
      }
    },
    {
      "type": "Feature",
      "properties": {
        "P27_001": "28207",
        "P27_002": "3",
        "P27_003": "99999",
        "P27_004": "03102",
        "P27_005": "伊丹市立猪名川第４運動広場",
        "P27_006": "東桑津字池田川筋",
        "P27_007": 3,
        "P27_008": -99,
        "P27_009": 9999
      },
      "geometry": {
        "type": "Point",
        "coordinates": [
          135.42645999999996,
          34.78388499999998
        ]
      }
    },
    {
      "type": "Feature",
      "properties": {
        "P27_001": "28207",
        "P27_002": "3",
        "P27_003": "99999",
        "P27_004": "03115",
        "P27_005": "伊丹市立荒牧運動広場",
        "P27_006": "荒牧5-60",
        "P27_007": 3,
        "P27_008": -99,
        "P27_009": 9999
      },
      "geometry": {
        "type": "Point",
        "coordinates": [
          135.383428,
          34.809570000000015
        ]
      }
    },
    {
      "type": "Feature",
      "properties": {
        "P27_001": "28207",
        "P27_002": "3",
        "P27_003": "99999",
        "P27_004": "03102",
        "P27_005": "伊丹市立古池運動広場",
        "P27_006": "荻野6-24",
        "P27_007": 3,
        "P27_008": -99,
        "P27_009": 9999
      },
      "geometry": {
        "type": "Point",
        "coordinates": [
          135.39179399999998,
          34.808684999999976
        ]
      }
    },
    {
      "type": "Feature",
      "properties": {
        "P27_001": "28207",
        "P27_002": "3",
        "P27_003": "99999",
        "P27_004": "03104",
        "P27_005": "伊丹市立堀池運動広場",
        "P27_006": "野間北1-23-1",
        "P27_007": 3,
        "P27_008": -99,
        "P27_009": 9999
      },
      "geometry": {
        "type": "Point",
        "coordinates": [
          135.39593700000003,
          34.77208300000002
        ]
      }
    },
    {
      "type": "Feature",
      "properties": {
        "P27_001": "28207",
        "P27_002": "3",
        "P27_003": "99999",
        "P27_004": "03104",
        "P27_005": "神津運動広場",
        "P27_006": "森本1",
        "P27_007": 3,
        "P27_008": -99,
        "P27_009": 9999
      },
      "geometry": {
        "type": "Point",
        "coordinates": [
          135.42704699999996,
          34.78205699999998
        ]
      }
    },
    {
      "type": "Feature",
      "properties": {
        "P27_001": "28207",
        "P27_002": "3",
        "P27_003": "99999",
        "P27_004": "03102",
        "P27_005": "荻野スポーツ広場（北コミグラウンド）",
        "P27_006": "荻野8-33",
        "P27_007": 3,
        "P27_008": -99,
        "P27_009": 9999
      },
      "geometry": {
        "type": "Point",
        "coordinates": [
          135.38814900000003,
          34.80897599999999
        ]
      }
    },
    {
      "type": "Feature",
      "properties": {
        "P27_001": "28207",
        "P27_002": "3",
        "P27_003": "99999",
        "P27_004": "03115",
        "P27_005": "山田コミュニティテニスコート",
        "P27_006": "山田2-99",
        "P27_007": 3,
        "P27_008": -99,
        "P27_009": 9999
      },
      "geometry": {
        "type": "Point",
        "coordinates": [
          135.391046,
          34.771781
        ]
      }
    },
    {
      "type": "Feature",
      "properties": {
        "P27_001": "28207",
        "P27_002": "3",
        "P27_003": "99999",
        "P27_004": "03115",
        "P27_005": "猪名川テニスコート",
        "P27_006": "北伊丹5",
        "P27_007": 3,
        "P27_008": -99,
        "P27_009": 9999
      },
      "geometry": {
        "type": "Point",
        "coordinates": [
          135.42277899999996,
          34.79878999999998
        ]
      }
    },
    {
      "type": "Feature",
      "properties": {
        "P27_001": "28207",
        "P27_002": "3",
        "P27_003": "99999",
        "P27_004": "03146",
        "P27_005": "陽池トリムランニングコース",
        "P27_006": "昆陽池3-1",
        "P27_007": 3,
        "P27_008": -99,
        "P27_009": 9999
      },
      "geometry": {
        "type": "Point",
        "coordinates": [
          135.39683699999998,
          34.78915799999999
        ]
      }
    },
    {
      "type": "Feature",
      "properties": {
        "P27_001": "28207",
        "P27_002": "3",
        "P27_003": "99999",
        "P27_004": "03146",
        "P27_005": "瑞ヶ池トリムランニングコース",
        "P27_006": "瑞ヶ丘5-1",
        "P27_007": 3,
        "P27_008": -99,
        "P27_009": 9999
      },
      "geometry": {
        "type": "Point",
        "coordinates": [
          135.40205399999996,
          34.79766399999999
        ]
      }
    },
    {
      "type": "Feature",
      "properties": {
        "P27_001": "28207",
        "P27_002": "3",
        "P27_003": "99999",
        "P27_004": "03118",
        "P27_005": "伊丹市立相撲場",
        "P27_006": "宮ノ前3-1",
        "P27_007": 3,
        "P27_008": -99,
        "P27_009": 9999
      },
      "geometry": {
        "type": "Point",
        "coordinates": [
          135.41560900000002,
          34.78501900000001
        ]
      }
    },
    {
      "type": "Feature",
      "properties": {
        "P27_001": "28207",
        "P27_002": "3",
        "P27_003": "99999",
        "P27_004": "03120",
        "P27_005": "稲野（いなの）公園運動施設",
        "P27_006": "稲野町2-3-2",
        "P27_007": 3,
        "P27_008": -99,
        "P27_009": 1984
      },
      "geometry": {
        "type": "Point",
        "coordinates": [
          135.417187,
          34.76317499999998
        ]
      }
    },
    {
      "type": "Feature",
      "properties": {
        "P27_001": "28207",
        "P27_002": "3",
        "P27_003": "99999",
        "P27_004": "03138",
        "P27_005": "稲野（いなの）公園運動施設",
        "P27_006": "稲野町2-3-2",
        "P27_007": 3,
        "P27_008": -99,
        "P27_009": 1984
      },
      "geometry": {
        "type": "Point",
        "coordinates": [
          135.41820900000002,
          34.762511000000025
        ]
      }
    },
    {
      "type": "Feature",
      "properties": {
        "P27_001": "28207",
        "P27_002": "3",
        "P27_003": "99999",
        "P27_004": "03129",
        "P27_005": "ラスタホール",
        "P27_006": "南野2-3-25",
        "P27_007": 3,
        "P27_008": -99,
        "P27_009": 1992
      },
      "geometry": {
        "type": "Point",
        "coordinates": [
          135.40864,
          34.76610199999996
        ]
      }
    },
    {
      "type": "Feature",
      "properties": {
        "P27_001": "28207",
        "P27_002": "3",
        "P27_003": "99999",
        "P27_004": "03105",
        "P27_005": "ラスタホール",
        "P27_006": "南野2-3-25",
        "P27_007": 3,
        "P27_008": -99,
        "P27_009": 1992
      },
      "geometry": {
        "type": "Point",
        "coordinates": [
          135.408711,
          34.76602399999999
        ]
      }
    },
    {
      "type": "Feature",
      "properties": {
        "P27_001": "28207",
        "P27_002": "3",
        "P27_003": "99999",
        "P27_004": "03109",
        "P27_005": "緑ケ丘（みどりがおか）体育館・武道館",
        "P27_006": "森本字河原",
        "P27_007": 3,
        "P27_008": -99,
        "P27_009": 1982
      },
      "geometry": {
        "type": "Point",
        "coordinates": [
          135.410046,
          34.793788000000006
        ]
      }
    },
    {
      "type": "Feature",
      "properties": {
        "P27_001": "28207",
        "P27_002": "3",
        "P27_003": "99999",
        "P27_004": "03106",
        "P27_005": "緑ケ丘（みどりがおか）体育館・武道館",
        "P27_006": "森本字河原",
        "P27_007": 3,
        "P27_008": -99,
        "P27_009": 1982
      },
      "geometry": {
        "type": "Point",
        "coordinates": [
          135.41017047783185,
          34.794495355753355
        ]
      }
    },
    {
      "type": "Feature",
      "properties": {
        "P27_001": "28207",
        "P27_002": "3",
        "P27_003": "99999",
        "P27_004": "03129",
        "P27_005": "フィットネスラスタ",
        "P27_006": "緑ケ丘1-10-1",
        "P27_007": 3,
        "P27_008": -99,
        "P27_009": 1992
      },
      "geometry": {
        "type": "Point",
        "coordinates": [
          135.41021300000003,
          34.79414
        ]
      }
    },
    {
      "type": "Feature",
      "properties": {
        "P27_001": "28207",
        "P27_002": "3",
        "P27_003": "99999",
        "P27_004": "03105",
        "P27_005": "フィットネスラスタ",
        "P27_006": "緑ケ丘1-10-1",
        "P27_007": 3,
        "P27_008": -99,
        "P27_009": 1992
      },
      "geometry": {
        "type": "Point",
        "coordinates": [
          135.4101,
          34.79414499999997
        ]
      }
    },
    {
      "type": "Feature",
      "properties": {
        "P27_001": "28207",
        "P27_002": "3",
        "P27_003": "99999",
        "P27_004": "03107",
        "P27_005": "女性・児童センター児童プール",
        "P27_006": "御願塚6-1-1",
        "P27_007": 3,
        "P27_008": -99,
        "P27_009": 1970
      },
      "geometry": {
        "type": "Point",
        "coordinates": [
          135.40984800000004,
          34.77383199999996
        ]
      }
    },
    {
      "type": "Feature",
      "properties": {
        "P27_001": "28207",
        "P27_002": "3",
        "P27_003": "99999",
        "P27_004": "03105",
        "P27_005": "伊丹スポーツセンター",
        "P27_006": "鴻池1-1-1",
        "P27_007": 3,
        "P27_008": -99,
        "P27_009": 1973
      },
      "geometry": {
        "type": "Point",
        "coordinates": [
          135.39422300000004,
          34.79605699999998
        ]
      }
    },
    {
      "type": "Feature",
      "properties": {
        "P27_001": "28207",
        "P27_002": "3",
        "P27_003": "99999",
        "P27_004": "03109",
        "P27_005": "伊丹スポーツセンター",
        "P27_006": "鴻池1-1-1",
        "P27_007": 3,
        "P27_008": -99,
        "P27_009": 1973
      },
      "geometry": {
        "type": "Point",
        "coordinates": [
          135.393927,
          34.79585299999998
        ]
      }
    },
    {
      "type": "Feature",
      "properties": {
        "P27_001": "28207",
        "P27_002": "3",
        "P27_003": "99999",
        "P27_004": "03102",
        "P27_005": "伊丹スポーツセンター",
        "P27_006": "鴻池1-1-1",
        "P27_007": 3,
        "P27_008": -99,
        "P27_009": 1973
      },
      "geometry": {
        "type": "Point",
        "coordinates": [
          135.39380400000002,
          34.79700200000001
        ]
      }
    },
    {
      "type": "Feature",
      "properties": {
        "P27_001": "28207",
        "P27_002": "3",
        "P27_003": "99999",
        "P27_004": "03101",
        "P27_005": "伊丹スポーツセンター",
        "P27_006": "鴻池1-1-1",
        "P27_007": 3,
        "P27_008": -99,
        "P27_009": 1973
      },
      "geometry": {
        "type": "Point",
        "coordinates": [
          135.39252799999997,
          34.79810599999997
        ]
      }
    },
    {
      "type": "Feature",
      "properties": {
        "P27_001": "28207",
        "P27_002": "3",
        "P27_003": "99999",
        "P27_004": "03129",
        "P27_005": "伊丹スポーツセンター",
        "P27_006": "鴻池1-1-1",
        "P27_007": 3,
        "P27_008": -99,
        "P27_009": 1973
      },
      "geometry": {
        "type": "Point",
        "coordinates": [
          135.39383000000004,
          34.79573000000002
        ]
      }
    },
    {
      "type": "Feature",
      "properties": {
        "P27_001": "28207",
        "P27_002": "3",
        "P27_003": "99999",
        "P27_004": "03115",
        "P27_005": "伊丹スポーツセンター",
        "P27_006": "鴻池1-1-1",
        "P27_007": 3,
        "P27_008": -99,
        "P27_009": 1973
      },
      "geometry": {
        "type": "Point",
        "coordinates": [
          135.39324,
          34.798895999999964
        ]
      }
    },
    {
      "type": "Feature",
      "properties": {
        "P27_001": "28207",
        "P27_002": "3",
        "P27_003": "99999",
        "P27_004": "03127",
        "P27_005": "ローラースケート場",
        "P27_006": "北伊丹8-230-1",
        "P27_007": 3,
        "P27_008": -99,
        "P27_009": 1982
      },
      "geometry": {
        "type": "Point",
        "coordinates": [
          135.41479,
          34.798525
        ]
      }
    },
    {
      "type": "Feature",
      "properties": {
        "P27_001": "28207",
        "P27_002": "3",
        "P27_003": "99999",
        "P27_004": "03125",
        "P27_005": "ローラースケート場",
        "P27_006": "北伊丹8-230-1",
        "P27_007": 3,
        "P27_008": -99,
        "P27_009": 1982
      },
      "geometry": {
        "type": "Point",
        "coordinates": [
          135.41476699999998,
          34.798427999999966
        ]
      }
    },
    {
      "type": "Feature",
      "properties": {
        "P27_001": "28207",
        "P27_002": "3",
        "P27_003": "99999",
        "P27_004": "03107",
        "P27_005": "緑ケ丘（みどりがおか）プール",
        "P27_006": "緑ケ丘1-20",
        "P27_007": 3,
        "P27_008": -99,
        "P27_009": 1965
      },
      "geometry": {
        "type": "Point",
        "coordinates": [
          135.410176,
          34.794586000000045
        ]
      }
    },
    {
      "type": "Feature",
      "properties": {
        "P27_001": "28208",
        "P27_002": "3",
        "P27_003": "99999",
        "P27_004": "03109",
        "P27_005": "市民体育館",
        "P27_006": "旭1-19-31",
        "P27_007": 3,
        "P27_008": -99,
        "P27_009": 9999
      },
      "geometry": {
        "type": "Point",
        "coordinates": [
          134.466942,
          34.80441200000001
        ]
      }
    },
    {
      "type": "Feature",
      "properties": {
        "P27_001": "28208",
        "P27_002": "3",
        "P27_003": "99999",
        "P27_004": "03112",
        "P27_005": "市民体育館",
        "P27_006": "旭1-19-31",
        "P27_007": 3,
        "P27_008": -99,
        "P27_009": 9999
      },
      "geometry": {
        "type": "Point",
        "coordinates": [
          134.466883,
          34.80429500000001
        ]
      }
    },
    {
      "type": "Feature",
      "properties": {
        "P27_001": "28208",
        "P27_002": "3",
        "P27_003": "99999",
        "P27_004": "03121",
        "P27_005": "市民体育館",
        "P27_006": "旭1-19-31",
        "P27_007": 3,
        "P27_008": -99,
        "P27_009": 9999
      },
      "geometry": {
        "type": "Point",
        "coordinates": [
          134.46681099999998,
          34.804178000000014
        ]
      }
    },
    {
      "type": "Feature",
      "properties": {
        "P27_001": "28208",
        "P27_002": "3",
        "P27_003": "99999",
        "P27_004": "03120",
        "P27_005": "市民体育館",
        "P27_006": "旭1-19-31",
        "P27_007": 3,
        "P27_008": -99,
        "P27_009": 9999
      },
      "geometry": {
        "type": "Point",
        "coordinates": [
          134.46675199999999,
          34.80406100000001
        ]
      }
    },
    {
      "type": "Feature",
      "properties": {
        "P27_001": "28208",
        "P27_002": "3",
        "P27_003": "99999",
        "P27_004": "03105",
        "P27_005": "温水プール",
        "P27_006": "双葉1-4-26",
        "P27_007": 3,
        "P27_008": -99,
        "P27_009": 9999
      },
      "geometry": {
        "type": "Point",
        "coordinates": [
          134.480751,
          34.81334599999998
        ]
      }
    },
    {
      "type": "Feature",
      "properties": {
        "P27_001": "28208",
        "P27_002": "3",
        "P27_003": "99999",
        "P27_004": "03129",
        "P27_005": "温水プール",
        "P27_006": "双葉1-4-26",
        "P27_007": 3,
        "P27_008": -99,
        "P27_009": 9999
      },
      "geometry": {
        "type": "Point",
        "coordinates": [
          134.480609,
          34.81328699999999
        ]
      }
    },
    {
      "type": "Feature",
      "properties": {
        "P27_001": "28208",
        "P27_002": "3",
        "P27_003": "99999",
        "P27_004": "03132",
        "P27_005": "温水プール",
        "P27_006": "双葉1-4-26",
        "P27_007": 3,
        "P27_008": -99,
        "P27_009": 9999
      },
      "geometry": {
        "type": "Point",
        "coordinates": [
          134.48045400000004,
          34.81323800000002
        ]
      }
    },
    {
      "type": "Feature",
      "properties": {
        "P27_001": "28208",
        "P27_002": "3",
        "P27_003": "99999",
        "P27_004": "03102",
        "P27_005": "相生スポーツセンター",
        "P27_006": "陸字池ノ上266-1",
        "P27_007": 3,
        "P27_008": -99,
        "P27_009": 9999
      },
      "geometry": {
        "type": "Point",
        "coordinates": [
          134.48276500000003,
          34.826452
        ]
      }
    },
    {
      "type": "Feature",
      "properties": {
        "P27_001": "28208",
        "P27_002": "3",
        "P27_003": "99999",
        "P27_004": "03103",
        "P27_005": "相生スポーツセンター",
        "P27_006": "陸字池ノ上266-1",
        "P27_007": 3,
        "P27_008": -99,
        "P27_009": 9999
      },
      "geometry": {
        "type": "Point",
        "coordinates": [
          134.48296700000003,
          34.82571099999998
        ]
      }
    },
    {
      "type": "Feature",
      "properties": {
        "P27_001": "28208",
        "P27_002": "3",
        "P27_003": "99999",
        "P27_004": "03101",
        "P27_005": "相生スポーツセンター",
        "P27_006": "陸字池ノ上266-1",
        "P27_007": 3,
        "P27_008": -99,
        "P27_009": 9999
      },
      "geometry": {
        "type": "Point",
        "coordinates": [
          134.48291999999995,
          34.82608100000004
        ]
      }
    },
    {
      "type": "Feature",
      "properties": {
        "P27_001": "28208",
        "P27_002": "3",
        "P27_003": "99999",
        "P27_004": "03106",
        "P27_005": "市民プール",
        "P27_006": "那波大浜町10-3",
        "P27_007": 3,
        "P27_008": -99,
        "P27_009": 9999
      },
      "geometry": {
        "type": "Point",
        "coordinates": [
          134.470463,
          34.812101
        ]
      }
    },
    {
      "type": "Feature",
      "properties": {
        "P27_001": "28209",
        "P27_002": "3",
        "P27_003": "99999",
        "P27_004": "03109",
        "P27_005": "市民体育館",
        "P27_006": "立野町1-3",
        "P27_007": 3,
        "P27_008": -99,
        "P27_009": 9999
      },
      "geometry": {
        "type": "Point",
        "coordinates": [
          134.82578099999998,
          35.54416099999999
        ]
      }
    },
    {
      "type": "Feature",
      "properties": {
        "P27_001": "28209",
        "P27_002": "3",
        "P27_003": "99999",
        "P27_004": "03120",
        "P27_005": "市民体育館",
        "P27_006": "立野町1-3",
        "P27_007": 3,
        "P27_008": -99,
        "P27_009": 9999
      },
      "geometry": {
        "type": "Point",
        "coordinates": [
          134.82578099999998,
          35.54404499999998
        ]
      }
    },
    {
      "type": "Feature",
      "properties": {
        "P27_001": "28209",
        "P27_002": "3",
        "P27_003": "99999",
        "P27_004": "03109",
        "P27_005": "総合体育館",
        "P27_006": "大磯町1-75",
        "P27_007": 3,
        "P27_008": -99,
        "P27_009": 9999
      },
      "geometry": {
        "type": "Point",
        "coordinates": [
          134.82715799999997,
          35.53914999999998
        ]
      }
    },
    {
      "type": "Feature",
      "properties": {
        "P27_001": "28209",
        "P27_002": "3",
        "P27_003": "99999",
        "P27_004": "03120",
        "P27_005": "総合体育館",
        "P27_006": "大磯町1-75",
        "P27_007": 3,
        "P27_008": -99,
        "P27_009": 9999
      },
      "geometry": {
        "type": "Point",
        "coordinates": [
          134.82683699999995,
          35.539276000000015
        ]
      }
    },
    {
      "type": "Feature",
      "properties": {
        "P27_001": "28209",
        "P27_002": "3",
        "P27_003": "99999",
        "P27_004": "03102",
        "P27_005": "豊岡総合スポーツセンター",
        "P27_006": "戸牧359",
        "P27_007": 3,
        "P27_008": -99,
        "P27_009": 9999
      },
      "geometry": {
        "type": "Point",
        "coordinates": [
          134.810611,
          35.535763000000046
        ]
      }
    },
    {
      "type": "Feature",
      "properties": {
        "P27_001": "28209",
        "P27_002": "3",
        "P27_003": "99999",
        "P27_004": "03103",
        "P27_005": "豊岡総合スポーツセンター",
        "P27_006": "戸牧359",
        "P27_007": 3,
        "P27_008": -99,
        "P27_009": 9999
      },
      "geometry": {
        "type": "Point",
        "coordinates": [
          134.81034999999997,
          35.53527899999997
        ]
      }
    },
    {
      "type": "Feature",
      "properties": {
        "P27_001": "28209",
        "P27_002": "3",
        "P27_003": "99999",
        "P27_004": "03101",
        "P27_005": "豊岡総合スポーツセンター",
        "P27_006": "戸牧359",
        "P27_007": 3,
        "P27_008": -99,
        "P27_009": 9999
      },
      "geometry": {
        "type": "Point",
        "coordinates": [
          134.81046899999996,
          35.535531000000034
        ]
      }
    },
    {
      "type": "Feature",
      "properties": {
        "P27_001": "28209",
        "P27_002": "3",
        "P27_003": "99999",
        "P27_004": "03102",
        "P27_005": "円山川運動公園",
        "P27_006": "土渕459",
        "P27_007": 3,
        "P27_008": -99,
        "P27_009": 9999
      },
      "geometry": {
        "type": "Point",
        "coordinates": [
          134.812276,
          35.50024499999999
        ]
      }
    },
    {
      "type": "Feature",
      "properties": {
        "P27_001": "28209",
        "P27_002": "3",
        "P27_003": "99999",
        "P27_004": "03138",
        "P27_005": "円山川運動公園",
        "P27_006": "土渕459",
        "P27_007": 3,
        "P27_008": -99,
        "P27_009": 9999
      },
      "geometry": {
        "type": "Point",
        "coordinates": [
          134.81351200000003,
          35.499103999999996
        ]
      }
    },
    {
      "type": "Feature",
      "properties": {
        "P27_001": "28209",
        "P27_002": "3",
        "P27_003": "99999",
        "P27_004": "03103",
        "P27_005": "円山川運動公園",
        "P27_006": "土渕459",
        "P27_007": 3,
        "P27_008": -99,
        "P27_009": 9999
      },
      "geometry": {
        "type": "Point",
        "coordinates": [
          134.81389200000004,
          35.50054500000003
        ]
      }
    },
    {
      "type": "Feature",
      "properties": {
        "P27_001": "28209",
        "P27_002": "3",
        "P27_003": "99999",
        "P27_004": "03115",
        "P27_005": "神美台スポーツ公園",
        "P27_006": "神美台157-40",
        "P27_007": 3,
        "P27_008": -99,
        "P27_009": 9999
      },
      "geometry": {
        "type": "Point",
        "coordinates": [
          134.86698700000002,
          35.51679500000004
        ]
      }
    },
    {
      "type": "Feature",
      "properties": {
        "P27_001": "28209",
        "P27_002": "3",
        "P27_003": "99999",
        "P27_004": "03129",
        "P27_005": "城崎ボートセンター",
        "P27_006": "城崎町楽々浦343-6",
        "P27_007": 3,
        "P27_008": -99,
        "P27_009": 9999
      },
      "geometry": {
        "type": "Point",
        "coordinates": [
          134.82236700000004,
          35.62595300000002
        ]
      }
    },
    {
      "type": "Feature",
      "properties": {
        "P27_001": "28209",
        "P27_002": "3",
        "P27_003": "99999",
        "P27_004": "03115",
        "P27_005": "城崎スポーツ広場",
        "P27_006": "城崎町桃島1057-1",
        "P27_007": 3,
        "P27_008": -99,
        "P27_009": 9999
      },
      "geometry": {
        "type": "Point",
        "coordinates": [
          134.81384499999996,
          35.629214000000005
        ]
      }
    },
    {
      "type": "Feature",
      "properties": {
        "P27_001": "28209",
        "P27_002": "3",
        "P27_003": "99999",
        "P27_004": "03103",
        "P27_005": "城崎スポーツ広場",
        "P27_006": "城崎町桃島1057-1",
        "P27_007": 3,
        "P27_008": -99,
        "P27_009": 9999
      },
      "geometry": {
        "type": "Point",
        "coordinates": [
          134.81394,
          35.629542999999956
        ]
      }
    },
    {
      "type": "Feature",
      "properties": {
        "P27_001": "28209",
        "P27_002": "3",
        "P27_003": "99999",
        "P27_004": "03102",
        "P27_005": "菊屋島運動公園",
        "P27_006": "城崎町桃島1232-2",
        "P27_007": 3,
        "P27_008": -99,
        "P27_009": 9999
      },
      "geometry": {
        "type": "Point",
        "coordinates": [
          134.81808800000002,
          35.62971599999997
        ]
      }
    },
    {
      "type": "Feature",
      "properties": {
        "P27_001": "28209",
        "P27_002": "3",
        "P27_003": "99999",
        "P27_004": "03109",
        "P27_005": "竹野Ｂ＆Ｇ海洋センター",
        "P27_006": "竹野町竹野3102-2",
        "P27_007": 3,
        "P27_008": -99,
        "P27_009": 9999
      },
      "geometry": {
        "type": "Point",
        "coordinates": [
          134.767731,
          35.65783700000004
        ]
      }
    },
    {
      "type": "Feature",
      "properties": {
        "P27_001": "28209",
        "P27_002": "3",
        "P27_003": "99999",
        "P27_004": "03112",
        "P27_005": "竹野Ｂ＆Ｇ海洋センター",
        "P27_006": "竹野町竹野3102-2",
        "P27_007": 3,
        "P27_008": -99,
        "P27_009": 9999
      },
      "geometry": {
        "type": "Point",
        "coordinates": [
          134.76774300000002,
          35.65763500000003
        ]
      }
    },
    {
      "type": "Feature",
      "properties": {
        "P27_001": "28209",
        "P27_002": "3",
        "P27_003": "99999",
        "P27_004": "03105",
        "P27_005": "竹野Ｂ＆Ｇ海洋センター",
        "P27_006": "竹野町竹野3102-2",
        "P27_007": 3,
        "P27_008": -99,
        "P27_009": 9999
      },
      "geometry": {
        "type": "Point",
        "coordinates": [
          134.76768400000003,
          35.65814600000003
        ]
      }
    },
    {
      "type": "Feature",
      "properties": {
        "P27_001": "28209",
        "P27_002": "3",
        "P27_003": "99999",
        "P27_004": "03102",
        "P27_005": "竹野中央公園",
        "P27_006": "竹野町須谷1395",
        "P27_007": 3,
        "P27_008": -99,
        "P27_009": 9999
      },
      "geometry": {
        "type": "Point",
        "coordinates": [
          134.761065,
          35.638245000000005
        ]
      }
    },
    {
      "type": "Feature",
      "properties": {
        "P27_001": "28209",
        "P27_002": "3",
        "P27_003": "99999",
        "P27_004": "03115",
        "P27_005": "竹野中央公園",
        "P27_006": "竹野町須谷1395",
        "P27_007": 3,
        "P27_008": -99,
        "P27_009": 9999
      },
      "geometry": {
        "type": "Point",
        "coordinates": [
          134.76224199999996,
          35.63670900000002
        ]
      }
    },
    {
      "type": "Feature",
      "properties": {
        "P27_001": "28209",
        "P27_002": "3",
        "P27_003": "99999",
        "P27_004": "03109",
        "P27_005": "中竹野ふるさと館",
        "P27_006": "竹野町轟5",
        "P27_007": 3,
        "P27_008": -99,
        "P27_009": 9999
      },
      "geometry": {
        "type": "Point",
        "coordinates": [
          134.75543800000003,
          35.62424699999999
        ]
      }
    },
    {
      "type": "Feature",
      "properties": {
        "P27_001": "28209",
        "P27_002": "3",
        "P27_003": "99999",
        "P27_004": "03102",
        "P27_005": "植村直己記念スポーツ公園",
        "P27_006": "日高町野829",
        "P27_007": 3,
        "P27_008": -99,
        "P27_009": 9999
      },
      "geometry": {
        "type": "Point",
        "coordinates": [
          134.72934599999996,
          35.46084799999997
        ]
      }
    },
    {
      "type": "Feature",
      "properties": {
        "P27_001": "28209",
        "P27_002": "3",
        "P27_003": "99999",
        "P27_004": "03115",
        "P27_005": "植村直己記念スポーツ公園",
        "P27_006": "日高町野829",
        "P27_007": 3,
        "P27_008": -99,
        "P27_009": 9999
      },
      "geometry": {
        "type": "Point",
        "coordinates": [
          134.72845499999997,
          35.45974400000002
        ]
      }
    },
    {
      "type": "Feature",
      "properties": {
        "P27_001": "28209",
        "P27_002": "3",
        "P27_003": "99999",
        "P27_004": "03138",
        "P27_005": "植村直己記念スポーツ公園",
        "P27_006": "日高町野829",
        "P27_007": 3,
        "P27_008": -99,
        "P27_009": 9999
      },
      "geometry": {
        "type": "Point",
        "coordinates": [
          134.72979799999996,
          35.45955100000004
        ]
      }
    },
    {
      "type": "Feature",
      "properties": {
        "P27_001": "28209",
        "P27_002": "3",
        "P27_003": "99999",
        "P27_004": "03103",
        "P27_005": "神鍋野外スポーツ公園",
        "P27_006": "日高町名色88-50",
        "P27_007": 3,
        "P27_008": -99,
        "P27_009": 9999
      },
      "geometry": {
        "type": "Point",
        "coordinates": [
          134.68556099999998,
          35.49273000000001
        ]
      }
    },
    {
      "type": "Feature",
      "properties": {
        "P27_001": "28209",
        "P27_002": "3",
        "P27_003": "99999",
        "P27_004": "03146",
        "P27_005": "神鍋山周遊公園",
        "P27_006": "日高町太田158-1",
        "P27_007": 3,
        "P27_008": -99,
        "P27_009": 9999
      },
      "geometry": {
        "type": "Point",
        "coordinates": [
          134.681871,
          35.50548500000003
        ]
      }
    },
    {
      "type": "Feature",
      "properties": {
        "P27_001": "28209",
        "P27_002": "3",
        "P27_003": "99999",
        "P27_004": "03109",
        "P27_005": "日高文化体育館",
        "P27_006": "日高町祢布954-6",
        "P27_007": 3,
        "P27_008": -99,
        "P27_009": 9999
      },
      "geometry": {
        "type": "Point",
        "coordinates": [
          134.77072500000003,
          35.46878299999997
        ]
      }
    },
    {
      "type": "Feature",
      "properties": {
        "P27_001": "28209",
        "P27_002": "3",
        "P27_003": "99999",
        "P27_004": "03116",
        "P27_005": "日高文化体育館",
        "P27_006": "日高町祢布954-6",
        "P27_007": 3,
        "P27_008": -99,
        "P27_009": 9999
      },
      "geometry": {
        "type": "Point",
        "coordinates": [
          134.77054700000002,
          35.46878299999997
        ]
      }
    },
    {
      "type": "Feature",
      "properties": {
        "P27_001": "28209",
        "P27_002": "3",
        "P27_003": "99999",
        "P27_004": "03101",
        "P27_005": "出石総合スポーツセンター",
        "P27_006": "出石町福住1200",
        "P27_007": 3,
        "P27_008": -99,
        "P27_009": 9999
      },
      "geometry": {
        "type": "Point",
        "coordinates": [
          134.86049299999996,
          35.465067
        ]
      }
    },
    {
      "type": "Feature",
      "properties": {
        "P27_001": "28209",
        "P27_002": "3",
        "P27_003": "99999",
        "P27_004": "03115",
        "P27_005": "出石総合スポーツセンター",
        "P27_006": "出石町福住1200",
        "P27_007": 3,
        "P27_008": -99,
        "P27_009": 9999
      },
      "geometry": {
        "type": "Point",
        "coordinates": [
          134.861408,
          35.464215000000024
        ]
      }
    },
    {
      "type": "Feature",
      "properties": {
        "P27_001": "28209",
        "P27_002": "3",
        "P27_003": "99999",
        "P27_004": "03102",
        "P27_005": "出石総合スポーツセンター",
        "P27_006": "出石町福住1200",
        "P27_007": 3,
        "P27_008": -99,
        "P27_009": 9999
      },
      "geometry": {
        "type": "Point",
        "coordinates": [
          134.86084900000003,
          35.46361500000003
        ]
      }
    },
    {
      "type": "Feature",
      "properties": {
        "P27_001": "28209",
        "P27_002": "3",
        "P27_003": "99999",
        "P27_004": "03109",
        "P27_005": "出石Ｂ＆Ｇ海洋センター",
        "P27_006": "出石町福住923",
        "P27_007": 3,
        "P27_008": -99,
        "P27_009": 9999
      },
      "geometry": {
        "type": "Point",
        "coordinates": [
          134.859863,
          35.46280799999996
        ]
      }
    },
    {
      "type": "Feature",
      "properties": {
        "P27_001": "28209",
        "P27_002": "3",
        "P27_003": "99999",
        "P27_004": "03105",
        "P27_005": "出石Ｂ＆Ｇ海洋センター",
        "P27_006": "出石町福住923",
        "P27_007": 3,
        "P27_008": -99,
        "P27_009": 9999
      },
      "geometry": {
        "type": "Point",
        "coordinates": [
          134.85932800000003,
          35.46271100000002
        ]
      }
    },
    {
      "type": "Feature",
      "properties": {
        "P27_001": "28209",
        "P27_002": "3",
        "P27_003": "99999",
        "P27_004": "03109",
        "P27_005": "資母体育館",
        "P27_006": "但東町中山706",
        "P27_007": 3,
        "P27_008": -99,
        "P27_009": 9999
      },
      "geometry": {
        "type": "Point",
        "coordinates": [
          134.99478800000003,
          35.493458000000025
        ]
      }
    },
    {
      "type": "Feature",
      "properties": {
        "P27_001": "28209",
        "P27_002": "3",
        "P27_003": "99999",
        "P27_004": "03109",
        "P27_005": "但東中央体育館",
        "P27_006": "但東町出合47-1",
        "P27_007": 3,
        "P27_008": -99,
        "P27_009": 9999
      },
      "geometry": {
        "type": "Point",
        "coordinates": [
          134.94892900000002,
          35.47134600000003
        ]
      }
    },
    {
      "type": "Feature",
      "properties": {
        "P27_001": "28209",
        "P27_002": "3",
        "P27_003": "99999",
        "P27_004": "03102",
        "P27_005": "但東スポーツ公園",
        "P27_006": "但東町小谷1",
        "P27_007": 3,
        "P27_008": -99,
        "P27_009": 9999
      },
      "geometry": {
        "type": "Point",
        "coordinates": [
          134.96427299999993,
          35.461857999999964
        ]
      }
    },
    {
      "type": "Feature",
      "properties": {
        "P27_001": "28209",
        "P27_002": "3",
        "P27_003": "99999",
        "P27_004": "03103",
        "P27_005": "但東スポーツ公園",
        "P27_006": "但東町小谷1",
        "P27_007": 3,
        "P27_008": -99,
        "P27_009": 9999
      },
      "geometry": {
        "type": "Point",
        "coordinates": [
          134.96441599999997,
          35.46145200000003
        ]
      }
    },
    {
      "type": "Feature",
      "properties": {
        "P27_001": "28209",
        "P27_002": "3",
        "P27_003": "99999",
        "P27_004": "03115",
        "P27_005": "但東スポーツ公園",
        "P27_006": "但東町小谷1",
        "P27_007": 3,
        "P27_008": -99,
        "P27_009": 9999
      },
      "geometry": {
        "type": "Point",
        "coordinates": [
          134.96331000000004,
          35.461577999999975
        ]
      }
    },
    {
      "type": "Feature",
      "properties": {
        "P27_001": "28210",
        "P27_002": "3",
        "P27_003": "99999",
        "P27_004": "03129",
        "P27_005": "加古川市立総合体育館",
        "P27_006": "西神吉町鼎1010",
        "P27_007": 3,
        "P27_008": -99,
        "P27_009": 9999
      },
      "geometry": {
        "type": "Point",
        "coordinates": [
          134.822873,
          34.808502000000026
        ]
      }
    },
    {
      "type": "Feature",
      "properties": {
        "P27_001": "28210",
        "P27_002": "3",
        "P27_003": "99999",
        "P27_004": "03101",
        "P27_005": "加古川市立総合体育館",
        "P27_006": "西神吉町鼎1010",
        "P27_007": 3,
        "P27_008": -99,
        "P27_009": 9999
      },
      "geometry": {
        "type": "Point",
        "coordinates": [
          134.82614100000004,
          34.80798499999997
        ]
      }
    },
    {
      "type": "Feature",
      "properties": {
        "P27_001": "28210",
        "P27_002": "3",
        "P27_003": "99999",
        "P27_004": "03109",
        "P27_005": "加古川市立総合体育館",
        "P27_006": "西神吉町鼎1010",
        "P27_007": 3,
        "P27_008": -99,
        "P27_009": 9999
      },
      "geometry": {
        "type": "Point",
        "coordinates": [
          134.82284899999996,
          34.80833599999997
        ]
      }
    },
    {
      "type": "Feature",
      "properties": {
        "P27_001": "28210",
        "P27_002": "3",
        "P27_003": "99999",
        "P27_004": "03109",
        "P27_005": "加古川市立志方体育館",
        "P27_006": "志方町志方町176",
        "P27_007": 3,
        "P27_008": -99,
        "P27_009": 9999
      },
      "geometry": {
        "type": "Point",
        "coordinates": [
          134.82962,
          34.81767099999999
        ]
      }
    },
    {
      "type": "Feature",
      "properties": {
        "P27_001": "28210",
        "P27_002": "3",
        "P27_003": "99999",
        "P27_004": "03120",
        "P27_005": "加古川市立志方体育館",
        "P27_006": "志方町志方町176",
        "P27_007": 3,
        "P27_008": -99,
        "P27_009": 9999
      },
      "geometry": {
        "type": "Point",
        "coordinates": [
          134.82954800000002,
          34.81775799999999
        ]
      }
    },
    {
      "type": "Feature",
      "properties": {
        "P27_001": "28210",
        "P27_002": "3",
        "P27_003": "99999",
        "P27_004": "03109",
        "P27_005": "加古川市立日岡山体育館",
        "P27_006": "神野町日岡苑25",
        "P27_007": 3,
        "P27_008": -99,
        "P27_009": 9999
      },
      "geometry": {
        "type": "Point",
        "coordinates": [
          134.86609500000003,
          34.77726599999997
        ]
      }
    },
    {
      "type": "Feature",
      "properties": {
        "P27_001": "28210",
        "P27_002": "3",
        "P27_003": "99999",
        "P27_004": "03120",
        "P27_005": "加古川市立日岡山体育館",
        "P27_006": "神野町日岡苑25",
        "P27_007": 3,
        "P27_008": -99,
        "P27_009": 9999
      },
      "geometry": {
        "type": "Point",
        "coordinates": [
          134.86599999999999,
          34.77759799999999
        ]
      }
    },
    {
      "type": "Feature",
      "properties": {
        "P27_001": "28210",
        "P27_002": "3",
        "P27_003": "99999",
        "P27_004": "03102",
        "P27_005": "加古川市立日岡山体育館",
        "P27_006": "神野町日岡苑25",
        "P27_007": 3,
        "P27_008": -99,
        "P27_009": 9999
      },
      "geometry": {
        "type": "Point",
        "coordinates": [
          134.86497799999998,
          34.77873000000004
        ]
      }
    },
    {
      "type": "Feature",
      "properties": {
        "P27_001": "28210",
        "P27_002": "3",
        "P27_003": "99999",
        "P27_004": "03106",
        "P27_005": "加古川市立日岡山体育館",
        "P27_006": "神野町日岡苑25",
        "P27_007": 3,
        "P27_008": -99,
        "P27_009": 9999
      },
      "geometry": {
        "type": "Point",
        "coordinates": [
          134.86577400000002,
          34.776368000000005
        ]
      }
    },
    {
      "type": "Feature",
      "properties": {
        "P27_001": "28210",
        "P27_002": "3",
        "P27_003": "99999",
        "P27_004": "03107",
        "P27_005": "加古川市立日岡山体育館",
        "P27_006": "神野町日岡苑25",
        "P27_007": 3,
        "P27_008": -99,
        "P27_009": 9999
      },
      "geometry": {
        "type": "Point",
        "coordinates": [
          134.866143,
          34.77669
        ]
      }
    },
    {
      "type": "Feature",
      "properties": {
        "P27_001": "28210",
        "P27_002": "3",
        "P27_003": "99999",
        "P27_004": "03113",
        "P27_005": "加古川市立武道館",
        "P27_006": "加古川町大野1651-1",
        "P27_007": 3,
        "P27_008": -99,
        "P27_009": 9999
      },
      "geometry": {
        "type": "Point",
        "coordinates": [
          134.86516000000003,
          34.77763500000003
        ]
      }
    },
    {
      "type": "Feature",
      "properties": {
        "P27_001": "28210",
        "P27_002": "3",
        "P27_003": "99999",
        "P27_004": "03112",
        "P27_005": "加古川市立武道館",
        "P27_006": "加古川町大野1651-1",
        "P27_007": 3,
        "P27_008": -99,
        "P27_009": 9999
      },
      "geometry": {
        "type": "Point",
        "coordinates": [
          134.864958,
          34.777508000000005
        ]
      }
    },
    {
      "type": "Feature",
      "properties": {
        "P27_001": "28210",
        "P27_002": "3",
        "P27_003": "99999",
        "P27_004": "03102",
        "P27_005": "日岡山公園野球場",
        "P27_006": "加古川町大野1682",
        "P27_007": 3,
        "P27_008": -99,
        "P27_009": 9999
      },
      "geometry": {
        "type": "Point",
        "coordinates": [
          134.865006,
          34.77893299999996
        ]
      }
    },
    {
      "type": "Feature",
      "properties": {
        "P27_001": "28210",
        "P27_002": "3",
        "P27_003": "99999",
        "P27_004": "03102",
        "P27_005": "野口野球場",
        "P27_006": "野口町水足262-11",
        "P27_007": 3,
        "P27_008": -99,
        "P27_009": 9999
      },
      "geometry": {
        "type": "Point",
        "coordinates": [
          134.86809600000004,
          34.76156100000002
        ]
      }
    },
    {
      "type": "Feature",
      "properties": {
        "P27_001": "28210",
        "P27_002": "3",
        "P27_003": "99999",
        "P27_004": "03115",
        "P27_005": "日岡山公園第１テニスコート",
        "P27_006": "加古川町大野1649",
        "P27_007": 3,
        "P27_008": -99,
        "P27_009": 9999
      },
      "geometry": {
        "type": "Point",
        "coordinates": [
          134.86463400000002,
          34.77718500000002
        ]
      }
    },
    {
      "type": "Feature",
      "properties": {
        "P27_001": "28210",
        "P27_002": "3",
        "P27_003": "99999",
        "P27_004": "03115",
        "P27_005": "日岡山公園第２テニスコート",
        "P27_006": "加古川町大野1561-1",
        "P27_007": 3,
        "P27_008": -99,
        "P27_009": 9999
      },
      "geometry": {
        "type": "Point",
        "coordinates": [
          134.86330100000004,
          34.774268999999975
        ]
      }
    },
    {
      "type": "Feature",
      "properties": {
        "P27_001": "28210",
        "P27_002": "3",
        "P27_003": "99999",
        "P27_004": "03115",
        "P27_005": "志方東公園テニスコート",
        "P27_006": "志方町細工所1138-22",
        "P27_007": 3,
        "P27_008": -99,
        "P27_009": 9999
      },
      "geometry": {
        "type": "Point",
        "coordinates": [
          134.84927300000004,
          34.83917600000003
        ]
      }
    },
    {
      "type": "Feature",
      "properties": {
        "P27_001": "28210",
        "P27_002": "3",
        "P27_003": "99999",
        "P27_004": "03115",
        "P27_005": "小柳公園テニスコート",
        "P27_006": "加古川町北在家",
        "P27_007": 3,
        "P27_008": -99,
        "P27_009": 9999
      },
      "geometry": {
        "type": "Point",
        "coordinates": [
          134.838059,
          34.75589999999997
        ]
      }
    },
    {
      "type": "Feature",
      "properties": {
        "P27_001": "28210",
        "P27_002": "3",
        "P27_003": "99999",
        "P27_004": "03115",
        "P27_005": "河川敷（河原）テニスコート",
        "P27_006": "加古川町中津",
        "P27_007": 3,
        "P27_008": -99,
        "P27_009": 9999
      },
      "geometry": {
        "type": "Point",
        "coordinates": [
          134.84351399999994,
          34.77768200000001
        ]
      }
    },
    {
      "type": "Feature",
      "properties": {
        "P27_001": "28210",
        "P27_002": "3",
        "P27_003": "99999",
        "P27_004": "03115",
        "P27_005": "河川敷（米田）テニスコート",
        "P27_006": "平荘町養老地先",
        "P27_007": 3,
        "P27_008": -99,
        "P27_009": 9999
      },
      "geometry": {
        "type": "Point",
        "coordinates": [
          134.824433,
          34.77309799999998
        ]
      }
    },
    {
      "type": "Feature",
      "properties": {
        "P27_001": "28210",
        "P27_002": "3",
        "P27_003": "99999",
        "P27_004": "03115",
        "P27_005": "河川敷（両荘）テニスコート",
        "P27_006": "平荘町養老里",
        "P27_007": 3,
        "P27_008": -99,
        "P27_009": 9999
      },
      "geometry": {
        "type": "Point",
        "coordinates": [
          134.869258,
          34.79500699999997
        ]
      }
    },
    {
      "type": "Feature",
      "properties": {
        "P27_001": "28210",
        "P27_002": "3",
        "P27_003": "99999",
        "P27_004": "03129",
        "P27_005": "ウェルネスパーク",
        "P27_006": "東神吉町天下原370",
        "P27_007": 3,
        "P27_008": 2,
        "P27_009": 9999
      },
      "geometry": {
        "type": "Point",
        "coordinates": [
          134.837499,
          34.797247000000034
        ]
      }
    },
    {
      "type": "Feature",
      "properties": {
        "P27_001": "28210",
        "P27_002": "3",
        "P27_003": "99999",
        "P27_004": "03105",
        "P27_005": "ウェルネスパーク",
        "P27_006": "東神吉町天下原370",
        "P27_007": 3,
        "P27_008": 2,
        "P27_009": 9999
      },
      "geometry": {
        "type": "Point",
        "coordinates": [
          134.83743299999998,
          34.79682200000004
        ]
      }
    },
    {
      "type": "Feature",
      "properties": {
        "P27_001": "28210",
        "P27_002": "3",
        "P27_003": "99999",
        "P27_004": "03105",
        "P27_005": "平荘湖アクア交流館",
        "P27_006": "平荘町里1137-12",
        "P27_007": 3,
        "P27_008": -99,
        "P27_009": 9999
      },
      "geometry": {
        "type": "Point",
        "coordinates": [
          134.849619,
          34.798800000000014
        ]
      }
    },
    {
      "type": "Feature",
      "properties": {
        "P27_001": "28210",
        "P27_002": "3",
        "P27_003": "99999",
        "P27_004": "03132",
        "P27_005": "加古川駅南まちづくりセンター",
        "P27_006": "加古川町寺家町45",
        "P27_007": 3,
        "P27_008": -99,
        "P27_009": 9999
      },
      "geometry": {
        "type": "Point",
        "coordinates": [
          134.836727,
          34.76597300000003
        ]
      }
    },
    {
      "type": "Feature",
      "properties": {
        "P27_001": "28212",
        "P27_002": "3",
        "P27_003": "99999",
        "P27_004": "03113",
        "P27_005": "赤穂青少年武道館",
        "P27_006": "加里屋105",
        "P27_007": 3,
        "P27_008": -99,
        "P27_009": 9999
      },
      "geometry": {
        "type": "Point",
        "coordinates": [
          134.38790999999998,
          34.754594999999995
        ]
      }
    },
    {
      "type": "Feature",
      "properties": {
        "P27_001": "28212",
        "P27_002": "3",
        "P27_003": "99999",
        "P27_004": "03112",
        "P27_005": "塩屋青少年武道館",
        "P27_006": "詳細住所不明",
        "P27_007": 3,
        "P27_008": -99,
        "P27_009": 9999
      },
      "geometry": {
        "type": "Point",
        "coordinates": [
          134.37408000000002,
          34.761919999999975
        ]
      }
    },
    {
      "type": "Feature",
      "properties": {
        "P27_001": "28212",
        "P27_002": "3",
        "P27_003": "99999",
        "P27_004": "03109",
        "P27_005": "城西地区体育館",
        "P27_006": "上仮屋南350",
        "P27_007": 3,
        "P27_008": -99,
        "P27_009": 9999
      },
      "geometry": {
        "type": "Point",
        "coordinates": [
          134.38399599999997,
          34.74932800000003
        ]
      }
    },
    {
      "type": "Feature",
      "properties": {
        "P27_001": "28212",
        "P27_002": "3",
        "P27_003": "99999",
        "P27_004": "03109",
        "P27_005": "赤穂地区体育館",
        "P27_006": "加里屋中洲3-57-1",
        "P27_007": 3,
        "P27_008": -99,
        "P27_009": 9999
      },
      "geometry": {
        "type": "Point",
        "coordinates": [
          134.395224,
          34.75282799999999
        ]
      }
    },
    {
      "type": "Feature",
      "properties": {
        "P27_001": "28212",
        "P27_002": "3",
        "P27_003": "99999",
        "P27_004": "03109",
        "P27_005": "塩屋地区体育館",
        "P27_006": "古浜町64",
        "P27_007": 3,
        "P27_008": -99,
        "P27_009": 9999
      },
      "geometry": {
        "type": "Point",
        "coordinates": [
          134.37555400000002,
          34.761393999999974
        ]
      }
    },
    {
      "type": "Feature",
      "properties": {
        "P27_001": "28212",
        "P27_002": "3",
        "P27_003": "99999",
        "P27_004": "03109",
        "P27_005": "赤穂西地区体育館",
        "P27_006": "鷏和709-17",
        "P27_007": 3,
        "P27_008": -99,
        "P27_009": 9999
      },
      "geometry": {
        "type": "Point",
        "coordinates": [
          134.347514,
          34.748916000000044
        ]
      }
    },
    {
      "type": "Feature",
      "properties": {
        "P27_001": "28212",
        "P27_002": "3",
        "P27_003": "99999",
        "P27_004": "03109",
        "P27_005": "御崎地区体育館",
        "P27_006": "朝日町1-2",
        "P27_007": 3,
        "P27_008": -99,
        "P27_009": 9999
      },
      "geometry": {
        "type": "Point",
        "coordinates": [
          134.41024800000002,
          34.73776900000002
        ]
      }
    },
    {
      "type": "Feature",
      "properties": {
        "P27_001": "28212",
        "P27_002": "3",
        "P27_003": "99999",
        "P27_004": "03109",
        "P27_005": "尾崎地区体育館",
        "P27_006": "さつき町9-3",
        "P27_007": 3,
        "P27_008": -99,
        "P27_009": 9999
      },
      "geometry": {
        "type": "Point",
        "coordinates": [
          134.400986,
          34.74181600000003
        ]
      }
    },
    {
      "type": "Feature",
      "properties": {
        "P27_001": "28212",
        "P27_002": "3",
        "P27_003": "99999",
        "P27_004": "03109",
        "P27_005": "坂越地区体育館",
        "P27_006": "坂越1722-10",
        "P27_007": 3,
        "P27_008": -99,
        "P27_009": 9999
      },
      "geometry": {
        "type": "Point",
        "coordinates": [
          134.42620099999996,
          34.767330000000044
        ]
      }
    },
    {
      "type": "Feature",
      "properties": {
        "P27_001": "28212",
        "P27_002": "3",
        "P27_003": "99999",
        "P27_004": "03109",
        "P27_005": "高雄地区体育館",
        "P27_006": "高雄2358-1",
        "P27_007": 3,
        "P27_008": -99,
        "P27_009": 9999
      },
      "geometry": {
        "type": "Point",
        "coordinates": [
          134.41174799999996,
          34.795334000000025
        ]
      }
    },
    {
      "type": "Feature",
      "properties": {
        "P27_001": "28212",
        "P27_002": "3",
        "P27_003": "99999",
        "P27_004": "03109",
        "P27_005": "有年地区体育館",
        "P27_006": "東有年439-1",
        "P27_007": 3,
        "P27_008": -99,
        "P27_009": 9999
      },
      "geometry": {
        "type": "Point",
        "coordinates": [
          134.37971900000002,
          34.82825800000004
        ]
      }
    },
    {
      "type": "Feature",
      "properties": {
        "P27_001": "28213",
        "P27_002": "3",
        "P27_003": "99999",
        "P27_004": "03109",
        "P27_005": "西脇市立青年の家",
        "P27_006": "上比延町1434-8",
        "P27_007": 3,
        "P27_008": -99,
        "P27_009": 9999
      },
      "geometry": {
        "type": "Point",
        "coordinates": [
          135.002015,
          35.006152999999976
        ]
      }
    },
    {
      "type": "Feature",
      "properties": {
        "P27_001": "28213",
        "P27_002": "3",
        "P27_003": "99999",
        "P27_004": "03102",
        "P27_005": "西脇市立青年の家",
        "P27_006": "上比延町1434-8",
        "P27_007": 3,
        "P27_008": -99,
        "P27_009": 9999
      },
      "geometry": {
        "type": "Point",
        "coordinates": [
          135.001444,
          35.00643500000004
        ]
      }
    },
    {
      "type": "Feature",
      "properties": {
        "P27_001": "28213",
        "P27_002": "3",
        "P27_003": "99999",
        "P27_004": "03142",
        "P27_005": "西脇市立青年の家",
        "P27_006": "上比延町1434-8",
        "P27_007": 3,
        "P27_008": -99,
        "P27_009": 9999
      },
      "geometry": {
        "type": "Point",
        "coordinates": [
          135.002918,
          35.006006999999975
        ]
      }
    },
    {
      "type": "Feature",
      "properties": {
        "P27_001": "28213",
        "P27_002": "3",
        "P27_003": "99999",
        "P27_004": "03103",
        "P27_005": "西脇市立青年の家",
        "P27_006": "上比延町1434-8",
        "P27_007": 3,
        "P27_008": -99,
        "P27_009": 9999
      },
      "geometry": {
        "type": "Point",
        "coordinates": [
          135.00115900000003,
          35.00692200000001
        ]
      }
    },
    {
      "type": "Feature",
      "properties": {
        "P27_001": "28213",
        "P27_002": "3",
        "P27_003": "99999",
        "P27_004": "03109",
        "P27_005": "西脇市天神池スポーツセンター",
        "P27_006": "寺内517-1",
        "P27_007": 3,
        "P27_008": -99,
        "P27_009": 9999
      },
      "geometry": {
        "type": "Point",
        "coordinates": [
          134.98755099999997,
          35.008372999999985
        ]
      }
    },
    {
      "type": "Feature",
      "properties": {
        "P27_001": "28213",
        "P27_002": "3",
        "P27_003": "99999",
        "P27_004": "03105",
        "P27_005": "西脇市天神池スポーツセンター",
        "P27_006": "寺内517-1",
        "P27_007": 3,
        "P27_008": -99,
        "P27_009": 9999
      },
      "geometry": {
        "type": "Point",
        "coordinates": [
          134.98741999999996,
          35.00806200000001
        ]
      }
    },
    {
      "type": "Feature",
      "properties": {
        "P27_001": "28213",
        "P27_002": "3",
        "P27_003": "99999",
        "P27_004": "03120",
        "P27_005": "西脇市天神池スポーツセンター",
        "P27_006": "寺内517-1",
        "P27_007": 3,
        "P27_008": -99,
        "P27_009": 9999
      },
      "geometry": {
        "type": "Point",
        "coordinates": [
          134.98734900000002,
          35.00787699999998
        ]
      }
    },
    {
      "type": "Feature",
      "properties": {
        "P27_001": "28214",
        "P27_002": "3",
        "P27_003": "99999",
        "P27_004": "03109",
        "P27_005": "スポーツセンター",
        "P27_006": "小浜1-1-11",
        "P27_007": 3,
        "P27_008": -99,
        "P27_009": 9999
      },
      "geometry": {
        "type": "Point",
        "coordinates": [
          135.36247100000003,
          34.80210100000002
        ]
      }
    },
    {
      "type": "Feature",
      "properties": {
        "P27_001": "28214",
        "P27_002": "3",
        "P27_003": "99999",
        "P27_004": "03129",
        "P27_005": "スポーツセンター",
        "P27_006": "小浜1-1-11",
        "P27_007": 3,
        "P27_008": -99,
        "P27_009": 9999
      },
      "geometry": {
        "type": "Point",
        "coordinates": [
          135.36255399999996,
          34.80257000000002
        ]
      }
    },
    {
      "type": "Feature",
      "properties": {
        "P27_001": "28214",
        "P27_002": "3",
        "P27_003": "99999",
        "P27_004": "03112",
        "P27_005": "スポーツセンター",
        "P27_006": "小浜1-1-11",
        "P27_007": 3,
        "P27_008": -99,
        "P27_009": 9999
      },
      "geometry": {
        "type": "Point",
        "coordinates": [
          135.362709,
          34.802404000000045
        ]
      }
    },
    {
      "type": "Feature",
      "properties": {
        "P27_001": "28214",
        "P27_002": "3",
        "P27_003": "99999",
        "P27_004": "03102",
        "P27_005": "スポーツセンター",
        "P27_006": "小浜1-1-11",
        "P27_007": 3,
        "P27_008": -99,
        "P27_009": 9999
      },
      "geometry": {
        "type": "Point",
        "coordinates": [
          135.36452700000004,
          34.80084200000004
        ]
      }
    },
    {
      "type": "Feature",
      "properties": {
        "P27_001": "28214",
        "P27_002": "3",
        "P27_003": "99999",
        "P27_004": "03115",
        "P27_005": "スポーツセンター",
        "P27_006": "小浜1-1-11",
        "P27_007": 3,
        "P27_008": -99,
        "P27_009": 9999
      },
      "geometry": {
        "type": "Point",
        "coordinates": [
          135.36439599999994,
          34.801779000000025
        ]
      }
    },
    {
      "type": "Feature",
      "properties": {
        "P27_001": "28214",
        "P27_002": "3",
        "P27_003": "99999",
        "P27_004": "03105",
        "P27_005": "スポーツセンター",
        "P27_006": "小浜1-1-11",
        "P27_007": 3,
        "P27_008": -99,
        "P27_009": 9999
      },
      "geometry": {
        "type": "Point",
        "coordinates": [
          135.36319599999996,
          34.80212099999999
        ]
      }
    },
    {
      "type": "Feature",
      "properties": {
        "P27_001": "28214",
        "P27_002": "3",
        "P27_003": "99999",
        "P27_004": "03106",
        "P27_005": "スポーツセンター",
        "P27_006": "小浜1-1-11",
        "P27_007": 3,
        "P27_008": -99,
        "P27_009": 9999
      },
      "geometry": {
        "type": "Point",
        "coordinates": [
          135.36355200000003,
          34.801164000000036
        ]
      }
    },
    {
      "type": "Feature",
      "properties": {
        "P27_001": "28215",
        "P27_002": "3",
        "P27_003": "99999",
        "P27_004": "03105",
        "P27_005": "三木山総合公園（屋内プール）",
        "P27_006": "福井2474-5",
        "P27_007": 3,
        "P27_008": -99,
        "P27_009": 9999
      },
      "geometry": {
        "type": "Point",
        "coordinates": [
          134.99443600000004,
          34.788517999999975
        ]
      }
    },
    {
      "type": "Feature",
      "properties": {
        "P27_001": "28215",
        "P27_002": "3",
        "P27_003": "99999",
        "P27_004": "03115",
        "P27_005": "テニスコート",
        "P27_006": "福井2474-7",
        "P27_007": 3,
        "P27_008": -99,
        "P27_009": 9999
      },
      "geometry": {
        "type": "Point",
        "coordinates": [
          134.99218800000003,
          34.79130999999997
        ]
      }
    },
    {
      "type": "Feature",
      "properties": {
        "P27_001": "28215",
        "P27_002": "3",
        "P27_003": "99999",
        "P27_004": "03102",
        "P27_005": "野球場",
        "P27_006": "福井字三木山",
        "P27_007": 3,
        "P27_008": -99,
        "P27_009": 9999
      },
      "geometry": {
        "type": "Point",
        "coordinates": [
          134.995597,
          34.78918699999999
        ]
      }
    },
    {
      "type": "Feature",
      "properties": {
        "P27_001": "28215",
        "P27_002": "3",
        "P27_003": "99999",
        "P27_004": "03101",
        "P27_005": "多目的広場（陸上競技場）",
        "P27_006": "福井字三木山",
        "P27_007": 3,
        "P27_008": -99,
        "P27_009": 9999
      },
      "geometry": {
        "type": "Point",
        "coordinates": [
          134.99450299999998,
          34.79074800000001
        ]
      }
    },
    {
      "type": "Feature",
      "properties": {
        "P27_001": "28215",
        "P27_002": "3",
        "P27_003": "99999",
        "P27_004": "03103",
        "P27_005": "多目的広場（陸上競技場）",
        "P27_006": "福井字三木山",
        "P27_007": 3,
        "P27_008": -99,
        "P27_009": 9999
      },
      "geometry": {
        "type": "Point",
        "coordinates": [
          134.99440800000002,
          34.79111899999997
        ]
      }
    },
    {
      "type": "Feature",
      "properties": {
        "P27_001": "28215",
        "P27_002": "3",
        "P27_003": "99999",
        "P27_004": "03138",
        "P27_005": "三木市立屋内ゲートボール場",
        "P27_006": "福井2472",
        "P27_007": 3,
        "P27_008": -99,
        "P27_009": 9999
      },
      "geometry": {
        "type": "Point",
        "coordinates": [
          134.98711599999993,
          34.778067999999976
        ]
      }
    },
    {
      "type": "Feature",
      "properties": {
        "P27_001": "28215",
        "P27_002": "3",
        "P27_003": "99999",
        "P27_004": "03109",
        "P27_005": "市民体育館",
        "P27_006": "福井1947-3",
        "P27_007": 3,
        "P27_008": -99,
        "P27_009": 9999
      },
      "geometry": {
        "type": "Point",
        "coordinates": [
          134.98935999999998,
          34.79723500000002
        ]
      }
    },
    {
      "type": "Feature",
      "properties": {
        "P27_001": "28215",
        "P27_002": "3",
        "P27_003": "99999",
        "P27_004": "03120",
        "P27_005": "市民体育館",
        "P27_006": "福井1947-3",
        "P27_007": 3,
        "P27_008": -99,
        "P27_009": 9999
      },
      "geometry": {
        "type": "Point",
        "coordinates": [
          134.98916999999997,
          34.797302999999964
        ]
      }
    },
    {
      "type": "Feature",
      "properties": {
        "P27_001": "28215",
        "P27_002": "3",
        "P27_003": "99999",
        "P27_004": "03138",
        "P27_005": "ゲートボール場",
        "P27_006": "福井字三木山",
        "P27_007": 3,
        "P27_008": -99,
        "P27_009": 9999
      },
      "geometry": {
        "type": "Point",
        "coordinates": [
          134.98686199999997,
          34.77649800000002
        ]
      }
    },
    {
      "type": "Feature",
      "properties": {
        "P27_001": "28215",
        "P27_002": "3",
        "P27_003": "99999",
        "P27_004": "03109",
        "P27_005": "三木コミュニティスポーツセンター",
        "P27_006": "加佐572",
        "P27_007": 3,
        "P27_008": -99,
        "P27_009": 9999
      },
      "geometry": {
        "type": "Point",
        "coordinates": [
          134.982973,
          34.80970899999997
        ]
      }
    },
    {
      "type": "Feature",
      "properties": {
        "P27_001": "28215",
        "P27_002": "3",
        "P27_003": "99999",
        "P27_004": "03120",
        "P27_005": "三木コミュニティスポーツセンター",
        "P27_006": "加佐572",
        "P27_007": 3,
        "P27_008": -99,
        "P27_009": 9999
      },
      "geometry": {
        "type": "Point",
        "coordinates": [
          134.983115,
          34.80967999999997
        ]
      }
    },
    {
      "type": "Feature",
      "properties": {
        "P27_001": "28215",
        "P27_002": "3",
        "P27_003": "99999",
        "P27_004": "03129",
        "P27_005": "三木コミュニティスポーツセンター",
        "P27_006": "加佐572",
        "P27_007": 3,
        "P27_008": -99,
        "P27_009": 9999
      },
      "geometry": {
        "type": "Point",
        "coordinates": [
          134.98293700000002,
          34.80961100000003
        ]
      }
    },
    {
      "type": "Feature",
      "properties": {
        "P27_001": "28215",
        "P27_002": "3",
        "P27_003": "99999",
        "P27_004": "03132",
        "P27_005": "三木コミュニティスポーツセンター",
        "P27_006": "加佐572",
        "P27_007": 3,
        "P27_008": -99,
        "P27_009": 9999
      },
      "geometry": {
        "type": "Point",
        "coordinates": [
          134.98309199999997,
          34.809582000000034
        ]
      }
    },
    {
      "type": "Feature",
      "properties": {
        "P27_001": "28215",
        "P27_002": "3",
        "P27_003": "99999",
        "P27_004": "03120",
        "P27_005": "別所町公民館体育館",
        "P27_006": "別所町西這田1-10",
        "P27_007": 3,
        "P27_008": -99,
        "P27_009": 9999
      },
      "geometry": {
        "type": "Point",
        "coordinates": [
          134.95653999999996,
          34.79175999999999
        ]
      }
    },
    {
      "type": "Feature",
      "properties": {
        "P27_001": "28215",
        "P27_002": "3",
        "P27_003": "99999",
        "P27_004": "03120",
        "P27_005": "志染町公民館体育館",
        "P27_006": "志染町井上173",
        "P27_007": 3,
        "P27_008": -99,
        "P27_009": 9999
      },
      "geometry": {
        "type": "Point",
        "coordinates": [
          135.03467400000002,
          34.79749199999997
        ]
      }
    },
    {
      "type": "Feature",
      "properties": {
        "P27_001": "28215",
        "P27_002": "3",
        "P27_003": "99999",
        "P27_004": "03109",
        "P27_005": "志染町公民館体育館",
        "P27_006": "志染町井上173",
        "P27_007": 3,
        "P27_008": -99,
        "P27_009": 9999
      },
      "geometry": {
        "type": "Point",
        "coordinates": [
          135.03449600000002,
          34.797501999999994
        ]
      }
    },
    {
      "type": "Feature",
      "properties": {
        "P27_001": "28215",
        "P27_002": "3",
        "P27_003": "99999",
        "P27_004": "03109",
        "P27_005": "細川町公民館体育館",
        "P27_006": "細川町豊地55-1",
        "P27_007": 3,
        "P27_008": -99,
        "P27_009": 9999
      },
      "geometry": {
        "type": "Point",
        "coordinates": [
          135.025148,
          34.825065999999985
        ]
      }
    },
    {
      "type": "Feature",
      "properties": {
        "P27_001": "28215",
        "P27_002": "3",
        "P27_003": "99999",
        "P27_004": "03109",
        "P27_005": "口吉川町公民館体育館",
        "P27_006": "口吉川町殿畑144",
        "P27_007": 3,
        "P27_008": -99,
        "P27_009": 9999
      },
      "geometry": {
        "type": "Point",
        "coordinates": [
          135.06237299999998,
          34.856367000000006
        ]
      }
    },
    {
      "type": "Feature",
      "properties": {
        "P27_001": "28215",
        "P27_002": "3",
        "P27_003": "99999",
        "P27_004": "03109",
        "P27_005": "緑が丘町公民館体育館",
        "P27_006": "緑が丘町中3-38",
        "P27_007": 3,
        "P27_008": -99,
        "P27_009": 9999
      },
      "geometry": {
        "type": "Point",
        "coordinates": [
          135.03552699999997,
          34.77520299999998
        ]
      }
    },
    {
      "type": "Feature",
      "properties": {
        "P27_001": "28215",
        "P27_002": "3",
        "P27_003": "99999",
        "P27_004": "03129",
        "P27_005": "緑が丘町公民館体育館",
        "P27_006": "緑が丘町中3-38",
        "P27_007": 3,
        "P27_008": -99,
        "P27_009": 9999
      },
      "geometry": {
        "type": "Point",
        "coordinates": [
          135.035159,
          34.77518400000001
        ]
      }
    },
    {
      "type": "Feature",
      "properties": {
        "P27_001": "28215",
        "P27_002": "3",
        "P27_003": "99999",
        "P27_004": "03109",
        "P27_005": "自由が丘公民館体育館",
        "P27_006": "志染町西自由が丘1-595",
        "P27_007": 3,
        "P27_008": -99,
        "P27_009": 9999
      },
      "geometry": {
        "type": "Point",
        "coordinates": [
          135.01184600000002,
          34.783232000000034
        ]
      }
    },
    {
      "type": "Feature",
      "properties": {
        "P27_001": "28215",
        "P27_002": "3",
        "P27_003": "99999",
        "P27_004": "03129",
        "P27_005": "自由が丘公民館体育館",
        "P27_006": "志染町西自由が丘1-595",
        "P27_007": 3,
        "P27_008": -99,
        "P27_009": 9999
      },
      "geometry": {
        "type": "Point",
        "coordinates": [
          135.01170299999998,
          34.783281
        ]
      }
    },
    {
      "type": "Feature",
      "properties": {
        "P27_001": "28215",
        "P27_002": "3",
        "P27_003": "99999",
        "P27_004": "03109",
        "P27_005": "青山公民館体育館",
        "P27_006": "志染町青山3-15-2",
        "P27_007": 3,
        "P27_008": -99,
        "P27_009": 9999
      },
      "geometry": {
        "type": "Point",
        "coordinates": [
          135.03750800000003,
          34.77797000000004
        ]
      }
    },
    {
      "type": "Feature",
      "properties": {
        "P27_001": "28215",
        "P27_002": "3",
        "P27_003": "99999",
        "P27_004": "03115",
        "P27_005": "緑が丘スポーツ公園テニスコート",
        "P27_006": "緑が丘町西2-42",
        "P27_007": 3,
        "P27_008": -99,
        "P27_009": 9999
      },
      "geometry": {
        "type": "Point",
        "coordinates": [
          135.03238499999998,
          34.775121000000034
        ]
      }
    },
    {
      "type": "Feature",
      "properties": {
        "P27_001": "28216",
        "P27_002": "3",
        "P27_003": "99999",
        "P27_004": "03109",
        "P27_005": "総合体育館",
        "P27_006": "米田町島526",
        "P27_007": 4,
        "P27_008": -99,
        "P27_009": 9999
      },
      "geometry": {
        "type": "Point",
        "coordinates": [
          134.79846999999998,
          34.78234100000003
        ]
      }
    },
    {
      "type": "Feature",
      "properties": {
        "P27_001": "28216",
        "P27_002": "3",
        "P27_003": "99999",
        "P27_004": "03120",
        "P27_005": "総合体育館",
        "P27_006": "米田町島526",
        "P27_007": 4,
        "P27_008": -99,
        "P27_009": 9999
      },
      "geometry": {
        "type": "Point",
        "coordinates": [
          134.79845800000004,
          34.78215500000001
        ]
      }
    },
    {
      "type": "Feature",
      "properties": {
        "P27_001": "28216",
        "P27_002": "3",
        "P27_003": "99999",
        "P27_004": "03129",
        "P27_005": "総合体育館",
        "P27_006": "米田町島526",
        "P27_007": 4,
        "P27_008": -99,
        "P27_009": 9999
      },
      "geometry": {
        "type": "Point",
        "coordinates": [
          134.798447,
          34.781979000000014
        ]
      }
    },
    {
      "type": "Feature",
      "properties": {
        "P27_001": "28216",
        "P27_002": "3",
        "P27_003": "99999",
        "P27_004": "03115",
        "P27_005": "テニスコート",
        "P27_006": "米田町島527",
        "P27_007": 4,
        "P27_008": -99,
        "P27_009": 9999
      },
      "geometry": {
        "type": "Point",
        "coordinates": [
          134.79965499999997,
          34.77938599999996
        ]
      }
    },
    {
      "type": "Feature",
      "properties": {
        "P27_001": "28216",
        "P27_002": "3",
        "P27_003": "99999",
        "P27_004": "03102",
        "P27_005": "野球場",
        "P27_006": "米田町島528",
        "P27_007": 4,
        "P27_008": -99,
        "P27_009": 9999
      },
      "geometry": {
        "type": "Point",
        "coordinates": [
          134.79889900000003,
          34.780495999999964
        ]
      }
    },
    {
      "type": "Feature",
      "properties": {
        "P27_001": "28216",
        "P27_002": "3",
        "P27_003": "99999",
        "P27_004": "03101",
        "P27_005": "陸上競技場",
        "P27_006": "米田町島529",
        "P27_007": 4,
        "P27_008": -99,
        "P27_009": 9999
      },
      "geometry": {
        "type": "Point",
        "coordinates": [
          134.80027100000004,
          34.78200199999996
        ]
      }
    },
    {
      "type": "Feature",
      "properties": {
        "P27_001": "28216",
        "P27_002": "3",
        "P27_003": "99999",
        "P27_004": "03102",
        "P27_005": "サブグラウンド",
        "P27_006": "米田町島530",
        "P27_007": 4,
        "P27_008": -99,
        "P27_009": 9999
      },
      "geometry": {
        "type": "Point",
        "coordinates": [
          134.801405,
          34.78118299999996
        ]
      }
    },
    {
      "type": "Feature",
      "properties": {
        "P27_001": "28216",
        "P27_002": "3",
        "P27_003": "99999",
        "P27_004": "03103",
        "P27_005": "サブグラウンド",
        "P27_006": "米田町島530",
        "P27_007": 4,
        "P27_008": -99,
        "P27_009": 9999
      },
      "geometry": {
        "type": "Point",
        "coordinates": [
          134.80110800000003,
          34.78089099999996
        ]
      }
    },
    {
      "type": "Feature",
      "properties": {
        "P27_001": "28216",
        "P27_002": "3",
        "P27_003": "99999",
        "P27_004": "03118",
        "P27_005": "相撲場",
        "P27_006": "米田町島531",
        "P27_007": 4,
        "P27_008": -99,
        "P27_009": 9999
      },
      "geometry": {
        "type": "Point",
        "coordinates": [
          134.79809399999994,
          34.78139400000001
        ]
      }
    },
    {
      "type": "Feature",
      "properties": {
        "P27_001": "28216",
        "P27_002": "3",
        "P27_003": "99999",
        "P27_004": "03102",
        "P27_005": "グラウンド",
        "P27_006": "高砂町向島町1474-16",
        "P27_007": 3,
        "P27_008": -99,
        "P27_009": 9999
      },
      "geometry": {
        "type": "Point",
        "coordinates": [
          134.80396399999998,
          34.737334999999995
        ]
      }
    },
    {
      "type": "Feature",
      "properties": {
        "P27_001": "28216",
        "P27_002": "3",
        "P27_003": "99999",
        "P27_004": "03103",
        "P27_005": "グラウンド",
        "P27_006": "高砂町向島町1474-16",
        "P27_007": 3,
        "P27_008": -99,
        "P27_009": 9999
      },
      "geometry": {
        "type": "Point",
        "coordinates": [
          134.80407999999997,
          34.73656800000004
        ]
      }
    },
    {
      "type": "Feature",
      "properties": {
        "P27_001": "28216",
        "P27_002": "3",
        "P27_003": "99999",
        "P27_004": "03115",
        "P27_005": "テニスコート",
        "P27_006": "高砂町向島町1474-17",
        "P27_007": 3,
        "P27_008": -99,
        "P27_009": 9999
      },
      "geometry": {
        "type": "Point",
        "coordinates": [
          134.80327699999998,
          34.73673599999999
        ]
      }
    },
    {
      "type": "Feature",
      "properties": {
        "P27_001": "28216",
        "P27_002": "3",
        "P27_003": "99999",
        "P27_004": "03107",
        "P27_005": "高砂市民プール",
        "P27_006": "高砂町松波町440-3",
        "P27_007": 3,
        "P27_008": -99,
        "P27_009": 9999
      },
      "geometry": {
        "type": "Point",
        "coordinates": [
          134.794886,
          34.753735999999975
        ]
      }
    },
    {
      "type": "Feature",
      "properties": {
        "P27_001": "28217",
        "P27_002": "3",
        "P27_003": "99999",
        "P27_004": "03109",
        "P27_005": "総合体育館",
        "P27_006": "火打1-1-4",
        "P27_007": 3,
        "P27_008": -99,
        "P27_009": 9999
      },
      "geometry": {
        "type": "Point",
        "coordinates": [
          135.41835700000001,
          34.83426299999996
        ]
      }
    },
    {
      "type": "Feature",
      "properties": {
        "P27_001": "28217",
        "P27_002": "3",
        "P27_003": "99999",
        "P27_004": "03112",
        "P27_005": "総合体育館",
        "P27_006": "火打1-1-4",
        "P27_007": 3,
        "P27_008": -99,
        "P27_009": 9999
      },
      "geometry": {
        "type": "Point",
        "coordinates": [
          135.418476,
          34.83406799999999
        ]
      }
    },
    {
      "type": "Feature",
      "properties": {
        "P27_001": "28217",
        "P27_002": "3",
        "P27_003": "99999",
        "P27_004": "03129",
        "P27_005": "総合体育館",
        "P27_006": "火打1-1-4",
        "P27_007": 3,
        "P27_008": -99,
        "P27_009": 9999
      },
      "geometry": {
        "type": "Point",
        "coordinates": [
          135.41826199999997,
          34.83413600000002
        ]
      }
    },
    {
      "type": "Feature",
      "properties": {
        "P27_001": "28217",
        "P27_002": "3",
        "P27_003": "99999",
        "P27_004": "03146",
        "P27_005": "総合体育館",
        "P27_006": "火打1-1-4",
        "P27_007": 3,
        "P27_008": -99,
        "P27_009": 9999
      },
      "geometry": {
        "type": "Point",
        "coordinates": [
          135.418285,
          34.833960000000026
        ]
      }
    },
    {
      "type": "Feature",
      "properties": {
        "P27_001": "28217",
        "P27_002": "3",
        "P27_003": "99999",
        "P27_004": "03121",
        "P27_005": "弓道場",
        "P27_006": "火打1-1-5",
        "P27_007": 3,
        "P27_008": -99,
        "P27_009": 9999
      },
      "geometry": {
        "type": "Point",
        "coordinates": [
          135.41830099999999,
          34.83341800000003
        ]
      }
    },
    {
      "type": "Feature",
      "properties": {
        "P27_001": "28217",
        "P27_002": "3",
        "P27_003": "99999",
        "P27_004": "03105",
        "P27_005": "市民温水プール",
        "P27_006": "火打1-3-3",
        "P27_007": 3,
        "P27_008": -99,
        "P27_009": 9999
      },
      "geometry": {
        "type": "Point",
        "coordinates": [
          135.415991,
          34.83313499999998
        ]
      }
    },
    {
      "type": "Feature",
      "properties": {
        "P27_001": "28217",
        "P27_002": "3",
        "P27_003": "99999",
        "P27_004": "03101",
        "P27_005": "市民体育館",
        "P27_006": "向陽台1-11-1",
        "P27_007": 3,
        "P27_008": -99,
        "P27_009": 9999
      },
      "geometry": {
        "type": "Point",
        "coordinates": [
          135.41175899999996,
          34.87425300000002
        ]
      }
    },
    {
      "type": "Feature",
      "properties": {
        "P27_001": "28217",
        "P27_002": "3",
        "P27_003": "99999",
        "P27_004": "03112",
        "P27_005": "市民体育館",
        "P27_006": "向陽台1-11-1",
        "P27_007": 3,
        "P27_008": -99,
        "P27_009": 9999
      },
      "geometry": {
        "type": "Point",
        "coordinates": [
          135.41156899999996,
          34.87440900000004
        ]
      }
    },
    {
      "type": "Feature",
      "properties": {
        "P27_001": "28217",
        "P27_002": "3",
        "P27_003": "99999",
        "P27_004": "03115",
        "P27_005": "市民運動場",
        "P27_006": "向陽台1-11-2",
        "P27_007": 3,
        "P27_008": -99,
        "P27_009": 9999
      },
      "geometry": {
        "type": "Point",
        "coordinates": [
          135.41314699999998,
          34.87525099999999
        ]
      }
    },
    {
      "type": "Feature",
      "properties": {
        "P27_001": "28217",
        "P27_002": "3",
        "P27_003": "99999",
        "P27_004": "03102",
        "P27_005": "市民運動場",
        "P27_006": "向陽台1-11-2",
        "P27_007": 3,
        "P27_008": -99,
        "P27_009": 9999
      },
      "geometry": {
        "type": "Point",
        "coordinates": [
          135.41243399999996,
          34.87489999999999
        ]
      }
    },
    {
      "type": "Feature",
      "properties": {
        "P27_001": "28217",
        "P27_002": "3",
        "P27_003": "99999",
        "P27_004": "03103",
        "P27_005": "市民運動場",
        "P27_006": "向陽台1-11-2",
        "P27_007": 3,
        "P27_008": -99,
        "P27_009": 9999
      },
      "geometry": {
        "type": "Point",
        "coordinates": [
          135.41327699999997,
          34.87464600000003
        ]
      }
    },
    {
      "type": "Feature",
      "properties": {
        "P27_001": "28217",
        "P27_002": "3",
        "P27_003": "99999",
        "P27_004": "03115",
        "P27_005": "東久代運動公園",
        "P27_006": "東久代1-14",
        "P27_007": 3,
        "P27_008": -99,
        "P27_009": 9999
      },
      "geometry": {
        "type": "Point",
        "coordinates": [
          135.42140399999997,
          34.80530000000003
        ]
      }
    },
    {
      "type": "Feature",
      "properties": {
        "P27_001": "28217",
        "P27_002": "3",
        "P27_003": "99999",
        "P27_004": "03102",
        "P27_005": "東久代運動公園",
        "P27_006": "東久代1-14",
        "P27_007": 3,
        "P27_008": -99,
        "P27_009": 9999
      },
      "geometry": {
        "type": "Point",
        "coordinates": [
          135.421749,
          34.80433400000004
        ]
      }
    },
    {
      "type": "Feature",
      "properties": {
        "P27_001": "28217",
        "P27_002": "3",
        "P27_003": "99999",
        "P27_004": "03103",
        "P27_005": "東久代運動公園",
        "P27_006": "東久代1-14",
        "P27_007": 3,
        "P27_008": -99,
        "P27_009": 9999
      },
      "geometry": {
        "type": "Point",
        "coordinates": [
          135.422011,
          34.80367099999999
        ]
      }
    },
    {
      "type": "Feature",
      "properties": {
        "P27_001": "28218",
        "P27_002": "3",
        "P27_003": "99999",
        "P27_004": "03109",
        "P27_005": "小野市総合体育館（アルゴ）",
        "P27_006": "王子町917-1",
        "P27_007": 3,
        "P27_008": -99,
        "P27_009": 9999
      },
      "geometry": {
        "type": "Point",
        "coordinates": [
          134.93766899999997,
          34.85562499999998
        ]
      }
    },
    {
      "type": "Feature",
      "properties": {
        "P27_001": "28218",
        "P27_002": "3",
        "P27_003": "99999",
        "P27_004": "03132",
        "P27_005": "小野市総合体育館（アルゴ）",
        "P27_006": "王子町917-1",
        "P27_007": 3,
        "P27_008": -99,
        "P27_009": 9999
      },
      "geometry": {
        "type": "Point",
        "coordinates": [
          134.93764500000003,
          34.85537100000002
        ]
      }
    },
    {
      "type": "Feature",
      "properties": {
        "P27_001": "28218",
        "P27_002": "3",
        "P27_003": "99999",
        "P27_004": "03129",
        "P27_005": "小野市総合体育館（アルゴ）",
        "P27_006": "王子町917-1",
        "P27_007": 3,
        "P27_008": -99,
        "P27_009": 9999
      },
      "geometry": {
        "type": "Point",
        "coordinates": [
          134.93769300000002,
          34.855507999999986
        ]
      }
    },
    {
      "type": "Feature",
      "properties": {
        "P27_001": "28218",
        "P27_002": "3",
        "P27_003": "99999",
        "P27_004": "03113",
        "P27_005": "小野市総合体育館（アルゴ）",
        "P27_006": "王子町917-1",
        "P27_007": 3,
        "P27_008": -99,
        "P27_009": 9999
      },
      "geometry": {
        "type": "Point",
        "coordinates": [
          134.93774,
          34.85522500000002
        ]
      }
    },
    {
      "type": "Feature",
      "properties": {
        "P27_001": "28218",
        "P27_002": "3",
        "P27_003": "99999",
        "P27_004": "03120",
        "P27_005": "小野市総合体育館（アルゴ）",
        "P27_006": "王子町917-1",
        "P27_007": 3,
        "P27_008": -99,
        "P27_009": 9999
      },
      "geometry": {
        "type": "Point",
        "coordinates": [
          134.93755,
          34.855682999999985
        ]
      }
    },
    {
      "type": "Feature",
      "properties": {
        "P27_001": "28218",
        "P27_002": "3",
        "P27_003": "99999",
        "P27_004": "03111",
        "P27_005": "小野市総合体育館（アルゴ）",
        "P27_006": "王子町917-1",
        "P27_007": 3,
        "P27_008": -99,
        "P27_009": 9999
      },
      "geometry": {
        "type": "Point",
        "coordinates": [
          134.93779999999998,
          34.85539099999998
        ]
      }
    },
    {
      "type": "Feature",
      "properties": {
        "P27_001": "28218",
        "P27_002": "3",
        "P27_003": "99999",
        "P27_004": "03109",
        "P27_005": "小野市匠台公園体育館（おのアクト）",
        "P27_006": "匠台77",
        "P27_007": 3,
        "P27_008": -99,
        "P27_009": 9999
      },
      "geometry": {
        "type": "Point",
        "coordinates": [
          134.974495,
          34.82427799999998
        ]
      }
    },
    {
      "type": "Feature",
      "properties": {
        "P27_001": "28218",
        "P27_002": "3",
        "P27_003": "99999",
        "P27_004": "03132",
        "P27_005": "小野市匠台公園体育館（おのアクト）",
        "P27_006": "匠台77",
        "P27_007": 3,
        "P27_008": -99,
        "P27_009": 9999
      },
      "geometry": {
        "type": "Point",
        "coordinates": [
          134.974483,
          34.82415100000004
        ]
      }
    },
    {
      "type": "Feature",
      "properties": {
        "P27_001": "28218",
        "P27_002": "3",
        "P27_003": "99999",
        "P27_004": "03129",
        "P27_005": "小野市匠台公園体育館（おのアクト）",
        "P27_006": "匠台77",
        "P27_007": 3,
        "P27_008": -99,
        "P27_009": 9999
      },
      "geometry": {
        "type": "Point",
        "coordinates": [
          134.97450700000002,
          34.82405300000001
        ]
      }
    },
    {
      "type": "Feature",
      "properties": {
        "P27_001": "28218",
        "P27_002": "3",
        "P27_003": "99999",
        "P27_004": "03115",
        "P27_005": "大池総合公園",
        "P27_006": "王子町917-1",
        "P27_007": 3,
        "P27_008": -99,
        "P27_009": 9999
      },
      "geometry": {
        "type": "Point",
        "coordinates": [
          134.935471,
          34.85409399999996
        ]
      }
    },
    {
      "type": "Feature",
      "properties": {
        "P27_001": "28218",
        "P27_002": "3",
        "P27_003": "99999",
        "P27_004": "03102",
        "P27_005": "大池総合公園",
        "P27_006": "王子町917-1",
        "P27_007": 3,
        "P27_008": -99,
        "P27_009": 9999
      },
      "geometry": {
        "type": "Point",
        "coordinates": [
          134.93711000000002,
          34.854590999999964
        ]
      }
    },
    {
      "type": "Feature",
      "properties": {
        "P27_001": "28218",
        "P27_002": "3",
        "P27_003": "99999",
        "P27_004": "03103",
        "P27_005": "大池総合公園",
        "P27_006": "王子町917-1",
        "P27_007": 3,
        "P27_008": -99,
        "P27_009": 9999
      },
      "geometry": {
        "type": "Point",
        "coordinates": [
          134.93656400000003,
          34.85385999999996
        ]
      }
    },
    {
      "type": "Feature",
      "properties": {
        "P27_001": "28218",
        "P27_002": "3",
        "P27_003": "99999",
        "P27_004": "03102",
        "P27_005": "榊公園野球場",
        "P27_006": "匠台37",
        "P27_007": 3,
        "P27_008": -99,
        "P27_009": 9999
      },
      "geometry": {
        "type": "Point",
        "coordinates": [
          134.98233500000003,
          34.830274000000045
        ]
      }
    },
    {
      "type": "Feature",
      "properties": {
        "P27_001": "28218",
        "P27_002": "3",
        "P27_003": "99999",
        "P27_004": "03115",
        "P27_005": "河合運動広場",
        "P27_006": "河合中町48-2",
        "P27_007": 3,
        "P27_008": -99,
        "P27_009": 9999
      },
      "geometry": {
        "type": "Point",
        "coordinates": [
          134.93256000000002,
          34.889376000000034
        ]
      }
    },
    {
      "type": "Feature",
      "properties": {
        "P27_001": "28218",
        "P27_002": "3",
        "P27_003": "99999",
        "P27_004": "03102",
        "P27_005": "河合運動広場",
        "P27_006": "河合中町48-2",
        "P27_007": 3,
        "P27_008": -99,
        "P27_009": 9999
      },
      "geometry": {
        "type": "Point",
        "coordinates": [
          134.93315999999993,
          34.89014599999997
        ]
      }
    },
    {
      "type": "Feature",
      "properties": {
        "P27_001": "28218",
        "P27_002": "3",
        "P27_003": "99999",
        "P27_004": "03102",
        "P27_005": "浄谷野球場",
        "P27_006": "浄谷町2230-1",
        "P27_007": 3,
        "P27_008": -99,
        "P27_009": 9999
      },
      "geometry": {
        "type": "Point",
        "coordinates": [
          134.96418700000004,
          34.85539800000003
        ]
      }
    },
    {
      "type": "Feature",
      "properties": {
        "P27_001": "28218",
        "P27_002": "3",
        "P27_003": "99999",
        "P27_004": "03115",
        "P27_005": "小野クリーンセンタースポーツ公園テニスコート",
        "P27_006": "天神町538-1",
        "P27_007": 3,
        "P27_008": -99,
        "P27_009": 9999
      },
      "geometry": {
        "type": "Point",
        "coordinates": [
          134.96409900000003,
          34.84358199999999
        ]
      }
    },
    {
      "type": "Feature",
      "properties": {
        "P27_001": "28219",
        "P27_002": "3",
        "P27_003": "99999",
        "P27_004": "03102",
        "P27_005": "城山公園",
        "P27_006": "三輪1314",
        "P27_007": 3,
        "P27_008": -99,
        "P27_009": 9999
      },
      "geometry": {
        "type": "Point",
        "coordinates": [
          135.23007699999994,
          34.898588999999994
        ]
      }
    },
    {
      "type": "Feature",
      "properties": {
        "P27_001": "28219",
        "P27_002": "3",
        "P27_003": "99999",
        "P27_004": "03115",
        "P27_005": "城山公園",
        "P27_006": "三輪1314",
        "P27_007": 3,
        "P27_008": -99,
        "P27_009": 9999
      },
      "geometry": {
        "type": "Point",
        "coordinates": [
          135.22748599999997,
          34.899455999999965
        ]
      }
    },
    {
      "type": "Feature",
      "properties": {
        "P27_001": "28219",
        "P27_002": "3",
        "P27_003": "99999",
        "P27_004": "03109",
        "P27_005": "城山公園",
        "P27_006": "三輪1314",
        "P27_007": 3,
        "P27_008": -99,
        "P27_009": 9999
      },
      "geometry": {
        "type": "Point",
        "coordinates": [
          135.22956600000003,
          34.90085999999996
        ]
      }
    },
    {
      "type": "Feature",
      "properties": {
        "P27_001": "28219",
        "P27_002": "3",
        "P27_003": "99999",
        "P27_004": "03102",
        "P27_005": "駒ケ谷運動公園",
        "P27_006": "ゆりのき台1-44",
        "P27_007": 3,
        "P27_008": -99,
        "P27_009": 9999
      },
      "geometry": {
        "type": "Point",
        "coordinates": [
          135.181041,
          34.910383999999986
        ]
      }
    },
    {
      "type": "Feature",
      "properties": {
        "P27_001": "28219",
        "P27_002": "3",
        "P27_003": "99999",
        "P27_004": "03115",
        "P27_005": "駒ケ谷運動公園",
        "P27_006": "ゆりのき台1-44",
        "P27_007": 3,
        "P27_008": -99,
        "P27_009": 9999
      },
      "geometry": {
        "type": "Point",
        "coordinates": [
          135.17961500000004,
          34.91036500000001
        ]
      }
    },
    {
      "type": "Feature",
      "properties": {
        "P27_001": "28219",
        "P27_002": "3",
        "P27_003": "99999",
        "P27_004": "03109",
        "P27_005": "駒ケ谷運動公園",
        "P27_006": "ゆりのき台1-44",
        "P27_007": 3,
        "P27_008": -99,
        "P27_009": 9999
      },
      "geometry": {
        "type": "Point",
        "coordinates": [
          135.17954300000002,
          34.91115400000002
        ]
      }
    },
    {
      "type": "Feature",
      "properties": {
        "P27_001": "28219",
        "P27_002": "3",
        "P27_003": "99999",
        "P27_004": "03102",
        "P27_005": "三田谷公園",
        "P27_006": "武庫が丘3-3836",
        "P27_007": 3,
        "P27_008": -99,
        "P27_009": 9999
      },
      "geometry": {
        "type": "Point",
        "coordinates": [
          135.210943,
          34.88375999999997
        ]
      }
    },
    {
      "type": "Feature",
      "properties": {
        "P27_001": "28219",
        "P27_002": "3",
        "P27_003": "99999",
        "P27_004": "03115",
        "P27_005": "三田谷公園",
        "P27_006": "武庫が丘3-3836",
        "P27_007": 3,
        "P27_008": -99,
        "P27_009": 9999
      },
      "geometry": {
        "type": "Point",
        "coordinates": [
          135.210503,
          34.88463799999996
        ]
      }
    },
    {
      "type": "Feature",
      "properties": {
        "P27_001": "28219",
        "P27_002": "3",
        "P27_003": "99999",
        "P27_004": "03102",
        "P27_005": "中央公園",
        "P27_006": "けやき台2-3",
        "P27_007": 3,
        "P27_008": -99,
        "P27_009": 9999
      },
      "geometry": {
        "type": "Point",
        "coordinates": [
          135.19276700000003,
          34.90628700000002
        ]
      }
    },
    {
      "type": "Feature",
      "properties": {
        "P27_001": "28219",
        "P27_002": "3",
        "P27_003": "99999",
        "P27_004": "03115",
        "P27_005": "中央公園",
        "P27_006": "けやき台2-3",
        "P27_007": 3,
        "P27_008": -99,
        "P27_009": 9999
      },
      "geometry": {
        "type": "Point",
        "coordinates": [
          135.19213699999995,
          34.90684200000002
        ]
      }
    },
    {
      "type": "Feature",
      "properties": {
        "P27_001": "28219",
        "P27_002": "3",
        "P27_003": "99999",
        "P27_004": "03115",
        "P27_005": "下青野公園",
        "P27_006": "下青野376",
        "P27_007": 3,
        "P27_008": -99,
        "P27_009": 9999
      },
      "geometry": {
        "type": "Point",
        "coordinates": [
          135.20328900000004,
          34.95914500000003
        ]
      }
    },
    {
      "type": "Feature",
      "properties": {
        "P27_001": "28219",
        "P27_002": "3",
        "P27_003": "99999",
        "P27_004": "03102",
        "P27_005": "学園東公園",
        "P27_006": "学園3-3",
        "P27_007": 3,
        "P27_008": -99,
        "P27_009": 9999
      },
      "geometry": {
        "type": "Point",
        "coordinates": [
          135.16685099999998,
          34.91294099999999
        ]
      }
    },
    {
      "type": "Feature",
      "properties": {
        "P27_001": "28219",
        "P27_002": "3",
        "P27_003": "99999",
        "P27_004": "03103",
        "P27_005": "学園東公園",
        "P27_006": "学園3-3",
        "P27_007": 3,
        "P27_008": -99,
        "P27_009": 9999
      },
      "geometry": {
        "type": "Point",
        "coordinates": [
          135.166673,
          34.91257999999996
        ]
      }
    },
    {
      "type": "Feature",
      "properties": {
        "P27_001": "28219",
        "P27_002": "3",
        "P27_003": "99999",
        "P27_004": "03102",
        "P27_005": "小野公園",
        "P27_006": "小野81-2",
        "P27_007": 3,
        "P27_008": -99,
        "P27_009": 9999
      },
      "geometry": {
        "type": "Point",
        "coordinates": [
          135.23498199999997,
          34.945617999999996
        ]
      }
    },
    {
      "type": "Feature",
      "properties": {
        "P27_001": "28219",
        "P27_002": "3",
        "P27_003": "99999",
        "P27_004": "03103",
        "P27_005": "小野公園",
        "P27_006": "小野81-2",
        "P27_007": 3,
        "P27_008": -99,
        "P27_009": 9999
      },
      "geometry": {
        "type": "Point",
        "coordinates": [
          135.23533900000004,
          34.94488799999999
        ]
      }
    },
    {
      "type": "Feature",
      "properties": {
        "P27_001": "28219",
        "P27_002": "3",
        "P27_003": "99999",
        "P27_004": "03103",
        "P27_005": "平谷グラウンド",
        "P27_006": "あかしあ台2-19-1",
        "P27_007": 3,
        "P27_008": -99,
        "P27_009": 9999
      },
      "geometry": {
        "type": "Point",
        "coordinates": [
          135.17905699999997,
          34.903328999999964
        ]
      }
    },
    {
      "type": "Feature",
      "properties": {
        "P27_001": "28219",
        "P27_002": "3",
        "P27_003": "99999",
        "P27_004": "03102",
        "P27_005": "テクノ公園",
        "P27_006": "テクノパーク3-1",
        "P27_007": 3,
        "P27_008": -99,
        "P27_009": 9999
      },
      "geometry": {
        "type": "Point",
        "coordinates": [
          135.170866,
          34.931470000000004
        ]
      }
    },
    {
      "type": "Feature",
      "properties": {
        "P27_001": "28219",
        "P27_002": "3",
        "P27_003": "99999",
        "P27_004": "03103",
        "P27_005": "テクノ公園",
        "P27_006": "テクノパーク3-1",
        "P27_007": 3,
        "P27_008": -99,
        "P27_009": 9999
      },
      "geometry": {
        "type": "Point",
        "coordinates": [
          135.17063999999996,
          34.93102199999997
        ]
      }
    },
    {
      "type": "Feature",
      "properties": {
        "P27_001": "28219",
        "P27_002": "3",
        "P27_003": "99999",
        "P27_004": "03109",
        "P27_005": "三田勤労者体育センター",
        "P27_006": "四ツ辻1424-1",
        "P27_007": 3,
        "P27_008": -99,
        "P27_009": 9999
      },
      "geometry": {
        "type": "Point",
        "coordinates": [
          135.16694999999999,
          34.947045000000024
        ]
      }
    },
    {
      "type": "Feature",
      "properties": {
        "P27_001": "28219",
        "P27_002": "3",
        "P27_003": "99999",
        "P27_004": "03107",
        "P27_005": "ふれあいと創造の里",
        "P27_006": "四ツ辻1424-1",
        "P27_007": 3,
        "P27_008": -99,
        "P27_009": 9999
      },
      "geometry": {
        "type": "Point",
        "coordinates": [
          135.16660499999998,
          34.946577000000026
        ]
      }
    },
    {
      "type": "Feature",
      "properties": {
        "P27_001": "28219",
        "P27_002": "3",
        "P27_003": "99999",
        "P27_004": "03104",
        "P27_005": "ふれあいと創造の里",
        "P27_006": "四ツ辻1424-1",
        "P27_007": 3,
        "P27_008": -99,
        "P27_009": 9999
      },
      "geometry": {
        "type": "Point",
        "coordinates": [
          135.16717600000004,
          34.94538899999996
        ]
      }
    },
    {
      "type": "Feature",
      "properties": {
        "P27_001": "28219",
        "P27_002": "3",
        "P27_003": "99999",
        "P27_004": "03112",
        "P27_005": "三田市心道会館",
        "P27_006": "三田町19-33",
        "P27_007": 3,
        "P27_008": -99,
        "P27_009": 9999
      },
      "geometry": {
        "type": "Point",
        "coordinates": [
          135.225773,
          34.88405199999997
        ]
      }
    },
    {
      "type": "Feature",
      "properties": {
        "P27_001": "28220",
        "P27_002": "3",
        "P27_003": "99999",
        "P27_004": "03102",
        "P27_005": "加西市民グラウンド",
        "P27_006": "北条町西高室592-1",
        "P27_007": 3,
        "P27_008": -99,
        "P27_009": 9999
      },
      "geometry": {
        "type": "Point",
        "coordinates": [
          134.83657199999996,
          34.923626999999975
        ]
      }
    },
    {
      "type": "Feature",
      "properties": {
        "P27_001": "28220",
        "P27_002": "3",
        "P27_003": "99999",
        "P27_004": "03103",
        "P27_005": "加西市民グラウンド",
        "P27_006": "北条町西高室592-1",
        "P27_007": 3,
        "P27_008": -99,
        "P27_009": 9999
      },
      "geometry": {
        "type": "Point",
        "coordinates": [
          134.836537,
          34.923403
        ]
      }
    },
    {
      "type": "Feature",
      "properties": {
        "P27_001": "28220",
        "P27_002": "3",
        "P27_003": "99999",
        "P27_004": "03138",
        "P27_005": "加西市民グラウンド",
        "P27_006": "北条町西高室592-1",
        "P27_007": 3,
        "P27_008": -99,
        "P27_009": 9999
      },
      "geometry": {
        "type": "Point",
        "coordinates": [
          134.836287,
          34.92249600000001
        ]
      }
    },
    {
      "type": "Feature",
      "properties": {
        "P27_001": "28220",
        "P27_002": "3",
        "P27_003": "99999",
        "P27_004": "03115",
        "P27_005": "加西南テニスコート（加西南産業団地内）",
        "P27_006": "網引町2001-15",
        "P27_007": 3,
        "P27_008": -99,
        "P27_009": 9999
      },
      "geometry": {
        "type": "Point",
        "coordinates": [
          134.87864399999998,
          34.85801700000001
        ]
      }
    },
    {
      "type": "Feature",
      "properties": {
        "P27_001": "28220",
        "P27_002": "3",
        "P27_003": "99999",
        "P27_004": "03138",
        "P27_005": "加西南テニスコート（加西南産業団地内）",
        "P27_006": "網引町2001-15",
        "P27_007": 3,
        "P27_008": -99,
        "P27_009": 9999
      },
      "geometry": {
        "type": "Point",
        "coordinates": [
          134.87845399999998,
          34.857275999999985
        ]
      }
    },
    {
      "type": "Feature",
      "properties": {
        "P27_001": "28220",
        "P27_002": "3",
        "P27_003": "99999",
        "P27_004": "03104",
        "P27_005": "加西南テニスコート（加西南産業団地内）",
        "P27_006": "網引町2001-15",
        "P27_007": 3,
        "P27_008": -99,
        "P27_009": 9999
      },
      "geometry": {
        "type": "Point",
        "coordinates": [
          134.877313,
          34.853766
        ]
      }
    },
    {
      "type": "Feature",
      "properties": {
        "P27_001": "28220",
        "P27_002": "3",
        "P27_003": "99999",
        "P27_004": "03138",
        "P27_005": "すぱーく加西（屋内ゲートボール場）",
        "P27_006": "北条町北条1320-1",
        "P27_007": 3,
        "P27_008": -99,
        "P27_009": 9999
      },
      "geometry": {
        "type": "Point",
        "coordinates": [
          134.830208,
          34.93573300000003
        ]
      }
    },
    {
      "type": "Feature",
      "properties": {
        "P27_001": "28220",
        "P27_002": "3",
        "P27_003": "99999",
        "P27_004": "03103",
        "P27_005": "アクアスかさい（グリーンスポーツ広場）",
        "P27_006": "西上野町17",
        "P27_007": 3,
        "P27_008": -99,
        "P27_009": 9999
      },
      "geometry": {
        "type": "Point",
        "coordinates": [
          134.82390800000002,
          34.93579899999998
        ]
      }
    },
    {
      "type": "Feature",
      "properties": {
        "P27_001": "28220",
        "P27_002": "3",
        "P27_003": "99999",
        "P27_004": "03115",
        "P27_005": "勤労者体育センター／加西テニスコート",
        "P27_006": "玉野町1124",
        "P27_007": 3,
        "P27_008": -99,
        "P27_009": 9999
      },
      "geometry": {
        "type": "Point",
        "coordinates": [
          134.85406099999997,
          34.92626999999999
        ]
      }
    },
    {
      "type": "Feature",
      "properties": {
        "P27_001": "28220",
        "P27_002": "3",
        "P27_003": "99999",
        "P27_004": "03102",
        "P27_005": "加西球場",
        "P27_006": "玉野町1126-1",
        "P27_007": 3,
        "P27_008": -99,
        "P27_009": 9999
      },
      "geometry": {
        "type": "Point",
        "coordinates": [
          134.856925,
          34.923604000000026
        ]
      }
    },
    {
      "type": "Feature",
      "properties": {
        "P27_001": "28221",
        "P27_002": "3",
        "P27_003": "99999",
        "P27_004": "03115",
        "P27_005": "篠山総合スポーツセンター",
        "P27_006": "郡家451-4",
        "P27_007": 3,
        "P27_008": -99,
        "P27_009": 9999
      },
      "geometry": {
        "type": "Point",
        "coordinates": [
          135.206102,
          35.081749
        ]
      }
    },
    {
      "type": "Feature",
      "properties": {
        "P27_001": "28222",
        "P27_002": "3",
        "P27_003": "99999",
        "P27_004": "03109",
        "P27_005": "養父市立全天候運動場",
        "P27_006": "八鹿町国木697-1",
        "P27_007": 3,
        "P27_008": -99,
        "P27_009": 9999
      },
      "geometry": {
        "type": "Point",
        "coordinates": [
          134.74333600000003,
          35.40199299999999
        ]
      }
    },
    {
      "type": "Feature",
      "properties": {
        "P27_001": "28222",
        "P27_002": "3",
        "P27_003": "99999",
        "P27_004": "03138",
        "P27_005": "養父市立全天候運動場",
        "P27_006": "八鹿町国木697-1",
        "P27_007": 3,
        "P27_008": -99,
        "P27_009": 9999
      },
      "geometry": {
        "type": "Point",
        "coordinates": [
          134.743074,
          35.40189599999996
        ]
      }
    },
    {
      "type": "Feature",
      "properties": {
        "P27_001": "28222",
        "P27_002": "3",
        "P27_003": "99999",
        "P27_004": "03109",
        "P27_005": "つるぎが丘公園",
        "P27_006": "八鹿町小山291-1",
        "P27_007": 3,
        "P27_008": -99,
        "P27_009": 9999
      },
      "geometry": {
        "type": "Point",
        "coordinates": [
          134.75328399999995,
          35.39871500000002
        ]
      }
    },
    {
      "type": "Feature",
      "properties": {
        "P27_001": "28222",
        "P27_002": "3",
        "P27_003": "99999",
        "P27_004": "03115",
        "P27_005": "つるぎが丘公園",
        "P27_006": "八鹿町小山291-1",
        "P27_007": 3,
        "P27_008": -99,
        "P27_009": 9999
      },
      "geometry": {
        "type": "Point",
        "coordinates": [
          134.75241699999998,
          35.39889000000002
        ]
      }
    },
    {
      "type": "Feature",
      "properties": {
        "P27_001": "28222",
        "P27_002": "3",
        "P27_003": "99999",
        "P27_004": "03129",
        "P27_005": "つるぎが丘公園",
        "P27_006": "八鹿町小山291-1",
        "P27_007": 3,
        "P27_008": -99,
        "P27_009": 9999
      },
      "geometry": {
        "type": "Point",
        "coordinates": [
          134.753177,
          35.398803000000015
        ]
      }
    },
    {
      "type": "Feature",
      "properties": {
        "P27_001": "28222",
        "P27_002": "3",
        "P27_003": "99999",
        "P27_004": "03105",
        "P27_005": "つるぎが丘公園",
        "P27_006": "八鹿町小山291-1",
        "P27_007": 3,
        "P27_008": -99,
        "P27_009": 9999
      },
      "geometry": {
        "type": "Point",
        "coordinates": [
          134.753451,
          35.398696000000044
        ]
      }
    },
    {
      "type": "Feature",
      "properties": {
        "P27_001": "28222",
        "P27_002": "3",
        "P27_003": "99999",
        "P27_004": "03109",
        "P27_005": "おおやスポーツセンター",
        "P27_006": "大屋町大屋市場975",
        "P27_007": 3,
        "P27_008": -99,
        "P27_009": 9999
      },
      "geometry": {
        "type": "Point",
        "coordinates": [
          134.673924,
          35.324113
        ]
      }
    },
    {
      "type": "Feature",
      "properties": {
        "P27_001": "28222",
        "P27_002": "3",
        "P27_003": "99999",
        "P27_004": "03115",
        "P27_005": "おおやスポーツセンター",
        "P27_006": "大屋町大屋市場975",
        "P27_007": 3,
        "P27_008": -99,
        "P27_009": 9999
      },
      "geometry": {
        "type": "Point",
        "coordinates": [
          134.67410199999998,
          35.32448099999998
        ]
      }
    },
    {
      "type": "Feature",
      "properties": {
        "P27_001": "28222",
        "P27_002": "3",
        "P27_003": "99999",
        "P27_004": "03102",
        "P27_005": "おおやスポーツセンター",
        "P27_006": "大屋町大屋市場975",
        "P27_007": 3,
        "P27_008": -99,
        "P27_009": 9999
      },
      "geometry": {
        "type": "Point",
        "coordinates": [
          134.674946,
          35.324015999999965
        ]
      }
    },
    {
      "type": "Feature",
      "properties": {
        "P27_001": "28222",
        "P27_002": "3",
        "P27_003": "99999",
        "P27_004": "03109",
        "P27_005": "八鹿体育館",
        "P27_006": "八鹿町八鹿1809-5",
        "P27_007": 3,
        "P27_008": -99,
        "P27_009": 9999
      },
      "geometry": {
        "type": "Point",
        "coordinates": [
          134.771049,
          35.404506
        ]
      }
    },
    {
      "type": "Feature",
      "properties": {
        "P27_001": "28222",
        "P27_002": "3",
        "P27_003": "99999",
        "P27_004": "03109",
        "P27_005": "ようか武道館",
        "P27_006": "八鹿町八鹿1809-5",
        "P27_007": 3,
        "P27_008": -99,
        "P27_009": 9999
      },
      "geometry": {
        "type": "Point",
        "coordinates": [
          134.77074599999997,
          35.404560000000025
        ]
      }
    },
    {
      "type": "Feature",
      "properties": {
        "P27_001": "28222",
        "P27_002": "3",
        "P27_003": "99999",
        "P27_004": "03109",
        "P27_005": "養父体育館",
        "P27_006": "広谷250",
        "P27_007": 3,
        "P27_008": -99,
        "P27_009": 9999
      },
      "geometry": {
        "type": "Point",
        "coordinates": [
          134.77597000000003,
          35.379281
        ]
      }
    },
    {
      "type": "Feature",
      "properties": {
        "P27_001": "28222",
        "P27_002": "3",
        "P27_003": "99999",
        "P27_004": "03109",
        "P27_005": "あけのべ自然学校",
        "P27_006": "大屋町明延1184",
        "P27_007": 3,
        "P27_008": -99,
        "P27_009": 9999
      },
      "geometry": {
        "type": "Point",
        "coordinates": [
          134.66426999999996,
          35.27518200000001
        ]
      }
    },
    {
      "type": "Feature",
      "properties": {
        "P27_001": "28222",
        "P27_002": "3",
        "P27_003": "99999",
        "P27_004": "03112",
        "P27_005": "あけのべ自然学校",
        "P27_006": "大屋町明延1184",
        "P27_007": 3,
        "P27_008": -99,
        "P27_009": 9999
      },
      "geometry": {
        "type": "Point",
        "coordinates": [
          134.663842,
          35.27547400000001
        ]
      }
    },
    {
      "type": "Feature",
      "properties": {
        "P27_001": "28222",
        "P27_002": "3",
        "P27_003": "99999",
        "P27_004": "03109",
        "P27_005": "農林漁業者等健康増進施設（関宮体育館）",
        "P27_006": "関宮630",
        "P27_007": 3,
        "P27_008": -99,
        "P27_009": 9999
      },
      "geometry": {
        "type": "Point",
        "coordinates": [
          134.64392,
          35.375563000000035
        ]
      }
    },
    {
      "type": "Feature",
      "properties": {
        "P27_001": "28222",
        "P27_002": "3",
        "P27_003": "99999",
        "P27_004": "03104",
        "P27_005": "関宮農村広場",
        "P27_006": "関宮170",
        "P27_007": 3,
        "P27_008": -99,
        "P27_009": 9999
      },
      "geometry": {
        "type": "Point",
        "coordinates": [
          134.645991,
          35.37219399999999
        ]
      }
    },
    {
      "type": "Feature",
      "properties": {
        "P27_001": "28222",
        "P27_002": "3",
        "P27_003": "99999",
        "P27_004": "03109",
        "P27_005": "葛畑体育館",
        "P27_006": "葛畑1367",
        "P27_007": 3,
        "P27_008": -99,
        "P27_009": 9999
      },
      "geometry": {
        "type": "Point",
        "coordinates": [
          134.58513500000004,
          35.37659599999998
        ]
      }
    },
    {
      "type": "Feature",
      "properties": {
        "P27_001": "28223",
        "P27_002": "3",
        "P27_003": "99999",
        "P27_004": "03109",
        "P27_005": "柏原住民センター（体育館）",
        "P27_006": "柏原町柏原5528",
        "P27_007": 3,
        "P27_008": -99,
        "P27_009": 9999
      },
      "geometry": {
        "type": "Point",
        "coordinates": [
          135.07123600000003,
          35.123706999999996
        ]
      }
    },
    {
      "type": "Feature",
      "properties": {
        "P27_001": "28223",
        "P27_002": "3",
        "P27_003": "99999",
        "P27_004": "03104",
        "P27_005": "氷上総合グラウンド",
        "P27_006": "氷上町上新庄字西川3",
        "P27_007": 3,
        "P27_008": -99,
        "P27_009": 9999
      },
      "geometry": {
        "type": "Point",
        "coordinates": [
          134.99485799999997,
          35.17887300000002
        ]
      }
    },
    {
      "type": "Feature",
      "properties": {
        "P27_001": "28223",
        "P27_002": "3",
        "P27_003": "99999",
        "P27_004": "03109",
        "P27_005": "氷上住民センター（体育館）",
        "P27_006": "氷上町成松字甲賀1",
        "P27_007": 3,
        "P27_008": -99,
        "P27_009": 9999
      },
      "geometry": {
        "type": "Point",
        "coordinates": [
          135.03631999999996,
          35.17754799999999
        ]
      }
    },
    {
      "type": "Feature",
      "properties": {
        "P27_001": "28223",
        "P27_002": "3",
        "P27_003": "99999",
        "P27_004": "03115",
        "P27_005": "青垣総合運動公園（グリーンベル青垣）",
        "P27_006": "青垣町田井縄782",
        "P27_007": 3,
        "P27_008": -99,
        "P27_009": 9999
      },
      "geometry": {
        "type": "Point",
        "coordinates": [
          135.02375099999995,
          35.23855700000002
        ]
      }
    },
    {
      "type": "Feature",
      "properties": {
        "P27_001": "28223",
        "P27_002": "3",
        "P27_003": "99999",
        "P27_004": "03105",
        "P27_005": "青垣総合運動公園（グリーンベル青垣）",
        "P27_006": "青垣町田井縄782",
        "P27_007": 3,
        "P27_008": -99,
        "P27_009": 9999
      },
      "geometry": {
        "type": "Point",
        "coordinates": [
          135.023786,
          35.23822699999998
        ]
      }
    },
    {
      "type": "Feature",
      "properties": {
        "P27_001": "28223",
        "P27_002": "3",
        "P27_003": "99999",
        "P27_004": "03129",
        "P27_005": "青垣総合運動公園（グリーンベル青垣）",
        "P27_006": "青垣町田井縄782",
        "P27_007": 3,
        "P27_008": -99,
        "P27_009": 9999
      },
      "geometry": {
        "type": "Point",
        "coordinates": [
          135.02140999999997,
          35.237858
        ]
      }
    },
    {
      "type": "Feature",
      "properties": {
        "P27_001": "28223",
        "P27_002": "3",
        "P27_003": "99999",
        "P27_004": "03102",
        "P27_005": "青垣総合運動公園（グリーンベル青垣）",
        "P27_006": "青垣町田井縄782",
        "P27_007": 3,
        "P27_008": -99,
        "P27_009": 9999
      },
      "geometry": {
        "type": "Point",
        "coordinates": [
          135.021552,
          35.23636300000003
        ]
      }
    },
    {
      "type": "Feature",
      "properties": {
        "P27_001": "28223",
        "P27_002": "3",
        "P27_003": "99999",
        "P27_004": "03109",
        "P27_005": "青垣住民センター（体育館）",
        "P27_006": "青垣町佐治114",
        "P27_007": 3,
        "P27_008": -99,
        "P27_009": 9999
      },
      "geometry": {
        "type": "Point",
        "coordinates": [
          135.00238399999998,
          35.24874200000003
        ]
      }
    },
    {
      "type": "Feature",
      "properties": {
        "P27_001": "28223",
        "P27_002": "3",
        "P27_003": "99999",
        "P27_004": "03115",
        "P27_005": "春日総合運動公園",
        "P27_006": "春日町下三井庄735",
        "P27_007": 3,
        "P27_008": -99,
        "P27_009": 9999
      },
      "geometry": {
        "type": "Point",
        "coordinates": [
          135.1679,
          35.154630000000004
        ]
      }
    },
    {
      "type": "Feature",
      "properties": {
        "P27_001": "28223",
        "P27_002": "3",
        "P27_003": "99999",
        "P27_004": "03107",
        "P27_005": "春日総合運動公園",
        "P27_006": "春日町下三井庄735",
        "P27_007": 3,
        "P27_008": -99,
        "P27_009": 9999
      },
      "geometry": {
        "type": "Point",
        "coordinates": [
          135.168981,
          35.15647599999998
        ]
      }
    },
    {
      "type": "Feature",
      "properties": {
        "P27_001": "28223",
        "P27_002": "3",
        "P27_003": "99999",
        "P27_004": "03102",
        "P27_005": "春日総合運動公園",
        "P27_006": "春日町下三井庄735",
        "P27_007": 3,
        "P27_008": -99,
        "P27_009": 9999
      },
      "geometry": {
        "type": "Point",
        "coordinates": [
          135.16717499999996,
          35.15290999999998
        ]
      }
    },
    {
      "type": "Feature",
      "properties": {
        "P27_001": "28223",
        "P27_002": "3",
        "P27_003": "99999",
        "P27_004": "03103",
        "P27_005": "春日総合運動公園",
        "P27_006": "春日町下三井庄735",
        "P27_007": 3,
        "P27_008": -99,
        "P27_009": 9999
      },
      "geometry": {
        "type": "Point",
        "coordinates": [
          135.16849400000004,
          35.15567900000002
        ]
      }
    },
    {
      "type": "Feature",
      "properties": {
        "P27_001": "28223",
        "P27_002": "3",
        "P27_003": "99999",
        "P27_004": "03129",
        "P27_005": "春日体育センター",
        "P27_006": "春日町黒井496-2",
        "P27_007": 3,
        "P27_008": -99,
        "P27_009": 9999
      },
      "geometry": {
        "type": "Point",
        "coordinates": [
          135.101217,
          35.168324
        ]
      }
    },
    {
      "type": "Feature",
      "properties": {
        "P27_001": "28223",
        "P27_002": "3",
        "P27_003": "99999",
        "P27_004": "03109",
        "P27_005": "春日体育センター",
        "P27_006": "春日町黒井496-2",
        "P27_007": 3,
        "P27_008": -99,
        "P27_009": 9999
      },
      "geometry": {
        "type": "Point",
        "coordinates": [
          135.10118100000003,
          35.168207
        ]
      }
    },
    {
      "type": "Feature",
      "properties": {
        "P27_001": "28223",
        "P27_002": "3",
        "P27_003": "99999",
        "P27_004": "03109",
        "P27_005": "山南Ｂ＆Ｇ海洋センター（体育館）",
        "P27_006": "山南町野坂176-2",
        "P27_007": 3,
        "P27_008": -99,
        "P27_009": 9999
      },
      "geometry": {
        "type": "Point",
        "coordinates": [
          135.00013099999998,
          35.084786000000015
        ]
      }
    },
    {
      "type": "Feature",
      "properties": {
        "P27_001": "28223",
        "P27_002": "3",
        "P27_003": "99999",
        "P27_004": "03105",
        "P27_005": "山南Ｂ＆Ｇ海洋センター（プール）",
        "P27_006": "山南町谷川1349",
        "P27_007": 3,
        "P27_008": -99,
        "P27_009": 9999
      },
      "geometry": {
        "type": "Point",
        "coordinates": [
          135.038975,
          35.072950000000006
        ]
      }
    },
    {
      "type": "Feature",
      "properties": {
        "P27_001": "28223",
        "P27_002": "3",
        "P27_003": "99999",
        "P27_004": "03112",
        "P27_005": "山南武道場",
        "P27_006": "山南町野坂176-2",
        "P27_007": 3,
        "P27_008": -99,
        "P27_009": 9999
      },
      "geometry": {
        "type": "Point",
        "coordinates": [
          135.00030899999996,
          35.08536900000003
        ]
      }
    },
    {
      "type": "Feature",
      "properties": {
        "P27_001": "28223",
        "P27_002": "3",
        "P27_003": "99999",
        "P27_004": "03109",
        "P27_005": "山南農業者等体育施設",
        "P27_006": "山南町谷川1180",
        "P27_007": 3,
        "P27_008": -99,
        "P27_009": 9999
      },
      "geometry": {
        "type": "Point",
        "coordinates": [
          135.03901999999997,
          35.07234900000002
        ]
      }
    },
    {
      "type": "Feature",
      "properties": {
        "P27_001": "28223",
        "P27_002": "3",
        "P27_003": "99999",
        "P27_004": "03103",
        "P27_005": "山南中央公園",
        "P27_006": "山南町谷川1180",
        "P27_007": 3,
        "P27_008": -99,
        "P27_009": 9999
      },
      "geometry": {
        "type": "Point",
        "coordinates": [
          135.03779,
          35.072849999999995
        ]
      }
    },
    {
      "type": "Feature",
      "properties": {
        "P27_001": "28223",
        "P27_002": "3",
        "P27_003": "99999",
        "P27_004": "03102",
        "P27_005": "市島市民グラウンド",
        "P27_006": "市島町上垣946",
        "P27_007": 3,
        "P27_008": -99,
        "P27_009": 9999
      },
      "geometry": {
        "type": "Point",
        "coordinates": [
          135.13436,
          35.217102000000025
        ]
      }
    },
    {
      "type": "Feature",
      "properties": {
        "P27_001": "28223",
        "P27_002": "3",
        "P27_003": "99999",
        "P27_004": "03115",
        "P27_005": "三ッ塚テニスコート",
        "P27_006": "市島町上田1132",
        "P27_007": 3,
        "P27_008": -99,
        "P27_009": 9999
      },
      "geometry": {
        "type": "Point",
        "coordinates": [
          135.14427599999996,
          35.21084600000003
        ]
      }
    },
    {
      "type": "Feature",
      "properties": {
        "P27_001": "28223",
        "P27_002": "3",
        "P27_003": "99999",
        "P27_004": "03129",
        "P27_005": "三ッ塚ふれあいセンター愛育館",
        "P27_006": "市島町上田1139",
        "P27_007": 3,
        "P27_008": -99,
        "P27_009": 9999
      },
      "geometry": {
        "type": "Point",
        "coordinates": [
          135.14416899999998,
          35.21153500000002
        ]
      }
    },
    {
      "type": "Feature",
      "properties": {
        "P27_001": "28223",
        "P27_002": "3",
        "P27_003": "99999",
        "P27_004": "03112",
        "P27_005": "三ッ塚ふれあいセンター愛育館",
        "P27_006": "市島町上田1139",
        "P27_007": 3,
        "P27_008": -99,
        "P27_009": 9999
      },
      "geometry": {
        "type": "Point",
        "coordinates": [
          135.14420400000003,
          35.21130200000002
        ]
      }
    },
    {
      "type": "Feature",
      "properties": {
        "P27_001": "28223",
        "P27_002": "3",
        "P27_003": "99999",
        "P27_004": "03102",
        "P27_005": "スポーツピアいちじま",
        "P27_006": "市島町中竹田6121-3",
        "P27_007": 3,
        "P27_008": -99,
        "P27_009": 9999
      },
      "geometry": {
        "type": "Point",
        "coordinates": [
          135.12370200000004,
          35.237376999999995
        ]
      }
    },
    {
      "type": "Feature",
      "properties": {
        "P27_001": "28223",
        "P27_002": "3",
        "P27_003": "99999",
        "P27_004": "03103",
        "P27_005": "スポーツピアいちじま",
        "P27_006": "市島町中竹田6121-3",
        "P27_007": 3,
        "P27_008": -99,
        "P27_009": 9999
      },
      "geometry": {
        "type": "Point",
        "coordinates": [
          135.125356,
          35.23813000000004
        ]
      }
    },
    {
      "type": "Feature",
      "properties": {
        "P27_001": "28223",
        "P27_002": "3",
        "P27_003": "99999",
        "P27_004": "03101",
        "P27_005": "スポーツピアいちじま",
        "P27_006": "市島町中竹田6121-3",
        "P27_007": 3,
        "P27_008": -99,
        "P27_009": 9999
      },
      "geometry": {
        "type": "Point",
        "coordinates": [
          135.12539399999994,
          35.238062000000006
        ]
      }
    },
    {
      "type": "Feature",
      "properties": {
        "P27_001": "28223",
        "P27_002": "3",
        "P27_003": "99999",
        "P27_004": "03138",
        "P27_005": "スポーツピアいちじま",
        "P27_006": "市島町中竹田6121-3",
        "P27_007": 3,
        "P27_008": -99,
        "P27_009": 9999
      },
      "geometry": {
        "type": "Point",
        "coordinates": [
          135.12530799999993,
          35.23807200000004
        ]
      }
    },
    {
      "type": "Feature",
      "properties": {
        "P27_001": "28224",
        "P27_002": "3",
        "P27_003": "99999",
        "P27_004": "03104",
        "P27_005": "サンライズ淡路グラウンド",
        "P27_006": "広田広田1466-1",
        "P27_007": 3,
        "P27_008": -99,
        "P27_009": 9999
      },
      "geometry": {
        "type": "Point",
        "coordinates": [
          134.815399,
          34.328100000000035
        ]
      }
    },
    {
      "type": "Feature",
      "properties": {
        "P27_001": "28224",
        "P27_002": "3",
        "P27_003": "99999",
        "P27_004": "03115",
        "P27_005": "サンライズ淡路テニスコート",
        "P27_006": "広田広田1466-1",
        "P27_007": 3,
        "P27_008": -99,
        "P27_009": 9999
      },
      "geometry": {
        "type": "Point",
        "coordinates": [
          134.81796599999996,
          34.32715799999998
        ]
      }
    },
    {
      "type": "Feature",
      "properties": {
        "P27_001": "28224",
        "P27_002": "3",
        "P27_003": "99999",
        "P27_004": "03129",
        "P27_005": "サンライズ淡路農業者トレーニングセンター",
        "P27_006": "広田広田1466-1",
        "P27_007": 3,
        "P27_008": -99,
        "P27_009": 9999
      },
      "geometry": {
        "type": "Point",
        "coordinates": [
          134.81738300000004,
          34.327756999999984
        ]
      }
    },
    {
      "type": "Feature",
      "properties": {
        "P27_001": "28224",
        "P27_002": "3",
        "P27_003": "99999",
        "P27_004": "03109",
        "P27_005": "西淡社会教育センター",
        "P27_006": "松帆古津路970-1",
        "P27_007": 3,
        "P27_008": -99,
        "P27_009": 9999
      },
      "geometry": {
        "type": "Point",
        "coordinates": [
          134.7319,
          34.33429099999998
        ]
      }
    },
    {
      "type": "Feature",
      "properties": {
        "P27_001": "28224",
        "P27_002": "3",
        "P27_003": "99999",
        "P27_004": "03115",
        "P27_005": "西淡社会教育センター",
        "P27_006": "松帆古津路970-1",
        "P27_007": 3,
        "P27_008": -99,
        "P27_009": 9999
      },
      "geometry": {
        "type": "Point",
        "coordinates": [
          134.73218500000002,
          34.333614000000004
        ]
      }
    },
    {
      "type": "Feature",
      "properties": {
        "P27_001": "28224",
        "P27_002": "3",
        "P27_003": "99999",
        "P27_004": "03104",
        "P27_005": "西淡社会教育センター",
        "P27_006": "松帆古津路970-1",
        "P27_007": 3,
        "P27_008": -99,
        "P27_009": 9999
      },
      "geometry": {
        "type": "Point",
        "coordinates": [
          134.73168599999994,
          34.33508600000003
        ]
      }
    },
    {
      "type": "Feature",
      "properties": {
        "P27_001": "28224",
        "P27_002": "3",
        "P27_003": "99999",
        "P27_004": "03102",
        "P27_005": "西淡グラウンド",
        "P27_006": "津井2281-1",
        "P27_007": 3,
        "P27_008": -99,
        "P27_009": 9999
      },
      "geometry": {
        "type": "Point",
        "coordinates": [
          134.69055100000003,
          34.31884800000004
        ]
      }
    },
    {
      "type": "Feature",
      "properties": {
        "P27_001": "28224",
        "P27_002": "3",
        "P27_003": "99999",
        "P27_004": "03105",
        "P27_005": "サンプール（温水プール）",
        "P27_006": "八木寺内1612",
        "P27_007": 3,
        "P27_008": -99,
        "P27_009": 9999
      },
      "geometry": {
        "type": "Point",
        "coordinates": [
          134.78418099999996,
          34.279463000000035
        ]
      }
    },
    {
      "type": "Feature",
      "properties": {
        "P27_001": "28224",
        "P27_002": "3",
        "P27_003": "99999",
        "P27_004": "03105",
        "P27_005": "ゆとりっくクラブハウス",
        "P27_006": "湊77",
        "P27_007": 3,
        "P27_008": -99,
        "P27_009": 9999
      },
      "geometry": {
        "type": "Point",
        "coordinates": [
          134.73432100000002,
          34.32461100000001
        ]
      }
    },
    {
      "type": "Feature",
      "properties": {
        "P27_001": "28224",
        "P27_002": "3",
        "P27_003": "99999",
        "P27_004": "03129",
        "P27_005": "ゆとりっくクラブハウス",
        "P27_006": "湊77",
        "P27_007": 3,
        "P27_008": -99,
        "P27_009": 9999
      },
      "geometry": {
        "type": "Point",
        "coordinates": [
          134.73429799999997,
          34.324483999999984
        ]
      }
    },
    {
      "type": "Feature",
      "properties": {
        "P27_001": "28224",
        "P27_002": "3",
        "P27_003": "99999",
        "P27_004": "03109",
        "P27_005": "三原健康広場",
        "P27_006": "市青木198-5",
        "P27_007": 3,
        "P27_008": 2,
        "P27_009": 1983
      },
      "geometry": {
        "type": "Point",
        "coordinates": [
          134.782201,
          34.27944099999999
        ]
      }
    },
    {
      "type": "Feature",
      "properties": {
        "P27_001": "28224",
        "P27_002": "3",
        "P27_003": "99999",
        "P27_004": "03129",
        "P27_005": "三原健康広場",
        "P27_006": "市青木198-5",
        "P27_007": 3,
        "P27_008": 2,
        "P27_009": 1983
      },
      "geometry": {
        "type": "Point",
        "coordinates": [
          134.781981,
          34.279303000000034
        ]
      }
    },
    {
      "type": "Feature",
      "properties": {
        "P27_001": "28224",
        "P27_002": "3",
        "P27_003": "99999",
        "P27_004": "03109",
        "P27_005": "南淡Ｂ＆Ｇ海洋センター",
        "P27_006": "福良甲1515-2",
        "P27_007": 3,
        "P27_008": -99,
        "P27_009": 9999
      },
      "geometry": {
        "type": "Point",
        "coordinates": [
          134.71833000000004,
          34.26350300000004
        ]
      }
    },
    {
      "type": "Feature",
      "properties": {
        "P27_001": "28224",
        "P27_002": "3",
        "P27_003": "99999",
        "P27_004": "03140",
        "P27_005": "南淡Ｂ＆Ｇ海洋センター（艇庫）",
        "P27_006": "阿万塩屋町2624-16",
        "P27_007": 3,
        "P27_008": -99,
        "P27_009": 9999
      },
      "geometry": {
        "type": "Point",
        "coordinates": [
          134.71517400000002,
          34.242349
        ]
      }
    },
    {
      "type": "Feature",
      "properties": {
        "P27_001": "28224",
        "P27_002": "3",
        "P27_003": "99999",
        "P27_004": "03137",
        "P27_005": "南淡Ｂ＆Ｇ海洋センター（艇庫）",
        "P27_006": "阿万塩屋町2624-16",
        "P27_007": 3,
        "P27_008": -99,
        "P27_009": 9999
      },
      "geometry": {
        "type": "Point",
        "coordinates": [
          134.71519799999996,
          34.242456999999966
        ]
      }
    },
    {
      "type": "Feature",
      "properties": {
        "P27_001": "28224",
        "P27_002": "3",
        "P27_003": "99999",
        "P27_004": "03109",
        "P27_005": "阿万スポーツセンター",
        "P27_006": "阿万塩屋町757-63",
        "P27_007": 3,
        "P27_008": -99,
        "P27_009": 9999
      },
      "geometry": {
        "type": "Point",
        "coordinates": [
          134.72338,
          34.21852100000004
        ]
      }
    },
    {
      "type": "Feature",
      "properties": {
        "P27_001": "28224",
        "P27_002": "3",
        "P27_003": "99999",
        "P27_004": "03104",
        "P27_005": "阿万スポーツセンター",
        "P27_006": "阿万塩屋町757-63",
        "P27_007": 3,
        "P27_008": -99,
        "P27_009": 9999
      },
      "geometry": {
        "type": "Point",
        "coordinates": [
          134.72336799999997,
          34.218423000000016
        ]
      }
    },
    {
      "type": "Feature",
      "properties": {
        "P27_001": "28224",
        "P27_002": "3",
        "P27_003": "99999",
        "P27_004": "03102",
        "P27_005": "賀集スポーツセンター",
        "P27_006": "賀集1031",
        "P27_007": 3,
        "P27_008": -99,
        "P27_009": 9999
      },
      "geometry": {
        "type": "Point",
        "coordinates": [
          134.752928,
          34.263915000000026
        ]
      }
    },
    {
      "type": "Feature",
      "properties": {
        "P27_001": "28224",
        "P27_002": "3",
        "P27_003": "99999",
        "P27_004": "03109",
        "P27_005": "賀集スポーツセンター",
        "P27_006": "賀集1031",
        "P27_007": 3,
        "P27_008": -99,
        "P27_009": 9999
      },
      "geometry": {
        "type": "Point",
        "coordinates": [
          134.75291,
          34.26380599999998
        ]
      }
    },
    {
      "type": "Feature",
      "properties": {
        "P27_001": "28224",
        "P27_002": "3",
        "P27_003": "99999",
        "P27_004": "03109",
        "P27_005": "文化体育館",
        "P27_006": "北阿万筒井1509-1",
        "P27_007": 3,
        "P27_008": -99,
        "P27_009": 9999
      },
      "geometry": {
        "type": "Point",
        "coordinates": [
          134.729751,
          34.24667000000003
        ]
      }
    },
    {
      "type": "Feature",
      "properties": {
        "P27_001": "28224",
        "P27_002": "3",
        "P27_003": "99999",
        "P27_004": "03142",
        "P27_005": "吹上浜野外教育センター",
        "P27_006": "阿万吹上町113-1",
        "P27_007": 3,
        "P27_008": -99,
        "P27_009": 9999
      },
      "geometry": {
        "type": "Point",
        "coordinates": [
          134.719757,
          34.22279200000002
        ]
      }
    },
    {
      "type": "Feature",
      "properties": {
        "P27_001": "28224",
        "P27_002": "3",
        "P27_003": "99999",
        "P27_004": "03104",
        "P27_005": "灘漁港グラウンド",
        "P27_006": "灘土生字東浜1-10",
        "P27_007": 3,
        "P27_008": -99,
        "P27_009": 9999
      },
      "geometry": {
        "type": "Point",
        "coordinates": [
          134.800261,
          34.20100799999998
        ]
      }
    },
    {
      "type": "Feature",
      "properties": {
        "P27_001": "28224",
        "P27_002": "3",
        "P27_003": "99999",
        "P27_004": "03104",
        "P27_005": "沼島グラウンド",
        "P27_006": "沼島770",
        "P27_007": 3,
        "P27_008": -99,
        "P27_009": 9999
      },
      "geometry": {
        "type": "Point",
        "coordinates": [
          134.82094599999996,
          34.16523199999998
        ]
      }
    },
    {
      "type": "Feature",
      "properties": {
        "P27_001": "28225",
        "P27_002": "3",
        "P27_003": "99999",
        "P27_004": "03109",
        "P27_005": "生野体育館",
        "P27_006": "生野町真弓12",
        "P27_007": 3,
        "P27_008": -99,
        "P27_009": 9999
      },
      "geometry": {
        "type": "Point",
        "coordinates": [
          134.792076,
          35.16219099999997
        ]
      }
    },
    {
      "type": "Feature",
      "properties": {
        "P27_001": "28225",
        "P27_002": "3",
        "P27_003": "99999",
        "P27_004": "03138",
        "P27_005": "生野体育館",
        "P27_006": "生野町真弓12",
        "P27_007": 3,
        "P27_008": -99,
        "P27_009": 9999
      },
      "geometry": {
        "type": "Point",
        "coordinates": [
          134.791803,
          35.161354999999986
        ]
      }
    },
    {
      "type": "Feature",
      "properties": {
        "P27_001": "28225",
        "P27_002": "3",
        "P27_003": "99999",
        "P27_004": "03112",
        "P27_005": "生野体育館",
        "P27_006": "生野町真弓12",
        "P27_007": 3,
        "P27_008": -99,
        "P27_009": 9999
      },
      "geometry": {
        "type": "Point",
        "coordinates": [
          134.79196899999997,
          35.16185099999999
        ]
      }
    },
    {
      "type": "Feature",
      "properties": {
        "P27_001": "28225",
        "P27_002": "3",
        "P27_003": "99999",
        "P27_004": "03116",
        "P27_005": "生野体育館",
        "P27_006": "生野町真弓12",
        "P27_007": 3,
        "P27_008": -99,
        "P27_009": 9999
      },
      "geometry": {
        "type": "Point",
        "coordinates": [
          134.79211199999997,
          35.16227799999997
        ]
      }
    },
    {
      "type": "Feature",
      "properties": {
        "P27_001": "28225",
        "P27_002": "3",
        "P27_003": "99999",
        "P27_004": "03109",
        "P27_005": "奥銀谷体育館",
        "P27_006": "生野町奥銀谷1438-1",
        "P27_007": 3,
        "P27_008": -99,
        "P27_009": 9999
      },
      "geometry": {
        "type": "Point",
        "coordinates": [
          134.81558699999994,
          35.17193599999999
        ]
      }
    },
    {
      "type": "Feature",
      "properties": {
        "P27_001": "28225",
        "P27_002": "3",
        "P27_003": "99999",
        "P27_004": "03109",
        "P27_005": "栃原体育館",
        "P27_006": "生野町栃原562",
        "P27_007": 3,
        "P27_008": -99,
        "P27_009": 9999
      },
      "geometry": {
        "type": "Point",
        "coordinates": [
          134.75883399999998,
          35.158956
        ]
      }
    },
    {
      "type": "Feature",
      "properties": {
        "P27_001": "28225",
        "P27_002": "3",
        "P27_003": "99999",
        "P27_004": "03102",
        "P27_005": "八王子グラウンド",
        "P27_006": "生野町口銀谷2401-1",
        "P27_007": 3,
        "P27_008": -99,
        "P27_009": 9999
      },
      "geometry": {
        "type": "Point",
        "coordinates": [
          134.789683,
          35.15981999999999
        ]
      }
    },
    {
      "type": "Feature",
      "properties": {
        "P27_001": "28225",
        "P27_002": "3",
        "P27_003": "99999",
        "P27_004": "03138",
        "P27_005": "琵琶の丸健康公園ゲートボール場",
        "P27_006": "生野町口銀谷900",
        "P27_007": 3,
        "P27_008": -99,
        "P27_009": 9999
      },
      "geometry": {
        "type": "Point",
        "coordinates": [
          134.803651,
          35.169976
        ]
      }
    },
    {
      "type": "Feature",
      "properties": {
        "P27_001": "28225",
        "P27_002": "3",
        "P27_003": "99999",
        "P27_004": "03138",
        "P27_005": "生野ゲートボール広場",
        "P27_006": "生野町竹原野250-1",
        "P27_007": 3,
        "P27_008": -99,
        "P27_009": 9999
      },
      "geometry": {
        "type": "Point",
        "coordinates": [
          134.81837,
          35.17882500000004
        ]
      }
    },
    {
      "type": "Feature",
      "properties": {
        "P27_001": "28225",
        "P27_002": "3",
        "P27_003": "99999",
        "P27_004": "03102",
        "P27_005": "栃原運動広場",
        "P27_006": "生野町栃原1699",
        "P27_007": 3,
        "P27_008": -99,
        "P27_009": 9999
      },
      "geometry": {
        "type": "Point",
        "coordinates": [
          134.75912200000002,
          35.15861800000001
        ]
      }
    },
    {
      "type": "Feature",
      "properties": {
        "P27_001": "28225",
        "P27_002": "3",
        "P27_003": "99999",
        "P27_004": "03109",
        "P27_005": "和田山体育センター",
        "P27_006": "和田山町玉置87",
        "P27_007": 3,
        "P27_008": -99,
        "P27_009": 9999
      },
      "geometry": {
        "type": "Point",
        "coordinates": [
          134.862139,
          35.33953199999999
        ]
      }
    },
    {
      "type": "Feature",
      "properties": {
        "P27_001": "28225",
        "P27_002": "3",
        "P27_003": "99999",
        "P27_004": "03113",
        "P27_005": "和田山武道館",
        "P27_006": "和田山町玉置87",
        "P27_007": 3,
        "P27_008": -99,
        "P27_009": 9999
      },
      "geometry": {
        "type": "Point",
        "coordinates": [
          134.86209100000002,
          35.33980300000003
        ]
      }
    },
    {
      "type": "Feature",
      "properties": {
        "P27_001": "28225",
        "P27_002": "3",
        "P27_003": "99999",
        "P27_004": "03110",
        "P27_005": "和田山武道館",
        "P27_006": "和田山町玉置87",
        "P27_007": 3,
        "P27_008": -99,
        "P27_009": 9999
      },
      "geometry": {
        "type": "Point",
        "coordinates": [
          134.86209100000002,
          35.339939
        ]
      }
    },
    {
      "type": "Feature",
      "properties": {
        "P27_001": "28225",
        "P27_002": "3",
        "P27_003": "99999",
        "P27_004": "03115",
        "P27_005": "秋葉台テニス場",
        "P27_006": "和田山町秋葉台4-108",
        "P27_007": 3,
        "P27_008": -99,
        "P27_009": 9999
      },
      "geometry": {
        "type": "Point",
        "coordinates": [
          134.84498999999997,
          35.352924000000044
        ]
      }
    },
    {
      "type": "Feature",
      "properties": {
        "P27_001": "28225",
        "P27_002": "3",
        "P27_003": "99999",
        "P27_004": "03102",
        "P27_005": "和田山スポーツ公園グラウンド",
        "P27_006": "和田山町玉置47-2",
        "P27_007": 3,
        "P27_008": -99,
        "P27_009": 9999
      },
      "geometry": {
        "type": "Point",
        "coordinates": [
          134.86345899999998,
          35.339442000000005
        ]
      }
    },
    {
      "type": "Feature",
      "properties": {
        "P27_001": "28225",
        "P27_002": "3",
        "P27_003": "99999",
        "P27_004": "03138",
        "P27_005": "和田山屋内ゲートボール場",
        "P27_006": "和田山町土田1088",
        "P27_007": 3,
        "P27_008": -99,
        "P27_009": 9999
      },
      "geometry": {
        "type": "Point",
        "coordinates": [
          134.83465299999997,
          35.349439999999994
        ]
      }
    },
    {
      "type": "Feature",
      "properties": {
        "P27_001": "28225",
        "P27_002": "3",
        "P27_003": "99999",
        "P27_004": "03109",
        "P27_005": "土田緑地公園多目的広場",
        "P27_006": "和田山町土田1088",
        "P27_007": 3,
        "P27_008": -99,
        "P27_009": 9999
      },
      "geometry": {
        "type": "Point",
        "coordinates": [
          134.83454100000003,
          35.349526999999995
        ]
      }
    },
    {
      "type": "Feature",
      "properties": {
        "P27_001": "28225",
        "P27_002": "3",
        "P27_003": "99999",
        "P27_004": "03104",
        "P27_005": "土田緑地公園多目的広場",
        "P27_006": "和田山町土田1088",
        "P27_007": 3,
        "P27_008": -99,
        "P27_009": 9999
      },
      "geometry": {
        "type": "Point",
        "coordinates": [
          134.83444599999999,
          35.34959500000003
        ]
      }
    },
    {
      "type": "Feature",
      "properties": {
        "P27_001": "28225",
        "P27_002": "3",
        "P27_003": "99999",
        "P27_004": "03129",
        "P27_005": "和田山農業者トレーニングセンター",
        "P27_006": "和田山町立ノ原43",
        "P27_007": 3,
        "P27_008": -99,
        "P27_009": 9999
      },
      "geometry": {
        "type": "Point",
        "coordinates": [
          134.855535,
          35.330259000000034
        ]
      }
    },
    {
      "type": "Feature",
      "properties": {
        "P27_001": "28225",
        "P27_002": "3",
        "P27_003": "99999",
        "P27_004": "03102",
        "P27_005": "筒江農村広場",
        "P27_006": "和田山町筒江100",
        "P27_007": 3,
        "P27_008": -99,
        "P27_009": 9999
      },
      "geometry": {
        "type": "Point",
        "coordinates": [
          134.85963400000003,
          35.30668700000003
        ]
      }
    },
    {
      "type": "Feature",
      "properties": {
        "P27_001": "28225",
        "P27_002": "3",
        "P27_003": "99999",
        "P27_004": "03104",
        "P27_005": "寺内すこやかひろば",
        "P27_006": "和田山町寺内561",
        "P27_007": 3,
        "P27_008": -99,
        "P27_009": 9999
      },
      "geometry": {
        "type": "Point",
        "coordinates": [
          134.84406699999997,
          35.36256100000001
        ]
      }
    },
    {
      "type": "Feature",
      "properties": {
        "P27_001": "28225",
        "P27_002": "3",
        "P27_003": "99999",
        "P27_004": "03105",
        "P27_005": "和田山温水プール「エスポワ」",
        "P27_006": "和田山町柳原104-1",
        "P27_007": 3,
        "P27_008": -99,
        "P27_009": 9999
      },
      "geometry": {
        "type": "Point",
        "coordinates": [
          134.86286500000003,
          35.34019099999998
        ]
      }
    },
    {
      "type": "Feature",
      "properties": {
        "P27_001": "28225",
        "P27_002": "3",
        "P27_003": "99999",
        "P27_004": "03129",
        "P27_005": "和田山温水プール「エスポワ」",
        "P27_006": "和田山町柳原104-1",
        "P27_007": 3,
        "P27_008": -99,
        "P27_009": 9999
      },
      "geometry": {
        "type": "Point",
        "coordinates": [
          134.86285300000003,
          35.34005500000001
        ]
      }
    },
    {
      "type": "Feature",
      "properties": {
        "P27_001": "28225",
        "P27_002": "3",
        "P27_003": "99999",
        "P27_004": "03109",
        "P27_005": "山東体育館",
        "P27_006": "山東町末歳710-1",
        "P27_007": 3,
        "P27_008": -99,
        "P27_009": 9999
      },
      "geometry": {
        "type": "Point",
        "coordinates": [
          134.88511799999998,
          35.313356
        ]
      }
    },
    {
      "type": "Feature",
      "properties": {
        "P27_001": "28225",
        "P27_002": "3",
        "P27_003": "99999",
        "P27_004": "03102",
        "P27_005": "山東農村広場",
        "P27_006": "山東町粟鹿147-2",
        "P27_007": 3,
        "P27_008": -99,
        "P27_009": 9999
      },
      "geometry": {
        "type": "Point",
        "coordinates": [
          134.907544,
          35.29245300000003
        ]
      }
    },
    {
      "type": "Feature",
      "properties": {
        "P27_001": "28225",
        "P27_002": "3",
        "P27_003": "99999",
        "P27_004": "03109",
        "P27_005": "与布土体育館",
        "P27_006": "山東町溝黒411",
        "P27_007": 3,
        "P27_008": -99,
        "P27_009": 9999
      },
      "geometry": {
        "type": "Point",
        "coordinates": [
          134.87820599999998,
          35.29375400000003
        ]
      }
    },
    {
      "type": "Feature",
      "properties": {
        "P27_001": "28225",
        "P27_002": "3",
        "P27_003": "99999",
        "P27_004": "03109",
        "P27_005": "粟鹿体育館",
        "P27_006": "山東町粟鹿873",
        "P27_007": 3,
        "P27_008": -99,
        "P27_009": 9999
      },
      "geometry": {
        "type": "Point",
        "coordinates": [
          134.905953,
          35.30516800000002
        ]
      }
    },
    {
      "type": "Feature",
      "properties": {
        "P27_001": "28225",
        "P27_002": "3",
        "P27_003": "99999",
        "P27_004": "03109",
        "P27_005": "朝来体育館",
        "P27_006": "立脇20-1",
        "P27_007": 3,
        "P27_008": -99,
        "P27_009": 9999
      },
      "geometry": {
        "type": "Point",
        "coordinates": [
          134.79823499999998,
          35.24717099999998
        ]
      }
    },
    {
      "type": "Feature",
      "properties": {
        "P27_001": "28225",
        "P27_002": "3",
        "P27_003": "99999",
        "P27_004": "03102",
        "P27_005": "朝来グラウンド",
        "P27_006": "立脇25-1",
        "P27_007": 3,
        "P27_008": -99,
        "P27_009": 9999
      },
      "geometry": {
        "type": "Point",
        "coordinates": [
          134.79882399999994,
          35.247709
        ]
      }
    },
    {
      "type": "Feature",
      "properties": {
        "P27_001": "28225",
        "P27_002": "3",
        "P27_003": "99999",
        "P27_004": "03105",
        "P27_005": "あさごふれあいプール「くじら」",
        "P27_006": "新井172",
        "P27_007": 3,
        "P27_008": -99,
        "P27_009": 9999
      },
      "geometry": {
        "type": "Point",
        "coordinates": [
          134.79716799999997,
          35.244465
        ]
      }
    },
    {
      "type": "Feature",
      "properties": {
        "P27_001": "28225",
        "P27_002": "3",
        "P27_003": "99999",
        "P27_004": "03129",
        "P27_005": "あさごふれあいプール「くじら」",
        "P27_006": "新井172",
        "P27_007": 3,
        "P27_008": -99,
        "P27_009": 9999
      },
      "geometry": {
        "type": "Point",
        "coordinates": [
          134.796871,
          35.244435
        ]
      }
    },
    {
      "type": "Feature",
      "properties": {
        "P27_001": "28226",
        "P27_002": "3",
        "P27_003": "99999",
        "P27_004": "03105",
        "P27_005": "津名体育センター",
        "P27_006": "大谷176-1",
        "P27_007": 3,
        "P27_008": -99,
        "P27_009": 9999
      },
      "geometry": {
        "type": "Point",
        "coordinates": [
          134.91471900000002,
          34.44767600000002
        ]
      }
    },
    {
      "type": "Feature",
      "properties": {
        "P27_001": "28226",
        "P27_002": "3",
        "P27_003": "99999",
        "P27_004": "03109",
        "P27_005": "津名体育センター",
        "P27_006": "大谷176-1",
        "P27_007": 3,
        "P27_008": -99,
        "P27_009": 9999
      },
      "geometry": {
        "type": "Point",
        "coordinates": [
          134.91493299999996,
          34.44787199999998
        ]
      }
    },
    {
      "type": "Feature",
      "properties": {
        "P27_001": "28226",
        "P27_002": "3",
        "P27_003": "99999",
        "P27_004": "03129",
        "P27_005": "岩屋体育センター",
        "P27_006": "岩屋2942-17",
        "P27_007": 3,
        "P27_008": -99,
        "P27_009": 9999
      },
      "geometry": {
        "type": "Point",
        "coordinates": [
          135.02406999999997,
          34.58018300000003
        ]
      }
    },
    {
      "type": "Feature",
      "properties": {
        "P27_001": "28226",
        "P27_002": "3",
        "P27_003": "99999",
        "P27_004": "03109",
        "P27_005": "岩屋体育センター",
        "P27_006": "岩屋2942-17",
        "P27_007": 3,
        "P27_008": -99,
        "P27_009": 9999
      },
      "geometry": {
        "type": "Point",
        "coordinates": [
          135.02412899999996,
          34.58008999999997
        ]
      }
    },
    {
      "type": "Feature",
      "properties": {
        "P27_001": "28226",
        "P27_002": "3",
        "P27_003": "99999",
        "P27_004": "03109",
        "P27_005": "北淡西体育センター",
        "P27_006": "育波620",
        "P27_007": 3,
        "P27_008": -99,
        "P27_009": 9999
      },
      "geometry": {
        "type": "Point",
        "coordinates": [
          134.88490600000003,
          34.52502299999997
        ]
      }
    },
    {
      "type": "Feature",
      "properties": {
        "P27_001": "28226",
        "P27_002": "3",
        "P27_003": "99999",
        "P27_004": "03104",
        "P27_005": "北淡西体育センター",
        "P27_006": "育波620",
        "P27_007": 3,
        "P27_008": -99,
        "P27_009": 9999
      },
      "geometry": {
        "type": "Point",
        "coordinates": [
          134.885477,
          34.52478799999998
        ]
      }
    },
    {
      "type": "Feature",
      "properties": {
        "P27_001": "28226",
        "P27_002": "3",
        "P27_003": "99999",
        "P27_004": "03109",
        "P27_005": "一宮体育センター",
        "P27_006": "多賀227",
        "P27_007": 3,
        "P27_008": -99,
        "P27_009": 9999
      },
      "geometry": {
        "type": "Point",
        "coordinates": [
          134.85106499999998,
          34.455699000000024
        ]
      }
    },
    {
      "type": "Feature",
      "properties": {
        "P27_001": "28226",
        "P27_002": "3",
        "P27_003": "99999",
        "P27_004": "03109",
        "P27_005": "長沢体育センター",
        "P27_006": "長沢727",
        "P27_007": 3,
        "P27_008": -99,
        "P27_009": 9999
      },
      "geometry": {
        "type": "Point",
        "coordinates": [
          134.902827,
          34.484955000000035
        ]
      }
    },
    {
      "type": "Feature",
      "properties": {
        "P27_001": "28226",
        "P27_002": "3",
        "P27_003": "99999",
        "P27_004": "03109",
        "P27_005": "仁井体育センター",
        "P27_006": "仁井58",
        "P27_007": 3,
        "P27_008": -99,
        "P27_009": 9999
      },
      "geometry": {
        "type": "Point",
        "coordinates": [
          134.946143,
          34.53015099999998
        ]
      }
    },
    {
      "type": "Feature",
      "properties": {
        "P27_001": "28226",
        "P27_002": "3",
        "P27_003": "99999",
        "P27_004": "03109",
        "P27_005": "野島体育センター",
        "P27_006": "野島墓浦843",
        "P27_007": 3,
        "P27_008": -99,
        "P27_009": 9999
      },
      "geometry": {
        "type": "Point",
        "coordinates": [
          134.949913,
          34.560946999999956
        ]
      }
    },
    {
      "type": "Feature",
      "properties": {
        "P27_001": "28226",
        "P27_002": "3",
        "P27_003": "99999",
        "P27_004": "03129",
        "P27_005": "野島体育センター",
        "P27_006": "野島墓浦843",
        "P27_007": 3,
        "P27_008": -99,
        "P27_009": 9999
      },
      "geometry": {
        "type": "Point",
        "coordinates": [
          134.94982999999996,
          34.56102600000001
        ]
      }
    },
    {
      "type": "Feature",
      "properties": {
        "P27_001": "28226",
        "P27_002": "3",
        "P27_003": "99999",
        "P27_004": "03109",
        "P27_005": "生田体育センター",
        "P27_006": "生田畑151",
        "P27_007": 3,
        "P27_008": -99,
        "P27_009": 9999
      },
      "geometry": {
        "type": "Point",
        "coordinates": [
          134.901468,
          34.49650300000002
        ]
      }
    },
    {
      "type": "Feature",
      "properties": {
        "P27_001": "28226",
        "P27_002": "3",
        "P27_003": "99999",
        "P27_004": "03109",
        "P27_005": "柳沢体育センター",
        "P27_006": "柳沢甲17-3",
        "P27_007": 3,
        "P27_008": -99,
        "P27_009": 9999
      },
      "geometry": {
        "type": "Point",
        "coordinates": [
          134.837063,
          34.450894000000005
        ]
      }
    },
    {
      "type": "Feature",
      "properties": {
        "P27_001": "28226",
        "P27_002": "3",
        "P27_003": "99999",
        "P27_004": "03109",
        "P27_005": "東浦体育センター",
        "P27_006": "釜ロ1326",
        "P27_007": 3,
        "P27_008": -99,
        "P27_009": 9999
      },
      "geometry": {
        "type": "Point",
        "coordinates": [
          134.97132799999997,
          34.49786400000001
        ]
      }
    },
    {
      "type": "Feature",
      "properties": {
        "P27_001": "28226",
        "P27_002": "3",
        "P27_003": "99999",
        "P27_004": "03109",
        "P27_005": "東浦Ｂ＆Ｇ海洋センター体育館",
        "P27_006": "久留麻2711-1",
        "P27_007": 3,
        "P27_008": -99,
        "P27_009": 9999
      },
      "geometry": {
        "type": "Point",
        "coordinates": [
          134.98409300000003,
          34.53114699999997
        ]
      }
    },
    {
      "type": "Feature",
      "properties": {
        "P27_001": "28226",
        "P27_002": "3",
        "P27_003": "99999",
        "P27_004": "03106",
        "P27_005": "東浦Ｂ＆Ｇ海洋センター体育館",
        "P27_006": "久留麻2711-1",
        "P27_007": 3,
        "P27_008": -99,
        "P27_009": 9999
      },
      "geometry": {
        "type": "Point",
        "coordinates": [
          134.9837,
          34.53141099999996
        ]
      }
    },
    {
      "type": "Feature",
      "properties": {
        "P27_001": "28226",
        "P27_002": "3",
        "P27_003": "99999",
        "P27_004": "03104",
        "P27_005": "津名臨海運動公園",
        "P27_006": "志筑新島8地先",
        "P27_007": 3,
        "P27_008": -99,
        "P27_009": 9999
      },
      "geometry": {
        "type": "Point",
        "coordinates": [
          134.90093,
          34.425328000000036
        ]
      }
    },
    {
      "type": "Feature",
      "properties": {
        "P27_001": "28226",
        "P27_002": "3",
        "P27_003": "99999",
        "P27_004": "03102",
        "P27_005": "津名臨海運動公園",
        "P27_006": "志筑新島8地先",
        "P27_007": 3,
        "P27_008": -99,
        "P27_009": 9999
      },
      "geometry": {
        "type": "Point",
        "coordinates": [
          134.90097800000004,
          34.424936000000024
        ]
      }
    },
    {
      "type": "Feature",
      "properties": {
        "P27_001": "28226",
        "P27_002": "3",
        "P27_003": "99999",
        "P27_004": "03104",
        "P27_005": "生穂新島運動公園",
        "P27_006": "生穂新島8-6",
        "P27_007": 3,
        "P27_008": -99,
        "P27_009": 9999
      },
      "geometry": {
        "type": "Point",
        "coordinates": [
          134.917379,
          34.442476000000006
        ]
      }
    },
    {
      "type": "Feature",
      "properties": {
        "P27_001": "28226",
        "P27_002": "3",
        "P27_003": "99999",
        "P27_004": "03103",
        "P27_005": "生穂新島運動公園",
        "P27_006": "生穂新島8-6",
        "P27_007": 3,
        "P27_008": -99,
        "P27_009": 9999
      },
      "geometry": {
        "type": "Point",
        "coordinates": [
          134.91942300000002,
          34.441191999999994
        ]
      }
    },
    {
      "type": "Feature",
      "properties": {
        "P27_001": "28226",
        "P27_002": "3",
        "P27_003": "99999",
        "P27_004": "03103",
        "P27_005": "北淡西スポーツセンターグラウンド",
        "P27_006": "淡路山育波620",
        "P27_007": 3,
        "P27_008": -99,
        "P27_009": 9999
      },
      "geometry": {
        "type": "Point",
        "coordinates": [
          134.88537200000002,
          34.52442399999997
        ]
      }
    },
    {
      "type": "Feature",
      "properties": {
        "P27_001": "28226",
        "P27_002": "3",
        "P27_003": "99999",
        "P27_004": "03102",
        "P27_005": "北淡西スポーツセンターグラウンド",
        "P27_006": "淡路山育波620",
        "P27_007": 3,
        "P27_008": -99,
        "P27_009": 9999
      },
      "geometry": {
        "type": "Point",
        "coordinates": [
          134.88544300000004,
          34.524599999999964
        ]
      }
    },
    {
      "type": "Feature",
      "properties": {
        "P27_001": "28226",
        "P27_002": "3",
        "P27_003": "99999",
        "P27_004": "03103",
        "P27_005": "東浦グラウンド",
        "P27_006": "島1-64及び65",
        "P27_007": 3,
        "P27_008": -99,
        "P27_009": 9999
      },
      "geometry": {
        "type": "Point",
        "coordinates": [
          134.99816400000003,
          34.54793100000001
        ]
      }
    },
    {
      "type": "Feature",
      "properties": {
        "P27_001": "28226",
        "P27_002": "3",
        "P27_003": "99999",
        "P27_004": "03102",
        "P27_005": "東浦グラウンド",
        "P27_006": "島1-64及び65",
        "P27_007": 3,
        "P27_008": -99,
        "P27_009": 9999
      },
      "geometry": {
        "type": "Point",
        "coordinates": [
          134.99812799999998,
          34.54762799999999
        ]
      }
    },
    {
      "type": "Feature",
      "properties": {
        "P27_001": "28226",
        "P27_002": "3",
        "P27_003": "99999",
        "P27_004": "03115",
        "P27_005": "東浦グラウンド",
        "P27_006": "島1-64及び65",
        "P27_007": 3,
        "P27_008": -99,
        "P27_009": 9999
      },
      "geometry": {
        "type": "Point",
        "coordinates": [
          134.99720100000002,
          34.54753999999999
        ]
      }
    },
    {
      "type": "Feature",
      "properties": {
        "P27_001": "28226",
        "P27_002": "3",
        "P27_003": "99999",
        "P27_004": "03105",
        "P27_005": "津名温水プール",
        "P27_006": "大谷169",
        "P27_007": 3,
        "P27_008": -99,
        "P27_009": 9999
      },
      "geometry": {
        "type": "Point",
        "coordinates": [
          134.91541299999997,
          34.447109000000005
        ]
      }
    },
    {
      "type": "Feature",
      "properties": {
        "P27_001": "28226",
        "P27_002": "3",
        "P27_003": "99999",
        "P27_004": "03105",
        "P27_005": "津名第二温水プール",
        "P27_006": "志筑1482-1",
        "P27_007": 3,
        "P27_008": -99,
        "P27_009": 9999
      },
      "geometry": {
        "type": "Point",
        "coordinates": [
          134.90183699999997,
          34.435199999999995
        ]
      }
    },
    {
      "type": "Feature",
      "properties": {
        "P27_001": "28226",
        "P27_002": "3",
        "P27_003": "99999",
        "P27_004": "03105",
        "P27_005": "北淡温水プール",
        "P27_006": "浅野神田89-2",
        "P27_007": 3,
        "P27_008": -99,
        "P27_009": 9999
      },
      "geometry": {
        "type": "Point",
        "coordinates": [
          134.91584200000003,
          34.53421
        ]
      }
    },
    {
      "type": "Feature",
      "properties": {
        "P27_001": "28226",
        "P27_002": "3",
        "P27_003": "99999",
        "P27_004": "03105",
        "P27_005": "東浦Ｂ＆Ｇ海洋センタープール",
        "P27_006": "久留麻2711-1",
        "P27_007": 4,
        "P27_008": -99,
        "P27_009": 9999
      },
      "geometry": {
        "type": "Point",
        "coordinates": [
          134.983891,
          34.531313000000026
        ]
      }
    },
    {
      "type": "Feature",
      "properties": {
        "P27_001": "28226",
        "P27_002": "3",
        "P27_003": "99999",
        "P27_004": "03112",
        "P27_005": "武道館",
        "P27_006": "大谷194",
        "P27_007": 3,
        "P27_008": -99,
        "P27_009": 9999
      },
      "geometry": {
        "type": "Point",
        "coordinates": [
          134.91545599999998,
          34.448001999999995
        ]
      }
    },
    {
      "type": "Feature",
      "properties": {
        "P27_001": "28226",
        "P27_002": "3",
        "P27_003": "99999",
        "P27_004": "03115",
        "P27_005": "津名テニス場",
        "P27_006": "佐野新島5-1",
        "P27_007": 3,
        "P27_008": -99,
        "P27_009": 9999
      },
      "geometry": {
        "type": "Point",
        "coordinates": [
          134.933503,
          34.45758600000001
        ]
      }
    },
    {
      "type": "Feature",
      "properties": {
        "P27_001": "28227",
        "P27_002": "3",
        "P27_003": "99999",
        "P27_004": "03115",
        "P27_005": "山崎スポーツセンター",
        "P27_006": "山崎町下町1",
        "P27_007": 3,
        "P27_008": -99,
        "P27_009": 9999
      },
      "geometry": {
        "type": "Point",
        "coordinates": [
          134.53708300000002,
          35.02069
        ]
      }
    },
    {
      "type": "Feature",
      "properties": {
        "P27_001": "28227",
        "P27_002": "3",
        "P27_003": "99999",
        "P27_004": "03102",
        "P27_005": "山崎スポーツセンター",
        "P27_006": "山崎町下町1",
        "P27_007": 3,
        "P27_008": -99,
        "P27_009": 9999
      },
      "geometry": {
        "type": "Point",
        "coordinates": [
          134.53627499999996,
          35.02129299999998
        ]
      }
    },
    {
      "type": "Feature",
      "properties": {
        "P27_001": "28227",
        "P27_002": "3",
        "P27_003": "99999",
        "P27_004": "03109",
        "P27_005": "山崎スポーツセンター",
        "P27_006": "山崎町下町1",
        "P27_007": 3,
        "P27_008": -99,
        "P27_009": 9999
      },
      "geometry": {
        "type": "Point",
        "coordinates": [
          134.53732100000002,
          35.02105999999998
        ]
      }
    },
    {
      "type": "Feature",
      "properties": {
        "P27_001": "28227",
        "P27_002": "3",
        "P27_003": "99999",
        "P27_004": "03112",
        "P27_005": "山崎スポーツセンター",
        "P27_006": "山崎町下町1",
        "P27_007": 3,
        "P27_008": -99,
        "P27_009": 9999
      },
      "geometry": {
        "type": "Point",
        "coordinates": [
          134.53746300000003,
          35.02109800000001
        ]
      }
    },
    {
      "type": "Feature",
      "properties": {
        "P27_001": "28227",
        "P27_002": "3",
        "P27_003": "99999",
        "P27_004": "03104",
        "P27_005": "山崎スポーツセンター",
        "P27_006": "山崎町下町1",
        "P27_007": 3,
        "P27_008": -99,
        "P27_009": 9999
      },
      "geometry": {
        "type": "Point",
        "coordinates": [
          134.53811699999997,
          35.021234999999976
        ]
      }
    },
    {
      "type": "Feature",
      "properties": {
        "P27_001": "28227",
        "P27_002": "3",
        "P27_003": "99999",
        "P27_004": "03115",
        "P27_005": "スポニックパーク一宮",
        "P27_006": "一宮町東市場1090-3",
        "P27_007": 3,
        "P27_008": -99,
        "P27_009": 9999
      },
      "geometry": {
        "type": "Point",
        "coordinates": [
          134.59113999999997,
          35.090737
        ]
      }
    },
    {
      "type": "Feature",
      "properties": {
        "P27_001": "28227",
        "P27_002": "3",
        "P27_003": "99999",
        "P27_004": "03102",
        "P27_005": "スポニックパーク一宮",
        "P27_006": "一宮町東市場1090-3",
        "P27_007": 3,
        "P27_008": -99,
        "P27_009": 9999
      },
      "geometry": {
        "type": "Point",
        "coordinates": [
          134.59040399999998,
          35.092622999999996
        ]
      }
    },
    {
      "type": "Feature",
      "properties": {
        "P27_001": "28227",
        "P27_002": "3",
        "P27_003": "99999",
        "P27_004": "03105",
        "P27_005": "スポニックパーク一宮",
        "P27_006": "一宮町東市場1090-3",
        "P27_007": 3,
        "P27_008": -99,
        "P27_009": 9999
      },
      "geometry": {
        "type": "Point",
        "coordinates": [
          134.59073600000002,
          35.09158300000001
        ]
      }
    },
    {
      "type": "Feature",
      "properties": {
        "P27_001": "28227",
        "P27_002": "3",
        "P27_003": "99999",
        "P27_004": "03142",
        "P27_005": "スポニックパーク一宮",
        "P27_006": "一宮町東市場1090-3",
        "P27_007": 3,
        "P27_008": -99,
        "P27_009": 9999
      },
      "geometry": {
        "type": "Point",
        "coordinates": [
          134.59198399999997,
          35.091310999999976
        ]
      }
    },
    {
      "type": "Feature",
      "properties": {
        "P27_001": "28227",
        "P27_002": "3",
        "P27_003": "99999",
        "P27_004": "03109",
        "P27_005": "スポニックパーク一宮",
        "P27_006": "一宮町東市場1090-3",
        "P27_007": 3,
        "P27_008": -99,
        "P27_009": 9999
      },
      "geometry": {
        "type": "Point",
        "coordinates": [
          134.591176,
          35.09193300000001
        ]
      }
    },
    {
      "type": "Feature",
      "properties": {
        "P27_001": "28227",
        "P27_002": "3",
        "P27_003": "99999",
        "P27_004": "03142",
        "P27_005": "一宮ウッディパークキャンプ場",
        "P27_006": "一宮町伊和872-14",
        "P27_007": 3,
        "P27_008": -99,
        "P27_009": 9999
      },
      "geometry": {
        "type": "Point",
        "coordinates": [
          134.598352,
          35.08278200000003
        ]
      }
    },
    {
      "type": "Feature",
      "properties": {
        "P27_001": "28227",
        "P27_002": "3",
        "P27_003": "99999",
        "P27_004": "03102",
        "P27_005": "波賀総合スポーツ公園",
        "P27_006": "波賀町有賀97-1",
        "P27_007": 3,
        "P27_008": -99,
        "P27_009": 9999
      },
      "geometry": {
        "type": "Point",
        "coordinates": [
          134.54230200000003,
          35.16286399999996
        ]
      }
    },
    {
      "type": "Feature",
      "properties": {
        "P27_001": "28227",
        "P27_002": "3",
        "P27_003": "99999",
        "P27_004": "03115",
        "P27_005": "波賀総合スポーツ公園",
        "P27_006": "波賀町有賀97-1",
        "P27_007": 3,
        "P27_008": -99,
        "P27_009": 9999
      },
      "geometry": {
        "type": "Point",
        "coordinates": [
          134.54295599999995,
          35.161703
        ]
      }
    },
    {
      "type": "Feature",
      "properties": {
        "P27_001": "28227",
        "P27_002": "3",
        "P27_003": "99999",
        "P27_004": "03104",
        "P27_005": "波賀市民グラウンド",
        "P27_006": "波賀町上野164-1",
        "P27_007": 3,
        "P27_008": -99,
        "P27_009": 9999
      },
      "geometry": {
        "type": "Point",
        "coordinates": [
          134.54669299999998,
          35.16179499999998
        ]
      }
    },
    {
      "type": "Feature",
      "properties": {
        "P27_001": "28227",
        "P27_002": "3",
        "P27_003": "99999",
        "P27_004": "03109",
        "P27_005": "宍粟市波賀Ｂ＆Ｇ海洋センター",
        "P27_006": "波賀町有賀29-1",
        "P27_007": 4,
        "P27_008": -99,
        "P27_009": 9999
      },
      "geometry": {
        "type": "Point",
        "coordinates": [
          134.54183400000002,
          35.160828999999985
        ]
      }
    },
    {
      "type": "Feature",
      "properties": {
        "P27_001": "28227",
        "P27_002": "3",
        "P27_003": "99999",
        "P27_004": "03105",
        "P27_005": "宍粟市波賀Ｂ＆Ｇ海洋センター",
        "P27_006": "波賀町有賀29-1",
        "P27_007": 4,
        "P27_008": -99,
        "P27_009": 9999
      },
      "geometry": {
        "type": "Point",
        "coordinates": [
          134.54234500000004,
          35.16066400000001
        ]
      }
    },
    {
      "type": "Feature",
      "properties": {
        "P27_001": "28227",
        "P27_002": "3",
        "P27_003": "99999",
        "P27_004": "03105",
        "P27_005": "宍粟市千種Ｂ＆Ｇ海洋センター",
        "P27_006": "千種町千草17-1",
        "P27_007": 4,
        "P27_008": -99,
        "P27_009": 9999
      },
      "geometry": {
        "type": "Point",
        "coordinates": [
          134.44361999999998,
          35.150489000000036
        ]
      }
    },
    {
      "type": "Feature",
      "properties": {
        "P27_001": "28228",
        "P27_002": "3",
        "P27_003": "99999",
        "P27_004": "03109",
        "P27_005": "加東市社第一体育館",
        "P27_006": "沢部613-1",
        "P27_007": 3,
        "P27_008": -99,
        "P27_009": 9999
      },
      "geometry": {
        "type": "Point",
        "coordinates": [
          134.95694900000004,
          34.89701399999998
        ]
      }
    },
    {
      "type": "Feature",
      "properties": {
        "P27_001": "28228",
        "P27_002": "3",
        "P27_003": "99999",
        "P27_004": "03112",
        "P27_005": "加東市社武道館",
        "P27_006": "木梨1131",
        "P27_007": 3,
        "P27_008": -99,
        "P27_009": 9999
      },
      "geometry": {
        "type": "Point",
        "coordinates": [
          134.97276600000004,
          34.919528000000014
        ]
      }
    },
    {
      "type": "Feature",
      "properties": {
        "P27_001": "28228",
        "P27_002": "3",
        "P27_003": "99999",
        "P27_004": "03113",
        "P27_005": "加東市社武道館",
        "P27_006": "木梨1131",
        "P27_007": 3,
        "P27_008": -99,
        "P27_009": 9999
      },
      "geometry": {
        "type": "Point",
        "coordinates": [
          134.972624,
          34.91954699999999
        ]
      }
    },
    {
      "type": "Feature",
      "properties": {
        "P27_001": "28228",
        "P27_002": "3",
        "P27_003": "99999",
        "P27_004": "03109",
        "P27_005": "加東市滝野体育センター",
        "P27_006": "上滝野1167-5",
        "P27_007": 3,
        "P27_008": -99,
        "P27_009": 9999
      },
      "geometry": {
        "type": "Point",
        "coordinates": [
          134.956138,
          34.94539500000002
        ]
      }
    },
    {
      "type": "Feature",
      "properties": {
        "P27_001": "28228",
        "P27_002": "3",
        "P27_003": "99999",
        "P27_004": "03109",
        "P27_005": "加東市滝野総合公園体育館スカイピア",
        "P27_006": "河高4007",
        "P27_007": 3,
        "P27_008": 2,
        "P27_009": 2004
      },
      "geometry": {
        "type": "Point",
        "coordinates": [
          134.93815399999997,
          34.92780100000001
        ]
      }
    },
    {
      "type": "Feature",
      "properties": {
        "P27_001": "28228",
        "P27_002": "3",
        "P27_003": "99999",
        "P27_004": "03109",
        "P27_005": "加東市東条第一体育館",
        "P27_006": "岡本1564-1",
        "P27_007": 3,
        "P27_008": -99,
        "P27_009": 9999
      },
      "geometry": {
        "type": "Point",
        "coordinates": [
          135.050432,
          34.894960000000026
        ]
      }
    },
    {
      "type": "Feature",
      "properties": {
        "P27_001": "28228",
        "P27_002": "3",
        "P27_003": "99999",
        "P27_004": "03109",
        "P27_005": "加東市東条第二体育館",
        "P27_006": "天神626",
        "P27_007": 3,
        "P27_008": -99,
        "P27_009": 9999
      },
      "geometry": {
        "type": "Point",
        "coordinates": [
          135.06221600000003,
          34.91145399999997
        ]
      }
    },
    {
      "type": "Feature",
      "properties": {
        "P27_001": "28228",
        "P27_002": "3",
        "P27_003": "99999",
        "P27_004": "03102",
        "P27_005": "加東市社第一グラウンド",
        "P27_006": "東実210",
        "P27_007": 3,
        "P27_008": -99,
        "P27_009": 9999
      },
      "geometry": {
        "type": "Point",
        "coordinates": [
          134.95839199999998,
          34.89699799999998
        ]
      }
    },
    {
      "type": "Feature",
      "properties": {
        "P27_001": "28228",
        "P27_002": "3",
        "P27_003": "99999",
        "P27_004": "03115",
        "P27_005": "加東市社第二グラウンド",
        "P27_006": "藤田473-1",
        "P27_007": 3,
        "P27_008": -99,
        "P27_009": 9999
      },
      "geometry": {
        "type": "Point",
        "coordinates": [
          134.98954200000003,
          34.924598000000024
        ]
      }
    },
    {
      "type": "Feature",
      "properties": {
        "P27_001": "28228",
        "P27_002": "3",
        "P27_003": "99999",
        "P27_004": "03103",
        "P27_005": "加東市社第三グラウンド",
        "P27_006": "佐保43",
        "P27_007": 3,
        "P27_008": -99,
        "P27_009": 9999
      },
      "geometry": {
        "type": "Point",
        "coordinates": [
          134.94781499999996,
          34.906098000000014
        ]
      }
    },
    {
      "type": "Feature",
      "properties": {
        "P27_001": "28228",
        "P27_002": "3",
        "P27_003": "99999",
        "P27_004": "03102",
        "P27_005": "加東市社第三グラウンド",
        "P27_006": "佐保43",
        "P27_007": 3,
        "P27_008": -99,
        "P27_009": 9999
      },
      "geometry": {
        "type": "Point",
        "coordinates": [
          134.94875400000004,
          34.90594199999998
        ]
      }
    },
    {
      "type": "Feature",
      "properties": {
        "P27_001": "28228",
        "P27_002": "3",
        "P27_003": "99999",
        "P27_004": "03102",
        "P27_005": "加東市滝野総合公園多目的グラウンド",
        "P27_006": "河高4007",
        "P27_007": 3,
        "P27_008": -99,
        "P27_009": 9999
      },
      "geometry": {
        "type": "Point",
        "coordinates": [
          134.93853399999998,
          34.92884399999998
        ]
      }
    },
    {
      "type": "Feature",
      "properties": {
        "P27_001": "28228",
        "P27_002": "3",
        "P27_003": "99999",
        "P27_004": "03103",
        "P27_005": "加東市滝野総合公園多目的グラウンド",
        "P27_006": "河高4007",
        "P27_007": 3,
        "P27_008": -99,
        "P27_009": 9999
      },
      "geometry": {
        "type": "Point",
        "coordinates": [
          134.93936599999998,
          34.92865900000003
        ]
      }
    },
    {
      "type": "Feature",
      "properties": {
        "P27_001": "28228",
        "P27_002": "3",
        "P27_003": "99999",
        "P27_004": "03102",
        "P27_005": "加東市グリーンヒル・スタジアム",
        "P27_006": "高岡1091-1",
        "P27_007": 3,
        "P27_008": -99,
        "P27_009": 9999
      },
      "geometry": {
        "type": "Point",
        "coordinates": [
          134.918609,
          34.92267899999996
        ]
      }
    },
    {
      "type": "Feature",
      "properties": {
        "P27_001": "28228",
        "P27_002": "3",
        "P27_003": "99999",
        "P27_004": "03102",
        "P27_005": "加東市東条グラウンド",
        "P27_006": "岡本1521",
        "P27_007": 3,
        "P27_008": -99,
        "P27_009": 9999
      },
      "geometry": {
        "type": "Point",
        "coordinates": [
          135.04896400000004,
          34.892202999999995
        ]
      }
    },
    {
      "type": "Feature",
      "properties": {
        "P27_001": "28228",
        "P27_002": "3",
        "P27_003": "99999",
        "P27_004": "03103",
        "P27_005": "加東市東条健康の森スポーツ広場",
        "P27_006": "新定724-11",
        "P27_007": 3,
        "P27_008": -99,
        "P27_009": 9999
      },
      "geometry": {
        "type": "Point",
        "coordinates": [
          135.04820999999998,
          34.88941800000004
        ]
      }
    },
    {
      "type": "Feature",
      "properties": {
        "P27_001": "28228",
        "P27_002": "3",
        "P27_003": "99999",
        "P27_004": "03102",
        "P27_005": "加東市東条野球場",
        "P27_006": "長貞1823-33",
        "P27_007": 3,
        "P27_008": -99,
        "P27_009": 9999
      },
      "geometry": {
        "type": "Point",
        "coordinates": [
          135.08458699999997,
          34.907784999999976
        ]
      }
    },
    {
      "type": "Feature",
      "properties": {
        "P27_001": "28228",
        "P27_002": "3",
        "P27_003": "99999",
        "P27_004": "03115",
        "P27_005": "加東市社第一グラウンド（テニスコート）",
        "P27_006": "東実210",
        "P27_007": 3,
        "P27_008": -99,
        "P27_009": 9999
      },
      "geometry": {
        "type": "Point",
        "coordinates": [
          134.95764300000002,
          34.89694900000001
        ]
      }
    },
    {
      "type": "Feature",
      "properties": {
        "P27_001": "28228",
        "P27_002": "3",
        "P27_003": "99999",
        "P27_004": "03115",
        "P27_005": "加東市社第二グラウンド（テニスコート）",
        "P27_006": "藤田473-1",
        "P27_007": 3,
        "P27_008": -99,
        "P27_009": 9999
      },
      "geometry": {
        "type": "Point",
        "coordinates": [
          134.989387,
          34.924840999999965
        ]
      }
    },
    {
      "type": "Feature",
      "properties": {
        "P27_001": "28228",
        "P27_002": "3",
        "P27_003": "99999",
        "P27_004": "03115",
        "P27_005": "加東市滝野総合公園テニスコート",
        "P27_006": "河高4007",
        "P27_007": 3,
        "P27_008": -99,
        "P27_009": 9999
      },
      "geometry": {
        "type": "Point",
        "coordinates": [
          134.93751199999997,
          34.92807400000004
        ]
      }
    },
    {
      "type": "Feature",
      "properties": {
        "P27_001": "28228",
        "P27_002": "3",
        "P27_003": "99999",
        "P27_004": "03115",
        "P27_005": "加東市東条グラウンド（テニスコート）",
        "P27_006": "岡本1521",
        "P27_007": 3,
        "P27_008": -99,
        "P27_009": 9999
      },
      "geometry": {
        "type": "Point",
        "coordinates": [
          135.04953500000002,
          34.892698
        ]
      }
    },
    {
      "type": "Feature",
      "properties": {
        "P27_001": "28229",
        "P27_002": "3",
        "P27_003": "99999",
        "P27_004": "03115",
        "P27_005": "龍野体育館",
        "P27_006": "龍野町富永1005-1",
        "P27_007": 3,
        "P27_008": -99,
        "P27_009": 9999
      },
      "geometry": {
        "type": "Point",
        "coordinates": [
          134.54341300000002,
          34.85778999999997
        ]
      }
    },
    {
      "type": "Feature",
      "properties": {
        "P27_001": "28229",
        "P27_002": "3",
        "P27_003": "99999",
        "P27_004": "03109",
        "P27_005": "新宮スポーツセンター",
        "P27_006": "新宮町宮内56",
        "P27_007": 3,
        "P27_008": -99,
        "P27_009": 9999
      },
      "geometry": {
        "type": "Point",
        "coordinates": [
          134.546853,
          34.92475099999998
        ]
      }
    },
    {
      "type": "Feature",
      "properties": {
        "P27_001": "28229",
        "P27_002": "3",
        "P27_003": "99999",
        "P27_004": "03109",
        "P27_005": "揖保川スポーツセンター",
        "P27_006": "揖保川町黍田427-25",
        "P27_007": 3,
        "P27_008": -99,
        "P27_009": 9999
      },
      "geometry": {
        "type": "Point",
        "coordinates": [
          134.517115,
          34.823171000000045
        ]
      }
    },
    {
      "type": "Feature",
      "properties": {
        "P27_001": "28229",
        "P27_002": "3",
        "P27_003": "99999",
        "P27_004": "03109",
        "P27_005": "御津体育館",
        "P27_006": "御津町黒崎1730",
        "P27_007": 3,
        "P27_008": -99,
        "P27_009": 9999
      },
      "geometry": {
        "type": "Point",
        "coordinates": [
          134.550577,
          34.774861000000016
        ]
      }
    },
    {
      "type": "Feature",
      "properties": {
        "P27_001": "28229",
        "P27_002": "3",
        "P27_003": "99999",
        "P27_004": "03115",
        "P27_005": "御津体育館",
        "P27_006": "御津町黒崎1730",
        "P27_007": 3,
        "P27_008": -99,
        "P27_009": 9999
      },
      "geometry": {
        "type": "Point",
        "coordinates": [
          134.55155099999996,
          34.774715000000015
        ]
      }
    },
    {
      "type": "Feature",
      "properties": {
        "P27_001": "28229",
        "P27_002": "3",
        "P27_003": "99999",
        "P27_004": "03105",
        "P27_005": "新宮温水プール",
        "P27_006": "新宮町平野118-1",
        "P27_007": 3,
        "P27_008": -99,
        "P27_009": 9999
      },
      "geometry": {
        "type": "Point",
        "coordinates": [
          134.53782099999998,
          34.92317900000003
        ]
      }
    },
    {
      "type": "Feature",
      "properties": {
        "P27_001": "28301",
        "P27_002": "3",
        "P27_003": "99999",
        "P27_004": "03105",
        "P27_005": "猪名川町Ｂ＆Ｇ海洋センター",
        "P27_006": "伏見台1-1-27",
        "P27_007": 3,
        "P27_008": -99,
        "P27_009": 2001
      },
      "geometry": {
        "type": "Point",
        "coordinates": [
          135.39321099999998,
          34.907798999999976
        ]
      }
    },
    {
      "type": "Feature",
      "properties": {
        "P27_001": "28301",
        "P27_002": "3",
        "P27_003": "99999",
        "P27_004": "03109",
        "P27_005": "猪名川町スポーツセンター",
        "P27_006": "万善字十貫25-1",
        "P27_007": 3,
        "P27_008": -99,
        "P27_009": 9999
      },
      "geometry": {
        "type": "Point",
        "coordinates": [
          135.344836,
          34.92547500000002
        ]
      }
    },
    {
      "type": "Feature",
      "properties": {
        "P27_001": "28301",
        "P27_002": "3",
        "P27_003": "99999",
        "P27_004": "03115",
        "P27_005": "猪名川町スポーツセンター",
        "P27_006": "万善字十貫25-1",
        "P27_007": 3,
        "P27_008": -99,
        "P27_009": 9999
      },
      "geometry": {
        "type": "Point",
        "coordinates": [
          135.34505000000001,
          34.924598000000024
        ]
      }
    },
    {
      "type": "Feature",
      "properties": {
        "P27_001": "28301",
        "P27_002": "3",
        "P27_003": "99999",
        "P27_004": "03120",
        "P27_005": "猪名川町スポーツセンター",
        "P27_006": "万善字十貫25-1",
        "P27_007": 3,
        "P27_008": -99,
        "P27_009": 9999
      },
      "geometry": {
        "type": "Point",
        "coordinates": [
          135.345157,
          34.925231
        ]
      }
    },
    {
      "type": "Feature",
      "properties": {
        "P27_001": "28301",
        "P27_002": "3",
        "P27_003": "99999",
        "P27_004": "03111",
        "P27_005": "猪名川町スポーツセンター",
        "P27_006": "万善字十貫25-1",
        "P27_007": 3,
        "P27_008": -99,
        "P27_009": 9999
      },
      "geometry": {
        "type": "Point",
        "coordinates": [
          135.34489599999998,
          34.925231
        ]
      }
    },
    {
      "type": "Feature",
      "properties": {
        "P27_001": "28301",
        "P27_002": "3",
        "P27_003": "99999",
        "P27_004": "03132",
        "P27_005": "猪名川町スポーツセンター",
        "P27_006": "万善字十貫25-1",
        "P27_007": 3,
        "P27_008": -99,
        "P27_009": 9999
      },
      "geometry": {
        "type": "Point",
        "coordinates": [
          135.345026,
          34.925318999999995
        ]
      }
    },
    {
      "type": "Feature",
      "properties": {
        "P27_001": "28301",
        "P27_002": "3",
        "P27_003": "99999",
        "P27_004": "03129",
        "P27_005": "猪名川町スポーツセンター",
        "P27_006": "万善字十貫25-1",
        "P27_007": 3,
        "P27_008": -99,
        "P27_009": 9999
      },
      "geometry": {
        "type": "Point",
        "coordinates": [
          135.34494299999997,
          34.92549399999999
        ]
      }
    },
    {
      "type": "Feature",
      "properties": {
        "P27_001": "28301",
        "P27_002": "3",
        "P27_003": "99999",
        "P27_004": "03102",
        "P27_005": "猪名川町スポーツセンター",
        "P27_006": "万善字十貫25-1",
        "P27_007": 3,
        "P27_008": -99,
        "P27_009": 9999
      },
      "geometry": {
        "type": "Point",
        "coordinates": [
          135.34495499999997,
          34.92647799999997
        ]
      }
    },
    {
      "type": "Feature",
      "properties": {
        "P27_001": "28301",
        "P27_002": "3",
        "P27_003": "99999",
        "P27_004": "03101",
        "P27_005": "猪名川町スポーツセンター",
        "P27_006": "万善字十貫25-1",
        "P27_007": 3,
        "P27_008": -99,
        "P27_009": 9999
      },
      "geometry": {
        "type": "Point",
        "coordinates": [
          135.34500299999996,
          34.926750999999996
        ]
      }
    },
    {
      "type": "Feature",
      "properties": {
        "P27_001": "28301",
        "P27_002": "3",
        "P27_003": "99999",
        "P27_004": "03113",
        "P27_005": "猪名川町スポーツセンター",
        "P27_006": "万善字十貫25-1",
        "P27_007": 3,
        "P27_008": -99,
        "P27_009": 9999
      },
      "geometry": {
        "type": "Point",
        "coordinates": [
          135.345157,
          34.92534799999999
        ]
      }
    },
    {
      "type": "Feature",
      "properties": {
        "P27_001": "28301",
        "P27_002": "3",
        "P27_003": "99999",
        "P27_004": "03115",
        "P27_005": "登り尾公園・うぐいす池公園テニスコート",
        "P27_006": "白金2-113-49",
        "P27_007": 3,
        "P27_008": -99,
        "P27_009": 9999
      },
      "geometry": {
        "type": "Point",
        "coordinates": [
          135.35594,
          34.89997000000004
        ]
      }
    },
    {
      "type": "Feature",
      "properties": {
        "P27_001": "28365",
        "P27_002": "3",
        "P27_003": "99999",
        "P27_004": "03109",
        "P27_005": "ガルテン八千代（体育館）",
        "P27_006": "八千代区中野間363-13",
        "P27_007": 3,
        "P27_008": -99,
        "P27_009": 9999
      },
      "geometry": {
        "type": "Point",
        "coordinates": [
          134.909798,
          35.01459899999998
        ]
      }
    },
    {
      "type": "Feature",
      "properties": {
        "P27_001": "28365",
        "P27_002": "3",
        "P27_003": "99999",
        "P27_004": "03103",
        "P27_005": "ガルテン八千代（グラウンド）",
        "P27_006": "八千代区中野間363-13",
        "P27_007": 3,
        "P27_008": -99,
        "P27_009": 9999
      },
      "geometry": {
        "type": "Point",
        "coordinates": [
          134.908949180479,
          35.01346674009637
        ]
      }
    },
    {
      "type": "Feature",
      "properties": {
        "P27_001": "28365",
        "P27_002": "3",
        "P27_003": "99999",
        "P27_004": "03115",
        "P27_005": "ガルテン八千代（テニスコート）",
        "P27_006": "八千代区中野間363-13",
        "P27_007": 3,
        "P27_008": -99,
        "P27_009": 9999
      },
      "geometry": {
        "type": "Point",
        "coordinates": [
          134.90729099999996,
          35.01369399999998
        ]
      }
    },
    {
      "type": "Feature",
      "properties": {
        "P27_001": "28365",
        "P27_002": "3",
        "P27_003": "99999",
        "P27_004": "03109",
        "P27_005": "健康福祉センターアスパル",
        "P27_006": "中区岸上281-51",
        "P27_007": 3,
        "P27_008": -99,
        "P27_009": 9999
      },
      "geometry": {
        "type": "Point",
        "coordinates": [
          134.91872899999998,
          35.05675999999999
        ]
      }
    },
    {
      "type": "Feature",
      "properties": {
        "P27_001": "28365",
        "P27_002": "3",
        "P27_003": "99999",
        "P27_004": "03120",
        "P27_005": "健康福祉センターアスパル",
        "P27_006": "中区岸上281-51",
        "P27_007": 3,
        "P27_008": -99,
        "P27_009": 9999
      },
      "geometry": {
        "type": "Point",
        "coordinates": [
          134.918872,
          35.05661399999999
        ]
      }
    },
    {
      "type": "Feature",
      "properties": {
        "P27_001": "28365",
        "P27_002": "3",
        "P27_003": "99999",
        "P27_004": "03111",
        "P27_005": "健康福祉センターアスパル",
        "P27_006": "中区岸上281-51",
        "P27_007": 3,
        "P27_008": -99,
        "P27_009": 9999
      },
      "geometry": {
        "type": "Point",
        "coordinates": [
          134.919062,
          35.056458999999954
        ]
      }
    },
    {
      "type": "Feature",
      "properties": {
        "P27_001": "28365",
        "P27_002": "3",
        "P27_003": "99999",
        "P27_004": "03129",
        "P27_005": "トレーニングルーム",
        "P27_006": "中区岸上281-52",
        "P27_007": 3,
        "P27_008": -99,
        "P27_009": 9999
      },
      "geometry": {
        "type": "Point",
        "coordinates": [
          134.91918599999997,
          35.05636100000002
        ]
      }
    },
    {
      "type": "Feature",
      "properties": {
        "P27_001": "28365",
        "P27_002": "3",
        "P27_003": "99999",
        "P27_004": "03109",
        "P27_005": "中央公園北アリーナ",
        "P27_006": "中区岸上281-22",
        "P27_007": 3,
        "P27_008": -99,
        "P27_009": 9999
      },
      "geometry": {
        "type": "Point",
        "coordinates": [
          134.919459,
          35.057376999999974
        ]
      }
    },
    {
      "type": "Feature",
      "properties": {
        "P27_001": "28365",
        "P27_002": "3",
        "P27_003": "99999",
        "P27_004": "03102",
        "P27_005": "中央公園グラウンド",
        "P27_006": "中区岸上280-51(生涯スポーツ室)",
        "P27_007": 3,
        "P27_008": -99,
        "P27_009": 9999
      },
      "geometry": {
        "type": "Point",
        "coordinates": [
          134.921126,
          35.05587900000002
        ]
      }
    },
    {
      "type": "Feature",
      "properties": {
        "P27_001": "28365",
        "P27_002": "3",
        "P27_003": "99999",
        "P27_004": "03103",
        "P27_005": "中央公園グラウンド",
        "P27_006": "中区岸上280-51(生涯スポーツ室)",
        "P27_007": 3,
        "P27_008": -99,
        "P27_009": 9999
      },
      "geometry": {
        "type": "Point",
        "coordinates": [
          134.92147000000003,
          35.05550900000004
        ]
      }
    },
    {
      "type": "Feature",
      "properties": {
        "P27_001": "28365",
        "P27_002": "3",
        "P27_003": "99999",
        "P27_004": "03115",
        "P27_005": "中央公園テニスコート",
        "P27_006": "中区岸上280-51",
        "P27_007": 3,
        "P27_008": -99,
        "P27_009": 9999
      },
      "geometry": {
        "type": "Point",
        "coordinates": [
          134.920424,
          35.056189999999994
        ]
      }
    },
    {
      "type": "Feature",
      "properties": {
        "P27_001": "28365",
        "P27_002": "3",
        "P27_003": "99999",
        "P27_004": "03107",
        "P27_005": "中央公園プール（町民プール）",
        "P27_006": "中区岸上224-19",
        "P27_007": 3,
        "P27_008": -99,
        "P27_009": 9999
      },
      "geometry": {
        "type": "Point",
        "coordinates": [
          134.92086800000004,
          35.057143999999965
        ]
      }
    },
    {
      "type": "Feature",
      "properties": {
        "P27_001": "28365",
        "P27_002": "3",
        "P27_003": "99999",
        "P27_004": "03115",
        "P27_005": "サン・スポーツランド加美（かみ高地）（テニスコート・ゲートボールコート）",
        "P27_006": "加美区豊部1840-52(エコミール加美)",
        "P27_007": 3,
        "P27_008": -99,
        "P27_009": 9999
      },
      "geometry": {
        "type": "Point",
        "coordinates": [
          134.90438099999997,
          35.10106999999999
        ]
      }
    },
    {
      "type": "Feature",
      "properties": {
        "P27_001": "28365",
        "P27_002": "3",
        "P27_003": "99999",
        "P27_004": "03115",
        "P27_005": "加美運動公園（かみ高地）",
        "P27_006": "加美区豊部1857-1",
        "P27_007": 3,
        "P27_008": -99,
        "P27_009": 9999
      },
      "geometry": {
        "type": "Point",
        "coordinates": [
          134.902158,
          35.10137699999999
        ]
      }
    },
    {
      "type": "Feature",
      "properties": {
        "P27_001": "28365",
        "P27_002": "3",
        "P27_003": "99999",
        "P27_004": "03102",
        "P27_005": "加美運動公園（かみ高地）",
        "P27_006": "加美区豊部1857-1",
        "P27_007": 3,
        "P27_008": -99,
        "P27_009": 9999
      },
      "geometry": {
        "type": "Point",
        "coordinates": [
          134.90162300000003,
          35.10047199999999
        ]
      }
    },
    {
      "type": "Feature",
      "properties": {
        "P27_001": "28365",
        "P27_002": "3",
        "P27_003": "99999",
        "P27_004": "03102",
        "P27_005": "加美北グラウンド",
        "P27_006": "加美区市原70-1",
        "P27_007": 3,
        "P27_008": -99,
        "P27_009": 9999
      },
      "geometry": {
        "type": "Point",
        "coordinates": [
          134.924528,
          35.13780500000003
        ]
      }
    },
    {
      "type": "Feature",
      "properties": {
        "P27_001": "28365",
        "P27_002": "3",
        "P27_003": "99999",
        "P27_004": "03104",
        "P27_005": "加美北グラウンド",
        "P27_006": "加美区市原70-1",
        "P27_007": 3,
        "P27_008": -99,
        "P27_009": 9999
      },
      "geometry": {
        "type": "Point",
        "coordinates": [
          134.924588,
          35.13765900000003
        ]
      }
    },
    {
      "type": "Feature",
      "properties": {
        "P27_001": "28365",
        "P27_002": "3",
        "P27_003": "99999",
        "P27_004": "03102",
        "P27_005": "加美中グラウンド",
        "P27_006": "加美区豊部412-1(加美プラザ)",
        "P27_007": 3,
        "P27_008": -99,
        "P27_009": 9999
      },
      "geometry": {
        "type": "Point",
        "coordinates": [
          134.89958599999997,
          35.10674599999996
        ]
      }
    },
    {
      "type": "Feature",
      "properties": {
        "P27_001": "28365",
        "P27_002": "3",
        "P27_003": "99999",
        "P27_004": "03104",
        "P27_005": "加美中グラウンド",
        "P27_006": "加美区豊部412-1(加美プラザ)",
        "P27_007": 3,
        "P27_008": -99,
        "P27_009": 9999
      },
      "geometry": {
        "type": "Point",
        "coordinates": [
          134.89957399999994,
          35.106959999999994
        ]
      }
    },
    {
      "type": "Feature",
      "properties": {
        "P27_001": "28365",
        "P27_002": "3",
        "P27_003": "99999",
        "P27_004": "03109",
        "P27_005": "加美体育館",
        "P27_006": "加美区豊部250-1(加美プラザ)",
        "P27_007": 3,
        "P27_008": -99,
        "P27_009": 9999
      },
      "geometry": {
        "type": "Point",
        "coordinates": [
          134.90126699999996,
          35.10252400000004
        ]
      }
    },
    {
      "type": "Feature",
      "properties": {
        "P27_001": "28365",
        "P27_002": "3",
        "P27_003": "99999",
        "P27_004": "03109",
        "P27_005": "加美北部体育館",
        "P27_006": "加美区清水783-1(加美プラザ)",
        "P27_007": 3,
        "P27_008": -99,
        "P27_009": 9999
      },
      "geometry": {
        "type": "Point",
        "coordinates": [
          134.93183100000002,
          35.16705899999996
        ]
      }
    },
    {
      "type": "Feature",
      "properties": {
        "P27_001": "28381",
        "P27_002": "3",
        "P27_003": "99999",
        "P27_004": "03109",
        "P27_005": "いなみ野体育センター",
        "P27_006": "国安1294-2",
        "P27_007": 3,
        "P27_008": -99,
        "P27_009": 9999
      },
      "geometry": {
        "type": "Point",
        "coordinates": [
          134.92127800000003,
          34.748324999999994
        ]
      }
    },
    {
      "type": "Feature",
      "properties": {
        "P27_001": "28381",
        "P27_002": "3",
        "P27_003": "99999",
        "P27_004": "03120",
        "P27_005": "いなみ野体育センター",
        "P27_006": "国安1294-2",
        "P27_007": 3,
        "P27_008": -99,
        "P27_009": 9999
      },
      "geometry": {
        "type": "Point",
        "coordinates": [
          134.92126600000003,
          34.74816799999997
        ]
      }
    },
    {
      "type": "Feature",
      "properties": {
        "P27_001": "28381",
        "P27_002": "3",
        "P27_003": "99999",
        "P27_004": "03138",
        "P27_005": "稲美中央公園（多目的グラウンド、テニスコート、ゲートボール場）",
        "P27_006": "国安1287-3",
        "P27_007": 3,
        "P27_008": -99,
        "P27_009": 9999
      },
      "geometry": {
        "type": "Point",
        "coordinates": [
          134.922673,
          34.74929900000003
        ]
      }
    },
    {
      "type": "Feature",
      "properties": {
        "P27_001": "28381",
        "P27_002": "3",
        "P27_003": "99999",
        "P27_004": "03102",
        "P27_005": "稲美中央公園（多目的グラウンド、テニスコート、ゲートボール場）",
        "P27_006": "国安1287-3",
        "P27_007": 3,
        "P27_008": -99,
        "P27_009": 9999
      },
      "geometry": {
        "type": "Point",
        "coordinates": [
          134.922673,
          34.75060799999998
        ]
      }
    },
    {
      "type": "Feature",
      "properties": {
        "P27_001": "28381",
        "P27_002": "3",
        "P27_003": "99999",
        "P27_004": "03104",
        "P27_005": "稲美中央公園（多目的グラウンド、テニスコート、ゲートボール場）",
        "P27_006": "国安1287-3",
        "P27_007": 3,
        "P27_008": -99,
        "P27_009": 9999
      },
      "geometry": {
        "type": "Point",
        "coordinates": [
          134.922685,
          34.75035400000001
        ]
      }
    },
    {
      "type": "Feature",
      "properties": {
        "P27_001": "28381",
        "P27_002": "3",
        "P27_003": "99999",
        "P27_004": "03115",
        "P27_005": "稲美中央公園（多目的グラウンド、テニスコート、ゲートボール場）",
        "P27_006": "国安1287-3",
        "P27_007": 3,
        "P27_008": -99,
        "P27_009": 9999
      },
      "geometry": {
        "type": "Point",
        "coordinates": [
          134.921461,
          34.74998300000004
        ]
      }
    },
    {
      "type": "Feature",
      "properties": {
        "P27_001": "28381",
        "P27_002": "3",
        "P27_003": "99999",
        "P27_004": "03101",
        "P27_005": "サン・スポーツランドいなみ",
        "P27_006": "岡1840-2",
        "P27_007": 3,
        "P27_008": -99,
        "P27_009": 9999
      },
      "geometry": {
        "type": "Point",
        "coordinates": [
          134.92295499999997,
          34.740484000000045
        ]
      }
    },
    {
      "type": "Feature",
      "properties": {
        "P27_001": "28381",
        "P27_002": "3",
        "P27_003": "99999",
        "P27_004": "03104",
        "P27_005": "サン・スポーツランドいなみ",
        "P27_006": "岡1840-2",
        "P27_007": 3,
        "P27_008": -99,
        "P27_009": 9999
      },
      "geometry": {
        "type": "Point",
        "coordinates": [
          134.92301399999997,
          34.739965999999995
        ]
      }
    },
    {
      "type": "Feature",
      "properties": {
        "P27_001": "28381",
        "P27_002": "3",
        "P27_003": "99999",
        "P27_004": "03115",
        "P27_005": "サン・スポーツランドいなみ",
        "P27_006": "岡1840-2",
        "P27_007": 3,
        "P27_008": -99,
        "P27_009": 9999
      },
      "geometry": {
        "type": "Point",
        "coordinates": [
          134.92301399999997,
          34.740200999999985
        ]
      }
    },
    {
      "type": "Feature",
      "properties": {
        "P27_001": "28381",
        "P27_002": "3",
        "P27_003": "99999",
        "P27_004": "03102",
        "P27_005": "高薗寺球場",
        "P27_006": "野寺846-25",
        "P27_007": 3,
        "P27_008": -99,
        "P27_009": 9999
      },
      "geometry": {
        "type": "Point",
        "coordinates": [
          134.94395,
          34.763120999999956
        ]
      }
    },
    {
      "type": "Feature",
      "properties": {
        "P27_001": "28381",
        "P27_002": "3",
        "P27_003": "99999",
        "P27_004": "03102",
        "P27_005": "大沢池スポーツ公園グラウンド",
        "P27_006": "中一色280",
        "P27_007": 3,
        "P27_008": -99,
        "P27_009": 9999
      },
      "geometry": {
        "type": "Point",
        "coordinates": [
          134.88772099999997,
          34.75444300000003
        ]
      }
    },
    {
      "type": "Feature",
      "properties": {
        "P27_001": "28382",
        "P27_002": "3",
        "P27_003": "99999",
        "P27_004": "03103",
        "P27_005": "秋ヶ池運動公園",
        "P27_006": "二子351-13",
        "P27_007": 3,
        "P27_008": -99,
        "P27_009": 9999
      },
      "geometry": {
        "type": "Point",
        "coordinates": [
          134.873437,
          34.71359900000001
        ]
      }
    },
    {
      "type": "Feature",
      "properties": {
        "P27_001": "28442",
        "P27_002": "3",
        "P27_003": "99999",
        "P27_004": "03109",
        "P27_005": "市川町スポーツセンター",
        "P27_006": "北田中498",
        "P27_007": 3,
        "P27_008": -99,
        "P27_009": 9999
      },
      "geometry": {
        "type": "Point",
        "coordinates": [
          134.77533800000003,
          34.97974699999997
        ]
      }
    },
    {
      "type": "Feature",
      "properties": {
        "P27_001": "28442",
        "P27_002": "3",
        "P27_003": "99999",
        "P27_004": "03102",
        "P27_005": "市川町スポーツセンター",
        "P27_006": "北田中498",
        "P27_007": 3,
        "P27_008": -99,
        "P27_009": 9999
      },
      "geometry": {
        "type": "Point",
        "coordinates": [
          134.77496999999997,
          34.980662
        ]
      }
    },
    {
      "type": "Feature",
      "properties": {
        "P27_001": "28442",
        "P27_002": "3",
        "P27_003": "99999",
        "P27_004": "03105",
        "P27_005": "市川町スポーツセンター",
        "P27_006": "北田中498",
        "P27_007": 3,
        "P27_008": -99,
        "P27_009": 9999
      },
      "geometry": {
        "type": "Point",
        "coordinates": [
          134.77457799999996,
          34.979483999999964
        ]
      }
    },
    {
      "type": "Feature",
      "properties": {
        "P27_001": "28442",
        "P27_002": "3",
        "P27_003": "99999",
        "P27_004": "03115",
        "P27_005": "市川町スポーツセンター",
        "P27_006": "北田中498",
        "P27_007": 3,
        "P27_008": -99,
        "P27_009": 9999
      },
      "geometry": {
        "type": "Point",
        "coordinates": [
          134.77451799999997,
          34.97980499999997
        ]
      }
    },
    {
      "type": "Feature",
      "properties": {
        "P27_001": "28442",
        "P27_002": "3",
        "P27_003": "99999",
        "P27_004": "03120",
        "P27_005": "市川町スポーツセンター",
        "P27_006": "北田中498",
        "P27_007": 3,
        "P27_008": -99,
        "P27_009": 9999
      },
      "geometry": {
        "type": "Point",
        "coordinates": [
          134.77551700000004,
          34.979756
        ]
      }
    },
    {
      "type": "Feature",
      "properties": {
        "P27_001": "28442",
        "P27_002": "3",
        "P27_003": "99999",
        "P27_004": "03112",
        "P27_005": "市川町スポーツセンター",
        "P27_006": "北田中498",
        "P27_007": 3,
        "P27_008": -99,
        "P27_009": 9999
      },
      "geometry": {
        "type": "Point",
        "coordinates": [
          134.77539800000002,
          34.97936699999997
        ]
      }
    },
    {
      "type": "Feature",
      "properties": {
        "P27_001": "28442",
        "P27_002": "3",
        "P27_003": "99999",
        "P27_004": "03138",
        "P27_005": "市川町スポーツセンター",
        "P27_006": "北田中498",
        "P27_007": 3,
        "P27_008": -99,
        "P27_009": 9999
      },
      "geometry": {
        "type": "Point",
        "coordinates": [
          134.77469700000003,
          34.97912300000003
        ]
      }
    },
    {
      "type": "Feature",
      "properties": {
        "P27_001": "28442",
        "P27_002": "3",
        "P27_003": "99999",
        "P27_004": "03104",
        "P27_005": "市川町健康広場公園",
        "P27_006": "美佐丸山1010",
        "P27_007": 3,
        "P27_008": -99,
        "P27_009": 9999
      },
      "geometry": {
        "type": "Point",
        "coordinates": [
          134.748661,
          35.03413899999998
        ]
      }
    },
    {
      "type": "Feature",
      "properties": {
        "P27_001": "28442",
        "P27_002": "3",
        "P27_003": "99999",
        "P27_004": "03104",
        "P27_005": "市川町総合グラウンド",
        "P27_006": "小室129",
        "P27_007": 3,
        "P27_008": -99,
        "P27_009": 9999
      },
      "geometry": {
        "type": "Point",
        "coordinates": [
          134.76175000000003,
          35.00468200000004
        ]
      }
    },
    {
      "type": "Feature",
      "properties": {
        "P27_001": "28443",
        "P27_002": "3",
        "P27_003": "99999",
        "P27_004": "03109",
        "P27_005": "第１体育館",
        "P27_006": "福田176-1（文化センター東）",
        "P27_007": 3,
        "P27_008": -99,
        "P27_009": 9999
      },
      "geometry": {
        "type": "Point",
        "coordinates": [
          134.75545200000002,
          34.961421999999956
        ]
      }
    },
    {
      "type": "Feature",
      "properties": {
        "P27_001": "28443",
        "P27_002": "3",
        "P27_003": "99999",
        "P27_004": "03129",
        "P27_005": "第１体育館",
        "P27_006": "福田176-1（文化センター東）",
        "P27_007": 3,
        "P27_008": -99,
        "P27_009": 9999
      },
      "geometry": {
        "type": "Point",
        "coordinates": [
          134.75535699999998,
          34.96141200000002
        ]
      }
    },
    {
      "type": "Feature",
      "properties": {
        "P27_001": "28443",
        "P27_002": "3",
        "P27_003": "99999",
        "P27_004": "03120",
        "P27_005": "第１体育館",
        "P27_006": "福田176-1（文化センター東）",
        "P27_007": 3,
        "P27_008": -99,
        "P27_009": 9999
      },
      "geometry": {
        "type": "Point",
        "coordinates": [
          134.75525000000002,
          34.96136299999996
        ]
      }
    },
    {
      "type": "Feature",
      "properties": {
        "P27_001": "28443",
        "P27_002": "3",
        "P27_003": "99999",
        "P27_004": "03110",
        "P27_005": "第１体育館",
        "P27_006": "福田176-1（文化センター東）",
        "P27_007": 3,
        "P27_008": -99,
        "P27_009": 9999
      },
      "geometry": {
        "type": "Point",
        "coordinates": [
          134.75522699999996,
          34.96143199999999
        ]
      }
    },
    {
      "type": "Feature",
      "properties": {
        "P27_001": "28443",
        "P27_002": "3",
        "P27_003": "99999",
        "P27_004": "03109",
        "P27_005": "第２体育館",
        "P27_006": "福田1094-48",
        "P27_007": 3,
        "P27_008": -99,
        "P27_009": 9999
      },
      "geometry": {
        "type": "Point",
        "coordinates": [
          134.74991100000003,
          34.96595099999997
        ]
      }
    },
    {
      "type": "Feature",
      "properties": {
        "P27_001": "28443",
        "P27_002": "3",
        "P27_003": "99999",
        "P27_004": "03102",
        "P27_005": "第１グランド",
        "P27_006": "西田原845（柳田国男記念館横）",
        "P27_007": 3,
        "P27_008": -99,
        "P27_009": 9999
      },
      "geometry": {
        "type": "Point",
        "coordinates": [
          134.765756,
          34.95759199999996
        ]
      }
    },
    {
      "type": "Feature",
      "properties": {
        "P27_001": "28443",
        "P27_002": "3",
        "P27_003": "99999",
        "P27_004": "03103",
        "P27_005": "第１グランド",
        "P27_006": "西田原845（柳田国男記念館横）",
        "P27_007": 3,
        "P27_008": -99,
        "P27_009": 9999
      },
      "geometry": {
        "type": "Point",
        "coordinates": [
          134.76573800000003,
          34.95729999999996
        ]
      }
    },
    {
      "type": "Feature",
      "properties": {
        "P27_001": "28443",
        "P27_002": "3",
        "P27_003": "99999",
        "P27_004": "03104",
        "P27_005": "第２グランド",
        "P27_006": "西田原1460（田原小学校北）",
        "P27_007": 3,
        "P27_008": -99,
        "P27_009": 9999
      },
      "geometry": {
        "type": "Point",
        "coordinates": [
          134.76205099999999,
          34.95336100000001
        ]
      }
    },
    {
      "type": "Feature",
      "properties": {
        "P27_001": "28443",
        "P27_002": "3",
        "P27_003": "99999",
        "P27_004": "03102",
        "P27_005": "福崎町スポーツ公園",
        "P27_006": "福田1094-48",
        "P27_007": 3,
        "P27_008": -99,
        "P27_009": 9999
      },
      "geometry": {
        "type": "Point",
        "coordinates": [
          134.74977999999993,
          34.965405
        ]
      }
    },
    {
      "type": "Feature",
      "properties": {
        "P27_001": "28443",
        "P27_002": "3",
        "P27_003": "99999",
        "P27_004": "03138",
        "P27_005": "福崎町スポーツ公園",
        "P27_006": "福田1094-48",
        "P27_007": 3,
        "P27_008": -99,
        "P27_009": 9999
      },
      "geometry": {
        "type": "Point",
        "coordinates": [
          134.74896000000004,
          34.965833999999965
        ]
      }
    },
    {
      "type": "Feature",
      "properties": {
        "P27_001": "28446",
        "P27_002": "3",
        "P27_003": "99999",
        "P27_004": "03109",
        "P27_005": "町民体育館",
        "P27_006": "長谷999-3",
        "P27_007": 3,
        "P27_008": -99,
        "P27_009": 9999
      },
      "geometry": {
        "type": "Point",
        "coordinates": [
          134.74075499999998,
          35.11795199999998
        ]
      }
    },
    {
      "type": "Feature",
      "properties": {
        "P27_001": "28446",
        "P27_002": "3",
        "P27_003": "99999",
        "P27_004": "03109",
        "P27_005": "神崎体育センター",
        "P27_006": "中村8",
        "P27_007": 3,
        "P27_008": -99,
        "P27_009": 9999
      },
      "geometry": {
        "type": "Point",
        "coordinates": [
          134.782666,
          35.07414600000002
        ]
      }
    },
    {
      "type": "Feature",
      "properties": {
        "P27_001": "28446",
        "P27_002": "3",
        "P27_003": "99999",
        "P27_004": "03109",
        "P27_005": "Ｂ＆Ｇ海洋センター体育館",
        "P27_006": "根宇野1019-13",
        "P27_007": 3,
        "P27_008": -99,
        "P27_009": 9999
      },
      "geometry": {
        "type": "Point",
        "coordinates": [
          134.81169900000003,
          35.07159599999998
        ]
      }
    },
    {
      "type": "Feature",
      "properties": {
        "P27_001": "28446",
        "P27_002": "3",
        "P27_003": "99999",
        "P27_004": "03102",
        "P27_005": "町民グラウンド",
        "P27_006": "中村28-1",
        "P27_007": 3,
        "P27_008": -99,
        "P27_009": 9999
      },
      "geometry": {
        "type": "Point",
        "coordinates": [
          134.78107799999998,
          35.073623999999995
        ]
      }
    },
    {
      "type": "Feature",
      "properties": {
        "P27_001": "28446",
        "P27_002": "3",
        "P27_003": "99999",
        "P27_004": "03102",
        "P27_005": "はにおか運動公園",
        "P27_006": "比延277-4",
        "P27_007": 3,
        "P27_008": -99,
        "P27_009": 9999
      },
      "geometry": {
        "type": "Point",
        "coordinates": [
          134.74094200000002,
          35.05841800000004
        ]
      }
    },
    {
      "type": "Feature",
      "properties": {
        "P27_001": "28446",
        "P27_002": "3",
        "P27_003": "99999",
        "P27_004": "03102",
        "P27_005": "野球場（グリーンエコー笠形）",
        "P27_006": "根宇野1019-3",
        "P27_007": 3,
        "P27_008": -99,
        "P27_009": 9999
      },
      "geometry": {
        "type": "Point",
        "coordinates": [
          134.81188,
          35.07270599999998
        ]
      }
    },
    {
      "type": "Feature",
      "properties": {
        "P27_001": "28446",
        "P27_002": "3",
        "P27_003": "99999",
        "P27_004": "03102",
        "P27_005": "すぱーく神崎",
        "P27_006": "貝野434",
        "P27_007": 3,
        "P27_008": -99,
        "P27_009": 9999
      },
      "geometry": {
        "type": "Point",
        "coordinates": [
          134.76424499999996,
          35.04369699999998
        ]
      }
    },
    {
      "type": "Feature",
      "properties": {
        "P27_001": "28446",
        "P27_002": "3",
        "P27_003": "99999",
        "P27_004": "03105",
        "P27_005": "町民温水プール",
        "P27_006": "長谷990-1",
        "P27_007": 3,
        "P27_008": -99,
        "P27_009": 9999
      },
      "geometry": {
        "type": "Point",
        "coordinates": [
          134.74101200000004,
          35.11853000000002
        ]
      }
    },
    {
      "type": "Feature",
      "properties": {
        "P27_001": "28446",
        "P27_002": "3",
        "P27_003": "99999",
        "P27_004": "03129",
        "P27_005": "町民温水プール",
        "P27_006": "長谷990-1",
        "P27_007": 3,
        "P27_008": -99,
        "P27_009": 9999
      },
      "geometry": {
        "type": "Point",
        "coordinates": [
          134.74081,
          35.11859799999996
        ]
      }
    },
    {
      "type": "Feature",
      "properties": {
        "P27_001": "28446",
        "P27_002": "3",
        "P27_003": "99999",
        "P27_004": "03106",
        "P27_005": "Ｂ＆Ｇ海洋センタープール",
        "P27_006": "根宇野1019-13",
        "P27_007": 3,
        "P27_008": -99,
        "P27_009": 9999
      },
      "geometry": {
        "type": "Point",
        "coordinates": [
          134.81229299999998,
          35.071332999999974
        ]
      }
    },
    {
      "type": "Feature",
      "properties": {
        "P27_001": "28464",
        "P27_002": "3",
        "P27_003": "99999",
        "P27_004": "03109",
        "P27_005": "町民体育館",
        "P27_006": "東南51-1",
        "P27_007": 3,
        "P27_008": -99,
        "P27_009": 9999
      },
      "geometry": {
        "type": "Point",
        "coordinates": [
          134.581543,
          34.83164
        ]
      }
    },
    {
      "type": "Feature",
      "properties": {
        "P27_001": "28464",
        "P27_002": "3",
        "P27_003": "99999",
        "P27_004": "03115",
        "P27_005": "総合公園陸上競技場",
        "P27_006": "佐用岡246-1",
        "P27_007": 3,
        "P27_008": -99,
        "P27_009": 9999
      },
      "geometry": {
        "type": "Point",
        "coordinates": [
          134.588252,
          34.843746999999965
        ]
      }
    },
    {
      "type": "Feature",
      "properties": {
        "P27_001": "28464",
        "P27_002": "3",
        "P27_003": "99999",
        "P27_004": "03101",
        "P27_005": "総合公園陸上競技場",
        "P27_006": "佐用岡246-1",
        "P27_007": 3,
        "P27_008": -99,
        "P27_009": 9999
      },
      "geometry": {
        "type": "Point",
        "coordinates": [
          134.586791,
          34.842791
        ]
      }
    },
    {
      "type": "Feature",
      "properties": {
        "P27_001": "28481",
        "P27_002": "3",
        "P27_003": "99999",
        "P27_004": "03112",
        "P27_005": "スポーツセンター",
        "P27_006": "竹万29",
        "P27_007": 3,
        "P27_008": -99,
        "P27_009": 9999
      },
      "geometry": {
        "type": "Point",
        "coordinates": [
          134.35388000000003,
          34.86367599999999
        ]
      }
    },
    {
      "type": "Feature",
      "properties": {
        "P27_001": "28481",
        "P27_002": "3",
        "P27_003": "99999",
        "P27_004": "03102",
        "P27_005": "スポーツセンター",
        "P27_006": "竹万29",
        "P27_007": 3,
        "P27_008": -99,
        "P27_009": 9999
      },
      "geometry": {
        "type": "Point",
        "coordinates": [
          134.35329700000003,
          34.86437799999999
        ]
      }
    },
    {
      "type": "Feature",
      "properties": {
        "P27_001": "28481",
        "P27_002": "3",
        "P27_003": "99999",
        "P27_004": "03115",
        "P27_005": "スポーツセンター",
        "P27_006": "竹万29",
        "P27_007": 3,
        "P27_008": -99,
        "P27_009": 9999
      },
      "geometry": {
        "type": "Point",
        "coordinates": [
          134.35409399999998,
          34.862399000000025
        ]
      }
    },
    {
      "type": "Feature",
      "properties": {
        "P27_001": "28481",
        "P27_002": "3",
        "P27_003": "99999",
        "P27_004": "03105",
        "P27_005": "スポーツセンター",
        "P27_006": "竹万29",
        "P27_007": 3,
        "P27_008": -99,
        "P27_009": 9999
      },
      "geometry": {
        "type": "Point",
        "coordinates": [
          134.35389200000003,
          34.863227999999964
        ]
      }
    },
    {
      "type": "Feature",
      "properties": {
        "P27_001": "28481",
        "P27_002": "3",
        "P27_003": "99999",
        "P27_004": "03129",
        "P27_005": "スポーツセンター",
        "P27_006": "竹万29",
        "P27_007": 3,
        "P27_008": -99,
        "P27_009": 9999
      },
      "geometry": {
        "type": "Point",
        "coordinates": [
          134.35407000000004,
          34.86367599999999
        ]
      }
    },
    {
      "type": "Feature",
      "properties": {
        "P27_001": "28481",
        "P27_002": "3",
        "P27_003": "99999",
        "P27_004": "03137",
        "P27_005": "Ｂ＆Ｇ海洋センター艇庫",
        "P27_006": "竹万31",
        "P27_007": 3,
        "P27_008": -99,
        "P27_009": 9999
      },
      "geometry": {
        "type": "Point",
        "coordinates": [
          134.353196,
          34.86370899999997
        ]
      }
    },
    {
      "type": "Feature",
      "properties": {
        "P27_001": "28481",
        "P27_002": "3",
        "P27_003": "99999",
        "P27_004": "03140",
        "P27_005": "Ｂ＆Ｇ海洋センター艇庫",
        "P27_006": "竹万31",
        "P27_007": 3,
        "P27_008": -99,
        "P27_009": 9999
      },
      "geometry": {
        "type": "Point",
        "coordinates": [
          134.35320800000002,
          34.86358200000003
        ]
      }
    },
    {
      "type": "Feature",
      "properties": {
        "P27_001": "28501",
        "P27_002": "3",
        "P27_003": "99999",
        "P27_004": "03109",
        "P27_005": "上月体育館（ホタルドーム）",
        "P27_006": "上月1080",
        "P27_007": 3,
        "P27_008": -99,
        "P27_009": 9999
      },
      "geometry": {
        "type": "Point",
        "coordinates": [
          134.318752,
          34.98518299999997
        ]
      }
    },
    {
      "type": "Feature",
      "properties": {
        "P27_001": "28501",
        "P27_002": "3",
        "P27_003": "99999",
        "P27_004": "03104",
        "P27_005": "上月体育館（ホタルドーム）",
        "P27_006": "上月1080",
        "P27_007": 3,
        "P27_008": -99,
        "P27_009": 9999
      },
      "geometry": {
        "type": "Point",
        "coordinates": [
          134.31737300000003,
          34.985612000000025
        ]
      }
    },
    {
      "type": "Feature",
      "properties": {
        "P27_001": "28501",
        "P27_002": "3",
        "P27_003": "99999",
        "P27_004": "03102",
        "P27_005": "上月体育館（ホタルドーム）",
        "P27_006": "上月1080",
        "P27_007": 3,
        "P27_008": -99,
        "P27_009": 9999
      },
      "geometry": {
        "type": "Point",
        "coordinates": [
          134.317421,
          34.985387999999965
        ]
      }
    },
    {
      "type": "Feature",
      "properties": {
        "P27_001": "28501",
        "P27_002": "3",
        "P27_003": "99999",
        "P27_004": "03112",
        "P27_005": "上月体育館（ホタルドーム）",
        "P27_006": "上月1080",
        "P27_007": 3,
        "P27_008": -99,
        "P27_009": 9999
      },
      "geometry": {
        "type": "Point",
        "coordinates": [
          134.31872799999996,
          34.985057000000026
        ]
      }
    },
    {
      "type": "Feature",
      "properties": {
        "P27_001": "28501",
        "P27_002": "3",
        "P27_003": "99999",
        "P27_004": "03129",
        "P27_005": "上月体育館（ホタルドーム）",
        "P27_006": "上月1080",
        "P27_007": 3,
        "P27_008": -99,
        "P27_009": 9999
      },
      "geometry": {
        "type": "Point",
        "coordinates": [
          134.31860899999998,
          34.984812999999995
        ]
      }
    },
    {
      "type": "Feature",
      "properties": {
        "P27_001": "28501",
        "P27_002": "3",
        "P27_003": "99999",
        "P27_004": "03120",
        "P27_005": "上月体育館（ホタルドーム）",
        "P27_006": "上月1080",
        "P27_007": 3,
        "P27_008": -99,
        "P27_009": 9999
      },
      "geometry": {
        "type": "Point",
        "coordinates": [
          134.31865700000003,
          34.98493
        ]
      }
    },
    {
      "type": "Feature",
      "properties": {
        "P27_001": "28501",
        "P27_002": "3",
        "P27_003": "99999",
        "P27_004": "03105",
        "P27_005": "町民プール",
        "P27_006": "佐用287",
        "P27_007": 3,
        "P27_008": -99,
        "P27_009": 9999
      },
      "geometry": {
        "type": "Point",
        "coordinates": [
          134.35913599999998,
          35.009715
        ]
      }
    },
    {
      "type": "Feature",
      "properties": {
        "P27_001": "28501",
        "P27_002": "3",
        "P27_003": "99999",
        "P27_004": "03109",
        "P27_005": "佐用勤労者体育センター",
        "P27_006": "佐用2598",
        "P27_007": 3,
        "P27_008": -99,
        "P27_009": 9999
      },
      "geometry": {
        "type": "Point",
        "coordinates": [
          134.35519600000003,
          35.00464999999996
        ]
      }
    },
    {
      "type": "Feature",
      "properties": {
        "P27_001": "28501",
        "P27_002": "3",
        "P27_003": "99999",
        "P27_004": "03120",
        "P27_005": "佐用勤労者体育センター",
        "P27_006": "佐用2598",
        "P27_007": 3,
        "P27_008": -99,
        "P27_009": 9999
      },
      "geometry": {
        "type": "Point",
        "coordinates": [
          134.35493400000001,
          35.00449400000002
        ]
      }
    },
    {
      "type": "Feature",
      "properties": {
        "P27_001": "28501",
        "P27_002": "3",
        "P27_003": "99999",
        "P27_004": "03102",
        "P27_005": "南光スポーツ公園",
        "P27_006": "林崎839",
        "P27_007": 3,
        "P27_008": -99,
        "P27_009": 9999
      },
      "geometry": {
        "type": "Point",
        "coordinates": [
          134.40517099999997,
          34.997366
        ]
      }
    },
    {
      "type": "Feature",
      "properties": {
        "P27_001": "28585",
        "P27_002": "3",
        "P27_003": "99999",
        "P27_004": "03109",
        "P27_005": "香住Ｂ＆Ｇ海洋センター",
        "P27_006": "香住区境1125",
        "P27_007": 3,
        "P27_008": -99,
        "P27_009": 9999
      },
      "geometry": {
        "type": "Point",
        "coordinates": [
          134.641332,
          35.64822600000001
        ]
      }
    },
    {
      "type": "Feature",
      "properties": {
        "P27_001": "28585",
        "P27_002": "3",
        "P27_003": "99999",
        "P27_004": "03105",
        "P27_005": "香住Ｂ＆Ｇ海洋センター",
        "P27_006": "香住区境1125",
        "P27_007": 3,
        "P27_008": -99,
        "P27_009": 9999
      },
      "geometry": {
        "type": "Point",
        "coordinates": [
          134.64131400000002,
          35.64863200000003
        ]
      }
    },
    {
      "type": "Feature",
      "properties": {
        "P27_001": "28585",
        "P27_002": "3",
        "P27_003": "99999",
        "P27_004": "03109",
        "P27_005": "村岡体育館",
        "P27_006": "村岡区村岡396",
        "P27_007": 3,
        "P27_008": -99,
        "P27_009": 9999
      },
      "geometry": {
        "type": "Point",
        "coordinates": [
          134.59502900000004,
          35.473778999999986
        ]
      }
    },
    {
      "type": "Feature",
      "properties": {
        "P27_001": "28585",
        "P27_002": "3",
        "P27_003": "99999",
        "P27_004": "03109",
        "P27_005": "福岡体育館",
        "P27_006": "村岡区福岡1111-1",
        "P27_007": 3,
        "P27_008": -99,
        "P27_009": 9999
      },
      "geometry": {
        "type": "Point",
        "coordinates": [
          134.60033500000003,
          35.418611999999975
        ]
      }
    },
    {
      "type": "Feature",
      "properties": {
        "P27_001": "28585",
        "P27_002": "3",
        "P27_003": "99999",
        "P27_004": "03109",
        "P27_005": "味取体育館",
        "P27_006": "村岡区原14-1",
        "P27_007": 3,
        "P27_008": -99,
        "P27_009": 9999
      },
      "geometry": {
        "type": "Point",
        "coordinates": [
          134.565294,
          35.54538400000002
        ]
      }
    },
    {
      "type": "Feature",
      "properties": {
        "P27_001": "28585",
        "P27_002": "3",
        "P27_003": "99999",
        "P27_004": "03109",
        "P27_005": "山田体育館",
        "P27_006": "村岡区山田139",
        "P27_007": 3,
        "P27_008": -99,
        "P27_009": 9999
      },
      "geometry": {
        "type": "Point",
        "coordinates": [
          134.598012,
          35.55493
        ]
      }
    },
    {
      "type": "Feature",
      "properties": {
        "P27_001": "28585",
        "P27_002": "3",
        "P27_003": "99999",
        "P27_004": "03104",
        "P27_005": "香住小学校",
        "P27_006": "香住区香住1595-9",
        "P27_007": 3,
        "P27_008": -99,
        "P27_009": 9999
      },
      "geometry": {
        "type": "Point",
        "coordinates": [
          134.626572,
          35.63807499999997
        ]
      }
    },
    {
      "type": "Feature",
      "properties": {
        "P27_001": "28585",
        "P27_002": "3",
        "P27_003": "99999",
        "P27_004": "03104",
        "P27_005": "村岡小学校",
        "P27_006": "村岡区村岡2940",
        "P27_007": 3,
        "P27_008": -99,
        "P27_009": 9999
      },
      "geometry": {
        "type": "Point",
        "coordinates": [
          134.59888699999993,
          35.46824299999997
        ]
      }
    },
    {
      "type": "Feature",
      "properties": {
        "P27_001": "28585",
        "P27_002": "3",
        "P27_003": "99999",
        "P27_004": "03104",
        "P27_005": "兎塚小学校",
        "P27_006": "村岡区福岡326",
        "P27_007": 3,
        "P27_008": -99,
        "P27_009": 9999
      },
      "geometry": {
        "type": "Point",
        "coordinates": [
          134.600329,
          35.41521500000002
        ]
      }
    },
    {
      "type": "Feature",
      "properties": {
        "P27_001": "28585",
        "P27_002": "3",
        "P27_003": "99999",
        "P27_004": "03104",
        "P27_005": "村岡中学校",
        "P27_006": "村岡区村岡3077",
        "P27_007": 3,
        "P27_008": -99,
        "P27_009": 9999
      },
      "geometry": {
        "type": "Point",
        "coordinates": [
          134.59604799999997,
          35.469406000000006
        ]
      }
    },
    {
      "type": "Feature",
      "properties": {
        "P27_001": "28585",
        "P27_002": "3",
        "P27_003": "99999",
        "P27_004": "03104",
        "P27_005": "射添グラウンド",
        "P27_006": "村岡区川会33",
        "P27_007": 3,
        "P27_008": -99,
        "P27_009": 9999
      },
      "geometry": {
        "type": "Point",
        "coordinates": [
          134.572176,
          35.49817600000004
        ]
      }
    },
    {
      "type": "Feature",
      "properties": {
        "P27_001": "28585",
        "P27_002": "3",
        "P27_003": "99999",
        "P27_004": "03104",
        "P27_005": "小代小学校",
        "P27_006": "小代区実山100",
        "P27_007": 3,
        "P27_008": -99,
        "P27_009": 9999
      },
      "geometry": {
        "type": "Point",
        "coordinates": [
          134.535452,
          35.44773999999997
        ]
      }
    },
    {
      "type": "Feature",
      "properties": {
        "P27_001": "28585",
        "P27_002": "3",
        "P27_003": "99999",
        "P27_004": "03102",
        "P27_005": "柤岡すこやか広場",
        "P27_006": "村岡区柤岡1064-2",
        "P27_007": 3,
        "P27_008": -99,
        "P27_009": 9999
      },
      "geometry": {
        "type": "Point",
        "coordinates": [
          134.52721900000003,
          35.50005699999998
        ]
      }
    },
    {
      "type": "Feature",
      "properties": {
        "P27_001": "28585",
        "P27_002": "3",
        "P27_003": "99999",
        "P27_004": "03103",
        "P27_005": "柤岡すこやか広場",
        "P27_006": "村岡区柤岡1064-2",
        "P27_007": 3,
        "P27_008": -99,
        "P27_009": 9999
      },
      "geometry": {
        "type": "Point",
        "coordinates": [
          134.527314,
          35.50036699999996
        ]
      }
    },
    {
      "type": "Feature",
      "properties": {
        "P27_001": "28585",
        "P27_002": "3",
        "P27_003": "99999",
        "P27_004": "03102",
        "P27_005": "農業者健康管理施設「おじろドーム」",
        "P27_006": "小代区実山65",
        "P27_007": 3,
        "P27_008": -99,
        "P27_009": 9999
      },
      "geometry": {
        "type": "Point",
        "coordinates": [
          134.536998,
          35.448224000000046
        ]
      }
    },
    {
      "type": "Feature",
      "properties": {
        "P27_001": "28585",
        "P27_002": "3",
        "P27_003": "99999",
        "P27_004": "03102",
        "P27_005": "広井多目的山村広場",
        "P27_006": "小代区広井787",
        "P27_007": 3,
        "P27_008": -99,
        "P27_009": 9999
      },
      "geometry": {
        "type": "Point",
        "coordinates": [
          134.55073500000003,
          35.465134000000035
        ]
      }
    },
    {
      "type": "Feature",
      "properties": {
        "P27_001": "28585",
        "P27_002": "3",
        "P27_003": "99999",
        "P27_004": "03103",
        "P27_005": "広井多目的山村広場",
        "P27_006": "小代区広井787",
        "P27_007": 3,
        "P27_008": -99,
        "P27_009": 9999
      },
      "geometry": {
        "type": "Point",
        "coordinates": [
          134.55046199999998,
          35.46479499999997
        ]
      }
    },
    {
      "type": "Feature",
      "properties": {
        "P27_001": "28586",
        "P27_002": "3",
        "P27_003": "99999",
        "P27_004": "03109",
        "P27_005": "浜坂体育センター",
        "P27_006": "浜坂2440-1",
        "P27_007": 3,
        "P27_008": -99,
        "P27_009": 9999
      },
      "geometry": {
        "type": "Point",
        "coordinates": [
          134.44911399999998,
          35.619483999999986
        ]
      }
    },
    {
      "type": "Feature",
      "properties": {
        "P27_001": "28586",
        "P27_002": "3",
        "P27_003": "99999",
        "P27_004": "03120",
        "P27_005": "浜坂体育センター",
        "P27_006": "浜坂2440-1",
        "P27_007": 3,
        "P27_008": -99,
        "P27_009": 9999
      },
      "geometry": {
        "type": "Point",
        "coordinates": [
          134.44916800000001,
          35.619306
        ]
      }
    },
    {
      "type": "Feature",
      "properties": {
        "P27_001": "28586",
        "P27_002": "3",
        "P27_003": "99999",
        "P27_004": "03129",
        "P27_005": "浜坂体育センター",
        "P27_006": "浜坂2440-1",
        "P27_007": 3,
        "P27_008": -99,
        "P27_009": 9999
      },
      "geometry": {
        "type": "Point",
        "coordinates": [
          134.449144,
          35.61940700000001
        ]
      }
    },
    {
      "type": "Feature",
      "properties": {
        "P27_001": "28586",
        "P27_002": "3",
        "P27_003": "99999",
        "P27_004": "03109",
        "P27_005": "浜坂Ｂ＆Ｇ海洋センター",
        "P27_006": "浜坂2431",
        "P27_007": 3,
        "P27_008": -99,
        "P27_009": 9999
      },
      "geometry": {
        "type": "Point",
        "coordinates": [
          134.450352,
          35.619847
        ]
      }
    },
    {
      "type": "Feature",
      "properties": {
        "P27_001": "28586",
        "P27_002": "3",
        "P27_003": "99999",
        "P27_004": "03105",
        "P27_005": "浜坂Ｂ＆Ｇ海洋センター",
        "P27_006": "浜坂2431",
        "P27_007": 3,
        "P27_008": -99,
        "P27_009": 9999
      },
      "geometry": {
        "type": "Point",
        "coordinates": [
          134.45004300000002,
          35.620290999999966
        ]
      }
    },
    {
      "type": "Feature",
      "properties": {
        "P27_001": "28586",
        "P27_002": "3",
        "P27_003": "99999",
        "P27_004": "03102",
        "P27_005": "浜坂すこやか広場",
        "P27_006": "浜坂2431",
        "P27_007": 3,
        "P27_008": -99,
        "P27_009": 9999
      },
      "geometry": {
        "type": "Point",
        "coordinates": [
          134.44965100000002,
          35.61994400000003
        ]
      }
    },
    {
      "type": "Feature",
      "properties": {
        "P27_001": "28586",
        "P27_002": "3",
        "P27_003": "99999",
        "P27_004": "03103",
        "P27_005": "山村広場",
        "P27_006": "詳細住所不明",
        "P27_007": 3,
        "P27_008": -99,
        "P27_009": 9999
      },
      "geometry": {
        "type": "Point",
        "coordinates": [
          134.47432900000004,
          35.62142799999998
        ]
      }
    },
    {
      "type": "Feature",
      "properties": {
        "P27_001": "28586",
        "P27_002": "3",
        "P27_003": "99999",
        "P27_004": "03118",
        "P27_005": "浜坂相撲場",
        "P27_006": "浜坂2431",
        "P27_007": 3,
        "P27_008": -99,
        "P27_009": 9999
      },
      "geometry": {
        "type": "Point",
        "coordinates": [
          134.448629,
          35.61925800000002
        ]
      }
    },
    {
      "type": "Feature",
      "properties": {
        "P27_001": "28586",
        "P27_002": "3",
        "P27_003": "99999",
        "P27_004": "03102",
        "P27_005": "健康公園",
        "P27_006": "湯1684-5",
        "P27_007": 3,
        "P27_008": -99,
        "P27_009": 9999
      },
      "geometry": {
        "type": "Point",
        "coordinates": [
          134.490146,
          35.533924000000034
        ]
      }
    },
    {
      "type": "Feature",
      "properties": {
        "P27_001": "28586",
        "P27_002": "3",
        "P27_003": "99999",
        "P27_004": "03115",
        "P27_005": "健康公園",
        "P27_006": "湯1684-5",
        "P27_007": 3,
        "P27_008": -99,
        "P27_009": 9999
      },
      "geometry": {
        "type": "Point",
        "coordinates": [
          134.49231499999996,
          35.535465999999985
        ]
      }
    },
    {
      "type": "Feature",
      "properties": {
        "P27_001": "28586",
        "P27_002": "3",
        "P27_003": "99999",
        "P27_004": "03138",
        "P27_005": "健康公園",
        "P27_006": "湯1684-5",
        "P27_007": 3,
        "P27_008": -99,
        "P27_009": 9999
      },
      "geometry": {
        "type": "Point",
        "coordinates": [
          134.49222000000003,
          35.53558299999999
        ]
      }
    },
    {
      "type": "Feature",
      "properties": {
        "P27_001": "28586",
        "P27_002": "3",
        "P27_003": "99999",
        "P27_004": "03105",
        "P27_005": "リフレッシュパークゆむら",
        "P27_006": "湯1371",
        "P27_007": 3,
        "P27_008": -99,
        "P27_009": 9999
      },
      "geometry": {
        "type": "Point",
        "coordinates": [
          134.49154800000002,
          35.55698700000002
        ]
      }
    },
    {
      "type": "Feature",
      "properties": {
        "P27_001": "28301",
        "P27_002": "3",
        "P27_003": "99999",
        "P27_004": "03142",
        "P27_005": "池田市立青少年野外活動センター",
        "P27_006": "杉生字大野9",
        "P27_007": 3,
        "P27_008": -99,
        "P27_009": 9999
      },
      "geometry": {
        "type": "Point",
        "coordinates": [
          135.33009900000002,
          35.00435599999997
        ]
      }
    },
    {
      "type": "Feature",
      "properties": {
        "P27_001": "28109",
        "P27_002": "3",
        "P27_003": "99999",
        "P27_004": "03142",
        "P27_005": "守口市営鎌倉峡キャンプ場",
        "P27_006": "道場町生野字ロクゴ318-30",
        "P27_007": 3,
        "P27_008": -99,
        "P27_009": 9999
      },
      "geometry": {
        "type": "Point",
        "coordinates": [
          135.24378900000002,
          34.85139400000003
        ]
      }
    }
  ],
  "bbox": [
    134.31737300000003,
    34.16523199999998,
    135.45845499999996,
    35.65814600000003
  ]
}