{
  "type": "FeatureCollection",
  "features": [
    {
      "type": "Feature",
      "properties": {
        "P27_001": "30201",
        "P27_002": "3",
        "P27_003": "03001",
        "P27_004": "03001",
        "P27_005": "和歌山県立近代美術館",
        "P27_006": "吹上1-4-14",
        "P27_007": 2,
        "P27_008": 2,
        "P27_009": 1994
      },
      "geometry": {
        "type": "Point",
        "coordinates": [
          135.171421,
          34.225022
        ]
      }
    },
    {
      "type": "Feature",
      "properties": {
        "P27_001": "30206",
        "P27_002": "3",
        "P27_003": "03001",
        "P27_004": "03001",
        "P27_005": "田辺市立美術館",
        "P27_006": "たきない町24-43",
        "P27_007": 3,
        "P27_008": 1,
        "P27_009": 1996
      },
      "geometry": {
        "type": "Point",
        "coordinates": [
          135.40091,
          33.697312
        ]
      }
    },
    {
      "type": "Feature",
      "properties": {
        "P27_001": "30206",
        "P27_002": "3",
        "P27_003": "03001",
        "P27_004": "03001",
        "P27_005": "田辺市立美術館分館・熊野古道なかへち美術館",
        "P27_006": "中辺路町近露811",
        "P27_007": 3,
        "P27_008": -99,
        "P27_009": 1998
      },
      "geometry": {
        "type": "Point",
        "coordinates": [
          135.605961,
          33.813713
        ]
      }
    },
    {
      "type": "Feature",
      "properties": {
        "P27_001": "30207",
        "P27_002": "3",
        "P27_003": "03001",
        "P27_004": "03001",
        "P27_005": "熊野神宝館",
        "P27_006": "新宮1（熊野速玉大社内）",
        "P27_007": 4,
        "P27_008": -99,
        "P27_009": 1907
      },
      "geometry": {
        "type": "Point",
        "coordinates": [
          135.983967,
          33.731879
        ]
      }
    },
    {
      "type": "Feature",
      "properties": {
        "P27_001": "30401",
        "P27_002": "3",
        "P27_003": "03001",
        "P27_004": "03001",
        "P27_005": "紀州博物館",
        "P27_006": "平草原2054-4",
        "P27_007": 4,
        "P27_008": -99,
        "P27_009": 2000
      },
      "geometry": {
        "type": "Point",
        "coordinates": [
          135.34722,
          33.670592
        ]
      }
    },
    {
      "type": "Feature",
      "properties": {
        "P27_001": "30422",
        "P27_002": "3",
        "P27_003": "03001",
        "P27_004": "03001",
        "P27_005": "太地町立石垣記念館",
        "P27_006": "大字太地字常渡2902-79",
        "P27_007": 3,
        "P27_008": -99,
        "P27_009": 1991
      },
      "geometry": {
        "type": "Point",
        "coordinates": [
          135.942812,
          33.601663
        ]
      }
    },
    {
      "type": "Feature",
      "properties": {
        "P27_001": "30428",
        "P27_002": "3",
        "P27_003": "03001",
        "P27_004": "03001",
        "P27_005": "串本応挙芦雪館",
        "P27_006": "串本833（無量寺境内）",
        "P27_007": 4,
        "P27_008": 1,
        "P27_009": 1961
      },
      "geometry": {
        "type": "Point",
        "coordinates": [
          135.777836,
          33.470682
        ]
      }
    },
    {
      "type": "Feature",
      "properties": {
        "P27_001": "30201",
        "P27_002": "3",
        "P27_003": "03002",
        "P27_004": "03002",
        "P27_005": "和歌山県立紀伊風土記の丘",
        "P27_006": "岩橋1411",
        "P27_007": 2,
        "P27_008": -99,
        "P27_009": 1971
      },
      "geometry": {
        "type": "Point",
        "coordinates": [
          135.229667,
          34.227801
        ]
      }
    },
    {
      "type": "Feature",
      "properties": {
        "P27_001": "30201",
        "P27_002": "3",
        "P27_003": "03002",
        "P27_004": "03002",
        "P27_005": "和歌山県立博物館",
        "P27_006": "吹上1-4-14",
        "P27_007": 2,
        "P27_008": 2,
        "P27_009": 1994
      },
      "geometry": {
        "type": "Point",
        "coordinates": [
          135.171644,
          34.224495
        ]
      }
    },
    {
      "type": "Feature",
      "properties": {
        "P27_001": "30201",
        "P27_002": "3",
        "P27_003": "03002",
        "P27_004": "03002",
        "P27_005": "和歌山市立こども科学館",
        "P27_006": "寄合町19",
        "P27_007": 3,
        "P27_008": 4,
        "P27_009": 1981
      },
      "geometry": {
        "type": "Point",
        "coordinates": [
          135.169005,
          34.232855
        ]
      }
    },
    {
      "type": "Feature",
      "properties": {
        "P27_001": "30201",
        "P27_002": "3",
        "P27_003": "03002",
        "P27_004": "03002",
        "P27_005": "和歌山市立博物館",
        "P27_006": "湊本町3-2",
        "P27_007": 3,
        "P27_008": 4,
        "P27_009": 1985
      },
      "geometry": {
        "type": "Point",
        "coordinates": [
          135.163061,
          34.233133
        ]
      }
    },
    {
      "type": "Feature",
      "properties": {
        "P27_001": "30202",
        "P27_002": "3",
        "P27_003": "03002",
        "P27_004": "03002",
        "P27_005": "海南市海南歴史民俗資料館",
        "P27_006": "木津233-23",
        "P27_007": 3,
        "P27_008": 2,
        "P27_009": 1982
      },
      "geometry": {
        "type": "Point",
        "coordinates": [
          135.276243,
          34.155271
        ]
      }
    },
    {
      "type": "Feature",
      "properties": {
        "P27_001": "30202",
        "P27_002": "3",
        "P27_003": "03002",
        "P27_004": "03002",
        "P27_005": "和歌山県立自然博物館",
        "P27_006": "船尾370-1",
        "P27_007": 2,
        "P27_008": 2,
        "P27_009": 1982
      },
      "geometry": {
        "type": "Point",
        "coordinates": [
          135.192088,
          34.158754
        ]
      }
    },
    {
      "type": "Feature",
      "properties": {
        "P27_001": "30203",
        "P27_002": "3",
        "P27_003": "03002",
        "P27_004": "03002",
        "P27_005": "橋本市郷土資料館",
        "P27_006": "御幸辻786（杉内公園内）",
        "P27_007": 3,
        "P27_008": 2,
        "P27_009": 1974
      },
      "geometry": {
        "type": "Point",
        "coordinates": [
          135.600551,
          34.341093
        ]
      }
    },
    {
      "type": "Feature",
      "properties": {
        "P27_001": "30204",
        "P27_002": "3",
        "P27_003": "03002",
        "P27_004": "03002",
        "P27_005": "有田市郷土資料館",
        "P27_006": "箕島27（有田市文化福祉センター内）",
        "P27_007": 3,
        "P27_008": -99,
        "P27_009": 1989
      },
      "geometry": {
        "type": "Point",
        "coordinates": [
          135.124278,
          34.083565
        ]
      }
    },
    {
      "type": "Feature",
      "properties": {
        "P27_001": "30205",
        "P27_002": "3",
        "P27_003": "03002",
        "P27_004": "03002",
        "P27_005": "御坊市歴史民俗資料館",
        "P27_006": "塩屋町南塩屋1123",
        "P27_007": 3,
        "P27_008": 2,
        "P27_009": 1988
      },
      "geometry": {
        "type": "Point",
        "coordinates": [
          135.16907,
          33.861091
        ]
      }
    },
    {
      "type": "Feature",
      "properties": {
        "P27_001": "30206",
        "P27_002": "3",
        "P27_003": "03002",
        "P27_004": "03002",
        "P27_005": "田辺市立歴史民俗資料館",
        "P27_006": "下屋敷町120-3",
        "P27_007": 3,
        "P27_008": 2,
        "P27_009": 1977
      },
      "geometry": {
        "type": "Point",
        "coordinates": [
          135.379757,
          33.729164
        ]
      }
    },
    {
      "type": "Feature",
      "properties": {
        "P27_001": "30206",
        "P27_002": "3",
        "P27_003": "03002",
        "P27_004": "03002",
        "P27_005": "平瀬歴史民俗資料館",
        "P27_006": "平瀬457-4",
        "P27_007": 3,
        "P27_008": 1,
        "P27_009": 1973
      },
      "geometry": {
        "type": "Point",
        "coordinates": [
          135.58903,
          33.765472
        ]
      }
    },
    {
      "type": "Feature",
      "properties": {
        "P27_001": "30207",
        "P27_002": "3",
        "P27_003": "03002",
        "P27_004": "03002",
        "P27_005": "新宮市立歴史民俗資料館",
        "P27_006": "阿須賀1-2-28",
        "P27_007": 3,
        "P27_008": 2,
        "P27_009": 1979
      },
      "geometry": {
        "type": "Point",
        "coordinates": [
          135.99716,
          33.728371
        ]
      }
    },
    {
      "type": "Feature",
      "properties": {
        "P27_001": "30209",
        "P27_002": "3",
        "P27_003": "03002",
        "P27_004": "03002",
        "P27_005": "岩出市民俗資料館",
        "P27_006": "根来2306-1",
        "P27_007": 3,
        "P27_008": 2,
        "P27_009": 1989
      },
      "geometry": {
        "type": "Point",
        "coordinates": [
          135.317741,
          34.285741
        ]
      }
    },
    {
      "type": "Feature",
      "properties": {
        "P27_001": "30344",
        "P27_002": "3",
        "P27_003": "03002",
        "P27_004": "03002",
        "P27_005": "高野山霊宝館",
        "P27_006": "高野山306",
        "P27_007": 4,
        "P27_008": 1,
        "P27_009": 1961
      },
      "geometry": {
        "type": "Point",
        "coordinates": [
          135.581025,
          34.21128
        ]
      }
    },
    {
      "type": "Feature",
      "properties": {
        "P27_001": "30361",
        "P27_002": "3",
        "P27_003": "03002",
        "P27_004": "03002",
        "P27_005": "湯浅しょうゆ資料館角長の職入蔵",
        "P27_006": "湯浅7",
        "P27_007": 4,
        "P27_008": -99,
        "P27_009": 1984
      },
      "geometry": {
        "type": "Point",
        "coordinates": [
          135.174231,
          34.037221
        ]
      }
    },
    {
      "type": "Feature",
      "properties": {
        "P27_001": "30401",
        "P27_002": "3",
        "P27_003": "03002",
        "P27_004": "03002",
        "P27_005": "南方熊楠記念館",
        "P27_006": "3601-1",
        "P27_007": 4,
        "P27_008": 2,
        "P27_009": 1965
      },
      "geometry": {
        "type": "Point",
        "coordinates": [
          135.336281,
          33.693741
        ]
      }
    },
    {
      "type": "Feature",
      "properties": {
        "P27_001": "30406",
        "P27_002": "3",
        "P27_003": "03002",
        "P27_004": "03002",
        "P27_005": "すさみ町立歴史民俗資料館",
        "P27_006": "周参見2290-1",
        "P27_007": 3,
        "P27_008": -99,
        "P27_009": 1980
      },
      "geometry": {
        "type": "Point",
        "coordinates": [
          135.494262,
          33.552998
        ]
      }
    },
    {
      "type": "Feature",
      "properties": {
        "P27_001": "30421",
        "P27_002": "3",
        "P27_003": "03002",
        "P27_004": "03002",
        "P27_005": "熊野那智大社宝物殿",
        "P27_006": "那智山",
        "P27_007": 4,
        "P27_008": 1,
        "P27_009": 1965
      },
      "geometry": {
        "type": "Point",
        "coordinates": [
          135.890091,
          33.66861
        ]
      }
    },
    {
      "type": "Feature",
      "properties": {
        "P27_001": "30422",
        "P27_002": "3",
        "P27_003": "03002",
        "P27_004": "03002",
        "P27_005": "太地町立くじらの博物館",
        "P27_006": "大字太地字常渡2934-2",
        "P27_007": 3,
        "P27_008": 3,
        "P27_009": 1969
      },
      "geometry": {
        "type": "Point",
        "coordinates": [
          135.945778,
          33.602024
        ]
      }
    },
    {
      "type": "Feature",
      "properties": {
        "P27_001": "30201",
        "P27_002": "3",
        "P27_003": "03003",
        "P27_004": "03003",
        "P27_005": "和歌山県立図書館",
        "P27_006": "西高松1-7-38",
        "P27_007": 2,
        "P27_008": 3,
        "P27_009": 1993
      },
      "geometry": {
        "type": "Point",
        "coordinates": [
          135.169144,
          34.20758
        ]
      }
    },
    {
      "type": "Feature",
      "properties": {
        "P27_001": "30201",
        "P27_002": "3",
        "P27_003": "03003",
        "P27_004": "03003",
        "P27_005": "和歌山市民図書館",
        "P27_006": "湊本町3-1",
        "P27_007": 3,
        "P27_008": 3,
        "P27_009": 9999
      },
      "geometry": {
        "type": "Point",
        "coordinates": [
          135.163367,
          34.233633
        ]
      }
    },
    {
      "type": "Feature",
      "properties": {
        "P27_001": "30202",
        "P27_002": "3",
        "P27_003": "03003",
        "P27_004": "03003",
        "P27_005": "海南市下津図書館",
        "P27_006": "下津町下津500-1",
        "P27_007": 3,
        "P27_008": -99,
        "P27_009": 9999
      },
      "geometry": {
        "type": "Point",
        "coordinates": [
          135.15087,
          34.108953
        ]
      }
    },
    {
      "type": "Feature",
      "properties": {
        "P27_001": "30202",
        "P27_002": "3",
        "P27_003": "03003",
        "P27_004": "03003",
        "P27_005": "海南市児童図書館",
        "P27_006": "日方1525-2",
        "P27_007": 3,
        "P27_008": -99,
        "P27_009": 9999
      },
      "geometry": {
        "type": "Point",
        "coordinates": [
          135.209864,
          34.155255
        ]
      }
    },
    {
      "type": "Feature",
      "properties": {
        "P27_001": "30203",
        "P27_002": "3",
        "P27_003": "03003",
        "P27_004": "03003",
        "P27_005": "橋本市図書館",
        "P27_006": "東家1-6-27",
        "P27_007": 3,
        "P27_008": -99,
        "P27_009": 9999
      },
      "geometry": {
        "type": "Point",
        "coordinates": [
          135.605521,
          34.315491
        ]
      }
    },
    {
      "type": "Feature",
      "properties": {
        "P27_001": "30204",
        "P27_002": "3",
        "P27_003": "03003",
        "P27_004": "03003",
        "P27_005": "有田市図書館",
        "P27_006": "箕島27",
        "P27_007": 3,
        "P27_008": -99,
        "P27_009": 9999
      },
      "geometry": {
        "type": "Point",
        "coordinates": [
          135.124346,
          34.083651
        ]
      }
    },
    {
      "type": "Feature",
      "properties": {
        "P27_001": "30205",
        "P27_002": "3",
        "P27_003": "03003",
        "P27_004": "03003",
        "P27_005": "御坊市立図書館",
        "P27_006": "薗378-1",
        "P27_007": 3,
        "P27_008": -99,
        "P27_009": 9999
      },
      "geometry": {
        "type": "Point",
        "coordinates": [
          135.153569,
          33.890842
        ]
      }
    },
    {
      "type": "Feature",
      "properties": {
        "P27_001": "30206",
        "P27_002": "3",
        "P27_003": "03003",
        "P27_004": "03003",
        "P27_005": "田辺市立図書館",
        "P27_006": "湊497-1",
        "P27_007": 3,
        "P27_008": -99,
        "P27_009": 2012
      },
      "geometry": {
        "type": "Point",
        "coordinates": [
          135.382404,
          33.726598
        ]
      }
    },
    {
      "type": "Feature",
      "properties": {
        "P27_001": "30206",
        "P27_002": "3",
        "P27_003": "03003",
        "P27_004": "03003",
        "P27_005": "和歌山県立紀南図書館",
        "P27_006": "新庄町3353-9",
        "P27_007": 2,
        "P27_008": -99,
        "P27_009": 2005
      },
      "geometry": {
        "type": "Point",
        "coordinates": [
          135.395985,
          33.695784
        ]
      }
    },
    {
      "type": "Feature",
      "properties": {
        "P27_001": "30207",
        "P27_002": "3",
        "P27_003": "03003",
        "P27_004": "03003",
        "P27_005": "新宮市立図書館",
        "P27_006": "井の沢4-15",
        "P27_007": 3,
        "P27_008": 3,
        "P27_009": 9999
      },
      "geometry": {
        "type": "Point",
        "coordinates": [
          135.990882,
          33.722816
        ]
      }
    },
    {
      "type": "Feature",
      "properties": {
        "P27_001": "30208",
        "P27_002": "3",
        "P27_003": "03003",
        "P27_004": "03003",
        "P27_005": "紀の川市立貴志川図書館",
        "P27_006": "貴志川町長原447-1",
        "P27_007": 3,
        "P27_008": -99,
        "P27_009": 2005
      },
      "geometry": {
        "type": "Point",
        "coordinates": [
          135.306695,
          34.217728
        ]
      }
    },
    {
      "type": "Feature",
      "properties": {
        "P27_001": "30208",
        "P27_002": "3",
        "P27_003": "03003",
        "P27_004": "03003",
        "P27_005": "紀の川市立桃山図書館",
        "P27_006": "桃山町元376",
        "P27_007": 3,
        "P27_008": 2,
        "P27_009": 9999
      },
      "geometry": {
        "type": "Point",
        "coordinates": [
          135.35075,
          34.239323
        ]
      }
    },
    {
      "type": "Feature",
      "properties": {
        "P27_001": "30208",
        "P27_002": "3",
        "P27_003": "03003",
        "P27_004": "03003",
        "P27_005": "紀の川市立那賀図書館",
        "P27_006": "名手市場146-4",
        "P27_007": 3,
        "P27_008": -99,
        "P27_009": 9999
      },
      "geometry": {
        "type": "Point",
        "coordinates": [
          135.436574,
          34.272324
        ]
      }
    },
    {
      "type": "Feature",
      "properties": {
        "P27_001": "30208",
        "P27_002": "3",
        "P27_003": "03003",
        "P27_004": "03003",
        "P27_005": "紀の川市立粉河図書館",
        "P27_006": "粉河580",
        "P27_007": 3,
        "P27_008": -99,
        "P27_009": 9999
      },
      "geometry": {
        "type": "Point",
        "coordinates": [
          135.410706,
          34.267438
        ]
      }
    },
    {
      "type": "Feature",
      "properties": {
        "P27_001": "30209",
        "P27_002": "3",
        "P27_003": "03003",
        "P27_004": "03003",
        "P27_005": "岩出市立駅前ライブラリー",
        "P27_006": "高塚63-5",
        "P27_007": 3,
        "P27_008": -99,
        "P27_009": 9999
      },
      "geometry": {
        "type": "Point",
        "coordinates": [
          135.321399,
          34.255591
        ]
      }
    },
    {
      "type": "Feature",
      "properties": {
        "P27_001": "30341",
        "P27_002": "3",
        "P27_003": "03003",
        "P27_004": "03003",
        "P27_005": "かつらぎ町立図書館",
        "P27_006": "丁ノ町2454",
        "P27_007": 3,
        "P27_008": -99,
        "P27_009": 9999
      },
      "geometry": {
        "type": "Point",
        "coordinates": [
          135.50465,
          34.29478
        ]
      }
    },
    {
      "type": "Feature",
      "properties": {
        "P27_001": "30361",
        "P27_002": "3",
        "P27_003": "03003",
        "P27_004": "03003",
        "P27_005": "湯浅町立図書館",
        "P27_006": "大字湯浅1982",
        "P27_007": 3,
        "P27_008": 2,
        "P27_009": 9999
      },
      "geometry": {
        "type": "Point",
        "coordinates": [
          135.181702,
          34.036187
        ]
      }
    },
    {
      "type": "Feature",
      "properties": {
        "P27_001": "30366",
        "P27_002": "3",
        "P27_003": "03003",
        "P27_004": "03003",
        "P27_005": "有田川町立金屋図書館",
        "P27_006": "金屋7（有田川町金屋文化保健センター内）",
        "P27_007": 3,
        "P27_008": -99,
        "P27_009": 9999
      },
      "geometry": {
        "type": "Point",
        "coordinates": [
          135.254388,
          34.064048
        ]
      }
    },
    {
      "type": "Feature",
      "properties": {
        "P27_001": "30381",
        "P27_002": "3",
        "P27_003": "03003",
        "P27_004": "03003",
        "P27_005": "美浜町立図書館",
        "P27_006": "大字和田1138-313",
        "P27_007": 3,
        "P27_008": -99,
        "P27_009": 9999
      },
      "geometry": {
        "type": "Point",
        "coordinates": [
          135.129682,
          33.895702
        ]
      }
    },
    {
      "type": "Feature",
      "properties": {
        "P27_001": "30391",
        "P27_002": "3",
        "P27_003": "03003",
        "P27_004": "03003",
        "P27_005": "みなべ町立図書館上南部分館",
        "P27_006": "谷口301-4",
        "P27_007": 3,
        "P27_008": -99,
        "P27_009": 9999
      },
      "geometry": {
        "type": "Point",
        "coordinates": [
          135.330502,
          33.791557
        ]
      }
    },
    {
      "type": "Feature",
      "properties": {
        "P27_001": "30391",
        "P27_002": "3",
        "P27_003": "03003",
        "P27_004": "03003",
        "P27_005": "みなべ町立図書館中央館(ゆめよみ館)",
        "P27_006": "芝503-1",
        "P27_007": 3,
        "P27_008": 2,
        "P27_009": 2000
      },
      "geometry": {
        "type": "Point",
        "coordinates": [
          135.322451,
          33.765822
        ]
      }
    },
    {
      "type": "Feature",
      "properties": {
        "P27_001": "30401",
        "P27_002": "3",
        "P27_003": "03003",
        "P27_004": "03003",
        "P27_005": "白浜町立図書館",
        "P27_006": "1335-13",
        "P27_007": 3,
        "P27_008": -99,
        "P27_009": 9999
      },
      "geometry": {
        "type": "Point",
        "coordinates": [
          135.346032,
          33.684437
        ]
      }
    },
    {
      "type": "Feature",
      "properties": {
        "P27_001": "30404",
        "P27_002": "3",
        "P27_003": "03003",
        "P27_004": "03003",
        "P27_005": "上富田町図書館",
        "P27_006": "朝来758-1",
        "P27_007": 3,
        "P27_008": -99,
        "P27_009": 9999
      },
      "geometry": {
        "type": "Point",
        "coordinates": [
          135.429807,
          33.696963
        ]
      }
    },
    {
      "type": "Feature",
      "properties": {
        "P27_001": "30421",
        "P27_002": "3",
        "P27_003": "03003",
        "P27_004": "03003",
        "P27_005": "那智勝浦町立図書館",
        "P27_006": "大字天満1185-1",
        "P27_007": 3,
        "P27_008": -99,
        "P27_009": 9999
      },
      "geometry": {
        "type": "Point",
        "coordinates": [
          135.938944,
          33.626577
        ]
      }
    },
    {
      "type": "Feature",
      "properties": {
        "P27_001": "30428",
        "P27_002": "3",
        "P27_003": "03003",
        "P27_004": "03003",
        "P27_005": "串本町図書館",
        "P27_006": "串本818",
        "P27_007": 3,
        "P27_008": -99,
        "P27_009": 9999
      },
      "geometry": {
        "type": "Point",
        "coordinates": [
          135.777153,
          33.470787
        ]
      }
    },
    {
      "type": "Feature",
      "properties": {
        "P27_001": "30209",
        "P27_002": "3",
        "P27_003": "99999",
        "P27_004": "03003",
        "P27_005": "岩出市立岩出図書館",
        "P27_006": "根来1472-1",
        "P27_007": 3,
        "P27_008": 1,
        "P27_009": 2006
      },
      "geometry": {
        "type": "Point",
        "coordinates": [
          135.309745,
          34.28395
        ]
      }
    },
    {
      "type": "Feature",
      "properties": {
        "P27_001": "30208",
        "P27_002": "3",
        "P27_003": "99999",
        "P27_004": "03003",
        "P27_005": "紀の川市立打田図書館",
        "P27_006": "西大井363番地",
        "P27_007": 3,
        "P27_008": -99,
        "P27_009": 9999
      },
      "geometry": {
        "type": "Point",
        "coordinates": [
          135.361993,
          34.270519
        ]
      }
    },
    {
      "type": "Feature",
      "properties": {
        "P27_001": "30201",
        "P27_002": "3",
        "P27_003": "99999",
        "P27_004": "03003",
        "P27_005": "和歌山点字図書館",
        "P27_006": "駿河町35番地",
        "P27_007": 2,
        "P27_008": -99,
        "P27_009": 9999
      },
      "geometry": {
        "type": "Point",
        "coordinates": [
          135.17355,
          34.232658
        ]
      }
    },
    {
      "type": "Feature",
      "properties": {
        "P27_001": "30201",
        "P27_002": "3",
        "P27_003": "99999",
        "P27_004": "03003",
        "P27_005": "和歌山県立医科大学図書館三葛館",
        "P27_006": "三葛580",
        "P27_007": 2,
        "P27_008": -99,
        "P27_009": 9999
      },
      "geometry": {
        "type": "Point",
        "coordinates": [
          135.189963,
          34.194758
        ]
      }
    },
    {
      "type": "Feature",
      "properties": {
        "P27_001": "30201",
        "P27_002": "3",
        "P27_003": "99999",
        "P27_004": "03003",
        "P27_005": "和歌山大学附属図書館",
        "P27_006": "栄谷930番地",
        "P27_007": 0,
        "P27_008": -99,
        "P27_009": 9999
      },
      "geometry": {
        "type": "Point",
        "coordinates": [
          135.150859,
          34.266732
        ]
      }
    },
    {
      "type": "Feature",
      "properties": {
        "P27_001": "30201",
        "P27_002": "3",
        "P27_003": "99999",
        "P27_004": "03003",
        "P27_005": "和歌山信愛女子短期大学図書館",
        "P27_006": "相坂702-2",
        "P27_007": 4,
        "P27_008": -99,
        "P27_009": 9999
      },
      "geometry": {
        "type": "Point",
        "coordinates": [
          135.230485,
          34.199597
        ]
      }
    },
    {
      "type": "Feature",
      "properties": {
        "P27_001": "30201",
        "P27_002": "3",
        "P27_003": "99999",
        "P27_004": "03003",
        "P27_005": "和歌山県立医科大学図書館紀三井寺館",
        "P27_006": "紀三井寺811-1",
        "P27_007": 2,
        "P27_008": -99,
        "P27_009": 9999
      },
      "geometry": {
        "type": "Point",
        "coordinates": [
          135.181137,
          34.189246
        ]
      }
    },
    {
      "type": "Feature",
      "properties": {
        "P27_001": "30344",
        "P27_002": "3",
        "P27_003": "99999",
        "P27_004": "03003",
        "P27_005": "高野山大学図書館",
        "P27_006": "高野山385",
        "P27_007": 4,
        "P27_008": -99,
        "P27_009": 9999
      },
      "geometry": {
        "type": "Point",
        "coordinates": [
          135.585909,
          34.211464
        ]
      }
    },
    {
      "type": "Feature",
      "properties": {
        "P27_001": "30401",
        "P27_002": "3",
        "P27_003": "03004",
        "P27_004": "03004",
        "P27_005": "京都大学フィールド科学教育研究センター瀬戸臨海実験所水族館（京都大学白浜水族館）",
        "P27_006": "459",
        "P27_007": 0,
        "P27_008": 3,
        "P27_009": 1948
      },
      "geometry": {
        "type": "Point",
        "coordinates": [
          135.339501,
          33.69317
        ]
      }
    },
    {
      "type": "Feature",
      "properties": {
        "P27_001": "30428",
        "P27_002": "3",
        "P27_003": "03004",
        "P27_004": "03004",
        "P27_005": "串本海中公園センターマリンパビリオン",
        "P27_006": "有田1157",
        "P27_007": 4,
        "P27_008": 2,
        "P27_009": 1969
      },
      "geometry": {
        "type": "Point",
        "coordinates": [
          135.744743,
          33.480871
        ]
      }
    },
    {
      "type": "Feature",
      "properties": {
        "P27_001": "30201",
        "P27_002": "3",
        "P27_003": "03005",
        "P27_004": "03005",
        "P27_005": "和歌山公園動物園",
        "P27_006": "一番丁3",
        "P27_007": 3,
        "P27_008": -99,
        "P27_009": 1970
      },
      "geometry": {
        "type": "Point",
        "coordinates": [
          135.172366,
          34.22655
        ]
      }
    },
    {
      "type": "Feature",
      "properties": {
        "P27_001": "30401",
        "P27_002": "3",
        "P27_003": "03005",
        "P27_004": "03005",
        "P27_005": "アドベンチャーワールド",
        "P27_006": "堅田2399",
        "P27_007": 4,
        "P27_008": -99,
        "P27_009": 1978
      },
      "geometry": {
        "type": "Point",
        "coordinates": [
          135.374836,
          33.676712
        ]
      }
    },
    {
      "type": "Feature",
      "properties": {
        "P27_001": "30201",
        "P27_002": "3",
        "P27_003": "99999",
        "P27_004": "03109",
        "P27_005": "和歌山県立体育館",
        "P27_006": "中之島2238",
        "P27_007": 4,
        "P27_008": 2,
        "P27_009": 9999
      },
      "geometry": {
        "type": "Point",
        "coordinates": [
          135.18686,
          34.237452
        ]
      }
    },
    {
      "type": "Feature",
      "properties": {
        "P27_001": "30201",
        "P27_002": "3",
        "P27_003": "99999",
        "P27_004": "03131",
        "P27_005": "和歌山県立体育館",
        "P27_006": "中之島2238",
        "P27_007": 4,
        "P27_008": 2,
        "P27_009": 9999
      },
      "geometry": {
        "type": "Point",
        "coordinates": [
          135.186857,
          34.237415
        ]
      }
    },
    {
      "type": "Feature",
      "properties": {
        "P27_001": "30201",
        "P27_002": "3",
        "P27_003": "99999",
        "P27_004": "03120",
        "P27_005": "和歌山県立体育館",
        "P27_006": "中之島2238",
        "P27_007": 4,
        "P27_008": 2,
        "P27_009": 9999
      },
      "geometry": {
        "type": "Point",
        "coordinates": [
          135.186842,
          34.237324
        ]
      }
    },
    {
      "type": "Feature",
      "properties": {
        "P27_001": "30201",
        "P27_002": "3",
        "P27_003": "99999",
        "P27_004": "03116",
        "P27_005": "和歌山県立体育館",
        "P27_006": "中之島2238",
        "P27_007": 4,
        "P27_008": 2,
        "P27_009": 9999
      },
      "geometry": {
        "type": "Point",
        "coordinates": [
          135.186851,
          34.237366
        ]
      }
    },
    {
      "type": "Feature",
      "properties": {
        "P27_001": "30201",
        "P27_002": "3",
        "P27_003": "99999",
        "P27_004": "03112",
        "P27_005": "和歌山県立武道館",
        "P27_006": "和歌浦西2-1-22",
        "P27_007": 2,
        "P27_008": 1,
        "P27_009": 9999
      },
      "geometry": {
        "type": "Point",
        "coordinates": [
          135.165918,
          34.191168
        ]
      }
    },
    {
      "type": "Feature",
      "properties": {
        "P27_001": "30203",
        "P27_002": "3",
        "P27_003": "99999",
        "P27_004": "03109",
        "P27_005": "和歌山県立橋本体育館",
        "P27_006": "北馬場455（橋本市運動公園内）",
        "P27_007": 2,
        "P27_008": -99,
        "P27_009": 9999
      },
      "geometry": {
        "type": "Point",
        "coordinates": [
          135.616586,
          34.33135
        ]
      }
    },
    {
      "type": "Feature",
      "properties": {
        "P27_001": "30203",
        "P27_002": "3",
        "P27_003": "99999",
        "P27_004": "03120",
        "P27_005": "和歌山県立橋本体育館",
        "P27_006": "北馬場455（橋本市運動公園内）",
        "P27_007": 2,
        "P27_008": -99,
        "P27_009": 9999
      },
      "geometry": {
        "type": "Point",
        "coordinates": [
          135.616589,
          34.331391
        ]
      }
    },
    {
      "type": "Feature",
      "properties": {
        "P27_001": "30203",
        "P27_002": "3",
        "P27_003": "99999",
        "P27_004": "03116",
        "P27_005": "和歌山県立橋本体育館",
        "P27_006": "北馬場455（橋本市運動公園内）",
        "P27_007": 2,
        "P27_008": -99,
        "P27_009": 9999
      },
      "geometry": {
        "type": "Point",
        "coordinates": [
          135.616589,
          34.331266
        ]
      }
    },
    {
      "type": "Feature",
      "properties": {
        "P27_001": "30203",
        "P27_002": "3",
        "P27_003": "99999",
        "P27_004": "03112",
        "P27_005": "和歌山県立橋本体育館",
        "P27_006": "北馬場455（橋本市運動公園内）",
        "P27_007": 2,
        "P27_008": -99,
        "P27_009": 9999
      },
      "geometry": {
        "type": "Point",
        "coordinates": [
          135.616592,
          34.331225
        ]
      }
    },
    {
      "type": "Feature",
      "properties": {
        "P27_001": "30203",
        "P27_002": "3",
        "P27_003": "99999",
        "P27_004": "03129",
        "P27_005": "和歌山県立橋本体育館",
        "P27_006": "北馬場455（橋本市運動公園内）",
        "P27_007": 2,
        "P27_008": -99,
        "P27_009": 9999
      },
      "geometry": {
        "type": "Point",
        "coordinates": [
          135.616586,
          34.331308
        ]
      }
    },
    {
      "type": "Feature",
      "properties": {
        "P27_001": "30201",
        "P27_002": "3",
        "P27_003": "99999",
        "P27_004": "03101",
        "P27_005": "紀三井寺公園",
        "P27_006": "毛見200",
        "P27_007": 2,
        "P27_008": -99,
        "P27_009": 9999
      },
      "geometry": {
        "type": "Point",
        "coordinates": [
          135.191944,
          34.166175
        ]
      }
    },
    {
      "type": "Feature",
      "properties": {
        "P27_001": "30201",
        "P27_002": "3",
        "P27_003": "99999",
        "P27_004": "03102",
        "P27_005": "紀三井寺公園",
        "P27_006": "毛見200",
        "P27_007": 2,
        "P27_008": -99,
        "P27_009": 9999
      },
      "geometry": {
        "type": "Point",
        "coordinates": [
          135.190304,
          34.166101
        ]
      }
    },
    {
      "type": "Feature",
      "properties": {
        "P27_001": "30201",
        "P27_002": "3",
        "P27_003": "99999",
        "P27_004": "03103",
        "P27_005": "紀三井寺公園",
        "P27_006": "毛見200",
        "P27_007": 2,
        "P27_008": -99,
        "P27_009": 9999
      },
      "geometry": {
        "type": "Point",
        "coordinates": [
          135.189752,
          34.167792
        ]
      }
    },
    {
      "type": "Feature",
      "properties": {
        "P27_001": "30201",
        "P27_002": "3",
        "P27_003": "99999",
        "P27_004": "03115",
        "P27_005": "紀三井寺公園",
        "P27_006": "毛見200",
        "P27_007": 2,
        "P27_008": -99,
        "P27_009": 9999
      },
      "geometry": {
        "type": "Point",
        "coordinates": [
          135.189455,
          34.166991
        ]
      }
    },
    {
      "type": "Feature",
      "properties": {
        "P27_001": "30201",
        "P27_002": "3",
        "P27_003": "99999",
        "P27_004": "03129",
        "P27_005": "紀三井寺公園",
        "P27_006": "毛見200",
        "P27_007": 2,
        "P27_008": -99,
        "P27_009": 9999
      },
      "geometry": {
        "type": "Point",
        "coordinates": [
          135.191938,
          34.166096
        ]
      }
    },
    {
      "type": "Feature",
      "properties": {
        "P27_001": "30201",
        "P27_002": "3",
        "P27_003": "99999",
        "P27_004": "03104",
        "P27_005": "河西緩衝緑地公園",
        "P27_006": "松江字29町場2000",
        "P27_007": 2,
        "P27_008": -99,
        "P27_009": 9999
      },
      "geometry": {
        "type": "Point",
        "coordinates": [
          135.100759,
          34.255685
        ]
      }
    },
    {
      "type": "Feature",
      "properties": {
        "P27_001": "30201",
        "P27_002": "3",
        "P27_003": "99999",
        "P27_004": "03102",
        "P27_005": "河西緩衝緑地公園",
        "P27_006": "松江字29町場2000",
        "P27_007": 2,
        "P27_008": -99,
        "P27_009": 9999
      },
      "geometry": {
        "type": "Point",
        "coordinates": [
          135.110801,
          34.251112
        ]
      }
    },
    {
      "type": "Feature",
      "properties": {
        "P27_001": "30201",
        "P27_002": "3",
        "P27_003": "99999",
        "P27_004": "03106",
        "P27_005": "河西緩衝緑地公園",
        "P27_006": "松江字29町場2000",
        "P27_007": 2,
        "P27_008": -99,
        "P27_009": 9999
      },
      "geometry": {
        "type": "Point",
        "coordinates": [
          135.104069,
          34.254737
        ]
      }
    },
    {
      "type": "Feature",
      "properties": {
        "P27_001": "30201",
        "P27_002": "3",
        "P27_003": "99999",
        "P27_004": "03101",
        "P27_005": "河西緩衝緑地公園",
        "P27_006": "松江字29町場2000",
        "P27_007": 2,
        "P27_008": -99,
        "P27_009": 9999
      },
      "geometry": {
        "type": "Point",
        "coordinates": [
          135.120326,
          34.246873
        ]
      }
    },
    {
      "type": "Feature",
      "properties": {
        "P27_001": "30201",
        "P27_002": "3",
        "P27_003": "99999",
        "P27_004": "03109",
        "P27_005": "河西緩衝緑地公園",
        "P27_006": "松江字29町場2000",
        "P27_007": 2,
        "P27_008": -99,
        "P27_009": 9999
      },
      "geometry": {
        "type": "Point",
        "coordinates": [
          135.121425,
          34.247735
        ]
      }
    },
    {
      "type": "Feature",
      "properties": {
        "P27_001": "30201",
        "P27_002": "3",
        "P27_003": "99999",
        "P27_004": "03115",
        "P27_005": "河西緩衝緑地公園",
        "P27_006": "松江字29町場2000",
        "P27_007": 2,
        "P27_008": -99,
        "P27_009": 9999
      },
      "geometry": {
        "type": "Point",
        "coordinates": [
          135.108573,
          34.252306
        ]
      }
    },
    {
      "type": "Feature",
      "properties": {
        "P27_001": "30201",
        "P27_002": "3",
        "P27_003": "99999",
        "P27_004": "03138",
        "P27_005": "河西緩衝緑地公園",
        "P27_006": "松江字29町場2000",
        "P27_007": 2,
        "P27_008": -99,
        "P27_009": 9999
      },
      "geometry": {
        "type": "Point",
        "coordinates": [
          135.109684,
          34.25192
        ]
      }
    },
    {
      "type": "Feature",
      "properties": {
        "P27_001": "30201",
        "P27_002": "3",
        "P27_003": "99999",
        "P27_004": "03118",
        "P27_005": "河西緩衝緑地公園",
        "P27_006": "松江字29町場2000",
        "P27_007": 2,
        "P27_008": -99,
        "P27_009": 9999
      },
      "geometry": {
        "type": "Point",
        "coordinates": [
          135.106523,
          34.25288
        ]
      }
    },
    {
      "type": "Feature",
      "properties": {
        "P27_001": "30201",
        "P27_002": "3",
        "P27_003": "99999",
        "P27_004": "03122",
        "P27_005": "河西緩衝緑地公園",
        "P27_006": "松江字29町場2000",
        "P27_007": 2,
        "P27_008": -99,
        "P27_009": 9999
      },
      "geometry": {
        "type": "Point",
        "coordinates": [
          135.111978,
          34.250017
        ]
      }
    },
    {
      "type": "Feature",
      "properties": {
        "P27_001": "30201",
        "P27_002": "3",
        "P27_003": "99999",
        "P27_004": "03109",
        "P27_005": "和歌山ビッグホエール",
        "P27_006": "手平2-1-1",
        "P27_007": 2,
        "P27_008": -99,
        "P27_009": 9999
      },
      "geometry": {
        "type": "Point",
        "coordinates": [
          135.190829,
          34.221249
        ]
      }
    },
    {
      "type": "Feature",
      "properties": {
        "P27_001": "30201",
        "P27_002": "3",
        "P27_003": "99999",
        "P27_004": "03105",
        "P27_005": "和歌山県体力開発センター",
        "P27_006": "中之島2252",
        "P27_007": 2,
        "P27_008": 3,
        "P27_009": 9999
      },
      "geometry": {
        "type": "Point",
        "coordinates": [
          135.187152,
          34.236718
        ]
      }
    },
    {
      "type": "Feature",
      "properties": {
        "P27_001": "30201",
        "P27_002": "3",
        "P27_003": "99999",
        "P27_004": "03129",
        "P27_005": "和歌山県体力開発センター",
        "P27_006": "中之島2252",
        "P27_007": 2,
        "P27_008": 3,
        "P27_009": 9999
      },
      "geometry": {
        "type": "Point",
        "coordinates": [
          135.187151,
          34.236739
        ]
      }
    },
    {
      "type": "Feature",
      "properties": {
        "P27_001": "30201",
        "P27_002": "3",
        "P27_003": "99999",
        "P27_004": "03109",
        "P27_005": "片男波公園",
        "P27_006": "和歌浦南",
        "P27_007": 2,
        "P27_008": -99,
        "P27_009": 9999
      },
      "geometry": {
        "type": "Point",
        "coordinates": [
          135.173396,
          34.181823
        ]
      }
    },
    {
      "type": "Feature",
      "properties": {
        "P27_001": "30201",
        "P27_002": "3",
        "P27_003": "99999",
        "P27_004": "03129",
        "P27_005": "片男波公園",
        "P27_006": "和歌浦南",
        "P27_007": 2,
        "P27_008": -99,
        "P27_009": 9999
      },
      "geometry": {
        "type": "Point",
        "coordinates": [
          135.173396,
          34.181755
        ]
      }
    },
    {
      "type": "Feature",
      "properties": {
        "P27_001": "30201",
        "P27_002": "3",
        "P27_003": "99999",
        "P27_004": "03148",
        "P27_005": "片男波公園",
        "P27_006": "和歌浦南",
        "P27_007": 2,
        "P27_008": -99,
        "P27_009": 9999
      },
      "geometry": {
        "type": "Point",
        "coordinates": [
          135.173277,
          34.17998
        ]
      }
    },
    {
      "type": "Feature",
      "properties": {
        "P27_001": "30201",
        "P27_002": "3",
        "P27_003": "99999",
        "P27_004": "03115",
        "P27_005": "和歌山河川公園",
        "P27_006": "塩屋1-6",
        "P27_007": 2,
        "P27_008": -99,
        "P27_009": 9999
      },
      "geometry": {
        "type": "Point",
        "coordinates": [
          135.180701,
          34.20253
        ]
      }
    },
    {
      "type": "Feature",
      "properties": {
        "P27_001": "30201",
        "P27_002": "3",
        "P27_003": "99999",
        "P27_004": "03102",
        "P27_005": "和歌山河川公園",
        "P27_006": "塩屋1-6",
        "P27_007": 2,
        "P27_008": -99,
        "P27_009": 9999
      },
      "geometry": {
        "type": "Point",
        "coordinates": [
          135.181379,
          34.201498
        ]
      }
    },
    {
      "type": "Feature",
      "properties": {
        "P27_001": "30201",
        "P27_002": "3",
        "P27_003": "99999",
        "P27_004": "03103",
        "P27_005": "和歌山河川公園",
        "P27_006": "塩屋1-6",
        "P27_007": 2,
        "P27_008": -99,
        "P27_009": 9999
      },
      "geometry": {
        "type": "Point",
        "coordinates": [
          135.181652,
          34.200151
        ]
      }
    },
    {
      "type": "Feature",
      "properties": {
        "P27_001": "30201",
        "P27_002": "3",
        "P27_003": "99999",
        "P27_004": "03138",
        "P27_005": "和歌山河川公園",
        "P27_006": "塩屋1-6",
        "P27_007": 2,
        "P27_008": -99,
        "P27_009": 9999
      },
      "geometry": {
        "type": "Point",
        "coordinates": [
          135.179846,
          34.206363
        ]
      }
    },
    {
      "type": "Feature",
      "properties": {
        "P27_001": "30428",
        "P27_002": "3",
        "P27_003": "99999",
        "P27_004": "03106",
        "P27_005": "潮岬青少年の家",
        "P27_006": "潮岬669",
        "P27_007": 2,
        "P27_008": -99,
        "P27_009": 9999
      },
      "geometry": {
        "type": "Point",
        "coordinates": [
          135.781113,
          33.446355
        ]
      }
    },
    {
      "type": "Feature",
      "properties": {
        "P27_001": "30428",
        "P27_002": "3",
        "P27_003": "99999",
        "P27_004": "03104",
        "P27_005": "潮岬青少年の家",
        "P27_006": "潮岬669",
        "P27_007": 2,
        "P27_008": -99,
        "P27_009": 9999
      },
      "geometry": {
        "type": "Point",
        "coordinates": [
          135.782358,
          33.446273
        ]
      }
    },
    {
      "type": "Feature",
      "properties": {
        "P27_001": "30428",
        "P27_002": "3",
        "P27_003": "99999",
        "P27_004": "03109",
        "P27_005": "潮岬青少年の家",
        "P27_006": "潮岬669",
        "P27_007": 2,
        "P27_008": -99,
        "P27_009": 9999
      },
      "geometry": {
        "type": "Point",
        "coordinates": [
          135.781485,
          33.446115
        ]
      }
    },
    {
      "type": "Feature",
      "properties": {
        "P27_001": "30428",
        "P27_002": "3",
        "P27_003": "99999",
        "P27_004": "03120",
        "P27_005": "潮岬青少年の家",
        "P27_006": "潮岬669",
        "P27_007": 2,
        "P27_008": -99,
        "P27_009": 9999
      },
      "geometry": {
        "type": "Point",
        "coordinates": [
          135.781482,
          33.446192
        ]
      }
    },
    {
      "type": "Feature",
      "properties": {
        "P27_001": "30428",
        "P27_002": "3",
        "P27_003": "99999",
        "P27_004": "03142",
        "P27_005": "潮岬青少年の家",
        "P27_006": "潮岬669",
        "P27_007": 2,
        "P27_008": -99,
        "P27_009": 9999
      },
      "geometry": {
        "type": "Point",
        "coordinates": [
          135.781553,
          33.445334
        ]
      }
    },
    {
      "type": "Feature",
      "properties": {
        "P27_001": "30341",
        "P27_002": "3",
        "P27_003": "99999",
        "P27_004": "03109",
        "P27_005": "紀北青少年の家",
        "P27_006": "中飯降1317-3",
        "P27_007": 2,
        "P27_008": -99,
        "P27_009": 9999
      },
      "geometry": {
        "type": "Point",
        "coordinates": [
          135.535228,
          34.313693
        ]
      }
    },
    {
      "type": "Feature",
      "properties": {
        "P27_001": "30341",
        "P27_002": "3",
        "P27_003": "99999",
        "P27_004": "03142",
        "P27_005": "紀北青少年の家",
        "P27_006": "中飯降1317-3",
        "P27_007": 2,
        "P27_008": -99,
        "P27_009": 9999
      },
      "geometry": {
        "type": "Point",
        "coordinates": [
          135.537985,
          34.313607
        ]
      }
    },
    {
      "type": "Feature",
      "properties": {
        "P27_001": "30341",
        "P27_002": "3",
        "P27_003": "99999",
        "P27_004": "03115",
        "P27_005": "紀北青少年の家",
        "P27_006": "中飯降1317-3",
        "P27_007": 2,
        "P27_008": -99,
        "P27_009": 9999
      },
      "geometry": {
        "type": "Point",
        "coordinates": [
          135.536149,
          34.314346
        ]
      }
    },
    {
      "type": "Feature",
      "properties": {
        "P27_001": "30341",
        "P27_002": "3",
        "P27_003": "99999",
        "P27_004": "03104",
        "P27_005": "紀北青少年の家",
        "P27_006": "中飯降1317-3",
        "P27_007": 2,
        "P27_008": -99,
        "P27_009": 9999
      },
      "geometry": {
        "type": "Point",
        "coordinates": [
          135.537836,
          34.314304
        ]
      }
    },
    {
      "type": "Feature",
      "properties": {
        "P27_001": "30341",
        "P27_002": "3",
        "P27_003": "99999",
        "P27_004": "03106",
        "P27_005": "紀北青少年の家",
        "P27_006": "中飯降1317-3",
        "P27_007": 2,
        "P27_008": -99,
        "P27_009": 9999
      },
      "geometry": {
        "type": "Point",
        "coordinates": [
          135.53559,
          34.313359
        ]
      }
    },
    {
      "type": "Feature",
      "properties": {
        "P27_001": "30383",
        "P27_002": "3",
        "P27_003": "99999",
        "P27_004": "03109",
        "P27_005": "白崎青少年の家",
        "P27_006": "大引961-1",
        "P27_007": 2,
        "P27_008": -99,
        "P27_009": 9999
      },
      "geometry": {
        "type": "Point",
        "coordinates": [
          135.080202,
          33.975355
        ]
      }
    },
    {
      "type": "Feature",
      "properties": {
        "P27_001": "30383",
        "P27_002": "3",
        "P27_003": "99999",
        "P27_004": "03142",
        "P27_005": "白崎青少年の家",
        "P27_006": "大引961-1",
        "P27_007": 2,
        "P27_008": -99,
        "P27_009": 9999
      },
      "geometry": {
        "type": "Point",
        "coordinates": [
          135.080273,
          33.974877
        ]
      }
    },
    {
      "type": "Feature",
      "properties": {
        "P27_001": "30205",
        "P27_002": "3",
        "P27_003": "99999",
        "P27_004": "03102",
        "P27_005": "御坊総合運動公園",
        "P27_006": "塩屋町南塩屋1123",
        "P27_007": 4,
        "P27_008": -99,
        "P27_009": 1989
      },
      "geometry": {
        "type": "Point",
        "coordinates": [
          135.170363,
          33.862021
        ]
      }
    },
    {
      "type": "Feature",
      "properties": {
        "P27_001": "30205",
        "P27_002": "3",
        "P27_003": "99999",
        "P27_004": "03101",
        "P27_005": "御坊総合運動公園",
        "P27_006": "塩屋町南塩屋1123",
        "P27_007": 4,
        "P27_008": -99,
        "P27_009": 1989
      },
      "geometry": {
        "type": "Point",
        "coordinates": [
          135.171914,
          33.861089
        ]
      }
    },
    {
      "type": "Feature",
      "properties": {
        "P27_001": "30205",
        "P27_002": "3",
        "P27_003": "99999",
        "P27_004": "03147",
        "P27_005": "御坊総合運動公園",
        "P27_006": "塩屋町南塩屋1123",
        "P27_007": 4,
        "P27_008": -99,
        "P27_009": 1989
      },
      "geometry": {
        "type": "Point",
        "coordinates": [
          135.169599,
          33.860515
        ]
      }
    },
    {
      "type": "Feature",
      "properties": {
        "P27_001": "30205",
        "P27_002": "3",
        "P27_003": "99999",
        "P27_004": "03102",
        "P27_005": "日高川ふれあい水辺公園",
        "P27_006": "藤田町藤井",
        "P27_007": 4,
        "P27_008": -99,
        "P27_009": 1999
      },
      "geometry": {
        "type": "Point",
        "coordinates": [
          135.178267,
          33.906809
        ]
      }
    },
    {
      "type": "Feature",
      "properties": {
        "P27_001": "30205",
        "P27_002": "3",
        "P27_003": "99999",
        "P27_004": "03104",
        "P27_005": "日高川ふれあい水辺公園",
        "P27_006": "藤田町藤井",
        "P27_007": 4,
        "P27_008": -99,
        "P27_009": 1999
      },
      "geometry": {
        "type": "Point",
        "coordinates": [
          135.178279,
          33.906735
        ]
      }
    },
    {
      "type": "Feature",
      "properties": {
        "P27_001": "30205",
        "P27_002": "3",
        "P27_003": "99999",
        "P27_004": "03138",
        "P27_005": "日高川ふれあい水辺公園",
        "P27_006": "藤田町藤井",
        "P27_007": 4,
        "P27_008": -99,
        "P27_009": 1999
      },
      "geometry": {
        "type": "Point",
        "coordinates": [
          135.191375,
          33.90062
        ]
      }
    },
    {
      "type": "Feature",
      "properties": {
        "P27_001": "30205",
        "P27_002": "3",
        "P27_003": "99999",
        "P27_004": "03109",
        "P27_005": "御坊市立体育館",
        "P27_006": "薗87-1",
        "P27_007": 3,
        "P27_008": -99,
        "P27_009": 1970
      },
      "geometry": {
        "type": "Point",
        "coordinates": [
          135.15223,
          33.893789
        ]
      }
    },
    {
      "type": "Feature",
      "properties": {
        "P27_001": "30205",
        "P27_002": "3",
        "P27_003": "99999",
        "P27_004": "03116",
        "P27_005": "御坊市立体育館",
        "P27_006": "薗87-1",
        "P27_007": 3,
        "P27_008": -99,
        "P27_009": 1970
      },
      "geometry": {
        "type": "Point",
        "coordinates": [
          135.15223,
          33.893844
        ]
      }
    },
    {
      "type": "Feature",
      "properties": {
        "P27_001": "30205",
        "P27_002": "3",
        "P27_003": "99999",
        "P27_004": "03112",
        "P27_005": "御坊市立体育館",
        "P27_006": "薗87-1",
        "P27_007": 3,
        "P27_008": -99,
        "P27_009": 1970
      },
      "geometry": {
        "type": "Point",
        "coordinates": [
          135.152227,
          33.893698
        ]
      }
    },
    {
      "type": "Feature",
      "properties": {
        "P27_001": "30205",
        "P27_002": "3",
        "P27_003": "99999",
        "P27_004": "03120",
        "P27_005": "御坊市立体育館",
        "P27_006": "薗87-1",
        "P27_007": 3,
        "P27_008": -99,
        "P27_009": 1970
      },
      "geometry": {
        "type": "Point",
        "coordinates": [
          135.15223,
          33.893745
        ]
      }
    },
    {
      "type": "Feature",
      "properties": {
        "P27_001": "30205",
        "P27_002": "3",
        "P27_003": "99999",
        "P27_004": "03112",
        "P27_005": "御坊市立武道館",
        "P27_006": "島426-1",
        "P27_007": 3,
        "P27_008": -99,
        "P27_009": 1983
      },
      "geometry": {
        "type": "Point",
        "coordinates": [
          135.163362,
          33.8908
        ]
      }
    },
    {
      "type": "Feature",
      "properties": {
        "P27_001": "30205",
        "P27_002": "3",
        "P27_003": "99999",
        "P27_004": "03121",
        "P27_005": "御坊市立武道館",
        "P27_006": "島426-1",
        "P27_007": 3,
        "P27_008": -99,
        "P27_009": 1983
      },
      "geometry": {
        "type": "Point",
        "coordinates": [
          135.163362,
          33.890706
        ]
      }
    },
    {
      "type": "Feature",
      "properties": {
        "P27_001": "30205",
        "P27_002": "3",
        "P27_003": "99999",
        "P27_004": "03119",
        "P27_005": "御坊市立相撲場",
        "P27_006": "薗310",
        "P27_007": 3,
        "P27_008": -99,
        "P27_009": 1992
      },
      "geometry": {
        "type": "Point",
        "coordinates": [
          135.151894,
          33.893281
        ]
      }
    },
    {
      "type": "Feature",
      "properties": {
        "P27_001": "30205",
        "P27_002": "3",
        "P27_003": "99999",
        "P27_004": "03142",
        "P27_005": "野口オートキャンプ場",
        "P27_006": "野口(河川敷)",
        "P27_007": 4,
        "P27_008": -99,
        "P27_009": 1997
      },
      "geometry": {
        "type": "Point",
        "coordinates": [
          135.193195,
          33.897298
        ]
      }
    },
    {
      "type": "Feature",
      "properties": {
        "P27_001": "30366",
        "P27_002": "3",
        "P27_003": "99999",
        "P27_004": "03102",
        "P27_005": "吉見グラウンド",
        "P27_006": "吉見385-1",
        "P27_007": 3,
        "P27_008": -99,
        "P27_009": 1990
      },
      "geometry": {
        "type": "Point",
        "coordinates": [
          135.223586,
          34.043983
        ]
      }
    },
    {
      "type": "Feature",
      "properties": {
        "P27_001": "30366",
        "P27_002": "3",
        "P27_003": "99999",
        "P27_004": "03102",
        "P27_005": "長谷川野球場",
        "P27_006": "長谷川1552-137",
        "P27_007": 3,
        "P27_008": -99,
        "P27_009": 1985
      },
      "geometry": {
        "type": "Point",
        "coordinates": [
          135.300843,
          34.058872
        ]
      }
    },
    {
      "type": "Feature",
      "properties": {
        "P27_001": "30366",
        "P27_002": "3",
        "P27_003": "99999",
        "P27_004": "03103",
        "P27_005": "きび東グラウンド",
        "P27_006": "庄926-1",
        "P27_007": 3,
        "P27_008": -99,
        "P27_009": 1982
      },
      "geometry": {
        "type": "Point",
        "coordinates": [
          135.233729,
          34.071716
        ]
      }
    },
    {
      "type": "Feature",
      "properties": {
        "P27_001": "30366",
        "P27_002": "3",
        "P27_003": "99999",
        "P27_004": "03104",
        "P27_005": "きび東グラウンド",
        "P27_006": "庄926-1",
        "P27_007": 3,
        "P27_008": -99,
        "P27_009": 1982
      },
      "geometry": {
        "type": "Point",
        "coordinates": [
          135.233741,
          34.071642
        ]
      }
    },
    {
      "type": "Feature",
      "properties": {
        "P27_001": "30366",
        "P27_002": "3",
        "P27_003": "99999",
        "P27_004": "03104",
        "P27_005": "明恵の里スポーツ公園",
        "P27_006": "中井原738-2",
        "P27_007": 3,
        "P27_008": -99,
        "P27_009": 2003
      },
      "geometry": {
        "type": "Point",
        "coordinates": [
          135.261718,
          34.057085
        ]
      }
    },
    {
      "type": "Feature",
      "properties": {
        "P27_001": "30366",
        "P27_002": "3",
        "P27_003": "99999",
        "P27_004": "03102",
        "P27_005": "明恵の里スポーツ公園",
        "P27_006": "中井原738-2",
        "P27_007": 3,
        "P27_008": -99,
        "P27_009": 2003
      },
      "geometry": {
        "type": "Point",
        "coordinates": [
          135.261718,
          34.057184
        ]
      }
    },
    {
      "type": "Feature",
      "properties": {
        "P27_001": "30366",
        "P27_002": "3",
        "P27_003": "99999",
        "P27_004": "03104",
        "P27_005": "金屋若者広場",
        "P27_006": "吉原1828",
        "P27_007": 3,
        "P27_008": -99,
        "P27_009": 1956
      },
      "geometry": {
        "type": "Point",
        "coordinates": [
          135.248045,
          34.043951
        ]
      }
    },
    {
      "type": "Feature",
      "properties": {
        "P27_001": "30366",
        "P27_002": "3",
        "P27_003": "99999",
        "P27_004": "03102",
        "P27_005": "金屋若者広場",
        "P27_006": "吉原1828",
        "P27_007": 3,
        "P27_008": -99,
        "P27_009": 1956
      },
      "geometry": {
        "type": "Point",
        "coordinates": [
          135.248035,
          34.044016
        ]
      }
    },
    {
      "type": "Feature",
      "properties": {
        "P27_001": "30366",
        "P27_002": "3",
        "P27_003": "99999",
        "P27_004": "03104",
        "P27_005": "清水若者広場",
        "P27_006": "三田456-3",
        "P27_007": 3,
        "P27_008": -99,
        "P27_009": 1974
      },
      "geometry": {
        "type": "Point",
        "coordinates": [
          135.416115,
          34.093603
        ]
      }
    },
    {
      "type": "Feature",
      "properties": {
        "P27_001": "30366",
        "P27_002": "3",
        "P27_003": "99999",
        "P27_004": "03102",
        "P27_005": "清水若者広場",
        "P27_006": "三田456-3",
        "P27_007": 3,
        "P27_008": -99,
        "P27_009": 1974
      },
      "geometry": {
        "type": "Point",
        "coordinates": [
          135.416118,
          34.093564
        ]
      }
    },
    {
      "type": "Feature",
      "properties": {
        "P27_001": "30366",
        "P27_002": "3",
        "P27_003": "99999",
        "P27_004": "03138",
        "P27_005": "清水若者広場",
        "P27_006": "三田456-3",
        "P27_007": 3,
        "P27_008": -99,
        "P27_009": 1974
      },
      "geometry": {
        "type": "Point",
        "coordinates": [
          135.417087,
          34.09332
        ]
      }
    },
    {
      "type": "Feature",
      "properties": {
        "P27_001": "30366",
        "P27_002": "3",
        "P27_003": "99999",
        "P27_004": "03104",
        "P27_005": "秋葉多目的スポーツ施設",
        "P27_006": "徳田1446-4",
        "P27_007": 3,
        "P27_008": -99,
        "P27_009": 1997
      },
      "geometry": {
        "type": "Point",
        "coordinates": [
          135.243048,
          34.056598
        ]
      }
    },
    {
      "type": "Feature",
      "properties": {
        "P27_001": "30366",
        "P27_002": "3",
        "P27_003": "99999",
        "P27_004": "03116",
        "P27_005": "秋葉多目的スポーツ施設",
        "P27_006": "徳田1446-4",
        "P27_007": 3,
        "P27_008": -99,
        "P27_009": 1997
      },
      "geometry": {
        "type": "Point",
        "coordinates": [
          135.243048,
          34.056509
        ]
      }
    },
    {
      "type": "Feature",
      "properties": {
        "P27_001": "30366",
        "P27_002": "3",
        "P27_003": "99999",
        "P27_004": "03138",
        "P27_005": "秋葉多目的スポーツ施設",
        "P27_006": "徳田1446-4",
        "P27_007": 3,
        "P27_008": -99,
        "P27_009": 1997
      },
      "geometry": {
        "type": "Point",
        "coordinates": [
          135.243042,
          34.056692
        ]
      }
    },
    {
      "type": "Feature",
      "properties": {
        "P27_001": "30366",
        "P27_002": "3",
        "P27_003": "99999",
        "P27_004": "03106",
        "P27_005": "長谷川プール",
        "P27_006": "長谷川1552-137",
        "P27_007": 3,
        "P27_008": -99,
        "P27_009": 1985
      },
      "geometry": {
        "type": "Point",
        "coordinates": [
          135.301972,
          34.058291
        ]
      }
    },
    {
      "type": "Feature",
      "properties": {
        "P27_001": "30366",
        "P27_002": "3",
        "P27_003": "99999",
        "P27_004": "03109",
        "P27_005": "きび体育館",
        "P27_006": "庄814-1",
        "P27_007": 3,
        "P27_008": -99,
        "P27_009": 1979
      },
      "geometry": {
        "type": "Point",
        "coordinates": [
          135.232778,
          34.070853
        ]
      }
    },
    {
      "type": "Feature",
      "properties": {
        "P27_001": "30366",
        "P27_002": "3",
        "P27_003": "99999",
        "P27_004": "03111",
        "P27_005": "きび体育館",
        "P27_006": "庄814-1",
        "P27_007": 3,
        "P27_008": -99,
        "P27_009": 1979
      },
      "geometry": {
        "type": "Point",
        "coordinates": [
          135.232784,
          34.070799
        ]
      }
    },
    {
      "type": "Feature",
      "properties": {
        "P27_001": "30366",
        "P27_002": "3",
        "P27_003": "99999",
        "P27_004": "03109",
        "P27_005": "金屋体育館",
        "P27_006": "中井原878-26",
        "P27_007": 3,
        "P27_008": -99,
        "P27_009": 1987
      },
      "geometry": {
        "type": "Point",
        "coordinates": [
          135.260198,
          34.064439
        ]
      }
    },
    {
      "type": "Feature",
      "properties": {
        "P27_001": "30366",
        "P27_002": "3",
        "P27_003": "99999",
        "P27_004": "03111",
        "P27_005": "金屋体育館",
        "P27_006": "中井原878-26",
        "P27_007": 3,
        "P27_008": -99,
        "P27_009": 1987
      },
      "geometry": {
        "type": "Point",
        "coordinates": [
          135.260198,
          34.064402
        ]
      }
    },
    {
      "type": "Feature",
      "properties": {
        "P27_001": "30366",
        "P27_002": "3",
        "P27_003": "99999",
        "P27_004": "03115",
        "P27_005": "金屋テニス公園",
        "P27_006": "吉原1138-1",
        "P27_007": 3,
        "P27_008": -99,
        "P27_009": 1994
      },
      "geometry": {
        "type": "Point",
        "coordinates": [
          135.249208,
          34.046821
        ]
      }
    },
    {
      "type": "Feature",
      "properties": {
        "P27_001": "30366",
        "P27_002": "3",
        "P27_003": "99999",
        "P27_004": "03138",
        "P27_005": "中井原ゲートボール場",
        "P27_006": "中井原782",
        "P27_007": 3,
        "P27_008": -99,
        "P27_009": 1997
      },
      "geometry": {
        "type": "Point",
        "coordinates": [
          135.262113,
          34.056011
        ]
      }
    },
    {
      "type": "Feature",
      "properties": {
        "P27_001": "30366",
        "P27_002": "3",
        "P27_003": "99999",
        "P27_004": "03142",
        "P27_005": "花の里キャンプ場",
        "P27_006": "庄691-2",
        "P27_007": 3,
        "P27_008": -99,
        "P27_009": 1995
      },
      "geometry": {
        "type": "Point",
        "coordinates": [
          135.236441,
          34.071851
        ]
      }
    },
    {
      "type": "Feature",
      "properties": {
        "P27_001": "30366",
        "P27_002": "3",
        "P27_003": "99999",
        "P27_004": "03127",
        "P27_005": "花の里キャンプ場",
        "P27_006": "庄691-2",
        "P27_007": 3,
        "P27_008": -99,
        "P27_009": 1995
      },
      "geometry": {
        "type": "Point",
        "coordinates": [
          135.235042,
          34.072134
        ]
      }
    },
    {
      "type": "Feature",
      "properties": {
        "P27_001": "30203",
        "P27_002": "3",
        "P27_003": "99999",
        "P27_004": "03104",
        "P27_005": "向副緑地",
        "P27_006": "向副字海田島113（河川敷）",
        "P27_007": 4,
        "P27_008": -99,
        "P27_009": 1970
      },
      "geometry": {
        "type": "Point",
        "coordinates": [
          135.619341,
          34.315699
        ]
      }
    },
    {
      "type": "Feature",
      "properties": {
        "P27_001": "30203",
        "P27_002": "3",
        "P27_003": "99999",
        "P27_004": "03102",
        "P27_005": "向副緑地",
        "P27_006": "向副字海田島113（河川敷）",
        "P27_007": 4,
        "P27_008": -99,
        "P27_009": 1970
      },
      "geometry": {
        "type": "Point",
        "coordinates": [
          135.618076,
          34.315336
        ]
      }
    },
    {
      "type": "Feature",
      "properties": {
        "P27_001": "30203",
        "P27_002": "3",
        "P27_003": "99999",
        "P27_004": "03104",
        "P27_005": "神野々緑地",
        "P27_006": "神野々1193（河川敷）",
        "P27_007": 4,
        "P27_008": -99,
        "P27_009": 1976
      },
      "geometry": {
        "type": "Point",
        "coordinates": [
          135.580816,
          34.300652
        ]
      }
    },
    {
      "type": "Feature",
      "properties": {
        "P27_001": "30203",
        "P27_002": "3",
        "P27_003": "99999",
        "P27_004": "03102",
        "P27_005": "神野々緑地",
        "P27_006": "神野々1193（河川敷）",
        "P27_007": 4,
        "P27_008": -99,
        "P27_009": 1976
      },
      "geometry": {
        "type": "Point",
        "coordinates": [
          135.579194,
          34.300024
        ]
      }
    },
    {
      "type": "Feature",
      "properties": {
        "P27_001": "30203",
        "P27_002": "3",
        "P27_003": "99999",
        "P27_004": "03104",
        "P27_005": "南馬場緑地広場",
        "P27_006": "南馬場1158-29",
        "P27_007": 4,
        "P27_008": -99,
        "P27_009": 1996
      },
      "geometry": {
        "type": "Point",
        "coordinates": [
          135.591372,
          34.307169
        ]
      }
    },
    {
      "type": "Feature",
      "properties": {
        "P27_001": "30203",
        "P27_002": "3",
        "P27_003": "99999",
        "P27_004": "03102",
        "P27_005": "南馬場緑地広場",
        "P27_006": "南馬場1158-29",
        "P27_007": 4,
        "P27_008": -99,
        "P27_009": 1996
      },
      "geometry": {
        "type": "Point",
        "coordinates": [
          135.591384,
          34.306924
        ]
      }
    },
    {
      "type": "Feature",
      "properties": {
        "P27_001": "30203",
        "P27_002": "3",
        "P27_003": "99999",
        "P27_004": "03101",
        "P27_005": "橋本市運動公園",
        "P27_006": "北馬場454",
        "P27_007": 4,
        "P27_008": -99,
        "P27_009": 1991
      },
      "geometry": {
        "type": "Point",
        "coordinates": [
          135.616784,
          34.334674
        ]
      }
    },
    {
      "type": "Feature",
      "properties": {
        "P27_001": "30203",
        "P27_002": "3",
        "P27_003": "99999",
        "P27_004": "03106",
        "P27_005": "橋本市運動公園",
        "P27_006": "北馬場454",
        "P27_007": 4,
        "P27_008": -99,
        "P27_009": 1991
      },
      "geometry": {
        "type": "Point",
        "coordinates": [
          135.617777,
          34.332844
        ]
      }
    },
    {
      "type": "Feature",
      "properties": {
        "P27_001": "30203",
        "P27_002": "3",
        "P27_003": "99999",
        "P27_004": "03107",
        "P27_005": "橋本市運動公園",
        "P27_006": "北馬場454",
        "P27_007": 4,
        "P27_008": -99,
        "P27_009": 1991
      },
      "geometry": {
        "type": "Point",
        "coordinates": [
          135.6172,
          34.332172
        ]
      }
    },
    {
      "type": "Feature",
      "properties": {
        "P27_001": "30203",
        "P27_002": "3",
        "P27_003": "99999",
        "P27_004": "03115",
        "P27_005": "橋本市運動公園",
        "P27_006": "北馬場454",
        "P27_007": 4,
        "P27_008": -99,
        "P27_009": 1991
      },
      "geometry": {
        "type": "Point",
        "coordinates": [
          135.61827,
          34.334557
        ]
      }
    },
    {
      "type": "Feature",
      "properties": {
        "P27_001": "30203",
        "P27_002": "3",
        "P27_003": "99999",
        "P27_004": "03104",
        "P27_005": "若もの広場",
        "P27_006": "高野口町伏原1373",
        "P27_007": 4,
        "P27_008": -99,
        "P27_009": 1969
      },
      "geometry": {
        "type": "Point",
        "coordinates": [
          135.576675,
          34.300202
        ]
      }
    },
    {
      "type": "Feature",
      "properties": {
        "P27_001": "30203",
        "P27_002": "3",
        "P27_003": "99999",
        "P27_004": "03102",
        "P27_005": "若もの広場",
        "P27_006": "高野口町伏原1373",
        "P27_007": 4,
        "P27_008": -99,
        "P27_009": 1969
      },
      "geometry": {
        "type": "Point",
        "coordinates": [
          135.576681,
          34.300153
        ]
      }
    },
    {
      "type": "Feature",
      "properties": {
        "P27_001": "30203",
        "P27_002": "3",
        "P27_003": "99999",
        "P27_004": "03104",
        "P27_005": "城山台中央公園",
        "P27_006": "城山台2-10-1",
        "P27_007": 3,
        "P27_008": -99,
        "P27_009": 1980
      },
      "geometry": {
        "type": "Point",
        "coordinates": [
          135.610638,
          34.347583
        ]
      }
    },
    {
      "type": "Feature",
      "properties": {
        "P27_001": "30203",
        "P27_002": "3",
        "P27_003": "99999",
        "P27_004": "03102",
        "P27_005": "城山台中央公園",
        "P27_006": "城山台2-10-1",
        "P27_007": 3,
        "P27_008": -99,
        "P27_009": 1980
      },
      "geometry": {
        "type": "Point",
        "coordinates": [
          135.610632,
          34.347654
        ]
      }
    },
    {
      "type": "Feature",
      "properties": {
        "P27_001": "30203",
        "P27_002": "3",
        "P27_003": "99999",
        "P27_004": "03104",
        "P27_005": "学文路スポーツセンター",
        "P27_006": "学文路172-2",
        "P27_007": 4,
        "P27_008": -99,
        "P27_009": 1984
      },
      "geometry": {
        "type": "Point",
        "coordinates": [
          135.573453,
          34.297513
        ]
      }
    },
    {
      "type": "Feature",
      "properties": {
        "P27_001": "30203",
        "P27_002": "3",
        "P27_003": "99999",
        "P27_004": "03102",
        "P27_005": "学文路スポーツセンター",
        "P27_006": "学文路172-2",
        "P27_007": 4,
        "P27_008": -99,
        "P27_009": 1984
      },
      "geometry": {
        "type": "Point",
        "coordinates": [
          135.573459,
          34.297442
        ]
      }
    },
    {
      "type": "Feature",
      "properties": {
        "P27_001": "30203",
        "P27_002": "3",
        "P27_003": "99999",
        "P27_004": "03115",
        "P27_005": "学文路スポーツセンター",
        "P27_006": "学文路172-2",
        "P27_007": 4,
        "P27_008": -99,
        "P27_009": 1984
      },
      "geometry": {
        "type": "Point",
        "coordinates": [
          135.572939,
          34.29716
        ]
      }
    },
    {
      "type": "Feature",
      "properties": {
        "P27_001": "30203",
        "P27_002": "3",
        "P27_003": "99999",
        "P27_004": "03104",
        "P27_005": "三石台中央公園",
        "P27_006": "三石台2-23-11",
        "P27_007": 3,
        "P27_008": -99,
        "P27_009": 1988
      },
      "geometry": {
        "type": "Point",
        "coordinates": [
          135.599262,
          34.357844
        ]
      }
    },
    {
      "type": "Feature",
      "properties": {
        "P27_001": "30203",
        "P27_002": "3",
        "P27_003": "99999",
        "P27_004": "03102",
        "P27_005": "三石台中央公園",
        "P27_006": "三石台2-23-11",
        "P27_007": 3,
        "P27_008": -99,
        "P27_009": 1988
      },
      "geometry": {
        "type": "Point",
        "coordinates": [
          135.599693,
          34.358131
        ]
      }
    },
    {
      "type": "Feature",
      "properties": {
        "P27_001": "30203",
        "P27_002": "3",
        "P27_003": "99999",
        "P27_004": "03104",
        "P27_005": "住吉運動公園",
        "P27_006": "高野口町名古曽1390",
        "P27_007": 4,
        "P27_008": -99,
        "P27_009": 1996
      },
      "geometry": {
        "type": "Point",
        "coordinates": [
          135.564,
          34.31281
        ]
      }
    },
    {
      "type": "Feature",
      "properties": {
        "P27_001": "30203",
        "P27_002": "3",
        "P27_003": "99999",
        "P27_004": "03102",
        "P27_005": "住吉運動公園",
        "P27_006": "高野口町名古曽1390",
        "P27_007": 4,
        "P27_008": -99,
        "P27_009": 1996
      },
      "geometry": {
        "type": "Point",
        "coordinates": [
          135.564003,
          34.312764
        ]
      }
    },
    {
      "type": "Feature",
      "properties": {
        "P27_001": "30203",
        "P27_002": "3",
        "P27_003": "99999",
        "P27_004": "03115",
        "P27_005": "住吉運動公園",
        "P27_006": "高野口町名古曽1390",
        "P27_007": 4,
        "P27_008": -99,
        "P27_009": 1996
      },
      "geometry": {
        "type": "Point",
        "coordinates": [
          135.563347,
          34.312116
        ]
      }
    },
    {
      "type": "Feature",
      "properties": {
        "P27_001": "30203",
        "P27_002": "3",
        "P27_003": "99999",
        "P27_004": "03105",
        "P27_005": "温水プール",
        "P27_006": "高野口町向島135",
        "P27_007": 4,
        "P27_008": -99,
        "P27_009": 1990
      },
      "geometry": {
        "type": "Point",
        "coordinates": [
          135.551893,
          34.30107
        ]
      }
    },
    {
      "type": "Feature",
      "properties": {
        "P27_001": "30203",
        "P27_002": "3",
        "P27_003": "99999",
        "P27_004": "03106",
        "P27_005": "きしかみ子ども館プール",
        "P27_006": "岸上200",
        "P27_007": 3,
        "P27_008": -99,
        "P27_009": 1980
      },
      "geometry": {
        "type": "Point",
        "coordinates": [
          135.584418,
          34.310339
        ]
      }
    },
    {
      "type": "Feature",
      "properties": {
        "P27_001": "30203",
        "P27_002": "3",
        "P27_003": "99999",
        "P27_004": "03109",
        "P27_005": "学文路体育館",
        "P27_006": "学文路172-2",
        "P27_007": 4,
        "P27_008": -99,
        "P27_009": 1984
      },
      "geometry": {
        "type": "Point",
        "coordinates": [
          135.57263,
          34.297663
        ]
      }
    },
    {
      "type": "Feature",
      "properties": {
        "P27_001": "30203",
        "P27_002": "3",
        "P27_003": "99999",
        "P27_004": "03115",
        "P27_005": "学文路体育館",
        "P27_006": "学文路172-2",
        "P27_007": 4,
        "P27_008": -99,
        "P27_009": 1984
      },
      "geometry": {
        "type": "Point",
        "coordinates": [
          135.572942,
          34.297209
        ]
      }
    },
    {
      "type": "Feature",
      "properties": {
        "P27_001": "30203",
        "P27_002": "3",
        "P27_003": "99999",
        "P27_004": "03102",
        "P27_005": "学文路体育館",
        "P27_006": "学文路172-2",
        "P27_007": 4,
        "P27_008": -99,
        "P27_009": 1984
      },
      "geometry": {
        "type": "Point",
        "coordinates": [
          135.573456,
          34.297577
        ]
      }
    },
    {
      "type": "Feature",
      "properties": {
        "P27_001": "30203",
        "P27_002": "3",
        "P27_003": "99999",
        "P27_004": "03109",
        "P27_005": "伏原体育館",
        "P27_006": "高野口町伏原806-1",
        "P27_007": 4,
        "P27_008": -99,
        "P27_009": 1983
      },
      "geometry": {
        "type": "Point",
        "coordinates": [
          135.576827,
          34.307323
        ]
      }
    },
    {
      "type": "Feature",
      "properties": {
        "P27_001": "30203",
        "P27_002": "3",
        "P27_003": "99999",
        "P27_004": "03120",
        "P27_005": "伏原体育館",
        "P27_006": "高野口町伏原806-1",
        "P27_007": 4,
        "P27_008": -99,
        "P27_009": 1983
      },
      "geometry": {
        "type": "Point",
        "coordinates": [
          135.576826,
          34.307373
        ]
      }
    },
    {
      "type": "Feature",
      "properties": {
        "P27_001": "30203",
        "P27_002": "3",
        "P27_003": "99999",
        "P27_004": "03116",
        "P27_005": "伏原体育館",
        "P27_006": "高野口町伏原806-1",
        "P27_007": 4,
        "P27_008": -99,
        "P27_009": 1983
      },
      "geometry": {
        "type": "Point",
        "coordinates": [
          135.576827,
          34.30735
        ]
      }
    },
    {
      "type": "Feature",
      "properties": {
        "P27_001": "30203",
        "P27_002": "3",
        "P27_003": "99999",
        "P27_004": "03109",
        "P27_005": "勤労者体育センター",
        "P27_006": "高野口町上中176",
        "P27_007": 4,
        "P27_008": -99,
        "P27_009": 1983
      },
      "geometry": {
        "type": "Point",
        "coordinates": [
          135.551052,
          34.331296
        ]
      }
    },
    {
      "type": "Feature",
      "properties": {
        "P27_001": "30203",
        "P27_002": "3",
        "P27_003": "99999",
        "P27_004": "03120",
        "P27_005": "勤労者体育センター",
        "P27_006": "高野口町上中176",
        "P27_007": 4,
        "P27_008": -99,
        "P27_009": 1983
      },
      "geometry": {
        "type": "Point",
        "coordinates": [
          135.551046,
          34.331392
        ]
      }
    },
    {
      "type": "Feature",
      "properties": {
        "P27_001": "30203",
        "P27_002": "3",
        "P27_003": "99999",
        "P27_004": "03116",
        "P27_005": "勤労者体育センター",
        "P27_006": "高野口町上中176",
        "P27_007": 4,
        "P27_008": -99,
        "P27_009": 1983
      },
      "geometry": {
        "type": "Point",
        "coordinates": [
          135.551049,
          34.331343
        ]
      }
    },
    {
      "type": "Feature",
      "properties": {
        "P27_001": "30203",
        "P27_002": "3",
        "P27_003": "99999",
        "P27_004": "03115",
        "P27_005": "伏原テニスコート",
        "P27_006": "高野口町伏原395",
        "P27_007": 4,
        "P27_008": -99,
        "P27_009": 1987
      },
      "geometry": {
        "type": "Point",
        "coordinates": [
          135.575913,
          34.302633
        ]
      }
    },
    {
      "type": "Feature",
      "properties": {
        "P27_001": "30203",
        "P27_002": "3",
        "P27_003": "99999",
        "P27_004": "03118",
        "P27_005": "向副緑地相撲場",
        "P27_006": "向副字海田島113",
        "P27_007": 4,
        "P27_008": -99,
        "P27_009": 1981
      },
      "geometry": {
        "type": "Point",
        "coordinates": [
          135.623046,
          34.316418
        ]
      }
    },
    {
      "type": "Feature",
      "properties": {
        "P27_001": "30203",
        "P27_002": "3",
        "P27_003": "99999",
        "P27_004": "03138",
        "P27_005": "紀の川",
        "P27_006": "賢堂80",
        "P27_007": 3,
        "P27_008": -99,
        "P27_009": 1984
      },
      "geometry": {
        "type": "Point",
        "coordinates": [
          135.612665,
          34.312261
        ]
      }
    },
    {
      "type": "Feature",
      "properties": {
        "P27_001": "30203",
        "P27_002": "3",
        "P27_003": "99999",
        "P27_004": "03142",
        "P27_005": "神野々緑地キャンプ場",
        "P27_006": "神野々1193",
        "P27_007": 4,
        "P27_008": -99,
        "P27_009": 2003
      },
      "geometry": {
        "type": "Point",
        "coordinates": [
          135.581745,
          34.301272
        ]
      }
    },
    {
      "type": "Feature",
      "properties": {
        "P27_001": "30203",
        "P27_002": "3",
        "P27_003": "99999",
        "P27_004": "03104",
        "P27_005": "神野々緑地キャンプ場",
        "P27_006": "神野々1193",
        "P27_007": 4,
        "P27_008": -99,
        "P27_009": 2003
      },
      "geometry": {
        "type": "Point",
        "coordinates": [
          135.580812,
          34.3007
        ]
      }
    },
    {
      "type": "Feature",
      "properties": {
        "P27_001": "30392",
        "P27_002": "3",
        "P27_003": "99999",
        "P27_004": "03101",
        "P27_005": "南山スポーツ公園",
        "P27_006": "和佐2223-5",
        "P27_007": 3,
        "P27_008": -99,
        "P27_009": 1983
      },
      "geometry": {
        "type": "Point",
        "coordinates": [
          135.202836,
          33.886735
        ]
      }
    },
    {
      "type": "Feature",
      "properties": {
        "P27_001": "30392",
        "P27_002": "3",
        "P27_003": "99999",
        "P27_004": "03102",
        "P27_005": "南山スポーツ公園",
        "P27_006": "和佐2223-5",
        "P27_007": 3,
        "P27_008": -99,
        "P27_009": 1983
      },
      "geometry": {
        "type": "Point",
        "coordinates": [
          135.201849,
          33.885566
        ]
      }
    },
    {
      "type": "Feature",
      "properties": {
        "P27_001": "30392",
        "P27_002": "3",
        "P27_003": "99999",
        "P27_004": "03104",
        "P27_005": "南山スポーツ公園",
        "P27_006": "和佐2223-5",
        "P27_007": 3,
        "P27_008": -99,
        "P27_009": 1983
      },
      "geometry": {
        "type": "Point",
        "coordinates": [
          135.202859,
          33.886661
        ]
      }
    },
    {
      "type": "Feature",
      "properties": {
        "P27_001": "30392",
        "P27_002": "3",
        "P27_003": "99999",
        "P27_004": "03102",
        "P27_005": "川辺若者広場",
        "P27_006": "和佐136",
        "P27_007": 3,
        "P27_008": -99,
        "P27_009": 1972
      },
      "geometry": {
        "type": "Point",
        "coordinates": [
          135.211884,
          33.892024
        ]
      }
    },
    {
      "type": "Feature",
      "properties": {
        "P27_001": "30392",
        "P27_002": "3",
        "P27_003": "99999",
        "P27_004": "03102",
        "P27_005": "船津広場",
        "P27_006": "船津1461-1",
        "P27_007": 3,
        "P27_008": -99,
        "P27_009": 1980
      },
      "geometry": {
        "type": "Point",
        "coordinates": [
          135.271591,
          33.956973
        ]
      }
    },
    {
      "type": "Feature",
      "properties": {
        "P27_001": "30392",
        "P27_002": "3",
        "P27_003": "99999",
        "P27_004": "03104",
        "P27_005": "小熊広場",
        "P27_006": "小熊6076",
        "P27_007": 3,
        "P27_008": -99,
        "P27_009": 1981
      },
      "geometry": {
        "type": "Point",
        "coordinates": [
          135.196288,
          33.908762
        ]
      }
    },
    {
      "type": "Feature",
      "properties": {
        "P27_001": "30392",
        "P27_002": "3",
        "P27_003": "99999",
        "P27_004": "03102",
        "P27_005": "小熊広場",
        "P27_006": "小熊6076",
        "P27_007": 3,
        "P27_008": -99,
        "P27_009": 1981
      },
      "geometry": {
        "type": "Point",
        "coordinates": [
          135.196288,
          33.908718
        ]
      }
    },
    {
      "type": "Feature",
      "properties": {
        "P27_001": "30392",
        "P27_002": "3",
        "P27_003": "99999",
        "P27_004": "03104",
        "P27_005": "中津川広場",
        "P27_006": "中津川1330",
        "P27_007": 3,
        "P27_008": -99,
        "P27_009": 1981
      },
      "geometry": {
        "type": "Point",
        "coordinates": [
          135.199856,
          33.931829
        ]
      }
    },
    {
      "type": "Feature",
      "properties": {
        "P27_001": "30392",
        "P27_002": "3",
        "P27_003": "99999",
        "P27_004": "03102",
        "P27_005": "中津川広場",
        "P27_006": "中津川1330",
        "P27_007": 3,
        "P27_008": -99,
        "P27_009": 1981
      },
      "geometry": {
        "type": "Point",
        "coordinates": [
          135.199862,
          33.93174
        ]
      }
    },
    {
      "type": "Feature",
      "properties": {
        "P27_001": "30392",
        "P27_002": "3",
        "P27_003": "99999",
        "P27_004": "03104",
        "P27_005": "三百瀬広場",
        "P27_006": "三百瀬1244-2",
        "P27_007": 3,
        "P27_008": -99,
        "P27_009": 1982
      },
      "geometry": {
        "type": "Point",
        "coordinates": [
          135.247737,
          33.93951
        ]
      }
    },
    {
      "type": "Feature",
      "properties": {
        "P27_001": "30392",
        "P27_002": "3",
        "P27_003": "99999",
        "P27_004": "03102",
        "P27_005": "三百瀬広場",
        "P27_006": "三百瀬1244-2",
        "P27_007": 3,
        "P27_008": -99,
        "P27_009": 1982
      },
      "geometry": {
        "type": "Point",
        "coordinates": [
          135.247734,
          33.939466
        ]
      }
    },
    {
      "type": "Feature",
      "properties": {
        "P27_001": "30392",
        "P27_002": "3",
        "P27_003": "99999",
        "P27_004": "03104",
        "P27_005": "玄子広場",
        "P27_006": "玄子625-4",
        "P27_007": 3,
        "P27_008": -99,
        "P27_009": 1985
      },
      "geometry": {
        "type": "Point",
        "coordinates": [
          135.207002,
          33.921693
        ]
      }
    },
    {
      "type": "Feature",
      "properties": {
        "P27_001": "30392",
        "P27_002": "3",
        "P27_003": "99999",
        "P27_004": "03102",
        "P27_005": "玄子広場",
        "P27_006": "玄子625-4",
        "P27_007": 3,
        "P27_008": -99,
        "P27_009": 1985
      },
      "geometry": {
        "type": "Point",
        "coordinates": [
          135.207002,
          33.921649
        ]
      }
    },
    {
      "type": "Feature",
      "properties": {
        "P27_001": "30392",
        "P27_002": "3",
        "P27_003": "99999",
        "P27_004": "03104",
        "P27_005": "中津若者広場",
        "P27_006": "高津尾1040",
        "P27_007": 3,
        "P27_008": -99,
        "P27_009": 1970
      },
      "geometry": {
        "type": "Point",
        "coordinates": [
          135.295941,
          33.956987
        ]
      }
    },
    {
      "type": "Feature",
      "properties": {
        "P27_001": "30392",
        "P27_002": "3",
        "P27_003": "99999",
        "P27_004": "03102",
        "P27_005": "中津若者広場",
        "P27_006": "高津尾1040",
        "P27_007": 3,
        "P27_008": -99,
        "P27_009": 1970
      },
      "geometry": {
        "type": "Point",
        "coordinates": [
          135.295941,
          33.956969
        ]
      }
    },
    {
      "type": "Feature",
      "properties": {
        "P27_001": "30392",
        "P27_002": "3",
        "P27_003": "99999",
        "P27_004": "03104",
        "P27_005": "寒川広場",
        "P27_006": "寒川126",
        "P27_007": 3,
        "P27_008": -99,
        "P27_009": 1971
      },
      "geometry": {
        "type": "Point",
        "coordinates": [
          135.46487,
          33.954787
        ]
      }
    },
    {
      "type": "Feature",
      "properties": {
        "P27_001": "30392",
        "P27_002": "3",
        "P27_003": "99999",
        "P27_004": "03115",
        "P27_005": "寒川広場",
        "P27_006": "寒川126",
        "P27_007": 3,
        "P27_008": -99,
        "P27_009": 1971
      },
      "geometry": {
        "type": "Point",
        "coordinates": [
          135.46553,
          33.954698
        ]
      }
    },
    {
      "type": "Feature",
      "properties": {
        "P27_001": "30392",
        "P27_002": "3",
        "P27_003": "99999",
        "P27_004": "03104",
        "P27_005": "美山若者広場",
        "P27_006": "初湯川213-48",
        "P27_007": 3,
        "P27_008": -99,
        "P27_009": 1989
      },
      "geometry": {
        "type": "Point",
        "coordinates": [
          135.387474,
          33.960606
        ]
      }
    },
    {
      "type": "Feature",
      "properties": {
        "P27_001": "30392",
        "P27_002": "3",
        "P27_003": "99999",
        "P27_004": "03102",
        "P27_005": "美山若者広場",
        "P27_006": "初湯川213-48",
        "P27_007": 3,
        "P27_008": -99,
        "P27_009": 1989
      },
      "geometry": {
        "type": "Point",
        "coordinates": [
          135.38748,
          33.960532
        ]
      }
    },
    {
      "type": "Feature",
      "properties": {
        "P27_001": "30392",
        "P27_002": "3",
        "P27_003": "99999",
        "P27_004": "03138",
        "P27_005": "美山若者広場",
        "P27_006": "初湯川213-48",
        "P27_007": 3,
        "P27_008": -99,
        "P27_009": 1989
      },
      "geometry": {
        "type": "Point",
        "coordinates": [
          135.38748,
          33.960453
        ]
      }
    },
    {
      "type": "Feature",
      "properties": {
        "P27_001": "30392",
        "P27_002": "3",
        "P27_003": "99999",
        "P27_004": "03101",
        "P27_005": "美山若者広場",
        "P27_006": "初湯川213-48",
        "P27_007": 3,
        "P27_008": -99,
        "P27_009": 1989
      },
      "geometry": {
        "type": "Point",
        "coordinates": [
          135.387485,
          33.960384
        ]
      }
    },
    {
      "type": "Feature",
      "properties": {
        "P27_001": "30392",
        "P27_002": "3",
        "P27_003": "99999",
        "P27_004": "03104",
        "P27_005": "みやまドーム",
        "P27_006": "初湯川213-47",
        "P27_007": 3,
        "P27_008": -99,
        "P27_009": 1993
      },
      "geometry": {
        "type": "Point",
        "coordinates": [
          135.387028,
          33.959792
        ]
      }
    },
    {
      "type": "Feature",
      "properties": {
        "P27_001": "30392",
        "P27_002": "3",
        "P27_003": "99999",
        "P27_004": "03116",
        "P27_005": "みやまドーム",
        "P27_006": "初湯川213-47",
        "P27_007": 3,
        "P27_008": -99,
        "P27_009": 1993
      },
      "geometry": {
        "type": "Point",
        "coordinates": [
          135.387028,
          33.959728
        ]
      }
    },
    {
      "type": "Feature",
      "properties": {
        "P27_001": "30392",
        "P27_002": "3",
        "P27_003": "99999",
        "P27_004": "03138",
        "P27_005": "みやまドーム",
        "P27_006": "初湯川213-47",
        "P27_007": 3,
        "P27_008": -99,
        "P27_009": 1993
      },
      "geometry": {
        "type": "Point",
        "coordinates": [
          135.387034,
          33.959669
        ]
      }
    },
    {
      "type": "Feature",
      "properties": {
        "P27_001": "30392",
        "P27_002": "3",
        "P27_003": "99999",
        "P27_004": "03106",
        "P27_005": "高津尾水泳プール",
        "P27_006": "高津尾243-1",
        "P27_007": 3,
        "P27_008": -99,
        "P27_009": 1997
      },
      "geometry": {
        "type": "Point",
        "coordinates": [
          135.292334,
          33.960238
        ]
      }
    },
    {
      "type": "Feature",
      "properties": {
        "P27_001": "30392",
        "P27_002": "3",
        "P27_003": "99999",
        "P27_004": "03106",
        "P27_005": "寒川水泳プール",
        "P27_006": "寒川126",
        "P27_007": 3,
        "P27_008": -99,
        "P27_009": 1993
      },
      "geometry": {
        "type": "Point",
        "coordinates": [
          135.465218,
          33.954528
        ]
      }
    },
    {
      "type": "Feature",
      "properties": {
        "P27_001": "30392",
        "P27_002": "3",
        "P27_003": "99999",
        "P27_004": "03115",
        "P27_005": "かわべテニスコート",
        "P27_006": "和佐2095",
        "P27_007": 4,
        "P27_008": -99,
        "P27_009": 1981
      },
      "geometry": {
        "type": "Point",
        "coordinates": [
          135.213541,
          33.895796
        ]
      }
    },
    {
      "type": "Feature",
      "properties": {
        "P27_001": "30392",
        "P27_002": "3",
        "P27_003": "99999",
        "P27_004": "03137",
        "P27_005": "美山漕艇場",
        "P27_006": "初湯川1924-12",
        "P27_007": 4,
        "P27_008": -99,
        "P27_009": 1995
      },
      "geometry": {
        "type": "Point",
        "coordinates": [
          135.397416,
          33.961862
        ]
      }
    },
    {
      "type": "Feature",
      "properties": {
        "P27_001": "30392",
        "P27_002": "3",
        "P27_003": "99999",
        "P27_004": "03138",
        "P27_005": "川辺ゲートボール場",
        "P27_006": "和佐1483-2",
        "P27_007": 3,
        "P27_008": -99,
        "P27_009": 1990
      },
      "geometry": {
        "type": "Point",
        "coordinates": [
          135.212331,
          33.894789
        ]
      }
    },
    {
      "type": "Feature",
      "properties": {
        "P27_001": "30392",
        "P27_002": "3",
        "P27_003": "99999",
        "P27_004": "03138",
        "P27_005": "大星ゲートボール場",
        "P27_006": "大又13",
        "P27_007": 3,
        "P27_008": -99,
        "P27_009": 1987
      },
      "geometry": {
        "type": "Point",
        "coordinates": [
          135.293493,
          33.925824
        ]
      }
    },
    {
      "type": "Feature",
      "properties": {
        "P27_001": "30392",
        "P27_002": "3",
        "P27_003": "99999",
        "P27_004": "03138",
        "P27_005": "鳴滝ゲートボール場",
        "P27_006": "坂野川150",
        "P27_007": 3,
        "P27_008": -99,
        "P27_009": 2006
      },
      "geometry": {
        "type": "Point",
        "coordinates": [
          135.29233,
          33.927983
        ]
      }
    },
    {
      "type": "Feature",
      "properties": {
        "P27_001": "30392",
        "P27_002": "3",
        "P27_003": "99999",
        "P27_004": "03142",
        "P27_005": "鳴滝キャンプ場",
        "P27_006": "高津尾1471-2",
        "P27_007": 4,
        "P27_008": -99,
        "P27_009": 1995
      },
      "geometry": {
        "type": "Point",
        "coordinates": [
          135.300697,
          33.948829
        ]
      }
    },
    {
      "type": "Feature",
      "properties": {
        "P27_001": "30392",
        "P27_002": "3",
        "P27_003": "99999",
        "P27_004": "03142",
        "P27_005": "猪谷川水辺公園キャンプ場",
        "P27_006": "初湯川1737",
        "P27_007": 4,
        "P27_008": -99,
        "P27_009": 1995
      },
      "geometry": {
        "type": "Point",
        "coordinates": [
          135.421396,
          33.967532
        ]
      }
    },
    {
      "type": "Feature",
      "properties": {
        "P27_001": "30392",
        "P27_002": "3",
        "P27_003": "99999",
        "P27_004": "03149",
        "P27_005": "猪谷川水辺公園キャンプ場",
        "P27_006": "初湯川1737",
        "P27_007": 4,
        "P27_008": -99,
        "P27_009": 1995
      },
      "geometry": {
        "type": "Point",
        "coordinates": [
          135.422172,
          33.968035
        ]
      }
    },
    {
      "type": "Feature",
      "properties": {
        "P27_001": "30392",
        "P27_002": "3",
        "P27_003": "99999",
        "P27_004": "03142",
        "P27_005": "上初湯川ふれあいの家",
        "P27_006": "上初湯川723",
        "P27_007": 3,
        "P27_008": -99,
        "P27_009": 2002
      },
      "geometry": {
        "type": "Point",
        "coordinates": [
          135.411135,
          33.995852
        ]
      }
    },
    {
      "type": "Feature",
      "properties": {
        "P27_001": "30382",
        "P27_002": "3",
        "P27_003": "99999",
        "P27_004": "03102",
        "P27_005": "若もの広場",
        "P27_006": "池田451",
        "P27_007": 3,
        "P27_008": -99,
        "P27_009": 1980
      },
      "geometry": {
        "type": "Point",
        "coordinates": [
          135.127582,
          33.945637
        ]
      }
    },
    {
      "type": "Feature",
      "properties": {
        "P27_001": "30382",
        "P27_002": "3",
        "P27_003": "99999",
        "P27_004": "03106",
        "P27_005": "町民プール",
        "P27_006": "志賀915-1",
        "P27_007": 3,
        "P27_008": -99,
        "P27_009": 1981
      },
      "geometry": {
        "type": "Point",
        "coordinates": [
          135.123521,
          33.918003
        ]
      }
    },
    {
      "type": "Feature",
      "properties": {
        "P27_001": "30382",
        "P27_002": "3",
        "P27_003": "99999",
        "P27_004": "03109",
        "P27_005": "農村環境改善センター",
        "P27_006": "高家630",
        "P27_007": 3,
        "P27_008": -99,
        "P27_009": 1981
      },
      "geometry": {
        "type": "Point",
        "coordinates": [
          135.14083,
          33.926307
        ]
      }
    },
    {
      "type": "Feature",
      "properties": {
        "P27_001": "30382",
        "P27_002": "3",
        "P27_003": "99999",
        "P27_004": "03120",
        "P27_005": "農村環境改善センター",
        "P27_006": "高家630",
        "P27_007": 3,
        "P27_008": -99,
        "P27_009": 1981
      },
      "geometry": {
        "type": "Point",
        "coordinates": [
          135.140839,
          33.926211
        ]
      }
    },
    {
      "type": "Feature",
      "properties": {
        "P27_001": "30382",
        "P27_002": "3",
        "P27_003": "99999",
        "P27_004": "03116",
        "P27_005": "農村環境改善センター",
        "P27_006": "高家630",
        "P27_007": 3,
        "P27_008": -99,
        "P27_009": 1981
      },
      "geometry": {
        "type": "Point",
        "coordinates": [
          135.140836,
          33.926255
        ]
      }
    },
    {
      "type": "Feature",
      "properties": {
        "P27_001": "30382",
        "P27_002": "3",
        "P27_003": "99999",
        "P27_004": "03112",
        "P27_005": "武道館",
        "P27_006": "志賀1781",
        "P27_007": 3,
        "P27_008": -99,
        "P27_009": 1980
      },
      "geometry": {
        "type": "Point",
        "coordinates": [
          135.110832,
          33.922673
        ]
      }
    },
    {
      "type": "Feature",
      "properties": {
        "P27_001": "30362",
        "P27_002": "3",
        "P27_003": "99999",
        "P27_004": "03102",
        "P27_005": "広川町男山球場",
        "P27_006": "南金屋215",
        "P27_007": 3,
        "P27_008": -99,
        "P27_009": 1991
      },
      "geometry": {
        "type": "Point",
        "coordinates": [
          135.178887,
          34.015766
        ]
      }
    },
    {
      "type": "Feature",
      "properties": {
        "P27_001": "30362",
        "P27_002": "3",
        "P27_003": "99999",
        "P27_004": "03104",
        "P27_005": "広川町民多目的広場",
        "P27_006": "広1473",
        "P27_007": 3,
        "P27_008": -99,
        "P27_009": 1998
      },
      "geometry": {
        "type": "Point",
        "coordinates": [
          135.171914,
          34.030145
        ]
      }
    },
    {
      "type": "Feature",
      "properties": {
        "P27_001": "30362",
        "P27_002": "3",
        "P27_003": "99999",
        "P27_004": "03104",
        "P27_005": "広川町若もの広場",
        "P27_006": "前田312-1",
        "P27_007": 3,
        "P27_008": -99,
        "P27_009": 1969
      },
      "geometry": {
        "type": "Point",
        "coordinates": [
          135.198413,
          33.995427
        ]
      }
    },
    {
      "type": "Feature",
      "properties": {
        "P27_001": "30362",
        "P27_002": "3",
        "P27_003": "99999",
        "P27_004": "03101",
        "P27_005": "広川町若もの広場",
        "P27_006": "前田312-1",
        "P27_007": 3,
        "P27_008": -99,
        "P27_009": 1969
      },
      "geometry": {
        "type": "Point",
        "coordinates": [
          135.19841,
          33.99538
        ]
      }
    },
    {
      "type": "Feature",
      "properties": {
        "P27_001": "30362",
        "P27_002": "3",
        "P27_003": "99999",
        "P27_004": "03102",
        "P27_005": "広川町若もの広場",
        "P27_006": "前田312-1",
        "P27_007": 3,
        "P27_008": -99,
        "P27_009": 1969
      },
      "geometry": {
        "type": "Point",
        "coordinates": [
          135.198422,
          33.995331
        ]
      }
    },
    {
      "type": "Feature",
      "properties": {
        "P27_001": "30362",
        "P27_002": "3",
        "P27_003": "99999",
        "P27_004": "03138",
        "P27_005": "広川町若もの広場",
        "P27_006": "前田312-1",
        "P27_007": 3,
        "P27_008": -99,
        "P27_009": 1969
      },
      "geometry": {
        "type": "Point",
        "coordinates": [
          135.198033,
          33.995678
        ]
      }
    },
    {
      "type": "Feature",
      "properties": {
        "P27_001": "30362",
        "P27_002": "3",
        "P27_003": "99999",
        "P27_004": "03104",
        "P27_005": "少年スポーツ広場",
        "P27_006": "広1121-5",
        "P27_007": 3,
        "P27_008": -99,
        "P27_009": 1988
      },
      "geometry": {
        "type": "Point",
        "coordinates": [
          135.169292,
          34.025767
        ]
      }
    },
    {
      "type": "Feature",
      "properties": {
        "P27_001": "30362",
        "P27_002": "3",
        "P27_003": "99999",
        "P27_004": "03102",
        "P27_005": "少年スポーツ広場",
        "P27_006": "広1121-5",
        "P27_007": 3,
        "P27_008": -99,
        "P27_009": 1988
      },
      "geometry": {
        "type": "Point",
        "coordinates": [
          135.169292,
          34.025693
        ]
      }
    },
    {
      "type": "Feature",
      "properties": {
        "P27_001": "30362",
        "P27_002": "3",
        "P27_003": "99999",
        "P27_004": "03106",
        "P27_005": "広川町Ｂ＆Ｇ海洋センタープール",
        "P27_006": "広1121-3",
        "P27_007": 3,
        "P27_008": -99,
        "P27_009": 1981
      },
      "geometry": {
        "type": "Point",
        "coordinates": [
          135.167313,
          34.02529
        ]
      }
    },
    {
      "type": "Feature",
      "properties": {
        "P27_001": "30362",
        "P27_002": "3",
        "P27_003": "99999",
        "P27_004": "03109",
        "P27_005": "広川町Ｂ＆Ｇ海洋センタープール",
        "P27_006": "広1121-3",
        "P27_007": 3,
        "P27_008": -99,
        "P27_009": 1981
      },
      "geometry": {
        "type": "Point",
        "coordinates": [
          135.167942,
          34.024369
        ]
      }
    },
    {
      "type": "Feature",
      "properties": {
        "P27_001": "30362",
        "P27_002": "3",
        "P27_003": "99999",
        "P27_004": "03140",
        "P27_005": "広川町Ｂ＆Ｇ海洋センタープール",
        "P27_006": "広1121-3",
        "P27_007": 3,
        "P27_008": -99,
        "P27_009": 1981
      },
      "geometry": {
        "type": "Point",
        "coordinates": [
          135.166926,
          34.025768
        ]
      }
    },
    {
      "type": "Feature",
      "properties": {
        "P27_001": "30362",
        "P27_002": "3",
        "P27_003": "99999",
        "P27_004": "03109",
        "P27_005": "広川町民体育館",
        "P27_006": "広1469",
        "P27_007": 3,
        "P27_008": -99,
        "P27_009": 1998
      },
      "geometry": {
        "type": "Point",
        "coordinates": [
          135.173493,
          34.031049
        ]
      }
    },
    {
      "type": "Feature",
      "properties": {
        "P27_001": "30362",
        "P27_002": "3",
        "P27_003": "99999",
        "P27_004": "03115",
        "P27_005": "広川町民テニスコート",
        "P27_006": "広1471",
        "P27_007": 3,
        "P27_008": -99,
        "P27_009": 2000
      },
      "geometry": {
        "type": "Point",
        "coordinates": [
          135.171964,
          34.030942
        ]
      }
    },
    {
      "type": "Feature",
      "properties": {
        "P27_001": "30362",
        "P27_002": "3",
        "P27_003": "99999",
        "P27_004": "03138",
        "P27_005": "町民ゲートボール場",
        "P27_006": "広1121-5",
        "P27_007": 3,
        "P27_008": -99,
        "P27_009": 1988
      },
      "geometry": {
        "type": "Point",
        "coordinates": [
          135.168579,
          34.025545
        ]
      }
    },
    {
      "type": "Feature",
      "properties": {
        "P27_001": "30390",
        "P27_002": "3",
        "P27_003": "99999",
        "P27_004": "03102",
        "P27_005": "若もの広場",
        "P27_006": "山口1580-1",
        "P27_007": 3,
        "P27_008": -99,
        "P27_009": 1971
      },
      "geometry": {
        "type": "Point",
        "coordinates": [
          135.216607,
          33.824783
        ]
      }
    },
    {
      "type": "Feature",
      "properties": {
        "P27_001": "30390",
        "P27_002": "3",
        "P27_003": "99999",
        "P27_004": "03101",
        "P27_005": "若もの広場",
        "P27_006": "山口1580-1",
        "P27_007": 3,
        "P27_008": -99,
        "P27_009": 1971
      },
      "geometry": {
        "type": "Point",
        "coordinates": [
          135.216613,
          33.824742
        ]
      }
    },
    {
      "type": "Feature",
      "properties": {
        "P27_001": "30390",
        "P27_002": "3",
        "P27_003": "99999",
        "P27_004": "03115",
        "P27_005": "若もの広場",
        "P27_006": "山口1580-1",
        "P27_007": 3,
        "P27_008": -99,
        "P27_009": 1971
      },
      "geometry": {
        "type": "Point",
        "coordinates": [
          135.217256,
          33.825097
        ]
      }
    },
    {
      "type": "Feature",
      "properties": {
        "P27_001": "30390",
        "P27_002": "3",
        "P27_003": "99999",
        "P27_004": "03102",
        "P27_005": "稲原西運動場",
        "P27_006": "南谷567",
        "P27_007": 3,
        "P27_008": -99,
        "P27_009": 1981
      },
      "geometry": {
        "type": "Point",
        "coordinates": [
          135.195436,
          33.864457
        ]
      }
    },
    {
      "type": "Feature",
      "properties": {
        "P27_001": "30390",
        "P27_002": "3",
        "P27_003": "99999",
        "P27_004": "03138",
        "P27_005": "稲原西運動場",
        "P27_006": "南谷567",
        "P27_007": 3,
        "P27_008": -99,
        "P27_009": 1981
      },
      "geometry": {
        "type": "Point",
        "coordinates": [
          135.195284,
          33.864808
        ]
      }
    },
    {
      "type": "Feature",
      "properties": {
        "P27_001": "30390",
        "P27_002": "3",
        "P27_003": "99999",
        "P27_004": "03102",
        "P27_005": "古井運動場",
        "P27_006": "古井806",
        "P27_007": 3,
        "P27_008": -99,
        "P27_009": 1982
      },
      "geometry": {
        "type": "Point",
        "coordinates": [
          135.268184,
          33.853644
        ]
      }
    },
    {
      "type": "Feature",
      "properties": {
        "P27_001": "30390",
        "P27_002": "3",
        "P27_003": "99999",
        "P27_004": "03101",
        "P27_005": "古井運動場",
        "P27_006": "古井806",
        "P27_007": 3,
        "P27_008": -99,
        "P27_009": 1982
      },
      "geometry": {
        "type": "Point",
        "coordinates": [
          135.268181,
          33.853691
        ]
      }
    },
    {
      "type": "Feature",
      "properties": {
        "P27_001": "30390",
        "P27_002": "3",
        "P27_003": "99999",
        "P27_004": "03102",
        "P27_005": "島田運動場",
        "P27_006": "島田139",
        "P27_007": 3,
        "P27_008": -99,
        "P27_009": 1984
      },
      "geometry": {
        "type": "Point",
        "coordinates": [
          135.242628,
          33.793195
        ]
      }
    },
    {
      "type": "Feature",
      "properties": {
        "P27_001": "30390",
        "P27_002": "3",
        "P27_003": "99999",
        "P27_004": "03106",
        "P27_005": "印南町民プール",
        "P27_006": "西ノ地1288-1",
        "P27_007": 3,
        "P27_008": -99,
        "P27_009": 1996
      },
      "geometry": {
        "type": "Point",
        "coordinates": [
          135.240602,
          33.801514
        ]
      }
    },
    {
      "type": "Feature",
      "properties": {
        "P27_001": "30390",
        "P27_002": "3",
        "P27_003": "99999",
        "P27_004": "03109",
        "P27_005": "印南町体育センター",
        "P27_006": "印南2012",
        "P27_007": 3,
        "P27_008": -99,
        "P27_009": 1978
      },
      "geometry": {
        "type": "Point",
        "coordinates": [
          135.217539,
          33.818586
        ]
      }
    },
    {
      "type": "Feature",
      "properties": {
        "P27_001": "30390",
        "P27_002": "3",
        "P27_003": "99999",
        "P27_004": "03111",
        "P27_005": "印南町体育センター",
        "P27_006": "印南2012",
        "P27_007": 3,
        "P27_008": -99,
        "P27_009": 1978
      },
      "geometry": {
        "type": "Point",
        "coordinates": [
          135.217536,
          33.818702
        ]
      }
    },
    {
      "type": "Feature",
      "properties": {
        "P27_001": "30390",
        "P27_002": "3",
        "P27_003": "99999",
        "P27_004": "03120",
        "P27_005": "印南町体育センター",
        "P27_006": "印南2012",
        "P27_007": 3,
        "P27_008": -99,
        "P27_009": 1978
      },
      "geometry": {
        "type": "Point",
        "coordinates": [
          135.217542,
          33.818529
        ]
      }
    },
    {
      "type": "Feature",
      "properties": {
        "P27_001": "30390",
        "P27_002": "3",
        "P27_003": "99999",
        "P27_004": "03116",
        "P27_005": "印南町体育センター",
        "P27_006": "印南2012",
        "P27_007": 3,
        "P27_008": -99,
        "P27_009": 1978
      },
      "geometry": {
        "type": "Point",
        "coordinates": [
          135.217536,
          33.818645
        ]
      }
    },
    {
      "type": "Feature",
      "properties": {
        "P27_001": "30390",
        "P27_002": "3",
        "P27_003": "99999",
        "P27_004": "03112",
        "P27_005": "切目武道館",
        "P27_006": "西ノ地1287-1",
        "P27_007": 3,
        "P27_008": -99,
        "P27_009": 1983
      },
      "geometry": {
        "type": "Point",
        "coordinates": [
          135.240399,
          33.80158
        ]
      }
    },
    {
      "type": "Feature",
      "properties": {
        "P27_001": "30209",
        "P27_002": "3",
        "P27_003": "99999",
        "P27_004": "03102",
        "P27_005": "若もの広場",
        "P27_006": "根来2347-2",
        "P27_007": 3,
        "P27_008": -99,
        "P27_009": 1979
      },
      "geometry": {
        "type": "Point",
        "coordinates": [
          135.309835,
          34.287192
        ]
      }
    },
    {
      "type": "Feature",
      "properties": {
        "P27_001": "30209",
        "P27_002": "3",
        "P27_003": "99999",
        "P27_004": "03102",
        "P27_005": "岡田スポーツ広場",
        "P27_006": "岡田1091",
        "P27_007": 3,
        "P27_008": -99,
        "P27_009": 1982
      },
      "geometry": {
        "type": "Point",
        "coordinates": [
          135.328457,
          34.249274
        ]
      }
    },
    {
      "type": "Feature",
      "properties": {
        "P27_001": "30209",
        "P27_002": "3",
        "P27_003": "99999",
        "P27_004": "03103",
        "P27_005": "根来総合運動広場",
        "P27_006": "根来1478-1",
        "P27_007": 3,
        "P27_008": -99,
        "P27_009": 1982
      },
      "geometry": {
        "type": "Point",
        "coordinates": [
          135.309837,
          34.2871
        ]
      }
    },
    {
      "type": "Feature",
      "properties": {
        "P27_001": "30209",
        "P27_002": "3",
        "P27_003": "99999",
        "P27_004": "03115",
        "P27_005": "根来総合運動広場",
        "P27_006": "根来1478-1",
        "P27_007": 3,
        "P27_008": -99,
        "P27_009": 1982
      },
      "geometry": {
        "type": "Point",
        "coordinates": [
          135.308583,
          34.286113
        ]
      }
    },
    {
      "type": "Feature",
      "properties": {
        "P27_001": "30209",
        "P27_002": "3",
        "P27_003": "99999",
        "P27_004": "03138",
        "P27_005": "根来総合運動広場",
        "P27_006": "根来1478-1",
        "P27_007": 3,
        "P27_008": -99,
        "P27_009": 1982
      },
      "geometry": {
        "type": "Point",
        "coordinates": [
          135.308547,
          34.285592
        ]
      }
    },
    {
      "type": "Feature",
      "properties": {
        "P27_001": "30209",
        "P27_002": "3",
        "P27_003": "99999",
        "P27_004": "03102",
        "P27_005": "大宮緑地総合運動公園",
        "P27_006": "西野417",
        "P27_007": 3,
        "P27_008": -99,
        "P27_009": 1996
      },
      "geometry": {
        "type": "Point",
        "coordinates": [
          135.305284,
          34.255766
        ]
      }
    },
    {
      "type": "Feature",
      "properties": {
        "P27_001": "30209",
        "P27_002": "3",
        "P27_003": "99999",
        "P27_004": "03104",
        "P27_005": "大宮緑地総合運動公園",
        "P27_006": "西野417",
        "P27_007": 3,
        "P27_008": -99,
        "P27_009": 1996
      },
      "geometry": {
        "type": "Point",
        "coordinates": [
          135.307892,
          34.254724
        ]
      }
    },
    {
      "type": "Feature",
      "properties": {
        "P27_001": "30209",
        "P27_002": "3",
        "P27_003": "99999",
        "P27_004": "03115",
        "P27_005": "大宮緑地総合運動公園",
        "P27_006": "西野417",
        "P27_007": 3,
        "P27_008": -99,
        "P27_009": 1996
      },
      "geometry": {
        "type": "Point",
        "coordinates": [
          135.308689,
          34.254273
        ]
      }
    },
    {
      "type": "Feature",
      "properties": {
        "P27_001": "30209",
        "P27_002": "3",
        "P27_003": "99999",
        "P27_004": "03101",
        "P27_005": "大宮緑地総合運動公園",
        "P27_006": "西野417",
        "P27_007": 3,
        "P27_008": -99,
        "P27_009": 1996
      },
      "geometry": {
        "type": "Point",
        "coordinates": [
          135.306656,
          34.255206
        ]
      }
    },
    {
      "type": "Feature",
      "properties": {
        "P27_001": "30209",
        "P27_002": "3",
        "P27_003": "99999",
        "P27_004": "03138",
        "P27_005": "大宮緑地総合運動公園",
        "P27_006": "西野417",
        "P27_007": 3,
        "P27_008": -99,
        "P27_009": 1996
      },
      "geometry": {
        "type": "Point",
        "coordinates": [
          135.307892,
          34.254626
        ]
      }
    },
    {
      "type": "Feature",
      "properties": {
        "P27_001": "30209",
        "P27_002": "3",
        "P27_003": "99999",
        "P27_004": "03106",
        "P27_005": "市民プール（堀口プール）",
        "P27_006": "堀口41",
        "P27_007": 3,
        "P27_008": -99,
        "P27_009": 1976
      },
      "geometry": {
        "type": "Point",
        "coordinates": [
          135.304456,
          34.271134
        ]
      }
    },
    {
      "type": "Feature",
      "properties": {
        "P27_001": "30209",
        "P27_002": "3",
        "P27_003": "99999",
        "P27_004": "03106",
        "P27_005": "市民プール（東公園プール）",
        "P27_006": "西国分491",
        "P27_007": 3,
        "P27_008": -99,
        "P27_009": 1980
      },
      "geometry": {
        "type": "Point",
        "coordinates": [
          135.331547,
          34.266385
        ]
      }
    },
    {
      "type": "Feature",
      "properties": {
        "P27_001": "30209",
        "P27_002": "3",
        "P27_003": "99999",
        "P27_004": "03109",
        "P27_005": "市民総合体育館",
        "P27_006": "荊本63-2",
        "P27_007": 3,
        "P27_008": -99,
        "P27_009": 1984
      },
      "geometry": {
        "type": "Point",
        "coordinates": [
          135.310451,
          34.263785
        ]
      }
    },
    {
      "type": "Feature",
      "properties": {
        "P27_001": "30209",
        "P27_002": "3",
        "P27_003": "99999",
        "P27_004": "03112",
        "P27_005": "市民総合体育館",
        "P27_006": "荊本63-2",
        "P27_007": 3,
        "P27_008": -99,
        "P27_009": 1984
      },
      "geometry": {
        "type": "Point",
        "coordinates": [
          135.310451,
          34.263748
        ]
      }
    },
    {
      "type": "Feature",
      "properties": {
        "P27_001": "30209",
        "P27_002": "3",
        "P27_003": "99999",
        "P27_004": "03129",
        "P27_005": "市民総合体育館",
        "P27_006": "荊本63-2",
        "P27_007": 3,
        "P27_008": -99,
        "P27_009": 1984
      },
      "geometry": {
        "type": "Point",
        "coordinates": [
          135.310445,
          34.263864
        ]
      }
    },
    {
      "type": "Feature",
      "properties": {
        "P27_001": "30209",
        "P27_002": "3",
        "P27_003": "99999",
        "P27_004": "03120",
        "P27_005": "市民総合体育館",
        "P27_006": "荊本63-2",
        "P27_007": 3,
        "P27_008": -99,
        "P27_009": 1984
      },
      "geometry": {
        "type": "Point",
        "coordinates": [
          135.310451,
          34.263827
        ]
      }
    },
    {
      "type": "Feature",
      "properties": {
        "P27_001": "30209",
        "P27_002": "3",
        "P27_003": "99999",
        "P27_004": "03109",
        "P27_005": "体育館",
        "P27_006": "西野264",
        "P27_007": 3,
        "P27_008": -99,
        "P27_009": 1971
      },
      "geometry": {
        "type": "Point",
        "coordinates": [
          135.309922,
          34.256424
        ]
      }
    },
    {
      "type": "Feature",
      "properties": {
        "P27_001": "30209",
        "P27_002": "3",
        "P27_003": "99999",
        "P27_004": "03120",
        "P27_005": "体育館",
        "P27_006": "西野264",
        "P27_007": 3,
        "P27_008": -99,
        "P27_009": 1971
      },
      "geometry": {
        "type": "Point",
        "coordinates": [
          135.309922,
          34.256387
        ]
      }
    },
    {
      "type": "Feature",
      "properties": {
        "P27_001": "30209",
        "P27_002": "3",
        "P27_003": "99999",
        "P27_004": "03112",
        "P27_005": "体育館",
        "P27_006": "西野264",
        "P27_007": 3,
        "P27_008": -99,
        "P27_009": 1971
      },
      "geometry": {
        "type": "Point",
        "coordinates": [
          135.309922,
          34.256461
        ]
      }
    },
    {
      "type": "Feature",
      "properties": {
        "P27_001": "30209",
        "P27_002": "3",
        "P27_003": "99999",
        "P27_004": "03113",
        "P27_005": "体育館",
        "P27_006": "西野264",
        "P27_007": 3,
        "P27_008": -99,
        "P27_009": 1971
      },
      "geometry": {
        "type": "Point",
        "coordinates": [
          135.309925,
          34.256351
        ]
      }
    },
    {
      "type": "Feature",
      "properties": {
        "P27_001": "30202",
        "P27_002": "3",
        "P27_003": "99999",
        "P27_004": "03104",
        "P27_005": "市民運動場",
        "P27_006": "大野中1006",
        "P27_007": 3,
        "P27_008": -99,
        "P27_009": 1979
      },
      "geometry": {
        "type": "Point",
        "coordinates": [
          135.230591,
          34.157425
        ]
      }
    },
    {
      "type": "Feature",
      "properties": {
        "P27_001": "30202",
        "P27_002": "3",
        "P27_003": "99999",
        "P27_004": "03102",
        "P27_005": "市民運動場",
        "P27_006": "大野中1006",
        "P27_007": 3,
        "P27_008": -99,
        "P27_009": 1979
      },
      "geometry": {
        "type": "Point",
        "coordinates": [
          135.230585,
          34.157331
        ]
      }
    },
    {
      "type": "Feature",
      "properties": {
        "P27_001": "30202",
        "P27_002": "3",
        "P27_003": "99999",
        "P27_004": "03104",
        "P27_005": "東部運動場",
        "P27_006": "木津382",
        "P27_007": 3,
        "P27_008": -99,
        "P27_009": 1990
      },
      "geometry": {
        "type": "Point",
        "coordinates": [
          135.278766,
          34.151526
        ]
      }
    },
    {
      "type": "Feature",
      "properties": {
        "P27_001": "30202",
        "P27_002": "3",
        "P27_003": "99999",
        "P27_004": "03102",
        "P27_005": "東部運動場",
        "P27_006": "木津382",
        "P27_007": 3,
        "P27_008": -99,
        "P27_009": 1990
      },
      "geometry": {
        "type": "Point",
        "coordinates": [
          135.278754,
          34.151615
        ]
      }
    },
    {
      "type": "Feature",
      "properties": {
        "P27_001": "30202",
        "P27_002": "3",
        "P27_003": "99999",
        "P27_004": "03138",
        "P27_005": "東部運動場",
        "P27_006": "木津382",
        "P27_007": 3,
        "P27_008": -99,
        "P27_009": 1990
      },
      "geometry": {
        "type": "Point",
        "coordinates": [
          135.276906,
          34.150676
        ]
      }
    },
    {
      "type": "Feature",
      "properties": {
        "P27_001": "30202",
        "P27_002": "3",
        "P27_003": "99999",
        "P27_004": "03104",
        "P27_005": "沖野々スポーツ広場",
        "P27_006": "沖野々278-1",
        "P27_007": 3,
        "P27_008": -99,
        "P27_009": 1988
      },
      "geometry": {
        "type": "Point",
        "coordinates": [
          135.273123,
          34.163447
        ]
      }
    },
    {
      "type": "Feature",
      "properties": {
        "P27_001": "30202",
        "P27_002": "3",
        "P27_003": "99999",
        "P27_004": "03102",
        "P27_005": "沖野々スポーツ広場",
        "P27_006": "沖野々278-1",
        "P27_007": 3,
        "P27_008": -99,
        "P27_009": 1988
      },
      "geometry": {
        "type": "Point",
        "coordinates": [
          135.273129,
          34.163359
        ]
      }
    },
    {
      "type": "Feature",
      "properties": {
        "P27_001": "30202",
        "P27_002": "3",
        "P27_003": "99999",
        "P27_004": "03104",
        "P27_005": "下津総合運動場",
        "P27_006": "下津町下647",
        "P27_007": 3,
        "P27_008": -99,
        "P27_009": 1970
      },
      "geometry": {
        "type": "Point",
        "coordinates": [
          135.180464,
          34.136287
        ]
      }
    },
    {
      "type": "Feature",
      "properties": {
        "P27_001": "30202",
        "P27_002": "3",
        "P27_003": "99999",
        "P27_004": "03102",
        "P27_005": "下津総合運動場",
        "P27_006": "下津町下647",
        "P27_007": 3,
        "P27_008": -99,
        "P27_009": 1970
      },
      "geometry": {
        "type": "Point",
        "coordinates": [
          135.18047,
          34.136189
        ]
      }
    },
    {
      "type": "Feature",
      "properties": {
        "P27_001": "30202",
        "P27_002": "3",
        "P27_003": "99999",
        "P27_004": "03105",
        "P27_005": "市民温水プール",
        "P27_006": "且来1387-3",
        "P27_007": 4,
        "P27_008": -99,
        "P27_009": 1985
      },
      "geometry": {
        "type": "Point",
        "coordinates": [
          135.227738,
          34.164104
        ]
      }
    },
    {
      "type": "Feature",
      "properties": {
        "P27_001": "30202",
        "P27_002": "3",
        "P27_003": "99999",
        "P27_004": "03105",
        "P27_005": "下津室内プール",
        "P27_006": "下津町方453",
        "P27_007": 3,
        "P27_008": -99,
        "P27_009": 1970
      },
      "geometry": {
        "type": "Point",
        "coordinates": [
          135.147504,
          34.123937
        ]
      }
    },
    {
      "type": "Feature",
      "properties": {
        "P27_001": "30202",
        "P27_002": "3",
        "P27_003": "99999",
        "P27_004": "03106",
        "P27_005": "温山荘プール",
        "P27_006": "船尾396",
        "P27_007": 3,
        "P27_008": -99,
        "P27_009": 1972
      },
      "geometry": {
        "type": "Point",
        "coordinates": [
          135.192614,
          34.159367
        ]
      }
    },
    {
      "type": "Feature",
      "properties": {
        "P27_001": "30202",
        "P27_002": "3",
        "P27_003": "99999",
        "P27_004": "03109",
        "P27_005": "市総合体育館",
        "P27_006": "大野中1106",
        "P27_007": 3,
        "P27_008": -99,
        "P27_009": 1977
      },
      "geometry": {
        "type": "Point",
        "coordinates": [
          135.230538,
          34.156576
        ]
      }
    },
    {
      "type": "Feature",
      "properties": {
        "P27_001": "30202",
        "P27_002": "3",
        "P27_003": "99999",
        "P27_004": "03120",
        "P27_005": "市総合体育館",
        "P27_006": "大野中1106",
        "P27_007": 3,
        "P27_008": -99,
        "P27_009": 1977
      },
      "geometry": {
        "type": "Point",
        "coordinates": [
          135.230541,
          34.156522
        ]
      }
    },
    {
      "type": "Feature",
      "properties": {
        "P27_001": "30202",
        "P27_002": "3",
        "P27_003": "99999",
        "P27_004": "03110",
        "P27_005": "市総合体育館",
        "P27_006": "大野中1106",
        "P27_007": 3,
        "P27_008": -99,
        "P27_009": 1977
      },
      "geometry": {
        "type": "Point",
        "coordinates": [
          135.230544,
          34.156467
        ]
      }
    },
    {
      "type": "Feature",
      "properties": {
        "P27_001": "30202",
        "P27_002": "3",
        "P27_003": "99999",
        "P27_004": "03111",
        "P27_005": "市総合体育館",
        "P27_006": "大野中1106",
        "P27_007": 3,
        "P27_008": -99,
        "P27_009": 1977
      },
      "geometry": {
        "type": "Point",
        "coordinates": [
          135.23055,
          34.156374
        ]
      }
    },
    {
      "type": "Feature",
      "properties": {
        "P27_001": "30202",
        "P27_002": "3",
        "P27_003": "99999",
        "P27_004": "03129",
        "P27_005": "市総合体育館",
        "P27_006": "大野中1106",
        "P27_007": 3,
        "P27_008": -99,
        "P27_009": 1977
      },
      "geometry": {
        "type": "Point",
        "coordinates": [
          135.230553,
          34.156322
        ]
      }
    },
    {
      "type": "Feature",
      "properties": {
        "P27_001": "30202",
        "P27_002": "3",
        "P27_003": "99999",
        "P27_004": "03116",
        "P27_005": "市総合体育館",
        "P27_006": "大野中1106",
        "P27_007": 3,
        "P27_008": -99,
        "P27_009": 1977
      },
      "geometry": {
        "type": "Point",
        "coordinates": [
          135.230547,
          34.156418
        ]
      }
    },
    {
      "type": "Feature",
      "properties": {
        "P27_001": "30202",
        "P27_002": "3",
        "P27_003": "99999",
        "P27_004": "03109",
        "P27_005": "拝待体育館",
        "P27_006": "下津町下津500-1",
        "P27_007": 3,
        "P27_008": -99,
        "P27_009": 1970
      },
      "geometry": {
        "type": "Point",
        "coordinates": [
          135.150261,
          34.108892
        ]
      }
    },
    {
      "type": "Feature",
      "properties": {
        "P27_001": "30202",
        "P27_002": "3",
        "P27_003": "99999",
        "P27_004": "03109",
        "P27_005": "市民体育館",
        "P27_006": "日方1274",
        "P27_007": 3,
        "P27_008": -99,
        "P27_009": 1964
      },
      "geometry": {
        "type": "Point",
        "coordinates": [
          135.206489,
          34.155342
        ]
      }
    },
    {
      "type": "Feature",
      "properties": {
        "P27_001": "30202",
        "P27_002": "3",
        "P27_003": "99999",
        "P27_004": "03115",
        "P27_005": "東部テニスコート",
        "P27_006": "木津382",
        "P27_007": 3,
        "P27_008": -99,
        "P27_009": 1990
      },
      "geometry": {
        "type": "Point",
        "coordinates": [
          135.277732,
          34.150981
        ]
      }
    },
    {
      "type": "Feature",
      "properties": {
        "P27_001": "30202",
        "P27_002": "3",
        "P27_003": "99999",
        "P27_004": "03115",
        "P27_005": "市民テニスコート",
        "P27_006": "大野中1106",
        "P27_007": 3,
        "P27_008": -99,
        "P27_009": 1979
      },
      "geometry": {
        "type": "Point",
        "coordinates": [
          135.230478,
          34.155973
        ]
      }
    },
    {
      "type": "Feature",
      "properties": {
        "P27_001": "30202",
        "P27_002": "3",
        "P27_003": "99999",
        "P27_004": "03115",
        "P27_005": "下津テニスコート",
        "P27_006": "下津町上14",
        "P27_007": 3,
        "P27_008": -99,
        "P27_009": 2000
      },
      "geometry": {
        "type": "Point",
        "coordinates": [
          135.153917,
          34.116028
        ]
      }
    },
    {
      "type": "Feature",
      "properties": {
        "P27_001": "30202",
        "P27_002": "3",
        "P27_003": "99999",
        "P27_004": "03138",
        "P27_005": "丸田ゲートボール場",
        "P27_006": "下津町丸田269-2",
        "P27_007": 3,
        "P27_008": -99,
        "P27_009": 1982
      },
      "geometry": {
        "type": "Point",
        "coordinates": [
          135.153345,
          34.123672
        ]
      }
    },
    {
      "type": "Feature",
      "properties": {
        "P27_001": "30202",
        "P27_002": "3",
        "P27_003": "99999",
        "P27_004": "03138",
        "P27_005": "梅田ゲートボール場",
        "P27_006": "下津町梅田552-3",
        "P27_007": 3,
        "P27_008": -99,
        "P27_009": 1985
      },
      "geometry": {
        "type": "Point",
        "coordinates": [
          135.178743,
          34.129725
        ]
      }
    },
    {
      "type": "Feature",
      "properties": {
        "P27_001": "30404",
        "P27_002": "3",
        "P27_003": "99999",
        "P27_004": "03102",
        "P27_005": "上富田スポーツセンター",
        "P27_006": "朝来3871",
        "P27_007": 3,
        "P27_008": -99,
        "P27_009": 1995
      },
      "geometry": {
        "type": "Point",
        "coordinates": [
          135.426281,
          33.718822
        ]
      }
    },
    {
      "type": "Feature",
      "properties": {
        "P27_001": "30404",
        "P27_002": "3",
        "P27_003": "99999",
        "P27_004": "03103",
        "P27_005": "上富田スポーツセンター",
        "P27_006": "朝来3871",
        "P27_007": 3,
        "P27_008": -99,
        "P27_009": 1995
      },
      "geometry": {
        "type": "Point",
        "coordinates": [
          135.423684,
          33.715447
        ]
      }
    },
    {
      "type": "Feature",
      "properties": {
        "P27_001": "30404",
        "P27_002": "3",
        "P27_003": "99999",
        "P27_004": "03104",
        "P27_005": "上富田スポーツセンター",
        "P27_006": "朝来3871",
        "P27_007": 3,
        "P27_008": -99,
        "P27_009": 1995
      },
      "geometry": {
        "type": "Point",
        "coordinates": [
          135.42555,
          33.717201
        ]
      }
    },
    {
      "type": "Feature",
      "properties": {
        "P27_001": "30404",
        "P27_002": "3",
        "P27_003": "99999",
        "P27_004": "03115",
        "P27_005": "上富田スポーツセンター",
        "P27_006": "朝来3871",
        "P27_007": 3,
        "P27_008": -99,
        "P27_009": 1995
      },
      "geometry": {
        "type": "Point",
        "coordinates": [
          135.424766,
          33.71518
        ]
      }
    },
    {
      "type": "Feature",
      "properties": {
        "P27_001": "30404",
        "P27_002": "3",
        "P27_003": "99999",
        "P27_004": "03138",
        "P27_005": "上富田スポーツセンター",
        "P27_006": "朝来3871",
        "P27_007": 3,
        "P27_008": -99,
        "P27_009": 1995
      },
      "geometry": {
        "type": "Point",
        "coordinates": [
          135.425253,
          33.716349
        ]
      }
    },
    {
      "type": "Feature",
      "properties": {
        "P27_001": "30404",
        "P27_002": "3",
        "P27_003": "99999",
        "P27_004": "03104",
        "P27_005": "若もの広場",
        "P27_006": "市ノ瀬2508",
        "P27_007": 3,
        "P27_008": -99,
        "P27_009": 1969
      },
      "geometry": {
        "type": "Point",
        "coordinates": [
          135.459478,
          33.715224
        ]
      }
    },
    {
      "type": "Feature",
      "properties": {
        "P27_001": "30404",
        "P27_002": "3",
        "P27_003": "99999",
        "P27_004": "03102",
        "P27_005": "若もの広場",
        "P27_006": "市ノ瀬2508",
        "P27_007": 3,
        "P27_008": -99,
        "P27_009": 1969
      },
      "geometry": {
        "type": "Point",
        "coordinates": [
          135.459481,
          33.715182
        ]
      }
    },
    {
      "type": "Feature",
      "properties": {
        "P27_001": "30404",
        "P27_002": "3",
        "P27_003": "99999",
        "P27_004": "03104",
        "P27_005": "町民運動場",
        "P27_006": "朝来3370",
        "P27_007": 3,
        "P27_008": -99,
        "P27_009": 1981
      },
      "geometry": {
        "type": "Point",
        "coordinates": [
          135.417786,
          33.706459
        ]
      }
    },
    {
      "type": "Feature",
      "properties": {
        "P27_001": "30404",
        "P27_002": "3",
        "P27_003": "99999",
        "P27_004": "03138",
        "P27_005": "町民運動場",
        "P27_006": "朝来3370",
        "P27_007": 3,
        "P27_008": -99,
        "P27_009": 1981
      },
      "geometry": {
        "type": "Point",
        "coordinates": [
          135.417789,
          33.706422
        ]
      }
    },
    {
      "type": "Feature",
      "properties": {
        "P27_001": "30404",
        "P27_002": "3",
        "P27_003": "99999",
        "P27_004": "03106",
        "P27_005": "町民プール",
        "P27_006": "岩田184",
        "P27_007": 3,
        "P27_008": -99,
        "P27_009": 1965
      },
      "geometry": {
        "type": "Point",
        "coordinates": [
          135.434201,
          33.699659
        ]
      }
    },
    {
      "type": "Feature",
      "properties": {
        "P27_001": "30404",
        "P27_002": "3",
        "P27_003": "99999",
        "P27_004": "03109",
        "P27_005": "市ノ瀬体育館",
        "P27_006": "市ノ瀬2504-3",
        "P27_007": 3,
        "P27_008": -99,
        "P27_009": 1975
      },
      "geometry": {
        "type": "Point",
        "coordinates": [
          135.461331,
          33.715501
        ]
      }
    },
    {
      "type": "Feature",
      "properties": {
        "P27_001": "30404",
        "P27_002": "3",
        "P27_003": "99999",
        "P27_004": "03120",
        "P27_005": "市ノ瀬体育館",
        "P27_006": "市ノ瀬2504-3",
        "P27_007": 3,
        "P27_008": -99,
        "P27_009": 1975
      },
      "geometry": {
        "type": "Point",
        "coordinates": [
          135.461325,
          33.715427
        ]
      }
    },
    {
      "type": "Feature",
      "properties": {
        "P27_001": "30341",
        "P27_002": "3",
        "P27_003": "99999",
        "P27_004": "03101",
        "P27_005": "かつらぎ公園",
        "P27_006": "丁ノ町2527",
        "P27_007": 3,
        "P27_008": -99,
        "P27_009": 1970
      },
      "geometry": {
        "type": "Point",
        "coordinates": [
          135.517555,
          34.295234
        ]
      }
    },
    {
      "type": "Feature",
      "properties": {
        "P27_001": "30341",
        "P27_002": "3",
        "P27_003": "99999",
        "P27_004": "03102",
        "P27_005": "かつらぎ公園",
        "P27_006": "丁ノ町2527",
        "P27_007": 3,
        "P27_008": -99,
        "P27_009": 1970
      },
      "geometry": {
        "type": "Point",
        "coordinates": [
          135.517567,
          34.295155
        ]
      }
    },
    {
      "type": "Feature",
      "properties": {
        "P27_001": "30341",
        "P27_002": "3",
        "P27_003": "99999",
        "P27_004": "03106",
        "P27_005": "かつらぎ公園",
        "P27_006": "丁ノ町2527",
        "P27_007": 3,
        "P27_008": -99,
        "P27_009": 1970
      },
      "geometry": {
        "type": "Point",
        "coordinates": [
          135.516153,
          34.295106
        ]
      }
    },
    {
      "type": "Feature",
      "properties": {
        "P27_001": "30341",
        "P27_002": "3",
        "P27_003": "99999",
        "P27_004": "03115",
        "P27_005": "かつらぎ公園",
        "P27_006": "丁ノ町2527",
        "P27_007": 3,
        "P27_008": -99,
        "P27_009": 1970
      },
      "geometry": {
        "type": "Point",
        "coordinates": [
          135.515826,
          34.295464
        ]
      }
    },
    {
      "type": "Feature",
      "properties": {
        "P27_001": "30341",
        "P27_002": "3",
        "P27_003": "99999",
        "P27_004": "03102",
        "P27_005": "河南公園グラウンド",
        "P27_006": "東渋田",
        "P27_007": 3,
        "P27_008": -99,
        "P27_009": 1982
      },
      "geometry": {
        "type": "Point",
        "coordinates": [
          135.49041,
          34.284063
        ]
      }
    },
    {
      "type": "Feature",
      "properties": {
        "P27_001": "30341",
        "P27_002": "3",
        "P27_003": "99999",
        "P27_004": "03102",
        "P27_005": "中飯降公園グラウンド",
        "P27_006": "中飯降",
        "P27_007": 3,
        "P27_008": -99,
        "P27_009": 1983
      },
      "geometry": {
        "type": "Point",
        "coordinates": [
          135.538593,
          34.310068
        ]
      }
    },
    {
      "type": "Feature",
      "properties": {
        "P27_001": "30341",
        "P27_002": "3",
        "P27_003": "99999",
        "P27_004": "03102",
        "P27_005": "佐野若者広場",
        "P27_006": "佐野827-1",
        "P27_007": 3,
        "P27_008": -99,
        "P27_009": 1970
      },
      "geometry": {
        "type": "Point",
        "coordinates": [
          135.489208,
          34.293185
        ]
      }
    },
    {
      "type": "Feature",
      "properties": {
        "P27_001": "30341",
        "P27_002": "3",
        "P27_003": "99999",
        "P27_004": "03103",
        "P27_005": "かつらぎ公園河川グラウンド",
        "P27_006": "丁ノ町2527-7地先",
        "P27_007": 3,
        "P27_008": -99,
        "P27_009": 1992
      },
      "geometry": {
        "type": "Point",
        "coordinates": [
          135.520413,
          34.294656
        ]
      }
    },
    {
      "type": "Feature",
      "properties": {
        "P27_001": "30341",
        "P27_002": "3",
        "P27_003": "99999",
        "P27_004": "03104",
        "P27_005": "金剛緑地広場運動場",
        "P27_006": "花園新子267",
        "P27_007": 3,
        "P27_008": -99,
        "P27_009": 1987
      },
      "geometry": {
        "type": "Point",
        "coordinates": [
          135.560819,
          34.131267
        ]
      }
    },
    {
      "type": "Feature",
      "properties": {
        "P27_001": "30341",
        "P27_002": "3",
        "P27_003": "99999",
        "P27_004": "03102",
        "P27_005": "金剛緑地広場運動場",
        "P27_006": "花園新子267",
        "P27_007": 3,
        "P27_008": -99,
        "P27_009": 1987
      },
      "geometry": {
        "type": "Point",
        "coordinates": [
          135.560819,
          34.13122
        ]
      }
    },
    {
      "type": "Feature",
      "properties": {
        "P27_001": "30341",
        "P27_002": "3",
        "P27_003": "99999",
        "P27_004": "03104",
        "P27_005": "笠田東少年スポーツ広場",
        "P27_006": "笠田東地先",
        "P27_007": 3,
        "P27_008": -99,
        "P27_009": 1977
      },
      "geometry": {
        "type": "Point",
        "coordinates": [
          135.479529,
          34.282829
        ]
      }
    },
    {
      "type": "Feature",
      "properties": {
        "P27_001": "30341",
        "P27_002": "3",
        "P27_003": "99999",
        "P27_004": "03104",
        "P27_005": "妙寺・紀ノ川第２スポーツ公園",
        "P27_006": "丁ノ町2531-5地先",
        "P27_007": 3,
        "P27_008": -99,
        "P27_009": 1996
      },
      "geometry": {
        "type": "Point",
        "coordinates": [
          135.51787,
          34.29437
        ]
      }
    },
    {
      "type": "Feature",
      "properties": {
        "P27_001": "30341",
        "P27_002": "3",
        "P27_003": "99999",
        "P27_004": "03127",
        "P27_005": "妙寺・紀ノ川第２スポーツ公園",
        "P27_006": "丁ノ町2531-5地先",
        "P27_007": 3,
        "P27_008": -99,
        "P27_009": 1996
      },
      "geometry": {
        "type": "Point",
        "coordinates": [
          135.515904,
          34.294351
        ]
      }
    },
    {
      "type": "Feature",
      "properties": {
        "P27_001": "30341",
        "P27_002": "3",
        "P27_003": "99999",
        "P27_004": "03101",
        "P27_005": "妙寺・紀ノ川第２スポーツ公園",
        "P27_006": "丁ノ町2531-5地先",
        "P27_007": 3,
        "P27_008": -99,
        "P27_009": 1996
      },
      "geometry": {
        "type": "Point",
        "coordinates": [
          135.517865,
          34.294473
        ]
      }
    },
    {
      "type": "Feature",
      "properties": {
        "P27_001": "30341",
        "P27_002": "3",
        "P27_003": "99999",
        "P27_004": "03109",
        "P27_005": "かつらぎ体育センター",
        "P27_006": "丁ノ町2527",
        "P27_007": 3,
        "P27_008": 2,
        "P27_009": 1979
      },
      "geometry": {
        "type": "Point",
        "coordinates": [
          135.518488,
          34.295219
        ]
      }
    },
    {
      "type": "Feature",
      "properties": {
        "P27_001": "30341",
        "P27_002": "3",
        "P27_003": "99999",
        "P27_004": "03120",
        "P27_005": "かつらぎ体育センター",
        "P27_006": "丁ノ町2527",
        "P27_007": 3,
        "P27_008": 2,
        "P27_009": 1979
      },
      "geometry": {
        "type": "Point",
        "coordinates": [
          135.518479,
          34.295307
        ]
      }
    },
    {
      "type": "Feature",
      "properties": {
        "P27_001": "30341",
        "P27_002": "3",
        "P27_003": "99999",
        "P27_004": "03112",
        "P27_005": "かつらぎ体育センター",
        "P27_006": "丁ノ町2527",
        "P27_007": 3,
        "P27_008": 2,
        "P27_009": 1979
      },
      "geometry": {
        "type": "Point",
        "coordinates": [
          135.518479,
          34.295351
        ]
      }
    },
    {
      "type": "Feature",
      "properties": {
        "P27_001": "30341",
        "P27_002": "3",
        "P27_003": "99999",
        "P27_004": "03116",
        "P27_005": "かつらぎ体育センター",
        "P27_006": "丁ノ町2527",
        "P27_007": 3,
        "P27_008": 2,
        "P27_009": 1979
      },
      "geometry": {
        "type": "Point",
        "coordinates": [
          135.518482,
          34.295263
        ]
      }
    },
    {
      "type": "Feature",
      "properties": {
        "P27_001": "30341",
        "P27_002": "3",
        "P27_003": "99999",
        "P27_004": "03109",
        "P27_005": "守口体育館",
        "P27_006": "花園梁瀬783",
        "P27_007": 3,
        "P27_008": -99,
        "P27_009": 1976
      },
      "geometry": {
        "type": "Point",
        "coordinates": [
          135.51919,
          34.14047
        ]
      }
    },
    {
      "type": "Feature",
      "properties": {
        "P27_001": "30341",
        "P27_002": "3",
        "P27_003": "99999",
        "P27_004": "03116",
        "P27_005": "守口体育館",
        "P27_006": "花園梁瀬783",
        "P27_007": 3,
        "P27_008": -99,
        "P27_009": 1976
      },
      "geometry": {
        "type": "Point",
        "coordinates": [
          135.51919,
          34.140433
        ]
      }
    },
    {
      "type": "Feature",
      "properties": {
        "P27_001": "30341",
        "P27_002": "3",
        "P27_003": "99999",
        "P27_004": "03115",
        "P27_005": "金剛緑地テニスコート（改修中）",
        "P27_006": "花園新子",
        "P27_007": 3,
        "P27_008": -99,
        "P27_009": 1987
      },
      "geometry": {
        "type": "Point",
        "coordinates": [
          135.560159,
          34.130701
        ]
      }
    },
    {
      "type": "Feature",
      "properties": {
        "P27_001": "30341",
        "P27_002": "3",
        "P27_003": "99999",
        "P27_004": "03138",
        "P27_005": "花園屋内ゲートボール場",
        "P27_006": "花園梁瀬",
        "P27_007": 3,
        "P27_008": -99,
        "P27_009": 1990
      },
      "geometry": {
        "type": "Point",
        "coordinates": [
          135.519238,
          34.139661
        ]
      }
    },
    {
      "type": "Feature",
      "properties": {
        "P27_001": "30341",
        "P27_002": "3",
        "P27_003": "99999",
        "P27_004": "03147",
        "P27_005": "花園グリーンパーク（休業中）",
        "P27_006": "花園新子256-1",
        "P27_007": 3,
        "P27_008": -99,
        "P27_009": 2000
      },
      "geometry": {
        "type": "Point",
        "coordinates": [
          135.559936,
          34.134161
        ]
      }
    },
    {
      "type": "Feature",
      "properties": {
        "P27_001": "30304",
        "P27_002": "3",
        "P27_003": "99999",
        "P27_004": "03102",
        "P27_005": "上神野公園広場",
        "P27_006": "鎌滝691",
        "P27_007": 3,
        "P27_008": -99,
        "P27_009": 1978
      },
      "geometry": {
        "type": "Point",
        "coordinates": [
          135.38141,
          34.141299
        ]
      }
    },
    {
      "type": "Feature",
      "properties": {
        "P27_001": "30304",
        "P27_002": "3",
        "P27_003": "99999",
        "P27_004": "03102",
        "P27_005": "紀美野町農村総合センター",
        "P27_006": "野中410",
        "P27_007": 3,
        "P27_008": -99,
        "P27_009": 1979
      },
      "geometry": {
        "type": "Point",
        "coordinates": [
          135.352856,
          34.142858
        ]
      }
    },
    {
      "type": "Feature",
      "properties": {
        "P27_001": "30304",
        "P27_002": "3",
        "P27_003": "99999",
        "P27_004": "03106",
        "P27_005": "紀美野町農村総合センター",
        "P27_006": "野中410",
        "P27_007": 3,
        "P27_008": -99,
        "P27_009": 1979
      },
      "geometry": {
        "type": "Point",
        "coordinates": [
          135.351472,
          34.143502
        ]
      }
    },
    {
      "type": "Feature",
      "properties": {
        "P27_001": "30304",
        "P27_002": "3",
        "P27_003": "99999",
        "P27_004": "03109",
        "P27_005": "紀美野町農村総合センター",
        "P27_006": "野中410",
        "P27_007": 3,
        "P27_008": -99,
        "P27_009": 1979
      },
      "geometry": {
        "type": "Point",
        "coordinates": [
          135.351864,
          34.143438
        ]
      }
    },
    {
      "type": "Feature",
      "properties": {
        "P27_001": "30304",
        "P27_002": "3",
        "P27_003": "99999",
        "P27_004": "03120",
        "P27_005": "紀美野町農村総合センター",
        "P27_006": "野中410",
        "P27_007": 3,
        "P27_008": -99,
        "P27_009": 1979
      },
      "geometry": {
        "type": "Point",
        "coordinates": [
          135.351864,
          34.143386
        ]
      }
    },
    {
      "type": "Feature",
      "properties": {
        "P27_001": "30304",
        "P27_002": "3",
        "P27_003": "99999",
        "P27_004": "03115",
        "P27_005": "紀美野町農村総合センター",
        "P27_006": "野中410",
        "P27_007": 3,
        "P27_008": -99,
        "P27_009": 1979
      },
      "geometry": {
        "type": "Point",
        "coordinates": [
          135.351582,
          34.142867
        ]
      }
    },
    {
      "type": "Feature",
      "properties": {
        "P27_001": "30304",
        "P27_002": "3",
        "P27_003": "99999",
        "P27_004": "03138",
        "P27_005": "紀美野町農村総合センター",
        "P27_006": "野中410",
        "P27_007": 3,
        "P27_008": -99,
        "P27_009": 1979
      },
      "geometry": {
        "type": "Point",
        "coordinates": [
          135.350741,
          34.142986
        ]
      }
    },
    {
      "type": "Feature",
      "properties": {
        "P27_001": "30304",
        "P27_002": "3",
        "P27_003": "99999",
        "P27_004": "03104",
        "P27_005": "紀美野町スポーツ公園",
        "P27_006": "動木518",
        "P27_007": 3,
        "P27_008": -99,
        "P27_009": 1971
      },
      "geometry": {
        "type": "Point",
        "coordinates": [
          135.307967,
          34.174473
        ]
      }
    },
    {
      "type": "Feature",
      "properties": {
        "P27_001": "30304",
        "P27_002": "3",
        "P27_003": "99999",
        "P27_004": "03103",
        "P27_005": "紀美野町スポーツ公園",
        "P27_006": "動木518",
        "P27_007": 3,
        "P27_008": -99,
        "P27_009": 1971
      },
      "geometry": {
        "type": "Point",
        "coordinates": [
          135.307504,
          34.174626
        ]
      }
    },
    {
      "type": "Feature",
      "properties": {
        "P27_001": "30304",
        "P27_002": "3",
        "P27_003": "99999",
        "P27_004": "03109",
        "P27_005": "紀美野町スポーツ公園",
        "P27_006": "動木518",
        "P27_007": 3,
        "P27_008": -99,
        "P27_009": 1971
      },
      "geometry": {
        "type": "Point",
        "coordinates": [
          135.307943,
          34.175353
        ]
      }
    },
    {
      "type": "Feature",
      "properties": {
        "P27_001": "30304",
        "P27_002": "3",
        "P27_003": "99999",
        "P27_004": "03115",
        "P27_005": "紀美野町スポーツ公園",
        "P27_006": "動木518",
        "P27_007": 3,
        "P27_008": -99,
        "P27_009": 1971
      },
      "geometry": {
        "type": "Point",
        "coordinates": [
          135.307129,
          34.175427
        ]
      }
    },
    {
      "type": "Feature",
      "properties": {
        "P27_001": "30304",
        "P27_002": "3",
        "P27_003": "99999",
        "P27_004": "03101",
        "P27_005": "紀美野町スポーツ公園",
        "P27_006": "動木518",
        "P27_007": 3,
        "P27_008": -99,
        "P27_009": 1971
      },
      "geometry": {
        "type": "Point",
        "coordinates": [
          135.308228,
          34.174139
        ]
      }
    },
    {
      "type": "Feature",
      "properties": {
        "P27_001": "30304",
        "P27_002": "3",
        "P27_003": "99999",
        "P27_004": "03102",
        "P27_005": "紀美野町スポーツ公園",
        "P27_006": "動木518",
        "P27_007": 3,
        "P27_008": -99,
        "P27_009": 1971
      },
      "geometry": {
        "type": "Point",
        "coordinates": [
          135.308347,
          34.174886
        ]
      }
    },
    {
      "type": "Feature",
      "properties": {
        "P27_001": "30304",
        "P27_002": "3",
        "P27_003": "99999",
        "P27_004": "03142",
        "P27_005": "ふれあい公園",
        "P27_006": "西野971-1",
        "P27_007": 3,
        "P27_008": -99,
        "P27_009": 2000
      },
      "geometry": {
        "type": "Point",
        "coordinates": [
          135.349038,
          34.179621
        ]
      }
    },
    {
      "type": "Feature",
      "properties": {
        "P27_001": "30304",
        "P27_002": "3",
        "P27_003": "99999",
        "P27_004": "03147",
        "P27_005": "ふれあい公園",
        "P27_006": "西野971-1",
        "P27_007": 3,
        "P27_008": -99,
        "P27_009": 2000
      },
      "geometry": {
        "type": "Point",
        "coordinates": [
          135.350453,
          34.180226
        ]
      }
    },
    {
      "type": "Feature",
      "properties": {
        "P27_001": "30304",
        "P27_002": "3",
        "P27_003": "99999",
        "P27_004": "03104",
        "P27_005": "ふれあい公園",
        "P27_006": "西野971-1",
        "P27_007": 3,
        "P27_008": -99,
        "P27_009": 2000
      },
      "geometry": {
        "type": "Point",
        "coordinates": [
          135.349353,
          34.180275
        ]
      }
    },
    {
      "type": "Feature",
      "properties": {
        "P27_001": "30304",
        "P27_002": "3",
        "P27_003": "99999",
        "P27_004": "03104",
        "P27_005": "福井町民運動場",
        "P27_006": "福井1030",
        "P27_007": 3,
        "P27_008": -99,
        "P27_009": 1979
      },
      "geometry": {
        "type": "Point",
        "coordinates": [
          135.330053,
          34.156408
        ]
      }
    },
    {
      "type": "Feature",
      "properties": {
        "P27_001": "30304",
        "P27_002": "3",
        "P27_003": "99999",
        "P27_004": "03102",
        "P27_005": "福井町民運動場",
        "P27_006": "福井1030",
        "P27_007": 3,
        "P27_008": -99,
        "P27_009": 1979
      },
      "geometry": {
        "type": "Point",
        "coordinates": [
          135.330059,
          34.156334
        ]
      }
    },
    {
      "type": "Feature",
      "properties": {
        "P27_001": "30304",
        "P27_002": "3",
        "P27_003": "99999",
        "P27_004": "03112",
        "P27_005": "紀美野町立武道館",
        "P27_006": "下佐々926",
        "P27_007": 3,
        "P27_008": -99,
        "P27_009": 1993
      },
      "geometry": {
        "type": "Point",
        "coordinates": [
          135.313217,
          34.154378
        ]
      }
    },
    {
      "type": "Feature",
      "properties": {
        "P27_001": "30304",
        "P27_002": "3",
        "P27_003": "99999",
        "P27_004": "03138",
        "P27_005": "紀美野町毛原公園ゲートゴルフ場",
        "P27_006": "毛原宮10",
        "P27_007": 3,
        "P27_008": -99,
        "P27_009": 2001
      },
      "geometry": {
        "type": "Point",
        "coordinates": [
          135.461002,
          34.158092
        ]
      }
    },
    {
      "type": "Feature",
      "properties": {
        "P27_001": "30208",
        "P27_002": "3",
        "P27_003": "99999",
        "P27_004": "03101",
        "P27_005": "桃源郷運動公園陸上競技場",
        "P27_006": "桃山町最上1147-11",
        "P27_007": 3,
        "P27_008": -99,
        "P27_009": 2006
      },
      "geometry": {
        "type": "Point",
        "coordinates": [
          135.356519,
          34.221952
        ]
      }
    },
    {
      "type": "Feature",
      "properties": {
        "P27_001": "30208",
        "P27_002": "3",
        "P27_003": "99999",
        "P27_004": "03102",
        "P27_005": "粉河運動場",
        "P27_006": "粉河地先（河川敷）",
        "P27_007": 3,
        "P27_008": -99,
        "P27_009": 1970
      },
      "geometry": {
        "type": "Point",
        "coordinates": [
          135.40372,
          34.264912
        ]
      }
    },
    {
      "type": "Feature",
      "properties": {
        "P27_001": "30208",
        "P27_002": "3",
        "P27_003": "99999",
        "P27_004": "03104",
        "P27_005": "粉河運動場",
        "P27_006": "粉河地先（河川敷）",
        "P27_007": 3,
        "P27_008": -99,
        "P27_009": 1970
      },
      "geometry": {
        "type": "Point",
        "coordinates": [
          135.401729,
          34.264337
        ]
      }
    },
    {
      "type": "Feature",
      "properties": {
        "P27_001": "30208",
        "P27_002": "3",
        "P27_003": "99999",
        "P27_004": "03101",
        "P27_005": "粉河運動場",
        "P27_006": "粉河地先（河川敷）",
        "P27_007": 3,
        "P27_008": -99,
        "P27_009": 1970
      },
      "geometry": {
        "type": "Point",
        "coordinates": [
          135.401724,
          34.264411
        ]
      }
    },
    {
      "type": "Feature",
      "properties": {
        "P27_001": "30208",
        "P27_002": "3",
        "P27_003": "99999",
        "P27_004": "03115",
        "P27_005": "粉河運動場",
        "P27_006": "粉河地先（河川敷）",
        "P27_007": 3,
        "P27_008": -99,
        "P27_009": 1970
      },
      "geometry": {
        "type": "Point",
        "coordinates": [
          135.400541,
          34.264052
        ]
      }
    },
    {
      "type": "Feature",
      "properties": {
        "P27_001": "30208",
        "P27_002": "3",
        "P27_003": "99999",
        "P27_004": "03102",
        "P27_005": "貴志川スポーツ公園",
        "P27_006": "貴志川町井ノ口1411-10",
        "P27_007": 3,
        "P27_008": -99,
        "P27_009": 1991
      },
      "geometry": {
        "type": "Point",
        "coordinates": [
          135.328012,
          34.194187
        ]
      }
    },
    {
      "type": "Feature",
      "properties": {
        "P27_001": "30208",
        "P27_002": "3",
        "P27_003": "99999",
        "P27_004": "03115",
        "P27_005": "貴志川スポーツ公園",
        "P27_006": "貴志川町井ノ口1411-10",
        "P27_007": 3,
        "P27_008": -99,
        "P27_009": 1991
      },
      "geometry": {
        "type": "Point",
        "coordinates": [
          135.32683,
          34.194055
        ]
      }
    },
    {
      "type": "Feature",
      "properties": {
        "P27_001": "30208",
        "P27_002": "3",
        "P27_003": "99999",
        "P27_004": "03102",
        "P27_005": "丸栖北広場",
        "P27_006": "貴志川町丸栖地先（河川敷）",
        "P27_007": 3,
        "P27_008": -99,
        "P27_009": 1980
      },
      "geometry": {
        "type": "Point",
        "coordinates": [
          135.328774,
          34.241218
        ]
      }
    },
    {
      "type": "Feature",
      "properties": {
        "P27_001": "30208",
        "P27_002": "3",
        "P27_003": "99999",
        "P27_004": "03102",
        "P27_005": "粉河西部運動場",
        "P27_006": "北志野560",
        "P27_007": 3,
        "P27_008": -99,
        "P27_009": 1988
      },
      "geometry": {
        "type": "Point",
        "coordinates": [
          135.384838,
          34.28891
        ]
      }
    },
    {
      "type": "Feature",
      "properties": {
        "P27_001": "30208",
        "P27_002": "3",
        "P27_003": "99999",
        "P27_004": "03104",
        "P27_005": "打田グラウンド",
        "P27_006": "花野地先（河川敷）",
        "P27_007": 3,
        "P27_008": -99,
        "P27_009": 1981
      },
      "geometry": {
        "type": "Point",
        "coordinates": [
          135.355975,
          34.255116
        ]
      }
    },
    {
      "type": "Feature",
      "properties": {
        "P27_001": "30208",
        "P27_002": "3",
        "P27_003": "99999",
        "P27_004": "03102",
        "P27_005": "打田グラウンド",
        "P27_006": "花野地先（河川敷）",
        "P27_007": 3,
        "P27_008": -99,
        "P27_009": 1981
      },
      "geometry": {
        "type": "Point",
        "coordinates": [
          135.355981,
          34.255038
        ]
      }
    },
    {
      "type": "Feature",
      "properties": {
        "P27_001": "30208",
        "P27_002": "3",
        "P27_003": "99999",
        "P27_004": "03104",
        "P27_005": "那賀若もの広場",
        "P27_006": "名手市場地先（河川敷）",
        "P27_007": 3,
        "P27_008": -99,
        "P27_009": 1989
      },
      "geometry": {
        "type": "Point",
        "coordinates": [
          135.440725,
          34.27039
        ]
      }
    },
    {
      "type": "Feature",
      "properties": {
        "P27_001": "30208",
        "P27_002": "3",
        "P27_003": "99999",
        "P27_004": "03102",
        "P27_005": "那賀若もの広場",
        "P27_006": "名手市場地先（河川敷）",
        "P27_007": 3,
        "P27_008": -99,
        "P27_009": 1989
      },
      "geometry": {
        "type": "Point",
        "coordinates": [
          135.440719,
          34.270464
        ]
      }
    },
    {
      "type": "Feature",
      "properties": {
        "P27_001": "30208",
        "P27_002": "3",
        "P27_003": "99999",
        "P27_004": "03104",
        "P27_005": "桃山グラウンド",
        "P27_006": "桃山町段地先（河川敷）",
        "P27_007": 3,
        "P27_008": -99,
        "P27_009": 1975
      },
      "geometry": {
        "type": "Point",
        "coordinates": [
          135.34034,
          34.249111
        ]
      }
    },
    {
      "type": "Feature",
      "properties": {
        "P27_001": "30208",
        "P27_002": "3",
        "P27_003": "99999",
        "P27_004": "03102",
        "P27_005": "桃山グラウンド",
        "P27_006": "桃山町段地先（河川敷）",
        "P27_007": 3,
        "P27_008": -99,
        "P27_009": 1975
      },
      "geometry": {
        "type": "Point",
        "coordinates": [
          135.338094,
          34.24807
        ]
      }
    },
    {
      "type": "Feature",
      "properties": {
        "P27_001": "30208",
        "P27_002": "3",
        "P27_003": "99999",
        "P27_004": "03104",
        "P27_005": "長山ふれあい公園",
        "P27_006": "貴志川町長山277-735",
        "P27_007": 3,
        "P27_008": -99,
        "P27_009": 1993
      },
      "geometry": {
        "type": "Point",
        "coordinates": [
          135.286121,
          34.211281
        ]
      }
    },
    {
      "type": "Feature",
      "properties": {
        "P27_001": "30208",
        "P27_002": "3",
        "P27_003": "99999",
        "P27_004": "03102",
        "P27_005": "長山ふれあい公園",
        "P27_006": "貴志川町長山277-735",
        "P27_007": 3,
        "P27_008": -99,
        "P27_009": 1993
      },
      "geometry": {
        "type": "Point",
        "coordinates": [
          135.286121,
          34.211192
        ]
      }
    },
    {
      "type": "Feature",
      "properties": {
        "P27_001": "30208",
        "P27_002": "3",
        "P27_003": "99999",
        "P27_004": "03138",
        "P27_005": "長山ふれあい公園",
        "P27_006": "貴志川町長山277-735",
        "P27_007": 3,
        "P27_008": -99,
        "P27_009": 1993
      },
      "geometry": {
        "type": "Point",
        "coordinates": [
          135.285432,
          34.211156
        ]
      }
    },
    {
      "type": "Feature",
      "properties": {
        "P27_001": "30208",
        "P27_002": "3",
        "P27_003": "99999",
        "P27_004": "03104",
        "P27_005": "打田若もの広場",
        "P27_006": "花野604",
        "P27_007": 3,
        "P27_008": -99,
        "P27_009": 1969
      },
      "geometry": {
        "type": "Point",
        "coordinates": [
          135.356968,
          34.256407
        ]
      }
    },
    {
      "type": "Feature",
      "properties": {
        "P27_001": "30208",
        "P27_002": "3",
        "P27_003": "99999",
        "P27_004": "03102",
        "P27_005": "打田若もの広場",
        "P27_006": "花野604",
        "P27_007": 3,
        "P27_008": -99,
        "P27_009": 1969
      },
      "geometry": {
        "type": "Point",
        "coordinates": [
          135.35698,
          34.256319
        ]
      }
    },
    {
      "type": "Feature",
      "properties": {
        "P27_001": "30208",
        "P27_002": "3",
        "P27_003": "99999",
        "P27_004": "03101",
        "P27_005": "打田若もの広場",
        "P27_006": "花野604",
        "P27_007": 3,
        "P27_008": -99,
        "P27_009": 1969
      },
      "geometry": {
        "type": "Point",
        "coordinates": [
          135.35698,
          34.25623
        ]
      }
    },
    {
      "type": "Feature",
      "properties": {
        "P27_001": "30208",
        "P27_002": "3",
        "P27_003": "99999",
        "P27_004": "03102",
        "P27_005": "那賀スポーツレクリエーションセンター",
        "P27_006": "桃山町調月12",
        "P27_007": 4,
        "P27_008": -99,
        "P27_009": 1991
      },
      "geometry": {
        "type": "Point",
        "coordinates": [
          135.331846,
          34.242689
        ]
      }
    },
    {
      "type": "Feature",
      "properties": {
        "P27_001": "30208",
        "P27_002": "3",
        "P27_003": "99999",
        "P27_004": "03104",
        "P27_005": "那賀スポーツレクリエーションセンター",
        "P27_006": "桃山町調月12",
        "P27_007": 4,
        "P27_008": -99,
        "P27_009": 1991
      },
      "geometry": {
        "type": "Point",
        "coordinates": [
          135.331843,
          34.242647
        ]
      }
    },
    {
      "type": "Feature",
      "properties": {
        "P27_001": "30208",
        "P27_002": "3",
        "P27_003": "99999",
        "P27_004": "03105",
        "P27_005": "那賀スポーツレクリエーションセンター",
        "P27_006": "桃山町調月12",
        "P27_007": 4,
        "P27_008": -99,
        "P27_009": 1991
      },
      "geometry": {
        "type": "Point",
        "coordinates": [
          135.330655,
          34.242922
        ]
      }
    },
    {
      "type": "Feature",
      "properties": {
        "P27_001": "30208",
        "P27_002": "3",
        "P27_003": "99999",
        "P27_004": "03107",
        "P27_005": "那賀スポーツレクリエーションセンター",
        "P27_006": "桃山町調月12",
        "P27_007": 4,
        "P27_008": -99,
        "P27_009": 1991
      },
      "geometry": {
        "type": "Point",
        "coordinates": [
          135.330863,
          34.242834
        ]
      }
    },
    {
      "type": "Feature",
      "properties": {
        "P27_001": "30208",
        "P27_002": "3",
        "P27_003": "99999",
        "P27_004": "03142",
        "P27_005": "那賀スポーツレクリエーションセンター",
        "P27_006": "桃山町調月12",
        "P27_007": 4,
        "P27_008": -99,
        "P27_009": 1991
      },
      "geometry": {
        "type": "Point",
        "coordinates": [
          135.331288,
          34.24276
        ]
      }
    },
    {
      "type": "Feature",
      "properties": {
        "P27_001": "30208",
        "P27_002": "3",
        "P27_003": "99999",
        "P27_004": "03104",
        "P27_005": "奥安楽川広場",
        "P27_006": "桃山町善田362",
        "P27_007": 3,
        "P27_008": -99,
        "P27_009": 1988
      },
      "geometry": {
        "type": "Point",
        "coordinates": [
          135.396471,
          34.220153
        ]
      }
    },
    {
      "type": "Feature",
      "properties": {
        "P27_001": "30208",
        "P27_002": "3",
        "P27_003": "99999",
        "P27_004": "03102",
        "P27_005": "奥安楽川広場",
        "P27_006": "桃山町善田362",
        "P27_007": 3,
        "P27_008": -99,
        "P27_009": 1988
      },
      "geometry": {
        "type": "Point",
        "coordinates": [
          135.396468,
          34.220111
        ]
      }
    },
    {
      "type": "Feature",
      "properties": {
        "P27_001": "30208",
        "P27_002": "3",
        "P27_003": "99999",
        "P27_004": "03104",
        "P27_005": "愛宕池公園",
        "P27_006": "北湧1068",
        "P27_007": 3,
        "P27_008": -99,
        "P27_009": 2008
      },
      "geometry": {
        "type": "Point",
        "coordinates": [
          135.455172,
          34.268624
        ]
      }
    },
    {
      "type": "Feature",
      "properties": {
        "P27_001": "30208",
        "P27_002": "3",
        "P27_003": "99999",
        "P27_004": "03115",
        "P27_005": "愛宕池公園",
        "P27_006": "北湧1068",
        "P27_007": 3,
        "P27_008": -99,
        "P27_009": 2008
      },
      "geometry": {
        "type": "Point",
        "coordinates": [
          135.454429,
          34.268712
        ]
      }
    },
    {
      "type": "Feature",
      "properties": {
        "P27_001": "30208",
        "P27_002": "3",
        "P27_003": "99999",
        "P27_004": "03138",
        "P27_005": "愛宕池公園",
        "P27_006": "北湧1068",
        "P27_007": 3,
        "P27_008": -99,
        "P27_009": 2008
      },
      "geometry": {
        "type": "Point",
        "coordinates": [
          135.454447,
          34.268967
        ]
      }
    },
    {
      "type": "Feature",
      "properties": {
        "P27_001": "30208",
        "P27_002": "3",
        "P27_003": "99999",
        "P27_004": "03102",
        "P27_005": "愛宕池公園",
        "P27_006": "北湧1068",
        "P27_007": 3,
        "P27_008": -99,
        "P27_009": 2008
      },
      "geometry": {
        "type": "Point",
        "coordinates": [
          135.455172,
          34.26854
        ]
      }
    },
    {
      "type": "Feature",
      "properties": {
        "P27_001": "30208",
        "P27_002": "3",
        "P27_003": "99999",
        "P27_004": "03105",
        "P27_005": "那賀Ｂ＆Ｇ海洋センター（上屋付きプール）",
        "P27_006": "名手市場405",
        "P27_007": 3,
        "P27_008": -99,
        "P27_009": 1996
      },
      "geometry": {
        "type": "Point",
        "coordinates": [
          135.440155,
          34.272249
        ]
      }
    },
    {
      "type": "Feature",
      "properties": {
        "P27_001": "30208",
        "P27_002": "3",
        "P27_003": "99999",
        "P27_004": "03106",
        "P27_005": "打田プール",
        "P27_006": "花野604",
        "P27_007": 3,
        "P27_008": -99,
        "P27_009": 1980
      },
      "geometry": {
        "type": "Point",
        "coordinates": [
          135.355305,
          34.256795
        ]
      }
    },
    {
      "type": "Feature",
      "properties": {
        "P27_001": "30208",
        "P27_002": "3",
        "P27_003": "99999",
        "P27_004": "03106",
        "P27_005": "粉河プール",
        "P27_006": "粉河750",
        "P27_007": 3,
        "P27_008": -99,
        "P27_009": 1976
      },
      "geometry": {
        "type": "Point",
        "coordinates": [
          135.403648,
          34.266923
        ]
      }
    },
    {
      "type": "Feature",
      "properties": {
        "P27_001": "30208",
        "P27_002": "3",
        "P27_003": "99999",
        "P27_004": "03109",
        "P27_005": "那賀体育館",
        "P27_006": "名手西野114-1",
        "P27_007": 3,
        "P27_008": -99,
        "P27_009": 1997
      },
      "geometry": {
        "type": "Point",
        "coordinates": [
          135.440283,
          34.271332
        ]
      }
    },
    {
      "type": "Feature",
      "properties": {
        "P27_001": "30208",
        "P27_002": "3",
        "P27_003": "99999",
        "P27_004": "03112",
        "P27_005": "那賀体育館",
        "P27_006": "名手西野114-1",
        "P27_007": 3,
        "P27_008": -99,
        "P27_009": 1997
      },
      "geometry": {
        "type": "Point",
        "coordinates": [
          135.44028,
          34.271295
        ]
      }
    },
    {
      "type": "Feature",
      "properties": {
        "P27_001": "30208",
        "P27_002": "3",
        "P27_003": "99999",
        "P27_004": "03129",
        "P27_005": "那賀体育館",
        "P27_006": "名手西野114-1",
        "P27_007": 3,
        "P27_008": -99,
        "P27_009": 1997
      },
      "geometry": {
        "type": "Point",
        "coordinates": [
          135.440283,
          34.271376
        ]
      }
    },
    {
      "type": "Feature",
      "properties": {
        "P27_001": "30208",
        "P27_002": "3",
        "P27_003": "99999",
        "P27_004": "03109",
        "P27_005": "貴志川体育館",
        "P27_006": "貴志川町長原447-1",
        "P27_007": 3,
        "P27_008": -99,
        "P27_009": 1973
      },
      "geometry": {
        "type": "Point",
        "coordinates": [
          135.307606,
          34.21748
        ]
      }
    },
    {
      "type": "Feature",
      "properties": {
        "P27_001": "30208",
        "P27_002": "3",
        "P27_003": "99999",
        "P27_004": "03109",
        "P27_005": "打田体育館",
        "P27_006": "花野604",
        "P27_007": 3,
        "P27_008": -99,
        "P27_009": 1970
      },
      "geometry": {
        "type": "Point",
        "coordinates": [
          135.355358,
          34.256417
        ]
      }
    },
    {
      "type": "Feature",
      "properties": {
        "P27_001": "30208",
        "P27_002": "3",
        "P27_003": "99999",
        "P27_004": "03109",
        "P27_005": "桃山勤労者体育センター",
        "P27_006": "桃山町調月349-1",
        "P27_007": 3,
        "P27_008": -99,
        "P27_009": 1985
      },
      "geometry": {
        "type": "Point",
        "coordinates": [
          135.334799,
          34.231528
        ]
      }
    },
    {
      "type": "Feature",
      "properties": {
        "P27_001": "30208",
        "P27_002": "3",
        "P27_003": "99999",
        "P27_004": "03109",
        "P27_005": "粉河体育館",
        "P27_006": "粉河446-2",
        "P27_007": 3,
        "P27_008": -99,
        "P27_009": 1963
      },
      "geometry": {
        "type": "Point",
        "coordinates": [
          135.408717,
          34.270178
        ]
      }
    },
    {
      "type": "Feature",
      "properties": {
        "P27_001": "30208",
        "P27_002": "3",
        "P27_003": "99999",
        "P27_004": "03112",
        "P27_005": "粉河武道館",
        "P27_006": "粉河459",
        "P27_007": 3,
        "P27_008": -99,
        "P27_009": 1975
      },
      "geometry": {
        "type": "Point",
        "coordinates": [
          135.409062,
          34.270212
        ]
      }
    },
    {
      "type": "Feature",
      "properties": {
        "P27_001": "30208",
        "P27_002": "3",
        "P27_003": "99999",
        "P27_004": "03113",
        "P27_005": "粉河武道館",
        "P27_006": "粉河459",
        "P27_007": 3,
        "P27_008": -99,
        "P27_009": 1975
      },
      "geometry": {
        "type": "Point",
        "coordinates": [
          135.409053,
          34.270256
        ]
      }
    },
    {
      "type": "Feature",
      "properties": {
        "P27_001": "30208",
        "P27_002": "3",
        "P27_003": "99999",
        "P27_004": "03115",
        "P27_005": "打田スポーツ公園",
        "P27_006": "上野354-83",
        "P27_007": 3,
        "P27_008": -99,
        "P27_009": 2002
      },
      "geometry": {
        "type": "Point",
        "coordinates": [
          135.363051,
          34.254334
        ]
      }
    },
    {
      "type": "Feature",
      "properties": {
        "P27_001": "30208",
        "P27_002": "3",
        "P27_003": "99999",
        "P27_004": "03138",
        "P27_005": "打田スポーツ公園",
        "P27_006": "上野354-83",
        "P27_007": 3,
        "P27_008": -99,
        "P27_009": 2002
      },
      "geometry": {
        "type": "Point",
        "coordinates": [
          135.361477,
          34.254894
        ]
      }
    },
    {
      "type": "Feature",
      "properties": {
        "P27_001": "30208",
        "P27_002": "3",
        "P27_003": "99999",
        "P27_004": "03129",
        "P27_005": "貴志川トレーニングプラザ",
        "P27_006": "貴志川町長原447-1",
        "P27_007": 3,
        "P27_008": -99,
        "P27_009": 2003
      },
      "geometry": {
        "type": "Point",
        "coordinates": [
          135.307169,
          34.21746
        ]
      }
    },
    {
      "type": "Feature",
      "properties": {
        "P27_001": "30208",
        "P27_002": "3",
        "P27_003": "99999",
        "P27_004": "03138",
        "P27_005": "河南ゲートボール場",
        "P27_006": "杉原風市地先（河川敷）",
        "P27_007": 3,
        "P27_008": -99,
        "P27_009": 1987
      },
      "geometry": {
        "type": "Point",
        "coordinates": [
          135.406816,
          34.261952
        ]
      }
    },
    {
      "type": "Feature",
      "properties": {
        "P27_001": "30208",
        "P27_002": "3",
        "P27_003": "99999",
        "P27_004": "03144",
        "P27_005": "粉河河南緑地公園",
        "P27_006": "荒見杉原風市先（河川敷）",
        "P27_007": 3,
        "P27_008": -99,
        "P27_009": 1978
      },
      "geometry": {
        "type": "Point",
        "coordinates": [
          135.396066,
          34.258493
        ]
      }
    },
    {
      "type": "Feature",
      "properties": {
        "P27_001": "30427",
        "P27_002": "3",
        "P27_003": "99999",
        "P27_004": "03104",
        "P27_005": "おくとろ公園",
        "P27_006": "下尾井",
        "P27_007": 0,
        "P27_008": -99,
        "P27_009": 1992
      },
      "geometry": {
        "type": "Point",
        "coordinates": [
          135.948345,
          33.93857
        ]
      }
    },
    {
      "type": "Feature",
      "properties": {
        "P27_001": "30427",
        "P27_002": "3",
        "P27_003": "99999",
        "P27_004": "03115",
        "P27_005": "おくとろ公園",
        "P27_006": "下尾井",
        "P27_007": 0,
        "P27_008": -99,
        "P27_009": 1992
      },
      "geometry": {
        "type": "Point",
        "coordinates": [
          135.949462,
          33.938274
        ]
      }
    },
    {
      "type": "Feature",
      "properties": {
        "P27_001": "30427",
        "P27_002": "3",
        "P27_003": "99999",
        "P27_004": "03142",
        "P27_005": "おくとろ公園",
        "P27_006": "下尾井",
        "P27_007": 0,
        "P27_008": -99,
        "P27_009": 1992
      },
      "geometry": {
        "type": "Point",
        "coordinates": [
          135.949836,
          33.937855
        ]
      }
    },
    {
      "type": "Feature",
      "properties": {
        "P27_001": "30427",
        "P27_002": "3",
        "P27_003": "99999",
        "P27_004": "03102",
        "P27_005": "おくとろ公園",
        "P27_006": "下尾井",
        "P27_007": 0,
        "P27_008": -99,
        "P27_009": 1992
      },
      "geometry": {
        "type": "Point",
        "coordinates": [
          135.948351,
          33.938649
        ]
      }
    },
    {
      "type": "Feature",
      "properties": {
        "P27_001": "30427",
        "P27_002": "3",
        "P27_003": "99999",
        "P27_004": "03106",
        "P27_005": "下尾井プール",
        "P27_006": "下尾井",
        "P27_007": 3,
        "P27_008": -99,
        "P27_009": 1996
      },
      "geometry": {
        "type": "Point",
        "coordinates": [
          135.948089,
          33.939595
        ]
      }
    },
    {
      "type": "Feature",
      "properties": {
        "P27_001": "30427",
        "P27_002": "3",
        "P27_003": "99999",
        "P27_004": "03106",
        "P27_005": "大沼プール",
        "P27_006": "大沼",
        "P27_007": 3,
        "P27_008": -99,
        "P27_009": 1965
      },
      "geometry": {
        "type": "Point",
        "coordinates": [
          135.964,
          33.930608
        ]
      }
    },
    {
      "type": "Feature",
      "properties": {
        "P27_001": "30427",
        "P27_002": "3",
        "P27_003": "99999",
        "P27_004": "03129",
        "P27_005": "下尾井フィットネスプラザ",
        "P27_006": "下尾井",
        "P27_007": 3,
        "P27_008": -99,
        "P27_009": 9999
      },
      "geometry": {
        "type": "Point",
        "coordinates": [
          135.948062,
          33.939482
        ]
      }
    },
    {
      "type": "Feature",
      "properties": {
        "P27_001": "30344",
        "P27_002": "3",
        "P27_003": "99999",
        "P27_004": "03102",
        "P27_005": "総合レクリエーションセンター",
        "P27_006": "高野山26-2",
        "P27_007": 3,
        "P27_008": -99,
        "P27_009": 1977
      },
      "geometry": {
        "type": "Point",
        "coordinates": [
          135.59135,
          34.223046
        ]
      }
    },
    {
      "type": "Feature",
      "properties": {
        "P27_001": "30344",
        "P27_002": "3",
        "P27_003": "99999",
        "P27_004": "03115",
        "P27_005": "総合レクリエーションセンター",
        "P27_006": "高野山26-2",
        "P27_007": 3,
        "P27_008": -99,
        "P27_009": 1977
      },
      "geometry": {
        "type": "Point",
        "coordinates": [
          135.590489,
          34.222289
        ]
      }
    },
    {
      "type": "Feature",
      "properties": {
        "P27_001": "30344",
        "P27_002": "3",
        "P27_003": "99999",
        "P27_004": "03102",
        "P27_005": "高野山森林公園スポーツ広場",
        "P27_006": "高野山地内",
        "P27_007": 3,
        "P27_008": -99,
        "P27_009": 1993
      },
      "geometry": {
        "type": "Point",
        "coordinates": [
          135.594036,
          34.220126
        ]
      }
    },
    {
      "type": "Feature",
      "properties": {
        "P27_001": "30344",
        "P27_002": "3",
        "P27_003": "99999",
        "P27_004": "03109",
        "P27_005": "高野町民体育館",
        "P27_006": "高野山486",
        "P27_007": 3,
        "P27_008": -99,
        "P27_009": 1982
      },
      "geometry": {
        "type": "Point",
        "coordinates": [
          135.593696,
          34.21062
        ]
      }
    },
    {
      "type": "Feature",
      "properties": {
        "P27_001": "30344",
        "P27_002": "3",
        "P27_003": "99999",
        "P27_004": "03120",
        "P27_005": "高野町民体育館",
        "P27_006": "高野山486",
        "P27_007": 3,
        "P27_008": -99,
        "P27_009": 1982
      },
      "geometry": {
        "type": "Point",
        "coordinates": [
          135.593708,
          34.210552
        ]
      }
    },
    {
      "type": "Feature",
      "properties": {
        "P27_001": "30344",
        "P27_002": "3",
        "P27_003": "99999",
        "P27_004": "03138",
        "P27_005": "高野町ゲートボール場",
        "P27_006": "高野山144-24",
        "P27_007": 3,
        "P27_008": -99,
        "P27_009": 1992
      },
      "geometry": {
        "type": "Point",
        "coordinates": [
          135.593355,
          34.220186
        ]
      }
    },
    {
      "type": "Feature",
      "properties": {
        "P27_001": "30424",
        "P27_002": "3",
        "P27_003": "99999",
        "P27_004": "03102",
        "P27_005": "若者広場球技場",
        "P27_006": "高瀬249-1",
        "P27_007": 3,
        "P27_008": -99,
        "P27_009": 1974
      },
      "geometry": {
        "type": "Point",
        "coordinates": [
          135.778601,
          33.536223
        ]
      }
    },
    {
      "type": "Feature",
      "properties": {
        "P27_001": "30424",
        "P27_002": "3",
        "P27_003": "99999",
        "P27_004": "03109",
        "P27_005": "町民体育館",
        "P27_006": "高池770",
        "P27_007": 3,
        "P27_008": -99,
        "P27_009": 1976
      },
      "geometry": {
        "type": "Point",
        "coordinates": [
          135.816541,
          33.534217
        ]
      }
    },
    {
      "type": "Feature",
      "properties": {
        "P27_001": "30424",
        "P27_002": "3",
        "P27_003": "99999",
        "P27_004": "03120",
        "P27_005": "町民体育館",
        "P27_006": "高池770",
        "P27_007": 3,
        "P27_008": -99,
        "P27_009": 1976
      },
      "geometry": {
        "type": "Point",
        "coordinates": [
          135.816544,
          33.534108
        ]
      }
    },
    {
      "type": "Feature",
      "properties": {
        "P27_001": "30424",
        "P27_002": "3",
        "P27_003": "99999",
        "P27_004": "03111",
        "P27_005": "町民体育館",
        "P27_006": "高池770",
        "P27_007": 3,
        "P27_008": -99,
        "P27_009": 1976
      },
      "geometry": {
        "type": "Point",
        "coordinates": [
          135.816538,
          33.534261
        ]
      }
    },
    {
      "type": "Feature",
      "properties": {
        "P27_001": "30424",
        "P27_002": "3",
        "P27_003": "99999",
        "P27_004": "03116",
        "P27_005": "町民体育館",
        "P27_006": "高池770",
        "P27_007": 3,
        "P27_008": -99,
        "P27_009": 1976
      },
      "geometry": {
        "type": "Point",
        "coordinates": [
          135.816544,
          33.534162
        ]
      }
    },
    {
      "type": "Feature",
      "properties": {
        "P27_001": "30424",
        "P27_002": "3",
        "P27_003": "99999",
        "P27_004": "03115",
        "P27_005": "高瀬テニスコート",
        "P27_006": "高瀬249-1",
        "P27_007": 3,
        "P27_008": -99,
        "P27_009": 1994
      },
      "geometry": {
        "type": "Point",
        "coordinates": [
          135.779379,
          33.53625
        ]
      }
    },
    {
      "type": "Feature",
      "properties": {
        "P27_001": "30343",
        "P27_002": "3",
        "P27_003": "99999",
        "P27_004": "03102",
        "P27_005": "安田島公園多目的広場",
        "P27_006": "九度山字外新開地内",
        "P27_007": 3,
        "P27_008": -99,
        "P27_009": 1989
      },
      "geometry": {
        "type": "Point",
        "coordinates": [
          135.570999,
          34.297634
        ]
      }
    },
    {
      "type": "Feature",
      "properties": {
        "P27_001": "30343",
        "P27_002": "3",
        "P27_003": "99999",
        "P27_004": "03104",
        "P27_005": "安田島公園多目的広場",
        "P27_006": "九度山字外新開地内",
        "P27_007": 3,
        "P27_008": -99,
        "P27_009": 1989
      },
      "geometry": {
        "type": "Point",
        "coordinates": [
          135.571005,
          34.297546
        ]
      }
    },
    {
      "type": "Feature",
      "properties": {
        "P27_001": "30343",
        "P27_002": "3",
        "P27_003": "99999",
        "P27_004": "03102",
        "P27_005": "九度山町若者広場",
        "P27_006": "大字中古沢1-1",
        "P27_007": 3,
        "P27_008": -99,
        "P27_009": 1979
      },
      "geometry": {
        "type": "Point",
        "coordinates": [
          135.548766,
          34.267391
        ]
      }
    },
    {
      "type": "Feature",
      "properties": {
        "P27_001": "30343",
        "P27_002": "3",
        "P27_003": "99999",
        "P27_004": "03106",
        "P27_005": "九度山町民プール",
        "P27_006": "大字入郷633-4",
        "P27_007": 3,
        "P27_008": -99,
        "P27_009": 1977
      },
      "geometry": {
        "type": "Point",
        "coordinates": [
          135.552955,
          34.294799
        ]
      }
    },
    {
      "type": "Feature",
      "properties": {
        "P27_001": "30343",
        "P27_002": "3",
        "P27_003": "99999",
        "P27_004": "03109",
        "P27_005": "九度山文化スポーツセンター",
        "P27_006": "大字入郷637-6",
        "P27_007": 3,
        "P27_008": -99,
        "P27_009": 2012
      },
      "geometry": {
        "type": "Point",
        "coordinates": [
          135.554068,
          34.294308
        ]
      }
    },
    {
      "type": "Feature",
      "properties": {
        "P27_001": "30343",
        "P27_002": "3",
        "P27_003": "99999",
        "P27_004": "03116",
        "P27_005": "九度山文化スポーツセンター",
        "P27_006": "大字入郷637-6",
        "P27_007": 3,
        "P27_008": -99,
        "P27_009": 2012
      },
      "geometry": {
        "type": "Point",
        "coordinates": [
          135.554068,
          34.294377
        ]
      }
    },
    {
      "type": "Feature",
      "properties": {
        "P27_001": "30343",
        "P27_002": "3",
        "P27_003": "99999",
        "P27_004": "03112",
        "P27_005": "九度山町民武道館",
        "P27_006": "大字入郷637-5",
        "P27_007": 3,
        "P27_008": -99,
        "P27_009": 1985
      },
      "geometry": {
        "type": "Point",
        "coordinates": [
          135.553068,
          34.294591
        ]
      }
    },
    {
      "type": "Feature",
      "properties": {
        "P27_001": "30343",
        "P27_002": "3",
        "P27_003": "99999",
        "P27_004": "03111",
        "P27_005": "九度山町民武道館",
        "P27_006": "大字入郷637-5",
        "P27_007": 3,
        "P27_008": -99,
        "P27_009": 1985
      },
      "geometry": {
        "type": "Point",
        "coordinates": [
          135.553068,
          34.294518
        ]
      }
    },
    {
      "type": "Feature",
      "properties": {
        "P27_001": "30343",
        "P27_002": "3",
        "P27_003": "99999",
        "P27_004": "03113",
        "P27_005": "九度山町民武道館",
        "P27_006": "大字入郷637-5",
        "P27_007": 3,
        "P27_008": -99,
        "P27_009": 1985
      },
      "geometry": {
        "type": "Point",
        "coordinates": [
          135.553068,
          34.294557
        ]
      }
    },
    {
      "type": "Feature",
      "properties": {
        "P27_001": "30343",
        "P27_002": "3",
        "P27_003": "99999",
        "P27_004": "03115",
        "P27_005": "九度山町民テニスコート",
        "P27_006": "大字入郷633-5",
        "P27_007": 3,
        "P27_008": -99,
        "P27_009": 1985
      },
      "geometry": {
        "type": "Point",
        "coordinates": [
          135.553431,
          34.294722
        ]
      }
    },
    {
      "type": "Feature",
      "properties": {
        "P27_001": "30343",
        "P27_002": "3",
        "P27_003": "99999",
        "P27_004": "03138",
        "P27_005": "広良ゲートボール場",
        "P27_006": "大字九度山802",
        "P27_007": 3,
        "P27_008": -99,
        "P27_009": 1981
      },
      "geometry": {
        "type": "Point",
        "coordinates": [
          135.567183,
          34.283308
        ]
      }
    },
    {
      "type": "Feature",
      "properties": {
        "P27_001": "30343",
        "P27_002": "3",
        "P27_003": "99999",
        "P27_004": "03138",
        "P27_005": "旭ゲートボール場",
        "P27_006": "大字入郷1179",
        "P27_007": 3,
        "P27_008": -99,
        "P27_009": 1982
      },
      "geometry": {
        "type": "Point",
        "coordinates": [
          135.552308,
          34.295443
        ]
      }
    },
    {
      "type": "Feature",
      "properties": {
        "P27_001": "30343",
        "P27_002": "3",
        "P27_003": "99999",
        "P27_004": "03138",
        "P27_005": "下古沢ゲートボール場",
        "P27_006": "大字下古沢120-3",
        "P27_007": 3,
        "P27_008": -99,
        "P27_009": 1987
      },
      "geometry": {
        "type": "Point",
        "coordinates": [
          135.557348,
          34.270861
        ]
      }
    },
    {
      "type": "Feature",
      "properties": {
        "P27_001": "30428",
        "P27_002": "3",
        "P27_003": "99999",
        "P27_004": "03102",
        "P27_005": "サンナンタンランド串本町総合運動公園",
        "P27_006": "サンゴ台1105",
        "P27_007": 3,
        "P27_008": -99,
        "P27_009": 1992
      },
      "geometry": {
        "type": "Point",
        "coordinates": [
          135.784182,
          33.481412
        ]
      }
    },
    {
      "type": "Feature",
      "properties": {
        "P27_001": "30428",
        "P27_002": "3",
        "P27_003": "99999",
        "P27_004": "03104",
        "P27_005": "サンナンタンランド串本町総合運動公園",
        "P27_006": "サンゴ台1105",
        "P27_007": 3,
        "P27_008": -99,
        "P27_009": 1992
      },
      "geometry": {
        "type": "Point",
        "coordinates": [
          135.784497,
          33.482855
        ]
      }
    },
    {
      "type": "Feature",
      "properties": {
        "P27_001": "30428",
        "P27_002": "3",
        "P27_003": "99999",
        "P27_004": "03101",
        "P27_005": "サンナンタンランド串本町総合運動公園",
        "P27_006": "サンゴ台1105",
        "P27_007": 3,
        "P27_008": -99,
        "P27_009": 1992
      },
      "geometry": {
        "type": "Point",
        "coordinates": [
          135.784503,
          33.482944
        ]
      }
    },
    {
      "type": "Feature",
      "properties": {
        "P27_001": "30428",
        "P27_002": "3",
        "P27_003": "99999",
        "P27_004": "03103",
        "P27_005": "サンナンタンランド串本町総合運動公園",
        "P27_006": "サンゴ台1105",
        "P27_007": 3,
        "P27_008": -99,
        "P27_009": 1992
      },
      "geometry": {
        "type": "Point",
        "coordinates": [
          135.784503,
          33.482765
        ]
      }
    },
    {
      "type": "Feature",
      "properties": {
        "P27_001": "30428",
        "P27_002": "3",
        "P27_003": "99999",
        "P27_004": "03115",
        "P27_005": "サンナンタンランド串本町総合運動公園",
        "P27_006": "サンゴ台1105",
        "P27_007": 3,
        "P27_008": -99,
        "P27_009": 1992
      },
      "geometry": {
        "type": "Point",
        "coordinates": [
          135.782928,
          33.481105
        ]
      }
    },
    {
      "type": "Feature",
      "properties": {
        "P27_001": "30428",
        "P27_002": "3",
        "P27_003": "99999",
        "P27_004": "03104",
        "P27_005": "串本町民グラウンド",
        "P27_006": "出雲584",
        "P27_007": 3,
        "P27_008": -99,
        "P27_009": 1981
      },
      "geometry": {
        "type": "Point",
        "coordinates": [
          135.780952,
          33.45548
        ]
      }
    },
    {
      "type": "Feature",
      "properties": {
        "P27_001": "30428",
        "P27_002": "3",
        "P27_003": "99999",
        "P27_004": "03102",
        "P27_005": "串本町民グラウンド",
        "P27_006": "出雲584",
        "P27_007": 3,
        "P27_008": -99,
        "P27_009": 1981
      },
      "geometry": {
        "type": "Point",
        "coordinates": [
          135.780952,
          33.455638
        ]
      }
    },
    {
      "type": "Feature",
      "properties": {
        "P27_001": "30428",
        "P27_002": "3",
        "P27_003": "99999",
        "P27_004": "03101",
        "P27_005": "串本町民グラウンド",
        "P27_006": "出雲584",
        "P27_007": 3,
        "P27_008": -99,
        "P27_009": 1981
      },
      "geometry": {
        "type": "Point",
        "coordinates": [
          135.780952,
          33.455559
        ]
      }
    },
    {
      "type": "Feature",
      "properties": {
        "P27_001": "30428",
        "P27_002": "3",
        "P27_003": "99999",
        "P27_004": "03105",
        "P27_005": "Ｂ＆Ｇ財団串本海洋センター",
        "P27_006": "サンゴ台1060-42",
        "P27_007": 3,
        "P27_008": 1,
        "P27_009": 1997
      },
      "geometry": {
        "type": "Point",
        "coordinates": [
          135.783012,
          33.481997
        ]
      }
    },
    {
      "type": "Feature",
      "properties": {
        "P27_001": "30428",
        "P27_002": "3",
        "P27_003": "99999",
        "P27_004": "03129",
        "P27_005": "Ｂ＆Ｇ財団串本海洋センター",
        "P27_006": "サンゴ台1060-42",
        "P27_007": 3,
        "P27_008": 1,
        "P27_009": 1997
      },
      "geometry": {
        "type": "Point",
        "coordinates": [
          135.783012,
          33.481957
        ]
      }
    },
    {
      "type": "Feature",
      "properties": {
        "P27_001": "30428",
        "P27_002": "3",
        "P27_003": "99999",
        "P27_004": "03132",
        "P27_005": "Ｂ＆Ｇ財団串本海洋センター",
        "P27_006": "サンゴ台1060-42",
        "P27_007": 3,
        "P27_008": 1,
        "P27_009": 1997
      },
      "geometry": {
        "type": "Point",
        "coordinates": [
          135.783012,
          33.482039
        ]
      }
    },
    {
      "type": "Feature",
      "properties": {
        "P27_001": "30428",
        "P27_002": "3",
        "P27_003": "99999",
        "P27_004": "03109",
        "P27_005": "体育館",
        "P27_006": "串本2427",
        "P27_007": 3,
        "P27_008": -99,
        "P27_009": 1979
      },
      "geometry": {
        "type": "Point",
        "coordinates": [
          135.783757,
          33.472168
        ]
      }
    },
    {
      "type": "Feature",
      "properties": {
        "P27_001": "30428",
        "P27_002": "3",
        "P27_003": "99999",
        "P27_004": "03111",
        "P27_005": "体育館",
        "P27_006": "串本2427",
        "P27_007": 3,
        "P27_008": -99,
        "P27_009": 1979
      },
      "geometry": {
        "type": "Point",
        "coordinates": [
          135.783757,
          33.472124
        ]
      }
    },
    {
      "type": "Feature",
      "properties": {
        "P27_001": "30428",
        "P27_002": "3",
        "P27_003": "99999",
        "P27_004": "03120",
        "P27_005": "体育館",
        "P27_006": "串本2427",
        "P27_007": 3,
        "P27_008": -99,
        "P27_009": 1979
      },
      "geometry": {
        "type": "Point",
        "coordinates": [
          135.783757,
          33.472074
        ]
      }
    },
    {
      "type": "Feature",
      "properties": {
        "P27_001": "30428",
        "P27_002": "3",
        "P27_003": "99999",
        "P27_004": "03116",
        "P27_005": "体育館",
        "P27_006": "串本2427",
        "P27_007": 3,
        "P27_008": -99,
        "P27_009": 1979
      },
      "geometry": {
        "type": "Point",
        "coordinates": [
          135.783757,
          33.472029
        ]
      }
    },
    {
      "type": "Feature",
      "properties": {
        "P27_001": "30428",
        "P27_002": "3",
        "P27_003": "99999",
        "P27_004": "03112",
        "P27_005": "串本町武道館",
        "P27_006": "串本2564",
        "P27_007": 3,
        "P27_008": -99,
        "P27_009": 1987
      },
      "geometry": {
        "type": "Point",
        "coordinates": [
          135.784873,
          33.474215
        ]
      }
    },
    {
      "type": "Feature",
      "properties": {
        "P27_001": "30428",
        "P27_002": "3",
        "P27_003": "99999",
        "P27_004": "03113",
        "P27_005": "串本町武道館",
        "P27_006": "串本2564",
        "P27_007": 3,
        "P27_008": -99,
        "P27_009": 1987
      },
      "geometry": {
        "type": "Point",
        "coordinates": [
          135.784873,
          33.474252
        ]
      }
    },
    {
      "type": "Feature",
      "properties": {
        "P27_001": "30428",
        "P27_002": "3",
        "P27_003": "99999",
        "P27_004": "03115",
        "P27_005": "町営テニスコート",
        "P27_006": "串本2564",
        "P27_007": 3,
        "P27_008": -99,
        "P27_009": 1992
      },
      "geometry": {
        "type": "Point",
        "coordinates": [
          135.784814,
          33.474577
        ]
      }
    },
    {
      "type": "Feature",
      "properties": {
        "P27_001": "30428",
        "P27_002": "3",
        "P27_003": "99999",
        "P27_004": "03138",
        "P27_005": "サンゴ台ゲートボール場",
        "P27_006": "サンゴ台",
        "P27_007": 3,
        "P27_008": -99,
        "P27_009": 1998
      },
      "geometry": {
        "type": "Point",
        "coordinates": [
          135.783552,
          33.479519
        ]
      }
    },
    {
      "type": "Feature",
      "properties": {
        "P27_001": "30381",
        "P27_002": "3",
        "P27_003": "99999",
        "P27_004": "03102",
        "P27_005": "第２若もの広場",
        "P27_006": "三尾9",
        "P27_007": 3,
        "P27_008": -99,
        "P27_009": 1981
      },
      "geometry": {
        "type": "Point",
        "coordinates": [
          135.106001,
          33.893146
        ]
      }
    },
    {
      "type": "Feature",
      "properties": {
        "P27_001": "30381",
        "P27_002": "3",
        "P27_003": "99999",
        "P27_004": "03104",
        "P27_005": "第１若もの広場",
        "P27_006": "田井523",
        "P27_007": 3,
        "P27_008": -99,
        "P27_009": 1968
      },
      "geometry": {
        "type": "Point",
        "coordinates": [
          135.147768,
          33.883178
        ]
      }
    },
    {
      "type": "Feature",
      "properties": {
        "P27_001": "30381",
        "P27_002": "3",
        "P27_003": "99999",
        "P27_004": "03102",
        "P27_005": "第１若もの広場",
        "P27_006": "田井523",
        "P27_007": 3,
        "P27_008": -99,
        "P27_009": 1968
      },
      "geometry": {
        "type": "Point",
        "coordinates": [
          135.147774,
          33.883109
        ]
      }
    },
    {
      "type": "Feature",
      "properties": {
        "P27_001": "30381",
        "P27_002": "3",
        "P27_003": "99999",
        "P27_004": "03109",
        "P27_005": "美浜町体育センター",
        "P27_006": "吉原958",
        "P27_007": 3,
        "P27_008": -99,
        "P27_009": 1983
      },
      "geometry": {
        "type": "Point",
        "coordinates": [
          135.138264,
          33.890157
        ]
      }
    },
    {
      "type": "Feature",
      "properties": {
        "P27_001": "30381",
        "P27_002": "3",
        "P27_003": "99999",
        "P27_004": "03115",
        "P27_005": "吉原公園",
        "P27_006": "吉原958",
        "P27_007": 3,
        "P27_008": -99,
        "P27_009": 1997
      },
      "geometry": {
        "type": "Point",
        "coordinates": [
          135.141247,
          33.89067
        ]
      }
    },
    {
      "type": "Feature",
      "properties": {
        "P27_001": "30381",
        "P27_002": "3",
        "P27_003": "99999",
        "P27_004": "03138",
        "P27_005": "吉原公園",
        "P27_006": "吉原958",
        "P27_007": 3,
        "P27_008": -99,
        "P27_009": 1997
      },
      "geometry": {
        "type": "Point",
        "coordinates": [
          135.142179,
          33.890216
        ]
      }
    },
    {
      "type": "Feature",
      "properties": {
        "P27_001": "30391",
        "P27_002": "3",
        "P27_003": "99999",
        "P27_004": "03102",
        "P27_005": "千里ヶ丘球場",
        "P27_006": "山内1570-3",
        "P27_007": 3,
        "P27_008": -99,
        "P27_009": 1981
      },
      "geometry": {
        "type": "Point",
        "coordinates": [
          135.287531,
          33.775353
        ]
      }
    },
    {
      "type": "Feature",
      "properties": {
        "P27_001": "30391",
        "P27_002": "3",
        "P27_003": "99999",
        "P27_004": "03102",
        "P27_005": "共和球場",
        "P27_006": "筋24",
        "P27_007": 3,
        "P27_008": -99,
        "P27_009": 1992
      },
      "geometry": {
        "type": "Point",
        "coordinates": [
          135.329901,
          33.782743
        ]
      }
    },
    {
      "type": "Feature",
      "properties": {
        "P27_001": "30391",
        "P27_002": "3",
        "P27_003": "99999",
        "P27_004": "03102",
        "P27_005": "清川球場",
        "P27_006": "清川1267",
        "P27_007": 3,
        "P27_008": -99,
        "P27_009": 1989
      },
      "geometry": {
        "type": "Point",
        "coordinates": [
          135.39539,
          33.851928
        ]
      }
    },
    {
      "type": "Feature",
      "properties": {
        "P27_001": "30391",
        "P27_002": "3",
        "P27_003": "99999",
        "P27_004": "03102",
        "P27_005": "晩稲グラウンド",
        "P27_006": "晩稲426-1",
        "P27_007": 3,
        "P27_008": -99,
        "P27_009": 1978
      },
      "geometry": {
        "type": "Point",
        "coordinates": [
          135.338667,
          33.786059
        ]
      }
    },
    {
      "type": "Feature",
      "properties": {
        "P27_001": "30391",
        "P27_002": "3",
        "P27_003": "99999",
        "P27_004": "03104",
        "P27_005": "千里ヶ丘球場サブグラウンド",
        "P27_006": "山内1570-3",
        "P27_007": 3,
        "P27_008": -99,
        "P27_009": 1989
      },
      "geometry": {
        "type": "Point",
        "coordinates": [
          135.288036,
          33.774177
        ]
      }
    },
    {
      "type": "Feature",
      "properties": {
        "P27_001": "30391",
        "P27_002": "3",
        "P27_003": "99999",
        "P27_004": "03138",
        "P27_005": "千里ヶ丘球場サブグラウンド",
        "P27_006": "山内1570-3",
        "P27_007": 3,
        "P27_008": -99,
        "P27_009": 1989
      },
      "geometry": {
        "type": "Point",
        "coordinates": [
          135.28803,
          33.774281
        ]
      }
    },
    {
      "type": "Feature",
      "properties": {
        "P27_001": "30391",
        "P27_002": "3",
        "P27_003": "99999",
        "P27_004": "03102",
        "P27_005": "千里ヶ丘球場サブグラウンド",
        "P27_006": "山内1570-3",
        "P27_007": 3,
        "P27_008": -99,
        "P27_009": 1989
      },
      "geometry": {
        "type": "Point",
        "coordinates": [
          135.288042,
          33.774078
        ]
      }
    },
    {
      "type": "Feature",
      "properties": {
        "P27_001": "30391",
        "P27_002": "3",
        "P27_003": "99999",
        "P27_004": "03104",
        "P27_005": "町民広場",
        "P27_006": "気佐藤160",
        "P27_007": 3,
        "P27_008": -99,
        "P27_009": 1980
      },
      "geometry": {
        "type": "Point",
        "coordinates": [
          135.31859,
          33.776592
        ]
      }
    },
    {
      "type": "Feature",
      "properties": {
        "P27_001": "30391",
        "P27_002": "3",
        "P27_003": "99999",
        "P27_004": "03102",
        "P27_005": "町民広場",
        "P27_006": "気佐藤160",
        "P27_007": 3,
        "P27_008": -99,
        "P27_009": 1980
      },
      "geometry": {
        "type": "Point",
        "coordinates": [
          135.318584,
          33.776523
        ]
      }
    },
    {
      "type": "Feature",
      "properties": {
        "P27_001": "30391",
        "P27_002": "3",
        "P27_003": "99999",
        "P27_004": "03138",
        "P27_005": "町民広場",
        "P27_006": "気佐藤160",
        "P27_007": 3,
        "P27_008": -99,
        "P27_009": 1980
      },
      "geometry": {
        "type": "Point",
        "coordinates": [
          135.31859,
          33.776449
        ]
      }
    },
    {
      "type": "Feature",
      "properties": {
        "P27_001": "30391",
        "P27_002": "3",
        "P27_003": "99999",
        "P27_004": "03101",
        "P27_005": "町民広場",
        "P27_006": "気佐藤160",
        "P27_007": 3,
        "P27_008": -99,
        "P27_009": 1980
      },
      "geometry": {
        "type": "Point",
        "coordinates": [
          135.31859,
          33.776375
        ]
      }
    },
    {
      "type": "Feature",
      "properties": {
        "P27_001": "30391",
        "P27_002": "3",
        "P27_003": "99999",
        "P27_004": "03104",
        "P27_005": "名ノ内運動広場",
        "P27_006": "清川3940",
        "P27_007": 3,
        "P27_008": -99,
        "P27_009": 1980
      },
      "geometry": {
        "type": "Point",
        "coordinates": [
          135.425231,
          33.849049
        ]
      }
    },
    {
      "type": "Feature",
      "properties": {
        "P27_001": "30391",
        "P27_002": "3",
        "P27_003": "99999",
        "P27_004": "03102",
        "P27_005": "名ノ内運動広場",
        "P27_006": "清川3940",
        "P27_007": 3,
        "P27_008": -99,
        "P27_009": 1980
      },
      "geometry": {
        "type": "Point",
        "coordinates": [
          135.425237,
          33.84898
        ]
      }
    },
    {
      "type": "Feature",
      "properties": {
        "P27_001": "30391",
        "P27_002": "3",
        "P27_003": "99999",
        "P27_004": "03104",
        "P27_005": "熊岡運動広場",
        "P27_006": "南道297",
        "P27_007": 3,
        "P27_008": -99,
        "P27_009": 1986
      },
      "geometry": {
        "type": "Point",
        "coordinates": [
          135.337981,
          33.776153
        ]
      }
    },
    {
      "type": "Feature",
      "properties": {
        "P27_001": "30391",
        "P27_002": "3",
        "P27_003": "99999",
        "P27_004": "03138",
        "P27_005": "熊岡運動広場",
        "P27_006": "南道297",
        "P27_007": 3,
        "P27_008": -99,
        "P27_009": 1986
      },
      "geometry": {
        "type": "Point",
        "coordinates": [
          135.338112,
          33.776429
        ]
      }
    },
    {
      "type": "Feature",
      "properties": {
        "P27_001": "30391",
        "P27_002": "3",
        "P27_003": "99999",
        "P27_004": "03104",
        "P27_005": "西本庄グラウンド",
        "P27_006": "西本庄1100",
        "P27_007": 3,
        "P27_008": -99,
        "P27_009": 1978
      },
      "geometry": {
        "type": "Point",
        "coordinates": [
          135.328338,
          33.803297
        ]
      }
    },
    {
      "type": "Feature",
      "properties": {
        "P27_001": "30391",
        "P27_002": "3",
        "P27_003": "99999",
        "P27_004": "03102",
        "P27_005": "西本庄グラウンド",
        "P27_006": "西本庄1100",
        "P27_007": 3,
        "P27_008": -99,
        "P27_009": 1978
      },
      "geometry": {
        "type": "Point",
        "coordinates": [
          135.328338,
          33.80325
        ]
      }
    },
    {
      "type": "Feature",
      "properties": {
        "P27_001": "30391",
        "P27_002": "3",
        "P27_003": "99999",
        "P27_004": "03138",
        "P27_005": "西本庄グラウンド",
        "P27_006": "西本庄1100",
        "P27_007": 3,
        "P27_008": -99,
        "P27_009": 1978
      },
      "geometry": {
        "type": "Point",
        "coordinates": [
          135.328335,
          33.803346
        ]
      }
    },
    {
      "type": "Feature",
      "properties": {
        "P27_001": "30391",
        "P27_002": "3",
        "P27_003": "99999",
        "P27_004": "03104",
        "P27_005": "共和運動広場",
        "P27_006": "筋24",
        "P27_007": 3,
        "P27_008": -99,
        "P27_009": 1978
      },
      "geometry": {
        "type": "Point",
        "coordinates": [
          135.323816,
          33.787269
        ]
      }
    },
    {
      "type": "Feature",
      "properties": {
        "P27_001": "30391",
        "P27_002": "3",
        "P27_003": "99999",
        "P27_004": "03138",
        "P27_005": "共和運動広場",
        "P27_006": "筋24",
        "P27_007": 3,
        "P27_008": -99,
        "P27_009": 1978
      },
      "geometry": {
        "type": "Point",
        "coordinates": [
          135.323816,
          33.787227
        ]
      }
    },
    {
      "type": "Feature",
      "properties": {
        "P27_001": "30391",
        "P27_002": "3",
        "P27_003": "99999",
        "P27_004": "03115",
        "P27_005": "共和運動広場",
        "P27_006": "筋24",
        "P27_007": 3,
        "P27_008": -99,
        "P27_009": 1978
      },
      "geometry": {
        "type": "Point",
        "coordinates": [
          135.324381,
          33.787879
        ]
      }
    },
    {
      "type": "Feature",
      "properties": {
        "P27_001": "30391",
        "P27_002": "3",
        "P27_003": "99999",
        "P27_004": "03104",
        "P27_005": "受領運動広場",
        "P27_006": "東本庄1435",
        "P27_007": 3,
        "P27_008": -99,
        "P27_009": 1978
      },
      "geometry": {
        "type": "Point",
        "coordinates": [
          135.349498,
          33.813721
        ]
      }
    },
    {
      "type": "Feature",
      "properties": {
        "P27_001": "30391",
        "P27_002": "3",
        "P27_003": "99999",
        "P27_004": "03138",
        "P27_005": "受領運動広場",
        "P27_006": "東本庄1435",
        "P27_007": 3,
        "P27_008": -99,
        "P27_009": 1978
      },
      "geometry": {
        "type": "Point",
        "coordinates": [
          135.349495,
          33.813667
        ]
      }
    },
    {
      "type": "Feature",
      "properties": {
        "P27_001": "30391",
        "P27_002": "3",
        "P27_003": "99999",
        "P27_004": "03106",
        "P27_005": "受領プール",
        "P27_006": "東本庄1435",
        "P27_007": 3,
        "P27_008": -99,
        "P27_009": 1999
      },
      "geometry": {
        "type": "Point",
        "coordinates": [
          135.349516,
          33.81398
        ]
      }
    },
    {
      "type": "Feature",
      "properties": {
        "P27_001": "30391",
        "P27_002": "3",
        "P27_003": "99999",
        "P27_004": "03115",
        "P27_005": "町民広場",
        "P27_006": "気佐藤173-3",
        "P27_007": 3,
        "P27_008": -99,
        "P27_009": 1980
      },
      "geometry": {
        "type": "Point",
        "coordinates": [
          135.3182,
          33.774349
        ]
      }
    },
    {
      "type": "Feature",
      "properties": {
        "P27_001": "30421",
        "P27_002": "3",
        "P27_003": "99999",
        "P27_004": "03102",
        "P27_005": "天満球場",
        "P27_006": "天満1785",
        "P27_007": 3,
        "P27_008": -99,
        "P27_009": 1978
      },
      "geometry": {
        "type": "Point",
        "coordinates": [
          135.928001,
          33.639856
        ]
      }
    },
    {
      "type": "Feature",
      "properties": {
        "P27_001": "30421",
        "P27_002": "3",
        "P27_003": "99999",
        "P27_004": "03104",
        "P27_005": "木戸浦運動場",
        "P27_006": "天満1441-5",
        "P27_007": 3,
        "P27_008": -99,
        "P27_009": 1977
      },
      "geometry": {
        "type": "Point",
        "coordinates": [
          135.936627,
          33.636718
        ]
      }
    },
    {
      "type": "Feature",
      "properties": {
        "P27_001": "30421",
        "P27_002": "3",
        "P27_003": "99999",
        "P27_004": "03102",
        "P27_005": "木戸浦運動場",
        "P27_006": "天満1441-5",
        "P27_007": 3,
        "P27_008": -99,
        "P27_009": 1977
      },
      "geometry": {
        "type": "Point",
        "coordinates": [
          135.936621,
          33.636609
        ]
      }
    },
    {
      "type": "Feature",
      "properties": {
        "P27_001": "30421",
        "P27_002": "3",
        "P27_003": "99999",
        "P27_004": "03101",
        "P27_005": "木戸浦運動場",
        "P27_006": "天満1441-5",
        "P27_007": 3,
        "P27_008": -99,
        "P27_009": 1977
      },
      "geometry": {
        "type": "Point",
        "coordinates": [
          135.936621,
          33.636505
        ]
      }
    },
    {
      "type": "Feature",
      "properties": {
        "P27_001": "30421",
        "P27_002": "3",
        "P27_003": "99999",
        "P27_004": "03138",
        "P27_005": "木戸浦運動場",
        "P27_006": "天満1441-5",
        "P27_007": 3,
        "P27_008": -99,
        "P27_009": 1977
      },
      "geometry": {
        "type": "Point",
        "coordinates": [
          135.936621,
          33.636401
        ]
      }
    },
    {
      "type": "Feature",
      "properties": {
        "P27_001": "30421",
        "P27_002": "3",
        "P27_003": "99999",
        "P27_004": "03109",
        "P27_005": "那智勝浦町体育文化会館",
        "P27_006": "天満441-8",
        "P27_007": 3,
        "P27_008": -99,
        "P27_009": 1986
      },
      "geometry": {
        "type": "Point",
        "coordinates": [
          135.937683,
          33.635806
        ]
      }
    },
    {
      "type": "Feature",
      "properties": {
        "P27_001": "30421",
        "P27_002": "3",
        "P27_003": "99999",
        "P27_004": "03120",
        "P27_005": "那智勝浦町体育文化会館",
        "P27_006": "天満441-8",
        "P27_007": 3,
        "P27_008": -99,
        "P27_009": 1986
      },
      "geometry": {
        "type": "Point",
        "coordinates": [
          135.937683,
          33.635766
        ]
      }
    },
    {
      "type": "Feature",
      "properties": {
        "P27_001": "30421",
        "P27_002": "3",
        "P27_003": "99999",
        "P27_004": "03112",
        "P27_005": "那智勝浦町体育文化会館",
        "P27_006": "天満441-8",
        "P27_007": 3,
        "P27_008": -99,
        "P27_009": 1986
      },
      "geometry": {
        "type": "Point",
        "coordinates": [
          135.937683,
          33.635729
        ]
      }
    },
    {
      "type": "Feature",
      "properties": {
        "P27_001": "30421",
        "P27_002": "3",
        "P27_003": "99999",
        "P27_004": "03113",
        "P27_005": "那智勝浦町体育文化会館",
        "P27_006": "天満441-8",
        "P27_007": 3,
        "P27_008": -99,
        "P27_009": 1986
      },
      "geometry": {
        "type": "Point",
        "coordinates": [
          135.937683,
          33.635687
        ]
      }
    },
    {
      "type": "Feature",
      "properties": {
        "P27_001": "30421",
        "P27_002": "3",
        "P27_003": "99999",
        "P27_004": "03130",
        "P27_005": "那智勝浦町体育文化会館",
        "P27_006": "天満441-8",
        "P27_007": 3,
        "P27_008": -99,
        "P27_009": 1986
      },
      "geometry": {
        "type": "Point",
        "coordinates": [
          135.93768,
          33.635885
        ]
      }
    },
    {
      "type": "Feature",
      "properties": {
        "P27_001": "30421",
        "P27_002": "3",
        "P27_003": "99999",
        "P27_004": "03116",
        "P27_005": "那智勝浦町体育文化会館",
        "P27_006": "天満441-8",
        "P27_007": 3,
        "P27_008": -99,
        "P27_009": 1986
      },
      "geometry": {
        "type": "Point",
        "coordinates": [
          135.93768,
          33.63592
        ]
      }
    },
    {
      "type": "Feature",
      "properties": {
        "P27_001": "30421",
        "P27_002": "3",
        "P27_003": "99999",
        "P27_004": "03129",
        "P27_005": "那智勝浦町体育文化会館",
        "P27_006": "天満441-8",
        "P27_007": 3,
        "P27_008": -99,
        "P27_009": 1986
      },
      "geometry": {
        "type": "Point",
        "coordinates": [
          135.93768,
          33.635843
        ]
      }
    },
    {
      "type": "Feature",
      "properties": {
        "P27_001": "30421",
        "P27_002": "3",
        "P27_003": "99999",
        "P27_004": "03109",
        "P27_005": "那智勝浦町体育センター",
        "P27_006": "天満1170",
        "P27_007": 3,
        "P27_008": -99,
        "P27_009": 1977
      },
      "geometry": {
        "type": "Point",
        "coordinates": [
          135.937743,
          33.626273
        ]
      }
    },
    {
      "type": "Feature",
      "properties": {
        "P27_001": "30421",
        "P27_002": "3",
        "P27_003": "99999",
        "P27_004": "03115",
        "P27_005": "天満テニスコート",
        "P27_006": "天満1796",
        "P27_007": 3,
        "P27_008": -99,
        "P27_009": 2001
      },
      "geometry": {
        "type": "Point",
        "coordinates": [
          135.928513,
          33.638823
        ]
      }
    },
    {
      "type": "Feature",
      "properties": {
        "P27_001": "30421",
        "P27_002": "3",
        "P27_003": "99999",
        "P27_004": "03142",
        "P27_005": "円満地公園オートキャンプ場",
        "P27_006": "大野216",
        "P27_007": 3,
        "P27_008": -99,
        "P27_009": 1997
      },
      "geometry": {
        "type": "Point",
        "coordinates": [
          135.85538,
          33.663593
        ]
      }
    },
    {
      "type": "Feature",
      "properties": {
        "P27_001": "30421",
        "P27_002": "3",
        "P27_003": "99999",
        "P27_004": "03120",
        "P27_005": "教育センターホール",
        "P27_006": "天満1185-1",
        "P27_007": 3,
        "P27_008": -99,
        "P27_009": 1972
      },
      "geometry": {
        "type": "Point",
        "coordinates": [
          135.938897,
          33.626551
        ]
      }
    },
    {
      "type": "Feature",
      "properties": {
        "P27_001": "30207",
        "P27_002": "3",
        "P27_003": "99999",
        "P27_004": "03102",
        "P27_005": "くろしおスタジアム",
        "P27_006": "佐野723",
        "P27_007": 3,
        "P27_008": -99,
        "P27_009": 2003
      },
      "geometry": {
        "type": "Point",
        "coordinates": [
          135.966419,
          33.6739
        ]
      }
    },
    {
      "type": "Feature",
      "properties": {
        "P27_001": "30207",
        "P27_002": "3",
        "P27_003": "99999",
        "P27_004": "03103",
        "P27_005": "市民運動競技場やたがらすサッカー場",
        "P27_006": "佐野1501",
        "P27_007": 3,
        "P27_008": -99,
        "P27_009": 2008
      },
      "geometry": {
        "type": "Point",
        "coordinates": [
          135.968496,
          33.687771
        ]
      }
    },
    {
      "type": "Feature",
      "properties": {
        "P27_001": "30207",
        "P27_002": "3",
        "P27_003": "99999",
        "P27_004": "03104",
        "P27_005": "市民運動競技場",
        "P27_006": "佐野1501",
        "P27_007": 3,
        "P27_008": -99,
        "P27_009": 1978
      },
      "geometry": {
        "type": "Point",
        "coordinates": [
          135.969631,
          33.687973
        ]
      }
    },
    {
      "type": "Feature",
      "properties": {
        "P27_001": "30207",
        "P27_002": "3",
        "P27_003": "99999",
        "P27_004": "03101",
        "P27_005": "市民運動競技場",
        "P27_006": "佐野1501",
        "P27_007": 3,
        "P27_008": -99,
        "P27_009": 1978
      },
      "geometry": {
        "type": "Point",
        "coordinates": [
          135.969637,
          33.687899
        ]
      }
    },
    {
      "type": "Feature",
      "properties": {
        "P27_001": "30207",
        "P27_002": "3",
        "P27_003": "99999",
        "P27_004": "03102",
        "P27_005": "市民運動競技場",
        "P27_006": "佐野1501",
        "P27_007": 3,
        "P27_008": -99,
        "P27_009": 1978
      },
      "geometry": {
        "type": "Point",
        "coordinates": [
          135.969619,
          33.688043
        ]
      }
    },
    {
      "type": "Feature",
      "properties": {
        "P27_001": "30207",
        "P27_002": "3",
        "P27_003": "99999",
        "P27_004": "03105",
        "P27_005": "新宮市熊野川Ｂ＆Ｇ海洋センター温水プール（屋内）（休止中）",
        "P27_006": "熊野川町日足682",
        "P27_007": 3,
        "P27_008": -99,
        "P27_009": 1995
      },
      "geometry": {
        "type": "Point",
        "coordinates": [
          135.870661,
          33.797718
        ]
      }
    },
    {
      "type": "Feature",
      "properties": {
        "P27_001": "30207",
        "P27_002": "3",
        "P27_003": "99999",
        "P27_004": "03109",
        "P27_005": "新宮市立佐野体育館",
        "P27_006": "佐野1501",
        "P27_007": 3,
        "P27_008": -99,
        "P27_009": 1979
      },
      "geometry": {
        "type": "Point",
        "coordinates": [
          135.968936,
          33.688324
        ]
      }
    },
    {
      "type": "Feature",
      "properties": {
        "P27_001": "30207",
        "P27_002": "3",
        "P27_003": "99999",
        "P27_004": "03120",
        "P27_005": "新宮市立佐野体育館",
        "P27_006": "佐野1501",
        "P27_007": 3,
        "P27_008": -99,
        "P27_009": 1979
      },
      "geometry": {
        "type": "Point",
        "coordinates": [
          135.968936,
          33.688381
        ]
      }
    },
    {
      "type": "Feature",
      "properties": {
        "P27_001": "30207",
        "P27_002": "3",
        "P27_003": "99999",
        "P27_004": "03109",
        "P27_005": "新宮市立総合体育館",
        "P27_006": "王子町3-13-23",
        "P27_007": 3,
        "P27_008": -99,
        "P27_009": 1980
      },
      "geometry": {
        "type": "Point",
        "coordinates": [
          136.00667,
          33.720356
        ]
      }
    },
    {
      "type": "Feature",
      "properties": {
        "P27_001": "30207",
        "P27_002": "3",
        "P27_003": "99999",
        "P27_004": "03120",
        "P27_005": "新宮市立総合体育館",
        "P27_006": "王子町3-13-23",
        "P27_007": 3,
        "P27_008": -99,
        "P27_009": 1980
      },
      "geometry": {
        "type": "Point",
        "coordinates": [
          136.006671,
          33.720331
        ]
      }
    },
    {
      "type": "Feature",
      "properties": {
        "P27_001": "30207",
        "P27_002": "3",
        "P27_003": "99999",
        "P27_004": "03116",
        "P27_005": "新宮市立総合体育館",
        "P27_006": "王子町3-13-23",
        "P27_007": 3,
        "P27_008": -99,
        "P27_009": 1980
      },
      "geometry": {
        "type": "Point",
        "coordinates": [
          136.00667,
          33.720302
        ]
      }
    },
    {
      "type": "Feature",
      "properties": {
        "P27_001": "30207",
        "P27_002": "3",
        "P27_003": "99999",
        "P27_004": "03129",
        "P27_005": "新宮市立総合体育館",
        "P27_006": "王子町3-13-23",
        "P27_007": 3,
        "P27_008": -99,
        "P27_009": 1980
      },
      "geometry": {
        "type": "Point",
        "coordinates": [
          136.006671,
          33.720384
        ]
      }
    },
    {
      "type": "Feature",
      "properties": {
        "P27_001": "30207",
        "P27_002": "3",
        "P27_003": "99999",
        "P27_004": "03112",
        "P27_005": "新宮市立総合体育館",
        "P27_006": "王子町3-13-23",
        "P27_007": 3,
        "P27_008": -99,
        "P27_009": 1980
      },
      "geometry": {
        "type": "Point",
        "coordinates": [
          136.006668,
          33.720408
        ]
      }
    },
    {
      "type": "Feature",
      "properties": {
        "P27_001": "30207",
        "P27_002": "3",
        "P27_003": "99999",
        "P27_004": "03113",
        "P27_005": "新宮市立総合体育館",
        "P27_006": "王子町3-13-23",
        "P27_007": 3,
        "P27_008": -99,
        "P27_009": 1980
      },
      "geometry": {
        "type": "Point",
        "coordinates": [
          136.006665,
          33.720431
        ]
      }
    },
    {
      "type": "Feature",
      "properties": {
        "P27_001": "30207",
        "P27_002": "3",
        "P27_003": "99999",
        "P27_004": "03115",
        "P27_005": "蓬莱テニス場",
        "P27_006": "丸山6230-10",
        "P27_007": 3,
        "P27_008": -99,
        "P27_009": 1999
      },
      "geometry": {
        "type": "Point",
        "coordinates": [
          135.997108,
          33.722958
        ]
      }
    },
    {
      "type": "Feature",
      "properties": {
        "P27_001": "30207",
        "P27_002": "3",
        "P27_003": "99999",
        "P27_004": "03116",
        "P27_005": "熊野川ドーム（屋内）",
        "P27_006": "熊野川町日足681",
        "P27_007": 3,
        "P27_008": -99,
        "P27_009": 1998
      },
      "geometry": {
        "type": "Point",
        "coordinates": [
          135.870867,
          33.798012
        ]
      }
    },
    {
      "type": "Feature",
      "properties": {
        "P27_001": "30207",
        "P27_002": "3",
        "P27_003": "99999",
        "P27_004": "03138",
        "P27_005": "熊野川ドーム（屋内）",
        "P27_006": "熊野川町日足681",
        "P27_007": 3,
        "P27_008": -99,
        "P27_009": 1998
      },
      "geometry": {
        "type": "Point",
        "coordinates": [
          135.870867,
          33.79797
        ]
      }
    },
    {
      "type": "Feature",
      "properties": {
        "P27_001": "30207",
        "P27_002": "3",
        "P27_003": "99999",
        "P27_004": "03149",
        "P27_005": "高田第１自然プール（休止中）",
        "P27_006": "相賀1028-3",
        "P27_007": 3,
        "P27_008": -99,
        "P27_009": 1978
      },
      "geometry": {
        "type": "Point",
        "coordinates": [
          135.935421,
          33.737199
        ]
      }
    },
    {
      "type": "Feature",
      "properties": {
        "P27_001": "30207",
        "P27_002": "3",
        "P27_003": "99999",
        "P27_004": "03149",
        "P27_005": "高田第２自然プール（休止中）",
        "P27_006": "高田1832-2",
        "P27_007": 3,
        "P27_008": -99,
        "P27_009": 1982
      },
      "geometry": {
        "type": "Point",
        "coordinates": [
          135.910099,
          33.726095
        ]
      }
    },
    {
      "type": "Feature",
      "properties": {
        "P27_001": "30401",
        "P27_002": "3",
        "P27_003": "99999",
        "P27_004": "03102",
        "P27_005": "白浜球場",
        "P27_006": "1-1",
        "P27_007": 3,
        "P27_008": -99,
        "P27_009": 1971
      },
      "geometry": {
        "type": "Point",
        "coordinates": [
          135.35615,
          33.694063
        ]
      }
    },
    {
      "type": "Feature",
      "properties": {
        "P27_001": "30401",
        "P27_002": "3",
        "P27_003": "99999",
        "P27_004": "03102",
        "P27_005": "総合運動場野球場（改修中）",
        "P27_006": "日置2039",
        "P27_007": 3,
        "P27_008": -99,
        "P27_009": 1969
      },
      "geometry": {
        "type": "Point",
        "coordinates": [
          135.432695,
          33.571245
        ]
      }
    },
    {
      "type": "Feature",
      "properties": {
        "P27_001": "30401",
        "P27_002": "3",
        "P27_003": "99999",
        "P27_004": "03104",
        "P27_005": "若もの広場",
        "P27_006": "栄50",
        "P27_007": 3,
        "P27_008": -99,
        "P27_009": 1977
      },
      "geometry": {
        "type": "Point",
        "coordinates": [
          135.395441,
          33.657734
        ]
      }
    },
    {
      "type": "Feature",
      "properties": {
        "P27_001": "30401",
        "P27_002": "3",
        "P27_003": "99999",
        "P27_004": "03102",
        "P27_005": "若もの広場",
        "P27_006": "栄50",
        "P27_007": 3,
        "P27_008": -99,
        "P27_009": 1977
      },
      "geometry": {
        "type": "Point",
        "coordinates": [
          135.395435,
          33.657803
        ]
      }
    },
    {
      "type": "Feature",
      "properties": {
        "P27_001": "30401",
        "P27_002": "3",
        "P27_003": "99999",
        "P27_004": "03104",
        "P27_005": "しらとりスポーツ広場",
        "P27_006": "十九渕154-1",
        "P27_007": 3,
        "P27_008": -99,
        "P27_009": 1976
      },
      "geometry": {
        "type": "Point",
        "coordinates": [
          135.398673,
          33.661358
        ]
      }
    },
    {
      "type": "Feature",
      "properties": {
        "P27_001": "30401",
        "P27_002": "3",
        "P27_003": "99999",
        "P27_004": "03115",
        "P27_005": "しらとりスポーツ広場",
        "P27_006": "十九渕154-1",
        "P27_007": 3,
        "P27_008": -99,
        "P27_009": 1976
      },
      "geometry": {
        "type": "Point",
        "coordinates": [
          135.398976,
          33.662812
        ]
      }
    },
    {
      "type": "Feature",
      "properties": {
        "P27_001": "30401",
        "P27_002": "3",
        "P27_003": "99999",
        "P27_004": "03109",
        "P27_005": "体育館",
        "P27_006": "十九渕237",
        "P27_007": 3,
        "P27_008": -99,
        "P27_009": 1980
      },
      "geometry": {
        "type": "Point",
        "coordinates": [
          135.400004,
          33.660932
        ]
      }
    },
    {
      "type": "Feature",
      "properties": {
        "P27_001": "30401",
        "P27_002": "3",
        "P27_003": "99999",
        "P27_004": "03116",
        "P27_005": "体育館",
        "P27_006": "十九渕237",
        "P27_007": 3,
        "P27_008": -99,
        "P27_009": 1980
      },
      "geometry": {
        "type": "Point",
        "coordinates": [
          135.400007,
          33.660974
        ]
      }
    },
    {
      "type": "Feature",
      "properties": {
        "P27_001": "30401",
        "P27_002": "3",
        "P27_003": "99999",
        "P27_004": "03109",
        "P27_005": "総合体育館",
        "P27_006": "29-3",
        "P27_007": 3,
        "P27_008": -99,
        "P27_009": 1985
      },
      "geometry": {
        "type": "Point",
        "coordinates": [
          135.354224,
          33.692549
        ]
      }
    },
    {
      "type": "Feature",
      "properties": {
        "P27_001": "30401",
        "P27_002": "3",
        "P27_003": "99999",
        "P27_004": "03116",
        "P27_005": "総合体育館",
        "P27_006": "29-3",
        "P27_007": 3,
        "P27_008": -99,
        "P27_009": 1985
      },
      "geometry": {
        "type": "Point",
        "coordinates": [
          135.354227,
          33.692517
        ]
      }
    },
    {
      "type": "Feature",
      "properties": {
        "P27_001": "30401",
        "P27_002": "3",
        "P27_003": "99999",
        "P27_004": "03120",
        "P27_005": "総合体育館",
        "P27_006": "29-3",
        "P27_007": 3,
        "P27_008": -99,
        "P27_009": 1985
      },
      "geometry": {
        "type": "Point",
        "coordinates": [
          135.35423,
          33.692478
        ]
      }
    },
    {
      "type": "Feature",
      "properties": {
        "P27_001": "30401",
        "P27_002": "3",
        "P27_003": "99999",
        "P27_004": "03112",
        "P27_005": "総合体育館",
        "P27_006": "29-3",
        "P27_007": 3,
        "P27_008": -99,
        "P27_009": 1985
      },
      "geometry": {
        "type": "Point",
        "coordinates": [
          135.354224,
          33.692586
        ]
      }
    },
    {
      "type": "Feature",
      "properties": {
        "P27_001": "30401",
        "P27_002": "3",
        "P27_003": "99999",
        "P27_004": "03113",
        "P27_005": "総合体育館",
        "P27_006": "29-3",
        "P27_007": 3,
        "P27_008": -99,
        "P27_009": 1985
      },
      "geometry": {
        "type": "Point",
        "coordinates": [
          135.354233,
          33.692438
        ]
      }
    },
    {
      "type": "Feature",
      "properties": {
        "P27_001": "30401",
        "P27_002": "3",
        "P27_003": "99999",
        "P27_004": "03129",
        "P27_005": "総合体育館",
        "P27_006": "29-3",
        "P27_007": 3,
        "P27_008": -99,
        "P27_009": 1985
      },
      "geometry": {
        "type": "Point",
        "coordinates": [
          135.354227,
          33.692624
        ]
      }
    },
    {
      "type": "Feature",
      "properties": {
        "P27_001": "30401",
        "P27_002": "3",
        "P27_003": "99999",
        "P27_004": "03112",
        "P27_005": "武道場",
        "P27_006": "1094-5",
        "P27_007": 3,
        "P27_008": -99,
        "P27_009": 1974
      },
      "geometry": {
        "type": "Point",
        "coordinates": [
          135.349232,
          33.686592
        ]
      }
    },
    {
      "type": "Feature",
      "properties": {
        "P27_001": "30401",
        "P27_002": "3",
        "P27_003": "99999",
        "P27_004": "03115",
        "P27_005": "阪田テニスコート",
        "P27_006": "1-1",
        "P27_007": 3,
        "P27_008": -99,
        "P27_009": 1979
      },
      "geometry": {
        "type": "Point",
        "coordinates": [
          135.3558,
          33.693305
        ]
      }
    },
    {
      "type": "Feature",
      "properties": {
        "P27_001": "30406",
        "P27_002": "3",
        "P27_003": "99999",
        "P27_004": "03104",
        "P27_005": "若もの広場",
        "P27_006": "周参見3827",
        "P27_007": 3,
        "P27_008": -99,
        "P27_009": 1971
      },
      "geometry": {
        "type": "Point",
        "coordinates": [
          135.500941,
          33.55318
        ]
      }
    },
    {
      "type": "Feature",
      "properties": {
        "P27_001": "30406",
        "P27_002": "3",
        "P27_003": "99999",
        "P27_004": "03102",
        "P27_005": "若もの広場",
        "P27_006": "周参見3827",
        "P27_007": 3,
        "P27_008": -99,
        "P27_009": 1971
      },
      "geometry": {
        "type": "Point",
        "coordinates": [
          135.500947,
          33.553111
        ]
      }
    },
    {
      "type": "Feature",
      "properties": {
        "P27_001": "30406",
        "P27_002": "3",
        "P27_003": "99999",
        "P27_004": "03109",
        "P27_005": "農林漁業者等健康増進施設",
        "P27_006": "周参見3305-3",
        "P27_007": 3,
        "P27_008": -99,
        "P27_009": 1990
      },
      "geometry": {
        "type": "Point",
        "coordinates": [
          135.503674,
          33.555549
        ]
      }
    },
    {
      "type": "Feature",
      "properties": {
        "P27_001": "30406",
        "P27_002": "3",
        "P27_003": "99999",
        "P27_004": "03138",
        "P27_005": "町民ゲートボール場",
        "P27_006": "周参見3307",
        "P27_007": 3,
        "P27_008": -99,
        "P27_009": 1991
      },
      "geometry": {
        "type": "Point",
        "coordinates": [
          135.50404,
          33.55609
        ]
      }
    },
    {
      "type": "Feature",
      "properties": {
        "P27_001": "30422",
        "P27_002": "3",
        "P27_003": "99999",
        "P27_004": "03102",
        "P27_005": "町民グラウンド",
        "P27_006": "平見",
        "P27_007": 3,
        "P27_008": -99,
        "P27_009": 1976
      },
      "geometry": {
        "type": "Point",
        "coordinates": [
          135.951944,
          33.581816
        ]
      }
    },
    {
      "type": "Feature",
      "properties": {
        "P27_001": "30422",
        "P27_002": "3",
        "P27_003": "99999",
        "P27_004": "03102",
        "P27_005": "旧グリーンピア南紀",
        "P27_006": "森浦",
        "P27_007": 3,
        "P27_008": -99,
        "P27_009": 1986
      },
      "geometry": {
        "type": "Point",
        "coordinates": [
          135.925512,
          33.59564
        ]
      }
    },
    {
      "type": "Feature",
      "properties": {
        "P27_001": "30422",
        "P27_002": "3",
        "P27_003": "99999",
        "P27_004": "03115",
        "P27_005": "旧グリーンピア南紀",
        "P27_006": "森浦",
        "P27_007": 3,
        "P27_008": -99,
        "P27_009": 1986
      },
      "geometry": {
        "type": "Point",
        "coordinates": [
          135.922969,
          33.598412
        ]
      }
    },
    {
      "type": "Feature",
      "properties": {
        "P27_001": "30206",
        "P27_002": "3",
        "P27_003": "99999",
        "P27_004": "03104",
        "P27_005": "多目的運動施設",
        "P27_006": "龍神村柳瀬1469-1",
        "P27_007": 3,
        "P27_008": -99,
        "P27_009": 1996
      },
      "geometry": {
        "type": "Point",
        "coordinates": [
          135.470604,
          33.884153
        ]
      }
    },
    {
      "type": "Feature",
      "properties": {
        "P27_001": "30206",
        "P27_002": "3",
        "P27_003": "99999",
        "P27_004": "03138",
        "P27_005": "多目的運動施設",
        "P27_006": "龍神村柳瀬1469-1",
        "P27_007": 3,
        "P27_008": -99,
        "P27_009": 1996
      },
      "geometry": {
        "type": "Point",
        "coordinates": [
          135.47061,
          33.884074
        ]
      }
    },
    {
      "type": "Feature",
      "properties": {
        "P27_001": "30206",
        "P27_002": "3",
        "P27_003": "99999",
        "P27_004": "03116",
        "P27_005": "多目的運動施設",
        "P27_006": "龍神村柳瀬1469-1",
        "P27_007": 3,
        "P27_008": -99,
        "P27_009": 1996
      },
      "geometry": {
        "type": "Point",
        "coordinates": [
          135.47061,
          33.884005
        ]
      }
    },
    {
      "type": "Feature",
      "properties": {
        "P27_001": "30206",
        "P27_002": "3",
        "P27_003": "99999",
        "P27_004": "03104",
        "P27_005": "神島台運動場",
        "P27_006": "神島台9-29",
        "P27_007": 3,
        "P27_008": -99,
        "P27_009": 1983
      },
      "geometry": {
        "type": "Point",
        "coordinates": [
          135.404172,
          33.703856
        ]
      }
    },
    {
      "type": "Feature",
      "properties": {
        "P27_001": "30206",
        "P27_002": "3",
        "P27_003": "99999",
        "P27_004": "03104",
        "P27_005": "若もの広場",
        "P27_006": "上秋津2255-5",
        "P27_007": 3,
        "P27_008": -99,
        "P27_009": 2005
      },
      "geometry": {
        "type": "Point",
        "coordinates": [
          135.410228,
          33.750929
        ]
      }
    },
    {
      "type": "Feature",
      "properties": {
        "P27_001": "30206",
        "P27_002": "3",
        "P27_003": "99999",
        "P27_004": "03102",
        "P27_005": "若もの広場",
        "P27_006": "上秋津2255-5",
        "P27_007": 3,
        "P27_008": -99,
        "P27_009": 2005
      },
      "geometry": {
        "type": "Point",
        "coordinates": [
          135.410228,
          33.751008
        ]
      }
    },
    {
      "type": "Feature",
      "properties": {
        "P27_001": "30206",
        "P27_002": "3",
        "P27_003": "99999",
        "P27_004": "03104",
        "P27_005": "龍神広場",
        "P27_006": "龍神村安井65-1",
        "P27_007": 3,
        "P27_008": -99,
        "P27_009": 1984
      },
      "geometry": {
        "type": "Point",
        "coordinates": [
          135.475235,
          33.892318
        ]
      }
    },
    {
      "type": "Feature",
      "properties": {
        "P27_001": "30206",
        "P27_002": "3",
        "P27_003": "99999",
        "P27_004": "03102",
        "P27_005": "龍神広場",
        "P27_006": "龍神村安井65-1",
        "P27_007": 3,
        "P27_008": -99,
        "P27_009": 1984
      },
      "geometry": {
        "type": "Point",
        "coordinates": [
          135.475235,
          33.892244
        ]
      }
    },
    {
      "type": "Feature",
      "properties": {
        "P27_001": "30206",
        "P27_002": "3",
        "P27_003": "99999",
        "P27_004": "03138",
        "P27_005": "龍神広場",
        "P27_006": "龍神村安井65-1",
        "P27_007": 3,
        "P27_008": -99,
        "P27_009": 1984
      },
      "geometry": {
        "type": "Point",
        "coordinates": [
          135.47524,
          33.89217
        ]
      }
    },
    {
      "type": "Feature",
      "properties": {
        "P27_001": "30206",
        "P27_002": "3",
        "P27_003": "99999",
        "P27_004": "03104",
        "P27_005": "グリーングラウンド",
        "P27_006": "龍神村柳瀬1469-1",
        "P27_007": 3,
        "P27_008": -99,
        "P27_009": 1997
      },
      "geometry": {
        "type": "Point",
        "coordinates": [
          135.47178,
          33.884197
        ]
      }
    },
    {
      "type": "Feature",
      "properties": {
        "P27_001": "30206",
        "P27_002": "3",
        "P27_003": "99999",
        "P27_004": "03102",
        "P27_005": "グリーングラウンド",
        "P27_006": "龍神村柳瀬1469-1",
        "P27_007": 3,
        "P27_008": -99,
        "P27_009": 1997
      },
      "geometry": {
        "type": "Point",
        "coordinates": [
          135.47178,
          33.884118
        ]
      }
    },
    {
      "type": "Feature",
      "properties": {
        "P27_001": "30206",
        "P27_002": "3",
        "P27_003": "99999",
        "P27_004": "03138",
        "P27_005": "グリーングラウンド",
        "P27_006": "龍神村柳瀬1469-1",
        "P27_007": 3,
        "P27_008": -99,
        "P27_009": 1997
      },
      "geometry": {
        "type": "Point",
        "coordinates": [
          135.47178,
          33.884035
        ]
      }
    },
    {
      "type": "Feature",
      "properties": {
        "P27_001": "30206",
        "P27_002": "3",
        "P27_003": "99999",
        "P27_004": "03104",
        "P27_005": "中辺路多目的グラウンド",
        "P27_006": "中辺路町栗栖川469-68",
        "P27_007": 3,
        "P27_008": -99,
        "P27_009": 2003
      },
      "geometry": {
        "type": "Point",
        "coordinates": [
          135.514097,
          33.797875
        ]
      }
    },
    {
      "type": "Feature",
      "properties": {
        "P27_001": "30206",
        "P27_002": "3",
        "P27_003": "99999",
        "P27_004": "03102",
        "P27_005": "中辺路多目的グラウンド",
        "P27_006": "中辺路町栗栖川469-68",
        "P27_007": 3,
        "P27_008": -99,
        "P27_009": 2003
      },
      "geometry": {
        "type": "Point",
        "coordinates": [
          135.514091,
          33.797796
        ]
      }
    },
    {
      "type": "Feature",
      "properties": {
        "P27_001": "30206",
        "P27_002": "3",
        "P27_003": "99999",
        "P27_004": "03104",
        "P27_005": "中辺路若もの広場",
        "P27_006": "中辺路町栗栖川307-2",
        "P27_007": 3,
        "P27_008": -99,
        "P27_009": 1969
      },
      "geometry": {
        "type": "Point",
        "coordinates": [
          135.515735,
          33.792167
        ]
      }
    },
    {
      "type": "Feature",
      "properties": {
        "P27_001": "30206",
        "P27_002": "3",
        "P27_003": "99999",
        "P27_004": "03102",
        "P27_005": "中辺路若もの広場",
        "P27_006": "中辺路町栗栖川307-2",
        "P27_007": 3,
        "P27_008": -99,
        "P27_009": 1969
      },
      "geometry": {
        "type": "Point",
        "coordinates": [
          135.515735,
          33.79213
        ]
      }
    },
    {
      "type": "Feature",
      "properties": {
        "P27_001": "30206",
        "P27_002": "3",
        "P27_003": "99999",
        "P27_004": "03104",
        "P27_005": "鮎川若もの広場",
        "P27_006": "鮎川1469-10",
        "P27_007": 3,
        "P27_008": -99,
        "P27_009": 1974
      },
      "geometry": {
        "type": "Point",
        "coordinates": [
          135.490933,
          33.730996
        ]
      }
    },
    {
      "type": "Feature",
      "properties": {
        "P27_001": "30206",
        "P27_002": "3",
        "P27_003": "99999",
        "P27_004": "03102",
        "P27_005": "鮎川若もの広場",
        "P27_006": "鮎川1469-10",
        "P27_007": 3,
        "P27_008": -99,
        "P27_009": 1974
      },
      "geometry": {
        "type": "Point",
        "coordinates": [
          135.490933,
          33.730922
        ]
      }
    },
    {
      "type": "Feature",
      "properties": {
        "P27_001": "30206",
        "P27_002": "3",
        "P27_003": "99999",
        "P27_004": "03104",
        "P27_005": "本宮若もの広場",
        "P27_006": "本宮町渡瀬750",
        "P27_007": 3,
        "P27_008": -99,
        "P27_009": 1969
      },
      "geometry": {
        "type": "Point",
        "coordinates": [
          135.760906,
          33.821357
        ]
      }
    },
    {
      "type": "Feature",
      "properties": {
        "P27_001": "30206",
        "P27_002": "3",
        "P27_003": "99999",
        "P27_004": "03102",
        "P27_005": "本宮若もの広場",
        "P27_006": "本宮町渡瀬750",
        "P27_007": 3,
        "P27_008": -99,
        "P27_009": 1969
      },
      "geometry": {
        "type": "Point",
        "coordinates": [
          135.760918,
          33.821288
        ]
      }
    },
    {
      "type": "Feature",
      "properties": {
        "P27_001": "30206",
        "P27_002": "3",
        "P27_003": "99999",
        "P27_004": "03104",
        "P27_005": "天神運動場",
        "P27_006": "天神崎27-8",
        "P27_007": 3,
        "P27_008": -99,
        "P27_009": 1983
      },
      "geometry": {
        "type": "Point",
        "coordinates": [
          135.358171,
          33.733649
        ]
      }
    },
    {
      "type": "Feature",
      "properties": {
        "P27_001": "30206",
        "P27_002": "3",
        "P27_003": "99999",
        "P27_004": "03102",
        "P27_005": "天神運動場",
        "P27_006": "天神崎27-8",
        "P27_007": 3,
        "P27_008": -99,
        "P27_009": 1983
      },
      "geometry": {
        "type": "Point",
        "coordinates": [
          135.358171,
          33.73356
        ]
      }
    },
    {
      "type": "Feature",
      "properties": {
        "P27_001": "30206",
        "P27_002": "3",
        "P27_003": "99999",
        "P27_004": "03104",
        "P27_005": "安井運動場",
        "P27_006": "龍神村安井822",
        "P27_007": 3,
        "P27_008": -99,
        "P27_009": 1970
      },
      "geometry": {
        "type": "Point",
        "coordinates": [
          135.475287,
          33.885454
        ]
      }
    },
    {
      "type": "Feature",
      "properties": {
        "P27_001": "30206",
        "P27_002": "3",
        "P27_003": "99999",
        "P27_004": "03102",
        "P27_005": "安井運動場",
        "P27_006": "龍神村安井822",
        "P27_007": 3,
        "P27_008": -99,
        "P27_009": 1970
      },
      "geometry": {
        "type": "Point",
        "coordinates": [
          135.475287,
          33.885491
        ]
      }
    },
    {
      "type": "Feature",
      "properties": {
        "P27_001": "30206",
        "P27_002": "3",
        "P27_003": "99999",
        "P27_004": "03138",
        "P27_005": "安井運動場",
        "P27_006": "龍神村安井822",
        "P27_007": 3,
        "P27_008": -99,
        "P27_009": 1970
      },
      "geometry": {
        "type": "Point",
        "coordinates": [
          135.47529,
          33.885412
        ]
      }
    },
    {
      "type": "Feature",
      "properties": {
        "P27_001": "30206",
        "P27_002": "3",
        "P27_003": "99999",
        "P27_004": "03104",
        "P27_005": "富里運動場",
        "P27_006": "下川下816-1",
        "P27_007": 3,
        "P27_008": -99,
        "P27_009": 1980
      },
      "geometry": {
        "type": "Point",
        "coordinates": [
          135.590007,
          33.748102
        ]
      }
    },
    {
      "type": "Feature",
      "properties": {
        "P27_001": "30206",
        "P27_002": "3",
        "P27_003": "99999",
        "P27_004": "03102",
        "P27_005": "富里運動場",
        "P27_006": "下川下816-1",
        "P27_007": 3,
        "P27_008": -99,
        "P27_009": 1980
      },
      "geometry": {
        "type": "Point",
        "coordinates": [
          135.590007,
          33.748023
        ]
      }
    },
    {
      "type": "Feature",
      "properties": {
        "P27_001": "30206",
        "P27_002": "3",
        "P27_003": "99999",
        "P27_004": "03138",
        "P27_005": "富里運動場",
        "P27_006": "下川下816-1",
        "P27_007": 3,
        "P27_008": -99,
        "P27_009": 1980
      },
      "geometry": {
        "type": "Point",
        "coordinates": [
          135.589995,
          33.748171
        ]
      }
    },
    {
      "type": "Feature",
      "properties": {
        "P27_001": "30206",
        "P27_002": "3",
        "P27_003": "99999",
        "P27_004": "03104",
        "P27_005": "三川広場",
        "P27_006": "谷野口23",
        "P27_007": 3,
        "P27_008": -99,
        "P27_009": 1980
      },
      "geometry": {
        "type": "Point",
        "coordinates": [
          135.576535,
          33.672937
        ]
      }
    },
    {
      "type": "Feature",
      "properties": {
        "P27_001": "30206",
        "P27_002": "3",
        "P27_003": "99999",
        "P27_004": "03102",
        "P27_005": "三川広場",
        "P27_006": "谷野口23",
        "P27_007": 3,
        "P27_008": -99,
        "P27_009": 1980
      },
      "geometry": {
        "type": "Point",
        "coordinates": [
          135.576535,
          33.673006
        ]
      }
    },
    {
      "type": "Feature",
      "properties": {
        "P27_001": "30206",
        "P27_002": "3",
        "P27_003": "99999",
        "P27_004": "03104",
        "P27_005": "文里多目的グラウンド",
        "P27_006": "文里2-38-1",
        "P27_007": 3,
        "P27_008": -99,
        "P27_009": 2012
      },
      "geometry": {
        "type": "Point",
        "coordinates": [
          135.387348,
          33.715528
        ]
      }
    },
    {
      "type": "Feature",
      "properties": {
        "P27_001": "30206",
        "P27_002": "3",
        "P27_003": "99999",
        "P27_004": "03102",
        "P27_005": "文里多目的グラウンド",
        "P27_006": "文里2-38-1",
        "P27_007": 3,
        "P27_008": -99,
        "P27_009": 2012
      },
      "geometry": {
        "type": "Point",
        "coordinates": [
          135.387342,
          33.715444
        ]
      }
    },
    {
      "type": "Feature",
      "properties": {
        "P27_001": "30206",
        "P27_002": "3",
        "P27_003": "99999",
        "P27_004": "03104",
        "P27_005": "文里芝グラウンド",
        "P27_006": "文里2-38-2",
        "P27_007": 3,
        "P27_008": -99,
        "P27_009": 2012
      },
      "geometry": {
        "type": "Point",
        "coordinates": [
          135.387021,
          33.716705
        ]
      }
    },
    {
      "type": "Feature",
      "properties": {
        "P27_001": "30206",
        "P27_002": "3",
        "P27_003": "99999",
        "P27_004": "03138",
        "P27_005": "文里芝グラウンド",
        "P27_006": "文里2-38-2",
        "P27_007": 3,
        "P27_008": -99,
        "P27_009": 2012
      },
      "geometry": {
        "type": "Point",
        "coordinates": [
          135.387027,
          33.71662
        ]
      }
    },
    {
      "type": "Feature",
      "properties": {
        "P27_001": "30206",
        "P27_002": "3",
        "P27_003": "99999",
        "P27_004": "03106",
        "P27_005": "湯ノ又プール",
        "P27_006": "龍神村湯ノ又56-1",
        "P27_007": 3,
        "P27_008": -99,
        "P27_009": 1995
      },
      "geometry": {
        "type": "Point",
        "coordinates": [
          135.554528,
          33.935245
        ]
      }
    },
    {
      "type": "Feature",
      "properties": {
        "P27_001": "30206",
        "P27_002": "3",
        "P27_003": "99999",
        "P27_004": "03129",
        "P27_005": "湯ノ又プール",
        "P27_006": "龍神村湯ノ又56-1",
        "P27_007": 3,
        "P27_008": -99,
        "P27_009": 1995
      },
      "geometry": {
        "type": "Point",
        "coordinates": [
          135.554528,
          33.93521
        ]
      }
    },
    {
      "type": "Feature",
      "properties": {
        "P27_001": "30206",
        "P27_002": "3",
        "P27_003": "99999",
        "P27_004": "03132",
        "P27_005": "湯ノ又プール",
        "P27_006": "龍神村湯ノ又56-1",
        "P27_007": 3,
        "P27_008": -99,
        "P27_009": 1995
      },
      "geometry": {
        "type": "Point",
        "coordinates": [
          135.554528,
          33.935173
        ]
      }
    },
    {
      "type": "Feature",
      "properties": {
        "P27_001": "30206",
        "P27_002": "3",
        "P27_003": "99999",
        "P27_004": "03106",
        "P27_005": "安井プール",
        "P27_006": "龍神村安井822",
        "P27_007": 3,
        "P27_008": -99,
        "P27_009": 1994
      },
      "geometry": {
        "type": "Point",
        "coordinates": [
          135.475623,
          33.885992
        ]
      }
    },
    {
      "type": "Feature",
      "properties": {
        "P27_001": "30206",
        "P27_002": "3",
        "P27_003": "99999",
        "P27_004": "03106",
        "P27_005": "福井プール",
        "P27_006": "龍神村福井987",
        "P27_007": 3,
        "P27_008": -99,
        "P27_009": 1994
      },
      "geometry": {
        "type": "Point",
        "coordinates": [
          135.444034,
          33.883118
        ]
      }
    },
    {
      "type": "Feature",
      "properties": {
        "P27_001": "30206",
        "P27_002": "3",
        "P27_003": "99999",
        "P27_004": "03106",
        "P27_005": "近野プール",
        "P27_006": "中辺路町近露149",
        "P27_007": 3,
        "P27_008": -99,
        "P27_009": 1981
      },
      "geometry": {
        "type": "Point",
        "coordinates": [
          135.61305,
          33.818952
        ]
      }
    },
    {
      "type": "Feature",
      "properties": {
        "P27_001": "30206",
        "P27_002": "3",
        "P27_003": "99999",
        "P27_004": "03106",
        "P27_005": "本宮プール",
        "P27_006": "本宮町本宮66-2",
        "P27_007": 3,
        "P27_008": -99,
        "P27_009": 2002
      },
      "geometry": {
        "type": "Point",
        "coordinates": [
          135.775973,
          33.837945
        ]
      }
    },
    {
      "type": "Feature",
      "properties": {
        "P27_001": "30206",
        "P27_002": "3",
        "P27_003": "99999",
        "P27_004": "03107",
        "P27_005": "もりいこいの広場プール",
        "P27_006": "文里2-32-56",
        "P27_007": 3,
        "P27_008": -99,
        "P27_009": 1979
      },
      "geometry": {
        "type": "Point",
        "coordinates": [
          135.386237,
          33.719806
        ]
      }
    },
    {
      "type": "Feature",
      "properties": {
        "P27_001": "30206",
        "P27_002": "3",
        "P27_003": "99999",
        "P27_004": "03109",
        "P27_005": "体育センター",
        "P27_006": "芳養町108-4",
        "P27_007": 3,
        "P27_008": -99,
        "P27_009": 1985
      },
      "geometry": {
        "type": "Point",
        "coordinates": [
          135.338141,
          33.751239
        ]
      }
    },
    {
      "type": "Feature",
      "properties": {
        "P27_001": "30206",
        "P27_002": "3",
        "P27_003": "99999",
        "P27_004": "03120",
        "P27_005": "体育センター",
        "P27_006": "芳養町108-4",
        "P27_007": 3,
        "P27_008": -99,
        "P27_009": 1985
      },
      "geometry": {
        "type": "Point",
        "coordinates": [
          135.338141,
          33.751192
        ]
      }
    },
    {
      "type": "Feature",
      "properties": {
        "P27_001": "30206",
        "P27_002": "3",
        "P27_003": "99999",
        "P27_004": "03109",
        "P27_005": "林業者等健康増進センター",
        "P27_006": "龍神村安井822",
        "P27_007": 3,
        "P27_008": -99,
        "P27_009": 1987
      },
      "geometry": {
        "type": "Point",
        "coordinates": [
          135.475064,
          33.885938
        ]
      }
    },
    {
      "type": "Feature",
      "properties": {
        "P27_001": "30206",
        "P27_002": "3",
        "P27_003": "99999",
        "P27_004": "03116",
        "P27_005": "林業者等健康増進センター",
        "P27_006": "龍神村安井822",
        "P27_007": 3,
        "P27_008": -99,
        "P27_009": 1987
      },
      "geometry": {
        "type": "Point",
        "coordinates": [
          135.475067,
          33.885887
        ]
      }
    },
    {
      "type": "Feature",
      "properties": {
        "P27_001": "30206",
        "P27_002": "3",
        "P27_003": "99999",
        "P27_004": "03120",
        "P27_005": "林業者等健康増進センター",
        "P27_006": "龍神村安井822",
        "P27_007": 3,
        "P27_008": -99,
        "P27_009": 1987
      },
      "geometry": {
        "type": "Point",
        "coordinates": [
          135.475064,
          33.885914
        ]
      }
    },
    {
      "type": "Feature",
      "properties": {
        "P27_001": "30206",
        "P27_002": "3",
        "P27_003": "99999",
        "P27_004": "03109",
        "P27_005": "大塔体育館",
        "P27_006": "鮎川2588-2",
        "P27_007": 3,
        "P27_008": -99,
        "P27_009": 1979
      },
      "geometry": {
        "type": "Point",
        "coordinates": [
          135.486646,
          33.727201
        ]
      }
    },
    {
      "type": "Feature",
      "properties": {
        "P27_001": "30206",
        "P27_002": "3",
        "P27_003": "99999",
        "P27_004": "03116",
        "P27_005": "大塔体育館",
        "P27_006": "鮎川2588-2",
        "P27_007": 3,
        "P27_008": -99,
        "P27_009": 1979
      },
      "geometry": {
        "type": "Point",
        "coordinates": [
          135.486649,
          33.727164
        ]
      }
    },
    {
      "type": "Feature",
      "properties": {
        "P27_001": "30206",
        "P27_002": "3",
        "P27_003": "99999",
        "P27_004": "03120",
        "P27_005": "大塔体育館",
        "P27_006": "鮎川2588-2",
        "P27_007": 3,
        "P27_008": -99,
        "P27_009": 1979
      },
      "geometry": {
        "type": "Point",
        "coordinates": [
          135.486643,
          33.727241
        ]
      }
    },
    {
      "type": "Feature",
      "properties": {
        "P27_001": "30206",
        "P27_002": "3",
        "P27_003": "99999",
        "P27_004": "03129",
        "P27_005": "大塔体育館",
        "P27_006": "鮎川2588-2",
        "P27_007": 3,
        "P27_008": -99,
        "P27_009": 1979
      },
      "geometry": {
        "type": "Point",
        "coordinates": [
          135.486646,
          33.727127
        ]
      }
    },
    {
      "type": "Feature",
      "properties": {
        "P27_001": "30206",
        "P27_002": "3",
        "P27_003": "99999",
        "P27_004": "03109",
        "P27_005": "富里体育館",
        "P27_006": "下川下816-1",
        "P27_007": 3,
        "P27_008": -99,
        "P27_009": 1982
      },
      "geometry": {
        "type": "Point",
        "coordinates": [
          135.589552,
          33.747672
        ]
      }
    },
    {
      "type": "Feature",
      "properties": {
        "P27_001": "30206",
        "P27_002": "3",
        "P27_003": "99999",
        "P27_004": "03120",
        "P27_005": "富里体育館",
        "P27_006": "下川下816-1",
        "P27_007": 3,
        "P27_008": -99,
        "P27_009": 1982
      },
      "geometry": {
        "type": "Point",
        "coordinates": [
          135.589558,
          33.74763
        ]
      }
    },
    {
      "type": "Feature",
      "properties": {
        "P27_001": "30206",
        "P27_002": "3",
        "P27_003": "99999",
        "P27_004": "03109",
        "P27_005": "本宮体育館",
        "P27_006": "本宮町本宮911-2",
        "P27_007": 3,
        "P27_008": -99,
        "P27_009": 1980
      },
      "geometry": {
        "type": "Point",
        "coordinates": [
          135.771526,
          33.838627
        ]
      }
    },
    {
      "type": "Feature",
      "properties": {
        "P27_001": "30206",
        "P27_002": "3",
        "P27_003": "99999",
        "P27_004": "03112",
        "P27_005": "田辺市立武道館",
        "P27_006": "目良44-8",
        "P27_007": 3,
        "P27_008": -99,
        "P27_009": 1971
      },
      "geometry": {
        "type": "Point",
        "coordinates": [
          135.357912,
          33.737503
        ]
      }
    },
    {
      "type": "Feature",
      "properties": {
        "P27_001": "30206",
        "P27_002": "3",
        "P27_003": "99999",
        "P27_004": "03113",
        "P27_005": "田辺市立武道館",
        "P27_006": "目良44-8",
        "P27_007": 3,
        "P27_008": -99,
        "P27_009": 1971
      },
      "geometry": {
        "type": "Point",
        "coordinates": [
          135.357915,
          33.737466
        ]
      }
    },
    {
      "type": "Feature",
      "properties": {
        "P27_001": "30206",
        "P27_002": "3",
        "P27_003": "99999",
        "P27_004": "03112",
        "P27_005": "大塔武道館",
        "P27_006": "鮎川2588-2",
        "P27_007": 3,
        "P27_008": -99,
        "P27_009": 1996
      },
      "geometry": {
        "type": "Point",
        "coordinates": [
          135.486494,
          33.72772
        ]
      }
    },
    {
      "type": "Feature",
      "properties": {
        "P27_001": "30206",
        "P27_002": "3",
        "P27_003": "99999",
        "P27_004": "03115",
        "P27_005": "わかしおテニスコート",
        "P27_006": "上屋敷2-17-13",
        "P27_007": 3,
        "P27_008": -99,
        "P27_009": 1969
      },
      "geometry": {
        "type": "Point",
        "coordinates": [
          135.375628,
          33.728245
        ]
      }
    },
    {
      "type": "Feature",
      "properties": {
        "P27_001": "30206",
        "P27_002": "3",
        "P27_003": "99999",
        "P27_004": "03115",
        "P27_005": "文里テニスコート",
        "P27_006": "文里2-32-56",
        "P27_007": 3,
        "P27_008": -99,
        "P27_009": 1979
      },
      "geometry": {
        "type": "Point",
        "coordinates": [
          135.38597,
          33.719566
        ]
      }
    },
    {
      "type": "Feature",
      "properties": {
        "P27_001": "30206",
        "P27_002": "3",
        "P27_003": "99999",
        "P27_004": "03115",
        "P27_005": "芳養テニスコート",
        "P27_006": "芳養町1635-1",
        "P27_007": 3,
        "P27_008": -99,
        "P27_009": 1983
      },
      "geometry": {
        "type": "Point",
        "coordinates": [
          135.349509,
          33.751203
        ]
      }
    },
    {
      "type": "Feature",
      "properties": {
        "P27_001": "30206",
        "P27_002": "3",
        "P27_003": "99999",
        "P27_004": "03115",
        "P27_005": "安井テニスコート",
        "P27_006": "龍神村安井822",
        "P27_007": 3,
        "P27_008": -99,
        "P27_009": 1994
      },
      "geometry": {
        "type": "Point",
        "coordinates": [
          135.475771,
          33.8856
        ]
      }
    },
    {
      "type": "Feature",
      "properties": {
        "P27_001": "30206",
        "P27_002": "3",
        "P27_003": "99999",
        "P27_004": "03115",
        "P27_005": "小原テニスコート",
        "P27_006": "中辺路町近露111-1",
        "P27_007": 3,
        "P27_008": -99,
        "P27_009": 1984
      },
      "geometry": {
        "type": "Point",
        "coordinates": [
          135.612761,
          33.819518
        ]
      }
    },
    {
      "type": "Feature",
      "properties": {
        "P27_001": "30206",
        "P27_002": "3",
        "P27_003": "99999",
        "P27_004": "03115",
        "P27_005": "栗栖川テニスコート",
        "P27_006": "中辺路町栗栖川469-68",
        "P27_007": 3,
        "P27_008": -99,
        "P27_009": 2003
      },
      "geometry": {
        "type": "Point",
        "coordinates": [
          135.515246,
          33.797562
        ]
      }
    },
    {
      "type": "Feature",
      "properties": {
        "P27_001": "30206",
        "P27_002": "3",
        "P27_003": "99999",
        "P27_004": "03121",
        "P27_005": "田辺市立弓道場",
        "P27_006": "目良42-1",
        "P27_007": 3,
        "P27_008": -99,
        "P27_009": 1971
      },
      "geometry": {
        "type": "Point",
        "coordinates": [
          135.357992,
          33.737002
        ]
      }
    },
    {
      "type": "Feature",
      "properties": {
        "P27_001": "30201",
        "P27_002": "3",
        "P27_003": "99999",
        "P27_004": "03101",
        "P27_005": "市民スポーツ広場",
        "P27_006": "福島796-1",
        "P27_007": 3,
        "P27_008": -99,
        "P27_009": 1971
      },
      "geometry": {
        "type": "Point",
        "coordinates": [
          135.166589,
          34.24596
        ]
      }
    },
    {
      "type": "Feature",
      "properties": {
        "P27_001": "30201",
        "P27_002": "3",
        "P27_003": "99999",
        "P27_004": "03115",
        "P27_005": "市民スポーツ広場",
        "P27_006": "福島796-1",
        "P27_007": 3,
        "P27_008": -99,
        "P27_009": 1971
      },
      "geometry": {
        "type": "Point",
        "coordinates": [
          135.167683,
          34.246564
        ]
      }
    },
    {
      "type": "Feature",
      "properties": {
        "P27_001": "30201",
        "P27_002": "3",
        "P27_003": "99999",
        "P27_004": "03102",
        "P27_005": "市民スポーツ広場",
        "P27_006": "福島796-1（河川敷）",
        "P27_007": 3,
        "P27_008": -99,
        "P27_009": 1971
      },
      "geometry": {
        "type": "Point",
        "coordinates": [
          135.170481,
          34.247532
        ]
      }
    },
    {
      "type": "Feature",
      "properties": {
        "P27_001": "30201",
        "P27_002": "3",
        "P27_003": "99999",
        "P27_004": "03103",
        "P27_005": "市民スポーツ広場",
        "P27_006": "福島796-1（河川敷）",
        "P27_007": 3,
        "P27_008": -99,
        "P27_009": 1971
      },
      "geometry": {
        "type": "Point",
        "coordinates": [
          135.16877,
          34.247208
        ]
      }
    },
    {
      "type": "Feature",
      "properties": {
        "P27_001": "30201",
        "P27_002": "3",
        "P27_003": "99999",
        "P27_004": "03102",
        "P27_005": "西浜広場",
        "P27_006": "西浜1160",
        "P27_007": 3,
        "P27_008": -99,
        "P27_009": 1978
      },
      "geometry": {
        "type": "Point",
        "coordinates": [
          135.147095,
          34.211417
        ]
      }
    },
    {
      "type": "Feature",
      "properties": {
        "P27_001": "30201",
        "P27_002": "3",
        "P27_003": "99999",
        "P27_004": "03102",
        "P27_005": "和歌山東公園市民球場",
        "P27_006": "北出島133",
        "P27_007": 3,
        "P27_008": -99,
        "P27_009": 1991
      },
      "geometry": {
        "type": "Point",
        "coordinates": [
          135.198809,
          34.22001
        ]
      }
    },
    {
      "type": "Feature",
      "properties": {
        "P27_001": "30201",
        "P27_002": "3",
        "P27_003": "99999",
        "P27_004": "03102",
        "P27_005": "紀の川第２緑地（田井ノ瀬広場）",
        "P27_006": "田井ノ瀬地先（河川敷）",
        "P27_007": 3,
        "P27_008": -99,
        "P27_009": 1969
      },
      "geometry": {
        "type": "Point",
        "coordinates": [
          135.224361,
          34.246397
        ]
      }
    },
    {
      "type": "Feature",
      "properties": {
        "P27_001": "30201",
        "P27_002": "3",
        "P27_003": "99999",
        "P27_004": "03102",
        "P27_005": "つつじが丘中央公園",
        "P27_006": "つつじが丘4-5",
        "P27_007": 3,
        "P27_008": -99,
        "P27_009": 1998
      },
      "geometry": {
        "type": "Point",
        "coordinates": [
          135.102626,
          34.267948
        ]
      }
    },
    {
      "type": "Feature",
      "properties": {
        "P27_001": "30201",
        "P27_002": "3",
        "P27_003": "99999",
        "P27_004": "03115",
        "P27_005": "つつじが丘中央公園",
        "P27_006": "つつじが丘4-5",
        "P27_007": 3,
        "P27_008": -99,
        "P27_009": 1998
      },
      "geometry": {
        "type": "Point",
        "coordinates": [
          135.102531,
          34.267427
        ]
      }
    },
    {
      "type": "Feature",
      "properties": {
        "P27_001": "30201",
        "P27_002": "3",
        "P27_003": "99999",
        "P27_004": "03102",
        "P27_005": "雄湊公園",
        "P27_006": "有田屋町5",
        "P27_007": 3,
        "P27_008": -99,
        "P27_009": 1951
      },
      "geometry": {
        "type": "Point",
        "coordinates": [
          135.166248,
          34.227142
        ]
      }
    },
    {
      "type": "Feature",
      "properties": {
        "P27_001": "30201",
        "P27_002": "3",
        "P27_003": "99999",
        "P27_004": "03104",
        "P27_005": "雄湊公園",
        "P27_006": "有田屋町5",
        "P27_007": 3,
        "P27_008": -99,
        "P27_009": 1951
      },
      "geometry": {
        "type": "Point",
        "coordinates": [
          135.166245,
          34.227194
        ]
      }
    },
    {
      "type": "Feature",
      "properties": {
        "P27_001": "30201",
        "P27_002": "3",
        "P27_003": "99999",
        "P27_004": "03102",
        "P27_005": "雄湊公園",
        "P27_006": "有田屋町5",
        "P27_007": 3,
        "P27_008": -99,
        "P27_009": 1951
      },
      "geometry": {
        "type": "Point",
        "coordinates": [
          135.166251,
          34.227091
        ]
      }
    },
    {
      "type": "Feature",
      "properties": {
        "P27_001": "30201",
        "P27_002": "3",
        "P27_003": "99999",
        "P27_004": "03102",
        "P27_005": "中之島公園",
        "P27_006": "中之島1495",
        "P27_007": 3,
        "P27_008": -99,
        "P27_009": 1952
      },
      "geometry": {
        "type": "Point",
        "coordinates": [
          135.187098,
          34.239516
        ]
      }
    },
    {
      "type": "Feature",
      "properties": {
        "P27_001": "30201",
        "P27_002": "3",
        "P27_003": "99999",
        "P27_004": "03104",
        "P27_005": "中之島公園",
        "P27_006": "中之島1495",
        "P27_007": 3,
        "P27_008": -99,
        "P27_009": 1952
      },
      "geometry": {
        "type": "Point",
        "coordinates": [
          135.187095,
          34.239471
        ]
      }
    },
    {
      "type": "Feature",
      "properties": {
        "P27_001": "30201",
        "P27_002": "3",
        "P27_003": "99999",
        "P27_004": "03102",
        "P27_005": "中之島公園",
        "P27_006": "中之島1495",
        "P27_007": 3,
        "P27_008": -99,
        "P27_009": 1952
      },
      "geometry": {
        "type": "Point",
        "coordinates": [
          135.187101,
          34.239432
        ]
      }
    },
    {
      "type": "Feature",
      "properties": {
        "P27_001": "30201",
        "P27_002": "3",
        "P27_003": "99999",
        "P27_004": "03115",
        "P27_005": "中之島公園",
        "P27_006": "中之島1495",
        "P27_007": 3,
        "P27_008": -99,
        "P27_009": 1952
      },
      "geometry": {
        "type": "Point",
        "coordinates": [
          135.187532,
          34.239061
        ]
      }
    },
    {
      "type": "Feature",
      "properties": {
        "P27_001": "30201",
        "P27_002": "3",
        "P27_003": "99999",
        "P27_004": "03102",
        "P27_005": "満屋広場",
        "P27_006": "大垣内672-2（河川敷）",
        "P27_007": 3,
        "P27_008": -99,
        "P27_009": 2005
      },
      "geometry": {
        "type": "Point",
        "coordinates": [
          135.275466,
          34.250808
        ]
      }
    },
    {
      "type": "Feature",
      "properties": {
        "P27_001": "30201",
        "P27_002": "3",
        "P27_003": "99999",
        "P27_004": "03102",
        "P27_005": "紀の川第８緑地",
        "P27_006": "粟66（河川敷）",
        "P27_007": 3,
        "P27_008": -99,
        "P27_009": 2005
      },
      "geometry": {
        "type": "Point",
        "coordinates": [
          135.176897,
          34.248881
        ]
      }
    },
    {
      "type": "Feature",
      "properties": {
        "P27_001": "30201",
        "P27_002": "3",
        "P27_003": "99999",
        "P27_004": "03104",
        "P27_005": "紀の川第５緑地（水場跡運動公園）",
        "P27_006": "西布経町地先（河川敷）",
        "P27_007": 3,
        "P27_008": -99,
        "P27_009": 1980
      },
      "geometry": {
        "type": "Point",
        "coordinates": [
          135.166853,
          34.240174
        ]
      }
    },
    {
      "type": "Feature",
      "properties": {
        "P27_001": "30201",
        "P27_002": "3",
        "P27_003": "99999",
        "P27_004": "03138",
        "P27_005": "紀の川第５緑地（水場跡運動公園）",
        "P27_006": "西布経町地先（河川敷）",
        "P27_007": 3,
        "P27_008": -99,
        "P27_009": 1980
      },
      "geometry": {
        "type": "Point",
        "coordinates": [
          135.169901,
          34.242434
        ]
      }
    },
    {
      "type": "Feature",
      "properties": {
        "P27_001": "30201",
        "P27_002": "3",
        "P27_003": "99999",
        "P27_004": "03102",
        "P27_005": "紀の川第５緑地（水場跡運動公園）",
        "P27_006": "西布経町地先（河川敷）",
        "P27_007": 3,
        "P27_008": -99,
        "P27_009": 1980
      },
      "geometry": {
        "type": "Point",
        "coordinates": [
          135.16813,
          34.241255
        ]
      }
    },
    {
      "type": "Feature",
      "properties": {
        "P27_001": "30201",
        "P27_002": "3",
        "P27_003": "99999",
        "P27_004": "03104",
        "P27_005": "紀の川第３緑地（せせらぎ運動公園）",
        "P27_006": "有本地先",
        "P27_007": 3,
        "P27_008": -99,
        "P27_009": 1980
      },
      "geometry": {
        "type": "Point",
        "coordinates": [
          135.187812,
          34.248521
        ]
      }
    },
    {
      "type": "Feature",
      "properties": {
        "P27_001": "30201",
        "P27_002": "3",
        "P27_003": "99999",
        "P27_004": "03103",
        "P27_005": "紀の川第３緑地（せせらぎ運動公園）",
        "P27_006": "有本地先",
        "P27_007": 3,
        "P27_008": -99,
        "P27_009": 1980
      },
      "geometry": {
        "type": "Point",
        "coordinates": [
          135.187818,
          34.248438
        ]
      }
    },
    {
      "type": "Feature",
      "properties": {
        "P27_001": "30201",
        "P27_002": "3",
        "P27_003": "99999",
        "P27_004": "03102",
        "P27_005": "紀の川第３緑地（せせらぎ運動公園）",
        "P27_006": "有本地先",
        "P27_007": 3,
        "P27_008": -99,
        "P27_009": 1980
      },
      "geometry": {
        "type": "Point",
        "coordinates": [
          135.187824,
          34.248349
        ]
      }
    },
    {
      "type": "Feature",
      "properties": {
        "P27_001": "30201",
        "P27_002": "3",
        "P27_003": "99999",
        "P27_004": "03104",
        "P27_005": "紀の川第４緑地（せせらぎ運動公園）",
        "P27_006": "有本地先（河川敷）",
        "P27_007": 3,
        "P27_008": -99,
        "P27_009": 1980
      },
      "geometry": {
        "type": "Point",
        "coordinates": [
          135.191603,
          34.250776
        ]
      }
    },
    {
      "type": "Feature",
      "properties": {
        "P27_001": "30201",
        "P27_002": "3",
        "P27_003": "99999",
        "P27_004": "03103",
        "P27_005": "紀の川第４緑地（せせらぎ運動公園）",
        "P27_006": "有本地先（河川敷）",
        "P27_007": 3,
        "P27_008": -99,
        "P27_009": 1980
      },
      "geometry": {
        "type": "Point",
        "coordinates": [
          135.191615,
          34.250682
        ]
      }
    },
    {
      "type": "Feature",
      "properties": {
        "P27_001": "30201",
        "P27_002": "3",
        "P27_003": "99999",
        "P27_004": "03102",
        "P27_005": "紀の川第４緑地（せせらぎ運動公園）",
        "P27_006": "有本地先（河川敷）",
        "P27_007": 3,
        "P27_008": -99,
        "P27_009": 1980
      },
      "geometry": {
        "type": "Point",
        "coordinates": [
          135.191609,
          34.250589
        ]
      }
    },
    {
      "type": "Feature",
      "properties": {
        "P27_001": "30201",
        "P27_002": "3",
        "P27_003": "99999",
        "P27_004": "03104",
        "P27_005": "紀の川第７緑地（小豆島運動公園）",
        "P27_006": "小豆島地先（河川敷）",
        "P27_007": 3,
        "P27_008": -99,
        "P27_009": 1983
      },
      "geometry": {
        "type": "Point",
        "coordinates": [
          135.230205,
          34.24915
        ]
      }
    },
    {
      "type": "Feature",
      "properties": {
        "P27_001": "30201",
        "P27_002": "3",
        "P27_003": "99999",
        "P27_004": "03104",
        "P27_005": "砂の丸広場",
        "P27_006": "一番丁",
        "P27_007": 3,
        "P27_008": -99,
        "P27_009": 1948
      },
      "geometry": {
        "type": "Point",
        "coordinates": [
          135.169505,
          34.228271
        ]
      }
    },
    {
      "type": "Feature",
      "properties": {
        "P27_001": "30201",
        "P27_002": "3",
        "P27_003": "99999",
        "P27_004": "03102",
        "P27_005": "砂の丸広場",
        "P27_006": "一番丁",
        "P27_007": 3,
        "P27_008": -99,
        "P27_009": 1948
      },
      "geometry": {
        "type": "Point",
        "coordinates": [
          135.169505,
          34.228207
        ]
      }
    },
    {
      "type": "Feature",
      "properties": {
        "P27_001": "30201",
        "P27_002": "3",
        "P27_003": "99999",
        "P27_004": "03115",
        "P27_005": "砂の丸広場",
        "P27_006": "一番丁",
        "P27_007": 3,
        "P27_008": -99,
        "P27_009": 1948
      },
      "geometry": {
        "type": "Point",
        "coordinates": [
          135.169654,
          34.228816
        ]
      }
    },
    {
      "type": "Feature",
      "properties": {
        "P27_001": "30201",
        "P27_002": "3",
        "P27_003": "99999",
        "P27_004": "03104",
        "P27_005": "中央終末処理場屋上スポーツ広場",
        "P27_006": "三葛510-1",
        "P27_007": 3,
        "P27_008": -99,
        "P27_009": 1988
      },
      "geometry": {
        "type": "Point",
        "coordinates": [
          135.188068,
          34.195782
        ]
      }
    },
    {
      "type": "Feature",
      "properties": {
        "P27_001": "30201",
        "P27_002": "3",
        "P27_003": "99999",
        "P27_004": "03102",
        "P27_005": "中央終末処理場屋上スポーツ広場",
        "P27_006": "三葛510-1",
        "P27_007": 3,
        "P27_008": -99,
        "P27_009": 1988
      },
      "geometry": {
        "type": "Point",
        "coordinates": [
          135.18808,
          34.19588
        ]
      }
    },
    {
      "type": "Feature",
      "properties": {
        "P27_001": "30201",
        "P27_002": "3",
        "P27_003": "99999",
        "P27_004": "03105",
        "P27_005": "市民温水プール",
        "P27_006": "土入318-1",
        "P27_007": 3,
        "P27_008": -99,
        "P27_009": 1984
      },
      "geometry": {
        "type": "Point",
        "coordinates": [
          135.138683,
          34.253109
        ]
      }
    },
    {
      "type": "Feature",
      "properties": {
        "P27_001": "30201",
        "P27_002": "3",
        "P27_003": "99999",
        "P27_004": "03109",
        "P27_005": "市民体育館",
        "P27_006": "土入318-1",
        "P27_007": 3,
        "P27_008": -99,
        "P27_009": 1978
      },
      "geometry": {
        "type": "Point",
        "coordinates": [
          135.139298,
          34.253069
        ]
      }
    },
    {
      "type": "Feature",
      "properties": {
        "P27_001": "30201",
        "P27_002": "3",
        "P27_003": "99999",
        "P27_004": "03120",
        "P27_005": "市民体育館",
        "P27_006": "土入318-1",
        "P27_007": 3,
        "P27_008": -99,
        "P27_009": 1978
      },
      "geometry": {
        "type": "Point",
        "coordinates": [
          135.139292,
          34.253035
        ]
      }
    },
    {
      "type": "Feature",
      "properties": {
        "P27_001": "30201",
        "P27_002": "3",
        "P27_003": "99999",
        "P27_004": "03116",
        "P27_005": "市民体育館",
        "P27_006": "土入318-1",
        "P27_007": 3,
        "P27_008": -99,
        "P27_009": 1978
      },
      "geometry": {
        "type": "Point",
        "coordinates": [
          135.139292,
          34.252996
        ]
      }
    },
    {
      "type": "Feature",
      "properties": {
        "P27_001": "30201",
        "P27_002": "3",
        "P27_003": "99999",
        "P27_004": "03129",
        "P27_005": "市民体育館",
        "P27_006": "土入318-1",
        "P27_007": 3,
        "P27_008": -99,
        "P27_009": 1978
      },
      "geometry": {
        "type": "Point",
        "coordinates": [
          135.139295,
          34.252959
        ]
      }
    },
    {
      "type": "Feature",
      "properties": {
        "P27_001": "30201",
        "P27_002": "3",
        "P27_003": "99999",
        "P27_004": "03109",
        "P27_005": "河南総合体育館",
        "P27_006": "和佐中165-1",
        "P27_007": 3,
        "P27_008": -99,
        "P27_009": 1983
      },
      "geometry": {
        "type": "Point",
        "coordinates": [
          135.23876,
          34.236232
        ]
      }
    },
    {
      "type": "Feature",
      "properties": {
        "P27_001": "30201",
        "P27_002": "3",
        "P27_003": "99999",
        "P27_004": "03120",
        "P27_005": "河南総合体育館",
        "P27_006": "和佐中165-1",
        "P27_007": 3,
        "P27_008": -99,
        "P27_009": 1983
      },
      "geometry": {
        "type": "Point",
        "coordinates": [
          135.23876,
          34.236274
        ]
      }
    },
    {
      "type": "Feature",
      "properties": {
        "P27_001": "30201",
        "P27_002": "3",
        "P27_003": "99999",
        "P27_004": "03116",
        "P27_005": "河南総合体育館",
        "P27_006": "和佐中165-1",
        "P27_007": 3,
        "P27_008": -99,
        "P27_009": 1983
      },
      "geometry": {
        "type": "Point",
        "coordinates": [
          135.23876,
          34.236193
        ]
      }
    },
    {
      "type": "Feature",
      "properties": {
        "P27_001": "30201",
        "P27_002": "3",
        "P27_003": "99999",
        "P27_004": "03129",
        "P27_005": "河南総合体育館",
        "P27_006": "和佐中165-1",
        "P27_007": 3,
        "P27_008": -99,
        "P27_009": 1983
      },
      "geometry": {
        "type": "Point",
        "coordinates": [
          135.23876,
          34.236159
        ]
      }
    },
    {
      "type": "Feature",
      "properties": {
        "P27_001": "30201",
        "P27_002": "3",
        "P27_003": "99999",
        "P27_004": "03112",
        "P27_005": "河南総合体育館",
        "P27_006": "和佐中165-1",
        "P27_007": 3,
        "P27_008": -99,
        "P27_009": 1983
      },
      "geometry": {
        "type": "Point",
        "coordinates": [
          135.23876,
          34.236124
        ]
      }
    },
    {
      "type": "Feature",
      "properties": {
        "P27_001": "30201",
        "P27_002": "3",
        "P27_003": "99999",
        "P27_004": "03113",
        "P27_005": "河南総合体育館",
        "P27_006": "和佐中165-1",
        "P27_007": 3,
        "P27_008": -99,
        "P27_009": 1983
      },
      "geometry": {
        "type": "Point",
        "coordinates": [
          135.23876,
          34.236306
        ]
      }
    },
    {
      "type": "Feature",
      "properties": {
        "P27_001": "30201",
        "P27_002": "3",
        "P27_003": "99999",
        "P27_004": "03121",
        "P27_005": "河南総合体育館",
        "P27_006": "和佐中165-1",
        "P27_007": 3,
        "P27_008": -99,
        "P27_009": 1983
      },
      "geometry": {
        "type": "Point",
        "coordinates": [
          135.23876,
          34.23634
        ]
      }
    },
    {
      "type": "Feature",
      "properties": {
        "P27_001": "30201",
        "P27_002": "3",
        "P27_003": "99999",
        "P27_004": "03109",
        "P27_005": "松下体育館",
        "P27_006": "西浜1037",
        "P27_007": 3,
        "P27_008": -99,
        "P27_009": 1970
      },
      "geometry": {
        "type": "Point",
        "coordinates": [
          135.158382,
          34.195132
        ]
      }
    },
    {
      "type": "Feature",
      "properties": {
        "P27_001": "30201",
        "P27_002": "3",
        "P27_003": "99999",
        "P27_004": "03120",
        "P27_005": "松下体育館",
        "P27_006": "西浜1037",
        "P27_007": 3,
        "P27_008": -99,
        "P27_009": 1970
      },
      "geometry": {
        "type": "Point",
        "coordinates": [
          135.158382,
          34.195056
        ]
      }
    },
    {
      "type": "Feature",
      "properties": {
        "P27_001": "30201",
        "P27_002": "3",
        "P27_003": "99999",
        "P27_004": "03116",
        "P27_005": "松下体育館",
        "P27_006": "西浜1037",
        "P27_007": 3,
        "P27_008": -99,
        "P27_009": 1970
      },
      "geometry": {
        "type": "Point",
        "coordinates": [
          135.158382,
          34.195019
        ]
      }
    },
    {
      "type": "Feature",
      "properties": {
        "P27_001": "30201",
        "P27_002": "3",
        "P27_003": "99999",
        "P27_004": "03112",
        "P27_005": "松下体育館",
        "P27_006": "西浜1037",
        "P27_007": 3,
        "P27_008": -99,
        "P27_009": 1970
      },
      "geometry": {
        "type": "Point",
        "coordinates": [
          135.158382,
          34.195098
        ]
      }
    },
    {
      "type": "Feature",
      "properties": {
        "P27_001": "30201",
        "P27_002": "3",
        "P27_003": "99999",
        "P27_004": "03109",
        "P27_005": "和歌山東公園体育館",
        "P27_006": "北出島133",
        "P27_007": 3,
        "P27_008": -99,
        "P27_009": 1992
      },
      "geometry": {
        "type": "Point",
        "coordinates": [
          135.197841,
          34.219523
        ]
      }
    },
    {
      "type": "Feature",
      "properties": {
        "P27_001": "30201",
        "P27_002": "3",
        "P27_003": "99999",
        "P27_004": "03120",
        "P27_005": "和歌山東公園体育館",
        "P27_006": "北出島133",
        "P27_007": 3,
        "P27_008": -99,
        "P27_009": 1992
      },
      "geometry": {
        "type": "Point",
        "coordinates": [
          135.197841,
          34.219482
        ]
      }
    },
    {
      "type": "Feature",
      "properties": {
        "P27_001": "30201",
        "P27_002": "3",
        "P27_003": "99999",
        "P27_004": "03116",
        "P27_005": "和歌山東公園体育館",
        "P27_006": "北出島133",
        "P27_007": 3,
        "P27_008": -99,
        "P27_009": 1992
      },
      "geometry": {
        "type": "Point",
        "coordinates": [
          135.197841,
          34.21944
        ]
      }
    },
    {
      "type": "Feature",
      "properties": {
        "P27_001": "30201",
        "P27_002": "3",
        "P27_003": "99999",
        "P27_004": "03112",
        "P27_005": "和歌山東公園体育館",
        "P27_006": "北出島133",
        "P27_007": 3,
        "P27_008": -99,
        "P27_009": 1992
      },
      "geometry": {
        "type": "Point",
        "coordinates": [
          135.197844,
          34.2194
        ]
      }
    },
    {
      "type": "Feature",
      "properties": {
        "P27_001": "30201",
        "P27_002": "3",
        "P27_003": "99999",
        "P27_004": "03112",
        "P27_005": "岡公園室内体育館（武徳殿）",
        "P27_006": "岡山町3",
        "P27_007": 3,
        "P27_008": -99,
        "P27_009": 1961
      },
      "geometry": {
        "type": "Point",
        "coordinates": [
          135.175946,
          34.224737
        ]
      }
    },
    {
      "type": "Feature",
      "properties": {
        "P27_001": "30201",
        "P27_002": "3",
        "P27_003": "99999",
        "P27_004": "03113",
        "P27_005": "岡公園室内体育館（武徳殿）",
        "P27_006": "岡山町3",
        "P27_007": 3,
        "P27_008": -99,
        "P27_009": 1961
      },
      "geometry": {
        "type": "Point",
        "coordinates": [
          135.175943,
          34.224701
        ]
      }
    },
    {
      "type": "Feature",
      "properties": {
        "P27_001": "30201",
        "P27_002": "3",
        "P27_003": "99999",
        "P27_004": "03115",
        "P27_005": "市民テニスコート",
        "P27_006": "松江775-1",
        "P27_007": 3,
        "P27_008": -99,
        "P27_009": 1981
      },
      "geometry": {
        "type": "Point",
        "coordinates": [
          135.138033,
          34.253439
        ]
      }
    },
    {
      "type": "Feature",
      "properties": {
        "P27_001": "30201",
        "P27_002": "3",
        "P27_003": "99999",
        "P27_004": "03142",
        "P27_005": "少年自然の家",
        "P27_006": "加太1907-2",
        "P27_007": 3,
        "P27_008": -99,
        "P27_009": 1974
      },
      "geometry": {
        "type": "Point",
        "coordinates": [
          135.068722,
          34.269438
        ]
      }
    },
    {
      "type": "Feature",
      "properties": {
        "P27_001": "30201",
        "P27_002": "3",
        "P27_003": "99999",
        "P27_004": "03147",
        "P27_005": "少年自然の家",
        "P27_006": "加太1907-2",
        "P27_007": 3,
        "P27_008": -99,
        "P27_009": 1974
      },
      "geometry": {
        "type": "Point",
        "coordinates": [
          135.070279,
          34.266992
        ]
      }
    },
    {
      "type": "Feature",
      "properties": {
        "P27_001": "30201",
        "P27_002": "3",
        "P27_003": "99999",
        "P27_004": "03106",
        "P27_005": "少年自然の家",
        "P27_006": "加太1907-2",
        "P27_007": 3,
        "P27_008": -99,
        "P27_009": 1974
      },
      "geometry": {
        "type": "Point",
        "coordinates": [
          135.067094,
          34.27179
        ]
      }
    },
    {
      "type": "Feature",
      "properties": {
        "P27_001": "30366",
        "P27_002": "3",
        "P27_003": "99999",
        "P27_004": "03102",
        "P27_005": "湯浅町総合グラウンドなぎの里球場",
        "P27_006": "熊井714-3",
        "P27_007": 3,
        "P27_008": -99,
        "P27_009": 1980
      },
      "geometry": {
        "type": "Point",
        "coordinates": [
          135.197885,
          34.037571
        ]
      }
    },
    {
      "type": "Feature",
      "properties": {
        "P27_001": "30366",
        "P27_002": "3",
        "P27_003": "99999",
        "P27_004": "03104",
        "P27_005": "湯浅町総合グラウンドママさんソフトボール場",
        "P27_006": "熊井726-9",
        "P27_007": 3,
        "P27_008": -99,
        "P27_009": 1976
      },
      "geometry": {
        "type": "Point",
        "coordinates": [
          135.19798,
          34.03681
        ]
      }
    },
    {
      "type": "Feature",
      "properties": {
        "P27_001": "30366",
        "P27_002": "3",
        "P27_003": "99999",
        "P27_004": "03102",
        "P27_005": "湯浅町総合グラウンドママさんソフトボール場",
        "P27_006": "熊井726-9",
        "P27_007": 3,
        "P27_008": -99,
        "P27_009": 1976
      },
      "geometry": {
        "type": "Point",
        "coordinates": [
          135.197986,
          34.036736
        ]
      }
    },
    {
      "type": "Feature",
      "properties": {
        "P27_001": "30366",
        "P27_002": "3",
        "P27_003": "99999",
        "P27_004": "03104",
        "P27_005": "湯浅町総合グラウンド町民グラウンド",
        "P27_006": "熊井713-9",
        "P27_007": 3,
        "P27_008": -99,
        "P27_009": 1979
      },
      "geometry": {
        "type": "Point",
        "coordinates": [
          135.19798,
          34.036662
        ]
      }
    },
    {
      "type": "Feature",
      "properties": {
        "P27_001": "30366",
        "P27_002": "3",
        "P27_003": "99999",
        "P27_004": "03102",
        "P27_005": "湯浅町総合グラウンド町民グラウンド",
        "P27_006": "熊井713-9",
        "P27_007": 3,
        "P27_008": -99,
        "P27_009": 1979
      },
      "geometry": {
        "type": "Point",
        "coordinates": [
          135.19798,
          34.036589
        ]
      }
    },
    {
      "type": "Feature",
      "properties": {
        "P27_001": "30361",
        "P27_002": "3",
        "P27_003": "99999",
        "P27_004": "03106",
        "P27_005": "宝栄プール",
        "P27_006": "湯浅2716-1",
        "P27_007": 3,
        "P27_008": -99,
        "P27_009": 1983
      },
      "geometry": {
        "type": "Point",
        "coordinates": [
          135.178079,
          34.039605
        ]
      }
    },
    {
      "type": "Feature",
      "properties": {
        "P27_001": "30361",
        "P27_002": "3",
        "P27_003": "99999",
        "P27_004": "03106",
        "P27_005": "湯浅町民プール",
        "P27_006": "山田1951-6",
        "P27_007": 3,
        "P27_008": -99,
        "P27_009": 2000
      },
      "geometry": {
        "type": "Point",
        "coordinates": [
          135.202577,
          34.02728
        ]
      }
    },
    {
      "type": "Feature",
      "properties": {
        "P27_001": "30361",
        "P27_002": "3",
        "P27_003": "99999",
        "P27_004": "03109",
        "P27_005": "有田郡民体育館",
        "P27_006": "湯浅2435-1",
        "P27_007": 3,
        "P27_008": -99,
        "P27_009": 1980
      },
      "geometry": {
        "type": "Point",
        "coordinates": [
          135.181427,
          34.041841
        ]
      }
    },
    {
      "type": "Feature",
      "properties": {
        "P27_001": "30361",
        "P27_002": "3",
        "P27_003": "99999",
        "P27_004": "03116",
        "P27_005": "有田郡民体育館",
        "P27_006": "湯浅2435-1",
        "P27_007": 3,
        "P27_008": -99,
        "P27_009": 1980
      },
      "geometry": {
        "type": "Point",
        "coordinates": [
          135.181424,
          34.041807
        ]
      }
    },
    {
      "type": "Feature",
      "properties": {
        "P27_001": "30361",
        "P27_002": "3",
        "P27_003": "99999",
        "P27_004": "03120",
        "P27_005": "有田郡民体育館",
        "P27_006": "湯浅2435-1",
        "P27_007": 3,
        "P27_008": -99,
        "P27_009": 1980
      },
      "geometry": {
        "type": "Point",
        "coordinates": [
          135.181427,
          34.04177
        ]
      }
    },
    {
      "type": "Feature",
      "properties": {
        "P27_001": "30361",
        "P27_002": "3",
        "P27_003": "99999",
        "P27_004": "03110",
        "P27_005": "有田郡民体育館",
        "P27_006": "湯浅2435-1",
        "P27_007": 3,
        "P27_008": -99,
        "P27_009": 1980
      },
      "geometry": {
        "type": "Point",
        "coordinates": [
          135.181427,
          34.041738
        ]
      }
    },
    {
      "type": "Feature",
      "properties": {
        "P27_001": "30361",
        "P27_002": "3",
        "P27_003": "99999",
        "P27_004": "03109",
        "P27_005": "田体育館",
        "P27_006": "田369-5",
        "P27_007": 3,
        "P27_008": -99,
        "P27_009": 1982
      },
      "geometry": {
        "type": "Point",
        "coordinates": [
          135.151539,
          34.055055
        ]
      }
    },
    {
      "type": "Feature",
      "properties": {
        "P27_001": "30361",
        "P27_002": "3",
        "P27_003": "99999",
        "P27_004": "03109",
        "P27_005": "湯浅町民体育館",
        "P27_006": "湯浅1546",
        "P27_007": 3,
        "P27_008": -99,
        "P27_009": 1984
      },
      "geometry": {
        "type": "Point",
        "coordinates": [
          135.181611,
          34.034437
        ]
      }
    },
    {
      "type": "Feature",
      "properties": {
        "P27_001": "30361",
        "P27_002": "3",
        "P27_003": "99999",
        "P27_004": "03129",
        "P27_005": "湯浅町民体育館",
        "P27_006": "湯浅1546",
        "P27_007": 3,
        "P27_008": -99,
        "P27_009": 1984
      },
      "geometry": {
        "type": "Point",
        "coordinates": [
          135.181611,
          34.034398
        ]
      }
    },
    {
      "type": "Feature",
      "properties": {
        "P27_001": "30366",
        "P27_002": "3",
        "P27_003": "99999",
        "P27_004": "03115",
        "P27_005": "湯浅町総合グラウンドテニスコート",
        "P27_006": "熊井713-1",
        "P27_007": 3,
        "P27_008": -99,
        "P27_009": 1980
      },
      "geometry": {
        "type": "Point",
        "coordinates": [
          135.196735,
          34.036524
        ]
      }
    },
    {
      "type": "Feature",
      "properties": {
        "P27_001": "30366",
        "P27_002": "3",
        "P27_003": "99999",
        "P27_004": "03138",
        "P27_005": "湯浅町総合グラウンドゲートボール場兼多目的スポーツ施設",
        "P27_006": "熊井719",
        "P27_007": 3,
        "P27_008": -99,
        "P27_009": 1994
      },
      "geometry": {
        "type": "Point",
        "coordinates": [
          135.195791,
          34.036018
        ]
      }
    },
    {
      "type": "Feature",
      "properties": {
        "P27_001": "30366",
        "P27_002": "3",
        "P27_003": "99999",
        "P27_004": "03115",
        "P27_005": "湯浅町総合グラウンドゲートボール場兼多目的スポーツ施設",
        "P27_006": "熊井719",
        "P27_007": 3,
        "P27_008": -99,
        "P27_009": 1994
      },
      "geometry": {
        "type": "Point",
        "coordinates": [
          135.196724,
          34.036594
        ]
      }
    },
    {
      "type": "Feature",
      "properties": {
        "P27_001": "30383",
        "P27_002": "3",
        "P27_003": "99999",
        "P27_004": "03104",
        "P27_005": "町民運動場",
        "P27_006": "吹井822-2",
        "P27_007": 3,
        "P27_008": -99,
        "P27_009": 1982
      },
      "geometry": {
        "type": "Point",
        "coordinates": [
          135.095678,
          33.970523
        ]
      }
    },
    {
      "type": "Feature",
      "properties": {
        "P27_001": "30383",
        "P27_002": "3",
        "P27_003": "99999",
        "P27_004": "03102",
        "P27_005": "町民運動場",
        "P27_006": "吹井822-2",
        "P27_007": 3,
        "P27_008": -99,
        "P27_009": 1982
      },
      "geometry": {
        "type": "Point",
        "coordinates": [
          135.095675,
          33.970437
        ]
      }
    },
    {
      "type": "Feature",
      "properties": {
        "P27_001": "30383",
        "P27_002": "3",
        "P27_003": "99999",
        "P27_004": "03101",
        "P27_005": "町民運動場",
        "P27_006": "吹井822-2",
        "P27_007": 3,
        "P27_008": -99,
        "P27_009": 1982
      },
      "geometry": {
        "type": "Point",
        "coordinates": [
          135.095678,
          33.970363
        ]
      }
    },
    {
      "type": "Feature",
      "properties": {
        "P27_001": "30383",
        "P27_002": "3",
        "P27_003": "99999",
        "P27_004": "03109",
        "P27_005": "由良農村教養文化体育センター",
        "P27_006": "網代243-12",
        "P27_007": 3,
        "P27_008": -99,
        "P27_009": 1980
      },
      "geometry": {
        "type": "Point",
        "coordinates": [
          135.117067,
          33.960581
        ]
      }
    },
    {
      "type": "Feature",
      "properties": {
        "P27_001": "30383",
        "P27_002": "3",
        "P27_003": "99999",
        "P27_004": "03120",
        "P27_005": "由良農村教養文化体育センター",
        "P27_006": "網代243-12",
        "P27_007": 3,
        "P27_008": -99,
        "P27_009": 1980
      },
      "geometry": {
        "type": "Point",
        "coordinates": [
          135.117073,
          33.960544
        ]
      }
    },
    {
      "type": "Feature",
      "properties": {
        "P27_001": "30383",
        "P27_002": "3",
        "P27_003": "99999",
        "P27_004": "03112",
        "P27_005": "由良町立武道館",
        "P27_006": "吹井910-2",
        "P27_007": 3,
        "P27_008": -99,
        "P27_009": 1990
      },
      "geometry": {
        "type": "Point",
        "coordinates": [
          135.106391,
          33.968683
        ]
      }
    },
    {
      "type": "Feature",
      "properties": {
        "P27_001": "30366",
        "P27_002": "3",
        "P27_003": "99999",
        "P27_004": "03142",
        "P27_005": "高石市ふるさと村キャンプ場",
        "P27_006": "大字清水字樫木平903-1",
        "P27_007": 3,
        "P27_008": -99,
        "P27_009": 9999
      },
      "geometry": {
        "type": "Point",
        "coordinates": [
          135.436696,
          34.088235
        ]
      }
    },
    {
      "type": "Feature",
      "properties": {
        "P27_001": "30341",
        "P27_002": "3",
        "P27_003": "99999",
        "P27_004": "03109",
        "P27_005": "守口花園屋内レクリェーションセンター",
        "P27_006": "花園大字梁瀬919",
        "P27_007": 3,
        "P27_008": -99,
        "P27_009": 9999
      },
      "geometry": {
        "type": "Point",
        "coordinates": [
          135.524975,
          34.159203
        ]
      }
    }
  ],
  "bbox": [
    135.067094,
    33.445334,
    136.006671,
    34.358131
  ]
}