{
  "type": "FeatureCollection",
  "features": [
    {
      "type": "Feature",
      "properties": {
        "P27_001": "27102",
        "P27_002": "3",
        "P27_003": "03001",
        "P27_004": "03001",
        "P27_005": "藤田美術館",
        "P27_006": "網島町10-32",
        "P27_007": 4,
        "P27_008": -99,
        "P27_009": 1954
      },
      "geometry": {
        "type": "Point",
        "coordinates": [
          135.524966,
          34.695199
        ]
      }
    },
    {
      "type": "Feature",
      "properties": {
        "P27_001": "27111",
        "P27_002": "3",
        "P27_003": "03001",
        "P27_004": "03001",
        "P27_005": "日本工芸館",
        "P27_006": "難波中3-7-6",
        "P27_007": 4,
        "P27_008": 3,
        "P27_009": 1960
      },
      "geometry": {
        "type": "Point",
        "coordinates": [
          135.498663,
          34.661202
        ]
      }
    },
    {
      "type": "Feature",
      "properties": {
        "P27_001": "27127",
        "P27_002": "3",
        "P27_003": "03001",
        "P27_004": "03001",
        "P27_005": "大阪市立東洋陶磁美術館",
        "P27_006": "中之島1-1-26",
        "P27_007": 3,
        "P27_008": 3,
        "P27_009": 1982
      },
      "geometry": {
        "type": "Point",
        "coordinates": [
          135.50545,
          34.693447
        ]
      }
    },
    {
      "type": "Feature",
      "properties": {
        "P27_001": "27127",
        "P27_002": "3",
        "P27_003": "03001",
        "P27_004": "03001",
        "P27_005": "独立行政法人国立美術館・国立国際美術館",
        "P27_006": "中之島4-2-55",
        "P27_007": 0,
        "P27_008": -99,
        "P27_009": 2004
      },
      "geometry": {
        "type": "Point",
        "coordinates": [
          135.491573,
          34.691244
        ]
      }
    },
    {
      "type": "Feature",
      "properties": {
        "P27_001": "27128",
        "P27_002": "3",
        "P27_003": "03001",
        "P27_004": "03001",
        "P27_005": "湯木美術館",
        "P27_006": "平野町3-3-9",
        "P27_007": 4,
        "P27_008": 8,
        "P27_009": 1987
      },
      "geometry": {
        "type": "Point",
        "coordinates": [
          135.50219,
          34.687699
        ]
      }
    },
    {
      "type": "Feature",
      "properties": {
        "P27_001": "27203",
        "P27_002": "3",
        "P27_003": "03001",
        "P27_004": "03001",
        "P27_005": "奥内陶芸美術館",
        "P27_006": "岡町北3-8-7",
        "P27_007": 4,
        "P27_008": -99,
        "P27_009": 1972
      },
      "geometry": {
        "type": "Point",
        "coordinates": [
          135.456914,
          34.780465
        ]
      }
    },
    {
      "type": "Feature",
      "properties": {
        "P27_001": "27204",
        "P27_002": "3",
        "P27_003": "03001",
        "P27_004": "03001",
        "P27_005": "逸翁美術館",
        "P27_006": "建石町12-27",
        "P27_007": 4,
        "P27_008": 2,
        "P27_009": 2009
      },
      "geometry": {
        "type": "Point",
        "coordinates": [
          135.428839,
          34.825521
        ]
      }
    },
    {
      "type": "Feature",
      "properties": {
        "P27_001": "27205",
        "P27_002": "3",
        "P27_003": "03001",
        "P27_004": "03001",
        "P27_005": "大阪日本民芸館",
        "P27_006": "千里万博公園10-5（千里万博公園内）",
        "P27_007": 4,
        "P27_008": 2,
        "P27_009": 1972
      },
      "geometry": {
        "type": "Point",
        "coordinates": [
          135.533526,
          34.812458
        ]
      }
    },
    {
      "type": "Feature",
      "properties": {
        "P27_001": "27209",
        "P27_002": "3",
        "P27_003": "03001",
        "P27_004": "03001",
        "P27_005": "守口市現代南画美術館",
        "P27_006": "大宮通1-13-29",
        "P27_007": 3,
        "P27_008": -99,
        "P27_009": 9999
      },
      "geometry": {
        "type": "Point",
        "coordinates": [
          135.574881,
          34.732088
        ]
      }
    },
    {
      "type": "Feature",
      "properties": {
        "P27_001": "27210",
        "P27_002": "3",
        "P27_003": "03001",
        "P27_004": "03001",
        "P27_005": "天門美術館",
        "P27_006": "山之上北町3-1",
        "P27_007": 4,
        "P27_008": -99,
        "P27_009": 1965
      },
      "geometry": {
        "type": "Point",
        "coordinates": [
          135.652447,
          34.805706
        ]
      }
    },
    {
      "type": "Feature",
      "properties": {
        "P27_001": "27219",
        "P27_002": "3",
        "P27_003": "03001",
        "P27_004": "03001",
        "P27_005": "和泉市久保惣記念美術館",
        "P27_006": "内田町3-6-12",
        "P27_007": 3,
        "P27_008": -99,
        "P27_009": 1982
      },
      "geometry": {
        "type": "Point",
        "coordinates": [
          135.453338,
          34.445059
        ]
      }
    },
    {
      "type": "Feature",
      "properties": {
        "P27_001": "27341",
        "P27_002": "3",
        "P27_003": "03001",
        "P27_004": "03001",
        "P27_005": "正木美術館",
        "P27_006": "忠岡中2-9-26",
        "P27_007": 4,
        "P27_008": 2,
        "P27_009": 1968
      },
      "geometry": {
        "type": "Point",
        "coordinates": [
          135.392177,
          34.494747
        ]
      }
    },
    {
      "type": "Feature",
      "properties": {
        "P27_001": "27382",
        "P27_002": "3",
        "P27_003": "03001",
        "P27_004": "03001",
        "P27_005": "大阪芸術大学博物館",
        "P27_006": "東山469",
        "P27_007": 4,
        "P27_008": -99,
        "P27_009": 2002
      },
      "geometry": {
        "type": "Point",
        "coordinates": [
          135.630903,
          34.511825
        ]
      }
    },
    {
      "type": "Feature",
      "properties": {
        "P27_001": "27104",
        "P27_002": "3",
        "P27_003": "03002",
        "P27_004": "03002",
        "P27_005": "大阪市下水道科学館",
        "P27_006": "高見1-2-53",
        "P27_007": 3,
        "P27_008": 6,
        "P27_009": 1995
      },
      "geometry": {
        "type": "Point",
        "coordinates": [
          135.462465,
          34.693465
        ]
      }
    },
    {
      "type": "Feature",
      "properties": {
        "P27_001": "27106",
        "P27_002": "3",
        "P27_003": "03002",
        "P27_004": "03002",
        "P27_005": "大阪科学技術館",
        "P27_006": "靱本町1-8-4",
        "P27_007": 4,
        "P27_008": -99,
        "P27_009": 1963
      },
      "geometry": {
        "type": "Point",
        "coordinates": [
          135.496399,
          34.686484
        ]
      }
    },
    {
      "type": "Feature",
      "properties": {
        "P27_001": "27107",
        "P27_002": "3",
        "P27_003": "03002",
        "P27_004": "03002",
        "P27_005": "交通科学博物館",
        "P27_006": "波除3-11-10",
        "P27_007": 4,
        "P27_008": -99,
        "P27_009": 1962
      },
      "geometry": {
        "type": "Point",
        "coordinates": [
          135.461916,
          34.670756
        ]
      }
    },
    {
      "type": "Feature",
      "properties": {
        "P27_001": "27109",
        "P27_002": "3",
        "P27_003": "03002",
        "P27_004": "03002",
        "P27_005": "四天王寺宝物館",
        "P27_006": "四天王寺1-11-18",
        "P27_007": 4,
        "P27_008": -99,
        "P27_009": 593
      },
      "geometry": {
        "type": "Point",
        "coordinates": [
          135.517009,
          34.656036
        ]
      }
    },
    {
      "type": "Feature",
      "properties": {
        "P27_001": "27111",
        "P27_002": "3",
        "P27_003": "03002",
        "P27_004": "03002",
        "P27_005": "大阪人権博物館",
        "P27_006": "浪速西3-6-36",
        "P27_007": 4,
        "P27_008": 2,
        "P27_009": 1985
      },
      "geometry": {
        "type": "Point",
        "coordinates": [
          135.486887,
          34.654453
        ]
      }
    },
    {
      "type": "Feature",
      "properties": {
        "P27_001": "27114",
        "P27_002": "3",
        "P27_003": "03002",
        "P27_004": "03002",
        "P27_005": "大阪経済大学70周年記念館ギャラリー",
        "P27_006": "大桐2-8-11",
        "P27_007": 4,
        "P27_008": 5,
        "P27_009": 2002
      },
      "geometry": {
        "type": "Point",
        "coordinates": [
          135.541958,
          34.747514
        ]
      }
    },
    {
      "type": "Feature",
      "properties": {
        "P27_001": "27121",
        "P27_002": "3",
        "P27_003": "03002",
        "P27_004": "03002",
        "P27_005": "大阪市立自然史博物館",
        "P27_006": "長居公園1-23",
        "P27_007": 3,
        "P27_008": 3,
        "P27_009": 1974
      },
      "geometry": {
        "type": "Point",
        "coordinates": [
          135.522579,
          34.610291
        ]
      }
    },
    {
      "type": "Feature",
      "properties": {
        "P27_001": "27127",
        "P27_002": "3",
        "P27_003": "03002",
        "P27_004": "03002",
        "P27_005": "造幣博物館",
        "P27_006": "天満1-1-79",
        "P27_007": 1,
        "P27_008": -99,
        "P27_009": 1969
      },
      "geometry": {
        "type": "Point",
        "coordinates": [
          135.521018,
          34.696658
        ]
      }
    },
    {
      "type": "Feature",
      "properties": {
        "P27_001": "27127",
        "P27_002": "3",
        "P27_003": "03002",
        "P27_004": "03002",
        "P27_005": "大阪市立科学館",
        "P27_006": "中之島4-2-1",
        "P27_007": 3,
        "P27_008": -99,
        "P27_009": 1989
      },
      "geometry": {
        "type": "Point",
        "coordinates": [
          135.491358,
          34.691309
        ]
      }
    },
    {
      "type": "Feature",
      "properties": {
        "P27_001": "27128",
        "P27_002": "3",
        "P27_003": "03002",
        "P27_004": "03002",
        "P27_005": "大阪城天守閣",
        "P27_006": "大阪城1-1",
        "P27_007": 3,
        "P27_008": 8,
        "P27_009": 1931
      },
      "geometry": {
        "type": "Point",
        "coordinates": [
          135.526494,
          34.685811
        ]
      }
    },
    {
      "type": "Feature",
      "properties": {
        "P27_001": "27128",
        "P27_002": "3",
        "P27_003": "03002",
        "P27_004": "03002",
        "P27_005": "大阪府立上方演芸資料館（ワッハ上方）",
        "P27_006": "難波千日前12-7（YES・NAMBAビル4階～7階）",
        "P27_007": 2,
        "P27_008": -99,
        "P27_009": 1996
      },
      "geometry": {
        "type": "Point",
        "coordinates": [
          135.503074,
          34.664593
        ]
      }
    },
    {
      "type": "Feature",
      "properties": {
        "P27_001": "27128",
        "P27_002": "3",
        "P27_003": "03002",
        "P27_004": "03002",
        "P27_005": "大阪国際平和センター（ピースおおさか）",
        "P27_006": "大阪城2-1",
        "P27_007": 4,
        "P27_008": 3,
        "P27_009": 1991
      },
      "geometry": {
        "type": "Point",
        "coordinates": [
          135.524983,
          34.684382
        ]
      }
    },
    {
      "type": "Feature",
      "properties": {
        "P27_001": "27141",
        "P27_002": "3",
        "P27_003": "03002",
        "P27_004": "03002",
        "P27_005": "堺市博物館",
        "P27_006": "百舌鳥夕雲町2（大仙公園内）",
        "P27_007": 3,
        "P27_008": -99,
        "P27_009": 1980
      },
      "geometry": {
        "type": "Point",
        "coordinates": [
          135.484154,
          34.55874
        ]
      }
    },
    {
      "type": "Feature",
      "properties": {
        "P27_001": "27141",
        "P27_002": "3",
        "P27_003": "03002",
        "P27_004": "03002",
        "P27_005": "自転車博物館サイクルセンター",
        "P27_006": "大仙中町18-2",
        "P27_007": 4,
        "P27_008": -99,
        "P27_009": 1992
      },
      "geometry": {
        "type": "Point",
        "coordinates": [
          135.481411,
          34.560135
        ]
      }
    },
    {
      "type": "Feature",
      "properties": {
        "P27_001": "27142",
        "P27_002": "3",
        "P27_003": "03002",
        "P27_004": "03002",
        "P27_005": "堺市立平和と人権資料館（フェニックス・ミュージアム）",
        "P27_006": "深井清水町1426（堺市教育文化センター（ソフィア・堺）内）",
        "P27_007": 3,
        "P27_008": -99,
        "P27_009": 1994
      },
      "geometry": {
        "type": "Point",
        "coordinates": [
          135.491589,
          34.533897
        ]
      }
    },
    {
      "type": "Feature",
      "properties": {
        "P27_001": "27145",
        "P27_002": "3",
        "P27_003": "03002",
        "P27_004": "03002",
        "P27_005": "小谷城郷土館",
        "P27_006": "豊田1602-1",
        "P27_007": 4,
        "P27_008": -99,
        "P27_009": 1992
      },
      "geometry": {
        "type": "Point",
        "coordinates": [
          135.498417,
          34.493228
        ]
      }
    },
    {
      "type": "Feature",
      "properties": {
        "P27_001": "27145",
        "P27_002": "3",
        "P27_003": "03002",
        "P27_004": "03002",
        "P27_005": "大阪府立泉北考古資料館",
        "P27_006": "若松台2-4（大蓮公園内）",
        "P27_007": 2,
        "P27_008": -99,
        "P27_009": 1970
      },
      "geometry": {
        "type": "Point",
        "coordinates": [
          135.513043,
          34.488207
        ]
      }
    },
    {
      "type": "Feature",
      "properties": {
        "P27_001": "27147",
        "P27_002": "3",
        "P27_003": "03002",
        "P27_004": "03002",
        "P27_005": "堺市立みはら歴史博物館",
        "P27_006": "黒山281",
        "P27_007": 3,
        "P27_008": -99,
        "P27_009": 2003
      },
      "geometry": {
        "type": "Point",
        "coordinates": [
          135.559888,
          34.548011
        ]
      }
    },
    {
      "type": "Feature",
      "properties": {
        "P27_001": "27202",
        "P27_002": "3",
        "P27_003": "03002",
        "P27_004": "03002",
        "P27_005": "きしわだ自然資料館",
        "P27_006": "堺町6-5",
        "P27_007": 3,
        "P27_008": 3,
        "P27_009": 1995
      },
      "geometry": {
        "type": "Point",
        "coordinates": [
          135.370762,
          34.462333
        ]
      }
    },
    {
      "type": "Feature",
      "properties": {
        "P27_001": "27203",
        "P27_002": "3",
        "P27_003": "03002",
        "P27_004": "03002",
        "P27_005": "大阪音楽大学音楽博物館",
        "P27_006": "名神口1-4-1",
        "P27_007": 4,
        "P27_008": -99,
        "P27_009": 1966
      },
      "geometry": {
        "type": "Point",
        "coordinates": [
          135.463036,
          34.756294
        ]
      }
    },
    {
      "type": "Feature",
      "properties": {
        "P27_001": "27203",
        "P27_002": "3",
        "P27_003": "03002",
        "P27_004": "03002",
        "P27_005": "日本民家集落博物館",
        "P27_006": "服部緑地1-2",
        "P27_007": 4,
        "P27_008": -99,
        "P27_009": 1960
      },
      "geometry": {
        "type": "Point",
        "coordinates": [
          135.489745,
          34.778216
        ]
      }
    },
    {
      "type": "Feature",
      "properties": {
        "P27_001": "27204",
        "P27_002": "3",
        "P27_003": "03002",
        "P27_004": "03002",
        "P27_005": "池田市立歴史民俗資料館",
        "P27_006": "五月丘1-10-12",
        "P27_007": 3,
        "P27_008": 2,
        "P27_009": 1980
      },
      "geometry": {
        "type": "Point",
        "coordinates": [
          135.435838,
          34.823709
        ]
      }
    },
    {
      "type": "Feature",
      "properties": {
        "P27_001": "27205",
        "P27_002": "3",
        "P27_003": "03002",
        "P27_004": "03002",
        "P27_005": "関西大学博物館",
        "P27_006": "山手町3-3-35",
        "P27_007": 4,
        "P27_008": -99,
        "P27_009": 1994
      },
      "geometry": {
        "type": "Point",
        "coordinates": [
          135.508133,
          34.770384
        ]
      }
    },
    {
      "type": "Feature",
      "properties": {
        "P27_001": "27205",
        "P27_002": "3",
        "P27_003": "03002",
        "P27_004": "03002",
        "P27_005": "大学共同利用機関法人人間文化研究機構・国立民族学博物館",
        "P27_006": "千里万博公園10-1",
        "P27_007": 4,
        "P27_008": -99,
        "P27_009": 1977
      },
      "geometry": {
        "type": "Point",
        "coordinates": [
          135.529825,
          34.812824
        ]
      }
    },
    {
      "type": "Feature",
      "properties": {
        "P27_001": "27205",
        "P27_002": "3",
        "P27_003": "03002",
        "P27_004": "03002",
        "P27_005": "吹田市立博物館",
        "P27_006": "岸部北4-10-1",
        "P27_007": 3,
        "P27_008": 3,
        "P27_009": 1992
      },
      "geometry": {
        "type": "Point",
        "coordinates": [
          135.528353,
          34.783355
        ]
      }
    },
    {
      "type": "Feature",
      "properties": {
        "P27_001": "27206",
        "P27_002": "3",
        "P27_003": "03002",
        "P27_004": "03002",
        "P27_005": "泉大津市立織編館",
        "P27_006": "旭町22-45",
        "P27_007": 3,
        "P27_008": 7,
        "P27_009": 1993
      },
      "geometry": {
        "type": "Point",
        "coordinates": [
          135.408401,
          34.501607
        ]
      }
    },
    {
      "type": "Feature",
      "properties": {
        "P27_001": "27207",
        "P27_002": "3",
        "P27_003": "03002",
        "P27_004": "03002",
        "P27_005": "高槻市立しろあと歴史館",
        "P27_006": "城内町1-7",
        "P27_007": 3,
        "P27_008": 3,
        "P27_009": 2003
      },
      "geometry": {
        "type": "Point",
        "coordinates": [
          135.623192,
          34.843368
        ]
      }
    },
    {
      "type": "Feature",
      "properties": {
        "P27_001": "27207",
        "P27_002": "3",
        "P27_003": "03002",
        "P27_004": "03002",
        "P27_005": "高槻市立歴史民俗資料館",
        "P27_006": "城内町3-10（城跡公園内）",
        "P27_007": 3,
        "P27_008": -99,
        "P27_009": 1982
      },
      "geometry": {
        "type": "Point",
        "coordinates": [
          135.622528,
          34.842539
        ]
      }
    },
    {
      "type": "Feature",
      "properties": {
        "P27_001": "27207",
        "P27_002": "3",
        "P27_003": "03002",
        "P27_004": "03002",
        "P27_005": "三好達治記念館",
        "P27_006": "上牧町2-6-31（本澄寺内）",
        "P27_007": 4,
        "P27_008": 1,
        "P27_009": 1976
      },
      "geometry": {
        "type": "Point",
        "coordinates": [
          135.661093,
          34.866479
        ]
      }
    },
    {
      "type": "Feature",
      "properties": {
        "P27_001": "27210",
        "P27_002": "3",
        "P27_003": "03002",
        "P27_004": "03002",
        "P27_005": "淀川資料館",
        "P27_006": "新町2-2-13",
        "P27_007": 1,
        "P27_008": 1,
        "P27_009": 1977
      },
      "geometry": {
        "type": "Point",
        "coordinates": [
          135.64272,
          34.815732
        ]
      }
    },
    {
      "type": "Feature",
      "properties": {
        "P27_001": "27211",
        "P27_002": "3",
        "P27_003": "03002",
        "P27_004": "03002",
        "P27_005": "茨木市立川端康成文学館",
        "P27_006": "上中条2-11-25",
        "P27_007": 3,
        "P27_008": -99,
        "P27_009": 1985
      },
      "geometry": {
        "type": "Point",
        "coordinates": [
          135.570212,
          34.823184
        ]
      }
    },
    {
      "type": "Feature",
      "properties": {
        "P27_001": "27211",
        "P27_002": "3",
        "P27_003": "03002",
        "P27_004": "03002",
        "P27_005": "茨木市立中央図書館併設富士正晴記念館",
        "P27_006": "畑田町1-51",
        "P27_007": 3,
        "P27_008": -99,
        "P27_009": 1992
      },
      "geometry": {
        "type": "Point",
        "coordinates": [
          135.565533,
          34.827117
        ]
      }
    },
    {
      "type": "Feature",
      "properties": {
        "P27_001": "27211",
        "P27_002": "3",
        "P27_003": "03002",
        "P27_004": "03002",
        "P27_005": "茨木市立文化財資料館",
        "P27_006": "東奈良3-12-18",
        "P27_007": 3,
        "P27_008": -99,
        "P27_009": 1984
      },
      "geometry": {
        "type": "Point",
        "coordinates": [
          135.568164,
          34.802634
        ]
      }
    },
    {
      "type": "Feature",
      "properties": {
        "P27_001": "27212",
        "P27_002": "3",
        "P27_003": "03002",
        "P27_004": "03002",
        "P27_005": "八尾市立歴史民俗資料館",
        "P27_006": "千塚3-180-1",
        "P27_007": 3,
        "P27_008": 2,
        "P27_009": 1987
      },
      "geometry": {
        "type": "Point",
        "coordinates": [
          135.641568,
          34.63143
        ]
      }
    },
    {
      "type": "Feature",
      "properties": {
        "P27_001": "27213",
        "P27_002": "3",
        "P27_003": "03002",
        "P27_004": "03002",
        "P27_005": "泉佐野市立歴史館いずみさの",
        "P27_006": "市場東1-295-1",
        "P27_007": 3,
        "P27_008": 1,
        "P27_009": 1996
      },
      "geometry": {
        "type": "Point",
        "coordinates": [
          135.327751,
          34.405534
        ]
      }
    },
    {
      "type": "Feature",
      "properties": {
        "P27_001": "27214",
        "P27_002": "3",
        "P27_003": "03002",
        "P27_004": "03002",
        "P27_005": "大阪大谷大学博物館",
        "P27_006": "錦織北3-11-1",
        "P27_007": 4,
        "P27_008": -99,
        "P27_009": 9999
      },
      "geometry": {
        "type": "Point",
        "coordinates": [
          135.580687,
          34.482251
        ]
      }
    },
    {
      "type": "Feature",
      "properties": {
        "P27_001": "27216",
        "P27_002": "3",
        "P27_003": "03002",
        "P27_004": "03002",
        "P27_005": "河内長野市立滝畑ふるさと文化財の森センター",
        "P27_006": "滝畑483-23",
        "P27_007": 3,
        "P27_008": -99,
        "P27_009": 1981
      },
      "geometry": {
        "type": "Point",
        "coordinates": [
          135.526207,
          34.387519
        ]
      }
    },
    {
      "type": "Feature",
      "properties": {
        "P27_001": "27218",
        "P27_002": "3",
        "P27_003": "03002",
        "P27_004": "03002",
        "P27_005": "大東市立歴史民俗資料館",
        "P27_006": "新町13-30",
        "P27_007": 3,
        "P27_008": -99,
        "P27_009": 1987
      },
      "geometry": {
        "type": "Point",
        "coordinates": [
          135.623866,
          34.703536
        ]
      }
    },
    {
      "type": "Feature",
      "properties": {
        "P27_001": "27219",
        "P27_002": "3",
        "P27_003": "03002",
        "P27_004": "03002",
        "P27_005": "大阪府立弥生文化博物館",
        "P27_006": "池上町4-8-27",
        "P27_007": 2,
        "P27_008": 3,
        "P27_009": 1991
      },
      "geometry": {
        "type": "Point",
        "coordinates": [
          135.427201,
          34.499275
        ]
      }
    },
    {
      "type": "Feature",
      "properties": {
        "P27_001": "27219",
        "P27_002": "3",
        "P27_003": "03002",
        "P27_004": "03002",
        "P27_005": "和泉市いずみの国歴史館",
        "P27_006": "まなび野2-4",
        "P27_007": 3,
        "P27_008": -99,
        "P27_009": 1999
      },
      "geometry": {
        "type": "Point",
        "coordinates": [
          135.45451,
          34.449701
        ]
      }
    },
    {
      "type": "Feature",
      "properties": {
        "P27_001": "27220",
        "P27_002": "3",
        "P27_003": "03002",
        "P27_004": "03002",
        "P27_005": "箕面市立郷土資料館",
        "P27_006": "西小路3-10-16",
        "P27_007": 3,
        "P27_008": -99,
        "P27_009": 1989
      },
      "geometry": {
        "type": "Point",
        "coordinates": [
          135.471188,
          34.829186
        ]
      }
    },
    {
      "type": "Feature",
      "properties": {
        "P27_001": "27221",
        "P27_002": "3",
        "P27_003": "03002",
        "P27_004": "03002",
        "P27_005": "柏原市立歴史資料館",
        "P27_006": "大字高井田1598-1",
        "P27_007": 3,
        "P27_008": 3,
        "P27_009": 1992
      },
      "geometry": {
        "type": "Point",
        "coordinates": [
          135.638892,
          34.57325
        ]
      }
    },
    {
      "type": "Feature",
      "properties": {
        "P27_001": "27223",
        "P27_002": "3",
        "P27_003": "03002",
        "P27_004": "03002",
        "P27_005": "松下幸之助歴史館",
        "P27_006": "大字門真1006",
        "P27_007": 4,
        "P27_008": -99,
        "P27_009": 1968
      },
      "geometry": {
        "type": "Point",
        "coordinates": [
          135.575128,
          34.740041
        ]
      }
    },
    {
      "type": "Feature",
      "properties": {
        "P27_001": "27227",
        "P27_002": "3",
        "P27_003": "03002",
        "P27_004": "03002",
        "P27_005": "鴻池新田会所",
        "P27_006": "鴻池元町2-30",
        "P27_007": 3,
        "P27_008": -99,
        "P27_009": 1704
      },
      "geometry": {
        "type": "Point",
        "coordinates": [
          135.599815,
          34.69827
        ]
      }
    },
    {
      "type": "Feature",
      "properties": {
        "P27_001": "27227",
        "P27_002": "3",
        "P27_003": "03002",
        "P27_004": "03002",
        "P27_005": "司馬遼太郎記念館",
        "P27_006": "下小阪3-11-18",
        "P27_007": 4,
        "P27_008": 2,
        "P27_009": 2001
      },
      "geometry": {
        "type": "Point",
        "coordinates": [
          135.586191,
          34.660438
        ]
      }
    },
    {
      "type": "Feature",
      "properties": {
        "P27_001": "27227",
        "P27_002": "3",
        "P27_003": "03002",
        "P27_004": "03002",
        "P27_005": "大阪商業大学商業史博物館",
        "P27_006": "御厨栄町4-1-10",
        "P27_007": 4,
        "P27_008": -99,
        "P27_009": 1983
      },
      "geometry": {
        "type": "Point",
        "coordinates": [
          135.585498,
          34.666829
        ]
      }
    },
    {
      "type": "Feature",
      "properties": {
        "P27_001": "27227",
        "P27_002": "3",
        "P27_003": "03002",
        "P27_004": "03002",
        "P27_005": "東大阪市立郷土博物館",
        "P27_006": "上四条町18-12",
        "P27_007": 3,
        "P27_008": 2,
        "P27_009": 1972
      },
      "geometry": {
        "type": "Point",
        "coordinates": [
          135.650844,
          34.660788
        ]
      }
    },
    {
      "type": "Feature",
      "properties": {
        "P27_001": "27229",
        "P27_002": "3",
        "P27_003": "03002",
        "P27_004": "03002",
        "P27_005": "四條畷市立歴史民俗資料館",
        "P27_006": "塚脇町3-7",
        "P27_007": 3,
        "P27_008": -99,
        "P27_009": 1985
      },
      "geometry": {
        "type": "Point",
        "coordinates": [
          135.641434,
          34.736805
        ]
      }
    },
    {
      "type": "Feature",
      "properties": {
        "P27_001": "27231",
        "P27_002": "3",
        "P27_003": "03002",
        "P27_004": "03002",
        "P27_005": "大阪狭山市立郷土資料館",
        "P27_006": "今熊1-94-1",
        "P27_007": 3,
        "P27_008": 2,
        "P27_009": 1981
      },
      "geometry": {
        "type": "Point",
        "coordinates": [
          135.543393,
          34.497848
        ]
      }
    },
    {
      "type": "Feature",
      "properties": {
        "P27_001": "27231",
        "P27_002": "3",
        "P27_003": "03002",
        "P27_004": "03002",
        "P27_005": "大阪府立狭山池博物館",
        "P27_006": "池尻中2",
        "P27_007": 2,
        "P27_008": -99,
        "P27_009": 2001
      },
      "geometry": {
        "type": "Point",
        "coordinates": [
          135.551252,
          34.507443
        ]
      }
    },
    {
      "type": "Feature",
      "properties": {
        "P27_001": "27381",
        "P27_002": "3",
        "P27_003": "03002",
        "P27_004": "03002",
        "P27_005": "太子町立竹内街道歴史資料館",
        "P27_006": "山田1855",
        "P27_007": 3,
        "P27_008": 1,
        "P27_009": 1993
      },
      "geometry": {
        "type": "Point",
        "coordinates": [
          135.656856,
          34.51711
        ]
      }
    },
    {
      "type": "Feature",
      "properties": {
        "P27_001": "27382",
        "P27_002": "3",
        "P27_003": "03002",
        "P27_004": "03002",
        "P27_005": "大阪府立近つ飛鳥博物館",
        "P27_006": "大字東山299",
        "P27_007": 2,
        "P27_008": 2,
        "P27_009": 1994
      },
      "geometry": {
        "type": "Point",
        "coordinates": [
          135.643042,
          34.503305
        ]
      }
    },
    {
      "type": "Feature",
      "properties": {
        "P27_001": "27383",
        "P27_002": "3",
        "P27_003": "03002",
        "P27_004": "03002",
        "P27_005": "千早赤阪村郷土資料館",
        "P27_006": "大字水分266",
        "P27_007": 3,
        "P27_008": 2,
        "P27_009": 1986
      },
      "geometry": {
        "type": "Point",
        "coordinates": [
          135.625395,
          34.463566
        ]
      }
    },
    {
      "type": "Feature",
      "properties": {
        "P27_001": "27102",
        "P27_002": "3",
        "P27_003": "03003",
        "P27_004": "03003",
        "P27_005": "大阪市立都島図書館",
        "P27_006": "中野町2-16-25",
        "P27_007": 3,
        "P27_008": -99,
        "P27_009": 1978
      },
      "geometry": {
        "type": "Point",
        "coordinates": [
          135.527882,
          34.701003
        ]
      }
    },
    {
      "type": "Feature",
      "properties": {
        "P27_001": "27103",
        "P27_002": "3",
        "P27_003": "03003",
        "P27_004": "03003",
        "P27_005": "大阪市立福島図書館",
        "P27_006": "吉野3-17-23",
        "P27_007": 3,
        "P27_008": -99,
        "P27_009": 1987
      },
      "geometry": {
        "type": "Point",
        "coordinates": [
          135.473054,
          34.69142
        ]
      }
    },
    {
      "type": "Feature",
      "properties": {
        "P27_001": "27104",
        "P27_002": "3",
        "P27_003": "03003",
        "P27_004": "03003",
        "P27_005": "大阪市立此花図書館",
        "P27_006": "四貫島1-1-18",
        "P27_007": 3,
        "P27_008": -99,
        "P27_009": 1977
      },
      "geometry": {
        "type": "Point",
        "coordinates": [
          135.457111,
          34.685865
        ]
      }
    },
    {
      "type": "Feature",
      "properties": {
        "P27_001": "27106",
        "P27_002": "3",
        "P27_003": "03003",
        "P27_004": "03003",
        "P27_005": "大阪市立中央図書館",
        "P27_006": "北堀江4-3-2",
        "P27_007": 3,
        "P27_008": -99,
        "P27_009": 1996
      },
      "geometry": {
        "type": "Point",
        "coordinates": [
          135.486136,
          34.673839
        ]
      }
    },
    {
      "type": "Feature",
      "properties": {
        "P27_001": "27107",
        "P27_002": "3",
        "P27_003": "03003",
        "P27_004": "03003",
        "P27_005": "大阪市立港図書館",
        "P27_006": "弁天2-1-5",
        "P27_007": 3,
        "P27_008": -99,
        "P27_009": 1982
      },
      "geometry": {
        "type": "Point",
        "coordinates": [
          135.458695,
          34.667839
        ]
      }
    },
    {
      "type": "Feature",
      "properties": {
        "P27_001": "27108",
        "P27_002": "3",
        "P27_003": "03003",
        "P27_004": "03003",
        "P27_005": "大阪市立大正図書館",
        "P27_006": "千島2-6-15",
        "P27_007": 3,
        "P27_008": -99,
        "P27_009": 1986
      },
      "geometry": {
        "type": "Point",
        "coordinates": [
          135.472111,
          34.65087
        ]
      }
    },
    {
      "type": "Feature",
      "properties": {
        "P27_001": "27109",
        "P27_002": "3",
        "P27_003": "03003",
        "P27_004": "03003",
        "P27_005": "大阪市立天王寺図書館",
        "P27_006": "上之宮町4-47",
        "P27_007": 3,
        "P27_008": -99,
        "P27_009": 1985
      },
      "geometry": {
        "type": "Point",
        "coordinates": [
          135.522217,
          34.661536
        ]
      }
    },
    {
      "type": "Feature",
      "properties": {
        "P27_001": "27111",
        "P27_002": "3",
        "P27_003": "03003",
        "P27_004": "03003",
        "P27_005": "大阪市立浪速図書館",
        "P27_006": "敷津西1-5-23",
        "P27_007": 3,
        "P27_008": -99,
        "P27_009": 1984
      },
      "geometry": {
        "type": "Point",
        "coordinates": [
          135.496108,
          34.65898
        ]
      }
    },
    {
      "type": "Feature",
      "properties": {
        "P27_001": "27113",
        "P27_002": "3",
        "P27_003": "03003",
        "P27_004": "03003",
        "P27_005": "大阪市立西淀川図書館",
        "P27_006": "御幣島1-2-10",
        "P27_007": 3,
        "P27_008": -99,
        "P27_009": 2005
      },
      "geometry": {
        "type": "Point",
        "coordinates": [
          135.454749,
          34.711272
        ]
      }
    },
    {
      "type": "Feature",
      "properties": {
        "P27_001": "27114",
        "P27_002": "3",
        "P27_003": "03003",
        "P27_004": "03003",
        "P27_005": "大阪市立東淀川図書館",
        "P27_006": "東淡路1-4-53",
        "P27_007": 3,
        "P27_008": -99,
        "P27_009": 1998
      },
      "geometry": {
        "type": "Point",
        "coordinates": [
          135.519604,
          34.734138
        ]
      }
    },
    {
      "type": "Feature",
      "properties": {
        "P27_001": "27115",
        "P27_002": "3",
        "P27_003": "03003",
        "P27_004": "03003",
        "P27_005": "大阪市立東成図書館",
        "P27_006": "大今里西3-2-17",
        "P27_007": 3,
        "P27_008": -99,
        "P27_009": 2011
      },
      "geometry": {
        "type": "Point",
        "coordinates": [
          135.54141,
          34.66808
        ]
      }
    },
    {
      "type": "Feature",
      "properties": {
        "P27_001": "27116",
        "P27_002": "3",
        "P27_003": "03003",
        "P27_004": "03003",
        "P27_005": "大阪市立生野図書館",
        "P27_006": "勝山南4-7-11",
        "P27_007": 3,
        "P27_008": -99,
        "P27_009": 1981
      },
      "geometry": {
        "type": "Point",
        "coordinates": [
          135.539771,
          34.653037
        ]
      }
    },
    {
      "type": "Feature",
      "properties": {
        "P27_001": "27117",
        "P27_002": "3",
        "P27_003": "03003",
        "P27_004": "03003",
        "P27_005": "大阪市立旭図書館",
        "P27_006": "中宮1-11-14",
        "P27_007": 3,
        "P27_008": -99,
        "P27_009": 2000
      },
      "geometry": {
        "type": "Point",
        "coordinates": [
          135.542436,
          34.721279
        ]
      }
    },
    {
      "type": "Feature",
      "properties": {
        "P27_001": "27118",
        "P27_002": "3",
        "P27_003": "03003",
        "P27_004": "03003",
        "P27_005": "大阪市立城東図書館",
        "P27_006": "中央3-5-11",
        "P27_007": 3,
        "P27_008": -99,
        "P27_009": 9999
      },
      "geometry": {
        "type": "Point",
        "coordinates": [
          135.544659,
          34.703198
        ]
      }
    },
    {
      "type": "Feature",
      "properties": {
        "P27_001": "27119",
        "P27_002": "3",
        "P27_003": "03003",
        "P27_004": "03003",
        "P27_005": "大阪市立阿倍野図書館",
        "P27_006": "阿倍野筋4-19-118",
        "P27_007": 3,
        "P27_008": -99,
        "P27_009": 2002
      },
      "geometry": {
        "type": "Point",
        "coordinates": [
          135.510455,
          34.640891
        ]
      }
    },
    {
      "type": "Feature",
      "properties": {
        "P27_001": "27120",
        "P27_002": "3",
        "P27_003": "03003",
        "P27_004": "03003",
        "P27_005": "大阪市立住吉図書館",
        "P27_006": "南住吉3-15-57",
        "P27_007": 3,
        "P27_008": -99,
        "P27_009": 2008
      },
      "geometry": {
        "type": "Point",
        "coordinates": [
          135.500714,
          34.604839
        ]
      }
    },
    {
      "type": "Feature",
      "properties": {
        "P27_001": "27121",
        "P27_002": "3",
        "P27_003": "03003",
        "P27_004": "03003",
        "P27_005": "大阪市立東住吉図書館",
        "P27_006": "東田辺2-11-28",
        "P27_007": 3,
        "P27_008": -99,
        "P27_009": 1979
      },
      "geometry": {
        "type": "Point",
        "coordinates": [
          135.527495,
          34.620346
        ]
      }
    },
    {
      "type": "Feature",
      "properties": {
        "P27_001": "27122",
        "P27_002": "3",
        "P27_003": "03003",
        "P27_004": "03003",
        "P27_005": "大阪市立西成図書館",
        "P27_006": "岸里1-1-50",
        "P27_007": 3,
        "P27_008": -99,
        "P27_009": 1985
      },
      "geometry": {
        "type": "Point",
        "coordinates": [
          135.494887,
          34.634622
        ]
      }
    },
    {
      "type": "Feature",
      "properties": {
        "P27_001": "27123",
        "P27_002": "3",
        "P27_003": "03003",
        "P27_004": "03003",
        "P27_005": "大阪市立淀川図書館",
        "P27_006": "新北野1-10-14",
        "P27_007": 3,
        "P27_008": -99,
        "P27_009": 1983
      },
      "geometry": {
        "type": "Point",
        "coordinates": [
          135.480997,
          34.716223
        ]
      }
    },
    {
      "type": "Feature",
      "properties": {
        "P27_001": "27124",
        "P27_002": "3",
        "P27_003": "03003",
        "P27_004": "03003",
        "P27_005": "大阪市立鶴見図書館",
        "P27_006": "横堤5-3-15",
        "P27_007": 3,
        "P27_008": -99,
        "P27_009": 2005
      },
      "geometry": {
        "type": "Point",
        "coordinates": [
          135.573489,
          34.704304
        ]
      }
    },
    {
      "type": "Feature",
      "properties": {
        "P27_001": "27125",
        "P27_002": "3",
        "P27_003": "03003",
        "P27_004": "03003",
        "P27_005": "大阪市立住之江図書館",
        "P27_006": "南加賀屋3-1-20",
        "P27_007": 3,
        "P27_008": -99,
        "P27_009": 1977
      },
      "geometry": {
        "type": "Point",
        "coordinates": [
          135.475,
          34.606403
        ]
      }
    },
    {
      "type": "Feature",
      "properties": {
        "P27_001": "27126",
        "P27_002": "3",
        "P27_003": "03003",
        "P27_004": "03003",
        "P27_005": "大阪市立平野図書館",
        "P27_006": "平野東1-8-2",
        "P27_007": 3,
        "P27_008": -99,
        "P27_009": 2001
      },
      "geometry": {
        "type": "Point",
        "coordinates": [
          135.559185,
          34.624495
        ]
      }
    },
    {
      "type": "Feature",
      "properties": {
        "P27_001": "27127",
        "P27_002": "3",
        "P27_003": "03003",
        "P27_004": "03003",
        "P27_005": "大阪市立北図書館",
        "P27_006": "本庄東3-8-2",
        "P27_007": 3,
        "P27_008": -99,
        "P27_009": 1984
      },
      "geometry": {
        "type": "Point",
        "coordinates": [
          135.508606,
          34.715946
        ]
      }
    },
    {
      "type": "Feature",
      "properties": {
        "P27_001": "27127",
        "P27_002": "3",
        "P27_003": "03003",
        "P27_004": "03003",
        "P27_005": "大阪府立中之島図書館（休館予定）",
        "P27_006": "中之島1-2-10",
        "P27_007": 2,
        "P27_008": -99,
        "P27_009": 9999
      },
      "geometry": {
        "type": "Point",
        "coordinates": [
          135.50319,
          34.693671
        ]
      }
    },
    {
      "type": "Feature",
      "properties": {
        "P27_001": "27128",
        "P27_002": "3",
        "P27_003": "03003",
        "P27_004": "03003",
        "P27_005": "大阪市立島之内図書館",
        "P27_006": "島之内2-12-31",
        "P27_007": 3,
        "P27_008": -99,
        "P27_009": 1989
      },
      "geometry": {
        "type": "Point",
        "coordinates": [
          135.507773,
          34.671701
        ]
      }
    },
    {
      "type": "Feature",
      "properties": {
        "P27_001": "27141",
        "P27_002": "3",
        "P27_003": "03003",
        "P27_004": "03003",
        "P27_005": "堺市立人権ふれあいセンター図書ホール",
        "P27_006": "協和町2丁61",
        "P27_007": 3,
        "P27_008": -99,
        "P27_009": 9999
      },
      "geometry": {
        "type": "Point",
        "coordinates": [
          135.469573,
          34.564446
        ]
      }
    },
    {
      "type": "Feature",
      "properties": {
        "P27_001": "27141",
        "P27_002": "3",
        "P27_003": "03003",
        "P27_004": "03003",
        "P27_005": "堺市立中央図書館",
        "P27_006": "大仙中町18-1",
        "P27_007": 3,
        "P27_008": -99,
        "P27_009": 9999
      },
      "geometry": {
        "type": "Point",
        "coordinates": [
          135.480973,
          34.561352
        ]
      }
    },
    {
      "type": "Feature",
      "properties": {
        "P27_001": "27141",
        "P27_002": "3",
        "P27_003": "03003",
        "P27_004": "03003",
        "P27_005": "堺市立中央図書館堺市駅前分館",
        "P27_006": "田出井町1-1-300",
        "P27_007": 3,
        "P27_008": -99,
        "P27_009": 9999
      },
      "geometry": {
        "type": "Point",
        "coordinates": [
          135.496658,
          34.577516
        ]
      }
    },
    {
      "type": "Feature",
      "properties": {
        "P27_001": "27142",
        "P27_002": "3",
        "P27_003": "03003",
        "P27_004": "03003",
        "P27_005": "堺市立中図書館",
        "P27_006": "深井清水町1426",
        "P27_007": 3,
        "P27_008": -99,
        "P27_009": 9999
      },
      "geometry": {
        "type": "Point",
        "coordinates": [
          135.491445,
          34.534272
        ]
      }
    },
    {
      "type": "Feature",
      "properties": {
        "P27_001": "27142",
        "P27_002": "3",
        "P27_003": "03003",
        "P27_004": "03003",
        "P27_005": "堺市立中図書館東百舌鳥分館",
        "P27_006": "土塔町2363-23",
        "P27_007": 3,
        "P27_008": -99,
        "P27_009": 9999
      },
      "geometry": {
        "type": "Point",
        "coordinates": [
          135.508519,
          34.537088
        ]
      }
    },
    {
      "type": "Feature",
      "properties": {
        "P27_001": "27143",
        "P27_002": "3",
        "P27_003": "03003",
        "P27_004": "03003",
        "P27_005": "堺市立東図書館",
        "P27_006": "北野田1077",
        "P27_007": 3,
        "P27_008": -99,
        "P27_009": 9999
      },
      "geometry": {
        "type": "Point",
        "coordinates": [
          135.542465,
          34.52338
        ]
      }
    },
    {
      "type": "Feature",
      "properties": {
        "P27_001": "27143",
        "P27_002": "3",
        "P27_003": "03003",
        "P27_004": "03003",
        "P27_005": "堺市立東図書館初芝分館",
        "P27_006": "野尻町221-4",
        "P27_007": 3,
        "P27_008": -99,
        "P27_009": 9999
      },
      "geometry": {
        "type": "Point",
        "coordinates": [
          135.523223,
          34.540351
        ]
      }
    },
    {
      "type": "Feature",
      "properties": {
        "P27_001": "27144",
        "P27_002": "3",
        "P27_003": "03003",
        "P27_004": "03003",
        "P27_005": "堺市立西図書館",
        "P27_006": "鳳南町4丁444-1",
        "P27_007": 3,
        "P27_008": -99,
        "P27_009": 9999
      },
      "geometry": {
        "type": "Point",
        "coordinates": [
          135.462114,
          34.52755
        ]
      }
    },
    {
      "type": "Feature",
      "properties": {
        "P27_001": "27145",
        "P27_002": "3",
        "P27_003": "03003",
        "P27_004": "03003",
        "P27_005": "堺市立南図書館",
        "P27_006": "茶山台1丁7-1",
        "P27_007": 3,
        "P27_008": -99,
        "P27_009": 9999
      },
      "geometry": {
        "type": "Point",
        "coordinates": [
          135.511166,
          34.494998
        ]
      }
    },
    {
      "type": "Feature",
      "properties": {
        "P27_001": "27145",
        "P27_002": "3",
        "P27_003": "03003",
        "P27_004": "03003",
        "P27_005": "堺市立南図書館栂分館",
        "P27_006": "桃山台2丁1-2",
        "P27_007": 3,
        "P27_008": -99,
        "P27_009": 9999
      },
      "geometry": {
        "type": "Point",
        "coordinates": [
          135.489352,
          34.485724
        ]
      }
    },
    {
      "type": "Feature",
      "properties": {
        "P27_001": "27145",
        "P27_002": "3",
        "P27_003": "03003",
        "P27_004": "03003",
        "P27_005": "堺市立南図書館美木多分館",
        "P27_006": "鴨谷台2丁4-1",
        "P27_007": 3,
        "P27_008": -99,
        "P27_009": 9999
      },
      "geometry": {
        "type": "Point",
        "coordinates": [
          135.478414,
          34.474373
        ]
      }
    },
    {
      "type": "Feature",
      "properties": {
        "P27_001": "27146",
        "P27_002": "3",
        "P27_003": "03003",
        "P27_004": "03003",
        "P27_005": "堺市立北図書館",
        "P27_006": "新金岡町5丁1-4",
        "P27_007": 3,
        "P27_008": -99,
        "P27_009": 9999
      },
      "geometry": {
        "type": "Point",
        "coordinates": [
          135.517216,
          34.565528
        ]
      }
    },
    {
      "type": "Feature",
      "properties": {
        "P27_001": "27147",
        "P27_002": "3",
        "P27_003": "03003",
        "P27_004": "03003",
        "P27_005": "堺市立美原図書館",
        "P27_006": "黒山167-14",
        "P27_007": 3,
        "P27_008": -99,
        "P27_009": 9999
      },
      "geometry": {
        "type": "Point",
        "coordinates": [
          135.559216,
          34.538911
        ]
      }
    },
    {
      "type": "Feature",
      "properties": {
        "P27_001": "27202",
        "P27_002": "3",
        "P27_003": "03003",
        "P27_004": "03003",
        "P27_005": "岸和田市立山直図書館",
        "P27_006": "三田町715-1",
        "P27_007": 3,
        "P27_008": -99,
        "P27_009": 9999
      },
      "geometry": {
        "type": "Point",
        "coordinates": [
          135.430701,
          34.451947
        ]
      }
    },
    {
      "type": "Feature",
      "properties": {
        "P27_001": "27202",
        "P27_002": "3",
        "P27_003": "03003",
        "P27_004": "03003",
        "P27_005": "岸和田市立春木図書館",
        "P27_006": "春木若松町21-1",
        "P27_007": 3,
        "P27_008": -99,
        "P27_009": 9999
      },
      "geometry": {
        "type": "Point",
        "coordinates": [
          135.381733,
          34.475388
        ]
      }
    },
    {
      "type": "Feature",
      "properties": {
        "P27_001": "27202",
        "P27_002": "3",
        "P27_003": "03003",
        "P27_004": "03003",
        "P27_005": "岸和田市立図書館",
        "P27_006": "岸城町1-18",
        "P27_007": 3,
        "P27_008": -99,
        "P27_009": 9999
      },
      "geometry": {
        "type": "Point",
        "coordinates": [
          135.374234,
          34.459195
        ]
      }
    },
    {
      "type": "Feature",
      "properties": {
        "P27_001": "27203",
        "P27_002": "3",
        "P27_003": "03003",
        "P27_004": "03003",
        "P27_005": "豊中市立岡町図書館",
        "P27_006": "岡町北3-4-2",
        "P27_007": 3,
        "P27_008": 4,
        "P27_009": 1945
      },
      "geometry": {
        "type": "Point",
        "coordinates": [
          135.463553,
          34.780354
        ]
      }
    },
    {
      "type": "Feature",
      "properties": {
        "P27_001": "27203",
        "P27_002": "3",
        "P27_003": "03003",
        "P27_004": "03003",
        "P27_005": "豊中市立蛍池図書館",
        "P27_006": "蛍池中町3-2-1-502",
        "P27_007": 3,
        "P27_008": 7,
        "P27_009": 2003
      },
      "geometry": {
        "type": "Point",
        "coordinates": [
          135.448817,
          34.794236
        ]
      }
    },
    {
      "type": "Feature",
      "properties": {
        "P27_001": "27203",
        "P27_002": "3",
        "P27_003": "03003",
        "P27_004": "03003",
        "P27_005": "豊中市立高川図書館",
        "P27_006": "豊南町東1-1-2",
        "P27_007": 3,
        "P27_008": 3,
        "P27_009": 2000
      },
      "geometry": {
        "type": "Point",
        "coordinates": [
          135.483607,
          34.753575
        ]
      }
    },
    {
      "type": "Feature",
      "properties": {
        "P27_001": "27203",
        "P27_002": "3",
        "P27_003": "03003",
        "P27_004": "03003",
        "P27_005": "豊中市立庄内幸町図書館",
        "P27_006": "庄内幸町4-26-14",
        "P27_007": 3,
        "P27_008": 4,
        "P27_009": 1993
      },
      "geometry": {
        "type": "Point",
        "coordinates": [
          135.468359,
          34.746941
        ]
      }
    },
    {
      "type": "Feature",
      "properties": {
        "P27_001": "27203",
        "P27_002": "3",
        "P27_003": "03003",
        "P27_004": "03003",
        "P27_005": "豊中市立庄内図書館",
        "P27_006": "三和町3-2-1",
        "P27_007": 3,
        "P27_008": 3,
        "P27_009": 1975
      },
      "geometry": {
        "type": "Point",
        "coordinates": [
          135.474803,
          34.741942
        ]
      }
    },
    {
      "type": "Feature",
      "properties": {
        "P27_001": "27203",
        "P27_002": "3",
        "P27_003": "03003",
        "P27_004": "03003",
        "P27_005": "豊中市立千里図書館",
        "P27_006": "新千里東町1-2-2",
        "P27_007": 3,
        "P27_008": 4,
        "P27_009": 1978
      },
      "geometry": {
        "type": "Point",
        "coordinates": [
          135.494022,
          34.810629
        ]
      }
    },
    {
      "type": "Feature",
      "properties": {
        "P27_001": "27203",
        "P27_002": "3",
        "P27_003": "03003",
        "P27_004": "03003",
        "P27_005": "豊中市立東豊中図書館",
        "P27_006": "東豊中町5-2-1",
        "P27_007": 3,
        "P27_008": 3,
        "P27_009": 1993
      },
      "geometry": {
        "type": "Point",
        "coordinates": [
          135.488467,
          34.794992
        ]
      }
    },
    {
      "type": "Feature",
      "properties": {
        "P27_001": "27203",
        "P27_002": "3",
        "P27_003": "03003",
        "P27_004": "03003",
        "P27_005": "豊中市立服部図書館",
        "P27_006": "服部本町5-2-8",
        "P27_007": 3,
        "P27_008": 3,
        "P27_009": 1999
      },
      "geometry": {
        "type": "Point",
        "coordinates": [
          135.477358,
          34.769383
        ]
      }
    },
    {
      "type": "Feature",
      "properties": {
        "P27_001": "27203",
        "P27_002": "3",
        "P27_003": "03003",
        "P27_004": "03003",
        "P27_005": "豊中市立野畑図書館",
        "P27_006": "春日町4-11-1",
        "P27_007": 3,
        "P27_008": 3,
        "P27_009": 1988
      },
      "geometry": {
        "type": "Point",
        "coordinates": [
          135.469941,
          34.811517
        ]
      }
    },
    {
      "type": "Feature",
      "properties": {
        "P27_001": "27204",
        "P27_002": "3",
        "P27_003": "03003",
        "P27_004": "03003",
        "P27_005": "(財)阪急文化財団池田文庫",
        "P27_006": "栄本町12-1",
        "P27_007": 4,
        "P27_008": -99,
        "P27_009": 9999
      },
      "geometry": {
        "type": "Point",
        "coordinates": [
          135.428407,
          34.825082
        ]
      }
    },
    {
      "type": "Feature",
      "properties": {
        "P27_001": "27204",
        "P27_002": "3",
        "P27_003": "03003",
        "P27_004": "03003",
        "P27_005": "池田市立図書館（休館予定）",
        "P27_006": "五月丘1-10-12",
        "P27_007": 3,
        "P27_008": -99,
        "P27_009": 9999
      },
      "geometry": {
        "type": "Point",
        "coordinates": [
          135.43586,
          34.823682
        ]
      }
    },
    {
      "type": "Feature",
      "properties": {
        "P27_001": "27204",
        "P27_002": "3",
        "P27_003": "03003",
        "P27_004": "03003",
        "P27_005": "池田市立石橋プラザ（休館予定）",
        "P27_006": "石橋2-1-1（リヴァーサイドビル1F）",
        "P27_007": 3,
        "P27_008": -99,
        "P27_009": 9999
      },
      "geometry": {
        "type": "Point",
        "coordinates": [
          135.444856,
          34.809907
        ]
      }
    },
    {
      "type": "Feature",
      "properties": {
        "P27_001": "27205",
        "P27_002": "3",
        "P27_003": "03003",
        "P27_004": "03003",
        "P27_005": "吹田市立さんくす図書館",
        "P27_006": "朝日町3-501",
        "P27_007": 3,
        "P27_008": -99,
        "P27_009": 9999
      },
      "geometry": {
        "type": "Point",
        "coordinates": [
          135.524603,
          34.762552
        ]
      }
    },
    {
      "type": "Feature",
      "properties": {
        "P27_001": "27205",
        "P27_002": "3",
        "P27_003": "03003",
        "P27_004": "03003",
        "P27_005": "吹田市立江坂図書館",
        "P27_006": "江坂町1-19-1",
        "P27_007": 3,
        "P27_008": -99,
        "P27_009": 9999
      },
      "geometry": {
        "type": "Point",
        "coordinates": [
          135.499328,
          34.759274
        ]
      }
    },
    {
      "type": "Feature",
      "properties": {
        "P27_001": "27205",
        "P27_002": "3",
        "P27_003": "03003",
        "P27_004": "03003",
        "P27_005": "吹田市立千里山・佐井寺図書館",
        "P27_006": "千里山松が丘25-2",
        "P27_007": 3,
        "P27_008": -99,
        "P27_009": 9999
      },
      "geometry": {
        "type": "Point",
        "coordinates": [
          135.509561,
          34.780133
        ]
      }
    },
    {
      "type": "Feature",
      "properties": {
        "P27_001": "27205",
        "P27_002": "3",
        "P27_003": "03003",
        "P27_004": "03003",
        "P27_005": "吹田市立千里図書館",
        "P27_006": "津雲台1-2-1",
        "P27_007": 3,
        "P27_008": -99,
        "P27_009": 2012
      },
      "geometry": {
        "type": "Point",
        "coordinates": [
          135.508434,
          34.793118
        ]
      }
    },
    {
      "type": "Feature",
      "properties": {
        "P27_001": "27205",
        "P27_002": "3",
        "P27_003": "03003",
        "P27_004": "03003",
        "P27_005": "吹田市立中央図書館",
        "P27_006": "出口町18-9",
        "P27_007": 3,
        "P27_008": -99,
        "P27_009": 1971
      },
      "geometry": {
        "type": "Point",
        "coordinates": [
          135.515938,
          34.764523
        ]
      }
    },
    {
      "type": "Feature",
      "properties": {
        "P27_001": "27206",
        "P27_002": "3",
        "P27_003": "03003",
        "P27_004": "03003",
        "P27_005": "泉大津市立図書館",
        "P27_006": "下条町11-35",
        "P27_007": 3,
        "P27_008": -99,
        "P27_009": 9999
      },
      "geometry": {
        "type": "Point",
        "coordinates": [
          135.412536,
          34.49958
        ]
      }
    },
    {
      "type": "Feature",
      "properties": {
        "P27_001": "27207",
        "P27_002": "3",
        "P27_003": "03003",
        "P27_004": "03003",
        "P27_005": "高槻市立阿武山図書館",
        "P27_006": "奈佐原2-11-12",
        "P27_007": 3,
        "P27_008": -99,
        "P27_009": 9999
      },
      "geometry": {
        "type": "Point",
        "coordinates": [
          135.580764,
          34.86011
        ]
      }
    },
    {
      "type": "Feature",
      "properties": {
        "P27_001": "27207",
        "P27_002": "3",
        "P27_003": "03003",
        "P27_004": "03003",
        "P27_005": "高槻市立芝生図書館",
        "P27_006": "芝生町4-3-11",
        "P27_007": 3,
        "P27_008": -99,
        "P27_009": 9999
      },
      "geometry": {
        "type": "Point",
        "coordinates": [
          135.609286,
          34.821953
        ]
      }
    },
    {
      "type": "Feature",
      "properties": {
        "P27_001": "27207",
        "P27_002": "3",
        "P27_003": "03003",
        "P27_004": "03003",
        "P27_005": "高槻市立小寺池図書館",
        "P27_006": "西五百住町1-1",
        "P27_007": 3,
        "P27_008": -99,
        "P27_009": 9999
      },
      "geometry": {
        "type": "Point",
        "coordinates": [
          135.595013,
          34.835128
        ]
      }
    },
    {
      "type": "Feature",
      "properties": {
        "P27_001": "27207",
        "P27_002": "3",
        "P27_003": "03003",
        "P27_004": "03003",
        "P27_005": "高槻市立中央図書館",
        "P27_006": "桃園町2-1",
        "P27_007": 3,
        "P27_008": -99,
        "P27_009": 9999
      },
      "geometry": {
        "type": "Point",
        "coordinates": [
          135.617288,
          34.8466
        ]
      }
    },
    {
      "type": "Feature",
      "properties": {
        "P27_001": "27207",
        "P27_002": "3",
        "P27_003": "03003",
        "P27_004": "03003",
        "P27_005": "高槻市立天神山図書館",
        "P27_006": "天神町2-6-17",
        "P27_007": 3,
        "P27_008": -99,
        "P27_009": 9999
      },
      "geometry": {
        "type": "Point",
        "coordinates": [
          135.615342,
          34.858016
        ]
      }
    },
    {
      "type": "Feature",
      "properties": {
        "P27_001": "27208",
        "P27_002": "3",
        "P27_003": "03003",
        "P27_004": "03003",
        "P27_005": "貝塚市民図書館",
        "P27_006": "畠中1-12-1",
        "P27_007": 3,
        "P27_008": -99,
        "P27_009": 9999
      },
      "geometry": {
        "type": "Point",
        "coordinates": [
          135.35993,
          34.439058
        ]
      }
    },
    {
      "type": "Feature",
      "properties": {
        "P27_001": "27209",
        "P27_002": "3",
        "P27_003": "03003",
        "P27_004": "03003",
        "P27_005": "守口市生涯学習情報センター",
        "P27_006": "大日町2-14-10",
        "P27_007": 3,
        "P27_008": -99,
        "P27_009": 9999
      },
      "geometry": {
        "type": "Point",
        "coordinates": [
          135.577932,
          34.751693
        ]
      }
    },
    {
      "type": "Feature",
      "properties": {
        "P27_001": "27210",
        "P27_002": "3",
        "P27_003": "03003",
        "P27_004": "03003",
        "P27_005": "枚方市立御殿山図書館",
        "P27_006": "御殿山町10-16",
        "P27_007": 3,
        "P27_008": -99,
        "P27_009": 9999
      },
      "geometry": {
        "type": "Point",
        "coordinates": [
          135.656868,
          34.829241
        ]
      }
    },
    {
      "type": "Feature",
      "properties": {
        "P27_001": "27210",
        "P27_002": "3",
        "P27_003": "03003",
        "P27_004": "03003",
        "P27_005": "枚方市立香里ケ丘図書館",
        "P27_006": "香里ヶ丘4-2-1",
        "P27_007": 3,
        "P27_008": -99,
        "P27_009": 9999
      },
      "geometry": {
        "type": "Point",
        "coordinates": [
          135.651425,
          34.790579
        ]
      }
    },
    {
      "type": "Feature",
      "properties": {
        "P27_001": "27210",
        "P27_002": "3",
        "P27_003": "03003",
        "P27_004": "03003",
        "P27_005": "枚方市立菅原図書館",
        "P27_006": "長尾元町1-35-1",
        "P27_007": 3,
        "P27_008": -99,
        "P27_009": 9999
      },
      "geometry": {
        "type": "Point",
        "coordinates": [
          135.70878,
          34.823993
        ]
      }
    },
    {
      "type": "Feature",
      "properties": {
        "P27_001": "27210",
        "P27_002": "3",
        "P27_003": "03003",
        "P27_004": "03003",
        "P27_005": "枚方市立中央図書館",
        "P27_006": "車塚2-1-1",
        "P27_007": 3,
        "P27_008": -99,
        "P27_009": 9999
      },
      "geometry": {
        "type": "Point",
        "coordinates": [
          135.671662,
          34.833367
        ]
      }
    },
    {
      "type": "Feature",
      "properties": {
        "P27_001": "27210",
        "P27_002": "3",
        "P27_003": "03003",
        "P27_004": "03003",
        "P27_005": "枚方市立津田図書館",
        "P27_006": "津田北町2-25-3",
        "P27_007": 3,
        "P27_008": -99,
        "P27_009": 9999
      },
      "geometry": {
        "type": "Point",
        "coordinates": [
          135.703392,
          34.8098
        ]
      }
    },
    {
      "type": "Feature",
      "properties": {
        "P27_001": "27210",
        "P27_002": "3",
        "P27_003": "03003",
        "P27_004": "03003",
        "P27_005": "枚方市立楠葉図書館",
        "P27_006": "楠葉並木2-29-5",
        "P27_007": 3,
        "P27_008": -99,
        "P27_009": 9999
      },
      "geometry": {
        "type": "Point",
        "coordinates": [
          135.68181,
          34.8596
        ]
      }
    },
    {
      "type": "Feature",
      "properties": {
        "P27_001": "27210",
        "P27_002": "3",
        "P27_003": "03003",
        "P27_004": "03003",
        "P27_005": "枚方市立牧野図書館",
        "P27_006": "宇山町4-5",
        "P27_007": 3,
        "P27_008": -99,
        "P27_009": 9999
      },
      "geometry": {
        "type": "Point",
        "coordinates": [
          135.668811,
          34.842851
        ]
      }
    },
    {
      "type": "Feature",
      "properties": {
        "P27_001": "27210",
        "P27_002": "3",
        "P27_003": "03003",
        "P27_004": "03003",
        "P27_005": "枚方市立蹉ダ図書館",
        "P27_006": "北中振3-27-10",
        "P27_007": 3,
        "P27_008": -99,
        "P27_009": 9999
      },
      "geometry": {
        "type": "Point",
        "coordinates": [
          135.628593,
          34.79705
        ]
      }
    },
    {
      "type": "Feature",
      "properties": {
        "P27_001": "27211",
        "P27_002": "3",
        "P27_003": "03003",
        "P27_004": "03003",
        "P27_005": "茨木市立庄栄図書館",
        "P27_006": "庄2-26-12",
        "P27_007": 3,
        "P27_008": -99,
        "P27_009": 9999
      },
      "geometry": {
        "type": "Point",
        "coordinates": [
          135.582097,
          34.826685
        ]
      }
    },
    {
      "type": "Feature",
      "properties": {
        "P27_001": "27211",
        "P27_002": "3",
        "P27_003": "03003",
        "P27_004": "03003",
        "P27_005": "茨木市立水尾図書館",
        "P27_006": "水尾3-3-18",
        "P27_007": 3,
        "P27_008": -99,
        "P27_009": 9999
      },
      "geometry": {
        "type": "Point",
        "coordinates": [
          135.576876,
          34.805076
        ]
      }
    },
    {
      "type": "Feature",
      "properties": {
        "P27_001": "27211",
        "P27_002": "3",
        "P27_003": "03003",
        "P27_004": "03003",
        "P27_005": "茨木市立中央図書館",
        "P27_006": "畑田町1-51",
        "P27_007": 3,
        "P27_008": -99,
        "P27_009": 9999
      },
      "geometry": {
        "type": "Point",
        "coordinates": [
          135.565543,
          34.826934
        ]
      }
    },
    {
      "type": "Feature",
      "properties": {
        "P27_001": "27211",
        "P27_002": "3",
        "P27_003": "03003",
        "P27_004": "03003",
        "P27_005": "茨木市立中条図書館",
        "P27_006": "東中条町2-13",
        "P27_007": 3,
        "P27_008": -99,
        "P27_009": 9999
      },
      "geometry": {
        "type": "Point",
        "coordinates": [
          135.569015,
          34.814686
        ]
      }
    },
    {
      "type": "Feature",
      "properties": {
        "P27_001": "27211",
        "P27_002": "3",
        "P27_003": "03003",
        "P27_004": "03003",
        "P27_005": "茨木市立穂積図書館",
        "P27_006": "松ヶ本町8-30",
        "P27_007": 3,
        "P27_008": -99,
        "P27_009": 9999
      },
      "geometry": {
        "type": "Point",
        "coordinates": [
          135.558438,
          34.810794
        ]
      }
    },
    {
      "type": "Feature",
      "properties": {
        "P27_001": "27212",
        "P27_002": "3",
        "P27_003": "03003",
        "P27_004": "03003",
        "P27_005": "八尾市立山本図書館",
        "P27_006": "山本町1-8-11",
        "P27_007": 3,
        "P27_008": 5,
        "P27_009": 9999
      },
      "geometry": {
        "type": "Point",
        "coordinates": [
          135.620986,
          34.628014
        ]
      }
    },
    {
      "type": "Feature",
      "properties": {
        "P27_001": "27212",
        "P27_002": "3",
        "P27_003": "03003",
        "P27_004": "03003",
        "P27_005": "八尾市立志紀図書館",
        "P27_006": "志紀町西1-3",
        "P27_007": 3,
        "P27_008": -99,
        "P27_009": 9999
      },
      "geometry": {
        "type": "Point",
        "coordinates": [
          135.607572,
          34.601322
        ]
      }
    },
    {
      "type": "Feature",
      "properties": {
        "P27_001": "27212",
        "P27_002": "3",
        "P27_003": "03003",
        "P27_004": "03003",
        "P27_005": "八尾市立八尾図書館",
        "P27_006": "本町2-1-12",
        "P27_007": 3,
        "P27_008": -99,
        "P27_009": 9999
      },
      "geometry": {
        "type": "Point",
        "coordinates": [
          135.599933,
          34.626985
        ]
      }
    },
    {
      "type": "Feature",
      "properties": {
        "P27_001": "27213",
        "P27_002": "3",
        "P27_003": "03003",
        "P27_004": "03003",
        "P27_005": "泉佐野市立中央図書館",
        "P27_006": "市場東1-295-1",
        "P27_007": 3,
        "P27_008": -99,
        "P27_009": 9999
      },
      "geometry": {
        "type": "Point",
        "coordinates": [
          135.327751,
          34.405534
        ]
      }
    },
    {
      "type": "Feature",
      "properties": {
        "P27_001": "27214",
        "P27_002": "3",
        "P27_003": "03003",
        "P27_004": "03003",
        "P27_005": "富田林市立金剛図書館",
        "P27_006": "高辺台2-1-2",
        "P27_007": 3,
        "P27_008": -99,
        "P27_009": 9999
      },
      "geometry": {
        "type": "Point",
        "coordinates": [
          135.574521,
          34.500249
        ]
      }
    },
    {
      "type": "Feature",
      "properties": {
        "P27_001": "27214",
        "P27_002": "3",
        "P27_003": "03003",
        "P27_004": "03003",
        "P27_005": "富田林市立中央図書館",
        "P27_006": "本町16-28",
        "P27_007": 3,
        "P27_008": -99,
        "P27_009": 9999
      },
      "geometry": {
        "type": "Point",
        "coordinates": [
          135.59988,
          34.503027
        ]
      }
    },
    {
      "type": "Feature",
      "properties": {
        "P27_001": "27215",
        "P27_002": "3",
        "P27_003": "03003",
        "P27_004": "03003",
        "P27_005": "寝屋川市立中央図書館",
        "P27_006": "池田西町28-22",
        "P27_007": 3,
        "P27_008": -99,
        "P27_009": 9999
      },
      "geometry": {
        "type": "Point",
        "coordinates": [
          135.611345,
          34.770553
        ]
      }
    },
    {
      "type": "Feature",
      "properties": {
        "P27_001": "27215",
        "P27_002": "3",
        "P27_003": "03003",
        "P27_004": "03003",
        "P27_005": "寝屋川市立東図書館",
        "P27_006": "秦町41-1",
        "P27_007": 3,
        "P27_008": -99,
        "P27_009": 9999
      },
      "geometry": {
        "type": "Point",
        "coordinates": [
          135.63151,
          34.763026
        ]
      }
    },
    {
      "type": "Feature",
      "properties": {
        "P27_001": "27216",
        "P27_002": "3",
        "P27_003": "03003",
        "P27_004": "03003",
        "P27_005": "河内長野市立図書館",
        "P27_006": "昭栄町7-1",
        "P27_007": 3,
        "P27_008": -99,
        "P27_009": 9999
      },
      "geometry": {
        "type": "Point",
        "coordinates": [
          135.560398,
          34.454399
        ]
      }
    },
    {
      "type": "Feature",
      "properties": {
        "P27_001": "27217",
        "P27_002": "3",
        "P27_003": "03003",
        "P27_004": "03003",
        "P27_005": "松原市民恵我図書館",
        "P27_006": "一津屋1-10-15",
        "P27_007": 3,
        "P27_008": -99,
        "P27_009": 9999
      },
      "geometry": {
        "type": "Point",
        "coordinates": [
          135.57002,
          34.577268
        ]
      }
    },
    {
      "type": "Feature",
      "properties": {
        "P27_001": "27217",
        "P27_002": "3",
        "P27_003": "03003",
        "P27_004": "03003",
        "P27_005": "松原市民三宅図書館",
        "P27_006": "三宅中3-17-15",
        "P27_007": 3,
        "P27_008": -99,
        "P27_009": 9999
      },
      "geometry": {
        "type": "Point",
        "coordinates": [
          135.556327,
          34.588294
        ]
      }
    },
    {
      "type": "Feature",
      "properties": {
        "P27_001": "27217",
        "P27_002": "3",
        "P27_003": "03003",
        "P27_004": "03003",
        "P27_005": "松原市民松原図書館",
        "P27_006": "田井城1-2-23",
        "P27_007": 3,
        "P27_008": -99,
        "P27_009": 9999
      },
      "geometry": {
        "type": "Point",
        "coordinates": [
          135.547855,
          34.57774
        ]
      }
    },
    {
      "type": "Feature",
      "properties": {
        "P27_001": "27217",
        "P27_002": "3",
        "P27_003": "03003",
        "P27_004": "03003",
        "P27_005": "松原市民松原南図書館",
        "P27_006": "岡5-11-19",
        "P27_007": 3,
        "P27_008": -99,
        "P27_009": 9999
      },
      "geometry": {
        "type": "Point",
        "coordinates": [
          135.557244,
          34.560908
        ]
      }
    },
    {
      "type": "Feature",
      "properties": {
        "P27_001": "27217",
        "P27_002": "3",
        "P27_003": "03003",
        "P27_004": "03003",
        "P27_005": "松原市民情報ライブラリー",
        "P27_006": "上田7-11-19",
        "P27_007": 3,
        "P27_008": -99,
        "P27_009": 9999
      },
      "geometry": {
        "type": "Point",
        "coordinates": [
          135.559285,
          34.572357
        ]
      }
    },
    {
      "type": "Feature",
      "properties": {
        "P27_001": "27217",
        "P27_002": "3",
        "P27_003": "03003",
        "P27_004": "03003",
        "P27_005": "松原市民新町図書館",
        "P27_006": "南新町1-15-2",
        "P27_007": 3,
        "P27_008": -99,
        "P27_009": 9999
      },
      "geometry": {
        "type": "Point",
        "coordinates": [
          135.537693,
          34.577055
        ]
      }
    },
    {
      "type": "Feature",
      "properties": {
        "P27_001": "27217",
        "P27_002": "3",
        "P27_003": "03003",
        "P27_004": "03003",
        "P27_005": "松原市民天美図書館",
        "P27_006": "天美東7-103",
        "P27_007": 3,
        "P27_008": -99,
        "P27_009": 9999
      },
      "geometry": {
        "type": "Point",
        "coordinates": [
          135.537356,
          34.588377
        ]
      }
    },
    {
      "type": "Feature",
      "properties": {
        "P27_001": "27217",
        "P27_002": "3",
        "P27_003": "03003",
        "P27_004": "03003",
        "P27_005": "松原市民天美西図書館",
        "P27_006": "天美西1-18-28",
        "P27_007": 3,
        "P27_008": -99,
        "P27_009": 9999
      },
      "geometry": {
        "type": "Point",
        "coordinates": [
          135.529468,
          34.588322
        ]
      }
    },
    {
      "type": "Feature",
      "properties": {
        "P27_001": "27218",
        "P27_002": "3",
        "P27_003": "03003",
        "P27_004": "03003",
        "P27_005": "大東市立中央図書館",
        "P27_006": "新町13-30",
        "P27_007": 3,
        "P27_008": -99,
        "P27_009": 9999
      },
      "geometry": {
        "type": "Point",
        "coordinates": [
          135.62379,
          34.703588
        ]
      }
    },
    {
      "type": "Feature",
      "properties": {
        "P27_001": "27219",
        "P27_002": "3",
        "P27_003": "03003",
        "P27_004": "03003",
        "P27_005": "和泉市立シティプラザ図書館",
        "P27_006": "いぶき野5-4-7",
        "P27_007": 3,
        "P27_008": -99,
        "P27_009": 9999
      },
      "geometry": {
        "type": "Point",
        "coordinates": [
          135.457446,
          34.458543
        ]
      }
    },
    {
      "type": "Feature",
      "properties": {
        "P27_001": "27219",
        "P27_002": "3",
        "P27_003": "03003",
        "P27_004": "03003",
        "P27_005": "和泉市立和泉図書館",
        "P27_006": "府中町1-20-1",
        "P27_007": 3,
        "P27_008": -99,
        "P27_009": 9999
      },
      "geometry": {
        "type": "Point",
        "coordinates": [
          135.423779,
          34.4867
        ]
      }
    },
    {
      "type": "Feature",
      "properties": {
        "P27_001": "27220",
        "P27_002": "3",
        "P27_003": "03003",
        "P27_004": "03003",
        "P27_005": "箕面市立萱野南図書館",
        "P27_006": "船場西3-8-22",
        "P27_007": 3,
        "P27_008": -99,
        "P27_009": 9999
      },
      "geometry": {
        "type": "Point",
        "coordinates": [
          135.488328,
          34.817961
        ]
      }
    },
    {
      "type": "Feature",
      "properties": {
        "P27_001": "27220",
        "P27_002": "3",
        "P27_003": "03003",
        "P27_004": "03003",
        "P27_005": "箕面市立桜ケ丘図書館",
        "P27_006": "桜ヶ丘4-19-3",
        "P27_007": 3,
        "P27_008": -99,
        "P27_009": 9999
      },
      "geometry": {
        "type": "Point",
        "coordinates": [
          135.453664,
          34.822821
        ]
      }
    },
    {
      "type": "Feature",
      "properties": {
        "P27_001": "27220",
        "P27_002": "3",
        "P27_003": "03003",
        "P27_004": "03003",
        "P27_005": "箕面市立西南図書館",
        "P27_006": "半町4-6-39",
        "P27_007": 3,
        "P27_008": -99,
        "P27_009": 9999
      },
      "geometry": {
        "type": "Point",
        "coordinates": [
          135.457561,
          34.811625
        ]
      }
    },
    {
      "type": "Feature",
      "properties": {
        "P27_001": "27220",
        "P27_002": "3",
        "P27_003": "03003",
        "P27_004": "03003",
        "P27_005": "箕面市立中央図書館",
        "P27_006": "箕面5-11-23",
        "P27_007": 3,
        "P27_008": -99,
        "P27_009": 1966
      },
      "geometry": {
        "type": "Point",
        "coordinates": [
          135.471606,
          34.831126
        ]
      }
    },
    {
      "type": "Feature",
      "properties": {
        "P27_001": "27220",
        "P27_002": "3",
        "P27_003": "03003",
        "P27_004": "03003",
        "P27_005": "箕面市立東図書館",
        "P27_006": "粟生間谷西3-1-3",
        "P27_007": 3,
        "P27_008": -99,
        "P27_009": 9999
      },
      "geometry": {
        "type": "Point",
        "coordinates": [
          135.511937,
          34.844153
        ]
      }
    },
    {
      "type": "Feature",
      "properties": {
        "P27_001": "27221",
        "P27_002": "3",
        "P27_003": "03003",
        "P27_004": "03003",
        "P27_005": "柏原市立国分図書館",
        "P27_006": "田辺1-3-7",
        "P27_007": 3,
        "P27_008": -99,
        "P27_009": 9999
      },
      "geometry": {
        "type": "Point",
        "coordinates": [
          135.638062,
          34.562984
        ]
      }
    },
    {
      "type": "Feature",
      "properties": {
        "P27_001": "27221",
        "P27_002": "3",
        "P27_003": "03003",
        "P27_004": "03003",
        "P27_005": "柏原市立柏原図書館",
        "P27_006": "上市4-1-27",
        "P27_007": 3,
        "P27_008": -99,
        "P27_009": 9999
      },
      "geometry": {
        "type": "Point",
        "coordinates": [
          135.625848,
          34.587046
        ]
      }
    },
    {
      "type": "Feature",
      "properties": {
        "P27_001": "27222",
        "P27_002": "3",
        "P27_003": "03003",
        "P27_004": "03003",
        "P27_005": "羽曳野市立羽曳が丘図書館",
        "P27_006": "羽曳が丘西2-5-1",
        "P27_007": 3,
        "P27_008": -99,
        "P27_009": 9999
      },
      "geometry": {
        "type": "Point",
        "coordinates": [
          135.590602,
          34.5413
        ]
      }
    },
    {
      "type": "Feature",
      "properties": {
        "P27_001": "27222",
        "P27_002": "3",
        "P27_003": "03003",
        "P27_004": "03003",
        "P27_005": "羽曳野市立古市図書館",
        "P27_006": "古市4-2-9",
        "P27_007": 3,
        "P27_008": -99,
        "P27_009": 9999
      },
      "geometry": {
        "type": "Point",
        "coordinates": [
          135.609601,
          34.552132
        ]
      }
    },
    {
      "type": "Feature",
      "properties": {
        "P27_001": "27222",
        "P27_002": "3",
        "P27_003": "03003",
        "P27_004": "03003",
        "P27_005": "羽曳野市立丹比図書館",
        "P27_006": "樫山251-1",
        "P27_007": 3,
        "P27_008": -99,
        "P27_009": 9999
      },
      "geometry": {
        "type": "Point",
        "coordinates": [
          135.574631,
          34.556826
        ]
      }
    },
    {
      "type": "Feature",
      "properties": {
        "P27_001": "27222",
        "P27_002": "3",
        "P27_003": "03003",
        "P27_004": "03003",
        "P27_005": "羽曳野市立中央図書館",
        "P27_006": "軽里1-1-1",
        "P27_007": 3,
        "P27_008": -99,
        "P27_009": 9999
      },
      "geometry": {
        "type": "Point",
        "coordinates": [
          135.597958,
          34.553788
        ]
      }
    },
    {
      "type": "Feature",
      "properties": {
        "P27_001": "27222",
        "P27_002": "3",
        "P27_003": "03003",
        "P27_004": "03003",
        "P27_005": "羽曳野市立東部図書館",
        "P27_006": "古市1541-1",
        "P27_007": 3,
        "P27_008": -99,
        "P27_009": 9999
      },
      "geometry": {
        "type": "Point",
        "coordinates": [
          135.611629,
          34.539165
        ]
      }
    },
    {
      "type": "Feature",
      "properties": {
        "P27_001": "27222",
        "P27_002": "3",
        "P27_003": "03003",
        "P27_004": "03003",
        "P27_005": "羽曳野市立陵南の森図書館",
        "P27_006": "島泉8-8-1",
        "P27_007": 3,
        "P27_008": -99,
        "P27_009": 9999
      },
      "geometry": {
        "type": "Point",
        "coordinates": [
          135.584769,
          34.57549
        ]
      }
    },
    {
      "type": "Feature",
      "properties": {
        "P27_001": "27223",
        "P27_002": "3",
        "P27_003": "03003",
        "P27_004": "03003",
        "P27_005": "門真市立図書館",
        "P27_006": "新橋町3-4-101",
        "P27_007": 3,
        "P27_008": -99,
        "P27_009": 9999
      },
      "geometry": {
        "type": "Point",
        "coordinates": [
          135.584793,
          34.737612
        ]
      }
    },
    {
      "type": "Feature",
      "properties": {
        "P27_001": "27224",
        "P27_002": "3",
        "P27_003": "03003",
        "P27_004": "03003",
        "P27_005": "摂津市民図書館",
        "P27_006": "正雀4-9-25",
        "P27_007": 3,
        "P27_008": -99,
        "P27_009": 9999
      },
      "geometry": {
        "type": "Point",
        "coordinates": [
          135.553073,
          34.772357
        ]
      }
    },
    {
      "type": "Feature",
      "properties": {
        "P27_001": "27224",
        "P27_002": "3",
        "P27_003": "03003",
        "P27_004": "03003",
        "P27_005": "摂津市立鳥飼図書センター",
        "P27_006": "鳥飼本町5-12-5",
        "P27_007": 3,
        "P27_008": -99,
        "P27_009": 9999
      },
      "geometry": {
        "type": "Point",
        "coordinates": [
          135.579129,
          34.774489
        ]
      }
    },
    {
      "type": "Feature",
      "properties": {
        "P27_001": "27225",
        "P27_002": "3",
        "P27_003": "03003",
        "P27_004": "03003",
        "P27_005": "高石市立図書館",
        "P27_006": "綾園1-9-1（アプラたかいし4F）",
        "P27_007": 3,
        "P27_008": -99,
        "P27_009": 9999
      },
      "geometry": {
        "type": "Point",
        "coordinates": [
          135.433912,
          34.521386
        ]
      }
    },
    {
      "type": "Feature",
      "properties": {
        "P27_001": "27225",
        "P27_002": "3",
        "P27_003": "03003",
        "P27_004": "03003",
        "P27_005": "高石市立図書館分館",
        "P27_006": "取石3-9-8",
        "P27_007": 3,
        "P27_008": -99,
        "P27_009": 9999
      },
      "geometry": {
        "type": "Point",
        "coordinates": [
          135.453411,
          34.518453
        ]
      }
    },
    {
      "type": "Feature",
      "properties": {
        "P27_001": "27226",
        "P27_002": "3",
        "P27_003": "03003",
        "P27_004": "03003",
        "P27_005": "藤井寺市立図書館",
        "P27_006": "林1-2-2",
        "P27_007": 3,
        "P27_008": -99,
        "P27_009": 9999
      },
      "geometry": {
        "type": "Point",
        "coordinates": [
          135.605545,
          34.574269
        ]
      }
    },
    {
      "type": "Feature",
      "properties": {
        "P27_001": "27227",
        "P27_002": "3",
        "P27_003": "03003",
        "P27_004": "03003",
        "P27_005": "大阪府立中央図書館",
        "P27_006": "荒本北1-2-1",
        "P27_007": 2,
        "P27_008": -99,
        "P27_009": 9999
      },
      "geometry": {
        "type": "Point",
        "coordinates": [
          135.600515,
          34.680757
        ]
      }
    },
    {
      "type": "Feature",
      "properties": {
        "P27_001": "27227",
        "P27_002": "3",
        "P27_003": "03003",
        "P27_004": "03003",
        "P27_005": "東大阪市図書館総務室",
        "P27_006": "吉田4-7-20",
        "P27_007": 3,
        "P27_008": -99,
        "P27_009": 9999
      },
      "geometry": {
        "type": "Point",
        "coordinates": [
          135.624192,
          34.671008
        ]
      }
    },
    {
      "type": "Feature",
      "properties": {
        "P27_001": "27227",
        "P27_002": "3",
        "P27_003": "03003",
        "P27_004": "03003",
        "P27_005": "東大阪市立旭町図書館",
        "P27_006": "旭町1-1",
        "P27_007": 3,
        "P27_008": -99,
        "P27_009": 1997
      },
      "geometry": {
        "type": "Point",
        "coordinates": [
          135.639512,
          34.66737
        ]
      }
    },
    {
      "type": "Feature",
      "properties": {
        "P27_001": "27227",
        "P27_002": "3",
        "P27_003": "03003",
        "P27_004": "03003",
        "P27_005": "東大阪市立永和図書館",
        "P27_006": "高井田元町2-9-23",
        "P27_007": 3,
        "P27_008": -99,
        "P27_009": 9999
      },
      "geometry": {
        "type": "Point",
        "coordinates": [
          135.574629,
          34.664925
        ]
      }
    },
    {
      "type": "Feature",
      "properties": {
        "P27_001": "27227",
        "P27_002": "3",
        "P27_003": "03003",
        "P27_004": "03003",
        "P27_005": "東大阪市立花園図書館",
        "P27_006": "吉田4-7-20",
        "P27_007": 3,
        "P27_008": -99,
        "P27_009": 1992
      },
      "geometry": {
        "type": "Point",
        "coordinates": [
          135.624152,
          34.67062
        ]
      }
    },
    {
      "type": "Feature",
      "properties": {
        "P27_001": "27228",
        "P27_002": "3",
        "P27_003": "03003",
        "P27_004": "03003",
        "P27_005": "泉南市立図書館",
        "P27_006": "馬場1-2-1",
        "P27_007": 3,
        "P27_008": -99,
        "P27_009": 9999
      },
      "geometry": {
        "type": "Point",
        "coordinates": [
          135.270226,
          34.363172
        ]
      }
    },
    {
      "type": "Feature",
      "properties": {
        "P27_001": "27229",
        "P27_002": "3",
        "P27_003": "03003",
        "P27_004": "03003",
        "P27_005": "四條畷市立四條畷図書館",
        "P27_006": "中野3-5-25",
        "P27_007": 3,
        "P27_008": -99,
        "P27_009": 9999
      },
      "geometry": {
        "type": "Point",
        "coordinates": [
          135.64401,
          34.741001
        ]
      }
    },
    {
      "type": "Feature",
      "properties": {
        "P27_001": "27229",
        "P27_002": "3",
        "P27_003": "03003",
        "P27_004": "03003",
        "P27_005": "四條畷市立田原図書館",
        "P27_006": "上田原1",
        "P27_007": 3,
        "P27_008": -99,
        "P27_009": 9999
      },
      "geometry": {
        "type": "Point",
        "coordinates": [
          135.700144,
          34.727725
        ]
      }
    },
    {
      "type": "Feature",
      "properties": {
        "P27_001": "27230",
        "P27_002": "3",
        "P27_003": "03003",
        "P27_004": "03003",
        "P27_005": "交野市立倉治図書館",
        "P27_006": "倉治6-9-20",
        "P27_007": 3,
        "P27_008": -99,
        "P27_009": 9999
      },
      "geometry": {
        "type": "Point",
        "coordinates": [
          135.690005,
          34.796468
        ]
      }
    },
    {
      "type": "Feature",
      "properties": {
        "P27_001": "27231",
        "P27_002": "3",
        "P27_003": "03003",
        "P27_004": "03003",
        "P27_005": "大阪狭山市立図書館",
        "P27_006": "今熊1-106",
        "P27_007": 3,
        "P27_008": -99,
        "P27_009": 9999
      },
      "geometry": {
        "type": "Point",
        "coordinates": [
          135.543052,
          34.497332
        ]
      }
    },
    {
      "type": "Feature",
      "properties": {
        "P27_001": "27232",
        "P27_002": "3",
        "P27_003": "03003",
        "P27_004": "03003",
        "P27_005": "阪南市立図書館",
        "P27_006": "尾崎町35-3",
        "P27_007": 3,
        "P27_008": -99,
        "P27_009": 9999
      },
      "geometry": {
        "type": "Point",
        "coordinates": [
          135.240526,
          34.359687
        ]
      }
    },
    {
      "type": "Feature",
      "properties": {
        "P27_001": "27301",
        "P27_002": "3",
        "P27_003": "03003",
        "P27_004": "03003",
        "P27_005": "島本町立図書館",
        "P27_006": "桜井3-4-1",
        "P27_007": 3,
        "P27_008": -99,
        "P27_009": 9999
      },
      "geometry": {
        "type": "Point",
        "coordinates": [
          135.660978,
          34.882819
        ]
      }
    },
    {
      "type": "Feature",
      "properties": {
        "P27_001": "27321",
        "P27_002": "3",
        "P27_003": "03003",
        "P27_004": "03003",
        "P27_005": "豊能町立図書館",
        "P27_006": "光風台5-1-2",
        "P27_007": 3,
        "P27_008": -99,
        "P27_009": 9999
      },
      "geometry": {
        "type": "Point",
        "coordinates": [
          135.442247,
          34.901231
        ]
      }
    },
    {
      "type": "Feature",
      "properties": {
        "P27_001": "27341",
        "P27_002": "3",
        "P27_003": "03003",
        "P27_004": "03003",
        "P27_005": "忠岡町図書館",
        "P27_006": "忠岡南1-18-17",
        "P27_007": 3,
        "P27_008": -99,
        "P27_009": 9999
      },
      "geometry": {
        "type": "Point",
        "coordinates": [
          135.395676,
          34.489081
        ]
      }
    },
    {
      "type": "Feature",
      "properties": {
        "P27_001": "27361",
        "P27_002": "3",
        "P27_003": "03003",
        "P27_004": "03003",
        "P27_005": "熊取町立熊取図書館",
        "P27_006": "野田4-2714-1",
        "P27_007": 3,
        "P27_008": -99,
        "P27_009": 9999
      },
      "geometry": {
        "type": "Point",
        "coordinates": [
          135.357681,
          34.40234
        ]
      }
    },
    {
      "type": "Feature",
      "properties": {
        "P27_001": "27107",
        "P27_002": "3",
        "P27_003": "03004",
        "P27_004": "03004",
        "P27_005": "大阪・海遊館",
        "P27_006": "海岸通1-1-10",
        "P27_007": 4,
        "P27_008": -99,
        "P27_009": 1990
      },
      "geometry": {
        "type": "Point",
        "coordinates": [
          135.430283,
          34.6559
        ]
      }
    },
    {
      "type": "Feature",
      "properties": {
        "P27_001": "27207",
        "P27_002": "3",
        "P27_003": "03004",
        "P27_004": "03004",
        "P27_005": "あくあぴあ芥川（芥川緑地資料館）",
        "P27_006": "南平台5-59-1",
        "P27_007": 3,
        "P27_008": -99,
        "P27_009": 1994
      },
      "geometry": {
        "type": "Point",
        "coordinates": [
          135.592145,
          34.864116
        ]
      }
    },
    {
      "type": "Feature",
      "properties": {
        "P27_001": "27109",
        "P27_002": "3",
        "P27_003": "03005",
        "P27_004": "03005",
        "P27_005": "大阪市天王寺動物園",
        "P27_006": "茶臼山町1-108",
        "P27_007": 3,
        "P27_008": -99,
        "P27_009": 1915
      },
      "geometry": {
        "type": "Point",
        "coordinates": [
          135.508246,
          34.650981
        ]
      }
    },
    {
      "type": "Feature",
      "properties": {
        "P27_001": "27121",
        "P27_002": "3",
        "P27_003": "03005",
        "P27_004": "03005",
        "P27_005": "大阪市立長居植物園",
        "P27_006": "長居公園1-23",
        "P27_007": 3,
        "P27_008": -99,
        "P27_009": 1974
      },
      "geometry": {
        "type": "Point",
        "coordinates": [
          135.520944,
          34.611098
        ]
      }
    },
    {
      "type": "Feature",
      "properties": {
        "P27_001": "27204",
        "P27_002": "3",
        "P27_003": "03005",
        "P27_004": "03005",
        "P27_005": "池田市立五月山動物園",
        "P27_006": "綾羽2-5-33（五月山公園内）",
        "P27_007": 3,
        "P27_008": -99,
        "P27_009": 1958
      },
      "geometry": {
        "type": "Point",
        "coordinates": [
          135.426869,
          34.830342
        ]
      }
    },
    {
      "type": "Feature",
      "properties": {
        "P27_001": "27220",
        "P27_002": "3",
        "P27_003": "03005",
        "P27_004": "03005",
        "P27_005": "大阪府営箕面公園昆虫館",
        "P27_006": "箕面公園1-18",
        "P27_007": 2,
        "P27_008": -99,
        "P27_009": 1953
      },
      "geometry": {
        "type": "Point",
        "coordinates": [
          135.471547,
          34.841012
        ]
      }
    },
    {
      "type": "Feature",
      "properties": {
        "P27_001": "27366",
        "P27_002": "3",
        "P27_003": "03005",
        "P27_004": "03005",
        "P27_005": "みさき公園",
        "P27_006": "淡輪3990",
        "P27_007": 4,
        "P27_008": -99,
        "P27_009": 1957
      },
      "geometry": {
        "type": "Point",
        "coordinates": [
          135.160532,
          34.32829
        ]
      }
    },
    {
      "type": "Feature",
      "properties": {
        "P27_001": "27204",
        "P27_002": "3",
        "P27_003": "99999",
        "P27_004": "03002",
        "P27_005": "インスタントラーメン発明記念館",
        "P27_006": "満寿美町8-25",
        "P27_007": 4,
        "P27_008": 2,
        "P27_009": 1999
      },
      "geometry": {
        "type": "Point",
        "coordinates": [
          135.426683,
          34.818125
        ]
      }
    },
    {
      "type": "Feature",
      "properties": {
        "P27_001": "27127",
        "P27_002": "3",
        "P27_003": "99999",
        "P27_004": "03002",
        "P27_005": "大阪市立住まいのミュージアム（大阪くらしの今昔館）",
        "P27_006": "天神橋6-4-20",
        "P27_007": 3,
        "P27_008": -99,
        "P27_009": 2001
      },
      "geometry": {
        "type": "Point",
        "coordinates": [
          135.511713,
          34.710348
        ]
      }
    },
    {
      "type": "Feature",
      "properties": {
        "P27_001": "27230",
        "P27_002": "3",
        "P27_003": "99999",
        "P27_004": "03005",
        "P27_005": "大阪市立大学理学部附属植物園",
        "P27_006": "私市2000",
        "P27_007": 0,
        "P27_008": -99,
        "P27_009": 1955
      },
      "geometry": {
        "type": "Point",
        "coordinates": [
          135.681623,
          34.763683
        ]
      }
    },
    {
      "type": "Feature",
      "properties": {
        "P27_001": "27109",
        "P27_002": "3",
        "P27_003": "99999",
        "P27_004": "03001",
        "P27_005": "大阪市立美術館",
        "P27_006": "茶臼山町1-82",
        "P27_007": 3,
        "P27_008": 3,
        "P27_009": 1936
      },
      "geometry": {
        "type": "Point",
        "coordinates": [
          135.510532,
          34.650129
        ]
      }
    },
    {
      "type": "Feature",
      "properties": {
        "P27_001": "27128",
        "P27_002": "3",
        "P27_003": "99999",
        "P27_004": "03002",
        "P27_005": "大阪歴史博物館",
        "P27_006": "大手前4-1-32",
        "P27_007": 3,
        "P27_008": 13,
        "P27_009": 2001
      },
      "geometry": {
        "type": "Point",
        "coordinates": [
          135.520805,
          34.682623
        ]
      }
    },
    {
      "type": "Feature",
      "properties": {
        "P27_001": "27223",
        "P27_002": "3",
        "P27_003": "99999",
        "P27_004": "03003",
        "P27_005": "門真市立図書館門真市民プラザ分館",
        "P27_006": "北島町546",
        "P27_007": 3,
        "P27_008": -99,
        "P27_009": 9999
      },
      "geometry": {
        "type": "Point",
        "coordinates": [
          135.601086,
          34.727396
        ]
      }
    },
    {
      "type": "Feature",
      "properties": {
        "P27_001": "27202",
        "P27_002": "3",
        "P27_003": "99999",
        "P27_004": "03003",
        "P27_005": "岸和田市立旭図書館",
        "P27_006": "土生町4-3-1",
        "P27_007": 3,
        "P27_008": -99,
        "P27_009": 9999
      },
      "geometry": {
        "type": "Point",
        "coordinates": [
          135.385944,
          34.448637
        ]
      }
    },
    {
      "type": "Feature",
      "properties": {
        "P27_001": "27205",
        "P27_002": "3",
        "P27_003": "99999",
        "P27_004": "03003",
        "P27_005": "吹田市立子育て青少年拠点夢つながり未来館山田駅前図書館",
        "P27_006": "山田西4-2-43",
        "P27_007": 3,
        "P27_008": -99,
        "P27_009": 9999
      },
      "geometry": {
        "type": "Point",
        "coordinates": [
          135.516037,
          34.804619
        ]
      }
    },
    {
      "type": "Feature",
      "properties": {
        "P27_001": "27218",
        "P27_002": "3",
        "P27_003": "99999",
        "P27_004": "03003",
        "P27_005": "大東市立西部図書館",
        "P27_006": "氷野4-4-70",
        "P27_007": 3,
        "P27_008": -99,
        "P27_009": 9999
      },
      "geometry": {
        "type": "Point",
        "coordinates": [
          135.611447,
          34.713634
        ]
      }
    },
    {
      "type": "Feature",
      "properties": {
        "P27_001": "27218",
        "P27_002": "3",
        "P27_003": "99999",
        "P27_004": "03003",
        "P27_005": "大東市立東部図書館",
        "P27_006": "野崎3-6-1",
        "P27_007": 3,
        "P27_008": -99,
        "P27_009": 9999
      },
      "geometry": {
        "type": "Point",
        "coordinates": [
          135.642079,
          34.716586
        ]
      }
    },
    {
      "type": "Feature",
      "properties": {
        "P27_001": "27109",
        "P27_002": "3",
        "P27_003": "99999",
        "P27_004": "03003",
        "P27_005": "大阪府盲人福祉センター点字図書館",
        "P27_006": "生玉前町5-25",
        "P27_007": 4,
        "P27_008": -99,
        "P27_009": 9999
      },
      "geometry": {
        "type": "Point",
        "coordinates": [
          135.515232,
          34.662311
        ]
      }
    },
    {
      "type": "Feature",
      "properties": {
        "P27_001": "27202",
        "P27_002": "3",
        "P27_003": "99999",
        "P27_004": "03003",
        "P27_005": "岸和田市立福祉総合センター",
        "P27_006": "野田町1-5-5",
        "P27_007": 4,
        "P27_008": -99,
        "P27_009": 9999
      },
      "geometry": {
        "type": "Point",
        "coordinates": [
          135.378813,
          34.45851
        ]
      }
    },
    {
      "type": "Feature",
      "properties": {
        "P27_001": "27141",
        "P27_002": "3",
        "P27_003": "99999",
        "P27_004": "03003",
        "P27_005": "堺市立健康福祉プラザ・視覚・聴覚障害者センター",
        "P27_006": "旭ヶ丘中町4丁3-1",
        "P27_007": 4,
        "P27_008": -99,
        "P27_009": 9999
      },
      "geometry": {
        "type": "Point",
        "coordinates": [
          135.476455,
          34.557764
        ]
      }
    },
    {
      "type": "Feature",
      "properties": {
        "P27_001": "27106",
        "P27_002": "3",
        "P27_003": "99999",
        "P27_004": "03003",
        "P27_005": "社会福祉法人日本ライトハウス情報文化センター",
        "P27_006": "江戸堀1-13-2",
        "P27_007": 4,
        "P27_008": -99,
        "P27_009": 9999
      },
      "geometry": {
        "type": "Point",
        "coordinates": [
          135.496048,
          34.691927
        ]
      }
    },
    {
      "type": "Feature",
      "properties": {
        "P27_001": "27212",
        "P27_002": "3",
        "P27_003": "99999",
        "P27_004": "03003",
        "P27_005": "大阪経済法科大学図書館",
        "P27_006": "楽音寺6-10",
        "P27_007": 4,
        "P27_008": -99,
        "P27_009": 9999
      },
      "geometry": {
        "type": "Point",
        "coordinates": [
          135.644538,
          34.640283
        ]
      }
    },
    {
      "type": "Feature",
      "properties": {
        "P27_001": "27205",
        "P27_002": "3",
        "P27_003": "99999",
        "P27_004": "03003",
        "P27_005": "吹田市立千里丘図書館",
        "P27_006": "千里丘上14-33",
        "P27_007": 3,
        "P27_008": -99,
        "P27_009": 9999
      },
      "geometry": {
        "type": "Point",
        "coordinates": [
          135.550798,
          34.79542
        ]
      }
    },
    {
      "type": "Feature",
      "properties": {
        "P27_001": "27205",
        "P27_002": "3",
        "P27_003": "99999",
        "P27_004": "03003",
        "P27_005": "吹田市立北千里図書館",
        "P27_006": "古江台4-2-D7",
        "P27_007": 3,
        "P27_008": -99,
        "P27_009": 9999
      },
      "geometry": {
        "type": "Point",
        "coordinates": [
          135.510199,
          34.818961
        ]
      }
    },
    {
      "type": "Feature",
      "properties": {
        "P27_001": "27205",
        "P27_002": "3",
        "P27_003": "99999",
        "P27_004": "03003",
        "P27_005": "大阪大学附属図書館生命科学図書館",
        "P27_006": "山田丘2-3",
        "P27_007": 0,
        "P27_008": -99,
        "P27_009": 9999
      },
      "geometry": {
        "type": "Point",
        "coordinates": [
          135.525761,
          34.818897
        ]
      }
    },
    {
      "type": "Feature",
      "properties": {
        "P27_001": "27205",
        "P27_002": "3",
        "P27_003": "99999",
        "P27_004": "03003",
        "P27_005": "大阪大学附属図書館理工学図書館",
        "P27_006": "山田丘2-1",
        "P27_007": 0,
        "P27_008": -99,
        "P27_009": 9999
      },
      "geometry": {
        "type": "Point",
        "coordinates": [
          135.522874,
          34.822288
        ]
      }
    },
    {
      "type": "Feature",
      "properties": {
        "P27_001": "27219",
        "P27_002": "3",
        "P27_003": "99999",
        "P27_004": "03003",
        "P27_005": "桃山学院大学図書館",
        "P27_006": "まなび野1-1",
        "P27_007": 4,
        "P27_008": -99,
        "P27_009": 9999
      },
      "geometry": {
        "type": "Point",
        "coordinates": [
          135.455248,
          34.44983
        ]
      }
    },
    {
      "type": "Feature",
      "properties": {
        "P27_001": "27145",
        "P27_002": "3",
        "P27_003": "99999",
        "P27_004": "03003",
        "P27_005": "プール学院大学図書館",
        "P27_006": "槇塚台4-5-1",
        "P27_007": 4,
        "P27_008": -99,
        "P27_009": 9999
      },
      "geometry": {
        "type": "Point",
        "coordinates": [
          135.534553,
          34.483307
        ]
      }
    },
    {
      "type": "Feature",
      "properties": {
        "P27_001": "27142",
        "P27_002": "3",
        "P27_003": "99999",
        "P27_004": "03003",
        "P27_005": "大阪府立大学学術情報センター図書館",
        "P27_006": "学園町1-1",
        "P27_007": 0,
        "P27_008": -99,
        "P27_009": 9999
      },
      "geometry": {
        "type": "Point",
        "coordinates": [
          135.505842,
          34.54447
        ]
      }
    },
    {
      "type": "Feature",
      "properties": {
        "P27_001": "27218",
        "P27_002": "3",
        "P27_003": "99999",
        "P27_004": "03003",
        "P27_005": "大阪産業大学綜合図書館",
        "P27_006": "中垣内3-1-1",
        "P27_007": 4,
        "P27_008": -99,
        "P27_009": 9999
      },
      "geometry": {
        "type": "Point",
        "coordinates": [
          135.640454,
          34.707584
        ]
      }
    },
    {
      "type": "Feature",
      "properties": {
        "P27_001": "27106",
        "P27_002": "3",
        "P27_003": "99999",
        "P27_004": "03003",
        "P27_005": "サピエ図書館／視覚障害者情報総合ネットワーク",
        "P27_006": "江戸堀1-13-2",
        "P27_007": 4,
        "P27_008": -99,
        "P27_009": 9999
      },
      "geometry": {
        "type": "Point",
        "coordinates": [
          135.496046,
          34.691994
        ]
      }
    },
    {
      "type": "Feature",
      "properties": {
        "P27_001": "27128",
        "P27_002": "3",
        "P27_003": "99999",
        "P27_004": "03003",
        "P27_005": "文楽劇場図書閲覧室",
        "P27_006": "日本橋1-12-10",
        "P27_007": 1,
        "P27_008": -99,
        "P27_009": 9999
      },
      "geometry": {
        "type": "Point",
        "coordinates": [
          135.508704,
          34.667454
        ]
      }
    },
    {
      "type": "Feature",
      "properties": {
        "P27_001": "27125",
        "P27_002": "3",
        "P27_003": "99999",
        "P27_004": "03003",
        "P27_005": "相愛大学図書館",
        "P27_006": "南港中4-4-1",
        "P27_007": 4,
        "P27_008": -99,
        "P27_009": 9999
      },
      "geometry": {
        "type": "Point",
        "coordinates": [
          135.427322,
          34.634137
        ]
      }
    },
    {
      "type": "Feature",
      "properties": {
        "P27_001": "27109",
        "P27_002": "3",
        "P27_003": "99999",
        "P27_004": "03003",
        "P27_005": "大阪教育大学附属図書館分館",
        "P27_006": "南河堀町4-88",
        "P27_007": 0,
        "P27_008": -99,
        "P27_009": 9999
      },
      "geometry": {
        "type": "Point",
        "coordinates": [
          135.520653,
          34.647682
        ]
      }
    },
    {
      "type": "Feature",
      "properties": {
        "P27_001": "27119",
        "P27_002": "3",
        "P27_003": "99999",
        "P27_004": "03003",
        "P27_005": "大阪市立大学学術情報総合センター医学分館",
        "P27_006": "旭町1-2-7",
        "P27_007": 0,
        "P27_008": -99,
        "P27_009": 9999
      },
      "geometry": {
        "type": "Point",
        "coordinates": [
          135.510144,
          34.646806
        ]
      }
    },
    {
      "type": "Feature",
      "properties": {
        "P27_001": "27120",
        "P27_002": "3",
        "P27_003": "99999",
        "P27_004": "03003",
        "P27_005": "大阪市立大学都市研究プラザ都市文庫･経済研究所文庫",
        "P27_006": "杉本3-3-138",
        "P27_007": 0,
        "P27_008": -99,
        "P27_009": 9999
      },
      "geometry": {
        "type": "Point",
        "coordinates": [
          135.504339,
          34.591608
        ]
      }
    },
    {
      "type": "Feature",
      "properties": {
        "P27_001": "27114",
        "P27_002": "3",
        "P27_003": "99999",
        "P27_004": "03003",
        "P27_005": "大阪経済大学図書館",
        "P27_006": "大隅2-2-8",
        "P27_007": 4,
        "P27_008": -99,
        "P27_009": 9999
      },
      "geometry": {
        "type": "Point",
        "coordinates": [
          135.545147,
          34.750112
        ]
      }
    },
    {
      "type": "Feature",
      "properties": {
        "P27_001": "27118",
        "P27_002": "3",
        "P27_003": "99999",
        "P27_004": "03003",
        "P27_005": "大阪信愛女学院図書館",
        "P27_006": "古市2-7-30",
        "P27_007": 4,
        "P27_008": -99,
        "P27_009": 9999
      },
      "geometry": {
        "type": "Point",
        "coordinates": [
          135.558593,
          34.711529
        ]
      }
    },
    {
      "type": "Feature",
      "properties": {
        "P27_001": "27117",
        "P27_002": "3",
        "P27_003": "99999",
        "P27_004": "03003",
        "P27_005": "大阪工業大学図書館大宮本館",
        "P27_006": "大宮5-16-1",
        "P27_007": 4,
        "P27_008": -99,
        "P27_009": 9999
      },
      "geometry": {
        "type": "Point",
        "coordinates": [
          135.543204,
          34.730325
        ]
      }
    },
    {
      "type": "Feature",
      "properties": {
        "P27_001": "27120",
        "P27_002": "3",
        "P27_003": "99999",
        "P27_004": "03003",
        "P27_005": "大阪市立大学学術情報総合センター",
        "P27_006": "杉本3-3-138",
        "P27_007": 0,
        "P27_008": -99,
        "P27_009": 9999
      },
      "geometry": {
        "type": "Point",
        "coordinates": [
          135.505563,
          34.592283
        ]
      }
    },
    {
      "type": "Feature",
      "properties": {
        "P27_001": "27231",
        "P27_002": "3",
        "P27_003": "99999",
        "P27_004": "03003",
        "P27_005": "近畿大学医学部図書館",
        "P27_006": "大野東377-2",
        "P27_007": 4,
        "P27_008": -99,
        "P27_009": 9999
      },
      "geometry": {
        "type": "Point",
        "coordinates": [
          135.551125,
          34.477198
        ]
      }
    },
    {
      "type": "Feature",
      "properties": {
        "P27_001": "27209",
        "P27_002": "3",
        "P27_003": "99999",
        "P27_004": "03003",
        "P27_005": "大阪国際大学守口図書館",
        "P27_006": "藤田町6-21-57",
        "P27_007": 4,
        "P27_008": -99,
        "P27_009": 9999
      },
      "geometry": {
        "type": "Point",
        "coordinates": [
          135.603873,
          34.747846
        ]
      }
    },
    {
      "type": "Feature",
      "properties": {
        "P27_001": "27214",
        "P27_002": "3",
        "P27_003": "99999",
        "P27_004": "03003",
        "P27_005": "大阪大谷大学図書館",
        "P27_006": "錦織北3-11-1",
        "P27_007": 4,
        "P27_008": -99,
        "P27_009": 9999
      },
      "geometry": {
        "type": "Point",
        "coordinates": [
          135.580897,
          34.481893
        ]
      }
    },
    {
      "type": "Feature",
      "properties": {
        "P27_001": "27215",
        "P27_002": "3",
        "P27_003": "99999",
        "P27_004": "03003",
        "P27_005": "寝屋川市立寝屋川市駅前図書館",
        "P27_006": "早子町23-2（アドバンスねやがわ2号館3階）",
        "P27_007": 3,
        "P27_008": -99,
        "P27_009": 9999
      },
      "geometry": {
        "type": "Point",
        "coordinates": [
          135.621467,
          34.763462
        ]
      }
    },
    {
      "type": "Feature",
      "properties": {
        "P27_001": "27215",
        "P27_002": "3",
        "P27_003": "99999",
        "P27_004": "03003",
        "P27_005": "摂南大学図書館",
        "P27_006": "池田中町17-8",
        "P27_007": 4,
        "P27_008": -99,
        "P27_009": 9999
      },
      "geometry": {
        "type": "Point",
        "coordinates": [
          135.611357,
          34.780258
        ]
      }
    },
    {
      "type": "Feature",
      "properties": {
        "P27_001": "27227",
        "P27_002": "3",
        "P27_003": "99999",
        "P27_004": "03003",
        "P27_005": "大阪商業大学図書館",
        "P27_006": "御厨栄町4-1-10",
        "P27_007": 4,
        "P27_008": -99,
        "P27_009": 9999
      },
      "geometry": {
        "type": "Point",
        "coordinates": [
          135.584293,
          34.666309
        ]
      }
    },
    {
      "type": "Feature",
      "properties": {
        "P27_001": "27227",
        "P27_002": "3",
        "P27_003": "99999",
        "P27_004": "03003",
        "P27_005": "大阪樟蔭女子大学図書館",
        "P27_006": "菱屋西4-2-26",
        "P27_007": 4,
        "P27_008": -99,
        "P27_009": 9999
      },
      "geometry": {
        "type": "Point",
        "coordinates": [
          135.577859,
          34.663492
        ]
      }
    },
    {
      "type": "Feature",
      "properties": {
        "P27_001": "27227",
        "P27_002": "3",
        "P27_003": "99999",
        "P27_004": "03003",
        "P27_005": "近畿大学中央図書館",
        "P27_006": "小若江3-4-1",
        "P27_007": 4,
        "P27_008": -99,
        "P27_009": 9999
      },
      "geometry": {
        "type": "Point",
        "coordinates": [
          135.586902,
          34.651546
        ]
      }
    },
    {
      "type": "Feature",
      "properties": {
        "P27_001": "27217",
        "P27_002": "3",
        "P27_003": "99999",
        "P27_004": "03003",
        "P27_005": "阪南大学図書館",
        "P27_006": "天美東5-4-33",
        "P27_007": 4,
        "P27_008": -99,
        "P27_009": 9999
      },
      "geometry": {
        "type": "Point",
        "coordinates": [
          135.534812,
          34.591446
        ]
      }
    },
    {
      "type": "Feature",
      "properties": {
        "P27_001": "27210",
        "P27_002": "3",
        "P27_003": "99999",
        "P27_004": "03003",
        "P27_005": "枚方市立中央図書館市駅前サテライト",
        "P27_006": "新町2-1-50（関西医科大学附属枚方病院情報交流センター2階）",
        "P27_007": 3,
        "P27_008": -99,
        "P27_009": 9999
      },
      "geometry": {
        "type": "Point",
        "coordinates": [
          135.64653,
          34.817027
        ]
      }
    },
    {
      "type": "Feature",
      "properties": {
        "P27_001": "27210",
        "P27_002": "3",
        "P27_003": "99999",
        "P27_004": "03003",
        "P27_005": "摂南大学図書館枚方分館",
        "P27_006": "長尾峠町45-1",
        "P27_007": 4,
        "P27_008": -99,
        "P27_009": 9999
      },
      "geometry": {
        "type": "Point",
        "coordinates": [
          135.706228,
          34.848894
        ]
      }
    },
    {
      "type": "Feature",
      "properties": {
        "P27_001": "27210",
        "P27_002": "3",
        "P27_003": "99999",
        "P27_004": "03003",
        "P27_005": "大阪工業大学図書館枚方分館",
        "P27_006": "北山1-79-1",
        "P27_007": 4,
        "P27_008": -99,
        "P27_009": 9999
      },
      "geometry": {
        "type": "Point",
        "coordinates": [
          135.704753,
          34.841068
        ]
      }
    },
    {
      "type": "Feature",
      "properties": {
        "P27_001": "27210",
        "P27_002": "3",
        "P27_003": "99999",
        "P27_004": "03003",
        "P27_005": "大阪歯科大学図書館",
        "P27_006": "楠葉花園町8-1",
        "P27_007": 4,
        "P27_008": -99,
        "P27_009": 9999
      },
      "geometry": {
        "type": "Point",
        "coordinates": [
          135.675782,
          34.858681
        ]
      }
    },
    {
      "type": "Feature",
      "properties": {
        "P27_001": "27210",
        "P27_002": "3",
        "P27_003": "99999",
        "P27_004": "03003",
        "P27_005": "大阪国際大学枚方図書館",
        "P27_006": "杉3-50-1",
        "P27_007": 4,
        "P27_008": -99,
        "P27_009": 9999
      },
      "geometry": {
        "type": "Point",
        "coordinates": [
          135.714573,
          34.816577
        ]
      }
    },
    {
      "type": "Feature",
      "properties": {
        "P27_001": "27221",
        "P27_002": "3",
        "P27_003": "99999",
        "P27_004": "03003",
        "P27_005": "大阪教育大学附属図書館",
        "P27_006": "旭ヶ丘4-698-1",
        "P27_007": 0,
        "P27_008": -99,
        "P27_009": 9999
      },
      "geometry": {
        "type": "Point",
        "coordinates": [
          135.650363,
          34.550506
        ]
      }
    },
    {
      "type": "Feature",
      "properties": {
        "P27_001": "27216",
        "P27_002": "3",
        "P27_003": "99999",
        "P27_004": "03003",
        "P27_005": "大阪千代田短期大学図書館",
        "P27_006": "小山田町1685",
        "P27_007": 4,
        "P27_008": -99,
        "P27_009": 9999
      },
      "geometry": {
        "type": "Point",
        "coordinates": [
          135.548935,
          34.445858
        ]
      }
    },
    {
      "type": "Feature",
      "properties": {
        "P27_001": "27382",
        "P27_002": "3",
        "P27_003": "99999",
        "P27_004": "03003",
        "P27_005": "大阪芸術大学図書館",
        "P27_006": "東山469",
        "P27_007": 4,
        "P27_008": -99,
        "P27_009": 9999
      },
      "geometry": {
        "type": "Point",
        "coordinates": [
          135.629147,
          34.51237
        ]
      }
    },
    {
      "type": "Feature",
      "properties": {
        "P27_001": "27361",
        "P27_002": "3",
        "P27_003": "99999",
        "P27_004": "03003",
        "P27_005": "大阪体育大学図書館",
        "P27_006": "朝代台1-1",
        "P27_007": 4,
        "P27_008": -99,
        "P27_009": 9999
      },
      "geometry": {
        "type": "Point",
        "coordinates": [
          135.358746,
          34.379739
        ]
      }
    },
    {
      "type": "Feature",
      "properties": {
        "P27_001": "27220",
        "P27_002": "3",
        "P27_003": "99999",
        "P27_004": "03003",
        "P27_005": "箕面市立小野原図書館",
        "P27_006": "小野原西5-2-36（多文化交流センター1階）",
        "P27_007": 3,
        "P27_008": -99,
        "P27_009": 9999
      },
      "geometry": {
        "type": "Point",
        "coordinates": [
          135.510972,
          34.830749
        ]
      }
    },
    {
      "type": "Feature",
      "properties": {
        "P27_001": "27220",
        "P27_002": "3",
        "P27_003": "99999",
        "P27_004": "03003",
        "P27_005": "大阪大学附属図書館外国学図書館",
        "P27_006": "粟生間谷東8-1-1",
        "P27_007": 0,
        "P27_008": -99,
        "P27_009": 9999
      },
      "geometry": {
        "type": "Point",
        "coordinates": [
          135.517077,
          34.852099
        ]
      }
    },
    {
      "type": "Feature",
      "properties": {
        "P27_001": "27222",
        "P27_002": "3",
        "P27_003": "99999",
        "P27_004": "03003",
        "P27_005": "羽曳野市立ブックステーションはびきのコロセアム",
        "P27_006": "南恵我之荘4-237-4（はびきのコロセアム内）",
        "P27_007": 3,
        "P27_008": -99,
        "P27_009": 9999
      },
      "geometry": {
        "type": "Point",
        "coordinates": [
          135.573381,
          34.563068
        ]
      }
    },
    {
      "type": "Feature",
      "properties": {
        "P27_001": "27211",
        "P27_002": "3",
        "P27_003": "99999",
        "P27_004": "03003",
        "P27_005": "梅花女子大学図書館",
        "P27_006": "宿久庄2-19-5",
        "P27_007": 4,
        "P27_008": -99,
        "P27_009": 9999
      },
      "geometry": {
        "type": "Point",
        "coordinates": [
          135.535033,
          34.843727
        ]
      }
    },
    {
      "type": "Feature",
      "properties": {
        "P27_001": "27211",
        "P27_002": "3",
        "P27_003": "99999",
        "P27_004": "03003",
        "P27_005": "追手門学院大学附属図書館",
        "P27_006": "西安威2-1-15",
        "P27_007": 4,
        "P27_008": -99,
        "P27_009": 9999
      },
      "geometry": {
        "type": "Point",
        "coordinates": [
          135.558161,
          34.848578
        ]
      }
    },
    {
      "type": "Feature",
      "properties": {
        "P27_001": "27226",
        "P27_002": "3",
        "P27_003": "99999",
        "P27_004": "03003",
        "P27_005": "大阪女子短期大学図書館",
        "P27_006": "春日丘3-8-1",
        "P27_007": 4,
        "P27_008": -99,
        "P27_009": 9999
      },
      "geometry": {
        "type": "Point",
        "coordinates": [
          135.588346,
          34.567815
        ]
      }
    },
    {
      "type": "Feature",
      "properties": {
        "P27_001": "27203",
        "P27_002": "3",
        "P27_003": "99999",
        "P27_004": "03003",
        "P27_005": "大阪大学附属図書館総合図書館",
        "P27_006": "待兼山町1-4",
        "P27_007": 0,
        "P27_008": -99,
        "P27_009": 9999
      },
      "geometry": {
        "type": "Point",
        "coordinates": [
          135.455161,
          34.805045
        ]
      }
    },
    {
      "type": "Feature",
      "properties": {
        "P27_001": "27207",
        "P27_002": "3",
        "P27_003": "99999",
        "P27_004": "03003",
        "P27_005": "高槻市立服部図書館",
        "P27_006": "浦堂2-15-1",
        "P27_007": 3,
        "P27_008": -99,
        "P27_009": 9999
      },
      "geometry": {
        "type": "Point",
        "coordinates": [
          135.603375,
          34.865338
        ]
      }
    },
    {
      "type": "Feature",
      "properties": {
        "P27_001": "27207",
        "P27_002": "3",
        "P27_003": "99999",
        "P27_004": "03003",
        "P27_005": "平安女学院大学図書館",
        "P27_006": "南平台5-81-1",
        "P27_007": 4,
        "P27_008": -99,
        "P27_009": 9999
      },
      "geometry": {
        "type": "Point",
        "coordinates": [
          135.586013,
          34.868068
        ]
      }
    },
    {
      "type": "Feature",
      "properties": {
        "P27_001": "27147",
        "P27_002": "3",
        "P27_003": "99999",
        "P27_004": "03105",
        "P27_005": "美原総合スポーツセンター",
        "P27_006": "小平尾1141-1",
        "P27_007": 4,
        "P27_008": -99,
        "P27_009": 9999
      },
      "geometry": {
        "type": "Point",
        "coordinates": [
          135.577569,
          34.54057
        ]
      }
    },
    {
      "type": "Feature",
      "properties": {
        "P27_001": "27147",
        "P27_002": "3",
        "P27_003": "99999",
        "P27_004": "03129",
        "P27_005": "美原総合スポーツセンター",
        "P27_006": "小平尾1141-1",
        "P27_007": 4,
        "P27_008": -99,
        "P27_009": 9999
      },
      "geometry": {
        "type": "Point",
        "coordinates": [
          135.577575,
          34.540492
        ]
      }
    },
    {
      "type": "Feature",
      "properties": {
        "P27_001": "27147",
        "P27_002": "3",
        "P27_003": "99999",
        "P27_004": "03132",
        "P27_005": "美原総合スポーツセンター",
        "P27_006": "小平尾1141-1",
        "P27_007": 4,
        "P27_008": -99,
        "P27_009": 9999
      },
      "geometry": {
        "type": "Point",
        "coordinates": [
          135.577575,
          34.540409
        ]
      }
    },
    {
      "type": "Feature",
      "properties": {
        "P27_001": "27147",
        "P27_002": "3",
        "P27_003": "99999",
        "P27_004": "03104",
        "P27_005": "美原総合スポーツセンター",
        "P27_006": "小平尾1141-1",
        "P27_007": 4,
        "P27_008": -99,
        "P27_009": 9999
      },
      "geometry": {
        "type": "Point",
        "coordinates": [
          135.576797,
          34.54141
        ]
      }
    },
    {
      "type": "Feature",
      "properties": {
        "P27_001": "27147",
        "P27_002": "3",
        "P27_003": "99999",
        "P27_004": "03115",
        "P27_005": "美原総合スポーツセンター",
        "P27_006": "小平尾1141-1",
        "P27_007": 4,
        "P27_008": -99,
        "P27_009": 9999
      },
      "geometry": {
        "type": "Point",
        "coordinates": [
          135.578045,
          34.540644
        ]
      }
    },
    {
      "type": "Feature",
      "properties": {
        "P27_001": "27147",
        "P27_002": "3",
        "P27_003": "99999",
        "P27_004": "03102",
        "P27_005": "美原総合スポーツセンター",
        "P27_006": "小平尾1141-1",
        "P27_007": 4,
        "P27_008": -99,
        "P27_009": 9999
      },
      "geometry": {
        "type": "Point",
        "coordinates": [
          135.576794,
          34.541324
        ]
      }
    },
    {
      "type": "Feature",
      "properties": {
        "P27_001": "27147",
        "P27_002": "3",
        "P27_003": "99999",
        "P27_004": "03103",
        "P27_005": "美原総合スポーツセンター",
        "P27_006": "小平尾1141-1",
        "P27_007": 4,
        "P27_008": -99,
        "P27_009": 9999
      },
      "geometry": {
        "type": "Point",
        "coordinates": [
          135.576797,
          34.541233
        ]
      }
    },
    {
      "type": "Feature",
      "properties": {
        "P27_001": "27147",
        "P27_002": "3",
        "P27_003": "99999",
        "P27_004": "03138",
        "P27_005": "美原総合スポーツセンター",
        "P27_006": "小平尾1141-1",
        "P27_007": 4,
        "P27_008": -99,
        "P27_009": 9999
      },
      "geometry": {
        "type": "Point",
        "coordinates": [
          135.576791,
          34.541145
        ]
      }
    },
    {
      "type": "Feature",
      "properties": {
        "P27_001": "27205",
        "P27_002": "3",
        "P27_003": "99999",
        "P27_004": "03103",
        "P27_005": "万博フットサルクラブ",
        "P27_006": "千里万博公園11-1",
        "P27_007": 4,
        "P27_008": -99,
        "P27_009": 9999
      },
      "geometry": {
        "type": "Point",
        "coordinates": [
          135.521747,
          34.815076
        ]
      }
    },
    {
      "type": "Feature",
      "properties": {
        "P27_001": "27205",
        "P27_002": "3",
        "P27_003": "99999",
        "P27_004": "03102",
        "P27_005": "総合スポーツ広場ＮＯ．７",
        "P27_006": "千里万博公園3",
        "P27_007": 0,
        "P27_008": -99,
        "P27_009": 9999
      },
      "geometry": {
        "type": "Point",
        "coordinates": [
          135.536321,
          34.799218
        ]
      }
    },
    {
      "type": "Feature",
      "properties": {
        "P27_001": "27205",
        "P27_002": "3",
        "P27_003": "99999",
        "P27_004": "03104",
        "P27_005": "総合スポーツ広場ＮＯ．７",
        "P27_006": "千里万博公園3",
        "P27_007": 0,
        "P27_008": -99,
        "P27_009": 9999
      },
      "geometry": {
        "type": "Point",
        "coordinates": [
          135.536321,
          34.799111
        ]
      }
    },
    {
      "type": "Feature",
      "properties": {
        "P27_001": "27205",
        "P27_002": "3",
        "P27_003": "99999",
        "P27_004": "03103",
        "P27_005": "総合スポーツ広場ＮＯ．６（万博・大阪サッカーグラウンド）",
        "P27_006": "千里万博公園3",
        "P27_007": 0,
        "P27_008": -99,
        "P27_009": 9999
      },
      "geometry": {
        "type": "Point",
        "coordinates": [
          135.536095,
          34.800072
        ]
      }
    },
    {
      "type": "Feature",
      "properties": {
        "P27_001": "27205",
        "P27_002": "3",
        "P27_003": "99999",
        "P27_004": "03103",
        "P27_005": "アメリカンフットボール球技場（ＥＸＰＯ・ＦＬＡＳＨ・ＦＩＥＬＤ）",
        "P27_006": "千里万博公園3",
        "P27_007": 0,
        "P27_008": -99,
        "P27_009": 9999
      },
      "geometry": {
        "type": "Point",
        "coordinates": [
          135.539327,
          34.804009
        ]
      }
    },
    {
      "type": "Feature",
      "properties": {
        "P27_001": "27209",
        "P27_002": "3",
        "P27_003": "99999",
        "P27_004": "03124",
        "P27_005": "淀川河川公園守口地区アイススケート場",
        "P27_006": "外島町2地先（淀川河川公園）",
        "P27_007": 4,
        "P27_008": -99,
        "P27_009": 9999
      },
      "geometry": {
        "type": "Point",
        "coordinates": [
          135.561494,
          34.742415
        ]
      }
    },
    {
      "type": "Feature",
      "properties": {
        "P27_001": "27301",
        "P27_002": "3",
        "P27_003": "99999",
        "P27_004": "03138",
        "P27_005": "淀川河川公園島本地区ゲートボール場",
        "P27_006": "江川地先（淀川河川敷）",
        "P27_007": 4,
        "P27_008": -99,
        "P27_009": 9999
      },
      "geometry": {
        "type": "Point",
        "coordinates": [
          135.677565,
          34.883345
        ]
      }
    },
    {
      "type": "Feature",
      "properties": {
        "P27_001": "27224",
        "P27_002": "3",
        "P27_003": "99999",
        "P27_004": "03103",
        "P27_005": "淀川河川公園鳥飼下地区フットサルコート場（人工芝）",
        "P27_006": "鳥飼下1地先（淀川河川敷）",
        "P27_007": 4,
        "P27_008": -99,
        "P27_009": 9999
      },
      "geometry": {
        "type": "Point",
        "coordinates": [
          135.590348,
          34.774718
        ]
      }
    },
    {
      "type": "Feature",
      "properties": {
        "P27_001": "27207",
        "P27_002": "3",
        "P27_003": "99999",
        "P27_004": "03138",
        "P27_005": "淀川河川公園大塚地区ゲートボール場",
        "P27_006": "大塚町地先（河川敷）",
        "P27_007": 4,
        "P27_008": -99,
        "P27_009": 9999
      },
      "geometry": {
        "type": "Point",
        "coordinates": [
          135.639911,
          34.827107
        ]
      }
    },
    {
      "type": "Feature",
      "properties": {
        "P27_001": "27215",
        "P27_002": "3",
        "P27_003": "99999",
        "P27_004": "03138",
        "P27_005": "淀川河川公園仁和寺野草地区ゲートボール場",
        "P27_006": "仁和寺本町地先（河川敷）",
        "P27_007": 4,
        "P27_008": -99,
        "P27_009": 9999
      },
      "geometry": {
        "type": "Point",
        "coordinates": [
          135.592981,
          34.770706
        ]
      }
    },
    {
      "type": "Feature",
      "properties": {
        "P27_001": "27124",
        "P27_002": "3",
        "P27_003": "99999",
        "P27_004": "03145",
        "P27_005": "鶴見緑地",
        "P27_006": "浜1（鶴見緑地内）",
        "P27_007": 4,
        "P27_008": -99,
        "P27_009": 9999
      },
      "geometry": {
        "type": "Point",
        "coordinates": [
          135.576913,
          34.712347
        ]
      }
    },
    {
      "type": "Feature",
      "properties": {
        "P27_001": "27121",
        "P27_002": "3",
        "P27_003": "99999",
        "P27_004": "03145",
        "P27_005": "長居公園",
        "P27_006": "長居公園（長居公園内）",
        "P27_007": 4,
        "P27_008": -99,
        "P27_009": 9999
      },
      "geometry": {
        "type": "Point",
        "coordinates": [
          135.521053,
          34.612929
        ]
      }
    },
    {
      "type": "Feature",
      "properties": {
        "P27_001": "27128",
        "P27_002": "3",
        "P27_003": "99999",
        "P27_004": "03145",
        "P27_005": "大坂城公園",
        "P27_006": "大阪城公園内",
        "P27_007": 4,
        "P27_008": -99,
        "P27_009": 9999
      },
      "geometry": {
        "type": "Point",
        "coordinates": [
          135.531907,
          34.682909
        ]
      }
    },
    {
      "type": "Feature",
      "properties": {
        "P27_001": "27227",
        "P27_002": "3",
        "P27_003": "99999",
        "P27_004": "03145",
        "P27_005": "東大阪・暗峠",
        "P27_006": "出雲井町7-16（枚岡神社内）",
        "P27_007": 4,
        "P27_008": -99,
        "P27_009": 9999
      },
      "geometry": {
        "type": "Point",
        "coordinates": [
          135.650561,
          34.669947
        ]
      }
    },
    {
      "type": "Feature",
      "properties": {
        "P27_001": "27146",
        "P27_002": "3",
        "P27_003": "99999",
        "P27_004": "03145",
        "P27_005": "大泉緑地",
        "P27_006": "金岡町128（緑地公園内中央休憩所前）",
        "P27_007": 4,
        "P27_008": -99,
        "P27_009": 9999
      },
      "geometry": {
        "type": "Point",
        "coordinates": [
          135.527488,
          34.567042
        ]
      }
    },
    {
      "type": "Feature",
      "properties": {
        "P27_001": "27203",
        "P27_002": "3",
        "P27_003": "99999",
        "P27_004": "03145",
        "P27_005": "服部緑地",
        "P27_006": "服部緑地1-1（緑地公園内）",
        "P27_007": 4,
        "P27_008": -99,
        "P27_009": 9999
      },
      "geometry": {
        "type": "Point",
        "coordinates": [
          135.487814,
          34.775488
        ]
      }
    },
    {
      "type": "Feature",
      "properties": {
        "P27_001": "27211",
        "P27_002": "3",
        "P27_003": "99999",
        "P27_004": "03145",
        "P27_005": "茨木竜王山",
        "P27_006": "泉原（泉原バス停）",
        "P27_007": 4,
        "P27_008": -99,
        "P27_009": 9999
      },
      "geometry": {
        "type": "Point",
        "coordinates": [
          135.525158,
          34.883521
        ]
      }
    },
    {
      "type": "Feature",
      "properties": {
        "P27_001": "27229",
        "P27_002": "3",
        "P27_003": "99999",
        "P27_004": "03145",
        "P27_005": "室池飯盛山",
        "P27_006": "南野2-18-1",
        "P27_007": 4,
        "P27_008": -99,
        "P27_009": 9999
      },
      "geometry": {
        "type": "Point",
        "coordinates": [
          135.649111,
          34.732325
        ]
      }
    },
    {
      "type": "Feature",
      "properties": {
        "P27_001": "27205",
        "P27_002": "3",
        "P27_003": "99999",
        "P27_004": "03121",
        "P27_005": "万博記念公園弓道場",
        "P27_006": "千里万博公園6-5",
        "P27_007": 0,
        "P27_008": -99,
        "P27_009": 9999
      },
      "geometry": {
        "type": "Point",
        "coordinates": [
          135.53796,
          34.813945
        ]
      }
    },
    {
      "type": "Feature",
      "properties": {
        "P27_001": "27205",
        "P27_002": "3",
        "P27_003": "99999",
        "P27_004": "03115",
        "P27_005": "万博テニスガーデン",
        "P27_006": "千里万博公園11-1",
        "P27_007": 4,
        "P27_008": -99,
        "P27_009": 9999
      },
      "geometry": {
        "type": "Point",
        "coordinates": [
          135.520133,
          34.814854
        ]
      }
    },
    {
      "type": "Feature",
      "properties": {
        "P27_001": "27205",
        "P27_002": "3",
        "P27_003": "99999",
        "P27_004": "03116",
        "P27_005": "万博テニスガーデン",
        "P27_006": "千里万博公園11-1",
        "P27_007": 4,
        "P27_008": -99,
        "P27_009": 9999
      },
      "geometry": {
        "type": "Point",
        "coordinates": [
          135.522189,
          34.814762
        ]
      }
    },
    {
      "type": "Feature",
      "properties": {
        "P27_001": "27102",
        "P27_002": "3",
        "P27_003": "99999",
        "P27_004": "03115",
        "P27_005": "淀川河川公園毛馬地区テニスコート",
        "P27_006": "毛馬4地先（淀川河川敷）",
        "P27_007": 4,
        "P27_008": -99,
        "P27_009": 9999
      },
      "geometry": {
        "type": "Point",
        "coordinates": [
          135.517589,
          34.723284
        ]
      }
    },
    {
      "type": "Feature",
      "properties": {
        "P27_001": "27301",
        "P27_002": "3",
        "P27_003": "99999",
        "P27_004": "03115",
        "P27_005": "淀川河川公園島本地区テニスコート",
        "P27_006": "江川1地先（淀川河川敷）",
        "P27_007": 4,
        "P27_008": -99,
        "P27_009": 9999
      },
      "geometry": {
        "type": "Point",
        "coordinates": [
          135.677535,
          34.883645
        ]
      }
    },
    {
      "type": "Feature",
      "properties": {
        "P27_001": "27114",
        "P27_002": "3",
        "P27_003": "99999",
        "P27_004": "03115",
        "P27_005": "淀川河川公園豊里地区テニスコート",
        "P27_006": "豊里地先（淀川河川敷）",
        "P27_007": 4,
        "P27_008": -99,
        "P27_009": 9999
      },
      "geometry": {
        "type": "Point",
        "coordinates": [
          135.549125,
          34.738078
        ]
      }
    },
    {
      "type": "Feature",
      "properties": {
        "P27_001": "27102",
        "P27_002": "3",
        "P27_003": "99999",
        "P27_004": "03115",
        "P27_005": "淀川河川公園赤川地区テニスコート",
        "P27_006": "大東3地先（淀川河川敷）",
        "P27_007": 4,
        "P27_008": -99,
        "P27_009": 9999
      },
      "geometry": {
        "type": "Point",
        "coordinates": [
          135.526178,
          34.72986
        ]
      }
    },
    {
      "type": "Feature",
      "properties": {
        "P27_001": "27210",
        "P27_002": "3",
        "P27_003": "99999",
        "P27_004": "03115",
        "P27_005": "淀川河川公園三矢地区テニスコート",
        "P27_006": "三矢地先（淀川河川敷）",
        "P27_007": 4,
        "P27_008": -99,
        "P27_009": 9999
      },
      "geometry": {
        "type": "Point",
        "coordinates": [
          135.629462,
          34.811284
        ]
      }
    },
    {
      "type": "Feature",
      "properties": {
        "P27_001": "27207",
        "P27_002": "3",
        "P27_003": "99999",
        "P27_004": "03115",
        "P27_005": "淀川河川公園大塚地区テニスコート",
        "P27_006": "大塚町2地先（淀川河川敷）",
        "P27_007": 4,
        "P27_008": -99,
        "P27_009": 9999
      },
      "geometry": {
        "type": "Point",
        "coordinates": [
          135.640275,
          34.825007
        ]
      }
    },
    {
      "type": "Feature",
      "properties": {
        "P27_001": "27103",
        "P27_002": "3",
        "P27_003": "99999",
        "P27_004": "03115",
        "P27_005": "淀川河川公園海老江地区テニスコート",
        "P27_006": "海老江3先（淀川河川敷）",
        "P27_007": 4,
        "P27_008": -99,
        "P27_009": 9999
      },
      "geometry": {
        "type": "Point",
        "coordinates": [
          135.470692,
          34.701507
        ]
      }
    },
    {
      "type": "Feature",
      "properties": {
        "P27_001": "27209",
        "P27_002": "3",
        "P27_003": "99999",
        "P27_004": "03115",
        "P27_005": "淀川河川公園八雲地区テニスコート",
        "P27_006": "八雲北町3地先（淀川河川敷）",
        "P27_007": 4,
        "P27_008": -99,
        "P27_009": 9999
      },
      "geometry": {
        "type": "Point",
        "coordinates": [
          135.566922,
          34.75451
        ]
      }
    },
    {
      "type": "Feature",
      "properties": {
        "P27_001": "27215",
        "P27_002": "3",
        "P27_003": "99999",
        "P27_004": "03115",
        "P27_005": "淀川河川公園佐太西地区テニスコート",
        "P27_006": "仁和寺本町地先（淀川河川敷）",
        "P27_007": 4,
        "P27_008": -99,
        "P27_009": 9999
      },
      "geometry": {
        "type": "Point",
        "coordinates": [
          135.589989,
          34.767925
        ]
      }
    },
    {
      "type": "Feature",
      "properties": {
        "P27_001": "27224",
        "P27_002": "3",
        "P27_003": "99999",
        "P27_004": "03115",
        "P27_005": "淀川河川公園鳥飼上地区テニスコート",
        "P27_006": "鳥飼上1地先（淀川河川敷）",
        "P27_007": 4,
        "P27_008": -99,
        "P27_009": 9999
      },
      "geometry": {
        "type": "Point",
        "coordinates": [
          135.59588,
          34.779989
        ]
      }
    },
    {
      "type": "Feature",
      "properties": {
        "P27_001": "27215",
        "P27_002": "3",
        "P27_003": "99999",
        "P27_004": "03115",
        "P27_005": "淀川河川公園木屋元町地区テニスコート",
        "P27_006": "木屋元町地先（淀川河川敷）",
        "P27_007": 4,
        "P27_008": -99,
        "P27_009": 9999
      },
      "geometry": {
        "type": "Point",
        "coordinates": [
          135.614269,
          34.788325
        ]
      }
    },
    {
      "type": "Feature",
      "properties": {
        "P27_001": "27209",
        "P27_002": "3",
        "P27_003": "99999",
        "P27_004": "03115",
        "P27_005": "淀川河川公園外島地区テニスコート",
        "P27_006": "新橋寺町～外島町地先（淀川河川敷）",
        "P27_007": 4,
        "P27_008": -99,
        "P27_009": 9999
      },
      "geometry": {
        "type": "Point",
        "coordinates": [
          135.558264,
          34.744531
        ]
      }
    },
    {
      "type": "Feature",
      "properties": {
        "P27_001": "27207",
        "P27_002": "3",
        "P27_003": "99999",
        "P27_004": "03115",
        "P27_005": "淀川河川公園三島江地区テニスコート",
        "P27_006": "大字三島江地先（淀川河川敷）",
        "P27_007": 4,
        "P27_008": -99,
        "P27_009": 9999
      },
      "geometry": {
        "type": "Point",
        "coordinates": [
          135.612455,
          34.798388
        ]
      }
    },
    {
      "type": "Feature",
      "properties": {
        "P27_001": "27205",
        "P27_002": "3",
        "P27_003": "99999",
        "P27_004": "03103",
        "P27_005": "万博記念公園少年球技場",
        "P27_006": "千里万博公園6-3",
        "P27_007": 0,
        "P27_008": -99,
        "P27_009": 9999
      },
      "geometry": {
        "type": "Point",
        "coordinates": [
          135.536845,
          34.814386
        ]
      }
    },
    {
      "type": "Feature",
      "properties": {
        "P27_001": "27301",
        "P27_002": "3",
        "P27_003": "99999",
        "P27_004": "03103",
        "P27_005": "淀川河川公園島本地区サッカー、ラグビー場",
        "P27_006": "江川地先（淀川河川敷）",
        "P27_007": 4,
        "P27_008": -99,
        "P27_009": 9999
      },
      "geometry": {
        "type": "Point",
        "coordinates": [
          135.677963,
          34.884444
        ]
      }
    },
    {
      "type": "Feature",
      "properties": {
        "P27_001": "27102",
        "P27_002": "3",
        "P27_003": "99999",
        "P27_004": "03103",
        "P27_005": "淀川河川公園毛馬地区サッカー、ラグビー場",
        "P27_006": "毛馬町4地内（淀川河川敷）",
        "P27_007": 4,
        "P27_008": -99,
        "P27_009": 9999
      },
      "geometry": {
        "type": "Point",
        "coordinates": [
          135.51823,
          34.724027
        ]
      }
    },
    {
      "type": "Feature",
      "properties": {
        "P27_001": "27207",
        "P27_002": "3",
        "P27_003": "99999",
        "P27_004": "03103",
        "P27_005": "淀川河川公園大塚地区サッカー、ラグビー場",
        "P27_006": "大字大塚町地先（淀川河川敷）",
        "P27_007": 4,
        "P27_008": -99,
        "P27_009": 9999
      },
      "geometry": {
        "type": "Point",
        "coordinates": [
          135.641484,
          34.828104
        ]
      }
    },
    {
      "type": "Feature",
      "properties": {
        "P27_001": "27207",
        "P27_002": "3",
        "P27_003": "99999",
        "P27_004": "03103",
        "P27_005": "淀川河川公園三島江地区サッカー、ラグビー場",
        "P27_006": "大字三島江地先（淀川河川敷）",
        "P27_007": 4,
        "P27_008": -99,
        "P27_009": 9999
      },
      "geometry": {
        "type": "Point",
        "coordinates": [
          135.613245,
          34.800588
        ]
      }
    },
    {
      "type": "Feature",
      "properties": {
        "P27_001": "27210",
        "P27_002": "3",
        "P27_003": "99999",
        "P27_004": "03103",
        "P27_005": "淀川河川公園枚方地区サッカー場（人工芝・野球場兼用）",
        "P27_006": "桜町地先（淀川河川敷）",
        "P27_007": 4,
        "P27_008": -99,
        "P27_009": 9999
      },
      "geometry": {
        "type": "Point",
        "coordinates": [
          135.634304,
          34.812623
        ]
      }
    },
    {
      "type": "Feature",
      "properties": {
        "P27_001": "27215",
        "P27_002": "3",
        "P27_003": "99999",
        "P27_004": "03103",
        "P27_005": "淀川河川公園木屋元町地区サッカー、ラグビー場",
        "P27_006": "木屋元町地先（淀川河川敷）",
        "P27_007": 4,
        "P27_008": -99,
        "P27_009": 9999
      },
      "geometry": {
        "type": "Point",
        "coordinates": [
          135.612439,
          34.787886
        ]
      }
    },
    {
      "type": "Feature",
      "properties": {
        "P27_001": "27205",
        "P27_002": "3",
        "P27_003": "99999",
        "P27_004": "03103",
        "P27_005": "万博記念公園スポーツ広場",
        "P27_006": "千里万博公園3-1",
        "P27_007": 0,
        "P27_008": -99,
        "P27_009": 9999
      },
      "geometry": {
        "type": "Point",
        "coordinates": [
          135.538929,
          34.800784
        ]
      }
    },
    {
      "type": "Feature",
      "properties": {
        "P27_001": "27205",
        "P27_002": "3",
        "P27_003": "99999",
        "P27_004": "03102",
        "P27_005": "万博記念公園スポーツ広場",
        "P27_006": "千里万博公園3-1",
        "P27_007": 0,
        "P27_008": -99,
        "P27_009": 9999
      },
      "geometry": {
        "type": "Point",
        "coordinates": [
          135.538216,
          34.799701
        ]
      }
    },
    {
      "type": "Feature",
      "properties": {
        "P27_001": "27205",
        "P27_002": "3",
        "P27_003": "99999",
        "P27_004": "03104",
        "P27_005": "万博記念公園小運動場",
        "P27_006": "千里万博公園3",
        "P27_007": 0,
        "P27_008": -99,
        "P27_009": 9999
      },
      "geometry": {
        "type": "Point",
        "coordinates": [
          135.539678,
          34.806932
        ]
      }
    },
    {
      "type": "Feature",
      "properties": {
        "P27_001": "27224",
        "P27_002": "3",
        "P27_003": "99999",
        "P27_004": "03103",
        "P27_005": "淀川河川公園鳥飼下地区サッカー場",
        "P27_006": "鳥飼下1地先（淀川河川敷）",
        "P27_007": 4,
        "P27_008": -99,
        "P27_009": 9999
      },
      "geometry": {
        "type": "Point",
        "coordinates": [
          135.591337,
          34.775499
        ]
      }
    },
    {
      "type": "Feature",
      "properties": {
        "P27_001": "27215",
        "P27_002": "3",
        "P27_003": "99999",
        "P27_004": "03101",
        "P27_005": "淀川河川公園太間地区多目的運動広場",
        "P27_006": "太間町地先（淀川河川敷）",
        "P27_007": 4,
        "P27_008": -99,
        "P27_009": 9999
      },
      "geometry": {
        "type": "Point",
        "coordinates": [
          135.609097,
          34.784166
        ]
      }
    },
    {
      "type": "Feature",
      "properties": {
        "P27_001": "27209",
        "P27_002": "3",
        "P27_003": "99999",
        "P27_004": "03101",
        "P27_005": "淀川河川公園大日地区多目的運動広場",
        "P27_006": "西町1",
        "P27_007": 4,
        "P27_008": -99,
        "P27_009": 9999
      },
      "geometry": {
        "type": "Point",
        "coordinates": [
          135.581943,
          34.761083
        ]
      }
    },
    {
      "type": "Feature",
      "properties": {
        "P27_001": "27205",
        "P27_002": "3",
        "P27_003": "99999",
        "P27_004": "03102",
        "P27_005": "万博記念公園少年野球場",
        "P27_006": "千里万博公園6-5",
        "P27_007": 0,
        "P27_008": -99,
        "P27_009": 9999
      },
      "geometry": {
        "type": "Point",
        "coordinates": [
          135.540358,
          34.813794
        ]
      }
    },
    {
      "type": "Feature",
      "properties": {
        "P27_001": "27205",
        "P27_002": "3",
        "P27_003": "99999",
        "P27_004": "03102",
        "P27_005": "万博記念公園野球場",
        "P27_006": "千里万博公園3-3",
        "P27_007": 0,
        "P27_008": -99,
        "P27_009": 9999
      },
      "geometry": {
        "type": "Point",
        "coordinates": [
          135.540246,
          34.805396
        ]
      }
    },
    {
      "type": "Feature",
      "properties": {
        "P27_001": "27210",
        "P27_002": "3",
        "P27_003": "99999",
        "P27_004": "03102",
        "P27_005": "淀川河川公園枚方地区野球場（人工芝・サッカー場兼用）",
        "P27_006": "桜町地先（淀川河川敷）",
        "P27_007": 4,
        "P27_008": -99,
        "P27_009": 9999
      },
      "geometry": {
        "type": "Point",
        "coordinates": [
          135.634298,
          34.812511
        ]
      }
    },
    {
      "type": "Feature",
      "properties": {
        "P27_001": "27209",
        "P27_002": "3",
        "P27_003": "99999",
        "P27_004": "03102",
        "P27_005": "淀川河川公園大日地区野球場",
        "P27_006": "西町1地先（淀川河川敷）",
        "P27_007": 4,
        "P27_008": -99,
        "P27_009": 9999
      },
      "geometry": {
        "type": "Point",
        "coordinates": [
          135.583504,
          34.762303
        ]
      }
    },
    {
      "type": "Feature",
      "properties": {
        "P27_001": "27123",
        "P27_002": "3",
        "P27_003": "99999",
        "P27_004": "03102",
        "P27_005": "淀川河川公園西中島地区野球場",
        "P27_006": "西中島地先（淀川河川敷）",
        "P27_007": 4,
        "P27_008": -99,
        "P27_009": 9999
      },
      "geometry": {
        "type": "Point",
        "coordinates": [
          135.501273,
          34.722638
        ]
      }
    },
    {
      "type": "Feature",
      "properties": {
        "P27_001": "27207",
        "P27_002": "3",
        "P27_003": "99999",
        "P27_004": "03102",
        "P27_005": "淀川河川公園大塚地区野球場",
        "P27_006": "大塚町地先（淀川河川敷）",
        "P27_007": 4,
        "P27_008": -99,
        "P27_009": 9999
      },
      "geometry": {
        "type": "Point",
        "coordinates": [
          135.640762,
          34.826734
        ]
      }
    },
    {
      "type": "Feature",
      "properties": {
        "P27_001": "27103",
        "P27_002": "3",
        "P27_003": "99999",
        "P27_004": "03102",
        "P27_005": "淀川河川公園海老江地区野球場",
        "P27_006": "海老江地先（淀川河川敷）",
        "P27_007": 4,
        "P27_008": -99,
        "P27_009": 9999
      },
      "geometry": {
        "type": "Point",
        "coordinates": [
          135.474263,
          34.703747
        ]
      }
    },
    {
      "type": "Feature",
      "properties": {
        "P27_001": "27209",
        "P27_002": "3",
        "P27_003": "99999",
        "P27_004": "03102",
        "P27_005": "淀川河川公園八雲地区野球場",
        "P27_006": "八雲北町3地先（淀川河川敷）",
        "P27_007": 4,
        "P27_008": -99,
        "P27_009": 9999
      },
      "geometry": {
        "type": "Point",
        "coordinates": [
          135.56612,
          34.754173
        ]
      }
    },
    {
      "type": "Feature",
      "properties": {
        "P27_001": "27209",
        "P27_002": "3",
        "P27_003": "99999",
        "P27_004": "03102",
        "P27_005": "淀川河川公園佐太西地区野球場",
        "P27_006": "佐田西1地先（淀川河川敷）",
        "P27_007": 4,
        "P27_008": -99,
        "P27_009": 9999
      },
      "geometry": {
        "type": "Point",
        "coordinates": [
          135.585546,
          34.76346
        ]
      }
    },
    {
      "type": "Feature",
      "properties": {
        "P27_001": "27117",
        "P27_002": "3",
        "P27_003": "99999",
        "P27_004": "03102",
        "P27_005": "淀川河川公園太子橋地区野球場",
        "P27_006": "太子橋3地先（淀川河川敷）",
        "P27_007": 4,
        "P27_008": -99,
        "P27_009": 9999
      },
      "geometry": {
        "type": "Point",
        "coordinates": [
          135.557578,
          34.741136
        ]
      }
    },
    {
      "type": "Feature",
      "properties": {
        "P27_001": "27301",
        "P27_002": "3",
        "P27_003": "99999",
        "P27_004": "03102",
        "P27_005": "淀川河川公園島本地区野球場",
        "P27_006": "江川1地先（淀川河川敷）",
        "P27_007": 4,
        "P27_008": -99,
        "P27_009": 9999
      },
      "geometry": {
        "type": "Point",
        "coordinates": [
          135.676489,
          34.88229
        ]
      }
    },
    {
      "type": "Feature",
      "properties": {
        "P27_001": "27224",
        "P27_002": "3",
        "P27_003": "99999",
        "P27_004": "03102",
        "P27_005": "淀川河川公園鳥飼上地区野球場",
        "P27_006": "鳥飼中1～鳥飼上1地先（淀川河川敷）",
        "P27_007": 4,
        "P27_008": -99,
        "P27_009": 9999
      },
      "geometry": {
        "type": "Point",
        "coordinates": [
          135.596789,
          34.779612
        ]
      }
    },
    {
      "type": "Feature",
      "properties": {
        "P27_001": "27102",
        "P27_002": "3",
        "P27_003": "99999",
        "P27_004": "03102",
        "P27_005": "淀川河川公園毛馬地区野球場",
        "P27_006": "毛馬町3～5地先（淀川河川敷）",
        "P27_007": 4,
        "P27_008": -99,
        "P27_009": 9999
      },
      "geometry": {
        "type": "Point",
        "coordinates": [
          135.519006,
          34.725014
        ]
      }
    },
    {
      "type": "Feature",
      "properties": {
        "P27_001": "27207",
        "P27_002": "3",
        "P27_003": "99999",
        "P27_004": "03102",
        "P27_005": "淀川河川公園三島江地区野球場",
        "P27_006": "大字三島江地先（淀川河川敷）",
        "P27_007": 4,
        "P27_008": -99,
        "P27_009": 9999
      },
      "geometry": {
        "type": "Point",
        "coordinates": [
          135.611695,
          34.797568
        ]
      }
    },
    {
      "type": "Feature",
      "properties": {
        "P27_001": "27215",
        "P27_002": "3",
        "P27_003": "99999",
        "P27_004": "03102",
        "P27_005": "淀川河川公園木屋元町地区野球場",
        "P27_006": "木屋元町地先（淀川河川敷）",
        "P27_007": 4,
        "P27_008": -99,
        "P27_009": 9999
      },
      "geometry": {
        "type": "Point",
        "coordinates": [
          135.613116,
          34.788735
        ]
      }
    },
    {
      "type": "Feature",
      "properties": {
        "P27_001": "27215",
        "P27_002": "3",
        "P27_003": "99999",
        "P27_004": "03102",
        "P27_005": "淀川河川公園太間地区野球場",
        "P27_006": "大間町地先（淀川河川敷）",
        "P27_007": 4,
        "P27_008": -99,
        "P27_009": 9999
      },
      "geometry": {
        "type": "Point",
        "coordinates": [
          135.607435,
          34.782624
        ]
      }
    },
    {
      "type": "Feature",
      "properties": {
        "P27_001": "27205",
        "P27_002": "3",
        "P27_003": "99999",
        "P27_004": "03101",
        "P27_005": "万博記念公園運動場",
        "P27_006": "千里万博公園5-2",
        "P27_007": 0,
        "P27_008": -99,
        "P27_009": 9999
      },
      "geometry": {
        "type": "Point",
        "coordinates": [
          135.540398,
          34.81263
        ]
      }
    },
    {
      "type": "Feature",
      "properties": {
        "P27_001": "27205",
        "P27_002": "3",
        "P27_003": "99999",
        "P27_004": "03103",
        "P27_005": "万博記念公園運動場",
        "P27_006": "千里万博公園5-2",
        "P27_007": 0,
        "P27_008": -99,
        "P27_009": 9999
      },
      "geometry": {
        "type": "Point",
        "coordinates": [
          135.540398,
          34.812532
        ]
      }
    },
    {
      "type": "Feature",
      "properties": {
        "P27_001": "27205",
        "P27_002": "3",
        "P27_003": "99999",
        "P27_004": "03102",
        "P27_005": "万博記念公園運動場",
        "P27_006": "千里万博公園5-2",
        "P27_007": 0,
        "P27_008": -99,
        "P27_009": 9999
      },
      "geometry": {
        "type": "Point",
        "coordinates": [
          135.540398,
          34.812435
        ]
      }
    },
    {
      "type": "Feature",
      "properties": {
        "P27_001": "27205",
        "P27_002": "3",
        "P27_003": "99999",
        "P27_004": "03101",
        "P27_005": "万博記念競技場",
        "P27_006": "千里万博公園5-2",
        "P27_007": 0,
        "P27_008": -99,
        "P27_009": 9999
      },
      "geometry": {
        "type": "Point",
        "coordinates": [
          135.542728,
          34.810464
        ]
      }
    },
    {
      "type": "Feature",
      "properties": {
        "P27_001": "27205",
        "P27_002": "3",
        "P27_003": "99999",
        "P27_004": "03103",
        "P27_005": "万博記念競技場",
        "P27_006": "千里万博公園5-2",
        "P27_007": 0,
        "P27_008": -99,
        "P27_009": 9999
      },
      "geometry": {
        "type": "Point",
        "coordinates": [
          135.542722,
          34.810371
        ]
      }
    },
    {
      "type": "Feature",
      "properties": {
        "P27_001": "27207",
        "P27_002": "3",
        "P27_003": "99999",
        "P27_004": "03101",
        "P27_005": "淀川河川公園大塚地区陸上競技場",
        "P27_006": "大塚町地先（淀川河川敷）",
        "P27_007": 4,
        "P27_008": -99,
        "P27_009": 9999
      },
      "geometry": {
        "type": "Point",
        "coordinates": [
          135.640429,
          34.828402
        ]
      }
    },
    {
      "type": "Feature",
      "properties": {
        "P27_001": "27224",
        "P27_002": "3",
        "P27_003": "99999",
        "P27_004": "03101",
        "P27_005": "淀川河川公園鳥飼上地区陸上競技場",
        "P27_006": "鳥飼中1地先（淀川河川敷）",
        "P27_007": 4,
        "P27_008": -99,
        "P27_009": 9999
      },
      "geometry": {
        "type": "Point",
        "coordinates": [
          135.595523,
          34.778388
        ]
      }
    },
    {
      "type": "Feature",
      "properties": {
        "P27_001": "27103",
        "P27_002": "3",
        "P27_003": "99999",
        "P27_004": "03101",
        "P27_005": "淀川河川公園海老江地区陸上競技場",
        "P27_006": "海老江地先（淀川河川敷）",
        "P27_007": 4,
        "P27_008": -99,
        "P27_009": 9999
      },
      "geometry": {
        "type": "Point",
        "coordinates": [
          135.469551,
          34.701016
        ]
      }
    },
    {
      "type": "Feature",
      "properties": {
        "P27_001": "27209",
        "P27_002": "3",
        "P27_003": "99999",
        "P27_004": "03101",
        "P27_005": "淀川河川公園外島地区陸上競技場",
        "P27_006": "新橋寺町外島町地先（淀川河川敷）",
        "P27_007": 4,
        "P27_008": -99,
        "P27_009": 9999
      },
      "geometry": {
        "type": "Point",
        "coordinates": [
          135.558071,
          34.743235
        ]
      }
    },
    {
      "type": "Feature",
      "properties": {
        "P27_001": "27203",
        "P27_002": "3",
        "P27_003": "99999",
        "P27_004": "03123",
        "P27_005": "服部緑地乗馬センター",
        "P27_006": "服部緑地1-5",
        "P27_007": 4,
        "P27_008": -99,
        "P27_009": 9999
      },
      "geometry": {
        "type": "Point",
        "coordinates": [
          135.491506,
          34.778134
        ]
      }
    },
    {
      "type": "Feature",
      "properties": {
        "P27_001": "27366",
        "P27_002": "3",
        "P27_003": "99999",
        "P27_004": "03140",
        "P27_005": "淡輪ヨットハーバー",
        "P27_006": "淡輪6190",
        "P27_007": 4,
        "P27_008": -99,
        "P27_009": 9999
      },
      "geometry": {
        "type": "Point",
        "coordinates": [
          135.177996,
          34.33731
        ]
      }
    },
    {
      "type": "Feature",
      "properties": {
        "P27_001": "27225",
        "P27_002": "3",
        "P27_003": "99999",
        "P27_004": "03137",
        "P27_005": "大阪府立漕艇センター",
        "P27_006": "高砂1（臨海緑地内）",
        "P27_007": 4,
        "P27_008": -99,
        "P27_009": 9999
      },
      "geometry": {
        "type": "Point",
        "coordinates": [
          135.431366,
          34.534928
        ]
      }
    },
    {
      "type": "Feature",
      "properties": {
        "P27_001": "27383",
        "P27_002": "3",
        "P27_003": "99999",
        "P27_004": "03142",
        "P27_005": "府民の森ちはや園地キャンプ場",
        "P27_006": "大字千早1313-2",
        "P27_007": 4,
        "P27_008": -99,
        "P27_009": 9999
      },
      "geometry": {
        "type": "Point",
        "coordinates": [
          135.678447,
          34.41028
        ]
      }
    },
    {
      "type": "Feature",
      "properties": {
        "P27_001": "27230",
        "P27_002": "3",
        "P27_003": "99999",
        "P27_004": "03142",
        "P27_005": "府民の森くろんど園地キャンプ場",
        "P27_006": "大字私部3192-1",
        "P27_007": 4,
        "P27_008": -99,
        "P27_009": 9999
      },
      "geometry": {
        "type": "Point",
        "coordinates": [
          135.706155,
          34.768136
        ]
      }
    },
    {
      "type": "Feature",
      "properties": {
        "P27_001": "27146",
        "P27_002": "3",
        "P27_003": "99999",
        "P27_004": "03142",
        "P27_005": "大泉緑地野外炉",
        "P27_006": "金岡町128",
        "P27_007": 4,
        "P27_008": -99,
        "P27_009": 9999
      },
      "geometry": {
        "type": "Point",
        "coordinates": [
          135.529315,
          34.563436
        ]
      }
    },
    {
      "type": "Feature",
      "properties": {
        "P27_001": "27216",
        "P27_002": "3",
        "P27_003": "99999",
        "P27_004": "03142",
        "P27_005": "長野公園キャンプ場",
        "P27_006": "天野町1010-1",
        "P27_007": 4,
        "P27_008": -99,
        "P27_009": 9999
      },
      "geometry": {
        "type": "Point",
        "coordinates": [
          135.531785,
          34.426601
        ]
      }
    },
    {
      "type": "Feature",
      "properties": {
        "P27_001": "27208",
        "P27_002": "3",
        "P27_003": "99999",
        "P27_004": "03142",
        "P27_005": "大阪府立少年自然の家",
        "P27_006": "木積字秋山長尾3350",
        "P27_007": 4,
        "P27_008": -99,
        "P27_009": 9999
      },
      "geometry": {
        "type": "Point",
        "coordinates": [
          135.406047,
          34.366957
        ]
      }
    },
    {
      "type": "Feature",
      "properties": {
        "P27_001": "27225",
        "P27_002": "3",
        "P27_003": "99999",
        "P27_004": "03109",
        "P27_005": "大阪府立羽衣青少年センター",
        "P27_006": "羽衣公園丁",
        "P27_007": 4,
        "P27_008": -99,
        "P27_009": 9999
      },
      "geometry": {
        "type": "Point",
        "coordinates": [
          135.432917,
          34.532582
        ]
      }
    },
    {
      "type": "Feature",
      "properties": {
        "P27_001": "27225",
        "P27_002": "3",
        "P27_003": "99999",
        "P27_004": "03104",
        "P27_005": "大阪府立羽衣青少年センター",
        "P27_006": "羽衣公園丁",
        "P27_007": 4,
        "P27_008": -99,
        "P27_009": 9999
      },
      "geometry": {
        "type": "Point",
        "coordinates": [
          135.432599,
          34.532381
        ]
      }
    },
    {
      "type": "Feature",
      "properties": {
        "P27_001": "27322",
        "P27_002": "3",
        "P27_003": "99999",
        "P27_004": "03147",
        "P27_005": "能勢の郷",
        "P27_006": "山辺409-1",
        "P27_007": 4,
        "P27_008": -99,
        "P27_009": 9999
      },
      "geometry": {
        "type": "Point",
        "coordinates": [
          135.387178,
          34.994774
        ]
      }
    },
    {
      "type": "Feature",
      "properties": {
        "P27_001": "27366",
        "P27_002": "3",
        "P27_003": "99999",
        "P27_004": "03140",
        "P27_005": "大阪府立青少年海洋センター",
        "P27_006": "淡輪6190",
        "P27_007": 2,
        "P27_008": -99,
        "P27_009": 9999
      },
      "geometry": {
        "type": "Point",
        "coordinates": [
          135.178448,
          34.336731
        ]
      }
    },
    {
      "type": "Feature",
      "properties": {
        "P27_001": "27366",
        "P27_002": "3",
        "P27_003": "99999",
        "P27_004": "03109",
        "P27_005": "大阪府立青少年海洋センター",
        "P27_006": "淡輪6190",
        "P27_007": 2,
        "P27_008": -99,
        "P27_009": 9999
      },
      "geometry": {
        "type": "Point",
        "coordinates": [
          135.181752,
          34.336166
        ]
      }
    },
    {
      "type": "Feature",
      "properties": {
        "P27_001": "27366",
        "P27_002": "3",
        "P27_003": "99999",
        "P27_004": "03120",
        "P27_005": "大阪府立青少年海洋センター",
        "P27_006": "淡輪6190",
        "P27_007": 2,
        "P27_008": -99,
        "P27_009": 9999
      },
      "geometry": {
        "type": "Point",
        "coordinates": [
          135.181752,
          34.336098
        ]
      }
    },
    {
      "type": "Feature",
      "properties": {
        "P27_001": "27366",
        "P27_002": "3",
        "P27_003": "99999",
        "P27_004": "03103",
        "P27_005": "大阪府立青少年海洋センター",
        "P27_006": "淡輪6190",
        "P27_007": 2,
        "P27_008": -99,
        "P27_009": 9999
      },
      "geometry": {
        "type": "Point",
        "coordinates": [
          135.181348,
          34.335867
        ]
      }
    },
    {
      "type": "Feature",
      "properties": {
        "P27_001": "27145",
        "P27_002": "3",
        "P27_003": "99999",
        "P27_004": "03105",
        "P27_005": "大阪府立障害者交流促進センター（ファインプラザ）",
        "P27_006": "城山台5-1-2",
        "P27_007": 4,
        "P27_008": 3,
        "P27_009": 9999
      },
      "geometry": {
        "type": "Point",
        "coordinates": [
          135.482186,
          34.466466
        ]
      }
    },
    {
      "type": "Feature",
      "properties": {
        "P27_001": "27145",
        "P27_002": "3",
        "P27_003": "99999",
        "P27_004": "03109",
        "P27_005": "大阪府立障害者交流促進センター（ファインプラザ）",
        "P27_006": "城山台5-1-2",
        "P27_007": 4,
        "P27_008": 3,
        "P27_009": 9999
      },
      "geometry": {
        "type": "Point",
        "coordinates": [
          135.482192,
          34.466395
        ]
      }
    },
    {
      "type": "Feature",
      "properties": {
        "P27_001": "27145",
        "P27_002": "3",
        "P27_003": "99999",
        "P27_004": "03129",
        "P27_005": "大阪府立障害者交流促進センター（ファインプラザ）",
        "P27_006": "城山台5-1-2",
        "P27_007": 4,
        "P27_008": 3,
        "P27_009": 9999
      },
      "geometry": {
        "type": "Point",
        "coordinates": [
          135.482195,
          34.466324
        ]
      }
    },
    {
      "type": "Feature",
      "properties": {
        "P27_001": "27145",
        "P27_002": "3",
        "P27_003": "99999",
        "P27_004": "03104",
        "P27_005": "大阪府立障害者交流促進センター（ファインプラザ）",
        "P27_006": "城山台5-1-2",
        "P27_007": 4,
        "P27_008": 3,
        "P27_009": 9999
      },
      "geometry": {
        "type": "Point",
        "coordinates": [
          135.4812,
          34.467098
        ]
      }
    },
    {
      "type": "Feature",
      "properties": {
        "P27_001": "27145",
        "P27_002": "3",
        "P27_003": "99999",
        "P27_004": "03122",
        "P27_005": "大阪府立障害者交流促進センター（ファインプラザ）",
        "P27_006": "城山台5-1-2",
        "P27_007": 4,
        "P27_008": 3,
        "P27_009": 9999
      },
      "geometry": {
        "type": "Point",
        "coordinates": [
          135.482608,
          34.466175
        ]
      }
    },
    {
      "type": "Feature",
      "properties": {
        "P27_001": "27145",
        "P27_002": "3",
        "P27_003": "99999",
        "P27_004": "03120",
        "P27_005": "大阪府立障害者交流促進センター（ファインプラザ）",
        "P27_006": "城山台5-1-2",
        "P27_007": 4,
        "P27_008": 3,
        "P27_009": 9999
      },
      "geometry": {
        "type": "Point",
        "coordinates": [
          135.482195,
          34.466251
        ]
      }
    },
    {
      "type": "Feature",
      "properties": {
        "P27_001": "27145",
        "P27_002": "3",
        "P27_003": "99999",
        "P27_004": "03102",
        "P27_005": "大阪府立障害者交流促進センター（ファインプラザ）",
        "P27_006": "城山台5-1-2",
        "P27_007": 4,
        "P27_008": 3,
        "P27_009": 9999
      },
      "geometry": {
        "type": "Point",
        "coordinates": [
          135.4812,
          34.467017
        ]
      }
    },
    {
      "type": "Feature",
      "properties": {
        "P27_001": "27145",
        "P27_002": "3",
        "P27_003": "99999",
        "P27_004": "03103",
        "P27_005": "大阪府立障害者交流促進センター（ファインプラザ）",
        "P27_006": "城山台5-1-2",
        "P27_007": 4,
        "P27_008": 3,
        "P27_009": 9999
      },
      "geometry": {
        "type": "Point",
        "coordinates": [
          135.481197,
          34.466939
        ]
      }
    },
    {
      "type": "Feature",
      "properties": {
        "P27_001": "27220",
        "P27_002": "3",
        "P27_003": "99999",
        "P27_004": "03109",
        "P27_005": "大阪府立稲スポーツセンター（休止中）",
        "P27_006": "稲6-15-26",
        "P27_007": 4,
        "P27_008": -99,
        "P27_009": 9999
      },
      "geometry": {
        "type": "Point",
        "coordinates": [
          135.484288,
          34.818739
        ]
      }
    },
    {
      "type": "Feature",
      "properties": {
        "P27_001": "27220",
        "P27_002": "3",
        "P27_003": "99999",
        "P27_004": "03116",
        "P27_005": "大阪府立稲スポーツセンター（休止中）",
        "P27_006": "稲6-15-26",
        "P27_007": 4,
        "P27_008": -99,
        "P27_009": 9999
      },
      "geometry": {
        "type": "Point",
        "coordinates": [
          135.484288,
          34.818698
        ]
      }
    },
    {
      "type": "Feature",
      "properties": {
        "P27_001": "27220",
        "P27_002": "3",
        "P27_003": "99999",
        "P27_004": "03120",
        "P27_005": "大阪府立稲スポーツセンター（休止中）",
        "P27_006": "稲6-15-26",
        "P27_007": 4,
        "P27_008": -99,
        "P27_009": 9999
      },
      "geometry": {
        "type": "Point",
        "coordinates": [
          135.484288,
          34.818656
        ]
      }
    },
    {
      "type": "Feature",
      "properties": {
        "P27_001": "27220",
        "P27_002": "3",
        "P27_003": "99999",
        "P27_004": "03132",
        "P27_005": "大阪府立稲スポーツセンター（休止中）",
        "P27_006": "稲6-15-26",
        "P27_007": 4,
        "P27_008": -99,
        "P27_009": 9999
      },
      "geometry": {
        "type": "Point",
        "coordinates": [
          135.484291,
          34.818617
        ]
      }
    },
    {
      "type": "Feature",
      "properties": {
        "P27_001": "27220",
        "P27_002": "3",
        "P27_003": "99999",
        "P27_004": "03129",
        "P27_005": "大阪府立稲スポーツセンター（休止中）",
        "P27_006": "稲6-15-26",
        "P27_007": 4,
        "P27_008": -99,
        "P27_009": 9999
      },
      "geometry": {
        "type": "Point",
        "coordinates": [
          135.484288,
          34.818576
        ]
      }
    },
    {
      "type": "Feature",
      "properties": {
        "P27_001": "27223",
        "P27_002": "3",
        "P27_003": "99999",
        "P27_004": "03109",
        "P27_005": "なみはやドーム（大阪府立門真スポーツセンター）",
        "P27_006": "三ﾂ島308-1",
        "P27_007": 4,
        "P27_008": -99,
        "P27_009": 9999
      },
      "geometry": {
        "type": "Point",
        "coordinates": [
          135.594347,
          34.715921
        ]
      }
    },
    {
      "type": "Feature",
      "properties": {
        "P27_001": "27223",
        "P27_002": "3",
        "P27_003": "99999",
        "P27_004": "03116",
        "P27_005": "なみはやドーム（大阪府立門真スポーツセンター）",
        "P27_006": "三ﾂ島308-1",
        "P27_007": 4,
        "P27_008": -99,
        "P27_009": 9999
      },
      "geometry": {
        "type": "Point",
        "coordinates": [
          135.594347,
          34.715833
        ]
      }
    },
    {
      "type": "Feature",
      "properties": {
        "P27_001": "27223",
        "P27_002": "3",
        "P27_003": "99999",
        "P27_004": "03120",
        "P27_005": "なみはやドーム（大阪府立門真スポーツセンター）",
        "P27_006": "三ﾂ島308-1",
        "P27_007": 4,
        "P27_008": -99,
        "P27_009": 9999
      },
      "geometry": {
        "type": "Point",
        "coordinates": [
          135.594341,
          34.715745
        ]
      }
    },
    {
      "type": "Feature",
      "properties": {
        "P27_001": "27223",
        "P27_002": "3",
        "P27_003": "99999",
        "P27_004": "03124",
        "P27_005": "なみはやドーム（大阪府立門真スポーツセンター）",
        "P27_006": "三ﾂ島308-1",
        "P27_007": 4,
        "P27_008": -99,
        "P27_009": 9999
      },
      "geometry": {
        "type": "Point",
        "coordinates": [
          135.594335,
          34.715662
        ]
      }
    },
    {
      "type": "Feature",
      "properties": {
        "P27_001": "27223",
        "P27_002": "3",
        "P27_003": "99999",
        "P27_004": "03129",
        "P27_005": "なみはやドーム（大阪府立門真スポーツセンター）",
        "P27_006": "三ﾂ島308-1",
        "P27_007": 4,
        "P27_008": -99,
        "P27_009": 9999
      },
      "geometry": {
        "type": "Point",
        "coordinates": [
          135.594335,
          34.715579
        ]
      }
    },
    {
      "type": "Feature",
      "properties": {
        "P27_001": "27225",
        "P27_002": "3",
        "P27_003": "99999",
        "P27_004": "03109",
        "P27_005": "大阪府立臨海スポーツセンター",
        "P27_006": "高師浜丁6-1",
        "P27_007": 4,
        "P27_008": -99,
        "P27_009": 9999
      },
      "geometry": {
        "type": "Point",
        "coordinates": [
          135.429061,
          34.5292
        ]
      }
    },
    {
      "type": "Feature",
      "properties": {
        "P27_001": "27225",
        "P27_002": "3",
        "P27_003": "99999",
        "P27_004": "03116",
        "P27_005": "大阪府立臨海スポーツセンター",
        "P27_006": "高師浜丁6-1",
        "P27_007": 4,
        "P27_008": -99,
        "P27_009": 9999
      },
      "geometry": {
        "type": "Point",
        "coordinates": [
          135.429055,
          34.529117
        ]
      }
    },
    {
      "type": "Feature",
      "properties": {
        "P27_001": "27225",
        "P27_002": "3",
        "P27_003": "99999",
        "P27_004": "03120",
        "P27_005": "大阪府立臨海スポーツセンター",
        "P27_006": "高師浜丁6-1",
        "P27_007": 4,
        "P27_008": -99,
        "P27_009": 9999
      },
      "geometry": {
        "type": "Point",
        "coordinates": [
          135.429055,
          34.529029
        ]
      }
    },
    {
      "type": "Feature",
      "properties": {
        "P27_001": "27111",
        "P27_002": "3",
        "P27_003": "99999",
        "P27_004": "03109",
        "P27_005": "大阪府立体育会館",
        "P27_006": "難波中3-4-36",
        "P27_007": 4,
        "P27_008": 4,
        "P27_009": 9999
      },
      "geometry": {
        "type": "Point",
        "coordinates": [
          135.499176,
          34.662415
        ]
      }
    },
    {
      "type": "Feature",
      "properties": {
        "P27_001": "27111",
        "P27_002": "3",
        "P27_003": "99999",
        "P27_004": "03116",
        "P27_005": "大阪府立体育会館",
        "P27_006": "難波中3-4-36",
        "P27_007": 4,
        "P27_008": 4,
        "P27_009": 9999
      },
      "geometry": {
        "type": "Point",
        "coordinates": [
          135.499182,
          34.662332
        ]
      }
    },
    {
      "type": "Feature",
      "properties": {
        "P27_001": "27111",
        "P27_002": "3",
        "P27_003": "99999",
        "P27_004": "03120",
        "P27_005": "大阪府立体育会館",
        "P27_006": "難波中3-4-36",
        "P27_007": 4,
        "P27_008": 4,
        "P27_009": 9999
      },
      "geometry": {
        "type": "Point",
        "coordinates": [
          135.499182,
          34.662249
        ]
      }
    },
    {
      "type": "Feature",
      "properties": {
        "P27_001": "27111",
        "P27_002": "3",
        "P27_003": "99999",
        "P27_004": "03110",
        "P27_005": "大阪府立体育会館",
        "P27_006": "難波中3-4-36",
        "P27_007": 4,
        "P27_008": 4,
        "P27_009": 9999
      },
      "geometry": {
        "type": "Point",
        "coordinates": [
          135.499176,
          34.662166
        ]
      }
    },
    {
      "type": "Feature",
      "properties": {
        "P27_001": "27111",
        "P27_002": "3",
        "P27_003": "99999",
        "P27_004": "03111",
        "P27_005": "大阪府立体育会館",
        "P27_006": "難波中3-4-36",
        "P27_007": 4,
        "P27_008": 4,
        "P27_009": 9999
      },
      "geometry": {
        "type": "Point",
        "coordinates": [
          135.499176,
          34.662078
        ]
      }
    },
    {
      "type": "Feature",
      "properties": {
        "P27_001": "27125",
        "P27_002": "3",
        "P27_003": "99999",
        "P27_004": "03109",
        "P27_005": "大阪府住吉公園体育館",
        "P27_006": "浜口東1-1-13",
        "P27_007": 4,
        "P27_008": -99,
        "P27_009": 9999
      },
      "geometry": {
        "type": "Point",
        "coordinates": [
          135.489394,
          34.61099
        ]
      }
    },
    {
      "type": "Feature",
      "properties": {
        "P27_001": "27125",
        "P27_002": "3",
        "P27_003": "99999",
        "P27_004": "03113",
        "P27_005": "大阪府住吉公園体育館",
        "P27_006": "浜口東1-1-13",
        "P27_007": 4,
        "P27_008": -99,
        "P27_009": 9999
      },
      "geometry": {
        "type": "Point",
        "coordinates": [
          135.489394,
          34.610921
        ]
      }
    },
    {
      "type": "Feature",
      "properties": {
        "P27_001": "27125",
        "P27_002": "3",
        "P27_003": "99999",
        "P27_004": "03132",
        "P27_005": "大阪府住吉公園体育館",
        "P27_006": "浜口東1-1-13",
        "P27_007": 4,
        "P27_008": -99,
        "P27_009": 9999
      },
      "geometry": {
        "type": "Point",
        "coordinates": [
          135.489403,
          34.610853
        ]
      }
    },
    {
      "type": "Feature",
      "properties": {
        "P27_001": "27223",
        "P27_002": "3",
        "P27_003": "99999",
        "P27_004": "03105",
        "P27_005": "なみはやドーム（大阪府立門真スポーツセンター）",
        "P27_006": "三ﾂ島308-1",
        "P27_007": 4,
        "P27_008": -99,
        "P27_009": 9999
      },
      "geometry": {
        "type": "Point",
        "coordinates": [
          135.594335,
          34.715491
        ]
      }
    },
    {
      "type": "Feature",
      "properties": {
        "P27_001": "27223",
        "P27_002": "3",
        "P27_003": "99999",
        "P27_004": "03108",
        "P27_005": "なみはやドーム（大阪府立門真スポーツセンター）",
        "P27_006": "三ﾂ島308-1",
        "P27_007": 4,
        "P27_008": -99,
        "P27_009": 9999
      },
      "geometry": {
        "type": "Point",
        "coordinates": [
          135.594335,
          34.715413
        ]
      }
    },
    {
      "type": "Feature",
      "properties": {
        "P27_001": "27225",
        "P27_002": "3",
        "P27_003": "99999",
        "P27_004": "03124",
        "P27_005": "大阪府立臨海スポーツセンター",
        "P27_006": "高師浜丁6-1",
        "P27_007": 4,
        "P27_008": -99,
        "P27_009": 9999
      },
      "geometry": {
        "type": "Point",
        "coordinates": [
          135.429061,
          34.52894
        ]
      }
    },
    {
      "type": "Feature",
      "properties": {
        "P27_001": "27212",
        "P27_002": "3",
        "P27_003": "99999",
        "P27_004": "03106",
        "P27_005": "久宝寺緑地プール",
        "P27_006": "西久宝寺323",
        "P27_007": 4,
        "P27_008": -99,
        "P27_009": 9999
      },
      "geometry": {
        "type": "Point",
        "coordinates": [
          135.580866,
          34.629417
        ]
      }
    },
    {
      "type": "Feature",
      "properties": {
        "P27_001": "27125",
        "P27_002": "3",
        "P27_003": "99999",
        "P27_004": "03106",
        "P27_005": "住之江公園プール",
        "P27_006": "南加賀屋1",
        "P27_007": 4,
        "P27_008": -99,
        "P27_009": 9999
      },
      "geometry": {
        "type": "Point",
        "coordinates": [
          135.473823,
          34.611845
        ]
      }
    },
    {
      "type": "Feature",
      "properties": {
        "P27_001": "27227",
        "P27_002": "3",
        "P27_003": "99999",
        "P27_004": "03106",
        "P27_005": "枚岡公園プール",
        "P27_006": "東豊浦町",
        "P27_007": 4,
        "P27_008": -99,
        "P27_009": 9999
      },
      "geometry": {
        "type": "Point",
        "coordinates": [
          135.653429,
          34.673612
        ]
      }
    },
    {
      "type": "Feature",
      "properties": {
        "P27_001": "27144",
        "P27_002": "3",
        "P27_003": "99999",
        "P27_004": "03106",
        "P27_005": "浜寺公園プール",
        "P27_006": "浜寺公園町",
        "P27_007": 4,
        "P27_008": -99,
        "P27_009": 9999
      },
      "geometry": {
        "type": "Point",
        "coordinates": [
          135.441577,
          34.545873
        ]
      }
    },
    {
      "type": "Feature",
      "properties": {
        "P27_001": "27144",
        "P27_002": "3",
        "P27_003": "99999",
        "P27_004": "03107",
        "P27_005": "浜寺公園プール",
        "P27_006": "浜寺公園町",
        "P27_007": 4,
        "P27_008": -99,
        "P27_009": 9999
      },
      "geometry": {
        "type": "Point",
        "coordinates": [
          135.440573,
          34.543974
        ]
      }
    },
    {
      "type": "Feature",
      "properties": {
        "P27_001": "27203",
        "P27_002": "3",
        "P27_003": "99999",
        "P27_004": "03106",
        "P27_005": "服部緑地プール",
        "P27_006": "服部緑地1-8",
        "P27_007": 4,
        "P27_008": -99,
        "P27_009": 9999
      },
      "geometry": {
        "type": "Point",
        "coordinates": [
          135.48139,
          34.772344
        ]
      }
    },
    {
      "type": "Feature",
      "properties": {
        "P27_001": "27203",
        "P27_002": "3",
        "P27_003": "99999",
        "P27_004": "03107",
        "P27_005": "服部緑地プール",
        "P27_006": "服部緑地1-8",
        "P27_007": 4,
        "P27_008": -99,
        "P27_009": 9999
      },
      "geometry": {
        "type": "Point",
        "coordinates": [
          135.482237,
          34.772702
        ]
      }
    },
    {
      "type": "Feature",
      "properties": {
        "P27_001": "27341",
        "P27_002": "3",
        "P27_003": "99999",
        "P27_004": "03115",
        "P27_005": "新浜テニスコート",
        "P27_006": "新浜2-5-4",
        "P27_007": 3,
        "P27_008": -99,
        "P27_009": 9999
      },
      "geometry": {
        "type": "Point",
        "coordinates": [
          135.380194,
          34.502513
        ]
      }
    },
    {
      "type": "Feature",
      "properties": {
        "P27_001": "27206",
        "P27_002": "3",
        "P27_003": "99999",
        "P27_004": "03115",
        "P27_005": "泉大津市助松埠頭中央緑地テニスコート",
        "P27_006": "小津島町1",
        "P27_007": 3,
        "P27_008": -99,
        "P27_009": 9999
      },
      "geometry": {
        "type": "Point",
        "coordinates": [
          135.398009,
          34.520597
        ]
      }
    },
    {
      "type": "Feature",
      "properties": {
        "P27_001": "27220",
        "P27_002": "3",
        "P27_003": "99999",
        "P27_004": "03115",
        "P27_005": "千里アクアテニスコート",
        "P27_006": "船場東3-14-1",
        "P27_007": 4,
        "P27_008": -99,
        "P27_009": 9999
      },
      "geometry": {
        "type": "Point",
        "coordinates": [
          135.495718,
          34.823116
        ]
      }
    },
    {
      "type": "Feature",
      "properties": {
        "P27_001": "27220",
        "P27_002": "3",
        "P27_003": "99999",
        "P27_004": "03116",
        "P27_005": "千里アクアテニスコート",
        "P27_006": "船場東3-14-1",
        "P27_007": 4,
        "P27_008": -99,
        "P27_009": 9999
      },
      "geometry": {
        "type": "Point",
        "coordinates": [
          135.495611,
          34.824584
        ]
      }
    },
    {
      "type": "Feature",
      "properties": {
        "P27_001": "27145",
        "P27_002": "3",
        "P27_003": "99999",
        "P27_004": "03115",
        "P27_005": "泉北アクアテニスコート",
        "P27_006": "晴美台1-2-2",
        "P27_007": 4,
        "P27_008": -99,
        "P27_009": 9999
      },
      "geometry": {
        "type": "Point",
        "coordinates": [
          135.536813,
          34.498889
        ]
      }
    },
    {
      "type": "Feature",
      "properties": {
        "P27_001": "27145",
        "P27_002": "3",
        "P27_003": "99999",
        "P27_004": "03116",
        "P27_005": "泉北アクアテニスコート",
        "P27_006": "晴美台1-2-2",
        "P27_007": 4,
        "P27_008": -99,
        "P27_009": 9999
      },
      "geometry": {
        "type": "Point",
        "coordinates": [
          135.536879,
          34.498003
        ]
      }
    },
    {
      "type": "Feature",
      "properties": {
        "P27_001": "27322",
        "P27_002": "3",
        "P27_003": "99999",
        "P27_004": "03115",
        "P27_005": "能勢の郷（テニスコート）",
        "P27_006": "山辺409-1",
        "P27_007": 4,
        "P27_008": -99,
        "P27_009": 9999
      },
      "geometry": {
        "type": "Point",
        "coordinates": [
          135.388247,
          34.992734
        ]
      }
    },
    {
      "type": "Feature",
      "properties": {
        "P27_001": "27202",
        "P27_002": "3",
        "P27_003": "99999",
        "P27_004": "03115",
        "P27_005": "蜻蛉池公園テニスコート",
        "P27_006": "尾生町2494",
        "P27_007": 4,
        "P27_008": -99,
        "P27_009": 9999
      },
      "geometry": {
        "type": "Point",
        "coordinates": [
          135.419467,
          34.432772
        ]
      }
    },
    {
      "type": "Feature",
      "properties": {
        "P27_001": "27208",
        "P27_002": "3",
        "P27_003": "99999",
        "P27_004": "03115",
        "P27_005": "二色の浜公園テニスコート",
        "P27_006": "脇浜4-830",
        "P27_007": 4,
        "P27_008": -99,
        "P27_009": 9999
      },
      "geometry": {
        "type": "Point",
        "coordinates": [
          135.340582,
          34.44381
        ]
      }
    },
    {
      "type": "Feature",
      "properties": {
        "P27_001": "27218",
        "P27_002": "3",
        "P27_003": "99999",
        "P27_004": "03115",
        "P27_005": "深北緑地テニスコート",
        "P27_006": "深野北4-284",
        "P27_007": 4,
        "P27_008": -99,
        "P27_009": 9999
      },
      "geometry": {
        "type": "Point",
        "coordinates": [
          135.630271,
          34.727277
        ]
      }
    },
    {
      "type": "Feature",
      "properties": {
        "P27_001": "27146",
        "P27_002": "3",
        "P27_003": "99999",
        "P27_004": "03115",
        "P27_005": "大泉緑地テニスコート",
        "P27_006": "金岡町128",
        "P27_007": 4,
        "P27_008": -99,
        "P27_009": 9999
      },
      "geometry": {
        "type": "Point",
        "coordinates": [
          135.528798,
          34.56076
        ]
      }
    },
    {
      "type": "Feature",
      "properties": {
        "P27_001": "27366",
        "P27_002": "3",
        "P27_003": "99999",
        "P27_004": "03115",
        "P27_005": "大阪府立青少年海洋センターファミリー棟テニスコート（マリンロッジ海風館）",
        "P27_006": "淡輪6190",
        "P27_007": 4,
        "P27_008": -99,
        "P27_009": 9999
      },
      "geometry": {
        "type": "Point",
        "coordinates": [
          135.182025,
          34.334194
        ]
      }
    },
    {
      "type": "Feature",
      "properties": {
        "P27_001": "27215",
        "P27_002": "3",
        "P27_003": "99999",
        "P27_004": "03115",
        "P27_005": "寝屋川公園テニスコート",
        "P27_006": "寝屋川公園1707",
        "P27_007": 4,
        "P27_008": -99,
        "P27_009": 9999
      },
      "geometry": {
        "type": "Point",
        "coordinates": [
          135.652296,
          34.763453
        ]
      }
    },
    {
      "type": "Feature",
      "properties": {
        "P27_001": "27212",
        "P27_002": "3",
        "P27_003": "99999",
        "P27_004": "03115",
        "P27_005": "久宝寺緑地テニスコート",
        "P27_006": "西久宝寺323",
        "P27_007": 4,
        "P27_008": -99,
        "P27_009": 9999
      },
      "geometry": {
        "type": "Point",
        "coordinates": [
          135.576238,
          34.627471
        ]
      }
    },
    {
      "type": "Feature",
      "properties": {
        "P27_001": "27125",
        "P27_002": "3",
        "P27_003": "99999",
        "P27_004": "03115",
        "P27_005": "住吉公園テニスコート",
        "P27_006": "浜口東1-1-13",
        "P27_007": 4,
        "P27_008": -99,
        "P27_009": 9999
      },
      "geometry": {
        "type": "Point",
        "coordinates": [
          135.487647,
          34.612745
        ]
      }
    },
    {
      "type": "Feature",
      "properties": {
        "P27_001": "27125",
        "P27_002": "3",
        "P27_003": "99999",
        "P27_004": "03115",
        "P27_005": "住之江公園テニスコート",
        "P27_006": "南加賀屋1-1-117",
        "P27_007": 4,
        "P27_008": -99,
        "P27_009": 9999
      },
      "geometry": {
        "type": "Point",
        "coordinates": [
          135.47696,
          34.612227
        ]
      }
    },
    {
      "type": "Feature",
      "properties": {
        "P27_001": "27144",
        "P27_002": "3",
        "P27_003": "99999",
        "P27_004": "03115",
        "P27_005": "浜寺公園テニスコート",
        "P27_006": "浜寺公園町",
        "P27_007": 4,
        "P27_008": -99,
        "P27_009": 9999
      },
      "geometry": {
        "type": "Point",
        "coordinates": [
          135.442961,
          34.546118
        ]
      }
    },
    {
      "type": "Feature",
      "properties": {
        "P27_001": "27203",
        "P27_002": "3",
        "P27_003": "99999",
        "P27_004": "03115",
        "P27_005": "服部緑地テニスコート",
        "P27_006": "服部緑地1-1",
        "P27_007": 4,
        "P27_008": -99,
        "P27_009": 9999
      },
      "geometry": {
        "type": "Point",
        "coordinates": [
          135.482509,
          34.777213
        ]
      }
    },
    {
      "type": "Feature",
      "properties": {
        "P27_001": "27202",
        "P27_002": "3",
        "P27_003": "99999",
        "P27_004": "03104",
        "P27_005": "蜻蛉池公園球技広場",
        "P27_006": "尾生町2494",
        "P27_007": 4,
        "P27_008": -99,
        "P27_009": 9999
      },
      "geometry": {
        "type": "Point",
        "coordinates": [
          135.417881,
          34.434065
        ]
      }
    },
    {
      "type": "Feature",
      "properties": {
        "P27_001": "27202",
        "P27_002": "3",
        "P27_003": "99999",
        "P27_004": "03102",
        "P27_005": "蜻蛉池公園球技広場",
        "P27_006": "尾生町2494",
        "P27_007": 4,
        "P27_008": -99,
        "P27_009": 9999
      },
      "geometry": {
        "type": "Point",
        "coordinates": [
          135.417875,
          34.433962
        ]
      }
    },
    {
      "type": "Feature",
      "properties": {
        "P27_001": "27202",
        "P27_002": "3",
        "P27_003": "99999",
        "P27_004": "03103",
        "P27_005": "蜻蛉池公園球技広場",
        "P27_006": "尾生町2494",
        "P27_007": 4,
        "P27_008": -99,
        "P27_009": 9999
      },
      "geometry": {
        "type": "Point",
        "coordinates": [
          135.417881,
          34.433869
        ]
      }
    },
    {
      "type": "Feature",
      "properties": {
        "P27_001": "27203",
        "P27_002": "3",
        "P27_003": "99999",
        "P27_004": "03104",
        "P27_005": "服部緑地補助競技場",
        "P27_006": "服部緑地1-1",
        "P27_007": 4,
        "P27_008": -99,
        "P27_009": 9999
      },
      "geometry": {
        "type": "Point",
        "coordinates": [
          135.48242,
          34.778575
        ]
      }
    },
    {
      "type": "Feature",
      "properties": {
        "P27_001": "27203",
        "P27_002": "3",
        "P27_003": "99999",
        "P27_004": "03103",
        "P27_005": "服部緑地補助競技場",
        "P27_006": "服部緑地1-1",
        "P27_007": 4,
        "P27_008": -99,
        "P27_009": 9999
      },
      "geometry": {
        "type": "Point",
        "coordinates": [
          135.482408,
          34.778477
        ]
      }
    },
    {
      "type": "Feature",
      "properties": {
        "P27_001": "27218",
        "P27_002": "3",
        "P27_003": "99999",
        "P27_004": "03104",
        "P27_005": "深北緑地球技広場",
        "P27_006": "深野北4-284",
        "P27_007": 4,
        "P27_008": -99,
        "P27_009": 9999
      },
      "geometry": {
        "type": "Point",
        "coordinates": [
          135.628786,
          34.7276
        ]
      }
    },
    {
      "type": "Feature",
      "properties": {
        "P27_001": "27218",
        "P27_002": "3",
        "P27_003": "99999",
        "P27_004": "03102",
        "P27_005": "深北緑地球技広場",
        "P27_006": "深野北4-284",
        "P27_007": 4,
        "P27_008": -99,
        "P27_009": 9999
      },
      "geometry": {
        "type": "Point",
        "coordinates": [
          135.628786,
          34.727512
        ]
      }
    },
    {
      "type": "Feature",
      "properties": {
        "P27_001": "27218",
        "P27_002": "3",
        "P27_003": "99999",
        "P27_004": "03103",
        "P27_005": "深北緑地球技広場",
        "P27_006": "深野北4-284",
        "P27_007": 4,
        "P27_008": -99,
        "P27_009": 9999
      },
      "geometry": {
        "type": "Point",
        "coordinates": [
          135.628786,
          34.727424
        ]
      }
    },
    {
      "type": "Feature",
      "properties": {
        "P27_001": "27208",
        "P27_002": "3",
        "P27_003": "99999",
        "P27_004": "03104",
        "P27_005": "二色の浜公園球技広場",
        "P27_006": "脇浜",
        "P27_007": 4,
        "P27_008": -99,
        "P27_009": 9999
      },
      "geometry": {
        "type": "Point",
        "coordinates": [
          135.341402,
          34.442769
        ]
      }
    },
    {
      "type": "Feature",
      "properties": {
        "P27_001": "27208",
        "P27_002": "3",
        "P27_003": "99999",
        "P27_004": "03102",
        "P27_005": "二色の浜公園球技広場",
        "P27_006": "脇浜",
        "P27_007": 4,
        "P27_008": -99,
        "P27_009": 9999
      },
      "geometry": {
        "type": "Point",
        "coordinates": [
          135.341408,
          34.442681
        ]
      }
    },
    {
      "type": "Feature",
      "properties": {
        "P27_001": "27225",
        "P27_002": "3",
        "P27_003": "99999",
        "P27_004": "03102",
        "P27_005": "浜寺公園ソフトボール広場",
        "P27_006": "羽衣公園",
        "P27_007": 4,
        "P27_008": -99,
        "P27_009": 9999
      },
      "geometry": {
        "type": "Point",
        "coordinates": [
          135.436396,
          34.537435
        ]
      }
    },
    {
      "type": "Feature",
      "properties": {
        "P27_001": "27225",
        "P27_002": "3",
        "P27_003": "99999",
        "P27_004": "03104",
        "P27_005": "浜寺公園ソフトボール広場",
        "P27_006": "羽衣公園",
        "P27_007": 4,
        "P27_008": -99,
        "P27_009": 9999
      },
      "geometry": {
        "type": "Point",
        "coordinates": [
          135.436396,
          34.537337
        ]
      }
    },
    {
      "type": "Feature",
      "properties": {
        "P27_001": "27341",
        "P27_002": "3",
        "P27_003": "99999",
        "P27_004": "03102",
        "P27_005": "新浜緑地",
        "P27_006": "新浜3",
        "P27_007": 3,
        "P27_008": -99,
        "P27_009": 9999
      },
      "geometry": {
        "type": "Point",
        "coordinates": [
          135.376489,
          34.504174
        ]
      }
    },
    {
      "type": "Feature",
      "properties": {
        "P27_001": "27341",
        "P27_002": "3",
        "P27_003": "99999",
        "P27_004": "03103",
        "P27_005": "新浜緑地",
        "P27_006": "新浜3",
        "P27_007": 3,
        "P27_008": -99,
        "P27_009": 9999
      },
      "geometry": {
        "type": "Point",
        "coordinates": [
          135.376484,
          34.504081
        ]
      }
    },
    {
      "type": "Feature",
      "properties": {
        "P27_001": "27215",
        "P27_002": "3",
        "P27_003": "99999",
        "P27_004": "03102",
        "P27_005": "寝屋川公園ソフトボール広場",
        "P27_006": "寝屋、打上",
        "P27_007": 4,
        "P27_008": -99,
        "P27_009": 9999
      },
      "geometry": {
        "type": "Point",
        "coordinates": [
          135.650383,
          34.761208
        ]
      }
    },
    {
      "type": "Feature",
      "properties": {
        "P27_001": "27215",
        "P27_002": "3",
        "P27_003": "99999",
        "P27_004": "03104",
        "P27_005": "寝屋川公園ソフトボール広場",
        "P27_006": "寝屋、打上",
        "P27_007": 4,
        "P27_008": -99,
        "P27_009": 9999
      },
      "geometry": {
        "type": "Point",
        "coordinates": [
          135.650383,
          34.76112
        ]
      }
    },
    {
      "type": "Feature",
      "properties": {
        "P27_001": "27146",
        "P27_002": "3",
        "P27_003": "99999",
        "P27_004": "03102",
        "P27_005": "大泉緑地球技広場",
        "P27_006": "金岡町",
        "P27_007": 4,
        "P27_008": -99,
        "P27_009": 9999
      },
      "geometry": {
        "type": "Point",
        "coordinates": [
          135.53097,
          34.562117
        ]
      }
    },
    {
      "type": "Feature",
      "properties": {
        "P27_001": "27146",
        "P27_002": "3",
        "P27_003": "99999",
        "P27_004": "03103",
        "P27_005": "大泉緑地球技広場",
        "P27_006": "金岡町",
        "P27_007": 4,
        "P27_008": -99,
        "P27_009": 9999
      },
      "geometry": {
        "type": "Point",
        "coordinates": [
          135.53097,
          34.562024
        ]
      }
    },
    {
      "type": "Feature",
      "properties": {
        "P27_001": "27146",
        "P27_002": "3",
        "P27_003": "99999",
        "P27_004": "03104",
        "P27_005": "大泉緑地球技広場",
        "P27_006": "金岡町",
        "P27_007": 4,
        "P27_008": -99,
        "P27_009": 9999
      },
      "geometry": {
        "type": "Point",
        "coordinates": [
          135.53097,
          34.561931
        ]
      }
    },
    {
      "type": "Feature",
      "properties": {
        "P27_001": "27125",
        "P27_002": "3",
        "P27_003": "99999",
        "P27_004": "03102",
        "P27_005": "住之江公園球技広場",
        "P27_006": "南加賀屋1",
        "P27_007": 4,
        "P27_008": -99,
        "P27_009": 9999
      },
      "geometry": {
        "type": "Point",
        "coordinates": [
          135.475647,
          34.610872
        ]
      }
    },
    {
      "type": "Feature",
      "properties": {
        "P27_001": "27125",
        "P27_002": "3",
        "P27_003": "99999",
        "P27_004": "03103",
        "P27_005": "住之江公園球技広場",
        "P27_006": "南加賀屋1",
        "P27_007": 4,
        "P27_008": -99,
        "P27_009": 9999
      },
      "geometry": {
        "type": "Point",
        "coordinates": [
          135.475653,
          34.610774
        ]
      }
    },
    {
      "type": "Feature",
      "properties": {
        "P27_001": "27125",
        "P27_002": "3",
        "P27_003": "99999",
        "P27_004": "03104",
        "P27_005": "住之江公園球技広場",
        "P27_006": "南加賀屋1",
        "P27_007": 4,
        "P27_008": -99,
        "P27_009": 9999
      },
      "geometry": {
        "type": "Point",
        "coordinates": [
          135.475647,
          34.610686
        ]
      }
    },
    {
      "type": "Feature",
      "properties": {
        "P27_001": "27208",
        "P27_002": "3",
        "P27_003": "99999",
        "P27_004": "03102",
        "P27_005": "二色の浜公園スポーツ広場",
        "P27_006": "沢",
        "P27_007": 4,
        "P27_008": -99,
        "P27_009": 9999
      },
      "geometry": {
        "type": "Point",
        "coordinates": [
          135.337669,
          34.437619
        ]
      }
    },
    {
      "type": "Feature",
      "properties": {
        "P27_001": "27208",
        "P27_002": "3",
        "P27_003": "99999",
        "P27_004": "03104",
        "P27_005": "二色の浜公園スポーツ広場",
        "P27_006": "沢",
        "P27_007": 4,
        "P27_008": -99,
        "P27_009": 9999
      },
      "geometry": {
        "type": "Point",
        "coordinates": [
          135.337663,
          34.437526
        ]
      }
    },
    {
      "type": "Feature",
      "properties": {
        "P27_001": "27125",
        "P27_002": "3",
        "P27_003": "99999",
        "P27_004": "03103",
        "P27_005": "住吉公園運動場",
        "P27_006": "浜口東1",
        "P27_007": 4,
        "P27_008": -99,
        "P27_009": 9999
      },
      "geometry": {
        "type": "Point",
        "coordinates": [
          135.489297,
          34.612025
        ]
      }
    },
    {
      "type": "Feature",
      "properties": {
        "P27_001": "27125",
        "P27_002": "3",
        "P27_003": "99999",
        "P27_004": "03104",
        "P27_005": "住吉公園運動場",
        "P27_006": "浜口東1",
        "P27_007": 4,
        "P27_008": -99,
        "P27_009": 9999
      },
      "geometry": {
        "type": "Point",
        "coordinates": [
          135.489297,
          34.611942
        ]
      }
    },
    {
      "type": "Feature",
      "properties": {
        "P27_001": "27225",
        "P27_002": "3",
        "P27_003": "99999",
        "P27_004": "03102",
        "P27_005": "浜寺公園球技広場",
        "P27_006": "羽衣公園町",
        "P27_007": 4,
        "P27_008": -99,
        "P27_009": 9999
      },
      "geometry": {
        "type": "Point",
        "coordinates": [
          135.437161,
          34.538858
        ]
      }
    },
    {
      "type": "Feature",
      "properties": {
        "P27_001": "27225",
        "P27_002": "3",
        "P27_003": "99999",
        "P27_004": "03104",
        "P27_005": "浜寺公園球技広場",
        "P27_006": "羽衣公園町",
        "P27_007": 4,
        "P27_008": -99,
        "P27_009": 9999
      },
      "geometry": {
        "type": "Point",
        "coordinates": [
          135.437161,
          34.538769
        ]
      }
    },
    {
      "type": "Feature",
      "properties": {
        "P27_001": "27203",
        "P27_002": "3",
        "P27_003": "99999",
        "P27_004": "03102",
        "P27_005": "服部緑地スポーツ広場",
        "P27_006": "服部緑地",
        "P27_007": 4,
        "P27_008": -99,
        "P27_009": 9999
      },
      "geometry": {
        "type": "Point",
        "coordinates": [
          135.48775,
          34.77348
        ]
      }
    },
    {
      "type": "Feature",
      "properties": {
        "P27_001": "27203",
        "P27_002": "3",
        "P27_003": "99999",
        "P27_004": "03104",
        "P27_005": "服部緑地スポーツ広場",
        "P27_006": "服部緑地",
        "P27_007": 4,
        "P27_008": -99,
        "P27_009": 9999
      },
      "geometry": {
        "type": "Point",
        "coordinates": [
          135.484565,
          34.773778
        ]
      }
    },
    {
      "type": "Feature",
      "properties": {
        "P27_001": "27208",
        "P27_002": "3",
        "P27_003": "99999",
        "P27_004": "03102",
        "P27_005": "二色の浜公園軟式野球場",
        "P27_006": "脇浜",
        "P27_007": 4,
        "P27_008": -99,
        "P27_009": 9999
      },
      "geometry": {
        "type": "Point",
        "coordinates": [
          135.338906,
          34.443431
        ]
      }
    },
    {
      "type": "Feature",
      "properties": {
        "P27_001": "27212",
        "P27_002": "3",
        "P27_003": "99999",
        "P27_004": "03102",
        "P27_005": "久宝寺緑地軟式野球場",
        "P27_006": "西久宝寺",
        "P27_007": 4,
        "P27_008": -99,
        "P27_009": 9999
      },
      "geometry": {
        "type": "Point",
        "coordinates": [
          135.579653,
          34.627114
        ]
      }
    },
    {
      "type": "Feature",
      "properties": {
        "P27_001": "27215",
        "P27_002": "3",
        "P27_003": "99999",
        "P27_004": "03102",
        "P27_005": "寝屋川公園野球場",
        "P27_006": "打上",
        "P27_007": 4,
        "P27_008": -99,
        "P27_009": 9999
      },
      "geometry": {
        "type": "Point",
        "coordinates": [
          135.652249,
          34.760444
        ]
      }
    },
    {
      "type": "Feature",
      "properties": {
        "P27_001": "27146",
        "P27_002": "3",
        "P27_003": "99999",
        "P27_004": "03102",
        "P27_005": "大泉緑地野球場",
        "P27_006": "金岡町",
        "P27_007": 4,
        "P27_008": -99,
        "P27_009": 9999
      },
      "geometry": {
        "type": "Point",
        "coordinates": [
          135.530952,
          34.56059
        ]
      }
    },
    {
      "type": "Feature",
      "properties": {
        "P27_001": "27212",
        "P27_002": "3",
        "P27_003": "99999",
        "P27_004": "03102",
        "P27_005": "久宝寺緑地野球場",
        "P27_006": "西久宝寺",
        "P27_007": 4,
        "P27_008": -99,
        "P27_009": 9999
      },
      "geometry": {
        "type": "Point",
        "coordinates": [
          135.576587,
          34.628791
        ]
      }
    },
    {
      "type": "Feature",
      "properties": {
        "P27_001": "27225",
        "P27_002": "3",
        "P27_003": "99999",
        "P27_004": "03102",
        "P27_005": "浜寺公園軟式野球場",
        "P27_006": "羽衣公園",
        "P27_007": 4,
        "P27_008": -99,
        "P27_009": 9999
      },
      "geometry": {
        "type": "Point",
        "coordinates": [
          135.435677,
          34.536363
        ]
      }
    },
    {
      "type": "Feature",
      "properties": {
        "P27_001": "27125",
        "P27_002": "3",
        "P27_003": "99999",
        "P27_004": "03102",
        "P27_005": "住之江公園野球場",
        "P27_006": "南加賀屋1",
        "P27_007": 4,
        "P27_008": -99,
        "P27_009": 9999
      },
      "geometry": {
        "type": "Point",
        "coordinates": [
          135.475713,
          34.611919
        ]
      }
    },
    {
      "type": "Feature",
      "properties": {
        "P27_001": "27125",
        "P27_002": "3",
        "P27_003": "99999",
        "P27_004": "03102",
        "P27_005": "住吉公園軟式野球場",
        "P27_006": "浜口東1",
        "P27_007": 4,
        "P27_008": -99,
        "P27_009": 9999
      },
      "geometry": {
        "type": "Point",
        "coordinates": [
          135.487532,
          34.611969
        ]
      }
    },
    {
      "type": "Feature",
      "properties": {
        "P27_001": "27203",
        "P27_002": "3",
        "P27_003": "99999",
        "P27_004": "03102",
        "P27_005": "服部緑地軟式野球場",
        "P27_006": "服部緑地",
        "P27_007": 4,
        "P27_008": -99,
        "P27_009": 9999
      },
      "geometry": {
        "type": "Point",
        "coordinates": [
          135.487524,
          34.772606
        ]
      }
    },
    {
      "type": "Feature",
      "properties": {
        "P27_001": "27215",
        "P27_002": "3",
        "P27_003": "99999",
        "P27_004": "03101",
        "P27_005": "寝屋川公園陸上競技場",
        "P27_006": "打上",
        "P27_007": 4,
        "P27_008": -99,
        "P27_009": 9999
      },
      "geometry": {
        "type": "Point",
        "coordinates": [
          135.653639,
          34.761176
        ]
      }
    },
    {
      "type": "Feature",
      "properties": {
        "P27_001": "27212",
        "P27_002": "3",
        "P27_003": "99999",
        "P27_004": "03101",
        "P27_005": "久宝寺緑地陸上競技場",
        "P27_006": "西久宝寺",
        "P27_007": 4,
        "P27_008": -99,
        "P27_009": 9999
      },
      "geometry": {
        "type": "Point",
        "coordinates": [
          135.581388,
          34.627466
        ]
      }
    },
    {
      "type": "Feature",
      "properties": {
        "P27_001": "27203",
        "P27_002": "3",
        "P27_003": "99999",
        "P27_004": "03101",
        "P27_005": "服部緑地陸上競技場",
        "P27_006": "服部緑地",
        "P27_007": 4,
        "P27_008": -99,
        "P27_009": 9999
      },
      "geometry": {
        "type": "Point",
        "coordinates": [
          135.484797,
          34.779225
        ]
      }
    },
    {
      "type": "Feature",
      "properties": {
        "P27_001": "27366",
        "P27_002": "3",
        "P27_003": "99999",
        "P27_004": "03129",
        "P27_005": "岬町健康ふれあいセンター",
        "P27_006": "多奈川谷川495-1",
        "P27_007": 4,
        "P27_008": -99,
        "P27_009": 9999
      },
      "geometry": {
        "type": "Point",
        "coordinates": [
          135.112076,
          34.317679
        ]
      }
    },
    {
      "type": "Feature",
      "properties": {
        "P27_001": "27366",
        "P27_002": "3",
        "P27_003": "99999",
        "P27_004": "03109",
        "P27_005": "岬町立町民体育館",
        "P27_006": "淡輪4545",
        "P27_007": 3,
        "P27_008": -99,
        "P27_009": 9999
      },
      "geometry": {
        "type": "Point",
        "coordinates": [
          135.173254,
          34.33384
        ]
      }
    },
    {
      "type": "Feature",
      "properties": {
        "P27_001": "27366",
        "P27_002": "3",
        "P27_003": "99999",
        "P27_004": "03105",
        "P27_005": "岬町健康ふれあいセンター",
        "P27_006": "多奈川谷川495-1",
        "P27_007": 4,
        "P27_008": -99,
        "P27_009": 9999
      },
      "geometry": {
        "type": "Point",
        "coordinates": [
          135.112073,
          34.317606
        ]
      }
    },
    {
      "type": "Feature",
      "properties": {
        "P27_001": "27366",
        "P27_002": "3",
        "P27_003": "99999",
        "P27_004": "03115",
        "P27_005": "岬町テニスコート",
        "P27_006": "多奈川谷川1624",
        "P27_007": 4,
        "P27_008": -99,
        "P27_009": 9999
      },
      "geometry": {
        "type": "Point",
        "coordinates": [
          135.124743,
          34.315471
        ]
      }
    },
    {
      "type": "Feature",
      "properties": {
        "P27_001": "27366",
        "P27_002": "3",
        "P27_003": "99999",
        "P27_004": "03102",
        "P27_005": "灰吹池運動広場",
        "P27_006": "深日773-1",
        "P27_007": 3,
        "P27_008": -99,
        "P27_009": 9999
      },
      "geometry": {
        "type": "Point",
        "coordinates": [
          135.1532,
          34.321513
        ]
      }
    },
    {
      "type": "Feature",
      "properties": {
        "P27_001": "27366",
        "P27_002": "3",
        "P27_003": "99999",
        "P27_004": "03102",
        "P27_005": "淡輪青少年広場",
        "P27_006": "淡輪734",
        "P27_007": 3,
        "P27_008": -99,
        "P27_009": 9999
      },
      "geometry": {
        "type": "Point",
        "coordinates": [
          135.182317,
          34.33196
        ]
      }
    },
    {
      "type": "Feature",
      "properties": {
        "P27_001": "27366",
        "P27_002": "3",
        "P27_003": "99999",
        "P27_004": "03102",
        "P27_005": "緑ケ丘青少年広場",
        "P27_006": "深日2054",
        "P27_007": 3,
        "P27_008": -99,
        "P27_009": 9999
      },
      "geometry": {
        "type": "Point",
        "coordinates": [
          135.144035,
          34.314703
        ]
      }
    },
    {
      "type": "Feature",
      "properties": {
        "P27_001": "27232",
        "P27_002": "3",
        "P27_003": "99999",
        "P27_004": "03138",
        "P27_005": "阪南市ゲートボール憩いの広場",
        "P27_006": "自然田1457",
        "P27_007": 4,
        "P27_008": -99,
        "P27_009": 9999
      },
      "geometry": {
        "type": "Point",
        "coordinates": [
          135.249635,
          34.349386
        ]
      }
    },
    {
      "type": "Feature",
      "properties": {
        "P27_001": "27232",
        "P27_002": "3",
        "P27_003": "99999",
        "P27_004": "03109",
        "P27_005": "阪南市立総合体育館",
        "P27_006": "光陽台1-17-24",
        "P27_007": 4,
        "P27_008": -99,
        "P27_009": 9999
      },
      "geometry": {
        "type": "Point",
        "coordinates": [
          135.236776,
          34.347217
        ]
      }
    },
    {
      "type": "Feature",
      "properties": {
        "P27_001": "27232",
        "P27_002": "3",
        "P27_003": "99999",
        "P27_004": "03129",
        "P27_005": "阪南市立総合体育館",
        "P27_006": "光陽台1-17-24",
        "P27_007": 4,
        "P27_008": -99,
        "P27_009": 9999
      },
      "geometry": {
        "type": "Point",
        "coordinates": [
          135.236779,
          34.34717
        ]
      }
    },
    {
      "type": "Feature",
      "properties": {
        "P27_001": "27232",
        "P27_002": "3",
        "P27_003": "99999",
        "P27_004": "03116",
        "P27_005": "阪南市立総合体育館",
        "P27_006": "光陽台1-17-24",
        "P27_007": 4,
        "P27_008": -99,
        "P27_009": 9999
      },
      "geometry": {
        "type": "Point",
        "coordinates": [
          135.236779,
          34.347126
        ]
      }
    },
    {
      "type": "Feature",
      "properties": {
        "P27_001": "27232",
        "P27_002": "3",
        "P27_003": "99999",
        "P27_004": "03120",
        "P27_005": "阪南市立総合体育館",
        "P27_006": "光陽台1-17-24",
        "P27_007": 4,
        "P27_008": -99,
        "P27_009": 9999
      },
      "geometry": {
        "type": "Point",
        "coordinates": [
          135.236776,
          34.34708
        ]
      }
    },
    {
      "type": "Feature",
      "properties": {
        "P27_001": "27232",
        "P27_002": "3",
        "P27_003": "99999",
        "P27_004": "03132",
        "P27_005": "阪南市立総合体育館",
        "P27_006": "光陽台1-17-24",
        "P27_007": 4,
        "P27_008": -99,
        "P27_009": 9999
      },
      "geometry": {
        "type": "Point",
        "coordinates": [
          135.236776,
          34.347035
        ]
      }
    },
    {
      "type": "Feature",
      "properties": {
        "P27_001": "27232",
        "P27_002": "3",
        "P27_003": "99999",
        "P27_004": "03106",
        "P27_005": "阪南市営和泉鳥取プール",
        "P27_006": "自然田303",
        "P27_007": 4,
        "P27_008": -99,
        "P27_009": 9999
      },
      "geometry": {
        "type": "Point",
        "coordinates": [
          135.260815,
          34.347407
        ]
      }
    },
    {
      "type": "Feature",
      "properties": {
        "P27_001": "27232",
        "P27_002": "3",
        "P27_003": "99999",
        "P27_004": "03106",
        "P27_005": "阪南市営下荘プール",
        "P27_006": "箱作2866-1",
        "P27_007": 4,
        "P27_008": -99,
        "P27_009": 9999
      },
      "geometry": {
        "type": "Point",
        "coordinates": [
          135.204706,
          34.334962
        ]
      }
    },
    {
      "type": "Feature",
      "properties": {
        "P27_001": "27232",
        "P27_002": "3",
        "P27_003": "99999",
        "P27_004": "03106",
        "P27_005": "阪南市営中央プール",
        "P27_006": "光陽台1-17-24",
        "P27_007": 4,
        "P27_008": -99,
        "P27_009": 9999
      },
      "geometry": {
        "type": "Point",
        "coordinates": [
          135.23748,
          34.347121
        ]
      }
    },
    {
      "type": "Feature",
      "properties": {
        "P27_001": "27232",
        "P27_002": "3",
        "P27_003": "99999",
        "P27_004": "03106",
        "P27_005": "阪南市営東鳥取プール",
        "P27_006": "自然田1452-2",
        "P27_007": 4,
        "P27_008": -99,
        "P27_009": 9999
      },
      "geometry": {
        "type": "Point",
        "coordinates": [
          135.250432,
          34.349145
        ]
      }
    },
    {
      "type": "Feature",
      "properties": {
        "P27_001": "27232",
        "P27_002": "3",
        "P27_003": "99999",
        "P27_004": "03106",
        "P27_005": "阪南市営尾崎プール",
        "P27_006": "尾崎町202",
        "P27_007": 4,
        "P27_008": -99,
        "P27_009": 9999
      },
      "geometry": {
        "type": "Point",
        "coordinates": [
          135.2479,
          34.363273
        ]
      }
    },
    {
      "type": "Feature",
      "properties": {
        "P27_001": "27232",
        "P27_002": "3",
        "P27_003": "99999",
        "P27_004": "03115",
        "P27_005": "阪南市立桑畑総合グラウンドテニスコート",
        "P27_006": "桑畑430",
        "P27_007": 4,
        "P27_008": -99,
        "P27_009": 9999
      },
      "geometry": {
        "type": "Point",
        "coordinates": [
          135.244298,
          34.33354
        ]
      }
    },
    {
      "type": "Feature",
      "properties": {
        "P27_001": "27232",
        "P27_002": "3",
        "P27_003": "99999",
        "P27_004": "03115",
        "P27_005": "阪南市立テニスコート",
        "P27_006": "鳥取中32",
        "P27_007": 4,
        "P27_008": -99,
        "P27_009": 9999
      },
      "geometry": {
        "type": "Point",
        "coordinates": [
          135.240144,
          34.34907
        ]
      }
    },
    {
      "type": "Feature",
      "properties": {
        "P27_001": "27232",
        "P27_002": "3",
        "P27_003": "99999",
        "P27_004": "03102",
        "P27_005": "阪南市立桑畑総合グラウンド",
        "P27_006": "桑畑430",
        "P27_007": 4,
        "P27_008": -99,
        "P27_009": 9999
      },
      "geometry": {
        "type": "Point",
        "coordinates": [
          135.244871,
          34.334271
        ]
      }
    },
    {
      "type": "Feature",
      "properties": {
        "P27_001": "27232",
        "P27_002": "3",
        "P27_003": "99999",
        "P27_004": "03103",
        "P27_005": "阪南市立桑畑総合グラウンド",
        "P27_006": "桑畑430",
        "P27_007": 4,
        "P27_008": -99,
        "P27_009": 9999
      },
      "geometry": {
        "type": "Point",
        "coordinates": [
          135.244871,
          34.334183
        ]
      }
    },
    {
      "type": "Feature",
      "properties": {
        "P27_001": "27232",
        "P27_002": "3",
        "P27_003": "99999",
        "P27_004": "03102",
        "P27_005": "阪南市光陽台グラウンド",
        "P27_006": "石田954",
        "P27_007": 4,
        "P27_008": -99,
        "P27_009": 9999
      },
      "geometry": {
        "type": "Point",
        "coordinates": [
          135.246434,
          34.343554
        ]
      }
    },
    {
      "type": "Feature",
      "properties": {
        "P27_001": "27232",
        "P27_002": "3",
        "P27_003": "99999",
        "P27_004": "03102",
        "P27_005": "阪南市中央運動広場",
        "P27_006": "光陽台1-17-24",
        "P27_007": 4,
        "P27_008": -99,
        "P27_009": 9999
      },
      "geometry": {
        "type": "Point",
        "coordinates": [
          135.236663,
          34.347735
        ]
      }
    },
    {
      "type": "Feature",
      "properties": {
        "P27_001": "27232",
        "P27_002": "3",
        "P27_003": "99999",
        "P27_004": "03103",
        "P27_005": "阪南市中央運動広場",
        "P27_006": "光陽台1-17-24",
        "P27_007": 4,
        "P27_008": -99,
        "P27_009": 9999
      },
      "geometry": {
        "type": "Point",
        "coordinates": [
          135.236663,
          34.347641
        ]
      }
    },
    {
      "type": "Feature",
      "properties": {
        "P27_001": "27362",
        "P27_002": "3",
        "P27_003": "99999",
        "P27_004": "03106",
        "P27_005": "田尻町営プール",
        "P27_006": "吉見713-2",
        "P27_007": 3,
        "P27_008": -99,
        "P27_009": 9999
      },
      "geometry": {
        "type": "Point",
        "coordinates": [
          135.28828,
          34.392614
        ]
      }
    },
    {
      "type": "Feature",
      "properties": {
        "P27_001": "27362",
        "P27_002": "3",
        "P27_003": "99999",
        "P27_004": "03115",
        "P27_005": "田尻町第一テニスコート（尾張池テニスコート）",
        "P27_006": "大字嘉祥寺134-1",
        "P27_007": 3,
        "P27_008": -99,
        "P27_009": 9999
      },
      "geometry": {
        "type": "Point",
        "coordinates": [
          135.29985,
          34.390461
        ]
      }
    },
    {
      "type": "Feature",
      "properties": {
        "P27_001": "27362",
        "P27_002": "3",
        "P27_003": "99999",
        "P27_004": "03102",
        "P27_005": "田尻町多目的グラウンド（潮風グラウンド・シーサイドドーム）",
        "P27_006": "大字嘉祥寺883-5",
        "P27_007": 4,
        "P27_008": -99,
        "P27_009": 9999
      },
      "geometry": {
        "type": "Point",
        "coordinates": [
          135.288577,
          34.396418
        ]
      }
    },
    {
      "type": "Feature",
      "properties": {
        "P27_001": "27362",
        "P27_002": "3",
        "P27_003": "99999",
        "P27_004": "03116",
        "P27_005": "田尻町多目的グラウンド（潮風グラウンド・シーサイドドーム）",
        "P27_006": "大字嘉祥寺883-5",
        "P27_007": 4,
        "P27_008": -99,
        "P27_009": 9999
      },
      "geometry": {
        "type": "Point",
        "coordinates": [
          135.288535,
          34.39569
        ]
      }
    },
    {
      "type": "Feature",
      "properties": {
        "P27_001": "27362",
        "P27_002": "3",
        "P27_003": "99999",
        "P27_004": "03138",
        "P27_005": "田尻町多目的グラウンド（潮風グラウンド・シーサイドドーム）",
        "P27_006": "大字嘉祥寺883-5",
        "P27_007": 4,
        "P27_008": -99,
        "P27_009": 9999
      },
      "geometry": {
        "type": "Point",
        "coordinates": [
          135.288532,
          34.395611
        ]
      }
    },
    {
      "type": "Feature",
      "properties": {
        "P27_001": "27361",
        "P27_002": "3",
        "P27_003": "99999",
        "P27_004": "03109",
        "P27_005": "熊取町立総合体育館（ひまわりドーム）",
        "P27_006": "久保5-3-1",
        "P27_007": 4,
        "P27_008": -99,
        "P27_009": 9999
      },
      "geometry": {
        "type": "Point",
        "coordinates": [
          135.37193,
          34.390502
        ]
      }
    },
    {
      "type": "Feature",
      "properties": {
        "P27_001": "27361",
        "P27_002": "3",
        "P27_003": "99999",
        "P27_004": "03120",
        "P27_005": "熊取町立総合体育館（ひまわりドーム）",
        "P27_006": "久保5-3-1",
        "P27_007": 4,
        "P27_008": -99,
        "P27_009": 9999
      },
      "geometry": {
        "type": "Point",
        "coordinates": [
          135.37193,
          34.390409
        ]
      }
    },
    {
      "type": "Feature",
      "properties": {
        "P27_001": "27361",
        "P27_002": "3",
        "P27_003": "99999",
        "P27_004": "03129",
        "P27_005": "熊取町立総合体育館（ひまわりドーム）",
        "P27_006": "久保5-3-1",
        "P27_007": 4,
        "P27_008": -99,
        "P27_009": 9999
      },
      "geometry": {
        "type": "Point",
        "coordinates": [
          135.371865,
          34.389674
        ]
      }
    },
    {
      "type": "Feature",
      "properties": {
        "P27_001": "27361",
        "P27_002": "3",
        "P27_003": "99999",
        "P27_004": "03105",
        "P27_005": "熊取町立総合体育館（ひまわりドーム）温水プール",
        "P27_006": "久保5-3-1",
        "P27_007": 4,
        "P27_008": -99,
        "P27_009": 9999
      },
      "geometry": {
        "type": "Point",
        "coordinates": [
          135.371865,
          34.389576
        ]
      }
    },
    {
      "type": "Feature",
      "properties": {
        "P27_001": "27361",
        "P27_002": "3",
        "P27_003": "99999",
        "P27_004": "03115",
        "P27_005": "中央公園内テニスコート",
        "P27_006": "野田4-274-151",
        "P27_007": 3,
        "P27_008": -99,
        "P27_009": 9999
      },
      "geometry": {
        "type": "Point",
        "coordinates": [
          135.359659,
          34.402608
        ]
      }
    },
    {
      "type": "Feature",
      "properties": {
        "P27_001": "27361",
        "P27_002": "3",
        "P27_003": "99999",
        "P27_004": "03115",
        "P27_005": "熊取町立町民グラウンド内テニスコート",
        "P27_006": "久保5-3080",
        "P27_007": 4,
        "P27_008": -99,
        "P27_009": 9999
      },
      "geometry": {
        "type": "Point",
        "coordinates": [
          135.373514,
          34.389929
        ]
      }
    },
    {
      "type": "Feature",
      "properties": {
        "P27_001": "27361",
        "P27_002": "3",
        "P27_003": "99999",
        "P27_004": "03102",
        "P27_005": "熊取町立八幡池青少年広場",
        "P27_006": "大宮2-484-1",
        "P27_007": 3,
        "P27_008": -99,
        "P27_009": 9999
      },
      "geometry": {
        "type": "Point",
        "coordinates": [
          135.367178,
          34.396152
        ]
      }
    },
    {
      "type": "Feature",
      "properties": {
        "P27_001": "27361",
        "P27_002": "3",
        "P27_003": "99999",
        "P27_004": "03102",
        "P27_005": "中央公園内多目的広場",
        "P27_006": "野田4-274-151",
        "P27_007": 3,
        "P27_008": -99,
        "P27_009": 9999
      },
      "geometry": {
        "type": "Point",
        "coordinates": [
          135.359163,
          34.403005
        ]
      }
    },
    {
      "type": "Feature",
      "properties": {
        "P27_001": "27361",
        "P27_002": "3",
        "P27_003": "99999",
        "P27_004": "03104",
        "P27_005": "中央公園内多目的広場",
        "P27_006": "野田4-274-151",
        "P27_007": 3,
        "P27_008": -99,
        "P27_009": 9999
      },
      "geometry": {
        "type": "Point",
        "coordinates": [
          135.35916,
          34.402922
        ]
      }
    },
    {
      "type": "Feature",
      "properties": {
        "P27_001": "27361",
        "P27_002": "3",
        "P27_003": "99999",
        "P27_004": "03101",
        "P27_005": "熊取町立町民グラウンド",
        "P27_006": "久保5-3080",
        "P27_007": 3,
        "P27_008": -99,
        "P27_009": 9999
      },
      "geometry": {
        "type": "Point",
        "coordinates": [
          135.37393,
          34.389017
        ]
      }
    },
    {
      "type": "Feature",
      "properties": {
        "P27_001": "27361",
        "P27_002": "3",
        "P27_003": "99999",
        "P27_004": "03103",
        "P27_005": "熊取町立町民グラウンド",
        "P27_006": "久保5-3080",
        "P27_007": 3,
        "P27_008": -99,
        "P27_009": 9999
      },
      "geometry": {
        "type": "Point",
        "coordinates": [
          135.37393,
          34.388924
        ]
      }
    },
    {
      "type": "Feature",
      "properties": {
        "P27_001": "27361",
        "P27_002": "3",
        "P27_003": "99999",
        "P27_004": "03102",
        "P27_005": "熊取町立町民グラウンド",
        "P27_006": "久保5-3080",
        "P27_007": 3,
        "P27_008": -99,
        "P27_009": 9999
      },
      "geometry": {
        "type": "Point",
        "coordinates": [
          135.373936,
          34.388836
        ]
      }
    },
    {
      "type": "Feature",
      "properties": {
        "P27_001": "27228",
        "P27_002": "3",
        "P27_003": "99999",
        "P27_004": "03142",
        "P27_005": "泉南市立青少年の森",
        "P27_006": "新家5033",
        "P27_007": 3,
        "P27_008": -99,
        "P27_009": 9999
      },
      "geometry": {
        "type": "Point",
        "coordinates": [
          135.320614,
          34.35219
        ]
      }
    },
    {
      "type": "Feature",
      "properties": {
        "P27_001": "27228",
        "P27_002": "3",
        "P27_003": "99999",
        "P27_004": "03110",
        "P27_005": "泉南市立柔道場",
        "P27_006": "樽井4-29-3",
        "P27_007": 3,
        "P27_008": -99,
        "P27_009": 9999
      },
      "geometry": {
        "type": "Point",
        "coordinates": [
          135.258537,
          34.370983
        ]
      }
    },
    {
      "type": "Feature",
      "properties": {
        "P27_001": "27228",
        "P27_002": "3",
        "P27_003": "99999",
        "P27_004": "03109",
        "P27_005": "泉南市立市民体育館",
        "P27_006": "樽井2-26-1",
        "P27_007": 4,
        "P27_008": -99,
        "P27_009": 9999
      },
      "geometry": {
        "type": "Point",
        "coordinates": [
          135.268804,
          34.367651
        ]
      }
    },
    {
      "type": "Feature",
      "properties": {
        "P27_001": "27228",
        "P27_002": "3",
        "P27_003": "99999",
        "P27_004": "03120",
        "P27_005": "泉南市立市民体育館",
        "P27_006": "樽井2-26-1",
        "P27_007": 4,
        "P27_008": -99,
        "P27_009": 9999
      },
      "geometry": {
        "type": "Point",
        "coordinates": [
          135.268804,
          34.367509
        ]
      }
    },
    {
      "type": "Feature",
      "properties": {
        "P27_001": "27228",
        "P27_002": "3",
        "P27_003": "99999",
        "P27_004": "03129",
        "P27_005": "泉南市立市民体育館",
        "P27_006": "樽井2-26-1",
        "P27_007": 4,
        "P27_008": -99,
        "P27_009": 9999
      },
      "geometry": {
        "type": "Point",
        "coordinates": [
          135.268786,
          34.367435
        ]
      }
    },
    {
      "type": "Feature",
      "properties": {
        "P27_001": "27228",
        "P27_002": "3",
        "P27_003": "99999",
        "P27_004": "03132",
        "P27_005": "泉南市立市民体育館",
        "P27_006": "樽井2-26-1",
        "P27_007": 4,
        "P27_008": -99,
        "P27_009": 9999
      },
      "geometry": {
        "type": "Point",
        "coordinates": [
          135.269449,
          34.367788
        ]
      }
    },
    {
      "type": "Feature",
      "properties": {
        "P27_001": "27228",
        "P27_002": "3",
        "P27_003": "99999",
        "P27_004": "03113",
        "P27_005": "泉南市立市民体育館",
        "P27_006": "樽井2-26-1",
        "P27_007": 4,
        "P27_008": -99,
        "P27_009": 9999
      },
      "geometry": {
        "type": "Point",
        "coordinates": [
          135.269452,
          34.367714
        ]
      }
    },
    {
      "type": "Feature",
      "properties": {
        "P27_001": "27228",
        "P27_002": "3",
        "P27_003": "99999",
        "P27_004": "03118",
        "P27_005": "泉南市立市民体育館",
        "P27_006": "樽井2-26-1",
        "P27_007": 4,
        "P27_008": -99,
        "P27_009": 9999
      },
      "geometry": {
        "type": "Point",
        "coordinates": [
          135.26925,
          34.36758
        ]
      }
    },
    {
      "type": "Feature",
      "properties": {
        "P27_001": "27228",
        "P27_002": "3",
        "P27_003": "99999",
        "P27_004": "03106",
        "P27_005": "泉南市営プール",
        "P27_006": "信達大苗代391-1",
        "P27_007": 3,
        "P27_008": -99,
        "P27_009": 9999
      },
      "geometry": {
        "type": "Point",
        "coordinates": [
          135.290497,
          34.375471
        ]
      }
    },
    {
      "type": "Feature",
      "properties": {
        "P27_001": "27228",
        "P27_002": "3",
        "P27_003": "99999",
        "P27_004": "03115",
        "P27_005": "泉南市立双子川テニスコート",
        "P27_006": "信達大苗代160",
        "P27_007": 4,
        "P27_008": -99,
        "P27_009": 9999
      },
      "geometry": {
        "type": "Point",
        "coordinates": [
          135.291468,
          34.375309
        ]
      }
    },
    {
      "type": "Feature",
      "properties": {
        "P27_001": "27228",
        "P27_002": "3",
        "P27_003": "99999",
        "P27_004": "03102",
        "P27_005": "泉南市青少年運動広場",
        "P27_006": "樽井8-17",
        "P27_007": 3,
        "P27_008": -99,
        "P27_009": 9999
      },
      "geometry": {
        "type": "Point",
        "coordinates": [
          135.268345,
          34.376678
        ]
      }
    },
    {
      "type": "Feature",
      "properties": {
        "P27_001": "27228",
        "P27_002": "3",
        "P27_003": "99999",
        "P27_004": "03101",
        "P27_005": "泉南市青少年運動広場",
        "P27_006": "樽井8-17",
        "P27_007": 3,
        "P27_008": -99,
        "P27_009": 9999
      },
      "geometry": {
        "type": "Point",
        "coordinates": [
          135.268345,
          34.376766
        ]
      }
    },
    {
      "type": "Feature",
      "properties": {
        "P27_001": "27228",
        "P27_002": "3",
        "P27_003": "99999",
        "P27_004": "03102",
        "P27_005": "泉南市民球場（サザンスタジアム）",
        "P27_006": "りんくう南浜2",
        "P27_007": 3,
        "P27_008": -99,
        "P27_009": 9999
      },
      "geometry": {
        "type": "Point",
        "coordinates": [
          135.259747,
          34.377634
        ]
      }
    },
    {
      "type": "Feature",
      "properties": {
        "P27_001": "27213",
        "P27_002": "3",
        "P27_003": "99999",
        "P27_004": "03103",
        "P27_005": "りんくう中央公園フットサルコート",
        "P27_006": "りんくう往来南6-12",
        "P27_007": 4,
        "P27_008": -99,
        "P27_009": 9999
      },
      "geometry": {
        "type": "Point",
        "coordinates": [
          135.294078,
          34.405287
        ]
      }
    },
    {
      "type": "Feature",
      "properties": {
        "P27_001": "27213",
        "P27_002": "3",
        "P27_003": "99999",
        "P27_004": "03109",
        "P27_005": "泉佐野市鶴原青少年体育館（ＮＨＧ）",
        "P27_006": "鶴原1016-1",
        "P27_007": 4,
        "P27_008": -99,
        "P27_009": 9999
      },
      "geometry": {
        "type": "Point",
        "coordinates": [
          135.344455,
          34.419749
        ]
      }
    },
    {
      "type": "Feature",
      "properties": {
        "P27_001": "27213",
        "P27_002": "3",
        "P27_003": "99999",
        "P27_004": "03120",
        "P27_005": "泉佐野市鶴原青少年体育館（ＮＨＧ）",
        "P27_006": "鶴原1016-1",
        "P27_007": 4,
        "P27_008": -99,
        "P27_009": 9999
      },
      "geometry": {
        "type": "Point",
        "coordinates": [
          135.344452,
          34.419685
        ]
      }
    },
    {
      "type": "Feature",
      "properties": {
        "P27_001": "27213",
        "P27_002": "3",
        "P27_003": "99999",
        "P27_004": "03129",
        "P27_005": "泉佐野市鶴原青少年体育館（ＮＨＧ）",
        "P27_006": "鶴原1016-1",
        "P27_007": 4,
        "P27_008": -99,
        "P27_009": 9999
      },
      "geometry": {
        "type": "Point",
        "coordinates": [
          135.344455,
          34.419622
        ]
      }
    },
    {
      "type": "Feature",
      "properties": {
        "P27_001": "27213",
        "P27_002": "3",
        "P27_003": "99999",
        "P27_004": "03109",
        "P27_005": "泉佐野市樫井青少年体育館（オークアリーナ）",
        "P27_006": "南中樫井428-1",
        "P27_007": 3,
        "P27_008": -99,
        "P27_009": 9999
      },
      "geometry": {
        "type": "Point",
        "coordinates": [
          135.293398,
          34.383844
        ]
      }
    },
    {
      "type": "Feature",
      "properties": {
        "P27_001": "27213",
        "P27_002": "3",
        "P27_003": "99999",
        "P27_004": "03120",
        "P27_005": "泉佐野市樫井青少年体育館（オークアリーナ）",
        "P27_006": "南中樫井428-1",
        "P27_007": 3,
        "P27_008": -99,
        "P27_009": 9999
      },
      "geometry": {
        "type": "Point",
        "coordinates": [
          135.293398,
          34.383778
        ]
      }
    },
    {
      "type": "Feature",
      "properties": {
        "P27_001": "27213",
        "P27_002": "3",
        "P27_003": "99999",
        "P27_004": "03129",
        "P27_005": "泉佐野市樫井青少年体育館（オークアリーナ）",
        "P27_006": "南中樫井428-1",
        "P27_007": 3,
        "P27_008": -99,
        "P27_009": 9999
      },
      "geometry": {
        "type": "Point",
        "coordinates": [
          135.293392,
          34.383717
        ]
      }
    },
    {
      "type": "Feature",
      "properties": {
        "P27_001": "27213",
        "P27_002": "3",
        "P27_003": "99999",
        "P27_004": "03109",
        "P27_005": "泉佐野市立健康増進センター（ユトリック）",
        "P27_006": "新安松1-1-21",
        "P27_007": 4,
        "P27_008": -99,
        "P27_009": 9999
      },
      "geometry": {
        "type": "Point",
        "coordinates": [
          135.309655,
          34.400209
        ]
      }
    },
    {
      "type": "Feature",
      "properties": {
        "P27_001": "27213",
        "P27_002": "3",
        "P27_003": "99999",
        "P27_004": "03129",
        "P27_005": "泉佐野市立健康増進センター（ユトリック）",
        "P27_006": "新安松1-1-21",
        "P27_007": 4,
        "P27_008": -99,
        "P27_009": 9999
      },
      "geometry": {
        "type": "Point",
        "coordinates": [
          135.309652,
          34.400138
        ]
      }
    },
    {
      "type": "Feature",
      "properties": {
        "P27_001": "27213",
        "P27_002": "3",
        "P27_003": "99999",
        "P27_004": "03105",
        "P27_005": "泉佐野市立健康増進センター（ユトリック）",
        "P27_006": "新安松1-1-21",
        "P27_007": 4,
        "P27_008": -99,
        "P27_009": 9999
      },
      "geometry": {
        "type": "Point",
        "coordinates": [
          135.309649,
          34.400072
        ]
      }
    },
    {
      "type": "Feature",
      "properties": {
        "P27_001": "27213",
        "P27_002": "3",
        "P27_003": "99999",
        "P27_004": "03142",
        "P27_005": "泉佐野市立稲倉青少年野外活動センター",
        "P27_006": "日根野5560-186",
        "P27_007": 3,
        "P27_008": -99,
        "P27_009": 1981
      },
      "geometry": {
        "type": "Point",
        "coordinates": [
          135.353533,
          34.35545
        ]
      }
    },
    {
      "type": "Feature",
      "properties": {
        "P27_001": "27213",
        "P27_002": "3",
        "P27_003": "99999",
        "P27_004": "03110",
        "P27_005": "泉佐野市民道場心明館",
        "P27_006": "笠松1-2-22",
        "P27_007": 3,
        "P27_008": -99,
        "P27_009": 9999
      },
      "geometry": {
        "type": "Point",
        "coordinates": [
          135.310054,
          34.410647
        ]
      }
    },
    {
      "type": "Feature",
      "properties": {
        "P27_001": "27213",
        "P27_002": "3",
        "P27_003": "99999",
        "P27_004": "03111",
        "P27_005": "泉佐野市民道場心明館",
        "P27_006": "笠松1-2-22",
        "P27_007": 3,
        "P27_008": -99,
        "P27_009": 9999
      },
      "geometry": {
        "type": "Point",
        "coordinates": [
          135.310054,
          34.410608
        ]
      }
    },
    {
      "type": "Feature",
      "properties": {
        "P27_001": "27213",
        "P27_002": "3",
        "P27_003": "99999",
        "P27_004": "03113",
        "P27_005": "泉佐野市民道場心明館",
        "P27_006": "笠松1-2-22",
        "P27_007": 3,
        "P27_008": -99,
        "P27_009": 9999
      },
      "geometry": {
        "type": "Point",
        "coordinates": [
          135.310051,
          34.410571
        ]
      }
    },
    {
      "type": "Feature",
      "properties": {
        "P27_001": "27213",
        "P27_002": "3",
        "P27_003": "99999",
        "P27_004": "03109",
        "P27_005": "泉佐野市民総合体育館",
        "P27_006": "新安松1-1-1-22",
        "P27_007": 4,
        "P27_008": -99,
        "P27_009": 9999
      },
      "geometry": {
        "type": "Point",
        "coordinates": [
          135.309697,
          34.399711
        ]
      }
    },
    {
      "type": "Feature",
      "properties": {
        "P27_001": "27213",
        "P27_002": "3",
        "P27_003": "99999",
        "P27_004": "03120",
        "P27_005": "泉佐野市民総合体育館",
        "P27_006": "新安松1-1-1-22",
        "P27_007": 4,
        "P27_008": -99,
        "P27_009": 9999
      },
      "geometry": {
        "type": "Point",
        "coordinates": [
          135.309697,
          34.399645
        ]
      }
    },
    {
      "type": "Feature",
      "properties": {
        "P27_001": "27213",
        "P27_002": "3",
        "P27_003": "99999",
        "P27_004": "03110",
        "P27_005": "泉佐野市民総合体育館",
        "P27_006": "新安松1-1-1-22",
        "P27_007": 4,
        "P27_008": -99,
        "P27_009": 9999
      },
      "geometry": {
        "type": "Point",
        "coordinates": [
          135.309706,
          34.399577
        ]
      }
    },
    {
      "type": "Feature",
      "properties": {
        "P27_001": "27213",
        "P27_002": "3",
        "P27_003": "99999",
        "P27_004": "03111",
        "P27_005": "泉佐野市民総合体育館",
        "P27_006": "新安松1-1-1-22",
        "P27_007": 4,
        "P27_008": -99,
        "P27_009": 9999
      },
      "geometry": {
        "type": "Point",
        "coordinates": [
          135.309688,
          34.399513
        ]
      }
    },
    {
      "type": "Feature",
      "properties": {
        "P27_001": "27213",
        "P27_002": "3",
        "P27_003": "99999",
        "P27_004": "03113",
        "P27_005": "泉佐野市民総合体育館",
        "P27_006": "新安松1-1-1-22",
        "P27_007": 4,
        "P27_008": -99,
        "P27_009": 9999
      },
      "geometry": {
        "type": "Point",
        "coordinates": [
          135.309691,
          34.399439
        ]
      }
    },
    {
      "type": "Feature",
      "properties": {
        "P27_001": "27213",
        "P27_002": "3",
        "P27_003": "99999",
        "P27_004": "03129",
        "P27_005": "泉佐野市民総合体育館",
        "P27_006": "新安松1-1-1-22",
        "P27_007": 4,
        "P27_008": -99,
        "P27_009": 9999
      },
      "geometry": {
        "type": "Point",
        "coordinates": [
          135.309691,
          34.399373
        ]
      }
    },
    {
      "type": "Feature",
      "properties": {
        "P27_001": "27213",
        "P27_002": "3",
        "P27_003": "99999",
        "P27_004": "03106",
        "P27_005": "泉佐野市立長南中学校プール",
        "P27_006": "南中安松899",
        "P27_007": 3,
        "P27_008": -99,
        "P27_009": 9999
      },
      "geometry": {
        "type": "Point",
        "coordinates": [
          135.304374,
          34.387597
        ]
      }
    },
    {
      "type": "Feature",
      "properties": {
        "P27_001": "27213",
        "P27_002": "3",
        "P27_003": "99999",
        "P27_004": "03106",
        "P27_005": "泉佐野市新池プール",
        "P27_006": "中庄1106",
        "P27_007": 3,
        "P27_008": -99,
        "P27_009": 9999
      },
      "geometry": {
        "type": "Point",
        "coordinates": [
          135.334081,
          34.402841
        ]
      }
    },
    {
      "type": "Feature",
      "properties": {
        "P27_001": "27213",
        "P27_002": "3",
        "P27_003": "99999",
        "P27_004": "03106",
        "P27_005": "泉佐野市北中プール",
        "P27_006": "鶴原2813-1",
        "P27_007": 3,
        "P27_008": -99,
        "P27_009": 9999
      },
      "geometry": {
        "type": "Point",
        "coordinates": [
          135.335522,
          34.42187
        ]
      }
    },
    {
      "type": "Feature",
      "properties": {
        "P27_001": "27213",
        "P27_002": "3",
        "P27_003": "99999",
        "P27_004": "03106",
        "P27_005": "泉佐野市日根野プール",
        "P27_006": "日根野1699-1",
        "P27_007": 3,
        "P27_008": -99,
        "P27_009": 9999
      },
      "geometry": {
        "type": "Point",
        "coordinates": [
          135.336047,
          34.381177
        ]
      }
    },
    {
      "type": "Feature",
      "properties": {
        "P27_001": "27213",
        "P27_002": "3",
        "P27_003": "99999",
        "P27_004": "03115",
        "P27_005": "りんくう中央公園テニスコート",
        "P27_006": "りんくう往来南6-12",
        "P27_007": 4,
        "P27_008": -99,
        "P27_009": 9999
      },
      "geometry": {
        "type": "Point",
        "coordinates": [
          135.293888,
          34.402723
        ]
      }
    },
    {
      "type": "Feature",
      "properties": {
        "P27_001": "27213",
        "P27_002": "3",
        "P27_003": "99999",
        "P27_004": "03115",
        "P27_005": "上瓦屋テニスコート",
        "P27_006": "上瓦屋455-6",
        "P27_007": 3,
        "P27_008": -99,
        "P27_009": 9999
      },
      "geometry": {
        "type": "Point",
        "coordinates": [
          135.33682,
          34.414153
        ]
      }
    },
    {
      "type": "Feature",
      "properties": {
        "P27_001": "27213",
        "P27_002": "3",
        "P27_003": "99999",
        "P27_004": "03115",
        "P27_005": "長滝テニスコート",
        "P27_006": "長滝3954",
        "P27_007": 3,
        "P27_008": -99,
        "P27_009": 9999
      },
      "geometry": {
        "type": "Point",
        "coordinates": [
          135.320594,
          34.392916
        ]
      }
    },
    {
      "type": "Feature",
      "properties": {
        "P27_001": "27213",
        "P27_002": "3",
        "P27_003": "99999",
        "P27_004": "03102",
        "P27_005": "りんくう中央公園グラウンド",
        "P27_006": "りんくう往来南6-12",
        "P27_007": 4,
        "P27_008": -99,
        "P27_009": 9999
      },
      "geometry": {
        "type": "Point",
        "coordinates": [
          135.29475,
          34.403812
        ]
      }
    },
    {
      "type": "Feature",
      "properties": {
        "P27_001": "27213",
        "P27_002": "3",
        "P27_003": "99999",
        "P27_004": "03103",
        "P27_005": "りんくう中央公園グラウンド",
        "P27_006": "りんくう往来南6-12",
        "P27_007": 4,
        "P27_008": -99,
        "P27_009": 9999
      },
      "geometry": {
        "type": "Point",
        "coordinates": [
          135.294744,
          34.403704
        ]
      }
    },
    {
      "type": "Feature",
      "properties": {
        "P27_001": "27213",
        "P27_002": "3",
        "P27_003": "99999",
        "P27_004": "03103",
        "P27_005": "泉佐野市立大池グラウンド",
        "P27_006": "日根野5593-1",
        "P27_007": 3,
        "P27_008": -99,
        "P27_009": 9999
      },
      "geometry": {
        "type": "Point",
        "coordinates": [
          135.351928,
          34.379833
        ]
      }
    },
    {
      "type": "Feature",
      "properties": {
        "P27_001": "27213",
        "P27_002": "3",
        "P27_003": "99999",
        "P27_004": "03102",
        "P27_005": "末広公園グラウンド",
        "P27_006": "新安松1-1-23（末広公園内）",
        "P27_007": 3,
        "P27_008": -99,
        "P27_009": 9999
      },
      "geometry": {
        "type": "Point",
        "coordinates": [
          135.307715,
          34.400326
        ]
      }
    },
    {
      "type": "Feature",
      "properties": {
        "P27_001": "27213",
        "P27_002": "3",
        "P27_003": "99999",
        "P27_004": "03103",
        "P27_005": "末広公園グラウンド",
        "P27_006": "新安松1-1-23（末広公園内）",
        "P27_007": 3,
        "P27_008": -99,
        "P27_009": 9999
      },
      "geometry": {
        "type": "Point",
        "coordinates": [
          135.307712,
          34.40023
        ]
      }
    },
    {
      "type": "Feature",
      "properties": {
        "P27_001": "27213",
        "P27_002": "3",
        "P27_003": "99999",
        "P27_004": "03104",
        "P27_005": "末広公園グラウンド",
        "P27_006": "新安松1-1-23（末広公園内）",
        "P27_007": 3,
        "P27_008": -99,
        "P27_009": 9999
      },
      "geometry": {
        "type": "Point",
        "coordinates": [
          135.307712,
          34.400132
        ]
      }
    },
    {
      "type": "Feature",
      "properties": {
        "P27_001": "27208",
        "P27_002": "3",
        "P27_003": "99999",
        "P27_004": "03109",
        "P27_005": "貝塚市立総合体育館",
        "P27_006": "畠中1-1-13-1",
        "P27_007": 3,
        "P27_008": -99,
        "P27_009": 9999
      },
      "geometry": {
        "type": "Point",
        "coordinates": [
          135.360002,
          34.437984
        ]
      }
    },
    {
      "type": "Feature",
      "properties": {
        "P27_001": "27208",
        "P27_002": "3",
        "P27_003": "99999",
        "P27_004": "03120",
        "P27_005": "貝塚市立総合体育館",
        "P27_006": "畠中1-1-13-1",
        "P27_007": 3,
        "P27_008": -99,
        "P27_009": 9999
      },
      "geometry": {
        "type": "Point",
        "coordinates": [
          135.360008,
          34.43791
        ]
      }
    },
    {
      "type": "Feature",
      "properties": {
        "P27_001": "27208",
        "P27_002": "3",
        "P27_003": "99999",
        "P27_004": "03111",
        "P27_005": "貝塚市立総合体育館",
        "P27_006": "畠中1-1-13-1",
        "P27_007": 3,
        "P27_008": -99,
        "P27_009": 9999
      },
      "geometry": {
        "type": "Point",
        "coordinates": [
          135.360002,
          34.437837
        ]
      }
    },
    {
      "type": "Feature",
      "properties": {
        "P27_001": "27208",
        "P27_002": "3",
        "P27_003": "99999",
        "P27_004": "03113",
        "P27_005": "貝塚市立総合体育館",
        "P27_006": "畠中1-1-13-1",
        "P27_007": 3,
        "P27_008": -99,
        "P27_009": 9999
      },
      "geometry": {
        "type": "Point",
        "coordinates": [
          135.359996,
          34.437761
        ]
      }
    },
    {
      "type": "Feature",
      "properties": {
        "P27_001": "27208",
        "P27_002": "3",
        "P27_003": "99999",
        "P27_004": "03110",
        "P27_005": "貝塚市立総合体育館",
        "P27_006": "畠中1-1-13-1",
        "P27_007": 3,
        "P27_008": -99,
        "P27_009": 9999
      },
      "geometry": {
        "type": "Point",
        "coordinates": [
          135.359999,
          34.43769
        ]
      }
    },
    {
      "type": "Feature",
      "properties": {
        "P27_001": "27208",
        "P27_002": "3",
        "P27_003": "99999",
        "P27_004": "03129",
        "P27_005": "貝塚市立総合体育館",
        "P27_006": "畠中1-1-13-1",
        "P27_007": 3,
        "P27_008": -99,
        "P27_009": 9999
      },
      "geometry": {
        "type": "Point",
        "coordinates": [
          135.359996,
          34.437616
        ]
      }
    },
    {
      "type": "Feature",
      "properties": {
        "P27_001": "27208",
        "P27_002": "3",
        "P27_003": "99999",
        "P27_004": "03106",
        "P27_005": "貝塚市営第５プール",
        "P27_006": "二色3-25-1",
        "P27_007": 3,
        "P27_008": -99,
        "P27_009": 9999
      },
      "geometry": {
        "type": "Point",
        "coordinates": [
          135.343285,
          34.444139
        ]
      }
    },
    {
      "type": "Feature",
      "properties": {
        "P27_001": "27208",
        "P27_002": "3",
        "P27_003": "99999",
        "P27_004": "03106",
        "P27_005": "貝塚市営第４プール",
        "P27_006": "地蔵堂369-3",
        "P27_007": 3,
        "P27_008": -99,
        "P27_009": 9999
      },
      "geometry": {
        "type": "Point",
        "coordinates": [
          135.360798,
          34.425216
        ]
      }
    },
    {
      "type": "Feature",
      "properties": {
        "P27_001": "27208",
        "P27_002": "3",
        "P27_003": "99999",
        "P27_004": "03106",
        "P27_005": "貝塚市営第２プール",
        "P27_006": "小瀬町1-23-1",
        "P27_007": 3,
        "P27_008": -99,
        "P27_009": 9999
      },
      "geometry": {
        "type": "Point",
        "coordinates": [
          135.367651,
          34.447128
        ]
      }
    },
    {
      "type": "Feature",
      "properties": {
        "P27_001": "27208",
        "P27_002": "3",
        "P27_003": "99999",
        "P27_004": "03106",
        "P27_005": "貝塚市営第１プール",
        "P27_006": "畠中1-22-1",
        "P27_007": 3,
        "P27_008": -99,
        "P27_009": 9999
      },
      "geometry": {
        "type": "Point",
        "coordinates": [
          135.35882,
          34.435515
        ]
      }
    },
    {
      "type": "Feature",
      "properties": {
        "P27_001": "27208",
        "P27_002": "3",
        "P27_003": "99999",
        "P27_004": "03106",
        "P27_005": "貝塚市営第３プール",
        "P27_006": "東山6-4-1",
        "P27_007": 3,
        "P27_008": -99,
        "P27_009": 9999
      },
      "geometry": {
        "type": "Point",
        "coordinates": [
          135.390118,
          34.410105
        ]
      }
    },
    {
      "type": "Feature",
      "properties": {
        "P27_001": "27208",
        "P27_002": "3",
        "P27_003": "99999",
        "P27_004": "03115",
        "P27_005": "貝塚市公園墓地テニスコート",
        "P27_006": "三ヶ山247",
        "P27_007": 3,
        "P27_008": -99,
        "P27_009": 9999
      },
      "geometry": {
        "type": "Point",
        "coordinates": [
          135.401114,
          34.407651
        ]
      }
    },
    {
      "type": "Feature",
      "properties": {
        "P27_001": "27208",
        "P27_002": "3",
        "P27_003": "99999",
        "P27_004": "03115",
        "P27_005": "貝塚市民ふれあい運動広場テニスコート",
        "P27_006": "二色南町4-1",
        "P27_007": 3,
        "P27_008": -99,
        "P27_009": 9999
      },
      "geometry": {
        "type": "Point",
        "coordinates": [
          135.339499,
          34.453118
        ]
      }
    },
    {
      "type": "Feature",
      "properties": {
        "P27_001": "27208",
        "P27_002": "3",
        "P27_003": "99999",
        "P27_004": "03102",
        "P27_005": "二色グラウンド",
        "P27_006": "二色南町6-3",
        "P27_007": 3,
        "P27_008": -99,
        "P27_009": 9999
      },
      "geometry": {
        "type": "Point",
        "coordinates": [
          135.335412,
          34.453711
        ]
      }
    },
    {
      "type": "Feature",
      "properties": {
        "P27_001": "27208",
        "P27_002": "3",
        "P27_003": "99999",
        "P27_004": "03103",
        "P27_005": "二色グラウンド",
        "P27_006": "二色南町6-3",
        "P27_007": 3,
        "P27_008": -99,
        "P27_009": 9999
      },
      "geometry": {
        "type": "Point",
        "coordinates": [
          135.336288,
          34.453096
        ]
      }
    },
    {
      "type": "Feature",
      "properties": {
        "P27_001": "27208",
        "P27_002": "3",
        "P27_003": "99999",
        "P27_004": "03102",
        "P27_005": "貝塚市民ふれあい運動広場",
        "P27_006": "二色南町4-1",
        "P27_007": 3,
        "P27_008": -99,
        "P27_009": 9999
      },
      "geometry": {
        "type": "Point",
        "coordinates": [
          135.340227,
          34.452816
        ]
      }
    },
    {
      "type": "Feature",
      "properties": {
        "P27_001": "27208",
        "P27_002": "3",
        "P27_003": "99999",
        "P27_004": "03103",
        "P27_005": "貝塚市民ふれあい運動広場",
        "P27_006": "二色南町4-1",
        "P27_007": 3,
        "P27_008": -99,
        "P27_009": 9999
      },
      "geometry": {
        "type": "Point",
        "coordinates": [
          135.340221,
          34.452473
        ]
      }
    },
    {
      "type": "Feature",
      "properties": {
        "P27_001": "27208",
        "P27_002": "3",
        "P27_003": "99999",
        "P27_004": "03104",
        "P27_005": "貝塚市民ふれあい運動広場",
        "P27_006": "二色南町4-1",
        "P27_007": 3,
        "P27_008": -99,
        "P27_009": 9999
      },
      "geometry": {
        "type": "Point",
        "coordinates": [
          135.340221,
          34.45265
        ]
      }
    },
    {
      "type": "Feature",
      "properties": {
        "P27_001": "27208",
        "P27_002": "3",
        "P27_003": "99999",
        "P27_004": "03102",
        "P27_005": "貝塚市立子ども野外広場",
        "P27_006": "橋本1394-1",
        "P27_007": 3,
        "P27_008": -99,
        "P27_009": 9999
      },
      "geometry": {
        "type": "Point",
        "coordinates": [
          135.36249,
          34.418173
        ]
      }
    },
    {
      "type": "Feature",
      "properties": {
        "P27_001": "27208",
        "P27_002": "3",
        "P27_003": "99999",
        "P27_004": "03102",
        "P27_005": "貝塚市立青少年運動広場",
        "P27_006": "東山1-4-1",
        "P27_007": 3,
        "P27_008": -99,
        "P27_009": 9999
      },
      "geometry": {
        "type": "Point",
        "coordinates": [
          135.386058,
          34.417108
        ]
      }
    },
    {
      "type": "Feature",
      "properties": {
        "P27_001": "27208",
        "P27_002": "3",
        "P27_003": "99999",
        "P27_004": "03103",
        "P27_005": "貝塚市立青少年運動広場",
        "P27_006": "東山1-4-1",
        "P27_007": 3,
        "P27_008": -99,
        "P27_009": 9999
      },
      "geometry": {
        "type": "Point",
        "coordinates": [
          135.386061,
          34.417012
        ]
      }
    },
    {
      "type": "Feature",
      "properties": {
        "P27_001": "27208",
        "P27_002": "3",
        "P27_003": "99999",
        "P27_004": "03104",
        "P27_005": "貝塚市立青少年運動広場",
        "P27_006": "東山1-4-1",
        "P27_007": 3,
        "P27_008": -99,
        "P27_009": 9999
      },
      "geometry": {
        "type": "Point",
        "coordinates": [
          135.386058,
          34.416919
        ]
      }
    },
    {
      "type": "Feature",
      "properties": {
        "P27_001": "27202",
        "P27_002": "3",
        "P27_003": "99999",
        "P27_004": "03109",
        "P27_005": "岸和田市総合体育館",
        "P27_006": "西之内町45-1",
        "P27_007": 4,
        "P27_008": -99,
        "P27_009": 9999
      },
      "geometry": {
        "type": "Point",
        "coordinates": [
          135.395953,
          34.468682
        ]
      }
    },
    {
      "type": "Feature",
      "properties": {
        "P27_001": "27202",
        "P27_002": "3",
        "P27_003": "99999",
        "P27_004": "03120",
        "P27_005": "岸和田市総合体育館",
        "P27_006": "西之内町45-1",
        "P27_007": 4,
        "P27_008": -99,
        "P27_009": 9999
      },
      "geometry": {
        "type": "Point",
        "coordinates": [
          135.395953,
          34.468608
        ]
      }
    },
    {
      "type": "Feature",
      "properties": {
        "P27_001": "27202",
        "P27_002": "3",
        "P27_003": "99999",
        "P27_004": "03116",
        "P27_005": "岸和田市総合体育館",
        "P27_006": "西之内町45-1",
        "P27_007": 4,
        "P27_008": -99,
        "P27_009": 9999
      },
      "geometry": {
        "type": "Point",
        "coordinates": [
          135.395953,
          34.468539
        ]
      }
    },
    {
      "type": "Feature",
      "properties": {
        "P27_001": "27202",
        "P27_002": "3",
        "P27_003": "99999",
        "P27_004": "03110",
        "P27_005": "岸和田市総合体育館",
        "P27_006": "西之内町45-1",
        "P27_007": 4,
        "P27_008": -99,
        "P27_009": 9999
      },
      "geometry": {
        "type": "Point",
        "coordinates": [
          135.395947,
          34.468471
        ]
      }
    },
    {
      "type": "Feature",
      "properties": {
        "P27_001": "27202",
        "P27_002": "3",
        "P27_003": "99999",
        "P27_004": "03111",
        "P27_005": "岸和田市総合体育館",
        "P27_006": "西之内町45-1",
        "P27_007": 4,
        "P27_008": -99,
        "P27_009": 9999
      },
      "geometry": {
        "type": "Point",
        "coordinates": [
          135.395947,
          34.468402
        ]
      }
    },
    {
      "type": "Feature",
      "properties": {
        "P27_001": "27202",
        "P27_002": "3",
        "P27_003": "99999",
        "P27_004": "03113",
        "P27_005": "岸和田市総合体育館",
        "P27_006": "西之内町45-1",
        "P27_007": 4,
        "P27_008": -99,
        "P27_009": 9999
      },
      "geometry": {
        "type": "Point",
        "coordinates": [
          135.395947,
          34.468334
        ]
      }
    },
    {
      "type": "Feature",
      "properties": {
        "P27_001": "27202",
        "P27_002": "3",
        "P27_003": "99999",
        "P27_004": "03121",
        "P27_005": "岸和田市総合体育館",
        "P27_006": "西之内町45-1",
        "P27_007": 4,
        "P27_008": -99,
        "P27_009": 9999
      },
      "geometry": {
        "type": "Point",
        "coordinates": [
          135.395947,
          34.468265
        ]
      }
    },
    {
      "type": "Feature",
      "properties": {
        "P27_001": "27202",
        "P27_002": "3",
        "P27_003": "99999",
        "P27_004": "03129",
        "P27_005": "岸和田市総合体育館",
        "P27_006": "西之内町45-1",
        "P27_007": 4,
        "P27_008": -99,
        "P27_009": 9999
      },
      "geometry": {
        "type": "Point",
        "coordinates": [
          135.395947,
          34.468197
        ]
      }
    },
    {
      "type": "Feature",
      "properties": {
        "P27_001": "27202",
        "P27_002": "3",
        "P27_003": "99999",
        "P27_004": "03110",
        "P27_005": "岸和田市民道場心技館",
        "P27_006": "岸城町7-20",
        "P27_007": 4,
        "P27_008": -99,
        "P27_009": 9999
      },
      "geometry": {
        "type": "Point",
        "coordinates": [
          135.369424,
          34.459771
        ]
      }
    },
    {
      "type": "Feature",
      "properties": {
        "P27_001": "27202",
        "P27_002": "3",
        "P27_003": "99999",
        "P27_004": "03111",
        "P27_005": "岸和田市民道場心技館",
        "P27_006": "岸城町7-20",
        "P27_007": 4,
        "P27_008": -99,
        "P27_009": 9999
      },
      "geometry": {
        "type": "Point",
        "coordinates": [
          135.36943,
          34.459703
        ]
      }
    },
    {
      "type": "Feature",
      "properties": {
        "P27_001": "27202",
        "P27_002": "3",
        "P27_003": "99999",
        "P27_004": "03113",
        "P27_005": "岸和田市民道場心技館",
        "P27_006": "岸城町7-20",
        "P27_007": 4,
        "P27_008": -99,
        "P27_009": 9999
      },
      "geometry": {
        "type": "Point",
        "coordinates": [
          135.36943,
          34.459639
        ]
      }
    },
    {
      "type": "Feature",
      "properties": {
        "P27_001": "27202",
        "P27_002": "3",
        "P27_003": "99999",
        "P27_004": "03109",
        "P27_005": "岸和田市立春木体育館",
        "P27_006": "春木泉町1-10",
        "P27_007": 3,
        "P27_008": -99,
        "P27_009": 9999
      },
      "geometry": {
        "type": "Point",
        "coordinates": [
          135.381732,
          34.47545
        ]
      }
    },
    {
      "type": "Feature",
      "properties": {
        "P27_001": "27202",
        "P27_002": "3",
        "P27_003": "99999",
        "P27_004": "03120",
        "P27_005": "岸和田市立春木体育館",
        "P27_006": "春木泉町1-10",
        "P27_007": 3,
        "P27_008": -99,
        "P27_009": 9999
      },
      "geometry": {
        "type": "Point",
        "coordinates": [
          135.381738,
          34.475318
        ]
      }
    },
    {
      "type": "Feature",
      "properties": {
        "P27_001": "27202",
        "P27_002": "3",
        "P27_003": "99999",
        "P27_004": "03109",
        "P27_005": "岸和田市立中央体育館",
        "P27_006": "作才町1001",
        "P27_007": 3,
        "P27_008": -99,
        "P27_009": 9999
      },
      "geometry": {
        "type": "Point",
        "coordinates": [
          135.383264,
          34.455459
        ]
      }
    },
    {
      "type": "Feature",
      "properties": {
        "P27_001": "27202",
        "P27_002": "3",
        "P27_003": "99999",
        "P27_004": "03120",
        "P27_005": "岸和田市立中央体育館",
        "P27_006": "作才町1001",
        "P27_007": 3,
        "P27_008": -99,
        "P27_009": 9999
      },
      "geometry": {
        "type": "Point",
        "coordinates": [
          135.383258,
          34.45537
        ]
      }
    },
    {
      "type": "Feature",
      "properties": {
        "P27_001": "27202",
        "P27_002": "3",
        "P27_003": "99999",
        "P27_004": "03106",
        "P27_005": "岸和田市山直北プール",
        "P27_006": "三田町1043-2",
        "P27_007": 3,
        "P27_008": -99,
        "P27_009": 9999
      },
      "geometry": {
        "type": "Point",
        "coordinates": [
          135.426902,
          34.459072
        ]
      }
    },
    {
      "type": "Feature",
      "properties": {
        "P27_001": "27202",
        "P27_002": "3",
        "P27_003": "99999",
        "P27_004": "03106",
        "P27_005": "岸和田市城北プール",
        "P27_006": "吉井町1-16-18",
        "P27_007": 3,
        "P27_008": -99,
        "P27_009": 9999
      },
      "geometry": {
        "type": "Point",
        "coordinates": [
          135.39868,
          34.479738
        ]
      }
    },
    {
      "type": "Feature",
      "properties": {
        "P27_001": "27202",
        "P27_002": "3",
        "P27_003": "99999",
        "P27_004": "03106",
        "P27_005": "岸和田市今木プール",
        "P27_006": "東大路町208",
        "P27_007": 3,
        "P27_008": -99,
        "P27_009": 9999
      },
      "geometry": {
        "type": "Point",
        "coordinates": [
          135.416473,
          34.468056
        ]
      }
    },
    {
      "type": "Feature",
      "properties": {
        "P27_001": "27202",
        "P27_002": "3",
        "P27_003": "99999",
        "P27_004": "03106",
        "P27_005": "岸和田市浜プール",
        "P27_006": "大手町13-35",
        "P27_007": 3,
        "P27_008": -99,
        "P27_009": 9999
      },
      "geometry": {
        "type": "Point",
        "coordinates": [
          135.365922,
          34.464002
        ]
      }
    },
    {
      "type": "Feature",
      "properties": {
        "P27_001": "27202",
        "P27_002": "3",
        "P27_003": "99999",
        "P27_004": "03106",
        "P27_005": "岸和田市朝陽プール",
        "P27_006": "臨海町21-1",
        "P27_007": 3,
        "P27_008": -99,
        "P27_009": 9999
      },
      "geometry": {
        "type": "Point",
        "coordinates": [
          135.374994,
          34.47201
        ]
      }
    },
    {
      "type": "Feature",
      "properties": {
        "P27_001": "27202",
        "P27_002": "3",
        "P27_003": "99999",
        "P27_004": "03106",
        "P27_005": "岸和田市春木プール",
        "P27_006": "八幡町13-81",
        "P27_007": 3,
        "P27_008": -99,
        "P27_009": 9999
      },
      "geometry": {
        "type": "Point",
        "coordinates": [
          135.388385,
          34.481767
        ]
      }
    },
    {
      "type": "Feature",
      "properties": {
        "P27_001": "27202",
        "P27_002": "3",
        "P27_003": "99999",
        "P27_004": "03106",
        "P27_005": "岸和田市山滝プール",
        "P27_006": "内畑町204",
        "P27_007": 3,
        "P27_008": -99,
        "P27_009": 9999
      },
      "geometry": {
        "type": "Point",
        "coordinates": [
          135.439464,
          34.418288
        ]
      }
    },
    {
      "type": "Feature",
      "properties": {
        "P27_001": "27202",
        "P27_002": "3",
        "P27_003": "99999",
        "P27_004": "03106",
        "P27_005": "岸和田市葛城プール",
        "P27_006": "土生町211",
        "P27_007": 3,
        "P27_008": -99,
        "P27_009": 9999
      },
      "geometry": {
        "type": "Point",
        "coordinates": [
          135.403536,
          34.435821
        ]
      }
    },
    {
      "type": "Feature",
      "properties": {
        "P27_001": "27202",
        "P27_002": "3",
        "P27_003": "99999",
        "P27_004": "03106",
        "P27_005": "岸和田市野田プール",
        "P27_006": "野田町2-20-18",
        "P27_007": 3,
        "P27_008": -99,
        "P27_009": 9999
      },
      "geometry": {
        "type": "Point",
        "coordinates": [
          135.380051,
          34.455395
        ]
      }
    },
    {
      "type": "Feature",
      "properties": {
        "P27_001": "27202",
        "P27_002": "3",
        "P27_003": "99999",
        "P27_004": "03106",
        "P27_005": "岸和田市立中央公園プール",
        "P27_006": "西之内町8",
        "P27_007": 3,
        "P27_008": -99,
        "P27_009": 9999
      },
      "geometry": {
        "type": "Point",
        "coordinates": [
          135.396297,
          34.469636
        ]
      }
    },
    {
      "type": "Feature",
      "properties": {
        "P27_001": "27202",
        "P27_002": "3",
        "P27_003": "99999",
        "P27_004": "03107",
        "P27_005": "岸和田市立中央公園プール",
        "P27_006": "西之内町8",
        "P27_007": 3,
        "P27_008": -99,
        "P27_009": 9999
      },
      "geometry": {
        "type": "Point",
        "coordinates": [
          135.396749,
          34.46941
        ]
      }
    },
    {
      "type": "Feature",
      "properties": {
        "P27_001": "27202",
        "P27_002": "3",
        "P27_003": "99999",
        "P27_004": "03115",
        "P27_005": "岸和田市立葛城テニスコート",
        "P27_006": "畑町4-475",
        "P27_007": 3,
        "P27_008": -99,
        "P27_009": 9999
      },
      "geometry": {
        "type": "Point",
        "coordinates": [
          135.39164,
          34.440564
        ]
      }
    },
    {
      "type": "Feature",
      "properties": {
        "P27_001": "27202",
        "P27_002": "3",
        "P27_003": "99999",
        "P27_004": "03115",
        "P27_005": "岸和田市浜工業公園テニスコート",
        "P27_006": "地蔵浜町10",
        "P27_007": 3,
        "P27_008": -99,
        "P27_009": 9999
      },
      "geometry": {
        "type": "Point",
        "coordinates": [
          135.363786,
          34.460521
        ]
      }
    },
    {
      "type": "Feature",
      "properties": {
        "P27_001": "27202",
        "P27_002": "3",
        "P27_003": "99999",
        "P27_004": "03115",
        "P27_005": "岸和田市立中央公園テニスコート",
        "P27_006": "西ノ内町8",
        "P27_007": 3,
        "P27_008": -99,
        "P27_009": 9999
      },
      "geometry": {
        "type": "Point",
        "coordinates": [
          135.397521,
          34.47015
        ]
      }
    },
    {
      "type": "Feature",
      "properties": {
        "P27_001": "27202",
        "P27_002": "3",
        "P27_003": "99999",
        "P27_004": "03115",
        "P27_005": "岸和田市立春木台場テニスコート",
        "P27_006": "春木泉町20-48",
        "P27_007": 3,
        "P27_008": -99,
        "P27_009": 9999
      },
      "geometry": {
        "type": "Point",
        "coordinates": [
          135.379182,
          34.477046
        ]
      }
    },
    {
      "type": "Feature",
      "properties": {
        "P27_001": "27202",
        "P27_002": "3",
        "P27_003": "99999",
        "P27_004": "03115",
        "P27_005": "岸和田市立野田公園テニスコート",
        "P27_006": "野田町2-20-18",
        "P27_007": 3,
        "P27_008": -99,
        "P27_009": 9999
      },
      "geometry": {
        "type": "Point",
        "coordinates": [
          135.379454,
          34.455079
        ]
      }
    },
    {
      "type": "Feature",
      "properties": {
        "P27_001": "27202",
        "P27_002": "3",
        "P27_003": "99999",
        "P27_004": "03115",
        "P27_005": "岸和田市立牛ノ口公園テニスコート",
        "P27_006": "沼町26-23",
        "P27_007": 3,
        "P27_008": -99,
        "P27_009": 9999
      },
      "geometry": {
        "type": "Point",
        "coordinates": [
          135.381885,
          34.464727
        ]
      }
    },
    {
      "type": "Feature",
      "properties": {
        "P27_001": "27202",
        "P27_002": "3",
        "P27_003": "99999",
        "P27_004": "03102",
        "P27_005": "浜工業公園球技広場２",
        "P27_006": "地蔵浜町10",
        "P27_007": 3,
        "P27_008": -99,
        "P27_009": 9999
      },
      "geometry": {
        "type": "Point",
        "coordinates": [
          135.361861,
          34.460111
        ]
      }
    },
    {
      "type": "Feature",
      "properties": {
        "P27_001": "27202",
        "P27_002": "3",
        "P27_003": "99999",
        "P27_004": "03103",
        "P27_005": "浜工業公園球技広場２",
        "P27_006": "地蔵浜町10",
        "P27_007": 3,
        "P27_008": -99,
        "P27_009": 9999
      },
      "geometry": {
        "type": "Point",
        "coordinates": [
          135.361861,
          34.459999
        ]
      }
    },
    {
      "type": "Feature",
      "properties": {
        "P27_001": "27202",
        "P27_002": "3",
        "P27_003": "99999",
        "P27_004": "03102",
        "P27_005": "浜工業公園球技広場１",
        "P27_006": "地蔵浜町10",
        "P27_007": 3,
        "P27_008": -99,
        "P27_009": 9999
      },
      "geometry": {
        "type": "Point",
        "coordinates": [
          135.362978,
          34.459685
        ]
      }
    },
    {
      "type": "Feature",
      "properties": {
        "P27_001": "27202",
        "P27_002": "3",
        "P27_003": "99999",
        "P27_004": "03104",
        "P27_005": "岸和田市立大沢青少年広場",
        "P27_006": "大沢町656",
        "P27_007": 3,
        "P27_008": -99,
        "P27_009": 9999
      },
      "geometry": {
        "type": "Point",
        "coordinates": [
          135.443782,
          34.388945
        ]
      }
    },
    {
      "type": "Feature",
      "properties": {
        "P27_001": "27202",
        "P27_002": "3",
        "P27_003": "99999",
        "P27_004": "03138",
        "P27_005": "岸和田市立大沢青少年広場",
        "P27_006": "大沢町656",
        "P27_007": 3,
        "P27_008": -99,
        "P27_009": 9999
      },
      "geometry": {
        "type": "Point",
        "coordinates": [
          135.443782,
          34.388891
        ]
      }
    },
    {
      "type": "Feature",
      "properties": {
        "P27_001": "27202",
        "P27_002": "3",
        "P27_003": "99999",
        "P27_004": "03104",
        "P27_005": "岸和田市立茂知谷青少年広場",
        "P27_006": "相川町18-1",
        "P27_007": 3,
        "P27_008": -99,
        "P27_009": 9999
      },
      "geometry": {
        "type": "Point",
        "coordinates": [
          135.429284,
          34.382518
        ]
      }
    },
    {
      "type": "Feature",
      "properties": {
        "P27_001": "27202",
        "P27_002": "3",
        "P27_003": "99999",
        "P27_004": "03138",
        "P27_005": "岸和田市立茂知谷青少年広場",
        "P27_006": "相川町18-1",
        "P27_007": 3,
        "P27_008": -99,
        "P27_009": 9999
      },
      "geometry": {
        "type": "Point",
        "coordinates": [
          135.429284,
          34.382471
        ]
      }
    },
    {
      "type": "Feature",
      "properties": {
        "P27_001": "27202",
        "P27_002": "3",
        "P27_003": "99999",
        "P27_004": "03102",
        "P27_005": "岸和田市立鴨田池青少年広場",
        "P27_006": "南上町2-290",
        "P27_007": 3,
        "P27_008": -99,
        "P27_009": 9999
      },
      "geometry": {
        "type": "Point",
        "coordinates": [
          135.372587,
          34.452379
        ]
      }
    },
    {
      "type": "Feature",
      "properties": {
        "P27_001": "27202",
        "P27_002": "3",
        "P27_003": "99999",
        "P27_004": "03103",
        "P27_005": "岸和田市立鴨田池青少年広場",
        "P27_006": "南上町2-290",
        "P27_007": 3,
        "P27_008": -99,
        "P27_009": 9999
      },
      "geometry": {
        "type": "Point",
        "coordinates": [
          135.372587,
          34.452271
        ]
      }
    },
    {
      "type": "Feature",
      "properties": {
        "P27_001": "27202",
        "P27_002": "3",
        "P27_003": "99999",
        "P27_004": "03102",
        "P27_005": "岸和田市立奥ノ池青少年広場",
        "P27_006": "直中町498-1",
        "P27_007": 3,
        "P27_008": -99,
        "P27_009": 9999
      },
      "geometry": {
        "type": "Point",
        "coordinates": [
          135.440104,
          34.43827
        ]
      }
    },
    {
      "type": "Feature",
      "properties": {
        "P27_001": "27202",
        "P27_002": "3",
        "P27_003": "99999",
        "P27_004": "03103",
        "P27_005": "岸和田市立奥ノ池青少年広場",
        "P27_006": "直中町498-1",
        "P27_007": 3,
        "P27_008": -99,
        "P27_009": 9999
      },
      "geometry": {
        "type": "Point",
        "coordinates": [
          135.440104,
          34.438177
        ]
      }
    },
    {
      "type": "Feature",
      "properties": {
        "P27_001": "27202",
        "P27_002": "3",
        "P27_003": "99999",
        "P27_004": "03102",
        "P27_005": "岸和田市立神楽目青少年広場",
        "P27_006": "内畑町3306",
        "P27_007": 3,
        "P27_008": -99,
        "P27_009": 9999
      },
      "geometry": {
        "type": "Point",
        "coordinates": [
          135.427961,
          34.40728
        ]
      }
    },
    {
      "type": "Feature",
      "properties": {
        "P27_001": "27202",
        "P27_002": "3",
        "P27_003": "99999",
        "P27_004": "03138",
        "P27_005": "岸和田市立神楽目青少年広場",
        "P27_006": "内畑町3306",
        "P27_007": 3,
        "P27_008": -99,
        "P27_009": 9999
      },
      "geometry": {
        "type": "Point",
        "coordinates": [
          135.427967,
          34.407182
        ]
      }
    },
    {
      "type": "Feature",
      "properties": {
        "P27_001": "27202",
        "P27_002": "3",
        "P27_003": "99999",
        "P27_004": "03102",
        "P27_005": "岸和田市立臨海青少年広場",
        "P27_006": "木材町17-1",
        "P27_007": 3,
        "P27_008": -99,
        "P27_009": 9999
      },
      "geometry": {
        "type": "Point",
        "coordinates": [
          135.371146,
          34.490321
        ]
      }
    },
    {
      "type": "Feature",
      "properties": {
        "P27_001": "27202",
        "P27_002": "3",
        "P27_003": "99999",
        "P27_004": "03102",
        "P27_005": "岸和田市立菊ヶ池青少年広場",
        "P27_006": "尾生町1067-2",
        "P27_007": 3,
        "P27_008": -99,
        "P27_009": 9999
      },
      "geometry": {
        "type": "Point",
        "coordinates": [
          135.406753,
          34.445363
        ]
      }
    },
    {
      "type": "Feature",
      "properties": {
        "P27_001": "27202",
        "P27_002": "3",
        "P27_003": "99999",
        "P27_004": "03103",
        "P27_005": "岸和田市立菊ヶ池青少年広場",
        "P27_006": "尾生町1067-2",
        "P27_007": 3,
        "P27_008": -99,
        "P27_009": 9999
      },
      "geometry": {
        "type": "Point",
        "coordinates": [
          135.40675,
          34.445262
        ]
      }
    },
    {
      "type": "Feature",
      "properties": {
        "P27_001": "27202",
        "P27_002": "3",
        "P27_003": "99999",
        "P27_004": "03102",
        "P27_005": "岸和田市立春木台場青少年広場",
        "P27_006": "春木泉町20-48",
        "P27_007": 3,
        "P27_008": -99,
        "P27_009": 9999
      },
      "geometry": {
        "type": "Point",
        "coordinates": [
          135.378977,
          34.476635
        ]
      }
    },
    {
      "type": "Feature",
      "properties": {
        "P27_001": "27202",
        "P27_002": "3",
        "P27_003": "99999",
        "P27_004": "03103",
        "P27_005": "岸和田市立春木台場青少年広場",
        "P27_006": "春木泉町20-48",
        "P27_007": 3,
        "P27_008": -99,
        "P27_009": 9999
      },
      "geometry": {
        "type": "Point",
        "coordinates": [
          135.37898,
          34.476581
        ]
      }
    },
    {
      "type": "Feature",
      "properties": {
        "P27_001": "27202",
        "P27_002": "3",
        "P27_003": "99999",
        "P27_004": "03102",
        "P27_005": "岸和田市立八木運動広場",
        "P27_006": "大町4-10-1",
        "P27_007": 3,
        "P27_008": -99,
        "P27_009": 9999
      },
      "geometry": {
        "type": "Point",
        "coordinates": [
          135.410983,
          34.466257
        ]
      }
    },
    {
      "type": "Feature",
      "properties": {
        "P27_001": "27202",
        "P27_002": "3",
        "P27_003": "99999",
        "P27_004": "03102",
        "P27_005": "岸和田市立春木運動広場",
        "P27_006": "八幡町5-1",
        "P27_007": 3,
        "P27_008": -99,
        "P27_009": 9999
      },
      "geometry": {
        "type": "Point",
        "coordinates": [
          135.390176,
          34.481853
        ]
      }
    },
    {
      "type": "Feature",
      "properties": {
        "P27_001": "27202",
        "P27_002": "3",
        "P27_003": "99999",
        "P27_004": "03103",
        "P27_005": "岸和田市立春木運動広場",
        "P27_006": "八幡町5-1",
        "P27_007": 3,
        "P27_008": -99,
        "P27_009": 9999
      },
      "geometry": {
        "type": "Point",
        "coordinates": [
          135.390176,
          34.48175
        ]
      }
    },
    {
      "type": "Feature",
      "properties": {
        "P27_001": "27202",
        "P27_002": "3",
        "P27_003": "99999",
        "P27_004": "03102",
        "P27_005": "岸和田市立葛城運動広場",
        "P27_006": "畑町4-2-1",
        "P27_007": 3,
        "P27_008": -99,
        "P27_009": 9999
      },
      "geometry": {
        "type": "Point",
        "coordinates": [
          135.390746,
          34.44105
        ]
      }
    },
    {
      "type": "Feature",
      "properties": {
        "P27_001": "27202",
        "P27_002": "3",
        "P27_003": "99999",
        "P27_004": "03103",
        "P27_005": "岸和田市立葛城運動広場",
        "P27_006": "畑町4-2-1",
        "P27_007": 3,
        "P27_008": -99,
        "P27_009": 9999
      },
      "geometry": {
        "type": "Point",
        "coordinates": [
          135.390743,
          34.440952
        ]
      }
    },
    {
      "type": "Feature",
      "properties": {
        "P27_001": "27202",
        "P27_002": "3",
        "P27_003": "99999",
        "P27_004": "03102",
        "P27_005": "岸和田市立久米田公園運動広場",
        "P27_006": "岡山町26-2",
        "P27_007": 3,
        "P27_008": -99,
        "P27_009": 9999
      },
      "geometry": {
        "type": "Point",
        "coordinates": [
          135.420877,
          34.454568
        ]
      }
    },
    {
      "type": "Feature",
      "properties": {
        "P27_001": "27202",
        "P27_002": "3",
        "P27_003": "99999",
        "P27_004": "03103",
        "P27_005": "岸和田市立久米田公園運動広場",
        "P27_006": "岡山町26-2",
        "P27_007": 3,
        "P27_008": -99,
        "P27_009": 9999
      },
      "geometry": {
        "type": "Point",
        "coordinates": [
          135.420874,
          34.454472
        ]
      }
    },
    {
      "type": "Feature",
      "properties": {
        "P27_001": "27202",
        "P27_002": "3",
        "P27_003": "99999",
        "P27_004": "03102",
        "P27_005": "岸和田市立牛ノ口公園運動広場",
        "P27_006": "上野町東1-1",
        "P27_007": 3,
        "P27_008": -99,
        "P27_009": 9999
      },
      "geometry": {
        "type": "Point",
        "coordinates": [
          135.38212,
          34.465653
        ]
      }
    },
    {
      "type": "Feature",
      "properties": {
        "P27_001": "27202",
        "P27_002": "3",
        "P27_003": "99999",
        "P27_004": "03103",
        "P27_005": "岸和田市立牛ノ口公園運動広場",
        "P27_006": "上野町東1-1",
        "P27_007": 3,
        "P27_008": -99,
        "P27_009": 9999
      },
      "geometry": {
        "type": "Point",
        "coordinates": [
          135.38212,
          34.465545
        ]
      }
    },
    {
      "type": "Feature",
      "properties": {
        "P27_001": "27202",
        "P27_002": "3",
        "P27_003": "99999",
        "P27_004": "03103",
        "P27_005": "岸和田市立中央公園スポーツ広場",
        "P27_006": "西ノ内町8",
        "P27_007": 3,
        "P27_008": -99,
        "P27_009": 9999
      },
      "geometry": {
        "type": "Point",
        "coordinates": [
          135.395632,
          34.471066
        ]
      }
    },
    {
      "type": "Feature",
      "properties": {
        "P27_001": "27202",
        "P27_002": "3",
        "P27_003": "99999",
        "P27_004": "03104",
        "P27_005": "岸和田市立中央公園スポーツ広場",
        "P27_006": "西ノ内町8",
        "P27_007": 3,
        "P27_008": -99,
        "P27_009": 9999
      },
      "geometry": {
        "type": "Point",
        "coordinates": [
          135.395626,
          34.470959
        ]
      }
    },
    {
      "type": "Feature",
      "properties": {
        "P27_001": "27341",
        "P27_002": "3",
        "P27_003": "99999",
        "P27_004": "03105",
        "P27_005": "忠岡町営スポーツセンター温水プール",
        "P27_006": "忠岡東1-34-1",
        "P27_007": 3,
        "P27_008": -99,
        "P27_009": 9999
      },
      "geometry": {
        "type": "Point",
        "coordinates": [
          135.401364,
          34.486766
        ]
      }
    },
    {
      "type": "Feature",
      "properties": {
        "P27_001": "27341",
        "P27_002": "3",
        "P27_003": "99999",
        "P27_004": "03102",
        "P27_005": "大津川河川敷公園運動広場",
        "P27_006": "忠岡東3-1584～2",
        "P27_007": 3,
        "P27_008": -99,
        "P27_009": 9999
      },
      "geometry": {
        "type": "Point",
        "coordinates": [
          135.402673,
          34.494174
        ]
      }
    },
    {
      "type": "Feature",
      "properties": {
        "P27_001": "27341",
        "P27_002": "3",
        "P27_003": "99999",
        "P27_004": "03103",
        "P27_005": "大津川河川敷公園運動広場",
        "P27_006": "忠岡東3-1584～2",
        "P27_007": 3,
        "P27_008": -99,
        "P27_009": 9999
      },
      "geometry": {
        "type": "Point",
        "coordinates": [
          135.403612,
          34.493572
        ]
      }
    },
    {
      "type": "Feature",
      "properties": {
        "P27_001": "27341",
        "P27_002": "3",
        "P27_003": "99999",
        "P27_004": "03102",
        "P27_005": "忠岡町民第２運動場",
        "P27_006": "新浜2-5-52",
        "P27_007": 3,
        "P27_008": -99,
        "P27_009": 9999
      },
      "geometry": {
        "type": "Point",
        "coordinates": [
          135.379374,
          34.503096
        ]
      }
    },
    {
      "type": "Feature",
      "properties": {
        "P27_001": "27341",
        "P27_002": "3",
        "P27_003": "99999",
        "P27_004": "03102",
        "P27_005": "忠岡町民運動場",
        "P27_006": "忠岡東1-34-27",
        "P27_007": 3,
        "P27_008": -99,
        "P27_009": 9999
      },
      "geometry": {
        "type": "Point",
        "coordinates": [
          135.400566,
          34.487828
        ]
      }
    },
    {
      "type": "Feature",
      "properties": {
        "P27_001": "27341",
        "P27_002": "3",
        "P27_003": "99999",
        "P27_004": "03103",
        "P27_005": "忠岡町民運動場",
        "P27_006": "忠岡東1-34-27",
        "P27_007": 3,
        "P27_008": -99,
        "P27_009": 9999
      },
      "geometry": {
        "type": "Point",
        "coordinates": [
          135.400566,
          34.487739
        ]
      }
    },
    {
      "type": "Feature",
      "properties": {
        "P27_001": "27225",
        "P27_002": "3",
        "P27_003": "99999",
        "P27_004": "03142",
        "P27_005": "高石市立野外活動センター",
        "P27_006": "高師浜丁8及び11",
        "P27_007": 3,
        "P27_008": -99,
        "P27_009": 9999
      },
      "geometry": {
        "type": "Point",
        "coordinates": [
          135.42485,
          34.524234
        ]
      }
    },
    {
      "type": "Feature",
      "properties": {
        "P27_001": "27225",
        "P27_002": "3",
        "P27_003": "99999",
        "P27_004": "03109",
        "P27_005": "高石市立体育館",
        "P27_006": "高師浜3-1-24",
        "P27_007": 3,
        "P27_008": -99,
        "P27_009": 9999
      },
      "geometry": {
        "type": "Point",
        "coordinates": [
          135.432836,
          34.526622
        ]
      }
    },
    {
      "type": "Feature",
      "properties": {
        "P27_001": "27225",
        "P27_002": "3",
        "P27_003": "99999",
        "P27_004": "03120",
        "P27_005": "高石市立体育館",
        "P27_006": "高師浜3-1-24",
        "P27_007": 3,
        "P27_008": -99,
        "P27_009": 9999
      },
      "geometry": {
        "type": "Point",
        "coordinates": [
          135.432836,
          34.526554
        ]
      }
    },
    {
      "type": "Feature",
      "properties": {
        "P27_001": "27225",
        "P27_002": "3",
        "P27_003": "99999",
        "P27_004": "03129",
        "P27_005": "高石市立体育館",
        "P27_006": "高師浜3-1-24",
        "P27_007": 3,
        "P27_008": -99,
        "P27_009": 9999
      },
      "geometry": {
        "type": "Point",
        "coordinates": [
          135.432836,
          34.52649
        ]
      }
    },
    {
      "type": "Feature",
      "properties": {
        "P27_001": "27225",
        "P27_002": "3",
        "P27_003": "99999",
        "P27_004": "03105",
        "P27_005": "高石市ふれあいゾーン複合センター温水プール",
        "P27_006": "綾園4-5-28",
        "P27_007": 4,
        "P27_008": -99,
        "P27_009": 9999
      },
      "geometry": {
        "type": "Point",
        "coordinates": [
          135.433255,
          34.517615
        ]
      }
    },
    {
      "type": "Feature",
      "properties": {
        "P27_001": "27225",
        "P27_002": "3",
        "P27_003": "99999",
        "P27_004": "03106",
        "P27_005": "取石プール",
        "P27_006": "取石3-14-23",
        "P27_007": 3,
        "P27_008": -99,
        "P27_009": 9999
      },
      "geometry": {
        "type": "Point",
        "coordinates": [
          135.449079,
          34.516785
        ]
      }
    },
    {
      "type": "Feature",
      "properties": {
        "P27_001": "27225",
        "P27_002": "3",
        "P27_003": "99999",
        "P27_004": "03106",
        "P27_005": "中央プール",
        "P27_006": "加茂1-1539-2",
        "P27_007": 3,
        "P27_008": -99,
        "P27_009": 9999
      },
      "geometry": {
        "type": "Point",
        "coordinates": [
          135.439905,
          34.524745
        ]
      }
    },
    {
      "type": "Feature",
      "properties": {
        "P27_001": "27225",
        "P27_002": "3",
        "P27_003": "99999",
        "P27_004": "03115",
        "P27_005": "新公園テニスコート",
        "P27_006": "東羽衣4-168",
        "P27_007": 3,
        "P27_008": -99,
        "P27_009": 9999
      },
      "geometry": {
        "type": "Point",
        "coordinates": [
          135.450796,
          34.529548
        ]
      }
    },
    {
      "type": "Feature",
      "properties": {
        "P27_001": "27225",
        "P27_002": "3",
        "P27_003": "99999",
        "P27_004": "03103",
        "P27_005": "高石市立高師浜運動場（運動広場）",
        "P27_006": "高師浜8丁8",
        "P27_007": 3,
        "P27_008": -99,
        "P27_009": 9999
      },
      "geometry": {
        "type": "Point",
        "coordinates": [
          135.425579,
          34.525165
        ]
      }
    },
    {
      "type": "Feature",
      "properties": {
        "P27_001": "27225",
        "P27_002": "3",
        "P27_003": "99999",
        "P27_004": "03115",
        "P27_005": "高石市立高師浜運動場（テニス場）",
        "P27_006": "高師浜丁8",
        "P27_007": 3,
        "P27_008": -99,
        "P27_009": 9999
      },
      "geometry": {
        "type": "Point",
        "coordinates": [
          135.426049,
          34.525665
        ]
      }
    },
    {
      "type": "Feature",
      "properties": {
        "P27_001": "27225",
        "P27_002": "3",
        "P27_003": "99999",
        "P27_004": "03138",
        "P27_005": "高石市立高師浜運動場（運動広場）",
        "P27_006": "高師浜8丁8",
        "P27_007": 3,
        "P27_008": -99,
        "P27_009": 9999
      },
      "geometry": {
        "type": "Point",
        "coordinates": [
          135.425588,
          34.524859
        ]
      }
    },
    {
      "type": "Feature",
      "properties": {
        "P27_001": "27225",
        "P27_002": "3",
        "P27_003": "99999",
        "P27_004": "03102",
        "P27_005": "高石市立高師浜運動場（運動広場）",
        "P27_006": "高師浜8丁8",
        "P27_007": 3,
        "P27_008": -99,
        "P27_009": 9999
      },
      "geometry": {
        "type": "Point",
        "coordinates": [
          135.425585,
          34.525063
        ]
      }
    },
    {
      "type": "Feature",
      "properties": {
        "P27_001": "27225",
        "P27_002": "3",
        "P27_003": "99999",
        "P27_004": "03104",
        "P27_005": "高石市立高師浜運動場（運動広場）",
        "P27_006": "高師浜8丁8",
        "P27_007": 3,
        "P27_008": -99,
        "P27_009": 9999
      },
      "geometry": {
        "type": "Point",
        "coordinates": [
          135.425579,
          34.524955
        ]
      }
    },
    {
      "type": "Feature",
      "properties": {
        "P27_001": "27225",
        "P27_002": "3",
        "P27_003": "99999",
        "P27_004": "03103",
        "P27_005": "高砂公園運動広場",
        "P27_006": "高砂3-14",
        "P27_007": 3,
        "P27_008": -99,
        "P27_009": 9999
      },
      "geometry": {
        "type": "Point",
        "coordinates": [
          135.406711,
          34.539211
        ]
      }
    },
    {
      "type": "Feature",
      "properties": {
        "P27_001": "27225",
        "P27_002": "3",
        "P27_003": "99999",
        "P27_004": "03102",
        "P27_005": "高砂公園運動広場",
        "P27_006": "高砂3-14",
        "P27_007": 3,
        "P27_008": -99,
        "P27_009": 9999
      },
      "geometry": {
        "type": "Point",
        "coordinates": [
          135.406705,
          34.539079
        ]
      }
    },
    {
      "type": "Feature",
      "properties": {
        "P27_001": "27225",
        "P27_002": "3",
        "P27_003": "99999",
        "P27_004": "03103",
        "P27_005": "新公園運動広場",
        "P27_006": "東羽衣4-168",
        "P27_007": 3,
        "P27_008": -99,
        "P27_009": 9999
      },
      "geometry": {
        "type": "Point",
        "coordinates": [
          135.449465,
          34.529873
        ]
      }
    },
    {
      "type": "Feature",
      "properties": {
        "P27_001": "27225",
        "P27_002": "3",
        "P27_003": "99999",
        "P27_004": "03102",
        "P27_005": "新公園運動広場",
        "P27_006": "東羽衣4-168",
        "P27_007": 3,
        "P27_008": -99,
        "P27_009": 9999
      },
      "geometry": {
        "type": "Point",
        "coordinates": [
          135.449459,
          34.529788
        ]
      }
    },
    {
      "type": "Feature",
      "properties": {
        "P27_001": "27225",
        "P27_002": "3",
        "P27_003": "99999",
        "P27_004": "03104",
        "P27_005": "新公園運動広場",
        "P27_006": "東羽衣4-168",
        "P27_007": 3,
        "P27_008": -99,
        "P27_009": 9999
      },
      "geometry": {
        "type": "Point",
        "coordinates": [
          135.449459,
          34.529699
        ]
      }
    },
    {
      "type": "Feature",
      "properties": {
        "P27_001": "27225",
        "P27_002": "3",
        "P27_003": "99999",
        "P27_004": "03103",
        "P27_005": "鴨公園運動広場",
        "P27_006": "西取石6地内",
        "P27_007": 3,
        "P27_008": -99,
        "P27_009": 9999
      },
      "geometry": {
        "type": "Point",
        "coordinates": [
          135.444057,
          34.520021
        ]
      }
    },
    {
      "type": "Feature",
      "properties": {
        "P27_001": "27225",
        "P27_002": "3",
        "P27_003": "99999",
        "P27_004": "03102",
        "P27_005": "鴨公園運動広場",
        "P27_006": "西取石6地内",
        "P27_007": 3,
        "P27_008": -99,
        "P27_009": 9999
      },
      "geometry": {
        "type": "Point",
        "coordinates": [
          135.444057,
          34.519909
        ]
      }
    },
    {
      "type": "Feature",
      "properties": {
        "P27_001": "27225",
        "P27_002": "3",
        "P27_003": "99999",
        "P27_004": "03104",
        "P27_005": "鴨公園運動広場",
        "P27_006": "西取石6地内",
        "P27_007": 3,
        "P27_008": -99,
        "P27_009": 9999
      },
      "geometry": {
        "type": "Point",
        "coordinates": [
          135.444051,
          34.519806
        ]
      }
    },
    {
      "type": "Feature",
      "properties": {
        "P27_001": "27225",
        "P27_002": "3",
        "P27_003": "99999",
        "P27_004": "03102",
        "P27_005": "高石市立高砂野球場",
        "P27_006": "高砂3-41",
        "P27_007": 3,
        "P27_008": -99,
        "P27_009": 9999
      },
      "geometry": {
        "type": "Point",
        "coordinates": [
          135.408144,
          34.539202
        ]
      }
    },
    {
      "type": "Feature",
      "properties": {
        "P27_001": "27225",
        "P27_002": "3",
        "P27_003": "99999",
        "P27_004": "03102",
        "P27_005": "高石市立高師浜野球場",
        "P27_006": "高師浜丁9",
        "P27_007": 3,
        "P27_008": -99,
        "P27_009": 9999
      },
      "geometry": {
        "type": "Point",
        "coordinates": [
          135.423765,
          34.523391
        ]
      }
    },
    {
      "type": "Feature",
      "properties": {
        "P27_001": "27219",
        "P27_002": "3",
        "P27_003": "99999",
        "P27_004": "03142",
        "P27_005": "和泉市立青少年の家",
        "P27_006": "槙尾山町1-21",
        "P27_007": 4,
        "P27_008": -99,
        "P27_009": 9999
      },
      "geometry": {
        "type": "Point",
        "coordinates": [
          135.497142,
          34.398486
        ]
      }
    },
    {
      "type": "Feature",
      "properties": {
        "P27_001": "27219",
        "P27_002": "3",
        "P27_003": "99999",
        "P27_004": "03109",
        "P27_005": "和泉市立市民体育館",
        "P27_006": "府中町4-20-3",
        "P27_007": 4,
        "P27_008": -99,
        "P27_009": 9999
      },
      "geometry": {
        "type": "Point",
        "coordinates": [
          135.428835,
          34.479718
        ]
      }
    },
    {
      "type": "Feature",
      "properties": {
        "P27_001": "27219",
        "P27_002": "3",
        "P27_003": "99999",
        "P27_004": "03110",
        "P27_005": "和泉市立市民体育館",
        "P27_006": "府中町4-20-3",
        "P27_007": 4,
        "P27_008": -99,
        "P27_009": 9999
      },
      "geometry": {
        "type": "Point",
        "coordinates": [
          135.428832,
          34.479674
        ]
      }
    },
    {
      "type": "Feature",
      "properties": {
        "P27_001": "27219",
        "P27_002": "3",
        "P27_003": "99999",
        "P27_004": "03111",
        "P27_005": "和泉市立市民体育館",
        "P27_006": "府中町4-20-3",
        "P27_007": 4,
        "P27_008": -99,
        "P27_009": 9999
      },
      "geometry": {
        "type": "Point",
        "coordinates": [
          135.428835,
          34.479632
        ]
      }
    },
    {
      "type": "Feature",
      "properties": {
        "P27_001": "27219",
        "P27_002": "3",
        "P27_003": "99999",
        "P27_004": "03113",
        "P27_005": "和泉市立市民体育館",
        "P27_006": "府中町4-20-3",
        "P27_007": 4,
        "P27_008": -99,
        "P27_009": 9999
      },
      "geometry": {
        "type": "Point",
        "coordinates": [
          135.428835,
          34.479591
        ]
      }
    },
    {
      "type": "Feature",
      "properties": {
        "P27_001": "27219",
        "P27_002": "3",
        "P27_003": "99999",
        "P27_004": "03120",
        "P27_005": "和泉市立市民体育館",
        "P27_006": "府中町4-20-3",
        "P27_007": 4,
        "P27_008": -99,
        "P27_009": 9999
      },
      "geometry": {
        "type": "Point",
        "coordinates": [
          135.428835,
          34.479549
        ]
      }
    },
    {
      "type": "Feature",
      "properties": {
        "P27_001": "27219",
        "P27_002": "3",
        "P27_003": "99999",
        "P27_004": "03129",
        "P27_005": "和泉市立市民体育館",
        "P27_006": "府中町4-20-3",
        "P27_007": 4,
        "P27_008": -99,
        "P27_009": 9999
      },
      "geometry": {
        "type": "Point",
        "coordinates": [
          135.428829,
          34.479505
        ]
      }
    },
    {
      "type": "Feature",
      "properties": {
        "P27_001": "27219",
        "P27_002": "3",
        "P27_003": "99999",
        "P27_004": "03109",
        "P27_005": "和泉市立コミュニティ体育館",
        "P27_006": "光明台1-44-8",
        "P27_007": 4,
        "P27_008": -99,
        "P27_009": 9999
      },
      "geometry": {
        "type": "Point",
        "coordinates": [
          135.481936,
          34.461232
        ]
      }
    },
    {
      "type": "Feature",
      "properties": {
        "P27_001": "27219",
        "P27_002": "3",
        "P27_003": "99999",
        "P27_004": "03110",
        "P27_005": "和泉市立コミュニティ体育館",
        "P27_006": "光明台1-44-8",
        "P27_007": 4,
        "P27_008": -99,
        "P27_009": 9999
      },
      "geometry": {
        "type": "Point",
        "coordinates": [
          135.481942,
          34.461159
        ]
      }
    },
    {
      "type": "Feature",
      "properties": {
        "P27_001": "27219",
        "P27_002": "3",
        "P27_003": "99999",
        "P27_004": "03111",
        "P27_005": "和泉市立コミュニティ体育館",
        "P27_006": "光明台1-44-8",
        "P27_007": 4,
        "P27_008": -99,
        "P27_009": 9999
      },
      "geometry": {
        "type": "Point",
        "coordinates": [
          135.481942,
          34.461085
        ]
      }
    },
    {
      "type": "Feature",
      "properties": {
        "P27_001": "27219",
        "P27_002": "3",
        "P27_003": "99999",
        "P27_004": "03113",
        "P27_005": "和泉市立コミュニティ体育館",
        "P27_006": "光明台1-44-8",
        "P27_007": 4,
        "P27_008": -99,
        "P27_009": 9999
      },
      "geometry": {
        "type": "Point",
        "coordinates": [
          135.481942,
          34.461012
        ]
      }
    },
    {
      "type": "Feature",
      "properties": {
        "P27_001": "27219",
        "P27_002": "3",
        "P27_003": "99999",
        "P27_004": "03120",
        "P27_005": "和泉市立コミュニティ体育館",
        "P27_006": "光明台1-44-8",
        "P27_007": 4,
        "P27_008": -99,
        "P27_009": 9999
      },
      "geometry": {
        "type": "Point",
        "coordinates": [
          135.481942,
          34.460938
        ]
      }
    },
    {
      "type": "Feature",
      "properties": {
        "P27_001": "27219",
        "P27_002": "3",
        "P27_003": "99999",
        "P27_004": "03129",
        "P27_005": "和泉市立コミュニティ体育館",
        "P27_006": "光明台1-44-8",
        "P27_007": 4,
        "P27_008": -99,
        "P27_009": 9999
      },
      "geometry": {
        "type": "Point",
        "coordinates": [
          135.481948,
          34.46087
        ]
      }
    },
    {
      "type": "Feature",
      "properties": {
        "P27_001": "27219",
        "P27_002": "3",
        "P27_003": "99999",
        "P27_004": "03105",
        "P27_005": "和泉市温水プール（サン燦プール）",
        "P27_006": "上町584-1",
        "P27_007": 4,
        "P27_008": -99,
        "P27_009": 9999
      },
      "geometry": {
        "type": "Point",
        "coordinates": [
          135.450577,
          34.511826
        ]
      }
    },
    {
      "type": "Feature",
      "properties": {
        "P27_001": "27219",
        "P27_002": "3",
        "P27_003": "99999",
        "P27_004": "03129",
        "P27_005": "和泉市温水プール（サン燦プール）",
        "P27_006": "上町584-1",
        "P27_007": 4,
        "P27_008": -99,
        "P27_009": 9999
      },
      "geometry": {
        "type": "Point",
        "coordinates": [
          135.450577,
          34.511757
        ]
      }
    },
    {
      "type": "Feature",
      "properties": {
        "P27_001": "27219",
        "P27_002": "3",
        "P27_003": "99999",
        "P27_004": "03132",
        "P27_005": "和泉市温水プール（サン燦プール）",
        "P27_006": "上町584-1",
        "P27_007": 4,
        "P27_008": -99,
        "P27_009": 9999
      },
      "geometry": {
        "type": "Point",
        "coordinates": [
          135.450577,
          34.511679
        ]
      }
    },
    {
      "type": "Feature",
      "properties": {
        "P27_001": "27219",
        "P27_002": "3",
        "P27_003": "99999",
        "P27_004": "03106",
        "P27_005": "和泉市中央プール",
        "P27_006": "和気町4-5-1※プール開設時",
        "P27_007": 3,
        "P27_008": -99,
        "P27_009": 9999
      },
      "geometry": {
        "type": "Point",
        "coordinates": [
          135.429631,
          34.477915
        ]
      }
    },
    {
      "type": "Feature",
      "properties": {
        "P27_001": "27219",
        "P27_002": "3",
        "P27_003": "99999",
        "P27_004": "03115",
        "P27_005": "和泉市立光明池緑地有料公園施設（テニスコート）",
        "P27_006": "光明台3-36-1",
        "P27_007": 4,
        "P27_008": -99,
        "P27_009": 9999
      },
      "geometry": {
        "type": "Point",
        "coordinates": [
          135.487926,
          34.453769
        ]
      }
    },
    {
      "type": "Feature",
      "properties": {
        "P27_001": "27219",
        "P27_002": "3",
        "P27_003": "99999",
        "P27_004": "03115",
        "P27_005": "和泉市立光明池球技場テニスコート",
        "P27_006": "室堂町1066",
        "P27_007": 4,
        "P27_008": -99,
        "P27_009": 9999
      },
      "geometry": {
        "type": "Point",
        "coordinates": [
          135.475958,
          34.468392
        ]
      }
    },
    {
      "type": "Feature",
      "properties": {
        "P27_001": "27219",
        "P27_002": "3",
        "P27_003": "99999",
        "P27_004": "03115",
        "P27_005": "和泉市立テニスコート",
        "P27_006": "和気町4-5-1",
        "P27_007": 4,
        "P27_008": -99,
        "P27_009": 9999
      },
      "geometry": {
        "type": "Point",
        "coordinates": [
          135.431373,
          34.478213
        ]
      }
    },
    {
      "type": "Feature",
      "properties": {
        "P27_001": "27219",
        "P27_002": "3",
        "P27_003": "99999",
        "P27_004": "03102",
        "P27_005": "和泉市立光明池球技場",
        "P27_006": "室堂町1066",
        "P27_007": 4,
        "P27_008": -99,
        "P27_009": 9999
      },
      "geometry": {
        "type": "Point",
        "coordinates": [
          135.476594,
          34.466933
        ]
      }
    },
    {
      "type": "Feature",
      "properties": {
        "P27_001": "27219",
        "P27_002": "3",
        "P27_003": "99999",
        "P27_004": "03102",
        "P27_005": "和泉市立光明池緑地有料公園施設",
        "P27_006": "光明台3-36-1",
        "P27_007": 4,
        "P27_008": -99,
        "P27_009": 9999
      },
      "geometry": {
        "type": "Point",
        "coordinates": [
          135.486642,
          34.454279
        ]
      }
    },
    {
      "type": "Feature",
      "properties": {
        "P27_001": "27219",
        "P27_002": "3",
        "P27_003": "99999",
        "P27_004": "03103",
        "P27_005": "和泉市立光明池緑地有料公園施設",
        "P27_006": "光明台3-36-1",
        "P27_007": 4,
        "P27_008": -99,
        "P27_009": 9999
      },
      "geometry": {
        "type": "Point",
        "coordinates": [
          135.486642,
          34.454171
        ]
      }
    },
    {
      "type": "Feature",
      "properties": {
        "P27_001": "27219",
        "P27_002": "3",
        "P27_003": "99999",
        "P27_004": "03102",
        "P27_005": "和泉市立市民球場",
        "P27_006": "和気町4-5-1",
        "P27_007": 4,
        "P27_008": -99,
        "P27_009": 9999
      },
      "geometry": {
        "type": "Point",
        "coordinates": [
          135.430422,
          34.477822
        ]
      }
    },
    {
      "type": "Feature",
      "properties": {
        "P27_001": "27206",
        "P27_002": "3",
        "P27_003": "99999",
        "P27_004": "03103",
        "P27_005": "中央緑地フットサル場",
        "P27_006": "小津島町1",
        "P27_007": 3,
        "P27_008": -99,
        "P27_009": 9999
      },
      "geometry": {
        "type": "Point",
        "coordinates": [
          135.399848,
          34.51966
        ]
      }
    },
    {
      "type": "Feature",
      "properties": {
        "P27_001": "27206",
        "P27_002": "3",
        "P27_003": "99999",
        "P27_004": "03103",
        "P27_005": "中央緑地サブ広場",
        "P27_006": "小津島町1",
        "P27_007": 3,
        "P27_008": -99,
        "P27_009": 9999
      },
      "geometry": {
        "type": "Point",
        "coordinates": [
          135.398653,
          34.519946
        ]
      }
    },
    {
      "type": "Feature",
      "properties": {
        "P27_001": "27206",
        "P27_002": "3",
        "P27_003": "99999",
        "P27_004": "03102",
        "P27_005": "中央緑地多目的広場",
        "P27_006": "小津島町1",
        "P27_007": 3,
        "P27_008": -99,
        "P27_009": 9999
      },
      "geometry": {
        "type": "Point",
        "coordinates": [
          135.400186,
          34.520323
        ]
      }
    },
    {
      "type": "Feature",
      "properties": {
        "P27_001": "27206",
        "P27_002": "3",
        "P27_003": "99999",
        "P27_004": "03115",
        "P27_005": "なぎさテニスコート",
        "P27_006": "なぎさ町35-1",
        "P27_007": 3,
        "P27_008": -99,
        "P27_009": 9999
      },
      "geometry": {
        "type": "Point",
        "coordinates": [
          135.394003,
          34.507784
        ]
      }
    },
    {
      "type": "Feature",
      "properties": {
        "P27_001": "27206",
        "P27_002": "3",
        "P27_003": "99999",
        "P27_004": "03109",
        "P27_005": "泉大津市立総合体育館",
        "P27_006": "宮町2-50",
        "P27_007": 3,
        "P27_008": -99,
        "P27_009": 9999
      },
      "geometry": {
        "type": "Point",
        "coordinates": [
          135.419058,
          34.500612
        ]
      }
    },
    {
      "type": "Feature",
      "properties": {
        "P27_001": "27206",
        "P27_002": "3",
        "P27_003": "99999",
        "P27_004": "03120",
        "P27_005": "泉大津市立総合体育館",
        "P27_006": "宮町2-50",
        "P27_007": 3,
        "P27_008": -99,
        "P27_009": 9999
      },
      "geometry": {
        "type": "Point",
        "coordinates": [
          135.419058,
          34.500539
        ]
      }
    },
    {
      "type": "Feature",
      "properties": {
        "P27_001": "27206",
        "P27_002": "3",
        "P27_003": "99999",
        "P27_004": "03110",
        "P27_005": "泉大津市立総合体育館",
        "P27_006": "宮町2-50",
        "P27_007": 3,
        "P27_008": -99,
        "P27_009": 9999
      },
      "geometry": {
        "type": "Point",
        "coordinates": [
          135.419064,
          34.500465
        ]
      }
    },
    {
      "type": "Feature",
      "properties": {
        "P27_001": "27206",
        "P27_002": "3",
        "P27_003": "99999",
        "P27_004": "03111",
        "P27_005": "泉大津市立総合体育館",
        "P27_006": "宮町2-50",
        "P27_007": 3,
        "P27_008": -99,
        "P27_009": 9999
      },
      "geometry": {
        "type": "Point",
        "coordinates": [
          135.419064,
          34.500392
        ]
      }
    },
    {
      "type": "Feature",
      "properties": {
        "P27_001": "27206",
        "P27_002": "3",
        "P27_003": "99999",
        "P27_004": "03113",
        "P27_005": "泉大津市立総合体育館",
        "P27_006": "宮町2-50",
        "P27_007": 3,
        "P27_008": -99,
        "P27_009": 9999
      },
      "geometry": {
        "type": "Point",
        "coordinates": [
          135.419064,
          34.500318
        ]
      }
    },
    {
      "type": "Feature",
      "properties": {
        "P27_001": "27206",
        "P27_002": "3",
        "P27_003": "99999",
        "P27_004": "03129",
        "P27_005": "泉大津市立総合体育館",
        "P27_006": "宮町2-50",
        "P27_007": 3,
        "P27_008": -99,
        "P27_009": 9999
      },
      "geometry": {
        "type": "Point",
        "coordinates": [
          135.41907,
          34.50024
        ]
      }
    },
    {
      "type": "Feature",
      "properties": {
        "P27_001": "27206",
        "P27_002": "3",
        "P27_003": "99999",
        "P27_004": "03106",
        "P27_005": "泉大津市助松公園プール",
        "P27_006": "松ノ浜町1地内",
        "P27_007": 3,
        "P27_008": -99,
        "P27_009": 9999
      },
      "geometry": {
        "type": "Point",
        "coordinates": [
          135.413904,
          34.513795
        ]
      }
    },
    {
      "type": "Feature",
      "properties": {
        "P27_001": "27206",
        "P27_002": "3",
        "P27_003": "99999",
        "P27_004": "03106",
        "P27_005": "泉大津市穴師公園プール",
        "P27_006": "池浦町3地内",
        "P27_007": 3,
        "P27_008": -99,
        "P27_009": 9999
      },
      "geometry": {
        "type": "Point",
        "coordinates": [
          135.415792,
          34.495934
        ]
      }
    },
    {
      "type": "Feature",
      "properties": {
        "P27_001": "27206",
        "P27_002": "3",
        "P27_003": "99999",
        "P27_004": "03115",
        "P27_005": "助松公園テニスコート",
        "P27_006": "助松町3地内",
        "P27_007": 3,
        "P27_008": -99,
        "P27_009": 9999
      },
      "geometry": {
        "type": "Point",
        "coordinates": [
          135.416842,
          34.516158
        ]
      }
    },
    {
      "type": "Feature",
      "properties": {
        "P27_001": "27206",
        "P27_002": "3",
        "P27_003": "99999",
        "P27_004": "03102",
        "P27_005": "汐見公園多目的広場",
        "P27_006": "汐見町",
        "P27_007": 3,
        "P27_008": -99,
        "P27_009": 9999
      },
      "geometry": {
        "type": "Point",
        "coordinates": [
          135.37942,
          34.510851
        ]
      }
    },
    {
      "type": "Feature",
      "properties": {
        "P27_001": "27206",
        "P27_002": "3",
        "P27_003": "99999",
        "P27_004": "03103",
        "P27_005": "汐見公園多目的広場",
        "P27_006": "汐見町",
        "P27_007": 3,
        "P27_008": -99,
        "P27_009": 9999
      },
      "geometry": {
        "type": "Point",
        "coordinates": [
          135.37942,
          34.510753
        ]
      }
    },
    {
      "type": "Feature",
      "properties": {
        "P27_001": "27206",
        "P27_002": "3",
        "P27_003": "99999",
        "P27_004": "03102",
        "P27_005": "泉大津市三十合池公園運動場",
        "P27_006": "我孫子地内",
        "P27_007": 3,
        "P27_008": -99,
        "P27_009": 9999
      },
      "geometry": {
        "type": "Point",
        "coordinates": [
          135.417004,
          34.488345
        ]
      }
    },
    {
      "type": "Feature",
      "properties": {
        "P27_001": "27206",
        "P27_002": "3",
        "P27_003": "99999",
        "P27_004": "03102",
        "P27_005": "泉大津市古池公園運動場",
        "P27_006": "曽根町3-6-5",
        "P27_007": 3,
        "P27_008": -99,
        "P27_009": 9999
      },
      "geometry": {
        "type": "Point",
        "coordinates": [
          135.41957,
          34.504817
        ]
      }
    },
    {
      "type": "Feature",
      "properties": {
        "P27_001": "27206",
        "P27_002": "3",
        "P27_003": "99999",
        "P27_004": "03103",
        "P27_005": "泉大津市古池公園運動場",
        "P27_006": "曽根町3-6-5",
        "P27_007": 3,
        "P27_008": -99,
        "P27_009": 9999
      },
      "geometry": {
        "type": "Point",
        "coordinates": [
          135.419567,
          34.504725
        ]
      }
    },
    {
      "type": "Feature",
      "properties": {
        "P27_001": "27206",
        "P27_002": "3",
        "P27_003": "99999",
        "P27_004": "03104",
        "P27_005": "泉大津市古池公園運動場",
        "P27_006": "曽根町3-6-5",
        "P27_007": 3,
        "P27_008": -99,
        "P27_009": 9999
      },
      "geometry": {
        "type": "Point",
        "coordinates": [
          135.419567,
          34.50462
        ]
      }
    },
    {
      "type": "Feature",
      "properties": {
        "P27_001": "27206",
        "P27_002": "3",
        "P27_003": "99999",
        "P27_004": "03102",
        "P27_005": "泉大津市助松公園野球場",
        "P27_006": "助松町4地内",
        "P27_007": 3,
        "P27_008": -99,
        "P27_009": 9999
      },
      "geometry": {
        "type": "Point",
        "coordinates": [
          135.416093,
          34.515292
        ]
      }
    },
    {
      "type": "Feature",
      "properties": {
        "P27_001": "27144",
        "P27_002": "3",
        "P27_003": "99999",
        "P27_004": "03102",
        "P27_005": "みなと堺グリーンひろば",
        "P27_006": "築港新町3-54",
        "P27_007": 4,
        "P27_008": -99,
        "P27_009": 9999
      },
      "geometry": {
        "type": "Point",
        "coordinates": [
          135.414305,
          34.574857
        ]
      }
    },
    {
      "type": "Feature",
      "properties": {
        "P27_001": "27144",
        "P27_002": "3",
        "P27_003": "99999",
        "P27_004": "03103",
        "P27_005": "みなと堺グリーンひろば",
        "P27_006": "築港新町3-54",
        "P27_007": 4,
        "P27_008": -99,
        "P27_009": 9999
      },
      "geometry": {
        "type": "Point",
        "coordinates": [
          135.408232,
          34.576168
        ]
      }
    },
    {
      "type": "Feature",
      "properties": {
        "P27_001": "27141",
        "P27_002": "3",
        "P27_003": "99999",
        "P27_004": "03119",
        "P27_005": "大浜相撲場",
        "P27_006": "大浜北町大浜公園内",
        "P27_007": 4,
        "P27_008": -99,
        "P27_009": 9999
      },
      "geometry": {
        "type": "Point",
        "coordinates": [
          135.460439,
          34.581326
        ]
      }
    },
    {
      "type": "Feature",
      "properties": {
        "P27_001": "27141",
        "P27_002": "3",
        "P27_003": "99999",
        "P27_004": "03109",
        "P27_005": "大浜体育館",
        "P27_006": "大浜北町5丁7-1",
        "P27_007": 4,
        "P27_008": -99,
        "P27_009": 9999
      },
      "geometry": {
        "type": "Point",
        "coordinates": [
          135.459016,
          34.581735
        ]
      }
    },
    {
      "type": "Feature",
      "properties": {
        "P27_001": "27141",
        "P27_002": "3",
        "P27_003": "99999",
        "P27_004": "03129",
        "P27_005": "大浜体育館",
        "P27_006": "大浜北町5丁7-1",
        "P27_007": 4,
        "P27_008": -99,
        "P27_009": 9999
      },
      "geometry": {
        "type": "Point",
        "coordinates": [
          135.459016,
          34.581671
        ]
      }
    },
    {
      "type": "Feature",
      "properties": {
        "P27_001": "27141",
        "P27_002": "3",
        "P27_003": "99999",
        "P27_004": "03120",
        "P27_005": "大浜体育館",
        "P27_006": "大浜北町5丁7-1",
        "P27_007": 4,
        "P27_008": -99,
        "P27_009": 9999
      },
      "geometry": {
        "type": "Point",
        "coordinates": [
          135.459016,
          34.581603
        ]
      }
    },
    {
      "type": "Feature",
      "properties": {
        "P27_001": "27141",
        "P27_002": "3",
        "P27_003": "99999",
        "P27_004": "03116",
        "P27_005": "大浜体育館",
        "P27_006": "大浜北町5丁7-1",
        "P27_007": 4,
        "P27_008": -99,
        "P27_009": 9999
      },
      "geometry": {
        "type": "Point",
        "coordinates": [
          135.459016,
          34.581529
        ]
      }
    },
    {
      "type": "Feature",
      "properties": {
        "P27_001": "27141",
        "P27_002": "3",
        "P27_003": "99999",
        "P27_004": "03110",
        "P27_005": "大浜体育館",
        "P27_006": "大浜北町5丁7-1",
        "P27_007": 4,
        "P27_008": -99,
        "P27_009": 9999
      },
      "geometry": {
        "type": "Point",
        "coordinates": [
          135.459016,
          34.581461
        ]
      }
    },
    {
      "type": "Feature",
      "properties": {
        "P27_001": "27141",
        "P27_002": "3",
        "P27_003": "99999",
        "P27_004": "03111",
        "P27_005": "大浜体育館",
        "P27_006": "大浜北町5丁7-1",
        "P27_007": 4,
        "P27_008": -99,
        "P27_009": 9999
      },
      "geometry": {
        "type": "Point",
        "coordinates": [
          135.459022,
          34.581397
        ]
      }
    },
    {
      "type": "Feature",
      "properties": {
        "P27_001": "27141",
        "P27_002": "3",
        "P27_003": "99999",
        "P27_004": "03113",
        "P27_005": "大浜体育館",
        "P27_006": "大浜北町5丁7-1",
        "P27_007": 4,
        "P27_008": -99,
        "P27_009": 9999
      },
      "geometry": {
        "type": "Point",
        "coordinates": [
          135.459016,
          34.581329
        ]
      }
    },
    {
      "type": "Feature",
      "properties": {
        "P27_001": "27141",
        "P27_002": "3",
        "P27_003": "99999",
        "P27_004": "03109",
        "P27_005": "ちぬが丘スポーツセンター",
        "P27_006": "協和町2丁61-1",
        "P27_007": 3,
        "P27_008": -99,
        "P27_009": 9999
      },
      "geometry": {
        "type": "Point",
        "coordinates": [
          135.46885,
          34.564818
        ]
      }
    },
    {
      "type": "Feature",
      "properties": {
        "P27_001": "27141",
        "P27_002": "3",
        "P27_003": "99999",
        "P27_004": "03129",
        "P27_005": "ちぬが丘スポーツセンター",
        "P27_006": "協和町2丁61-1",
        "P27_007": 3,
        "P27_008": -99,
        "P27_009": 9999
      },
      "geometry": {
        "type": "Point",
        "coordinates": [
          135.468861,
          34.56475
        ]
      }
    },
    {
      "type": "Feature",
      "properties": {
        "P27_001": "27141",
        "P27_002": "3",
        "P27_003": "99999",
        "P27_004": "03120",
        "P27_005": "ちぬが丘スポーツセンター",
        "P27_006": "協和町2丁61-1",
        "P27_007": 3,
        "P27_008": -99,
        "P27_009": 9999
      },
      "geometry": {
        "type": "Point",
        "coordinates": [
          135.468861,
          34.564681
        ]
      }
    },
    {
      "type": "Feature",
      "properties": {
        "P27_001": "27142",
        "P27_002": "3",
        "P27_003": "99999",
        "P27_004": "03109",
        "P27_005": "原池公園体育館",
        "P27_006": "八田寺町320",
        "P27_007": 4,
        "P27_008": -99,
        "P27_009": 9999
      },
      "geometry": {
        "type": "Point",
        "coordinates": [
          135.493383,
          34.519738
        ]
      }
    },
    {
      "type": "Feature",
      "properties": {
        "P27_001": "27142",
        "P27_002": "3",
        "P27_003": "99999",
        "P27_004": "03129",
        "P27_005": "原池公園体育館",
        "P27_006": "八田寺町320",
        "P27_007": 4,
        "P27_008": -99,
        "P27_009": 9999
      },
      "geometry": {
        "type": "Point",
        "coordinates": [
          135.494242,
          34.51955
        ]
      }
    },
    {
      "type": "Feature",
      "properties": {
        "P27_001": "27142",
        "P27_002": "3",
        "P27_003": "99999",
        "P27_004": "03120",
        "P27_005": "原池公園体育館",
        "P27_006": "八田寺町320",
        "P27_007": 4,
        "P27_008": -99,
        "P27_009": 9999
      },
      "geometry": {
        "type": "Point",
        "coordinates": [
          135.493377,
          34.519652
        ]
      }
    },
    {
      "type": "Feature",
      "properties": {
        "P27_001": "27142",
        "P27_002": "3",
        "P27_003": "99999",
        "P27_004": "03116",
        "P27_005": "原池公園体育館",
        "P27_006": "八田寺町320",
        "P27_007": 4,
        "P27_008": -99,
        "P27_009": 9999
      },
      "geometry": {
        "type": "Point",
        "coordinates": [
          135.49404,
          34.51977
        ]
      }
    },
    {
      "type": "Feature",
      "properties": {
        "P27_001": "27144",
        "P27_002": "3",
        "P27_003": "99999",
        "P27_004": "03109",
        "P27_005": "家原大池体育館",
        "P27_006": "家原寺町1丁18-1",
        "P27_007": 4,
        "P27_008": -99,
        "P27_009": 9999
      },
      "geometry": {
        "type": "Point",
        "coordinates": [
          135.472515,
          34.536899
        ]
      }
    },
    {
      "type": "Feature",
      "properties": {
        "P27_001": "27144",
        "P27_002": "3",
        "P27_003": "99999",
        "P27_004": "03129",
        "P27_005": "家原大池体育館",
        "P27_006": "家原寺町1丁18-1",
        "P27_007": 4,
        "P27_008": -99,
        "P27_009": 9999
      },
      "geometry": {
        "type": "Point",
        "coordinates": [
          135.472515,
          34.536825
        ]
      }
    },
    {
      "type": "Feature",
      "properties": {
        "P27_001": "27144",
        "P27_002": "3",
        "P27_003": "99999",
        "P27_004": "03120",
        "P27_005": "家原大池体育館",
        "P27_006": "家原寺町1丁18-1",
        "P27_007": 4,
        "P27_008": -99,
        "P27_009": 9999
      },
      "geometry": {
        "type": "Point",
        "coordinates": [
          135.472521,
          34.536752
        ]
      }
    },
    {
      "type": "Feature",
      "properties": {
        "P27_001": "27144",
        "P27_002": "3",
        "P27_003": "99999",
        "P27_004": "03116",
        "P27_005": "家原大池体育館",
        "P27_006": "家原寺町1丁18-1",
        "P27_007": 4,
        "P27_008": -99,
        "P27_009": 9999
      },
      "geometry": {
        "type": "Point",
        "coordinates": [
          135.472521,
          34.536678
        ]
      }
    },
    {
      "type": "Feature",
      "properties": {
        "P27_001": "27143",
        "P27_002": "3",
        "P27_003": "99999",
        "P27_004": "03109",
        "P27_005": "初芝体育館",
        "P27_006": "野尻町221-4",
        "P27_007": 4,
        "P27_008": -99,
        "P27_009": 9999
      },
      "geometry": {
        "type": "Point",
        "coordinates": [
          135.523222,
          34.540459
        ]
      }
    },
    {
      "type": "Feature",
      "properties": {
        "P27_001": "27143",
        "P27_002": "3",
        "P27_003": "99999",
        "P27_004": "03129",
        "P27_005": "初芝体育館",
        "P27_006": "野尻町221-4",
        "P27_007": 4,
        "P27_008": -99,
        "P27_009": 9999
      },
      "geometry": {
        "type": "Point",
        "coordinates": [
          135.523222,
          34.540425
        ]
      }
    },
    {
      "type": "Feature",
      "properties": {
        "P27_001": "27143",
        "P27_002": "3",
        "P27_003": "99999",
        "P27_004": "03120",
        "P27_005": "初芝体育館",
        "P27_006": "野尻町221-4",
        "P27_007": 4,
        "P27_008": -99,
        "P27_009": 9999
      },
      "geometry": {
        "type": "Point",
        "coordinates": [
          135.523222,
          34.540388
        ]
      }
    },
    {
      "type": "Feature",
      "properties": {
        "P27_001": "27143",
        "P27_002": "3",
        "P27_003": "99999",
        "P27_004": "03111",
        "P27_005": "初芝体育館",
        "P27_006": "野尻町221-4",
        "P27_007": 4,
        "P27_008": -99,
        "P27_009": 9999
      },
      "geometry": {
        "type": "Point",
        "coordinates": [
          135.523225,
          34.540317
        ]
      }
    },
    {
      "type": "Feature",
      "properties": {
        "P27_001": "27143",
        "P27_002": "3",
        "P27_003": "99999",
        "P27_004": "03113",
        "P27_005": "初芝体育館",
        "P27_006": "野尻町221-4",
        "P27_007": 4,
        "P27_008": -99,
        "P27_009": 9999
      },
      "geometry": {
        "type": "Point",
        "coordinates": [
          135.523222,
          34.540283
        ]
      }
    },
    {
      "type": "Feature",
      "properties": {
        "P27_001": "27143",
        "P27_002": "3",
        "P27_003": "99999",
        "P27_004": "03110",
        "P27_005": "初芝体育館",
        "P27_006": "野尻町221-4",
        "P27_007": 4,
        "P27_008": -99,
        "P27_009": 9999
      },
      "geometry": {
        "type": "Point",
        "coordinates": [
          135.523222,
          34.540249
        ]
      }
    },
    {
      "type": "Feature",
      "properties": {
        "P27_001": "27143",
        "P27_002": "3",
        "P27_003": "99999",
        "P27_004": "03130",
        "P27_005": "初芝体育館",
        "P27_006": "野尻町221-4",
        "P27_007": 4,
        "P27_008": -99,
        "P27_009": 9999
      },
      "geometry": {
        "type": "Point",
        "coordinates": [
          135.523216,
          34.540212
        ]
      }
    },
    {
      "type": "Feature",
      "properties": {
        "P27_001": "27143",
        "P27_002": "3",
        "P27_003": "99999",
        "P27_004": "03121",
        "P27_005": "初芝体育館",
        "P27_006": "野尻町221-4",
        "P27_007": 4,
        "P27_008": -99,
        "P27_009": 9999
      },
      "geometry": {
        "type": "Point",
        "coordinates": [
          135.523216,
          34.540175
        ]
      }
    },
    {
      "type": "Feature",
      "properties": {
        "P27_001": "27145",
        "P27_002": "3",
        "P27_003": "99999",
        "P27_004": "03109",
        "P27_005": "鴨谷体育館",
        "P27_006": "鴨谷台2丁4-1",
        "P27_007": 4,
        "P27_008": -99,
        "P27_009": 9999
      },
      "geometry": {
        "type": "Point",
        "coordinates": [
          135.478685,
          34.474253
        ]
      }
    },
    {
      "type": "Feature",
      "properties": {
        "P27_001": "27145",
        "P27_002": "3",
        "P27_003": "99999",
        "P27_004": "03129",
        "P27_005": "鴨谷体育館",
        "P27_006": "鴨谷台2丁4-1",
        "P27_007": 4,
        "P27_008": -99,
        "P27_009": 9999
      },
      "geometry": {
        "type": "Point",
        "coordinates": [
          135.478693,
          34.474189
        ]
      }
    },
    {
      "type": "Feature",
      "properties": {
        "P27_001": "27145",
        "P27_002": "3",
        "P27_003": "99999",
        "P27_004": "03120",
        "P27_005": "鴨谷体育館",
        "P27_006": "鴨谷台2丁4-1",
        "P27_007": 4,
        "P27_008": -99,
        "P27_009": 9999
      },
      "geometry": {
        "type": "Point",
        "coordinates": [
          135.478693,
          34.474126
        ]
      }
    },
    {
      "type": "Feature",
      "properties": {
        "P27_001": "27145",
        "P27_002": "3",
        "P27_003": "99999",
        "P27_004": "03116",
        "P27_005": "鴨谷体育館",
        "P27_006": "鴨谷台2丁4-1",
        "P27_007": 4,
        "P27_008": -99,
        "P27_009": 9999
      },
      "geometry": {
        "type": "Point",
        "coordinates": [
          135.478688,
          34.474057
        ]
      }
    },
    {
      "type": "Feature",
      "properties": {
        "P27_001": "27145",
        "P27_002": "3",
        "P27_003": "99999",
        "P27_004": "03111",
        "P27_005": "鴨谷体育館",
        "P27_006": "鴨谷台2丁4-1",
        "P27_007": 4,
        "P27_008": -99,
        "P27_009": 9999
      },
      "geometry": {
        "type": "Point",
        "coordinates": [
          135.478693,
          34.473993
        ]
      }
    },
    {
      "type": "Feature",
      "properties": {
        "P27_001": "27145",
        "P27_002": "3",
        "P27_003": "99999",
        "P27_004": "03113",
        "P27_005": "鴨谷体育館",
        "P27_006": "鴨谷台2丁4-1",
        "P27_007": 4,
        "P27_008": -99,
        "P27_009": 9999
      },
      "geometry": {
        "type": "Point",
        "coordinates": [
          135.478693,
          34.47393
        ]
      }
    },
    {
      "type": "Feature",
      "properties": {
        "P27_001": "27145",
        "P27_002": "3",
        "P27_003": "99999",
        "P27_004": "03110",
        "P27_005": "鴨谷体育館",
        "P27_006": "鴨谷台2丁4-1",
        "P27_007": 4,
        "P27_008": -99,
        "P27_009": 9999
      },
      "geometry": {
        "type": "Point",
        "coordinates": [
          135.478693,
          34.473866
        ]
      }
    },
    {
      "type": "Feature",
      "properties": {
        "P27_001": "27146",
        "P27_002": "3",
        "P27_003": "99999",
        "P27_004": "03109",
        "P27_005": "金岡公園体育館",
        "P27_006": "長曽根町1179-18（金岡公園内）",
        "P27_007": 4,
        "P27_008": -99,
        "P27_009": 9999
      },
      "geometry": {
        "type": "Point",
        "coordinates": [
          135.50642,
          34.570887
        ]
      }
    },
    {
      "type": "Feature",
      "properties": {
        "P27_001": "27146",
        "P27_002": "3",
        "P27_003": "99999",
        "P27_004": "03129",
        "P27_005": "金岡公園体育館",
        "P27_006": "長曽根町1179-18（金岡公園内）",
        "P27_007": 4,
        "P27_008": -99,
        "P27_009": 9999
      },
      "geometry": {
        "type": "Point",
        "coordinates": [
          135.50642,
          34.570814
        ]
      }
    },
    {
      "type": "Feature",
      "properties": {
        "P27_001": "27146",
        "P27_002": "3",
        "P27_003": "99999",
        "P27_004": "03120",
        "P27_005": "金岡公園体育館",
        "P27_006": "長曽根町1179-18（金岡公園内）",
        "P27_007": 4,
        "P27_008": -99,
        "P27_009": 9999
      },
      "geometry": {
        "type": "Point",
        "coordinates": [
          135.50642,
          34.570735
        ]
      }
    },
    {
      "type": "Feature",
      "properties": {
        "P27_001": "27146",
        "P27_002": "3",
        "P27_003": "99999",
        "P27_004": "03116",
        "P27_005": "金岡公園体育館",
        "P27_006": "長曽根町1179-18（金岡公園内）",
        "P27_007": 4,
        "P27_008": -99,
        "P27_009": 9999
      },
      "geometry": {
        "type": "Point",
        "coordinates": [
          135.50642,
          34.570657
        ]
      }
    },
    {
      "type": "Feature",
      "properties": {
        "P27_001": "27145",
        "P27_002": "3",
        "P27_003": "99999",
        "P27_004": "03106",
        "P27_005": "泉ヶ丘プール",
        "P27_006": "三原台2-9",
        "P27_007": 4,
        "P27_008": -99,
        "P27_009": 9999
      },
      "geometry": {
        "type": "Point",
        "coordinates": [
          135.515892,
          34.499268
        ]
      }
    },
    {
      "type": "Feature",
      "properties": {
        "P27_001": "27145",
        "P27_002": "3",
        "P27_003": "99999",
        "P27_004": "03107",
        "P27_005": "泉ヶ丘プール",
        "P27_006": "三原台2-9",
        "P27_007": 4,
        "P27_008": -99,
        "P27_009": 9999
      },
      "geometry": {
        "type": "Point",
        "coordinates": [
          135.515381,
          34.499684
        ]
      }
    },
    {
      "type": "Feature",
      "properties": {
        "P27_001": "27141",
        "P27_002": "3",
        "P27_003": "99999",
        "P27_004": "03106",
        "P27_005": "大浜公園プール",
        "P27_006": "大浜北町4丁3-50",
        "P27_007": 4,
        "P27_008": -99,
        "P27_009": 9999
      },
      "geometry": {
        "type": "Point",
        "coordinates": [
          135.461637,
          34.580545
        ]
      }
    },
    {
      "type": "Feature",
      "properties": {
        "P27_001": "27146",
        "P27_002": "3",
        "P27_003": "99999",
        "P27_004": "03106",
        "P27_005": "金岡公園プール",
        "P27_006": "長曽根町1179-18",
        "P27_007": 4,
        "P27_008": -99,
        "P27_009": 9999
      },
      "geometry": {
        "type": "Point",
        "coordinates": [
          135.508977,
          34.5703
        ]
      }
    },
    {
      "type": "Feature",
      "properties": {
        "P27_001": "27141",
        "P27_002": "3",
        "P27_003": "99999",
        "P27_004": "03115",
        "P27_005": "大浜公園テニスコート",
        "P27_006": "大浜北町4",
        "P27_007": 4,
        "P27_008": -99,
        "P27_009": 9999
      },
      "geometry": {
        "type": "Point",
        "coordinates": [
          135.460704,
          34.582057
        ]
      }
    },
    {
      "type": "Feature",
      "properties": {
        "P27_001": "27145",
        "P27_002": "3",
        "P27_003": "99999",
        "P27_004": "03115",
        "P27_005": "荒山テニスコート",
        "P27_006": "宮山台2丁3",
        "P27_007": 4,
        "P27_008": -99,
        "P27_009": 9999
      },
      "geometry": {
        "type": "Point",
        "coordinates": [
          135.497577,
          34.499407
        ]
      }
    },
    {
      "type": "Feature",
      "properties": {
        "P27_001": "27142",
        "P27_002": "3",
        "P27_003": "99999",
        "P27_004": "03115",
        "P27_005": "陶器テニスコート",
        "P27_006": "陶器北434",
        "P27_007": 4,
        "P27_008": -99,
        "P27_009": 9999
      },
      "geometry": {
        "type": "Point",
        "coordinates": [
          135.522208,
          34.519631
        ]
      }
    },
    {
      "type": "Feature",
      "properties": {
        "P27_001": "27143",
        "P27_002": "3",
        "P27_003": "99999",
        "P27_004": "03115",
        "P27_005": "初芝テニスコート",
        "P27_006": "野尻町221-4",
        "P27_007": 4,
        "P27_008": -99,
        "P27_009": 9999
      },
      "geometry": {
        "type": "Point",
        "coordinates": [
          135.522367,
          34.540557
        ]
      }
    },
    {
      "type": "Feature",
      "properties": {
        "P27_001": "27141",
        "P27_002": "3",
        "P27_003": "99999",
        "P27_004": "03115",
        "P27_005": "土居川公園テニスコート",
        "P27_006": "櫛屋町東4丁",
        "P27_007": 4,
        "P27_008": -99,
        "P27_009": 9999
      },
      "geometry": {
        "type": "Point",
        "coordinates": [
          135.481237,
          34.578357
        ]
      }
    },
    {
      "type": "Feature",
      "properties": {
        "P27_001": "27146",
        "P27_002": "3",
        "P27_003": "99999",
        "P27_004": "03115",
        "P27_005": "金岡公園テニスコート",
        "P27_006": "長曽根町1179-18（金岡公園内）",
        "P27_007": 4,
        "P27_008": -99,
        "P27_009": 9999
      },
      "geometry": {
        "type": "Point",
        "coordinates": [
          135.508446,
          34.568896
        ]
      }
    },
    {
      "type": "Feature",
      "properties": {
        "P27_001": "27145",
        "P27_002": "3",
        "P27_003": "99999",
        "P27_004": "03102",
        "P27_005": "堺市青少年の家",
        "P27_006": "片蔵32",
        "P27_007": 3,
        "P27_008": -99,
        "P27_009": 9999
      },
      "geometry": {
        "type": "Point",
        "coordinates": [
          135.503696,
          34.486379
        ]
      }
    },
    {
      "type": "Feature",
      "properties": {
        "P27_001": "27145",
        "P27_002": "3",
        "P27_003": "99999",
        "P27_004": "03103",
        "P27_005": "堺市青少年の家",
        "P27_006": "片蔵32",
        "P27_007": 3,
        "P27_008": -99,
        "P27_009": 9999
      },
      "geometry": {
        "type": "Point",
        "coordinates": [
          135.503702,
          34.486279
        ]
      }
    },
    {
      "type": "Feature",
      "properties": {
        "P27_001": "27145",
        "P27_002": "3",
        "P27_003": "99999",
        "P27_004": "03111",
        "P27_005": "堺市青少年の家",
        "P27_006": "片蔵32",
        "P27_007": 3,
        "P27_008": -99,
        "P27_009": 9999
      },
      "geometry": {
        "type": "Point",
        "coordinates": [
          135.503764,
          34.485828
        ]
      }
    },
    {
      "type": "Feature",
      "properties": {
        "P27_001": "27145",
        "P27_002": "3",
        "P27_003": "99999",
        "P27_004": "03113",
        "P27_005": "堺市青少年の家",
        "P27_006": "片蔵32",
        "P27_007": 3,
        "P27_008": -99,
        "P27_009": 9999
      },
      "geometry": {
        "type": "Point",
        "coordinates": [
          135.503761,
          34.485789
        ]
      }
    },
    {
      "type": "Feature",
      "properties": {
        "P27_001": "27145",
        "P27_002": "3",
        "P27_003": "99999",
        "P27_004": "03110",
        "P27_005": "堺市青少年の家",
        "P27_006": "片蔵32",
        "P27_007": 3,
        "P27_008": -99,
        "P27_009": 9999
      },
      "geometry": {
        "type": "Point",
        "coordinates": [
          135.503758,
          34.485745
        ]
      }
    },
    {
      "type": "Feature",
      "properties": {
        "P27_001": "27146",
        "P27_002": "3",
        "P27_003": "99999",
        "P27_004": "03102",
        "P27_005": "白鷺公園運動広場",
        "P27_006": "中百舌鳥町7丁（白鷺公園内）",
        "P27_007": 4,
        "P27_008": -99,
        "P27_009": 9999
      },
      "geometry": {
        "type": "Point",
        "coordinates": [
          135.512151,
          34.54706
        ]
      }
    },
    {
      "type": "Feature",
      "properties": {
        "P27_001": "27146",
        "P27_002": "3",
        "P27_003": "99999",
        "P27_004": "03104",
        "P27_005": "白鷺公園運動広場",
        "P27_006": "中百舌鳥町7丁（白鷺公園内）",
        "P27_007": 4,
        "P27_008": -99,
        "P27_009": 9999
      },
      "geometry": {
        "type": "Point",
        "coordinates": [
          135.512151,
          34.546962
        ]
      }
    },
    {
      "type": "Feature",
      "properties": {
        "P27_001": "27145",
        "P27_002": "3",
        "P27_003": "99999",
        "P27_004": "03102",
        "P27_005": "西原公園自由広場",
        "P27_006": "桃山台1、2丁",
        "P27_007": 3,
        "P27_008": -99,
        "P27_009": 9999
      },
      "geometry": {
        "type": "Point",
        "coordinates": [
          135.490634,
          34.48768
        ]
      }
    },
    {
      "type": "Feature",
      "properties": {
        "P27_001": "27145",
        "P27_002": "3",
        "P27_003": "99999",
        "P27_004": "03103",
        "P27_005": "西原公園自由広場",
        "P27_006": "桃山台1、2丁",
        "P27_007": 3,
        "P27_008": -99,
        "P27_009": 9999
      },
      "geometry": {
        "type": "Point",
        "coordinates": [
          135.49064,
          34.487572
        ]
      }
    },
    {
      "type": "Feature",
      "properties": {
        "P27_001": "27145",
        "P27_002": "3",
        "P27_003": "99999",
        "P27_004": "03104",
        "P27_005": "西原公園自由広場",
        "P27_006": "桃山台1、2丁",
        "P27_007": 3,
        "P27_008": -99,
        "P27_009": 9999
      },
      "geometry": {
        "type": "Point",
        "coordinates": [
          135.490646,
          34.487464
        ]
      }
    },
    {
      "type": "Feature",
      "properties": {
        "P27_001": "27145",
        "P27_002": "3",
        "P27_003": "99999",
        "P27_004": "03102",
        "P27_005": "田園公園自由広場",
        "P27_006": "三原台1、2丁",
        "P27_007": 3,
        "P27_008": -99,
        "P27_009": 9999
      },
      "geometry": {
        "type": "Point",
        "coordinates": [
          135.515936,
          34.501295
        ]
      }
    },
    {
      "type": "Feature",
      "properties": {
        "P27_001": "27145",
        "P27_002": "3",
        "P27_003": "99999",
        "P27_004": "03103",
        "P27_005": "田園公園自由広場",
        "P27_006": "三原台1、2丁",
        "P27_007": 3,
        "P27_008": -99,
        "P27_009": 9999
      },
      "geometry": {
        "type": "Point",
        "coordinates": [
          135.515936,
          34.501202
        ]
      }
    },
    {
      "type": "Feature",
      "properties": {
        "P27_001": "27141",
        "P27_002": "3",
        "P27_003": "99999",
        "P27_004": "03104",
        "P27_005": "青少年運動広場",
        "P27_006": "協和町2丁61-1",
        "P27_007": 3,
        "P27_008": -99,
        "P27_009": 9999
      },
      "geometry": {
        "type": "Point",
        "coordinates": [
          135.469099,
          34.56405
        ]
      }
    },
    {
      "type": "Feature",
      "properties": {
        "P27_001": "27145",
        "P27_002": "3",
        "P27_003": "99999",
        "P27_004": "03102",
        "P27_005": "鴨谷野球場",
        "P27_006": "鴨谷台2-4-1",
        "P27_007": 4,
        "P27_008": -99,
        "P27_009": 9999
      },
      "geometry": {
        "type": "Point",
        "coordinates": [
          135.478729,
          34.475497
        ]
      }
    },
    {
      "type": "Feature",
      "properties": {
        "P27_001": "27146",
        "P27_002": "3",
        "P27_003": "99999",
        "P27_004": "03102",
        "P27_005": "白鷺公園野球場",
        "P27_006": "中百舌鳥町7丁白鷺公園内",
        "P27_007": 4,
        "P27_008": -99,
        "P27_009": 9999
      },
      "geometry": {
        "type": "Point",
        "coordinates": [
          135.512596,
          34.546184
        ]
      }
    },
    {
      "type": "Feature",
      "properties": {
        "P27_001": "27141",
        "P27_002": "3",
        "P27_003": "99999",
        "P27_004": "03102",
        "P27_005": "浅香山公園野球場",
        "P27_006": "浅香山2",
        "P27_007": 4,
        "P27_008": -99,
        "P27_009": 9999
      },
      "geometry": {
        "type": "Point",
        "coordinates": [
          135.499018,
          34.586463
        ]
      }
    },
    {
      "type": "Feature",
      "properties": {
        "P27_001": "27145",
        "P27_002": "3",
        "P27_003": "99999",
        "P27_004": "03102",
        "P27_005": "晴美公園野球場",
        "P27_006": "晴美台3丁",
        "P27_007": 3,
        "P27_008": -99,
        "P27_009": 9999
      },
      "geometry": {
        "type": "Point",
        "coordinates": [
          135.530401,
          34.487695
        ]
      }
    },
    {
      "type": "Feature",
      "properties": {
        "P27_001": "27145",
        "P27_002": "3",
        "P27_003": "99999",
        "P27_004": "03102",
        "P27_005": "庭代公園野球場",
        "P27_006": "庭代台2、3丁",
        "P27_007": 3,
        "P27_008": -99,
        "P27_009": 9999
      },
      "geometry": {
        "type": "Point",
        "coordinates": [
          135.495984,
          34.476213
        ]
      }
    },
    {
      "type": "Feature",
      "properties": {
        "P27_001": "27145",
        "P27_002": "3",
        "P27_003": "99999",
        "P27_004": "03102",
        "P27_005": "茶山公園野球場",
        "P27_006": "茶山台3丁",
        "P27_007": 3,
        "P27_008": -99,
        "P27_009": 9999
      },
      "geometry": {
        "type": "Point",
        "coordinates": [
          135.518439,
          34.488094
        ]
      }
    },
    {
      "type": "Feature",
      "properties": {
        "P27_001": "27142",
        "P27_002": "3",
        "P27_003": "99999",
        "P27_004": "03102",
        "P27_005": "陶器野球場",
        "P27_006": "陶器北434",
        "P27_007": 4,
        "P27_008": -99,
        "P27_009": 9999
      },
      "geometry": {
        "type": "Point",
        "coordinates": [
          135.523093,
          34.519465
        ]
      }
    },
    {
      "type": "Feature",
      "properties": {
        "P27_001": "27143",
        "P27_002": "3",
        "P27_003": "99999",
        "P27_004": "03102",
        "P27_005": "初芝野球場",
        "P27_006": "野尻町221-4",
        "P27_007": 4,
        "P27_008": -99,
        "P27_009": 9999
      },
      "geometry": {
        "type": "Point",
        "coordinates": [
          135.522934,
          34.541135
        ]
      }
    },
    {
      "type": "Feature",
      "properties": {
        "P27_001": "27141",
        "P27_002": "3",
        "P27_003": "99999",
        "P27_004": "03102",
        "P27_005": "三宝公園野球場",
        "P27_006": "山本町4",
        "P27_007": 4,
        "P27_008": -99,
        "P27_009": 9999
      },
      "geometry": {
        "type": "Point",
        "coordinates": [
          135.469837,
          34.589322
        ]
      }
    },
    {
      "type": "Feature",
      "properties": {
        "P27_001": "27141",
        "P27_002": "3",
        "P27_003": "99999",
        "P27_004": "03102",
        "P27_005": "大浜公園野球場",
        "P27_006": "大浜北町4-3-50",
        "P27_007": 4,
        "P27_008": -99,
        "P27_009": 9999
      },
      "geometry": {
        "type": "Point",
        "coordinates": [
          135.460267,
          34.578789
        ]
      }
    },
    {
      "type": "Feature",
      "properties": {
        "P27_001": "27146",
        "P27_002": "3",
        "P27_003": "99999",
        "P27_004": "03102",
        "P27_005": "金岡公園野球場",
        "P27_006": "長曽根町1179-18（金岡公園内）",
        "P27_007": 4,
        "P27_008": -99,
        "P27_009": 9999
      },
      "geometry": {
        "type": "Point",
        "coordinates": [
          135.508838,
          34.572643
        ]
      }
    },
    {
      "type": "Feature",
      "properties": {
        "P27_001": "27146",
        "P27_002": "3",
        "P27_003": "99999",
        "P27_004": "03101",
        "P27_005": "金岡公園陸上競技場",
        "P27_006": "長曽根町1179-18（金岡公園内）",
        "P27_007": 4,
        "P27_008": -99,
        "P27_009": 9999
      },
      "geometry": {
        "type": "Point",
        "coordinates": [
          135.50762,
          34.570549
        ]
      }
    },
    {
      "type": "Feature",
      "properties": {
        "P27_001": "27383",
        "P27_002": "3",
        "P27_003": "99999",
        "P27_004": "03142",
        "P27_005": "千早赤阪村立野外活動センター（休止中）",
        "P27_006": "東阪255-1",
        "P27_007": 4,
        "P27_008": -99,
        "P27_009": 9999
      },
      "geometry": {
        "type": "Point",
        "coordinates": [
          135.616389,
          34.449075
        ]
      }
    },
    {
      "type": "Feature",
      "properties": {
        "P27_001": "27383",
        "P27_002": "3",
        "P27_003": "99999",
        "P27_004": "03129",
        "P27_005": "千早赤阪村Ｂ＆Ｇ海洋センター",
        "P27_006": "東阪255-1",
        "P27_007": 4,
        "P27_008": -99,
        "P27_009": 9999
      },
      "geometry": {
        "type": "Point",
        "coordinates": [
          135.616687,
          34.450035
        ]
      }
    },
    {
      "type": "Feature",
      "properties": {
        "P27_001": "27383",
        "P27_002": "3",
        "P27_003": "99999",
        "P27_004": "03109",
        "P27_005": "千早赤阪村Ｂ＆Ｇ海洋センター",
        "P27_006": "東阪255-1",
        "P27_007": 4,
        "P27_008": -99,
        "P27_009": 9999
      },
      "geometry": {
        "type": "Point",
        "coordinates": [
          135.616687,
          34.449971
        ]
      }
    },
    {
      "type": "Feature",
      "properties": {
        "P27_001": "27383",
        "P27_002": "3",
        "P27_003": "99999",
        "P27_004": "03120",
        "P27_005": "千早赤阪村Ｂ＆Ｇ海洋センター",
        "P27_006": "東阪255-1",
        "P27_007": 4,
        "P27_008": -99,
        "P27_009": 9999
      },
      "geometry": {
        "type": "Point",
        "coordinates": [
          135.616687,
          34.449908
        ]
      }
    },
    {
      "type": "Feature",
      "properties": {
        "P27_001": "27383",
        "P27_002": "3",
        "P27_003": "99999",
        "P27_004": "03110",
        "P27_005": "千早赤阪村Ｂ＆Ｇ海洋センター",
        "P27_006": "東阪255-1",
        "P27_007": 4,
        "P27_008": -99,
        "P27_009": 9999
      },
      "geometry": {
        "type": "Point",
        "coordinates": [
          135.616693,
          34.449844
        ]
      }
    },
    {
      "type": "Feature",
      "properties": {
        "P27_001": "27383",
        "P27_002": "3",
        "P27_003": "99999",
        "P27_004": "03111",
        "P27_005": "千早赤阪村Ｂ＆Ｇ海洋センター",
        "P27_006": "東阪255-1",
        "P27_007": 4,
        "P27_008": -99,
        "P27_009": 9999
      },
      "geometry": {
        "type": "Point",
        "coordinates": [
          135.616693,
          34.449776
        ]
      }
    },
    {
      "type": "Feature",
      "properties": {
        "P27_001": "27383",
        "P27_002": "3",
        "P27_003": "99999",
        "P27_004": "03113",
        "P27_005": "千早赤阪村Ｂ＆Ｇ海洋センター",
        "P27_006": "東阪255-1",
        "P27_007": 4,
        "P27_008": -99,
        "P27_009": 9999
      },
      "geometry": {
        "type": "Point",
        "coordinates": [
          135.616687,
          34.449712
        ]
      }
    },
    {
      "type": "Feature",
      "properties": {
        "P27_001": "27383",
        "P27_002": "3",
        "P27_003": "99999",
        "P27_004": "03132",
        "P27_005": "千早赤阪村Ｂ＆Ｇ海洋センター",
        "P27_006": "東阪255-1",
        "P27_007": 4,
        "P27_008": -99,
        "P27_009": 9999
      },
      "geometry": {
        "type": "Point",
        "coordinates": [
          135.616687,
          34.449653
        ]
      }
    },
    {
      "type": "Feature",
      "properties": {
        "P27_001": "27383",
        "P27_002": "3",
        "P27_003": "99999",
        "P27_004": "03105",
        "P27_005": "千早赤阪村Ｂ＆Ｇ海洋センタープール",
        "P27_006": "東阪255-1",
        "P27_007": 4,
        "P27_008": -99,
        "P27_009": 9999
      },
      "geometry": {
        "type": "Point",
        "coordinates": [
          135.616841,
          34.450241
        ]
      }
    },
    {
      "type": "Feature",
      "properties": {
        "P27_001": "27383",
        "P27_002": "3",
        "P27_003": "99999",
        "P27_004": "03115",
        "P27_005": "千早赤阪村立テニスコート",
        "P27_006": "大字東阪121-1",
        "P27_007": 4,
        "P27_008": -99,
        "P27_009": 9999
      },
      "geometry": {
        "type": "Point",
        "coordinates": [
          135.616264,
          34.451157
        ]
      }
    },
    {
      "type": "Feature",
      "properties": {
        "P27_001": "27383",
        "P27_002": "3",
        "P27_003": "99999",
        "P27_004": "03102",
        "P27_005": "千早赤阪村立村民運動場",
        "P27_006": "大字東阪117-5",
        "P27_007": 4,
        "P27_008": -99,
        "P27_009": 9999
      },
      "geometry": {
        "type": "Point",
        "coordinates": [
          135.615454,
          34.450756
        ]
      }
    },
    {
      "type": "Feature",
      "properties": {
        "P27_001": "27383",
        "P27_002": "3",
        "P27_003": "99999",
        "P27_004": "03103",
        "P27_005": "千早赤阪村立村民運動場",
        "P27_006": "大字東阪117-5",
        "P27_007": 4,
        "P27_008": -99,
        "P27_009": 9999
      },
      "geometry": {
        "type": "Point",
        "coordinates": [
          135.615451,
          34.450648
        ]
      }
    },
    {
      "type": "Feature",
      "properties": {
        "P27_001": "27147",
        "P27_002": "3",
        "P27_003": "99999",
        "P27_004": "03140",
        "P27_005": "美原Ｂ＆Ｇ海洋センター艇庫",
        "P27_006": "小平尾405-1",
        "P27_007": 4,
        "P27_008": -99,
        "P27_009": 9999
      },
      "geometry": {
        "type": "Point",
        "coordinates": [
          135.564002,
          34.539314
        ]
      }
    },
    {
      "type": "Feature",
      "properties": {
        "P27_001": "27147",
        "P27_002": "3",
        "P27_003": "99999",
        "P27_004": "03137",
        "P27_005": "美原Ｂ＆Ｇ海洋センター艇庫",
        "P27_006": "小平尾405-1",
        "P27_007": 4,
        "P27_008": -99,
        "P27_009": 9999
      },
      "geometry": {
        "type": "Point",
        "coordinates": [
          135.564002,
          34.539451
        ]
      }
    },
    {
      "type": "Feature",
      "properties": {
        "P27_001": "27147",
        "P27_002": "3",
        "P27_003": "99999",
        "P27_004": "03109",
        "P27_005": "堺市立美原体育館",
        "P27_006": "多治井878-1",
        "P27_007": 4,
        "P27_008": -99,
        "P27_009": 9999
      },
      "geometry": {
        "type": "Point",
        "coordinates": [
          135.566993,
          34.543019
        ]
      }
    },
    {
      "type": "Feature",
      "properties": {
        "P27_001": "27147",
        "P27_002": "3",
        "P27_003": "99999",
        "P27_004": "03129",
        "P27_005": "堺市立美原体育館",
        "P27_006": "多治井878-1",
        "P27_007": 4,
        "P27_008": -99,
        "P27_009": 9999
      },
      "geometry": {
        "type": "Point",
        "coordinates": [
          135.566999,
          34.54295
        ]
      }
    },
    {
      "type": "Feature",
      "properties": {
        "P27_001": "27147",
        "P27_002": "3",
        "P27_003": "99999",
        "P27_004": "03116",
        "P27_005": "堺市立美原体育館",
        "P27_006": "多治井878-1",
        "P27_007": 4,
        "P27_008": -99,
        "P27_009": 9999
      },
      "geometry": {
        "type": "Point",
        "coordinates": [
          135.566999,
          34.542877
        ]
      }
    },
    {
      "type": "Feature",
      "properties": {
        "P27_001": "27147",
        "P27_002": "3",
        "P27_003": "99999",
        "P27_004": "03110",
        "P27_005": "堺市立美原体育館",
        "P27_006": "多治井878-1",
        "P27_007": 4,
        "P27_008": -99,
        "P27_009": 9999
      },
      "geometry": {
        "type": "Point",
        "coordinates": [
          135.566999,
          34.542809
        ]
      }
    },
    {
      "type": "Feature",
      "properties": {
        "P27_001": "27147",
        "P27_002": "3",
        "P27_003": "99999",
        "P27_004": "03120",
        "P27_005": "堺市立美原体育館",
        "P27_006": "多治井878-1",
        "P27_007": 4,
        "P27_008": -99,
        "P27_009": 9999
      },
      "geometry": {
        "type": "Point",
        "coordinates": [
          135.566999,
          34.542735
        ]
      }
    },
    {
      "type": "Feature",
      "properties": {
        "P27_001": "27147",
        "P27_002": "3",
        "P27_003": "99999",
        "P27_004": "03111",
        "P27_005": "堺市立美原体育館",
        "P27_006": "多治井878-1",
        "P27_007": 4,
        "P27_008": -99,
        "P27_009": 9999
      },
      "geometry": {
        "type": "Point",
        "coordinates": [
          135.566999,
          34.542662
        ]
      }
    },
    {
      "type": "Feature",
      "properties": {
        "P27_001": "27147",
        "P27_002": "3",
        "P27_003": "99999",
        "P27_004": "03109",
        "P27_005": "美原Ｂ＆Ｇ海洋センター体育館",
        "P27_006": "阿弥377-1",
        "P27_007": 4,
        "P27_008": -99,
        "P27_009": 9999
      },
      "geometry": {
        "type": "Point",
        "coordinates": [
          135.552203,
          34.532023
        ]
      }
    },
    {
      "type": "Feature",
      "properties": {
        "P27_001": "27147",
        "P27_002": "3",
        "P27_003": "99999",
        "P27_004": "03116",
        "P27_005": "美原Ｂ＆Ｇ海洋センター体育館",
        "P27_006": "阿弥377-1",
        "P27_007": 4,
        "P27_008": -99,
        "P27_009": 9999
      },
      "geometry": {
        "type": "Point",
        "coordinates": [
          135.552209,
          34.531954
        ]
      }
    },
    {
      "type": "Feature",
      "properties": {
        "P27_001": "27147",
        "P27_002": "3",
        "P27_003": "99999",
        "P27_004": "03120",
        "P27_005": "美原Ｂ＆Ｇ海洋センター体育館",
        "P27_006": "阿弥377-1",
        "P27_007": 4,
        "P27_008": -99,
        "P27_009": 9999
      },
      "geometry": {
        "type": "Point",
        "coordinates": [
          135.552203,
          34.531876
        ]
      }
    },
    {
      "type": "Feature",
      "properties": {
        "P27_001": "27147",
        "P27_002": "3",
        "P27_003": "99999",
        "P27_004": "03111",
        "P27_005": "美原Ｂ＆Ｇ海洋センター体育館",
        "P27_006": "阿弥377-1",
        "P27_007": 4,
        "P27_008": -99,
        "P27_009": 9999
      },
      "geometry": {
        "type": "Point",
        "coordinates": [
          135.552203,
          34.531802
        ]
      }
    },
    {
      "type": "Feature",
      "properties": {
        "P27_001": "27147",
        "P27_002": "3",
        "P27_003": "99999",
        "P27_004": "03105",
        "P27_005": "美原Ｂ＆Ｇ海洋センター第１プール",
        "P27_006": "小平尾405-1",
        "P27_007": 4,
        "P27_008": -99,
        "P27_009": 9999
      },
      "geometry": {
        "type": "Point",
        "coordinates": [
          135.564002,
          34.537728
        ]
      }
    },
    {
      "type": "Feature",
      "properties": {
        "P27_001": "27147",
        "P27_002": "3",
        "P27_003": "99999",
        "P27_004": "03105",
        "P27_005": "美原Ｂ＆Ｇ海洋センター第２プール",
        "P27_006": "北余部324",
        "P27_007": 4,
        "P27_008": -99,
        "P27_009": 9999
      },
      "geometry": {
        "type": "Point",
        "coordinates": [
          135.548376,
          34.542135
        ]
      }
    },
    {
      "type": "Feature",
      "properties": {
        "P27_001": "27147",
        "P27_002": "3",
        "P27_003": "99999",
        "P27_004": "03115",
        "P27_005": "美原さつき野運動広場テニスコート",
        "P27_006": "さつき野西2-1474-70",
        "P27_007": 4,
        "P27_008": -99,
        "P27_009": 9999
      },
      "geometry": {
        "type": "Point",
        "coordinates": [
          135.580327,
          34.530389
        ]
      }
    },
    {
      "type": "Feature",
      "properties": {
        "P27_001": "27147",
        "P27_002": "3",
        "P27_003": "99999",
        "P27_004": "03115",
        "P27_005": "美原みの池運動広場テニスコート",
        "P27_006": "阿弥377-1",
        "P27_007": 4,
        "P27_008": -99,
        "P27_009": 9999
      },
      "geometry": {
        "type": "Point",
        "coordinates": [
          135.551395,
          34.531612
        ]
      }
    },
    {
      "type": "Feature",
      "properties": {
        "P27_001": "27147",
        "P27_002": "3",
        "P27_003": "99999",
        "P27_004": "03115",
        "P27_005": "美原多治井運動広場テニスコート",
        "P27_006": "多治井878-3",
        "P27_007": 4,
        "P27_008": -99,
        "P27_009": 9999
      },
      "geometry": {
        "type": "Point",
        "coordinates": [
          135.568292,
          34.543597
        ]
      }
    },
    {
      "type": "Feature",
      "properties": {
        "P27_001": "27147",
        "P27_002": "3",
        "P27_003": "99999",
        "P27_004": "03102",
        "P27_005": "美原多治井運動広場運動場",
        "P27_006": "多治井878-3",
        "P27_007": 4,
        "P27_008": -99,
        "P27_009": 9999
      },
      "geometry": {
        "type": "Point",
        "coordinates": [
          135.567611,
          34.543469
        ]
      }
    },
    {
      "type": "Feature",
      "properties": {
        "P27_001": "27147",
        "P27_002": "3",
        "P27_003": "99999",
        "P27_004": "03103",
        "P27_005": "美原多治井運動広場運動場",
        "P27_006": "多治井878-3",
        "P27_007": 4,
        "P27_008": -99,
        "P27_009": 9999
      },
      "geometry": {
        "type": "Point",
        "coordinates": [
          135.567605,
          34.543371
        ]
      }
    },
    {
      "type": "Feature",
      "properties": {
        "P27_001": "27147",
        "P27_002": "3",
        "P27_003": "99999",
        "P27_004": "03102",
        "P27_005": "美原さつき野運動広場野球場",
        "P27_006": "さつき野西2-1474-70",
        "P27_007": 4,
        "P27_008": -99,
        "P27_009": 9999
      },
      "geometry": {
        "type": "Point",
        "coordinates": [
          135.580119,
          34.531216
        ]
      }
    },
    {
      "type": "Feature",
      "properties": {
        "P27_001": "27147",
        "P27_002": "3",
        "P27_003": "99999",
        "P27_004": "03102",
        "P27_005": "美原みの池運動広場野球場",
        "P27_006": "阿弥377-1",
        "P27_007": 4,
        "P27_008": -99,
        "P27_009": 9999
      },
      "geometry": {
        "type": "Point",
        "coordinates": [
          135.551799,
          34.530912
        ]
      }
    },
    {
      "type": "Feature",
      "properties": {
        "P27_001": "27382",
        "P27_002": "3",
        "P27_003": "99999",
        "P27_004": "03142",
        "P27_005": "河南町野外活動施設かつらぎ自然の家（休止中）",
        "P27_006": "大字下河内177",
        "P27_007": 3,
        "P27_008": -99,
        "P27_009": 9999
      },
      "geometry": {
        "type": "Point",
        "coordinates": [
          135.650762,
          34.472555
        ]
      }
    },
    {
      "type": "Feature",
      "properties": {
        "P27_001": "27382",
        "P27_002": "3",
        "P27_003": "99999",
        "P27_004": "03128",
        "P27_005": "河南町野外活動施設かつらぎ自然の家（休止中）",
        "P27_006": "大字下河内177",
        "P27_007": 3,
        "P27_008": -99,
        "P27_009": 9999
      },
      "geometry": {
        "type": "Point",
        "coordinates": [
          135.650664,
          34.472631
        ]
      }
    },
    {
      "type": "Feature",
      "properties": {
        "P27_001": "27382",
        "P27_002": "3",
        "P27_003": "99999",
        "P27_004": "03109",
        "P27_005": "河南町立総合体育館（ぷくぷくドーム）",
        "P27_006": "大字寺田580",
        "P27_007": 3,
        "P27_008": -99,
        "P27_009": 9999
      },
      "geometry": {
        "type": "Point",
        "coordinates": [
          135.634987,
          34.496063
        ]
      }
    },
    {
      "type": "Feature",
      "properties": {
        "P27_001": "27382",
        "P27_002": "3",
        "P27_003": "99999",
        "P27_004": "03120",
        "P27_005": "河南町立総合体育館（ぷくぷくドーム）",
        "P27_006": "大字寺田580",
        "P27_007": 3,
        "P27_008": -99,
        "P27_009": 9999
      },
      "geometry": {
        "type": "Point",
        "coordinates": [
          135.634987,
          34.49599
        ]
      }
    },
    {
      "type": "Feature",
      "properties": {
        "P27_001": "27382",
        "P27_002": "3",
        "P27_003": "99999",
        "P27_004": "03116",
        "P27_005": "河南町立総合体育館（ぷくぷくドーム）",
        "P27_006": "大字寺田580",
        "P27_007": 3,
        "P27_008": -99,
        "P27_009": 9999
      },
      "geometry": {
        "type": "Point",
        "coordinates": [
          135.634987,
          34.495916
        ]
      }
    },
    {
      "type": "Feature",
      "properties": {
        "P27_001": "27382",
        "P27_002": "3",
        "P27_003": "99999",
        "P27_004": "03111",
        "P27_005": "河南町立総合体育館（ぷくぷくドーム）",
        "P27_006": "大字寺田580",
        "P27_007": 3,
        "P27_008": -99,
        "P27_009": 9999
      },
      "geometry": {
        "type": "Point",
        "coordinates": [
          135.634981,
          34.495848
        ]
      }
    },
    {
      "type": "Feature",
      "properties": {
        "P27_001": "27382",
        "P27_002": "3",
        "P27_003": "99999",
        "P27_004": "03113",
        "P27_005": "河南町立総合体育館（ぷくぷくドーム）",
        "P27_006": "大字寺田580",
        "P27_007": 3,
        "P27_008": -99,
        "P27_009": 9999
      },
      "geometry": {
        "type": "Point",
        "coordinates": [
          135.634981,
          34.495774
        ]
      }
    },
    {
      "type": "Feature",
      "properties": {
        "P27_001": "27382",
        "P27_002": "3",
        "P27_003": "99999",
        "P27_004": "03132",
        "P27_005": "河南町立総合体育館（ぷくぷくドーム）",
        "P27_006": "大字寺田580",
        "P27_007": 3,
        "P27_008": -99,
        "P27_009": 9999
      },
      "geometry": {
        "type": "Point",
        "coordinates": [
          135.634981,
          34.495706
        ]
      }
    },
    {
      "type": "Feature",
      "properties": {
        "P27_001": "27382",
        "P27_002": "3",
        "P27_003": "99999",
        "P27_004": "03120",
        "P27_005": "河南町青少年スポーツセンター",
        "P27_006": "大字白木1251",
        "P27_007": 3,
        "P27_008": -99,
        "P27_009": 9999
      },
      "geometry": {
        "type": "Point",
        "coordinates": [
          135.629922,
          34.490263
        ]
      }
    },
    {
      "type": "Feature",
      "properties": {
        "P27_001": "27382",
        "P27_002": "3",
        "P27_003": "99999",
        "P27_004": "03111",
        "P27_005": "河南町青少年スポーツセンター",
        "P27_006": "大字白木1251",
        "P27_007": 3,
        "P27_008": -99,
        "P27_009": 9999
      },
      "geometry": {
        "type": "Point",
        "coordinates": [
          135.629922,
          34.490229
        ]
      }
    },
    {
      "type": "Feature",
      "properties": {
        "P27_001": "27382",
        "P27_002": "3",
        "P27_003": "99999",
        "P27_004": "03110",
        "P27_005": "河南町青少年スポーツセンター",
        "P27_006": "大字白木1251",
        "P27_007": 3,
        "P27_008": -99,
        "P27_009": 9999
      },
      "geometry": {
        "type": "Point",
        "coordinates": [
          135.629922,
          34.490197
        ]
      }
    },
    {
      "type": "Feature",
      "properties": {
        "P27_001": "27382",
        "P27_002": "3",
        "P27_003": "99999",
        "P27_004": "03109",
        "P27_005": "河南町立町民体育館",
        "P27_006": "大字白木1250-1",
        "P27_007": 3,
        "P27_008": -99,
        "P27_009": 9999
      },
      "geometry": {
        "type": "Point",
        "coordinates": [
          135.629959,
          34.489856
        ]
      }
    },
    {
      "type": "Feature",
      "properties": {
        "P27_001": "27382",
        "P27_002": "3",
        "P27_003": "99999",
        "P27_004": "03120",
        "P27_005": "河南町立町民体育館",
        "P27_006": "大字白木1250-1",
        "P27_007": 3,
        "P27_008": -99,
        "P27_009": 9999
      },
      "geometry": {
        "type": "Point",
        "coordinates": [
          135.629959,
          34.489787
        ]
      }
    },
    {
      "type": "Feature",
      "properties": {
        "P27_001": "27382",
        "P27_002": "3",
        "P27_003": "99999",
        "P27_004": "03111",
        "P27_005": "河南町立町民体育館",
        "P27_006": "大字白木1250-1",
        "P27_007": 3,
        "P27_008": -99,
        "P27_009": 9999
      },
      "geometry": {
        "type": "Point",
        "coordinates": [
          135.629959,
          34.489714
        ]
      }
    },
    {
      "type": "Feature",
      "properties": {
        "P27_001": "27382",
        "P27_002": "3",
        "P27_003": "99999",
        "P27_004": "03106",
        "P27_005": "河南町立プール",
        "P27_006": "大字白木1245",
        "P27_007": 3,
        "P27_008": -99,
        "P27_009": 9999
      },
      "geometry": {
        "type": "Point",
        "coordinates": [
          135.629604,
          34.490091
        ]
      }
    },
    {
      "type": "Feature",
      "properties": {
        "P27_001": "27382",
        "P27_002": "3",
        "P27_003": "99999",
        "P27_004": "03115",
        "P27_005": "河南町立テニスコート",
        "P27_006": "大字白木1308-1",
        "P27_007": 3,
        "P27_008": -99,
        "P27_009": 9999
      },
      "geometry": {
        "type": "Point",
        "coordinates": [
          135.628774,
          34.491569
        ]
      }
    },
    {
      "type": "Feature",
      "properties": {
        "P27_001": "27382",
        "P27_002": "3",
        "P27_003": "99999",
        "P27_004": "03102",
        "P27_005": "河南町立石川スポーツ公園",
        "P27_006": "大字一須賀（石川河川敷内）",
        "P27_007": 3,
        "P27_008": -99,
        "P27_009": 9999
      },
      "geometry": {
        "type": "Point",
        "coordinates": [
          135.61869,
          34.510776
        ]
      }
    },
    {
      "type": "Feature",
      "properties": {
        "P27_001": "27382",
        "P27_002": "3",
        "P27_003": "99999",
        "P27_004": "03103",
        "P27_005": "河南町立石川スポーツ公園",
        "P27_006": "大字一須賀（石川河川敷内）",
        "P27_007": 3,
        "P27_008": -99,
        "P27_009": 9999
      },
      "geometry": {
        "type": "Point",
        "coordinates": [
          135.618851,
          34.511412
        ]
      }
    },
    {
      "type": "Feature",
      "properties": {
        "P27_001": "27382",
        "P27_002": "3",
        "P27_003": "99999",
        "P27_004": "03104",
        "P27_005": "河南町立石川スポーツ公園",
        "P27_006": "大字一須賀（石川河川敷内）",
        "P27_007": 3,
        "P27_008": -99,
        "P27_009": 9999
      },
      "geometry": {
        "type": "Point",
        "coordinates": [
          135.618857,
          34.5115
        ]
      }
    },
    {
      "type": "Feature",
      "properties": {
        "P27_001": "27382",
        "P27_002": "3",
        "P27_003": "99999",
        "P27_004": "03102",
        "P27_005": "河南町立総合運動場",
        "P27_006": "さくら坂5-1",
        "P27_007": 3,
        "P27_008": -99,
        "P27_009": 9999
      },
      "geometry": {
        "type": "Point",
        "coordinates": [
          135.645413,
          34.481448
        ]
      }
    },
    {
      "type": "Feature",
      "properties": {
        "P27_001": "27382",
        "P27_002": "3",
        "P27_003": "99999",
        "P27_004": "03103",
        "P27_005": "河南町立総合運動場",
        "P27_006": "さくら坂5-1",
        "P27_007": 3,
        "P27_008": -99,
        "P27_009": 9999
      },
      "geometry": {
        "type": "Point",
        "coordinates": [
          135.64675,
          34.481335
        ]
      }
    },
    {
      "type": "Feature",
      "properties": {
        "P27_001": "27382",
        "P27_002": "3",
        "P27_003": "99999",
        "P27_004": "03104",
        "P27_005": "河南町立総合運動場",
        "P27_006": "さくら坂5-1",
        "P27_007": 3,
        "P27_008": -99,
        "P27_009": 9999
      },
      "geometry": {
        "type": "Point",
        "coordinates": [
          135.64675,
          34.481232
        ]
      }
    },
    {
      "type": "Feature",
      "properties": {
        "P27_001": "27381",
        "P27_002": "3",
        "P27_003": "99999",
        "P27_004": "03109",
        "P27_005": "太子町立総合スポーツ公園総合体育館",
        "P27_006": "山田1221",
        "P27_007": 3,
        "P27_008": -99,
        "P27_009": 9999
      },
      "geometry": {
        "type": "Point",
        "coordinates": [
          135.661371,
          34.525777
        ]
      }
    },
    {
      "type": "Feature",
      "properties": {
        "P27_001": "27381",
        "P27_002": "3",
        "P27_003": "99999",
        "P27_004": "03129",
        "P27_005": "太子町立総合スポーツ公園総合体育館",
        "P27_006": "山田1221",
        "P27_007": 3,
        "P27_008": -99,
        "P27_009": 9999
      },
      "geometry": {
        "type": "Point",
        "coordinates": [
          135.661371,
          34.525684
        ]
      }
    },
    {
      "type": "Feature",
      "properties": {
        "P27_001": "27381",
        "P27_002": "3",
        "P27_003": "99999",
        "P27_004": "03120",
        "P27_005": "太子町立総合スポーツ公園総合体育館",
        "P27_006": "山田1221",
        "P27_007": 3,
        "P27_008": -99,
        "P27_009": 9999
      },
      "geometry": {
        "type": "Point",
        "coordinates": [
          135.661365,
          34.525596
        ]
      }
    },
    {
      "type": "Feature",
      "properties": {
        "P27_001": "27381",
        "P27_002": "3",
        "P27_003": "99999",
        "P27_004": "03115",
        "P27_005": "太子町立総合スポーツ公園テニスコート",
        "P27_006": "山田1221",
        "P27_007": 3,
        "P27_008": -99,
        "P27_009": 9999
      },
      "geometry": {
        "type": "Point",
        "coordinates": [
          135.661098,
          34.525106
        ]
      }
    },
    {
      "type": "Feature",
      "properties": {
        "P27_001": "27381",
        "P27_002": "3",
        "P27_003": "99999",
        "P27_004": "03102",
        "P27_005": "太子町立総合スポーツ公園総合グラウンド",
        "P27_006": "山田1221",
        "P27_007": 3,
        "P27_008": -99,
        "P27_009": 9999
      },
      "geometry": {
        "type": "Point",
        "coordinates": [
          135.661543,
          34.527016
        ]
      }
    },
    {
      "type": "Feature",
      "properties": {
        "P27_001": "27381",
        "P27_002": "3",
        "P27_003": "99999",
        "P27_004": "03103",
        "P27_005": "太子町立総合スポーツ公園総合グラウンド",
        "P27_006": "山田1221",
        "P27_007": 3,
        "P27_008": -99,
        "P27_009": 9999
      },
      "geometry": {
        "type": "Point",
        "coordinates": [
          135.661537,
          34.527133
        ]
      }
    },
    {
      "type": "Feature",
      "properties": {
        "P27_001": "27381",
        "P27_002": "3",
        "P27_003": "99999",
        "P27_004": "03102",
        "P27_005": "太子町民グランド",
        "P27_006": "春日1564-6",
        "P27_007": 3,
        "P27_008": -99,
        "P27_009": 9999
      },
      "geometry": {
        "type": "Point",
        "coordinates": [
          135.642577,
          34.520058
        ]
      }
    },
    {
      "type": "Feature",
      "properties": {
        "P27_001": "27381",
        "P27_002": "3",
        "P27_003": "99999",
        "P27_004": "03103",
        "P27_005": "太子町民グランド",
        "P27_006": "春日1564-6",
        "P27_007": 3,
        "P27_008": -99,
        "P27_009": 9999
      },
      "geometry": {
        "type": "Point",
        "coordinates": [
          135.642577,
          34.51995
        ]
      }
    },
    {
      "type": "Feature",
      "properties": {
        "P27_001": "27231",
        "P27_002": "3",
        "P27_003": "99999",
        "P27_004": "03142",
        "P27_005": "大阪狭山市立市民ふれあいの里青少年野外活動広場",
        "P27_006": "東野東1-32-2",
        "P27_007": 3,
        "P27_008": -99,
        "P27_009": 9999
      },
      "geometry": {
        "type": "Point",
        "coordinates": [
          135.561691,
          34.519613
        ]
      }
    },
    {
      "type": "Feature",
      "properties": {
        "P27_001": "27231",
        "P27_002": "3",
        "P27_003": "99999",
        "P27_004": "03147",
        "P27_005": "大阪狭山市立市民ふれあいの里青少年野外活動広場",
        "P27_006": "東野東1-32-2",
        "P27_007": 3,
        "P27_008": -99,
        "P27_009": 9999
      },
      "geometry": {
        "type": "Point",
        "coordinates": [
          135.560844,
          34.519757
        ]
      }
    },
    {
      "type": "Feature",
      "properties": {
        "P27_001": "27231",
        "P27_002": "3",
        "P27_003": "99999",
        "P27_004": "03109",
        "P27_005": "大阪狭山市立池尻体育館",
        "P27_006": "池尻中3-639-10",
        "P27_007": 4,
        "P27_008": -99,
        "P27_009": 9999
      },
      "geometry": {
        "type": "Point",
        "coordinates": [
          135.550866,
          34.50899
        ]
      }
    },
    {
      "type": "Feature",
      "properties": {
        "P27_001": "27231",
        "P27_002": "3",
        "P27_003": "99999",
        "P27_004": "03120",
        "P27_005": "大阪狭山市立池尻体育館",
        "P27_006": "池尻中3-639-10",
        "P27_007": 4,
        "P27_008": -99,
        "P27_009": 9999
      },
      "geometry": {
        "type": "Point",
        "coordinates": [
          135.550878,
          34.508907
        ]
      }
    },
    {
      "type": "Feature",
      "properties": {
        "P27_001": "27231",
        "P27_002": "3",
        "P27_003": "99999",
        "P27_004": "03138",
        "P27_005": "大阪狭山市立ふれあいスポーツ広場",
        "P27_006": "茱萸木4-88-315",
        "P27_007": 4,
        "P27_008": -99,
        "P27_009": 9999
      },
      "geometry": {
        "type": "Point",
        "coordinates": [
          135.547569,
          34.488515
        ]
      }
    },
    {
      "type": "Feature",
      "properties": {
        "P27_001": "27231",
        "P27_002": "3",
        "P27_003": "99999",
        "P27_004": "03104",
        "P27_005": "大阪狭山市立ふれあいスポーツ広場",
        "P27_006": "茱萸木4-88-315",
        "P27_007": 4,
        "P27_008": -99,
        "P27_009": 9999
      },
      "geometry": {
        "type": "Point",
        "coordinates": [
          135.547574,
          34.488437
        ]
      }
    },
    {
      "type": "Feature",
      "properties": {
        "P27_001": "27231",
        "P27_002": "3",
        "P27_003": "99999",
        "P27_004": "03109",
        "P27_005": "大阪狭山市立総合体育館",
        "P27_006": "池之原4-248",
        "P27_007": 4,
        "P27_008": -99,
        "P27_009": 9999
      },
      "geometry": {
        "type": "Point",
        "coordinates": [
          135.540486,
          34.506292
        ]
      }
    },
    {
      "type": "Feature",
      "properties": {
        "P27_001": "27231",
        "P27_002": "3",
        "P27_003": "99999",
        "P27_004": "03129",
        "P27_005": "大阪狭山市立総合体育館",
        "P27_006": "池之原4-248",
        "P27_007": 4,
        "P27_008": -99,
        "P27_009": 9999
      },
      "geometry": {
        "type": "Point",
        "coordinates": [
          135.540486,
          34.506204
        ]
      }
    },
    {
      "type": "Feature",
      "properties": {
        "P27_001": "27231",
        "P27_002": "3",
        "P27_003": "99999",
        "P27_004": "03120",
        "P27_005": "大阪狭山市立総合体育館",
        "P27_006": "池之原4-248",
        "P27_007": 4,
        "P27_008": -99,
        "P27_009": 9999
      },
      "geometry": {
        "type": "Point",
        "coordinates": [
          135.540486,
          34.506116
        ]
      }
    },
    {
      "type": "Feature",
      "properties": {
        "P27_001": "27231",
        "P27_002": "3",
        "P27_003": "99999",
        "P27_004": "03115",
        "P27_005": "大阪狭山市立山本テニスコート",
        "P27_006": "山本東433",
        "P27_007": 4,
        "P27_008": -99,
        "P27_009": 9999
      },
      "geometry": {
        "type": "Point",
        "coordinates": [
          135.540714,
          34.508926
        ]
      }
    },
    {
      "type": "Feature",
      "properties": {
        "P27_001": "27231",
        "P27_002": "3",
        "P27_003": "99999",
        "P27_004": "03115",
        "P27_005": "大阪狭山市立大野テニスコート",
        "P27_006": "立大野中231",
        "P27_007": 4,
        "P27_008": -99,
        "P27_009": 9999
      },
      "geometry": {
        "type": "Point",
        "coordinates": [
          135.545419,
          34.471548
        ]
      }
    },
    {
      "type": "Feature",
      "properties": {
        "P27_001": "27231",
        "P27_002": "3",
        "P27_003": "99999",
        "P27_004": "03115",
        "P27_005": "大阪狭山市立市民ふれあいの里スポーツ広場",
        "P27_006": "東野東1-32-2",
        "P27_007": 4,
        "P27_008": -99,
        "P27_009": 9999
      },
      "geometry": {
        "type": "Point",
        "coordinates": [
          135.561869,
          34.518651
        ]
      }
    },
    {
      "type": "Feature",
      "properties": {
        "P27_001": "27231",
        "P27_002": "3",
        "P27_003": "99999",
        "P27_004": "03103",
        "P27_005": "大阪狭市立市民総合グラウンド",
        "P27_006": "山本東433",
        "P27_007": 4,
        "P27_008": -99,
        "P27_009": 9999
      },
      "geometry": {
        "type": "Point",
        "coordinates": [
          135.540452,
          34.508309
        ]
      }
    },
    {
      "type": "Feature",
      "properties": {
        "P27_001": "27231",
        "P27_002": "3",
        "P27_003": "99999",
        "P27_004": "03102",
        "P27_005": "大阪狭市立市民総合グラウンド",
        "P27_006": "山本東433",
        "P27_007": 4,
        "P27_008": -99,
        "P27_009": 9999
      },
      "geometry": {
        "type": "Point",
        "coordinates": [
          135.540452,
          34.50822
        ]
      }
    },
    {
      "type": "Feature",
      "properties": {
        "P27_001": "27231",
        "P27_002": "3",
        "P27_003": "99999",
        "P27_004": "03104",
        "P27_005": "大阪狭市立市民総合グラウンド",
        "P27_006": "山本東433",
        "P27_007": 4,
        "P27_008": -99,
        "P27_009": 9999
      },
      "geometry": {
        "type": "Point",
        "coordinates": [
          135.540464,
          34.508123
        ]
      }
    },
    {
      "type": "Feature",
      "properties": {
        "P27_001": "27231",
        "P27_002": "3",
        "P27_003": "99999",
        "P27_004": "03103",
        "P27_005": "大阪狭山市立第三青少年運動広場",
        "P27_006": "大野中231",
        "P27_007": 4,
        "P27_008": -99,
        "P27_009": 9999
      },
      "geometry": {
        "type": "Point",
        "coordinates": [
          135.5467,
          34.471934
        ]
      }
    },
    {
      "type": "Feature",
      "properties": {
        "P27_001": "27231",
        "P27_002": "3",
        "P27_003": "99999",
        "P27_004": "03102",
        "P27_005": "大阪狭山市立第三青少年運動広場",
        "P27_006": "大野中231",
        "P27_007": 4,
        "P27_008": -99,
        "P27_009": 9999
      },
      "geometry": {
        "type": "Point",
        "coordinates": [
          135.5467,
          34.472047
        ]
      }
    },
    {
      "type": "Feature",
      "properties": {
        "P27_001": "27231",
        "P27_002": "3",
        "P27_003": "99999",
        "P27_004": "03104",
        "P27_005": "大阪狭山市立第三青少年運動広場",
        "P27_006": "大野中231",
        "P27_007": 4,
        "P27_008": -99,
        "P27_009": 9999
      },
      "geometry": {
        "type": "Point",
        "coordinates": [
          135.546682,
          34.471821
        ]
      }
    },
    {
      "type": "Feature",
      "properties": {
        "P27_001": "27231",
        "P27_002": "3",
        "P27_003": "99999",
        "P27_004": "03103",
        "P27_005": "大阪狭山市立南青少年運動広場",
        "P27_006": "茱萸木6-985-2",
        "P27_007": 4,
        "P27_008": -99,
        "P27_009": 9999
      },
      "geometry": {
        "type": "Point",
        "coordinates": [
          135.552241,
          34.483405
        ]
      }
    },
    {
      "type": "Feature",
      "properties": {
        "P27_001": "27231",
        "P27_002": "3",
        "P27_003": "99999",
        "P27_004": "03102",
        "P27_005": "大阪狭山市立南青少年運動広場",
        "P27_006": "茱萸木6-985-2",
        "P27_007": 4,
        "P27_008": -99,
        "P27_009": 9999
      },
      "geometry": {
        "type": "Point",
        "coordinates": [
          135.552241,
          34.483312
        ]
      }
    },
    {
      "type": "Feature",
      "properties": {
        "P27_001": "27231",
        "P27_002": "3",
        "P27_003": "99999",
        "P27_004": "03104",
        "P27_005": "大阪狭山市立南青少年運動広場",
        "P27_006": "茱萸木6-985-2",
        "P27_007": 4,
        "P27_008": -99,
        "P27_009": 9999
      },
      "geometry": {
        "type": "Point",
        "coordinates": [
          135.552241,
          34.483219
        ]
      }
    },
    {
      "type": "Feature",
      "properties": {
        "P27_001": "27231",
        "P27_002": "3",
        "P27_003": "99999",
        "P27_004": "03102",
        "P27_005": "大阪狭山市立野球場",
        "P27_006": "池之原4-248",
        "P27_007": 4,
        "P27_008": -99,
        "P27_009": 9999
      },
      "geometry": {
        "type": "Point",
        "coordinates": [
          135.539933,
          34.50712
        ]
      }
    },
    {
      "type": "Feature",
      "properties": {
        "P27_001": "27226",
        "P27_002": "3",
        "P27_003": "99999",
        "P27_004": "03104",
        "P27_005": "藤井寺市立大和川河川敷西運動広場",
        "P27_006": "小山7-1013",
        "P27_007": 3,
        "P27_008": -99,
        "P27_009": 9999
      },
      "geometry": {
        "type": "Point",
        "coordinates": [
          135.602476,
          34.583191
        ]
      }
    },
    {
      "type": "Feature",
      "properties": {
        "P27_001": "27226",
        "P27_002": "3",
        "P27_003": "99999",
        "P27_004": "03110",
        "P27_005": "藤井寺市市民総合体育館心技館",
        "P27_006": "大井1-2-20",
        "P27_007": 3,
        "P27_008": -99,
        "P27_009": 9999
      },
      "geometry": {
        "type": "Point",
        "coordinates": [
          135.608005,
          34.577493
        ]
      }
    },
    {
      "type": "Feature",
      "properties": {
        "P27_001": "27226",
        "P27_002": "3",
        "P27_003": "99999",
        "P27_004": "03111",
        "P27_005": "藤井寺市市民総合体育館心技館",
        "P27_006": "大井1-2-20",
        "P27_007": 3,
        "P27_008": -99,
        "P27_009": 9999
      },
      "geometry": {
        "type": "Point",
        "coordinates": [
          135.608008,
          34.57736
        ]
      }
    },
    {
      "type": "Feature",
      "properties": {
        "P27_001": "27226",
        "P27_002": "3",
        "P27_003": "99999",
        "P27_004": "03109",
        "P27_005": "藤井寺市立市民総体育館合体育館",
        "P27_006": "大井1-2-20",
        "P27_007": 3,
        "P27_008": -99,
        "P27_009": 9999
      },
      "geometry": {
        "type": "Point",
        "coordinates": [
          135.607379,
          34.578021
        ]
      }
    },
    {
      "type": "Feature",
      "properties": {
        "P27_001": "27226",
        "P27_002": "3",
        "P27_003": "99999",
        "P27_004": "03129",
        "P27_005": "藤井寺市立市民総体育館合体育館",
        "P27_006": "大井1-2-20",
        "P27_007": 3,
        "P27_008": -99,
        "P27_009": 9999
      },
      "geometry": {
        "type": "Point",
        "coordinates": [
          135.607379,
          34.577938
        ]
      }
    },
    {
      "type": "Feature",
      "properties": {
        "P27_001": "27226",
        "P27_002": "3",
        "P27_003": "99999",
        "P27_004": "03116",
        "P27_005": "藤井寺市立市民総体育館合体育館",
        "P27_006": "大井1-2-20",
        "P27_007": 3,
        "P27_008": -99,
        "P27_009": 9999
      },
      "geometry": {
        "type": "Point",
        "coordinates": [
          135.607379,
          34.577855
        ]
      }
    },
    {
      "type": "Feature",
      "properties": {
        "P27_001": "27226",
        "P27_002": "3",
        "P27_003": "99999",
        "P27_004": "03120",
        "P27_005": "藤井寺市立市民総体育館合体育館",
        "P27_006": "大井1-2-20",
        "P27_007": 3,
        "P27_008": -99,
        "P27_009": 9999
      },
      "geometry": {
        "type": "Point",
        "coordinates": [
          135.607385,
          34.577771
        ]
      }
    },
    {
      "type": "Feature",
      "properties": {
        "P27_001": "27226",
        "P27_002": "3",
        "P27_003": "99999",
        "P27_004": "03110",
        "P27_005": "藤井寺市立市民総体育館合体育館",
        "P27_006": "大井1-2-20",
        "P27_007": 3,
        "P27_008": -99,
        "P27_009": 9999
      },
      "geometry": {
        "type": "Point",
        "coordinates": [
          135.607379,
          34.577683
        ]
      }
    },
    {
      "type": "Feature",
      "properties": {
        "P27_001": "27226",
        "P27_002": "3",
        "P27_003": "99999",
        "P27_004": "03111",
        "P27_005": "藤井寺市立市民総体育館合体育館",
        "P27_006": "大井1-2-20",
        "P27_007": 3,
        "P27_008": -99,
        "P27_009": 9999
      },
      "geometry": {
        "type": "Point",
        "coordinates": [
          135.607385,
          34.577595
        ]
      }
    },
    {
      "type": "Feature",
      "properties": {
        "P27_001": "27226",
        "P27_002": "3",
        "P27_003": "99999",
        "P27_004": "03106",
        "P27_005": "藤井寺市立市民水泳プール",
        "P27_006": "大井1-2-20",
        "P27_007": 3,
        "P27_008": -99,
        "P27_009": 9999
      },
      "geometry": {
        "type": "Point",
        "coordinates": [
          135.607188,
          34.577385
        ]
      }
    },
    {
      "type": "Feature",
      "properties": {
        "P27_001": "27226",
        "P27_002": "3",
        "P27_003": "99999",
        "P27_004": "03115",
        "P27_005": "藤井寺市立林テニスコート",
        "P27_006": "林3-244-4",
        "P27_007": 3,
        "P27_008": -99,
        "P27_009": 9999
      },
      "geometry": {
        "type": "Point",
        "coordinates": [
          135.61233,
          34.575745
        ]
      }
    },
    {
      "type": "Feature",
      "properties": {
        "P27_001": "27226",
        "P27_002": "3",
        "P27_003": "99999",
        "P27_004": "03115",
        "P27_005": "藤井寺市立大和川河川敷西運動広場小山河川敷テニスコート",
        "P27_006": "小山7-1013",
        "P27_007": 3,
        "P27_008": -99,
        "P27_009": 9999
      },
      "geometry": {
        "type": "Point",
        "coordinates": [
          135.603273,
          34.583108
        ]
      }
    },
    {
      "type": "Feature",
      "properties": {
        "P27_001": "27226",
        "P27_002": "3",
        "P27_003": "99999",
        "P27_004": "03115",
        "P27_005": "藤井寺市立大和川河川敷運動広場船橋河川敷テニスコート",
        "P27_006": "船橋9-1先",
        "P27_007": 3,
        "P27_008": -99,
        "P27_009": 9999
      },
      "geometry": {
        "type": "Point",
        "coordinates": [
          135.626049,
          34.576099
        ]
      }
    },
    {
      "type": "Feature",
      "properties": {
        "P27_001": "27226",
        "P27_002": "3",
        "P27_003": "99999",
        "P27_004": "03115",
        "P27_005": "藤井寺市立テニスコート（大井コート）",
        "P27_006": "大井1-2-20",
        "P27_007": 3,
        "P27_008": -99,
        "P27_009": 9999
      },
      "geometry": {
        "type": "Point",
        "coordinates": [
          135.608597,
          34.577429
        ]
      }
    },
    {
      "type": "Feature",
      "properties": {
        "P27_001": "27226",
        "P27_002": "3",
        "P27_003": "99999",
        "P27_004": "03104",
        "P27_005": "藤井寺市立大和川河川敷西運動広場",
        "P27_006": "小山7-1013",
        "P27_007": 3,
        "P27_008": -99,
        "P27_009": 9999
      },
      "geometry": {
        "type": "Point",
        "coordinates": [
          135.60581,
          34.583157
        ]
      }
    },
    {
      "type": "Feature",
      "properties": {
        "P27_001": "27226",
        "P27_002": "3",
        "P27_003": "99999",
        "P27_004": "03102",
        "P27_005": "藤井寺市立川北市民スポーツ広場",
        "P27_006": "川北1-79外",
        "P27_007": 3,
        "P27_008": -99,
        "P27_009": 9999
      },
      "geometry": {
        "type": "Point",
        "coordinates": [
          135.609269,
          34.587315
        ]
      }
    },
    {
      "type": "Feature",
      "properties": {
        "P27_001": "27226",
        "P27_002": "3",
        "P27_003": "99999",
        "P27_004": "03104",
        "P27_005": "藤井寺市立西名阪高架下運動広場／古室運動広場",
        "P27_006": "古室3-141",
        "P27_007": 3,
        "P27_008": -99,
        "P27_009": 9999
      },
      "geometry": {
        "type": "Point",
        "coordinates": [
          135.60655,
          34.568877
        ]
      }
    },
    {
      "type": "Feature",
      "properties": {
        "P27_001": "27226",
        "P27_002": "3",
        "P27_003": "99999",
        "P27_004": "03104",
        "P27_005": "藤井寺市立西名阪高架下運動広場／沢田運動広場",
        "P27_006": "沢田2-47",
        "P27_007": 3,
        "P27_008": -99,
        "P27_009": 9999
      },
      "geometry": {
        "type": "Point",
        "coordinates": [
          135.605521,
          34.56971
        ]
      }
    },
    {
      "type": "Feature",
      "properties": {
        "P27_001": "27226",
        "P27_002": "3",
        "P27_003": "99999",
        "P27_004": "03104",
        "P27_005": "藤井寺市立西名阪高架下運動広場／小山運動場",
        "P27_006": "小山6-1069",
        "P27_007": 3,
        "P27_008": -99,
        "P27_009": 9999
      },
      "geometry": {
        "type": "Point",
        "coordinates": [
          135.595382,
          34.583268
        ]
      }
    },
    {
      "type": "Feature",
      "properties": {
        "P27_001": "27226",
        "P27_002": "3",
        "P27_003": "99999",
        "P27_004": "03104",
        "P27_005": "藤井寺市立西名阪高架下運動広場／津堂運動広場",
        "P27_006": "津堂2-103",
        "P27_007": 3,
        "P27_008": -99,
        "P27_009": 9999
      },
      "geometry": {
        "type": "Point",
        "coordinates": [
          135.589651,
          34.584492
        ]
      }
    },
    {
      "type": "Feature",
      "properties": {
        "P27_001": "27226",
        "P27_002": "3",
        "P27_003": "99999",
        "P27_004": "03103",
        "P27_005": "藤井寺市立青少年運動広場",
        "P27_006": "大井1-2-20",
        "P27_007": 3,
        "P27_008": -99,
        "P27_009": 9999
      },
      "geometry": {
        "type": "Point",
        "coordinates": [
          135.6086,
          34.577911
        ]
      }
    },
    {
      "type": "Feature",
      "properties": {
        "P27_001": "27226",
        "P27_002": "3",
        "P27_003": "99999",
        "P27_004": "03138",
        "P27_005": "藤井寺市立青少年運動広場",
        "P27_006": "大井1-2-20",
        "P27_007": 3,
        "P27_008": -99,
        "P27_009": 9999
      },
      "geometry": {
        "type": "Point",
        "coordinates": [
          135.608591,
          34.577855
        ]
      }
    },
    {
      "type": "Feature",
      "properties": {
        "P27_001": "27226",
        "P27_002": "3",
        "P27_003": "99999",
        "P27_004": "03104",
        "P27_005": "藤井寺市立青少年運動広場",
        "P27_006": "大井1-2-20",
        "P27_007": 3,
        "P27_008": -99,
        "P27_009": 9999
      },
      "geometry": {
        "type": "Point",
        "coordinates": [
          135.608588,
          34.577796
        ]
      }
    },
    {
      "type": "Feature",
      "properties": {
        "P27_001": "27226",
        "P27_002": "3",
        "P27_003": "99999",
        "P27_004": "03103",
        "P27_005": "藤井寺市立スポーツセンター",
        "P27_006": "林1-18-4",
        "P27_007": 3,
        "P27_008": -99,
        "P27_009": 9999
      },
      "geometry": {
        "type": "Point",
        "coordinates": [
          135.605715,
          34.575138
        ]
      }
    },
    {
      "type": "Feature",
      "properties": {
        "P27_001": "27226",
        "P27_002": "3",
        "P27_003": "99999",
        "P27_004": "03102",
        "P27_005": "藤井寺市立スポーツセンター",
        "P27_006": "林1-18-4",
        "P27_007": 3,
        "P27_008": -99,
        "P27_009": 9999
      },
      "geometry": {
        "type": "Point",
        "coordinates": [
          135.605715,
          34.575231
        ]
      }
    },
    {
      "type": "Feature",
      "properties": {
        "P27_001": "27226",
        "P27_002": "3",
        "P27_003": "99999",
        "P27_004": "03102",
        "P27_005": "藤井寺市立大和川河川敷運動広場",
        "P27_006": "船橋町9-1先",
        "P27_007": 3,
        "P27_008": -99,
        "P27_009": 9999
      },
      "geometry": {
        "type": "Point",
        "coordinates": [
          135.62627,
          34.57696
        ]
      }
    },
    {
      "type": "Feature",
      "properties": {
        "P27_001": "27226",
        "P27_002": "3",
        "P27_003": "99999",
        "P27_004": "03103",
        "P27_005": "藤井寺市立大和川河川敷運動広場",
        "P27_006": "船橋町9-1先",
        "P27_007": 3,
        "P27_008": -99,
        "P27_009": 9999
      },
      "geometry": {
        "type": "Point",
        "coordinates": [
          135.626273,
          34.576862
        ]
      }
    },
    {
      "type": "Feature",
      "properties": {
        "P27_001": "27226",
        "P27_002": "3",
        "P27_003": "99999",
        "P27_004": "03102",
        "P27_005": "藤井寺市立津堂市民野球場",
        "P27_006": "津堂3-620-1",
        "P27_007": 3,
        "P27_008": -99,
        "P27_009": 9999
      },
      "geometry": {
        "type": "Point",
        "coordinates": [
          135.584024,
          34.581783
        ]
      }
    },
    {
      "type": "Feature",
      "properties": {
        "P27_001": "27217",
        "P27_002": "3",
        "P27_003": "99999",
        "P27_004": "03142",
        "P27_005": "松原市大塚青少年野外活動センター",
        "P27_006": "立部3-399-1",
        "P27_007": 3,
        "P27_008": -99,
        "P27_009": 9999
      },
      "geometry": {
        "type": "Point",
        "coordinates": [
          135.567805,
          34.565877
        ]
      }
    },
    {
      "type": "Feature",
      "properties": {
        "P27_001": "27217",
        "P27_002": "3",
        "P27_003": "99999",
        "P27_004": "03132",
        "P27_005": "松原市民道夢館",
        "P27_006": "阿保4-210-7",
        "P27_007": 3,
        "P27_008": -99,
        "P27_009": 9999
      },
      "geometry": {
        "type": "Point",
        "coordinates": [
          135.556846,
          34.580844
        ]
      }
    },
    {
      "type": "Feature",
      "properties": {
        "P27_001": "27217",
        "P27_002": "3",
        "P27_003": "99999",
        "P27_004": "03112",
        "P27_005": "松原市民道夢館",
        "P27_006": "阿保4-210-7",
        "P27_007": 3,
        "P27_008": -99,
        "P27_009": 9999
      },
      "geometry": {
        "type": "Point",
        "coordinates": [
          135.556852,
          34.580766
        ]
      }
    },
    {
      "type": "Feature",
      "properties": {
        "P27_001": "27217",
        "P27_002": "3",
        "P27_003": "99999",
        "P27_004": "03113",
        "P27_005": "松原市民道夢館",
        "P27_006": "阿保4-210-7",
        "P27_007": 3,
        "P27_008": -99,
        "P27_009": 9999
      },
      "geometry": {
        "type": "Point",
        "coordinates": [
          135.556846,
          34.580688
        ]
      }
    },
    {
      "type": "Feature",
      "properties": {
        "P27_001": "27217",
        "P27_002": "3",
        "P27_003": "99999",
        "P27_004": "03109",
        "P27_005": "松原市民体育館",
        "P27_006": "田井城3-1-37",
        "P27_007": 3,
        "P27_008": -99,
        "P27_009": 9999
      },
      "geometry": {
        "type": "Point",
        "coordinates": [
          135.547862,
          34.577925
        ]
      }
    },
    {
      "type": "Feature",
      "properties": {
        "P27_001": "27217",
        "P27_002": "3",
        "P27_003": "99999",
        "P27_004": "03129",
        "P27_005": "松原市民体育館",
        "P27_006": "田井城3-1-37",
        "P27_007": 3,
        "P27_008": -99,
        "P27_009": 9999
      },
      "geometry": {
        "type": "Point",
        "coordinates": [
          135.547859,
          34.577888
        ]
      }
    },
    {
      "type": "Feature",
      "properties": {
        "P27_001": "27217",
        "P27_002": "3",
        "P27_003": "99999",
        "P27_004": "03116",
        "P27_005": "松原市民体育館",
        "P27_006": "田井城3-1-37",
        "P27_007": 3,
        "P27_008": -99,
        "P27_009": 9999
      },
      "geometry": {
        "type": "Point",
        "coordinates": [
          135.547856,
          34.577852
        ]
      }
    },
    {
      "type": "Feature",
      "properties": {
        "P27_001": "27217",
        "P27_002": "3",
        "P27_003": "99999",
        "P27_004": "03120",
        "P27_005": "松原市民体育館",
        "P27_006": "田井城3-1-37",
        "P27_007": 3,
        "P27_008": -99,
        "P27_009": 9999
      },
      "geometry": {
        "type": "Point",
        "coordinates": [
          135.547856,
          34.577815
        ]
      }
    },
    {
      "type": "Feature",
      "properties": {
        "P27_001": "27217",
        "P27_002": "3",
        "P27_003": "99999",
        "P27_004": "03110",
        "P27_005": "松原市民体育館",
        "P27_006": "田井城3-1-37",
        "P27_007": 3,
        "P27_008": -99,
        "P27_009": 9999
      },
      "geometry": {
        "type": "Point",
        "coordinates": [
          135.547856,
          34.577778
        ]
      }
    },
    {
      "type": "Feature",
      "properties": {
        "P27_001": "27217",
        "P27_002": "3",
        "P27_003": "99999",
        "P27_004": "03111",
        "P27_005": "松原市民体育館",
        "P27_006": "田井城3-1-37",
        "P27_007": 3,
        "P27_008": -99,
        "P27_009": 9999
      },
      "geometry": {
        "type": "Point",
        "coordinates": [
          135.547856,
          34.577702
        ]
      }
    },
    {
      "type": "Feature",
      "properties": {
        "P27_001": "27217",
        "P27_002": "3",
        "P27_003": "99999",
        "P27_004": "03106",
        "P27_005": "松原市民プール",
        "P27_006": "田井城3-105-3",
        "P27_007": 3,
        "P27_008": -99,
        "P27_009": 9999
      },
      "geometry": {
        "type": "Point",
        "coordinates": [
          135.54766,
          34.579227
        ]
      }
    },
    {
      "type": "Feature",
      "properties": {
        "P27_001": "27217",
        "P27_002": "3",
        "P27_003": "99999",
        "P27_004": "03107",
        "P27_005": "松原市民プール",
        "P27_006": "田井城3-105-3",
        "P27_007": 3,
        "P27_008": -99,
        "P27_009": 9999
      },
      "geometry": {
        "type": "Point",
        "coordinates": [
          135.547957,
          34.578994
        ]
      }
    },
    {
      "type": "Feature",
      "properties": {
        "P27_001": "27217",
        "P27_002": "3",
        "P27_003": "99999",
        "P27_004": "03115",
        "P27_005": "大和川東青少年運動広場テニスコート",
        "P27_006": "若林町2-138-1",
        "P27_007": 3,
        "P27_008": -99,
        "P27_009": 9999
      },
      "geometry": {
        "type": "Point",
        "coordinates": [
          135.581653,
          34.590965
        ]
      }
    },
    {
      "type": "Feature",
      "properties": {
        "P27_001": "27217",
        "P27_002": "3",
        "P27_003": "99999",
        "P27_004": "03115",
        "P27_005": "大和川西青少年運動広場テニスコート",
        "P27_006": "天美北4-112-2先",
        "P27_007": 3,
        "P27_008": -99,
        "P27_009": 9999
      },
      "geometry": {
        "type": "Point",
        "coordinates": [
          135.540053,
          34.597501
        ]
      }
    },
    {
      "type": "Feature",
      "properties": {
        "P27_001": "27217",
        "P27_002": "3",
        "P27_003": "99999",
        "P27_004": "03115",
        "P27_005": "大塚青少年運動広場テニスコート",
        "P27_006": "立部3-399-1",
        "P27_007": 3,
        "P27_008": -99,
        "P27_009": 9999
      },
      "geometry": {
        "type": "Point",
        "coordinates": [
          135.567817,
          34.566352
        ]
      }
    },
    {
      "type": "Feature",
      "properties": {
        "P27_001": "27217",
        "P27_002": "3",
        "P27_003": "99999",
        "P27_004": "03102",
        "P27_005": "松原市民運動広場",
        "P27_006": "岡7-212",
        "P27_007": 3,
        "P27_008": -99,
        "P27_009": 9999
      },
      "geometry": {
        "type": "Point",
        "coordinates": [
          135.549357,
          34.563176
        ]
      }
    },
    {
      "type": "Feature",
      "properties": {
        "P27_001": "27217",
        "P27_002": "3",
        "P27_003": "99999",
        "P27_004": "03103",
        "P27_005": "松原市民運動広場",
        "P27_006": "岡7-212",
        "P27_007": 3,
        "P27_008": -99,
        "P27_009": 9999
      },
      "geometry": {
        "type": "Point",
        "coordinates": [
          135.549357,
          34.563064
        ]
      }
    },
    {
      "type": "Feature",
      "properties": {
        "P27_001": "27217",
        "P27_002": "3",
        "P27_003": "99999",
        "P27_004": "03102",
        "P27_005": "大和川東青少年運動広場",
        "P27_006": "若林2-138-1",
        "P27_007": 3,
        "P27_008": -99,
        "P27_009": 9999
      },
      "geometry": {
        "type": "Point",
        "coordinates": [
          135.58397,
          34.589945
        ]
      }
    },
    {
      "type": "Feature",
      "properties": {
        "P27_001": "27217",
        "P27_002": "3",
        "P27_003": "99999",
        "P27_004": "03102",
        "P27_005": "一津屋青少年運動広場",
        "P27_006": "一津屋4-334-3",
        "P27_007": 3,
        "P27_008": -99,
        "P27_009": 9999
      },
      "geometry": {
        "type": "Point",
        "coordinates": [
          135.574341,
          34.58165
        ]
      }
    },
    {
      "type": "Feature",
      "properties": {
        "P27_001": "27217",
        "P27_002": "3",
        "P27_003": "99999",
        "P27_004": "03103",
        "P27_005": "一津屋青少年運動広場",
        "P27_006": "一津屋4-334-3",
        "P27_007": 3,
        "P27_008": -99,
        "P27_009": 9999
      },
      "geometry": {
        "type": "Point",
        "coordinates": [
          135.574338,
          34.581537
        ]
      }
    },
    {
      "type": "Feature",
      "properties": {
        "P27_001": "27217",
        "P27_002": "3",
        "P27_003": "99999",
        "P27_004": "03102",
        "P27_005": "大和川西青少年運動広場",
        "P27_006": "天美北4-112-2先",
        "P27_007": 3,
        "P27_008": -99,
        "P27_009": 9999
      },
      "geometry": {
        "type": "Point",
        "coordinates": [
          135.533184,
          34.597247
        ]
      }
    },
    {
      "type": "Feature",
      "properties": {
        "P27_001": "27217",
        "P27_002": "3",
        "P27_003": "99999",
        "P27_004": "03104",
        "P27_005": "大和川西青少年運動広場",
        "P27_006": "天美北4-112-2先",
        "P27_007": 3,
        "P27_008": -99,
        "P27_009": 9999
      },
      "geometry": {
        "type": "Point",
        "coordinates": [
          135.537296,
          34.597433
        ]
      }
    },
    {
      "type": "Feature",
      "properties": {
        "P27_001": "27217",
        "P27_002": "3",
        "P27_003": "99999",
        "P27_004": "03102",
        "P27_005": "天美西青少年運動広場",
        "P27_006": "天美西4-230-1",
        "P27_007": 3,
        "P27_008": -99,
        "P27_009": 9999
      },
      "geometry": {
        "type": "Point",
        "coordinates": [
          135.525432,
          34.590407
        ]
      }
    },
    {
      "type": "Feature",
      "properties": {
        "P27_001": "27217",
        "P27_002": "3",
        "P27_003": "99999",
        "P27_004": "03102",
        "P27_005": "大塚青少年運動広場",
        "P27_006": "立部3-399-1",
        "P27_007": 3,
        "P27_008": -99,
        "P27_009": 9999
      },
      "geometry": {
        "type": "Point",
        "coordinates": [
          135.567532,
          34.566946
        ]
      }
    },
    {
      "type": "Feature",
      "properties": {
        "P27_001": "27222",
        "P27_002": "3",
        "P27_003": "99999",
        "P27_004": "03138",
        "P27_005": "陵南の森総合センター附設屋外ゲートボール場",
        "P27_006": "島泉8-8-1",
        "P27_007": 3,
        "P27_008": -99,
        "P27_009": 9999
      },
      "geometry": {
        "type": "Point",
        "coordinates": [
          135.585166,
          34.575547
        ]
      }
    },
    {
      "type": "Feature",
      "properties": {
        "P27_001": "27222",
        "P27_002": "3",
        "P27_003": "99999",
        "P27_004": "03109",
        "P27_005": "羽曳野市立市民体育館",
        "P27_006": "西浦1047",
        "P27_007": 4,
        "P27_008": -99,
        "P27_009": 9999
      },
      "geometry": {
        "type": "Point",
        "coordinates": [
          135.602554,
          34.536841
        ]
      }
    },
    {
      "type": "Feature",
      "properties": {
        "P27_001": "27222",
        "P27_002": "3",
        "P27_003": "99999",
        "P27_004": "03129",
        "P27_005": "羽曳野市立市民体育館",
        "P27_006": "西浦1047",
        "P27_007": 4,
        "P27_008": -99,
        "P27_009": 9999
      },
      "geometry": {
        "type": "Point",
        "coordinates": [
          135.60256,
          34.536777
        ]
      }
    },
    {
      "type": "Feature",
      "properties": {
        "P27_001": "27222",
        "P27_002": "3",
        "P27_003": "99999",
        "P27_004": "03111",
        "P27_005": "羽曳野市立市民体育館",
        "P27_006": "西浦1047",
        "P27_007": 4,
        "P27_008": -99,
        "P27_009": 9999
      },
      "geometry": {
        "type": "Point",
        "coordinates": [
          135.602554,
          34.536713
        ]
      }
    },
    {
      "type": "Feature",
      "properties": {
        "P27_001": "27222",
        "P27_002": "3",
        "P27_003": "99999",
        "P27_004": "03120",
        "P27_005": "羽曳野市立市民体育館",
        "P27_006": "西浦1047",
        "P27_007": 4,
        "P27_008": -99,
        "P27_009": 9999
      },
      "geometry": {
        "type": "Point",
        "coordinates": [
          135.60256,
          34.53665
        ]
      }
    },
    {
      "type": "Feature",
      "properties": {
        "P27_001": "27222",
        "P27_002": "3",
        "P27_003": "99999",
        "P27_004": "03109",
        "P27_005": "羽曳野市立総合スポーツセンター",
        "P27_006": "恵我之荘4-237-4",
        "P27_007": 4,
        "P27_008": -99,
        "P27_009": 9999
      },
      "geometry": {
        "type": "Point",
        "coordinates": [
          135.573182,
          34.562948
        ]
      }
    },
    {
      "type": "Feature",
      "properties": {
        "P27_001": "27222",
        "P27_002": "3",
        "P27_003": "99999",
        "P27_004": "03129",
        "P27_005": "羽曳野市立総合スポーツセンター",
        "P27_006": "恵我之荘4-237-4",
        "P27_007": 4,
        "P27_008": -99,
        "P27_009": 9999
      },
      "geometry": {
        "type": "Point",
        "coordinates": [
          135.573176,
          34.562865
        ]
      }
    },
    {
      "type": "Feature",
      "properties": {
        "P27_001": "27222",
        "P27_002": "3",
        "P27_003": "99999",
        "P27_004": "03120",
        "P27_005": "羽曳野市立総合スポーツセンター",
        "P27_006": "恵我之荘4-237-4",
        "P27_007": 4,
        "P27_008": -99,
        "P27_009": 9999
      },
      "geometry": {
        "type": "Point",
        "coordinates": [
          135.573182,
          34.562787
        ]
      }
    },
    {
      "type": "Feature",
      "properties": {
        "P27_001": "27222",
        "P27_002": "3",
        "P27_003": "99999",
        "P27_004": "03106",
        "P27_005": "羽曳野市民プール",
        "P27_006": "西浦1014",
        "P27_007": 4,
        "P27_008": -99,
        "P27_009": 9999
      },
      "geometry": {
        "type": "Point",
        "coordinates": [
          135.603075,
          34.538075
        ]
      }
    },
    {
      "type": "Feature",
      "properties": {
        "P27_001": "27222",
        "P27_002": "3",
        "P27_003": "99999",
        "P27_004": "03115",
        "P27_005": "羽曳野市立駒ヶ谷テニスコート",
        "P27_006": "駒ヶ谷1408-1",
        "P27_007": 4,
        "P27_008": -99,
        "P27_009": 9999
      },
      "geometry": {
        "type": "Point",
        "coordinates": [
          135.626998,
          34.549015
        ]
      }
    },
    {
      "type": "Feature",
      "properties": {
        "P27_001": "27222",
        "P27_002": "3",
        "P27_003": "99999",
        "P27_004": "03115",
        "P27_005": "羽曳野市立石川スポーツ公園テニスコート",
        "P27_006": "古市（石川河川敷）",
        "P27_007": 3,
        "P27_008": -99,
        "P27_009": 9999
      },
      "geometry": {
        "type": "Point",
        "coordinates": [
          135.615071,
          34.550517
        ]
      }
    },
    {
      "type": "Feature",
      "properties": {
        "P27_001": "27222",
        "P27_002": "3",
        "P27_003": "99999",
        "P27_004": "03115",
        "P27_005": "羽曳野市立羽曳が丘西北公園テニスコート",
        "P27_006": "羽曳が丘西2-6-1",
        "P27_007": 3,
        "P27_008": -99,
        "P27_009": 9999
      },
      "geometry": {
        "type": "Point",
        "coordinates": [
          135.589678,
          34.542327
        ]
      }
    },
    {
      "type": "Feature",
      "properties": {
        "P27_001": "27222",
        "P27_002": "3",
        "P27_003": "99999",
        "P27_004": "03115",
        "P27_005": "羽曳野市立市民体育館附設屋外テニスコート",
        "P27_006": "西浦1047",
        "P27_007": 4,
        "P27_008": -99,
        "P27_009": 9999
      },
      "geometry": {
        "type": "Point",
        "coordinates": [
          135.602596,
          34.537041
        ]
      }
    },
    {
      "type": "Feature",
      "properties": {
        "P27_001": "27222",
        "P27_002": "3",
        "P27_003": "99999",
        "P27_004": "03102",
        "P27_005": "羽曳野市立グレープヒルスポーツ公園",
        "P27_006": "駒ヶ谷850",
        "P27_007": 3,
        "P27_008": -99,
        "P27_009": 9999
      },
      "geometry": {
        "type": "Point",
        "coordinates": [
          135.632915,
          34.546354
        ]
      }
    },
    {
      "type": "Feature",
      "properties": {
        "P27_001": "27222",
        "P27_002": "3",
        "P27_003": "99999",
        "P27_004": "03103",
        "P27_005": "羽曳野市立グレープヒルスポーツ公園",
        "P27_006": "駒ヶ谷850",
        "P27_007": 3,
        "P27_008": -99,
        "P27_009": 9999
      },
      "geometry": {
        "type": "Point",
        "coordinates": [
          135.632921,
          34.546256
        ]
      }
    },
    {
      "type": "Feature",
      "properties": {
        "P27_001": "27222",
        "P27_002": "3",
        "P27_003": "99999",
        "P27_004": "03104",
        "P27_005": "羽曳野市立グレープヒルスポーツ公園",
        "P27_006": "駒ヶ谷850",
        "P27_007": 3,
        "P27_008": -99,
        "P27_009": 9999
      },
      "geometry": {
        "type": "Point",
        "coordinates": [
          135.632915,
          34.546153
        ]
      }
    },
    {
      "type": "Feature",
      "properties": {
        "P27_001": "27222",
        "P27_002": "3",
        "P27_003": "99999",
        "P27_004": "03102",
        "P27_005": "陵南の森運動広場",
        "P27_006": "島泉8-8-1",
        "P27_007": 3,
        "P27_008": -99,
        "P27_009": 9999
      },
      "geometry": {
        "type": "Point",
        "coordinates": [
          135.585743,
          34.575508
        ]
      }
    },
    {
      "type": "Feature",
      "properties": {
        "P27_001": "27222",
        "P27_002": "3",
        "P27_003": "99999",
        "P27_004": "03102",
        "P27_005": "羽曳野市立石川スポーツ公園第４グランド",
        "P27_006": "川向（石川河川敷）",
        "P27_007": 3,
        "P27_008": -99,
        "P27_009": 9999
      },
      "geometry": {
        "type": "Point",
        "coordinates": [
          135.621316,
          34.557674
        ]
      }
    },
    {
      "type": "Feature",
      "properties": {
        "P27_001": "27222",
        "P27_002": "3",
        "P27_003": "99999",
        "P27_004": "03103",
        "P27_005": "羽曳野市立石川スポーツ公園第３グランド",
        "P27_006": "古市（石川河川敷）",
        "P27_007": 3,
        "P27_008": -99,
        "P27_009": 9999
      },
      "geometry": {
        "type": "Point",
        "coordinates": [
          135.615053,
          34.548351
        ]
      }
    },
    {
      "type": "Feature",
      "properties": {
        "P27_001": "27222",
        "P27_002": "3",
        "P27_003": "99999",
        "P27_004": "03104",
        "P27_005": "羽曳野市立石川スポーツ公園第３グランド",
        "P27_006": "古市（石川河川敷）",
        "P27_007": 3,
        "P27_008": -99,
        "P27_009": 9999
      },
      "geometry": {
        "type": "Point",
        "coordinates": [
          135.615059,
          34.548204
        ]
      }
    },
    {
      "type": "Feature",
      "properties": {
        "P27_001": "27222",
        "P27_002": "3",
        "P27_003": "99999",
        "P27_004": "03102",
        "P27_005": "羽曳野市立石川スポーツ公園第２グランド",
        "P27_006": "古市（石川河川敷）",
        "P27_007": 3,
        "P27_008": -99,
        "P27_009": 9999
      },
      "geometry": {
        "type": "Point",
        "coordinates": [
          135.614869,
          34.549888
        ]
      }
    },
    {
      "type": "Feature",
      "properties": {
        "P27_001": "27222",
        "P27_002": "3",
        "P27_003": "99999",
        "P27_004": "03104",
        "P27_005": "羽曳野市立石川スポーツ公園第２グランド",
        "P27_006": "古市（石川河川敷）",
        "P27_007": 3,
        "P27_008": -99,
        "P27_009": 9999
      },
      "geometry": {
        "type": "Point",
        "coordinates": [
          135.614857,
          34.549746
        ]
      }
    },
    {
      "type": "Feature",
      "properties": {
        "P27_001": "27222",
        "P27_002": "3",
        "P27_003": "99999",
        "P27_004": "03102",
        "P27_005": "羽曳野市立石川スポーツ公園第１グランド",
        "P27_006": "古市（石川河川敷）",
        "P27_007": 3,
        "P27_008": -99,
        "P27_009": 9999
      },
      "geometry": {
        "type": "Point",
        "coordinates": [
          135.615237,
          34.551322
        ]
      }
    },
    {
      "type": "Feature",
      "properties": {
        "P27_001": "27222",
        "P27_002": "3",
        "P27_003": "99999",
        "P27_004": "03104",
        "P27_005": "羽曳野市立石川スポーツ公園第１グランド",
        "P27_006": "古市（石川河川敷）",
        "P27_007": 3,
        "P27_008": -99,
        "P27_009": 9999
      },
      "geometry": {
        "type": "Point",
        "coordinates": [
          135.615225,
          34.551178
        ]
      }
    },
    {
      "type": "Feature",
      "properties": {
        "P27_001": "27216",
        "P27_002": "3",
        "P27_003": "99999",
        "P27_004": "03142",
        "P27_005": "河内長野市立青少年活動センター",
        "P27_006": "滝畑483-3",
        "P27_007": 3,
        "P27_008": -99,
        "P27_009": 9999
      },
      "geometry": {
        "type": "Point",
        "coordinates": [
          135.525625,
          34.388142
        ]
      }
    },
    {
      "type": "Feature",
      "properties": {
        "P27_001": "27216",
        "P27_002": "3",
        "P27_003": "99999",
        "P27_004": "03106",
        "P27_005": "河内長野市立青少年活動センター",
        "P27_006": "滝畑483-3",
        "P27_007": 3,
        "P27_008": -99,
        "P27_009": 9999
      },
      "geometry": {
        "type": "Point",
        "coordinates": [
          135.525882,
          34.388096
        ]
      }
    },
    {
      "type": "Feature",
      "properties": {
        "P27_001": "27216",
        "P27_002": "3",
        "P27_003": "99999",
        "P27_004": "03142",
        "P27_005": "河内長野市立岩湧野外活動広場",
        "P27_006": "加賀田3822-1",
        "P27_007": 4,
        "P27_008": -99,
        "P27_009": 9999
      },
      "geometry": {
        "type": "Point",
        "coordinates": [
          135.557718,
          34.381791
        ]
      }
    },
    {
      "type": "Feature",
      "properties": {
        "P27_001": "27216",
        "P27_002": "3",
        "P27_003": "99999",
        "P27_004": "03104",
        "P27_005": "河内長野市立岩湧野外活動広場",
        "P27_006": "加賀田3822-1",
        "P27_007": 4,
        "P27_008": -99,
        "P27_009": 9999
      },
      "geometry": {
        "type": "Point",
        "coordinates": [
          135.557917,
          34.381646
        ]
      }
    },
    {
      "type": "Feature",
      "properties": {
        "P27_001": "27216",
        "P27_002": "3",
        "P27_003": "99999",
        "P27_004": "03142",
        "P27_005": "河内長野市赤峰市民広場キャンプ場",
        "P27_006": "小山田町379-1",
        "P27_007": 4,
        "P27_008": -99,
        "P27_009": 9999
      },
      "geometry": {
        "type": "Point",
        "coordinates": [
          135.551854,
          34.448534
        ]
      }
    },
    {
      "type": "Feature",
      "properties": {
        "P27_001": "27216",
        "P27_002": "3",
        "P27_003": "99999",
        "P27_004": "03111",
        "P27_005": "河内長野市立武道館",
        "P27_006": "西代町904-1",
        "P27_007": 4,
        "P27_008": -99,
        "P27_009": 9999
      },
      "geometry": {
        "type": "Point",
        "coordinates": [
          135.564712,
          34.453087
        ]
      }
    },
    {
      "type": "Feature",
      "properties": {
        "P27_001": "27216",
        "P27_002": "3",
        "P27_003": "99999",
        "P27_004": "03113",
        "P27_005": "河内長野市立武道館",
        "P27_006": "西代町904-1",
        "P27_007": 4,
        "P27_008": -99,
        "P27_009": 9999
      },
      "geometry": {
        "type": "Point",
        "coordinates": [
          135.564712,
          34.453008
        ]
      }
    },
    {
      "type": "Feature",
      "properties": {
        "P27_001": "27216",
        "P27_002": "3",
        "P27_003": "99999",
        "P27_004": "03109",
        "P27_005": "河内長野市立市民総合体育館",
        "P27_006": "大師町25-1",
        "P27_007": 4,
        "P27_008": -99,
        "P27_009": 9999
      },
      "geometry": {
        "type": "Point",
        "coordinates": [
          135.571781,
          34.445368
        ]
      }
    },
    {
      "type": "Feature",
      "properties": {
        "P27_001": "27216",
        "P27_002": "3",
        "P27_003": "99999",
        "P27_004": "03129",
        "P27_005": "河内長野市立市民総合体育館",
        "P27_006": "大師町25-1",
        "P27_007": 4,
        "P27_008": -99,
        "P27_009": 9999
      },
      "geometry": {
        "type": "Point",
        "coordinates": [
          135.571775,
          34.44529
        ]
      }
    },
    {
      "type": "Feature",
      "properties": {
        "P27_001": "27216",
        "P27_002": "3",
        "P27_003": "99999",
        "P27_004": "03120",
        "P27_005": "河内長野市立市民総合体育館",
        "P27_006": "大師町25-1",
        "P27_007": 4,
        "P27_008": -99,
        "P27_009": 9999
      },
      "geometry": {
        "type": "Point",
        "coordinates": [
          135.571769,
          34.445211
        ]
      }
    },
    {
      "type": "Feature",
      "properties": {
        "P27_001": "27216",
        "P27_002": "3",
        "P27_003": "99999",
        "P27_004": "03112",
        "P27_005": "河内長野市立市民総合体育館",
        "P27_006": "大師町25-1",
        "P27_007": 4,
        "P27_008": -99,
        "P27_009": 9999
      },
      "geometry": {
        "type": "Point",
        "coordinates": [
          135.571769,
          34.445133
        ]
      }
    },
    {
      "type": "Feature",
      "properties": {
        "P27_001": "27216",
        "P27_002": "3",
        "P27_003": "99999",
        "P27_004": "03106",
        "P27_005": "河内長野市立烏帽子形公園プール",
        "P27_006": "喜多町725",
        "P27_007": 4,
        "P27_008": -99,
        "P27_009": 9999
      },
      "geometry": {
        "type": "Point",
        "coordinates": [
          135.564222,
          34.443638
        ]
      }
    },
    {
      "type": "Feature",
      "properties": {
        "P27_001": "27216",
        "P27_002": "3",
        "P27_003": "99999",
        "P27_004": "03106",
        "P27_005": "河内長野市立寺ヶ池公園プール",
        "P27_006": "千代田台町19-1",
        "P27_007": 4,
        "P27_008": -99,
        "P27_009": 9999
      },
      "geometry": {
        "type": "Point",
        "coordinates": [
          135.560986,
          34.463165
        ]
      }
    },
    {
      "type": "Feature",
      "properties": {
        "P27_001": "27216",
        "P27_002": "3",
        "P27_003": "99999",
        "P27_004": "03115",
        "P27_005": "河内長野市立荘園庭球場",
        "P27_006": "小山田町2649-564",
        "P27_007": 4,
        "P27_008": -99,
        "P27_009": 9999
      },
      "geometry": {
        "type": "Point",
        "coordinates": [
          135.550804,
          34.463092
        ]
      }
    },
    {
      "type": "Feature",
      "properties": {
        "P27_001": "27216",
        "P27_002": "3",
        "P27_003": "99999",
        "P27_004": "03115",
        "P27_005": "河内長野市立大師庭球場",
        "P27_006": "大師町85-518",
        "P27_007": 4,
        "P27_008": -99,
        "P27_009": 9999
      },
      "geometry": {
        "type": "Point",
        "coordinates": [
          135.573424,
          34.441352
        ]
      }
    },
    {
      "type": "Feature",
      "properties": {
        "P27_001": "27216",
        "P27_002": "3",
        "P27_003": "99999",
        "P27_004": "03115",
        "P27_005": "河内長野市立寺ヶ池公園庭球場",
        "P27_006": "千代田台町826-1",
        "P27_007": 4,
        "P27_008": -99,
        "P27_009": 9999
      },
      "geometry": {
        "type": "Point",
        "coordinates": [
          135.56124,
          34.465535
        ]
      }
    },
    {
      "type": "Feature",
      "properties": {
        "P27_001": "27216",
        "P27_002": "3",
        "P27_003": "99999",
        "P27_004": "03102",
        "P27_005": "河内長野市立天野少年球技場",
        "P27_006": "天野町291",
        "P27_007": 4,
        "P27_008": -99,
        "P27_009": 9999
      },
      "geometry": {
        "type": "Point",
        "coordinates": [
          135.535755,
          34.436881
        ]
      }
    },
    {
      "type": "Feature",
      "properties": {
        "P27_001": "27216",
        "P27_002": "3",
        "P27_003": "99999",
        "P27_004": "03102",
        "P27_005": "河内長野市立大師総合運動場",
        "P27_006": "大師町885-2",
        "P27_007": 4,
        "P27_008": -99,
        "P27_009": 9999
      },
      "geometry": {
        "type": "Point",
        "coordinates": [
          135.571968,
          34.444159
        ]
      }
    },
    {
      "type": "Feature",
      "properties": {
        "P27_001": "27216",
        "P27_002": "3",
        "P27_003": "99999",
        "P27_004": "03103",
        "P27_005": "河内長野市立大師総合運動場",
        "P27_006": "大師町885-2",
        "P27_007": 4,
        "P27_008": -99,
        "P27_009": 9999
      },
      "geometry": {
        "type": "Point",
        "coordinates": [
          135.571956,
          34.444272
        ]
      }
    },
    {
      "type": "Feature",
      "properties": {
        "P27_001": "27216",
        "P27_002": "3",
        "P27_003": "99999",
        "P27_004": "03101",
        "P27_005": "河内長野市立大師総合運動場",
        "P27_006": "大師町885-2",
        "P27_007": 4,
        "P27_008": -99,
        "P27_009": 9999
      },
      "geometry": {
        "type": "Point",
        "coordinates": [
          135.571968,
          34.44439
        ]
      }
    },
    {
      "type": "Feature",
      "properties": {
        "P27_001": "27216",
        "P27_002": "3",
        "P27_003": "99999",
        "P27_004": "03102",
        "P27_005": "河内長野市立下里総合運動場",
        "P27_006": "下里町892-3",
        "P27_007": 4,
        "P27_008": -99,
        "P27_009": 9999
      },
      "geometry": {
        "type": "Point",
        "coordinates": [
          135.533695,
          34.446614
        ]
      }
    },
    {
      "type": "Feature",
      "properties": {
        "P27_001": "27216",
        "P27_002": "3",
        "P27_003": "99999",
        "P27_004": "03103",
        "P27_005": "河内長野市立下里総合運動場",
        "P27_006": "下里町892-3",
        "P27_007": 4,
        "P27_008": -99,
        "P27_009": 9999
      },
      "geometry": {
        "type": "Point",
        "coordinates": [
          135.533695,
          34.446511
        ]
      }
    },
    {
      "type": "Feature",
      "properties": {
        "P27_001": "27216",
        "P27_002": "3",
        "P27_003": "99999",
        "P27_004": "03102",
        "P27_005": "河内長野市赤峰市民広場（多目的スポーツ広場）",
        "P27_006": "小山田町379-1",
        "P27_007": 4,
        "P27_008": -99,
        "P27_009": 9999
      },
      "geometry": {
        "type": "Point",
        "coordinates": [
          135.551964,
          34.449894
        ]
      }
    },
    {
      "type": "Feature",
      "properties": {
        "P27_001": "27216",
        "P27_002": "3",
        "P27_003": "99999",
        "P27_004": "03103",
        "P27_005": "河内長野市赤峰市民広場（多目的スポーツ広場）",
        "P27_006": "小山田町379-1",
        "P27_007": 4,
        "P27_008": -99,
        "P27_009": 9999
      },
      "geometry": {
        "type": "Point",
        "coordinates": [
          135.551955,
          34.450002
        ]
      }
    },
    {
      "type": "Feature",
      "properties": {
        "P27_001": "27216",
        "P27_002": "3",
        "P27_003": "99999",
        "P27_004": "03101",
        "P27_005": "河内長野市赤峰市民広場（多目的スポーツ広場）",
        "P27_006": "小山田町379-1",
        "P27_007": 4,
        "P27_008": -99,
        "P27_009": 9999
      },
      "geometry": {
        "type": "Point",
        "coordinates": [
          135.551955,
          34.450119
        ]
      }
    },
    {
      "type": "Feature",
      "properties": {
        "P27_001": "27216",
        "P27_002": "3",
        "P27_003": "99999",
        "P27_004": "03102",
        "P27_005": "河内長野市立寺ヶ池公園野球場",
        "P27_006": "千代田台町19-1",
        "P27_007": 4,
        "P27_008": -99,
        "P27_009": 9999
      },
      "geometry": {
        "type": "Point",
        "coordinates": [
          135.560784,
          34.464159
        ]
      }
    },
    {
      "type": "Feature",
      "properties": {
        "P27_001": "27214",
        "P27_002": "3",
        "P27_003": "99999",
        "P27_004": "03138",
        "P27_005": "総合スポーツ公園ゲートボール場",
        "P27_006": "大字佐備2467-1",
        "P27_007": 4,
        "P27_008": -99,
        "P27_009": 9999
      },
      "geometry": {
        "type": "Point",
        "coordinates": [
          135.610539,
          34.457767
        ]
      }
    },
    {
      "type": "Feature",
      "properties": {
        "P27_001": "27214",
        "P27_002": "3",
        "P27_003": "99999",
        "P27_004": "03109",
        "P27_005": "富田林市市民会館多目的ホール",
        "P27_006": "粟ｹ池町2969-5",
        "P27_007": 4,
        "P27_008": -99,
        "P27_009": 9999
      },
      "geometry": {
        "type": "Point",
        "coordinates": [
          135.607632,
          34.517771
        ]
      }
    },
    {
      "type": "Feature",
      "properties": {
        "P27_001": "27214",
        "P27_002": "3",
        "P27_003": "99999",
        "P27_004": "03116",
        "P27_005": "富田林市市民会館多目的ホール",
        "P27_006": "粟ｹ池町2969-5",
        "P27_007": 4,
        "P27_008": -99,
        "P27_009": 9999
      },
      "geometry": {
        "type": "Point",
        "coordinates": [
          135.607632,
          34.517697
        ]
      }
    },
    {
      "type": "Feature",
      "properties": {
        "P27_001": "27214",
        "P27_002": "3",
        "P27_003": "99999",
        "P27_004": "03138",
        "P27_005": "富田林市立石川河川敷川西グラウンドゲートボール場",
        "P27_006": "西板持町1-126",
        "P27_007": 3,
        "P27_008": -99,
        "P27_009": 9999
      },
      "geometry": {
        "type": "Point",
        "coordinates": [
          135.599717,
          34.494541
        ]
      }
    },
    {
      "type": "Feature",
      "properties": {
        "P27_001": "27214",
        "P27_002": "3",
        "P27_003": "99999",
        "P27_004": "03109",
        "P27_005": "富田林市立東公民館集会室兼体育室",
        "P27_006": "山中田町1-5-50",
        "P27_007": 3,
        "P27_008": -99,
        "P27_009": 9999
      },
      "geometry": {
        "type": "Point",
        "coordinates": [
          135.609841,
          34.498905
        ]
      }
    },
    {
      "type": "Feature",
      "properties": {
        "P27_001": "27214",
        "P27_002": "3",
        "P27_003": "99999",
        "P27_004": "03120",
        "P27_005": "富田林市立東公民館集会室兼体育室",
        "P27_006": "山中田町1-5-50",
        "P27_007": 3,
        "P27_008": -99,
        "P27_009": 9999
      },
      "geometry": {
        "type": "Point",
        "coordinates": [
          135.609844,
          34.498822
        ]
      }
    },
    {
      "type": "Feature",
      "properties": {
        "P27_001": "27214",
        "P27_002": "3",
        "P27_003": "99999",
        "P27_004": "03120",
        "P27_005": "富田林市立青少年センター卓球室",
        "P27_006": "常盤町11-18",
        "P27_007": 3,
        "P27_008": -99,
        "P27_009": 9999
      },
      "geometry": {
        "type": "Point",
        "coordinates": [
          135.597236,
          34.50045
        ]
      }
    },
    {
      "type": "Feature",
      "properties": {
        "P27_001": "27214",
        "P27_002": "3",
        "P27_003": "99999",
        "P27_004": "03142",
        "P27_005": "富田林市立青少年教育キャンプ場",
        "P27_006": "大字伏見堂1004-25",
        "P27_007": 3,
        "P27_008": -99,
        "P27_009": 9999
      },
      "geometry": {
        "type": "Point",
        "coordinates": [
          135.58884,
          34.459001
        ]
      }
    },
    {
      "type": "Feature",
      "properties": {
        "P27_001": "27214",
        "P27_002": "3",
        "P27_003": "99999",
        "P27_004": "03109",
        "P27_005": "富田林市立青少年スポーツホール",
        "P27_006": "久野喜台2-2-2",
        "P27_007": 3,
        "P27_008": -99,
        "P27_009": 9999
      },
      "geometry": {
        "type": "Point",
        "coordinates": [
          135.567421,
          34.497106
        ]
      }
    },
    {
      "type": "Feature",
      "properties": {
        "P27_001": "27214",
        "P27_002": "3",
        "P27_003": "99999",
        "P27_004": "03120",
        "P27_005": "富田林市立青少年スポーツホール",
        "P27_006": "久野喜台2-2-2",
        "P27_007": 3,
        "P27_008": -99,
        "P27_009": 9999
      },
      "geometry": {
        "type": "Point",
        "coordinates": [
          135.567427,
          34.497033
        ]
      }
    },
    {
      "type": "Feature",
      "properties": {
        "P27_001": "27214",
        "P27_002": "3",
        "P27_003": "99999",
        "P27_004": "03109",
        "P27_005": "富田林市立市民総合体育館",
        "P27_006": "美山台4-1",
        "P27_007": 4,
        "P27_008": -99,
        "P27_009": 9999
      },
      "geometry": {
        "type": "Point",
        "coordinates": [
          135.589291,
          34.500721
        ]
      }
    },
    {
      "type": "Feature",
      "properties": {
        "P27_001": "27214",
        "P27_002": "3",
        "P27_003": "99999",
        "P27_004": "03120",
        "P27_005": "富田林市立市民総合体育館",
        "P27_006": "美山台4-1",
        "P27_007": 4,
        "P27_008": -99,
        "P27_009": 9999
      },
      "geometry": {
        "type": "Point",
        "coordinates": [
          135.589288,
          34.500677
        ]
      }
    },
    {
      "type": "Feature",
      "properties": {
        "P27_001": "27214",
        "P27_002": "3",
        "P27_003": "99999",
        "P27_004": "03129",
        "P27_005": "富田林市立市民総合体育館",
        "P27_006": "美山台4-1",
        "P27_007": 4,
        "P27_008": -99,
        "P27_009": 9999
      },
      "geometry": {
        "type": "Point",
        "coordinates": [
          135.589285,
          34.500636
        ]
      }
    },
    {
      "type": "Feature",
      "properties": {
        "P27_001": "27214",
        "P27_002": "3",
        "P27_003": "99999",
        "P27_004": "03116",
        "P27_005": "富田林市立市民総合体育館",
        "P27_006": "美山台4-1",
        "P27_007": 4,
        "P27_008": -99,
        "P27_009": 9999
      },
      "geometry": {
        "type": "Point",
        "coordinates": [
          135.589285,
          34.500592
        ]
      }
    },
    {
      "type": "Feature",
      "properties": {
        "P27_001": "27214",
        "P27_002": "3",
        "P27_003": "99999",
        "P27_004": "03110",
        "P27_005": "富田林市立市民総合体育館",
        "P27_006": "美山台4-1",
        "P27_007": 4,
        "P27_008": -99,
        "P27_009": 9999
      },
      "geometry": {
        "type": "Point",
        "coordinates": [
          135.589285,
          34.500547
        ]
      }
    },
    {
      "type": "Feature",
      "properties": {
        "P27_001": "27214",
        "P27_002": "3",
        "P27_003": "99999",
        "P27_004": "03111",
        "P27_005": "富田林市立市民総合体育館",
        "P27_006": "美山台4-1",
        "P27_007": 4,
        "P27_008": -99,
        "P27_009": 9999
      },
      "geometry": {
        "type": "Point",
        "coordinates": [
          135.589285,
          34.500503
        ]
      }
    },
    {
      "type": "Feature",
      "properties": {
        "P27_001": "27214",
        "P27_002": "3",
        "P27_003": "99999",
        "P27_004": "03106",
        "P27_005": "富田林市立金剛プール",
        "P27_006": "久野喜台2-2-2",
        "P27_007": 4,
        "P27_008": -99,
        "P27_009": 9999
      },
      "geometry": {
        "type": "Point",
        "coordinates": [
          135.566936,
          34.496824
        ]
      }
    },
    {
      "type": "Feature",
      "properties": {
        "P27_001": "27214",
        "P27_002": "3",
        "P27_003": "99999",
        "P27_004": "03106",
        "P27_005": "富田林市営大伴プール",
        "P27_006": "山中田町1-5-8",
        "P27_007": 4,
        "P27_008": -99,
        "P27_009": 9999
      },
      "geometry": {
        "type": "Point",
        "coordinates": [
          135.609522,
          34.499219
        ]
      }
    },
    {
      "type": "Feature",
      "properties": {
        "P27_001": "27214",
        "P27_002": "3",
        "P27_003": "99999",
        "P27_004": "03106",
        "P27_005": "富田林市営川西プール",
        "P27_006": "桜ヶ丘町4-7",
        "P27_007": 3,
        "P27_008": -99,
        "P27_009": 9999
      },
      "geometry": {
        "type": "Point",
        "coordinates": [
          135.585447,
          34.493433
        ]
      }
    },
    {
      "type": "Feature",
      "properties": {
        "P27_001": "27214",
        "P27_002": "3",
        "P27_003": "99999",
        "P27_004": "03106",
        "P27_005": "富田林市営喜志プール",
        "P27_006": "喜志町1-5-29",
        "P27_007": 3,
        "P27_008": -99,
        "P27_009": 9999
      },
      "geometry": {
        "type": "Point",
        "coordinates": [
          135.616159,
          34.522462
        ]
      }
    },
    {
      "type": "Feature",
      "properties": {
        "P27_001": "27214",
        "P27_002": "3",
        "P27_003": "99999",
        "P27_004": "03115",
        "P27_005": "総合スポーツ公園テニスコート",
        "P27_006": "大字佐備2467-1",
        "P27_007": 4,
        "P27_008": -99,
        "P27_009": 9999
      },
      "geometry": {
        "type": "Point",
        "coordinates": [
          135.612803,
          34.456789
        ]
      }
    },
    {
      "type": "Feature",
      "properties": {
        "P27_001": "27214",
        "P27_002": "3",
        "P27_003": "99999",
        "P27_004": "03115",
        "P27_005": "富田林市立津々山台第２テニスコート",
        "P27_006": "津々山台4-73",
        "P27_007": 3,
        "P27_008": -99,
        "P27_009": 9999
      },
      "geometry": {
        "type": "Point",
        "coordinates": [
          135.581392,
          34.492049
        ]
      }
    },
    {
      "type": "Feature",
      "properties": {
        "P27_001": "27214",
        "P27_002": "3",
        "P27_003": "99999",
        "P27_004": "03115",
        "P27_005": "富田林市立津々山台テニスコート",
        "P27_006": "津々山台2-8",
        "P27_007": 3,
        "P27_008": -99,
        "P27_009": 9999
      },
      "geometry": {
        "type": "Point",
        "coordinates": [
          135.576962,
          34.495275
        ]
      }
    },
    {
      "type": "Feature",
      "properties": {
        "P27_001": "27214",
        "P27_002": "3",
        "P27_003": "99999",
        "P27_004": "03115",
        "P27_005": "富田林市立石川河川敷錦織運動広場テニスコート",
        "P27_006": "錦織296",
        "P27_007": 3,
        "P27_008": -99,
        "P27_009": 9999
      },
      "geometry": {
        "type": "Point",
        "coordinates": [
          135.588235,
          34.48094
        ]
      }
    },
    {
      "type": "Feature",
      "properties": {
        "P27_001": "27214",
        "P27_002": "3",
        "P27_003": "99999",
        "P27_004": "03115",
        "P27_005": "富田林市立金剛東テニスコート",
        "P27_006": "向陽台3-2",
        "P27_007": 3,
        "P27_008": -99,
        "P27_009": 9999
      },
      "geometry": {
        "type": "Point",
        "coordinates": [
          135.578554,
          34.502921
        ]
      }
    },
    {
      "type": "Feature",
      "properties": {
        "P27_001": "27214",
        "P27_002": "3",
        "P27_003": "99999",
        "P27_004": "03115",
        "P27_005": "富田林市立金剛テニスコート",
        "P27_006": "久野喜台2-2-2",
        "P27_007": 4,
        "P27_008": -99,
        "P27_009": 9999
      },
      "geometry": {
        "type": "Point",
        "coordinates": [
          135.567189,
          34.496952
        ]
      }
    },
    {
      "type": "Feature",
      "properties": {
        "P27_001": "27214",
        "P27_002": "3",
        "P27_003": "99999",
        "P27_004": "03115",
        "P27_005": "富田林市立中野テニスコート",
        "P27_006": "中野町西1-391外",
        "P27_007": 3,
        "P27_008": -99,
        "P27_009": 9999
      },
      "geometry": {
        "type": "Point",
        "coordinates": [
          135.601861,
          34.512219
        ]
      }
    },
    {
      "type": "Feature",
      "properties": {
        "P27_001": "27214",
        "P27_002": "3",
        "P27_003": "99999",
        "P27_004": "03101",
        "P27_005": "総合スポーツ公園多目的競技場",
        "P27_006": "大字佐備2467-1",
        "P27_007": 4,
        "P27_008": -99,
        "P27_009": 9999
      },
      "geometry": {
        "type": "Point",
        "coordinates": [
          135.6125,
          34.455618
        ]
      }
    },
    {
      "type": "Feature",
      "properties": {
        "P27_001": "27214",
        "P27_002": "3",
        "P27_003": "99999",
        "P27_004": "03102",
        "P27_005": "総合スポーツ公園多目的競技場",
        "P27_006": "大字佐備2467-1",
        "P27_007": 4,
        "P27_008": -99,
        "P27_009": 9999
      },
      "geometry": {
        "type": "Point",
        "coordinates": [
          135.612494,
          34.455515
        ]
      }
    },
    {
      "type": "Feature",
      "properties": {
        "P27_001": "27214",
        "P27_002": "3",
        "P27_003": "99999",
        "P27_004": "03103",
        "P27_005": "総合スポーツ公園多目的競技場",
        "P27_006": "大字佐備2467-1",
        "P27_007": 4,
        "P27_008": -99,
        "P27_009": 9999
      },
      "geometry": {
        "type": "Point",
        "coordinates": [
          135.6125,
          34.455408
        ]
      }
    },
    {
      "type": "Feature",
      "properties": {
        "P27_001": "27214",
        "P27_002": "3",
        "P27_003": "99999",
        "P27_004": "03102",
        "P27_005": "富田林市立金剛東グラウンド",
        "P27_006": "向陽台3-2",
        "P27_007": 3,
        "P27_008": -99,
        "P27_009": 9999
      },
      "geometry": {
        "type": "Point",
        "coordinates": [
          135.579457,
          34.502769
        ]
      }
    },
    {
      "type": "Feature",
      "properties": {
        "P27_001": "27214",
        "P27_002": "3",
        "P27_003": "99999",
        "P27_004": "03102",
        "P27_005": "富田林市立金剛中央グラウンド",
        "P27_006": "久野喜台2-2",
        "P27_007": 4,
        "P27_008": -99,
        "P27_009": 9999
      },
      "geometry": {
        "type": "Point",
        "coordinates": [
          135.566737,
          34.49765
        ]
      }
    },
    {
      "type": "Feature",
      "properties": {
        "P27_001": "27214",
        "P27_002": "3",
        "P27_003": "99999",
        "P27_004": "03102",
        "P27_005": "富田林市立喜志プール横グラウンド",
        "P27_006": "喜志町1-5-29",
        "P27_007": 3,
        "P27_008": -99,
        "P27_009": 9999
      },
      "geometry": {
        "type": "Point",
        "coordinates": [
          135.616102,
          34.521551
        ]
      }
    },
    {
      "type": "Feature",
      "properties": {
        "P27_001": "27214",
        "P27_002": "3",
        "P27_003": "99999",
        "P27_004": "03103",
        "P27_005": "富田林市立喜志プール横グラウンド",
        "P27_006": "喜志町1-5-29",
        "P27_007": 3,
        "P27_008": -99,
        "P27_009": 9999
      },
      "geometry": {
        "type": "Point",
        "coordinates": [
          135.616105,
          34.521668
        ]
      }
    },
    {
      "type": "Feature",
      "properties": {
        "P27_001": "27214",
        "P27_002": "3",
        "P27_003": "99999",
        "P27_004": "03103",
        "P27_005": "富田林市立石川河川敷石川グラウンド",
        "P27_006": "富田林町18",
        "P27_007": 3,
        "P27_008": -99,
        "P27_009": 9999
      },
      "geometry": {
        "type": "Point",
        "coordinates": [
          135.602757,
          34.498144
        ]
      }
    },
    {
      "type": "Feature",
      "properties": {
        "P27_001": "27214",
        "P27_002": "3",
        "P27_003": "99999",
        "P27_004": "03138",
        "P27_005": "富田林市立石川河川敷石川グラウンド",
        "P27_006": "富田林町18",
        "P27_007": 3,
        "P27_008": -99,
        "P27_009": 9999
      },
      "geometry": {
        "type": "Point",
        "coordinates": [
          135.602204,
          34.497757
        ]
      }
    },
    {
      "type": "Feature",
      "properties": {
        "P27_001": "27214",
        "P27_002": "3",
        "P27_003": "99999",
        "P27_004": "03102",
        "P27_005": "富田林市立石川河川敷大伴グラウンド",
        "P27_006": "大字北大伴612-4地先",
        "P27_007": 3,
        "P27_008": -99,
        "P27_009": 9999
      },
      "geometry": {
        "type": "Point",
        "coordinates": [
          135.616179,
          34.505478
        ]
      }
    },
    {
      "type": "Feature",
      "properties": {
        "P27_001": "27214",
        "P27_002": "3",
        "P27_003": "99999",
        "P27_004": "03102",
        "P27_005": "富田林市立石川河川敷西板持グラウンド",
        "P27_006": "西板持町4-4",
        "P27_007": 3,
        "P27_008": -99,
        "P27_009": 9999
      },
      "geometry": {
        "type": "Point",
        "coordinates": [
          135.595823,
          34.490424
        ]
      }
    },
    {
      "type": "Feature",
      "properties": {
        "P27_001": "27214",
        "P27_002": "3",
        "P27_003": "99999",
        "P27_004": "03102",
        "P27_005": "富田林市立石川河川敷川西グラウンド",
        "P27_006": "西板持町1-126",
        "P27_007": 3,
        "P27_008": -99,
        "P27_009": 9999
      },
      "geometry": {
        "type": "Point",
        "coordinates": [
          135.598469,
          34.49319
        ]
      }
    },
    {
      "type": "Feature",
      "properties": {
        "P27_001": "27214",
        "P27_002": "3",
        "P27_003": "99999",
        "P27_004": "03103",
        "P27_005": "富田林市立石川河川敷川西グラウンド",
        "P27_006": "西板持町1-126",
        "P27_007": 3,
        "P27_008": -99,
        "P27_009": 9999
      },
      "geometry": {
        "type": "Point",
        "coordinates": [
          135.598463,
          34.493092
        ]
      }
    },
    {
      "type": "Feature",
      "properties": {
        "P27_001": "27214",
        "P27_002": "3",
        "P27_003": "99999",
        "P27_004": "03102",
        "P27_005": "富田林市立石川河川敷喜志グラウンド",
        "P27_006": "西条町1-944地先",
        "P27_007": 3,
        "P27_008": -99,
        "P27_009": 9999
      },
      "geometry": {
        "type": "Point",
        "coordinates": [
          135.619462,
          34.515663
        ]
      }
    },
    {
      "type": "Feature",
      "properties": {
        "P27_001": "27214",
        "P27_002": "3",
        "P27_003": "99999",
        "P27_004": "03103",
        "P27_005": "富田林市立石川河川敷喜志グラウンド",
        "P27_006": "西条町1-944地先",
        "P27_007": 3,
        "P27_008": -99,
        "P27_009": 9999
      },
      "geometry": {
        "type": "Point",
        "coordinates": [
          135.619462,
          34.515771
        ]
      }
    },
    {
      "type": "Feature",
      "properties": {
        "P27_001": "27214",
        "P27_002": "3",
        "P27_003": "99999",
        "P27_004": "03102",
        "P27_005": "総合スポーツ公園野球場",
        "P27_006": "大字佐備2467-1",
        "P27_007": 4,
        "P27_008": -99,
        "P27_009": 9999
      },
      "geometry": {
        "type": "Point",
        "coordinates": [
          135.61102,
          34.456853
        ]
      }
    },
    {
      "type": "Feature",
      "properties": {
        "P27_001": "27221",
        "P27_002": "3",
        "P27_003": "99999",
        "P27_004": "03142",
        "P27_005": "柏原市青少年教育キャンプ場",
        "P27_006": "雁多尾畑3842",
        "P27_007": 3,
        "P27_008": -99,
        "P27_009": 9999
      },
      "geometry": {
        "type": "Point",
        "coordinates": [
          135.653699,
          34.594135
        ]
      }
    },
    {
      "type": "Feature",
      "properties": {
        "P27_001": "27221",
        "P27_002": "3",
        "P27_003": "99999",
        "P27_004": "03109",
        "P27_005": "柏原市立第二体育館",
        "P27_006": "安堂町9-20",
        "P27_007": 4,
        "P27_008": -99,
        "P27_009": 9999
      },
      "geometry": {
        "type": "Point",
        "coordinates": [
          135.633305,
          34.581323
        ]
      }
    },
    {
      "type": "Feature",
      "properties": {
        "P27_001": "27221",
        "P27_002": "3",
        "P27_003": "99999",
        "P27_004": "03120",
        "P27_005": "柏原市立第二体育館",
        "P27_006": "安堂町9-20",
        "P27_007": 4,
        "P27_008": -99,
        "P27_009": 9999
      },
      "geometry": {
        "type": "Point",
        "coordinates": [
          135.633305,
          34.581281
        ]
      }
    },
    {
      "type": "Feature",
      "properties": {
        "P27_001": "27221",
        "P27_002": "3",
        "P27_003": "99999",
        "P27_004": "03110",
        "P27_005": "柏原市立第二体育館",
        "P27_006": "安堂町9-20",
        "P27_007": 4,
        "P27_008": -99,
        "P27_009": 9999
      },
      "geometry": {
        "type": "Point",
        "coordinates": [
          135.633302,
          34.58124
        ]
      }
    },
    {
      "type": "Feature",
      "properties": {
        "P27_001": "27221",
        "P27_002": "3",
        "P27_003": "99999",
        "P27_004": "03111",
        "P27_005": "柏原市立第二体育館",
        "P27_006": "安堂町9-20",
        "P27_007": 4,
        "P27_008": -99,
        "P27_009": 9999
      },
      "geometry": {
        "type": "Point",
        "coordinates": [
          135.633302,
          34.581196
        ]
      }
    },
    {
      "type": "Feature",
      "properties": {
        "P27_001": "27221",
        "P27_002": "3",
        "P27_003": "99999",
        "P27_004": "03113",
        "P27_005": "柏原市立第二体育館",
        "P27_006": "安堂町9-20",
        "P27_007": 4,
        "P27_008": -99,
        "P27_009": 9999
      },
      "geometry": {
        "type": "Point",
        "coordinates": [
          135.633302,
          34.581154
        ]
      }
    },
    {
      "type": "Feature",
      "properties": {
        "P27_001": "27221",
        "P27_002": "3",
        "P27_003": "99999",
        "P27_004": "03109",
        "P27_005": "柏原市立体育館",
        "P27_006": "玉手町25-80",
        "P27_007": 4,
        "P27_008": -99,
        "P27_009": 9999
      },
      "geometry": {
        "type": "Point",
        "coordinates": [
          135.630463,
          34.56721
        ]
      }
    },
    {
      "type": "Feature",
      "properties": {
        "P27_001": "27221",
        "P27_002": "3",
        "P27_003": "99999",
        "P27_004": "03120",
        "P27_005": "柏原市立体育館",
        "P27_006": "玉手町25-80",
        "P27_007": 4,
        "P27_008": -99,
        "P27_009": 9999
      },
      "geometry": {
        "type": "Point",
        "coordinates": [
          135.630463,
          34.567141
        ]
      }
    },
    {
      "type": "Feature",
      "properties": {
        "P27_001": "27221",
        "P27_002": "3",
        "P27_003": "99999",
        "P27_004": "03116",
        "P27_005": "柏原市立体育館",
        "P27_006": "玉手町25-80",
        "P27_007": 4,
        "P27_008": -99,
        "P27_009": 9999
      },
      "geometry": {
        "type": "Point",
        "coordinates": [
          135.630463,
          34.567068
        ]
      }
    },
    {
      "type": "Feature",
      "properties": {
        "P27_001": "27221",
        "P27_002": "3",
        "P27_003": "99999",
        "P27_004": "03129",
        "P27_005": "柏原市立体育館",
        "P27_006": "玉手町25-80",
        "P27_007": 4,
        "P27_008": -99,
        "P27_009": 9999
      },
      "geometry": {
        "type": "Point",
        "coordinates": [
          135.630457,
          34.56699
        ]
      }
    },
    {
      "type": "Feature",
      "properties": {
        "P27_001": "27221",
        "P27_002": "3",
        "P27_003": "99999",
        "P27_004": "03115",
        "P27_005": "堅下運動広場テニスコート",
        "P27_006": "大県3-576-1",
        "P27_007": 4,
        "P27_008": -99,
        "P27_009": 9999
      },
      "geometry": {
        "type": "Point",
        "coordinates": [
          135.629997,
          34.586128
        ]
      }
    },
    {
      "type": "Feature",
      "properties": {
        "P27_001": "27221",
        "P27_002": "3",
        "P27_003": "99999",
        "P27_004": "03115",
        "P27_005": "青谷青少年運動広場テニスコート",
        "P27_006": "青谷130-11",
        "P27_007": 4,
        "P27_008": -99,
        "P27_009": 9999
      },
      "geometry": {
        "type": "Point",
        "coordinates": [
          135.654045,
          34.569308
        ]
      }
    },
    {
      "type": "Feature",
      "properties": {
        "P27_001": "27221",
        "P27_002": "3",
        "P27_003": "99999",
        "P27_004": "03115",
        "P27_005": "柏原市片山庭球場",
        "P27_006": "片山町541",
        "P27_007": 4,
        "P27_008": -99,
        "P27_009": 9999
      },
      "geometry": {
        "type": "Point",
        "coordinates": [
          135.627369,
          34.573573
        ]
      }
    },
    {
      "type": "Feature",
      "properties": {
        "P27_001": "27221",
        "P27_002": "3",
        "P27_003": "99999",
        "P27_004": "03102",
        "P27_005": "青谷青少年運動広場",
        "P27_006": "大字青谷130-11",
        "P27_007": 4,
        "P27_008": -99,
        "P27_009": 9999
      },
      "geometry": {
        "type": "Point",
        "coordinates": [
          135.654107,
          34.56993
        ]
      }
    },
    {
      "type": "Feature",
      "properties": {
        "P27_001": "27221",
        "P27_002": "3",
        "P27_003": "99999",
        "P27_004": "03103",
        "P27_005": "青谷青少年運動広場",
        "P27_006": "大字青谷130-11",
        "P27_007": 4,
        "P27_008": -99,
        "P27_009": 9999
      },
      "geometry": {
        "type": "Point",
        "coordinates": [
          135.654104,
          34.569827
        ]
      }
    },
    {
      "type": "Feature",
      "properties": {
        "P27_001": "27221",
        "P27_002": "3",
        "P27_003": "99999",
        "P27_004": "03102",
        "P27_005": "円明運動広場",
        "P27_006": "円明1000-170",
        "P27_007": 3,
        "P27_008": -99,
        "P27_009": 9999
      },
      "geometry": {
        "type": "Point",
        "coordinates": [
          135.628831,
          34.555127
        ]
      }
    },
    {
      "type": "Feature",
      "properties": {
        "P27_001": "27221",
        "P27_002": "3",
        "P27_003": "99999",
        "P27_004": "03103",
        "P27_005": "円明運動広場",
        "P27_006": "円明1000-170",
        "P27_007": 3,
        "P27_008": -99,
        "P27_009": 9999
      },
      "geometry": {
        "type": "Point",
        "coordinates": [
          135.628825,
          34.55502
        ]
      }
    },
    {
      "type": "Feature",
      "properties": {
        "P27_001": "27221",
        "P27_002": "3",
        "P27_003": "99999",
        "P27_004": "03102",
        "P27_005": "東山運動広場",
        "P27_006": "大字雁多尾畑3158",
        "P27_007": 3,
        "P27_008": -99,
        "P27_009": 9999
      },
      "geometry": {
        "type": "Point",
        "coordinates": [
          135.657404,
          34.59649
        ]
      }
    },
    {
      "type": "Feature",
      "properties": {
        "P27_001": "27221",
        "P27_002": "3",
        "P27_003": "99999",
        "P27_004": "03102",
        "P27_005": "片山青少年運動広場",
        "P27_006": "片山町575",
        "P27_007": 4,
        "P27_008": -99,
        "P27_009": 9999
      },
      "geometry": {
        "type": "Point",
        "coordinates": [
          135.628684,
          34.573668
        ]
      }
    },
    {
      "type": "Feature",
      "properties": {
        "P27_001": "27212",
        "P27_002": "3",
        "P27_003": "99999",
        "P27_004": "03105",
        "P27_005": "八尾市立屋内プール（しぶき）",
        "P27_006": "上尾町7-1-17",
        "P27_007": 4,
        "P27_008": -99,
        "P27_009": 9999
      },
      "geometry": {
        "type": "Point",
        "coordinates": [
          135.631796,
          34.639829
        ]
      }
    },
    {
      "type": "Feature",
      "properties": {
        "P27_001": "27212",
        "P27_002": "3",
        "P27_003": "99999",
        "P27_004": "03129",
        "P27_005": "八尾市立屋内プール（しぶき）",
        "P27_006": "上尾町7-1-17",
        "P27_007": 4,
        "P27_008": -99,
        "P27_009": 9999
      },
      "geometry": {
        "type": "Point",
        "coordinates": [
          135.631802,
          34.639746
        ]
      }
    },
    {
      "type": "Feature",
      "properties": {
        "P27_001": "27212",
        "P27_002": "3",
        "P27_003": "99999",
        "P27_004": "03132",
        "P27_005": "八尾市立屋内プール（しぶき）",
        "P27_006": "上尾町7-1-17",
        "P27_007": 4,
        "P27_008": -99,
        "P27_009": 9999
      },
      "geometry": {
        "type": "Point",
        "coordinates": [
          135.631796,
          34.639663
        ]
      }
    },
    {
      "type": "Feature",
      "properties": {
        "P27_001": "27212",
        "P27_002": "3",
        "P27_003": "99999",
        "P27_004": "03109",
        "P27_005": "八尾市立大畑山青少年野外活動センター（アクトランドＹＡＯ）",
        "P27_006": "恩智中町4-55",
        "P27_007": 4,
        "P27_008": -99,
        "P27_009": 9999
      },
      "geometry": {
        "type": "Point",
        "coordinates": [
          135.636005,
          34.609345
        ]
      }
    },
    {
      "type": "Feature",
      "properties": {
        "P27_001": "27212",
        "P27_002": "3",
        "P27_003": "99999",
        "P27_004": "03138",
        "P27_005": "八尾市立大畑山青少年野外活動センター（アクトランドＹＡＯ）",
        "P27_006": "恩智中町4-55",
        "P27_007": 4,
        "P27_008": -99,
        "P27_009": 9999
      },
      "geometry": {
        "type": "Point",
        "coordinates": [
          135.635678,
          34.6089
        ]
      }
    },
    {
      "type": "Feature",
      "properties": {
        "P27_001": "27212",
        "P27_002": "3",
        "P27_003": "99999",
        "P27_004": "03142",
        "P27_005": "八尾市立大畑山青少年野外活動センター（アクトランドＹＡＯ）",
        "P27_006": "恩智中町4-55",
        "P27_007": 4,
        "P27_008": -99,
        "P27_009": 9999
      },
      "geometry": {
        "type": "Point",
        "coordinates": [
          135.6373,
          34.608983
        ]
      }
    },
    {
      "type": "Feature",
      "properties": {
        "P27_001": "27212",
        "P27_002": "3",
        "P27_003": "99999",
        "P27_004": "03111",
        "P27_005": "八尾市立大畑山青少年野外活動センター（アクトランドＹＡＯ）",
        "P27_006": "恩智中町4-55",
        "P27_007": 4,
        "P27_008": -99,
        "P27_009": 9999
      },
      "geometry": {
        "type": "Point",
        "coordinates": [
          135.635999,
          34.609277
        ]
      }
    },
    {
      "type": "Feature",
      "properties": {
        "P27_001": "27212",
        "P27_002": "3",
        "P27_003": "99999",
        "P27_004": "03113",
        "P27_005": "八尾市立大畑山青少年野外活動センター（アクトランドＹＡＯ）",
        "P27_006": "恩智中町4-55",
        "P27_007": 4,
        "P27_008": -99,
        "P27_009": 9999
      },
      "geometry": {
        "type": "Point",
        "coordinates": [
          135.635999,
          34.609203
        ]
      }
    },
    {
      "type": "Feature",
      "properties": {
        "P27_001": "27212",
        "P27_002": "3",
        "P27_003": "99999",
        "P27_004": "03109",
        "P27_005": "八尾市立総合体育館（ウイング）",
        "P27_006": "青山町3-5-24",
        "P27_007": 4,
        "P27_008": -99,
        "P27_009": 9999
      },
      "geometry": {
        "type": "Point",
        "coordinates": [
          135.613298,
          34.622666
        ]
      }
    },
    {
      "type": "Feature",
      "properties": {
        "P27_001": "27212",
        "P27_002": "3",
        "P27_003": "99999",
        "P27_004": "03120",
        "P27_005": "八尾市立総合体育館（ウイング）",
        "P27_006": "青山町3-5-24",
        "P27_007": 4,
        "P27_008": -99,
        "P27_009": 9999
      },
      "geometry": {
        "type": "Point",
        "coordinates": [
          135.613292,
          34.622624
        ]
      }
    },
    {
      "type": "Feature",
      "properties": {
        "P27_001": "27212",
        "P27_002": "3",
        "P27_003": "99999",
        "P27_004": "03116",
        "P27_005": "八尾市立総合体育館（ウイング）",
        "P27_006": "青山町3-5-24",
        "P27_007": 4,
        "P27_008": -99,
        "P27_009": 9999
      },
      "geometry": {
        "type": "Point",
        "coordinates": [
          135.613292,
          34.62258
        ]
      }
    },
    {
      "type": "Feature",
      "properties": {
        "P27_001": "27212",
        "P27_002": "3",
        "P27_003": "99999",
        "P27_004": "03110",
        "P27_005": "八尾市立総合体育館（ウイング）",
        "P27_006": "青山町3-5-24",
        "P27_007": 4,
        "P27_008": -99,
        "P27_009": 9999
      },
      "geometry": {
        "type": "Point",
        "coordinates": [
          135.613292,
          34.622534
        ]
      }
    },
    {
      "type": "Feature",
      "properties": {
        "P27_001": "27212",
        "P27_002": "3",
        "P27_003": "99999",
        "P27_004": "03111",
        "P27_005": "八尾市立総合体育館（ウイング）",
        "P27_006": "青山町3-5-24",
        "P27_007": 4,
        "P27_008": -99,
        "P27_009": 9999
      },
      "geometry": {
        "type": "Point",
        "coordinates": [
          135.613292,
          34.62249
        ]
      }
    },
    {
      "type": "Feature",
      "properties": {
        "P27_001": "27212",
        "P27_002": "3",
        "P27_003": "99999",
        "P27_004": "03113",
        "P27_005": "八尾市立総合体育館（ウイング）",
        "P27_006": "青山町3-5-24",
        "P27_007": 4,
        "P27_008": -99,
        "P27_009": 9999
      },
      "geometry": {
        "type": "Point",
        "coordinates": [
          135.613295,
          34.622443
        ]
      }
    },
    {
      "type": "Feature",
      "properties": {
        "P27_001": "27212",
        "P27_002": "3",
        "P27_003": "99999",
        "P27_004": "03132",
        "P27_005": "八尾市立総合体育館（ウイング）",
        "P27_006": "青山町3-5-24",
        "P27_007": 4,
        "P27_008": -99,
        "P27_009": 9999
      },
      "geometry": {
        "type": "Point",
        "coordinates": [
          135.613298,
          34.622397
        ]
      }
    },
    {
      "type": "Feature",
      "properties": {
        "P27_001": "27212",
        "P27_002": "3",
        "P27_003": "99999",
        "P27_004": "03121",
        "P27_005": "八尾市立総合体育館（ウイング）",
        "P27_006": "青山町3-5-24",
        "P27_007": 4,
        "P27_008": -99,
        "P27_009": 9999
      },
      "geometry": {
        "type": "Point",
        "coordinates": [
          135.613298,
          34.62235
        ]
      }
    },
    {
      "type": "Feature",
      "properties": {
        "P27_001": "27212",
        "P27_002": "3",
        "P27_003": "99999",
        "P27_004": "03122",
        "P27_005": "八尾市立総合体育館（ウイング）",
        "P27_006": "青山町3-5-24",
        "P27_007": 4,
        "P27_008": -99,
        "P27_009": 9999
      },
      "geometry": {
        "type": "Point",
        "coordinates": [
          135.613268,
          34.622257
        ]
      }
    },
    {
      "type": "Feature",
      "properties": {
        "P27_001": "27212",
        "P27_002": "3",
        "P27_003": "99999",
        "P27_004": "03115",
        "P27_005": "八尾市立志紀テニス場",
        "P27_006": "志紀町西1-3",
        "P27_007": 4,
        "P27_008": -99,
        "P27_009": 9999
      },
      "geometry": {
        "type": "Point",
        "coordinates": [
          135.607465,
          34.604619
        ]
      }
    },
    {
      "type": "Feature",
      "properties": {
        "P27_001": "27212",
        "P27_002": "3",
        "P27_003": "99999",
        "P27_004": "03115",
        "P27_005": "八尾市立小阪合テニス場",
        "P27_006": "南小阪合町1-2-7",
        "P27_007": 4,
        "P27_008": -99,
        "P27_009": 9999
      },
      "geometry": {
        "type": "Point",
        "coordinates": [
          135.613305,
          34.624372
        ]
      }
    },
    {
      "type": "Feature",
      "properties": {
        "P27_001": "27212",
        "P27_002": "3",
        "P27_003": "99999",
        "P27_004": "03115",
        "P27_005": "大和川河川敷公園テニスコート",
        "P27_006": "太田9",
        "P27_007": 3,
        "P27_008": -99,
        "P27_009": 9999
      },
      "geometry": {
        "type": "Point",
        "coordinates": [
          135.594213,
          34.586103
        ]
      }
    },
    {
      "type": "Feature",
      "properties": {
        "P27_001": "27212",
        "P27_002": "3",
        "P27_003": "99999",
        "P27_004": "03104",
        "P27_005": "八尾市立福万寺町市民運動広場",
        "P27_006": "福万寺町北4および5地内（恩智川治水緑地内）",
        "P27_007": 4,
        "P27_008": -99,
        "P27_009": 9999
      },
      "geometry": {
        "type": "Point",
        "coordinates": [
          135.623847,
          34.648591
        ]
      }
    },
    {
      "type": "Feature",
      "properties": {
        "P27_001": "27212",
        "P27_002": "3",
        "P27_003": "99999",
        "P27_004": "03102",
        "P27_005": "八尾市立福万寺町市民運動広場",
        "P27_006": "福万寺町北4および5地内（恩智川治水緑地内）",
        "P27_007": 4,
        "P27_008": -99,
        "P27_009": 9999
      },
      "geometry": {
        "type": "Point",
        "coordinates": [
          135.623835,
          34.648498
        ]
      }
    },
    {
      "type": "Feature",
      "properties": {
        "P27_001": "27212",
        "P27_002": "3",
        "P27_003": "99999",
        "P27_004": "03103",
        "P27_005": "八尾市立福万寺町市民運動広場",
        "P27_006": "福万寺町北4および5地内（恩智川治水緑地内）",
        "P27_007": 4,
        "P27_008": -99,
        "P27_009": 9999
      },
      "geometry": {
        "type": "Point",
        "coordinates": [
          135.622771,
          34.648332
        ]
      }
    },
    {
      "type": "Feature",
      "properties": {
        "P27_001": "27212",
        "P27_002": "3",
        "P27_003": "99999",
        "P27_004": "03138",
        "P27_005": "八尾市立福万寺町市民運動広場",
        "P27_006": "福万寺町北4および5地内（恩智川治水緑地内）",
        "P27_007": 4,
        "P27_008": -99,
        "P27_009": 9999
      },
      "geometry": {
        "type": "Point",
        "coordinates": [
          135.623841,
          34.648405
        ]
      }
    },
    {
      "type": "Feature",
      "properties": {
        "P27_001": "27212",
        "P27_002": "3",
        "P27_003": "99999",
        "P27_004": "03102",
        "P27_005": "八尾市立曙町市民運動広場",
        "P27_006": "曙町2-11-4",
        "P27_007": 4,
        "P27_008": -99,
        "P27_009": 9999
      },
      "geometry": {
        "type": "Point",
        "coordinates": [
          135.609873,
          34.60861
        ]
      }
    },
    {
      "type": "Feature",
      "properties": {
        "P27_001": "27212",
        "P27_002": "3",
        "P27_003": "99999",
        "P27_004": "03103",
        "P27_005": "八尾市立曙町市民運動広場",
        "P27_006": "曙町2-11-4",
        "P27_007": 4,
        "P27_008": -99,
        "P27_009": 9999
      },
      "geometry": {
        "type": "Point",
        "coordinates": [
          135.609867,
          34.608531
        ]
      }
    },
    {
      "type": "Feature",
      "properties": {
        "P27_001": "27212",
        "P27_002": "3",
        "P27_003": "99999",
        "P27_004": "03138",
        "P27_005": "八尾市立曙町市民運動広場",
        "P27_006": "曙町2-11-4",
        "P27_007": 4,
        "P27_008": -99,
        "P27_009": 9999
      },
      "geometry": {
        "type": "Point",
        "coordinates": [
          135.609867,
          34.608443
        ]
      }
    },
    {
      "type": "Feature",
      "properties": {
        "P27_001": "27212",
        "P27_002": "3",
        "P27_003": "99999",
        "P27_004": "03104",
        "P27_005": "大和川河川敷公園運動広場",
        "P27_006": "太田9",
        "P27_007": 3,
        "P27_008": -99,
        "P27_009": 9999
      },
      "geometry": {
        "type": "Point",
        "coordinates": [
          135.592745,
          34.586714
        ]
      }
    },
    {
      "type": "Feature",
      "properties": {
        "P27_001": "27212",
        "P27_002": "3",
        "P27_003": "99999",
        "P27_004": "03102",
        "P27_005": "八尾市立山本球場",
        "P27_006": "山本町7-9-11",
        "P27_007": 4,
        "P27_008": -99,
        "P27_009": 9999
      },
      "geometry": {
        "type": "Point",
        "coordinates": [
          135.621426,
          34.621021
        ]
      }
    },
    {
      "type": "Feature",
      "properties": {
        "P27_001": "27212",
        "P27_002": "3",
        "P27_003": "99999",
        "P27_004": "03102",
        "P27_005": "八尾市立桂公園野球場",
        "P27_006": "桂町4地内",
        "P27_007": 3,
        "P27_008": -99,
        "P27_009": 9999
      },
      "geometry": {
        "type": "Point",
        "coordinates": [
          135.609921,
          34.643953
        ]
      }
    },
    {
      "type": "Feature",
      "properties": {
        "P27_001": "27227",
        "P27_002": "3",
        "P27_003": "99999",
        "P27_004": "03138",
        "P27_005": "東大阪市立スポーツホール（かがやき）",
        "P27_006": "角田2-3-6",
        "P27_007": 3,
        "P27_008": -99,
        "P27_009": 9999
      },
      "geometry": {
        "type": "Point",
        "coordinates": [
          135.613503,
          34.68186
        ]
      }
    },
    {
      "type": "Feature",
      "properties": {
        "P27_001": "27227",
        "P27_002": "3",
        "P27_003": "99999",
        "P27_004": "03120",
        "P27_005": "東大阪市立スポーツホール（かがやき）",
        "P27_006": "角田2-3-6",
        "P27_007": 3,
        "P27_008": -99,
        "P27_009": 9999
      },
      "geometry": {
        "type": "Point",
        "coordinates": [
          135.613503,
          34.681782
        ]
      }
    },
    {
      "type": "Feature",
      "properties": {
        "P27_001": "27227",
        "P27_002": "3",
        "P27_003": "99999",
        "P27_004": "03113",
        "P27_005": "東大阪市立スポーツホール（かがやき）",
        "P27_006": "角田2-3-6",
        "P27_007": 3,
        "P27_008": -99,
        "P27_009": 9999
      },
      "geometry": {
        "type": "Point",
        "coordinates": [
          135.613509,
          34.681704
        ]
      }
    },
    {
      "type": "Feature",
      "properties": {
        "P27_001": "27227",
        "P27_002": "3",
        "P27_003": "99999",
        "P27_004": "03109",
        "P27_005": "東大阪市立スポーツホール（かがやき）",
        "P27_006": "角田2-3-6",
        "P27_007": 3,
        "P27_008": -99,
        "P27_009": 9999
      },
      "geometry": {
        "type": "Point",
        "coordinates": [
          135.613509,
          34.68163
        ]
      }
    },
    {
      "type": "Feature",
      "properties": {
        "P27_001": "27227",
        "P27_002": "3",
        "P27_003": "99999",
        "P27_004": "03138",
        "P27_005": "東大阪市立市民ふれあいホール（スポーツホール）",
        "P27_006": "鳥居町3-3（東消防署の4階）",
        "P27_007": 4,
        "P27_008": 4,
        "P27_009": 9999
      },
      "geometry": {
        "type": "Point",
        "coordinates": [
          135.640667,
          34.670034
        ]
      }
    },
    {
      "type": "Feature",
      "properties": {
        "P27_001": "27227",
        "P27_002": "3",
        "P27_003": "99999",
        "P27_004": "03112",
        "P27_005": "東大阪市立市民ふれあいホール（スポーツホール）",
        "P27_006": "鳥居町3-3（東消防署の4階）",
        "P27_007": 4,
        "P27_008": 4,
        "P27_009": 9999
      },
      "geometry": {
        "type": "Point",
        "coordinates": [
          135.640673,
          34.669961
        ]
      }
    },
    {
      "type": "Feature",
      "properties": {
        "P27_001": "27227",
        "P27_002": "3",
        "P27_003": "99999",
        "P27_004": "03132",
        "P27_005": "東大阪市立市民ふれあいホール（スポーツホール）",
        "P27_006": "鳥居町3-3（東消防署の4階）",
        "P27_007": 4,
        "P27_008": 4,
        "P27_009": 9999
      },
      "geometry": {
        "type": "Point",
        "coordinates": [
          135.640673,
          34.669887
        ]
      }
    },
    {
      "type": "Feature",
      "properties": {
        "P27_001": "27227",
        "P27_002": "3",
        "P27_003": "99999",
        "P27_004": "03118",
        "P27_005": "東大阪市立相撲場",
        "P27_006": "中小阪4-7-60",
        "P27_007": 3,
        "P27_008": -99,
        "P27_009": 9999
      },
      "geometry": {
        "type": "Point",
        "coordinates": [
          135.59388,
          34.656954
        ]
      }
    },
    {
      "type": "Feature",
      "properties": {
        "P27_001": "27227",
        "P27_002": "3",
        "P27_003": "99999",
        "P27_004": "03109",
        "P27_005": "東大阪市立総合体育館（東大阪アリーナ）",
        "P27_006": "中小坂4-7-60",
        "P27_007": 4,
        "P27_008": -99,
        "P27_009": 9999
      },
      "geometry": {
        "type": "Point",
        "coordinates": [
          135.59366,
          34.657863
        ]
      }
    },
    {
      "type": "Feature",
      "properties": {
        "P27_001": "27227",
        "P27_002": "3",
        "P27_003": "99999",
        "P27_004": "03129",
        "P27_005": "東大阪市立総合体育館（東大阪アリーナ）",
        "P27_006": "中小坂4-7-60",
        "P27_007": 4,
        "P27_008": -99,
        "P27_009": 9999
      },
      "geometry": {
        "type": "Point",
        "coordinates": [
          135.593637,
          34.658166
        ]
      }
    },
    {
      "type": "Feature",
      "properties": {
        "P27_001": "27227",
        "P27_002": "3",
        "P27_003": "99999",
        "P27_004": "03116",
        "P27_005": "東大阪市立総合体育館（東大阪アリーナ）",
        "P27_006": "中小坂4-7-60",
        "P27_007": 4,
        "P27_008": -99,
        "P27_009": 9999
      },
      "geometry": {
        "type": "Point",
        "coordinates": [
          135.593654,
          34.657785
        ]
      }
    },
    {
      "type": "Feature",
      "properties": {
        "P27_001": "27227",
        "P27_002": "3",
        "P27_003": "99999",
        "P27_004": "03120",
        "P27_005": "東大阪市立総合体育館（東大阪アリーナ）",
        "P27_006": "中小坂4-7-60",
        "P27_007": 4,
        "P27_008": -99,
        "P27_009": 9999
      },
      "geometry": {
        "type": "Point",
        "coordinates": [
          135.593654,
          34.657707
        ]
      }
    },
    {
      "type": "Feature",
      "properties": {
        "P27_001": "27227",
        "P27_002": "3",
        "P27_003": "99999",
        "P27_004": "03110",
        "P27_005": "東大阪市立総合体育館（東大阪アリーナ）",
        "P27_006": "中小坂4-7-60",
        "P27_007": 4,
        "P27_008": -99,
        "P27_009": 9999
      },
      "geometry": {
        "type": "Point",
        "coordinates": [
          135.593637,
          34.658098
        ]
      }
    },
    {
      "type": "Feature",
      "properties": {
        "P27_001": "27227",
        "P27_002": "3",
        "P27_003": "99999",
        "P27_004": "03111",
        "P27_005": "東大阪市立総合体育館（東大阪アリーナ）",
        "P27_006": "中小坂4-7-60",
        "P27_007": 4,
        "P27_008": -99,
        "P27_009": 9999
      },
      "geometry": {
        "type": "Point",
        "coordinates": [
          135.593637,
          34.658039
        ]
      }
    },
    {
      "type": "Feature",
      "properties": {
        "P27_001": "27227",
        "P27_002": "3",
        "P27_003": "99999",
        "P27_004": "03109",
        "P27_005": "東大阪市立東体育館",
        "P27_006": "鷹殿町1-2",
        "P27_007": 4,
        "P27_008": -99,
        "P27_009": 9999
      },
      "geometry": {
        "type": "Point",
        "coordinates": [
          135.63979,
          34.668319
        ]
      }
    },
    {
      "type": "Feature",
      "properties": {
        "P27_001": "27227",
        "P27_002": "3",
        "P27_003": "99999",
        "P27_004": "03116",
        "P27_005": "東大阪市立東体育館",
        "P27_006": "鷹殿町1-2",
        "P27_007": 4,
        "P27_008": -99,
        "P27_009": 9999
      },
      "geometry": {
        "type": "Point",
        "coordinates": [
          135.639784,
          34.668241
        ]
      }
    },
    {
      "type": "Feature",
      "properties": {
        "P27_001": "27227",
        "P27_002": "3",
        "P27_003": "99999",
        "P27_004": "03120",
        "P27_005": "東大阪市立東体育館",
        "P27_006": "鷹殿町1-2",
        "P27_007": 4,
        "P27_008": -99,
        "P27_009": 9999
      },
      "geometry": {
        "type": "Point",
        "coordinates": [
          135.639784,
          34.668163
        ]
      }
    },
    {
      "type": "Feature",
      "properties": {
        "P27_001": "27227",
        "P27_002": "3",
        "P27_003": "99999",
        "P27_004": "03110",
        "P27_005": "東大阪市立東体育館",
        "P27_006": "鷹殿町1-2",
        "P27_007": 4,
        "P27_008": -99,
        "P27_009": 9999
      },
      "geometry": {
        "type": "Point",
        "coordinates": [
          135.63979,
          34.66809
        ]
      }
    },
    {
      "type": "Feature",
      "properties": {
        "P27_001": "27227",
        "P27_002": "3",
        "P27_003": "99999",
        "P27_004": "03111",
        "P27_005": "東大阪市立東体育館",
        "P27_006": "鷹殿町1-2",
        "P27_007": 4,
        "P27_008": -99,
        "P27_009": 9999
      },
      "geometry": {
        "type": "Point",
        "coordinates": [
          135.639784,
          34.668007
        ]
      }
    },
    {
      "type": "Feature",
      "properties": {
        "P27_001": "27227",
        "P27_002": "3",
        "P27_003": "99999",
        "P27_004": "03105",
        "P27_005": "東大阪市立総合体育館屋内プール",
        "P27_006": "中小阪4-7-60",
        "P27_007": 4,
        "P27_008": -99,
        "P27_009": 9999
      },
      "geometry": {
        "type": "Point",
        "coordinates": [
          135.592828,
          34.657946
        ]
      }
    },
    {
      "type": "Feature",
      "properties": {
        "P27_001": "27227",
        "P27_002": "3",
        "P27_003": "99999",
        "P27_004": "03115",
        "P27_005": "荒本西公園庭球場",
        "P27_006": "荒本西2-38",
        "P27_007": 3,
        "P27_008": -99,
        "P27_009": 9999
      },
      "geometry": {
        "type": "Point",
        "coordinates": [
          135.600425,
          34.674075
        ]
      }
    },
    {
      "type": "Feature",
      "properties": {
        "P27_001": "27227",
        "P27_002": "3",
        "P27_003": "99999",
        "P27_004": "03115",
        "P27_005": "水走ルーフテニスコート",
        "P27_006": "水走1-14-19",
        "P27_007": 3,
        "P27_008": -99,
        "P27_009": 9999
      },
      "geometry": {
        "type": "Point",
        "coordinates": [
          135.632543,
          34.678488
        ]
      }
    },
    {
      "type": "Feature",
      "properties": {
        "P27_001": "27227",
        "P27_002": "3",
        "P27_003": "99999",
        "P27_004": "03115",
        "P27_005": "金岡公園庭球場",
        "P27_006": "大蓮東1-5-8",
        "P27_007": 3,
        "P27_008": -99,
        "P27_009": 9999
      },
      "geometry": {
        "type": "Point",
        "coordinates": [
          135.578587,
          34.643902
        ]
      }
    },
    {
      "type": "Feature",
      "properties": {
        "P27_001": "27227",
        "P27_002": "3",
        "P27_003": "99999",
        "P27_004": "03115",
        "P27_005": "中部緑地庭球場",
        "P27_006": "中新開2-7-17",
        "P27_007": 3,
        "P27_008": -99,
        "P27_009": 9999
      },
      "geometry": {
        "type": "Point",
        "coordinates": [
          135.621528,
          34.681664
        ]
      }
    },
    {
      "type": "Feature",
      "properties": {
        "P27_001": "27227",
        "P27_002": "3",
        "P27_003": "99999",
        "P27_004": "03115",
        "P27_005": "三ノ瀬公園庭球場",
        "P27_006": "三ノ瀬1-21",
        "P27_007": 3,
        "P27_008": -99,
        "P27_009": 9999
      },
      "geometry": {
        "type": "Point",
        "coordinates": [
          135.563935,
          34.65964
        ]
      }
    },
    {
      "type": "Feature",
      "properties": {
        "P27_001": "27227",
        "P27_002": "3",
        "P27_003": "99999",
        "P27_004": "03102",
        "P27_005": "東大阪市立菱屋東公園児童野球場",
        "P27_006": "七軒家1-49",
        "P27_007": 3,
        "P27_008": -99,
        "P27_009": 9999
      },
      "geometry": {
        "type": "Point",
        "coordinates": [
          135.592236,
          34.685449
        ]
      }
    },
    {
      "type": "Feature",
      "properties": {
        "P27_001": "27227",
        "P27_002": "3",
        "P27_003": "99999",
        "P27_004": "03102",
        "P27_005": "仮設水走市民グラウンド",
        "P27_006": "水走151-1",
        "P27_007": 3,
        "P27_008": -99,
        "P27_009": 9999
      },
      "geometry": {
        "type": "Point",
        "coordinates": [
          135.631317,
          34.67745
        ]
      }
    },
    {
      "type": "Feature",
      "properties": {
        "P27_001": "27227",
        "P27_002": "3",
        "P27_003": "99999",
        "P27_004": "03102",
        "P27_005": "東大阪市立石切市民広場",
        "P27_006": "中石切町5-2880-1",
        "P27_007": 3,
        "P27_008": -99,
        "P27_009": 9999
      },
      "geometry": {
        "type": "Point",
        "coordinates": [
          135.638517,
          34.688333
        ]
      }
    },
    {
      "type": "Feature",
      "properties": {
        "P27_001": "27227",
        "P27_002": "3",
        "P27_003": "99999",
        "P27_004": "03103",
        "P27_005": "東大阪市立石切市民広場",
        "P27_006": "中石切町5-2880-1",
        "P27_007": 3,
        "P27_008": -99,
        "P27_009": 9999
      },
      "geometry": {
        "type": "Point",
        "coordinates": [
          135.638529,
          34.688235
        ]
      }
    },
    {
      "type": "Feature",
      "properties": {
        "P27_001": "27227",
        "P27_002": "3",
        "P27_003": "99999",
        "P27_004": "03102",
        "P27_005": "東大阪市立稲葉市民広場",
        "P27_006": "稲葉1-575-1",
        "P27_007": 3,
        "P27_008": -99,
        "P27_009": 9999
      },
      "geometry": {
        "type": "Point",
        "coordinates": [
          135.613602,
          34.669787
        ]
      }
    },
    {
      "type": "Feature",
      "properties": {
        "P27_001": "27227",
        "P27_002": "3",
        "P27_003": "99999",
        "P27_004": "03103",
        "P27_005": "東大阪市立稲葉市民広場",
        "P27_006": "稲葉1-575-1",
        "P27_007": 3,
        "P27_008": -99,
        "P27_009": 9999
      },
      "geometry": {
        "type": "Point",
        "coordinates": [
          135.613602,
          34.669675
        ]
      }
    },
    {
      "type": "Feature",
      "properties": {
        "P27_001": "27227",
        "P27_002": "3",
        "P27_003": "99999",
        "P27_004": "03102",
        "P27_005": "吉原公園野球場",
        "P27_006": "吉原2-2-15",
        "P27_007": 3,
        "P27_008": -99,
        "P27_009": 9999
      },
      "geometry": {
        "type": "Point",
        "coordinates": [
          135.622559,
          34.685354
        ]
      }
    },
    {
      "type": "Feature",
      "properties": {
        "P27_001": "27227",
        "P27_002": "3",
        "P27_003": "99999",
        "P27_004": "03102",
        "P27_005": "本庄南公園野球場",
        "P27_006": "本庄中1-45",
        "P27_007": 3,
        "P27_008": -99,
        "P27_009": 9999
      },
      "geometry": {
        "type": "Point",
        "coordinates": [
          135.602208,
          34.683508
        ]
      }
    },
    {
      "type": "Feature",
      "properties": {
        "P27_001": "27227",
        "P27_002": "3",
        "P27_003": "99999",
        "P27_004": "03102",
        "P27_005": "布施公園野球場",
        "P27_006": "森河内東1-10",
        "P27_007": 3,
        "P27_008": -99,
        "P27_009": 9999
      },
      "geometry": {
        "type": "Point",
        "coordinates": [
          135.570512,
          34.679585
        ]
      }
    },
    {
      "type": "Feature",
      "properties": {
        "P27_001": "27227",
        "P27_002": "3",
        "P27_003": "99999",
        "P27_004": "03102",
        "P27_005": "金岡公園野球場",
        "P27_006": "大蓮東1-5-8",
        "P27_007": 3,
        "P27_008": -99,
        "P27_009": 9999
      },
      "geometry": {
        "type": "Point",
        "coordinates": [
          135.578213,
          34.642898
        ]
      }
    },
    {
      "type": "Feature",
      "properties": {
        "P27_001": "27230",
        "P27_002": "3",
        "P27_003": "99999",
        "P27_004": "03142",
        "P27_005": "交野市野外活動センター",
        "P27_006": "大字傍示226",
        "P27_007": 3,
        "P27_008": -99,
        "P27_009": 9999
      },
      "geometry": {
        "type": "Point",
        "coordinates": [
          135.709288,
          34.779048
        ]
      }
    },
    {
      "type": "Feature",
      "properties": {
        "P27_001": "27230",
        "P27_002": "3",
        "P27_003": "99999",
        "P27_004": "03111",
        "P27_005": "交野武道館",
        "P27_006": "私部2-29-3",
        "P27_007": 3,
        "P27_008": -99,
        "P27_009": 9999
      },
      "geometry": {
        "type": "Point",
        "coordinates": [
          135.677387,
          34.785101
        ]
      }
    },
    {
      "type": "Feature",
      "properties": {
        "P27_001": "27230",
        "P27_002": "3",
        "P27_003": "99999",
        "P27_004": "03113",
        "P27_005": "交野武道館",
        "P27_006": "私部2-29-3",
        "P27_007": 3,
        "P27_008": -99,
        "P27_009": 9999
      },
      "geometry": {
        "type": "Point",
        "coordinates": [
          135.677387,
          34.785023
        ]
      }
    },
    {
      "type": "Feature",
      "properties": {
        "P27_001": "27230",
        "P27_002": "3",
        "P27_003": "99999",
        "P27_004": "03109",
        "P27_005": "いわふね自然の森スポーツ・文化センター",
        "P27_006": "私市9-4-8",
        "P27_007": 4,
        "P27_008": -99,
        "P27_009": 9999
      },
      "geometry": {
        "type": "Point",
        "coordinates": [
          135.686632,
          34.764022
        ]
      }
    },
    {
      "type": "Feature",
      "properties": {
        "P27_001": "27230",
        "P27_002": "3",
        "P27_003": "99999",
        "P27_004": "03120",
        "P27_005": "いわふね自然の森スポーツ・文化センター",
        "P27_006": "私市9-4-8",
        "P27_007": 4,
        "P27_008": -99,
        "P27_009": 9999
      },
      "geometry": {
        "type": "Point",
        "coordinates": [
          135.686632,
          34.763949
        ]
      }
    },
    {
      "type": "Feature",
      "properties": {
        "P27_001": "27230",
        "P27_002": "3",
        "P27_003": "99999",
        "P27_004": "03109",
        "P27_005": "交野市星田西体育施設",
        "P27_006": "星田西3-28-1",
        "P27_007": 4,
        "P27_008": -99,
        "P27_009": 9999
      },
      "geometry": {
        "type": "Point",
        "coordinates": [
          135.660933,
          34.752981
        ]
      }
    },
    {
      "type": "Feature",
      "properties": {
        "P27_001": "27230",
        "P27_002": "3",
        "P27_003": "99999",
        "P27_004": "03120",
        "P27_005": "交野市星田西体育施設",
        "P27_006": "星田西3-28-1",
        "P27_007": 4,
        "P27_008": -99,
        "P27_009": 9999
      },
      "geometry": {
        "type": "Point",
        "coordinates": [
          135.660933,
          34.752907
        ]
      }
    },
    {
      "type": "Feature",
      "properties": {
        "P27_001": "27230",
        "P27_002": "3",
        "P27_003": "99999",
        "P27_004": "03109",
        "P27_005": "交野市立第１児童センター",
        "P27_006": "幾野2-6-1",
        "P27_007": 4,
        "P27_008": -99,
        "P27_009": 9999
      },
      "geometry": {
        "type": "Point",
        "coordinates": [
          135.680309,
          34.794605
        ]
      }
    },
    {
      "type": "Feature",
      "properties": {
        "P27_001": "27230",
        "P27_002": "3",
        "P27_003": "99999",
        "P27_004": "03120",
        "P27_005": "交野市立第１児童センター",
        "P27_006": "幾野2-6-1",
        "P27_007": 4,
        "P27_008": -99,
        "P27_009": 9999
      },
      "geometry": {
        "type": "Point",
        "coordinates": [
          135.680297,
          34.794531
        ]
      }
    },
    {
      "type": "Feature",
      "properties": {
        "P27_001": "27230",
        "P27_002": "3",
        "P27_003": "99999",
        "P27_004": "03113",
        "P27_005": "交野市立第１児童センター",
        "P27_006": "幾野2-6-1",
        "P27_007": 4,
        "P27_008": -99,
        "P27_009": 9999
      },
      "geometry": {
        "type": "Point",
        "coordinates": [
          135.680291,
          34.794463
        ]
      }
    },
    {
      "type": "Feature",
      "properties": {
        "P27_001": "27230",
        "P27_002": "3",
        "P27_003": "99999",
        "P27_004": "03109",
        "P27_005": "交野市立総合体育施設／市民体育館（スタードーム）",
        "P27_006": "向井田2-5-1",
        "P27_007": 4,
        "P27_008": -99,
        "P27_009": 9999
      },
      "geometry": {
        "type": "Point",
        "coordinates": [
          135.687663,
          34.785125
        ]
      }
    },
    {
      "type": "Feature",
      "properties": {
        "P27_001": "27230",
        "P27_002": "3",
        "P27_003": "99999",
        "P27_004": "03120",
        "P27_005": "交野市立総合体育施設／市民体育館（スタードーム）",
        "P27_006": "向井田2-5-1",
        "P27_007": 4,
        "P27_008": -99,
        "P27_009": 9999
      },
      "geometry": {
        "type": "Point",
        "coordinates": [
          135.687669,
          34.785047
        ]
      }
    },
    {
      "type": "Feature",
      "properties": {
        "P27_001": "27230",
        "P27_002": "3",
        "P27_003": "99999",
        "P27_004": "03129",
        "P27_005": "交野市立総合体育施設／市民体育館（スタードーム）",
        "P27_006": "向井田2-5-1",
        "P27_007": 4,
        "P27_008": -99,
        "P27_009": 9999
      },
      "geometry": {
        "type": "Point",
        "coordinates": [
          135.687669,
          34.784969
        ]
      }
    },
    {
      "type": "Feature",
      "properties": {
        "P27_001": "27230",
        "P27_002": "3",
        "P27_003": "99999",
        "P27_004": "03116",
        "P27_005": "交野市立総合体育施設／市民体育館（スタードーム）",
        "P27_006": "向井田2-5-1",
        "P27_007": 4,
        "P27_008": -99,
        "P27_009": 9999
      },
      "geometry": {
        "type": "Point",
        "coordinates": [
          135.687675,
          34.784896
        ]
      }
    },
    {
      "type": "Feature",
      "properties": {
        "P27_001": "27230",
        "P27_002": "3",
        "P27_003": "99999",
        "P27_004": "03110",
        "P27_005": "交野市立総合体育施設／市民体育館（スタードーム）",
        "P27_006": "向井田2-5-1",
        "P27_007": 4,
        "P27_008": -99,
        "P27_009": 9999
      },
      "geometry": {
        "type": "Point",
        "coordinates": [
          135.687663,
          34.784652
        ]
      }
    },
    {
      "type": "Feature",
      "properties": {
        "P27_001": "27230",
        "P27_002": "3",
        "P27_003": "99999",
        "P27_004": "03111",
        "P27_005": "交野市立総合体育施設／市民体育館（スタードーム）",
        "P27_006": "向井田2-5-1",
        "P27_007": 4,
        "P27_008": -99,
        "P27_009": 9999
      },
      "geometry": {
        "type": "Point",
        "coordinates": [
          135.687663,
          34.784574
        ]
      }
    },
    {
      "type": "Feature",
      "properties": {
        "P27_001": "27230",
        "P27_002": "3",
        "P27_003": "99999",
        "P27_004": "03105",
        "P27_005": "交野市立総合体育施設／市民プール（わくわくプール）",
        "P27_006": "向井田2-5-1",
        "P27_007": 4,
        "P27_008": -99,
        "P27_009": 9999
      },
      "geometry": {
        "type": "Point",
        "coordinates": [
          135.687205,
          34.784305
        ]
      }
    },
    {
      "type": "Feature",
      "properties": {
        "P27_001": "27230",
        "P27_002": "3",
        "P27_003": "99999",
        "P27_004": "03115",
        "P27_005": "私部公園テニスコート",
        "P27_006": "大字私部南3地内",
        "P27_007": 4,
        "P27_008": -99,
        "P27_009": 9999
      },
      "geometry": {
        "type": "Point",
        "coordinates": [
          135.686184,
          34.782377
        ]
      }
    },
    {
      "type": "Feature",
      "properties": {
        "P27_001": "27230",
        "P27_002": "3",
        "P27_003": "99999",
        "P27_004": "03115",
        "P27_005": "倉治公園テニスコート",
        "P27_006": "神宮寺2-9-5",
        "P27_007": 4,
        "P27_008": -99,
        "P27_009": 9999
      },
      "geometry": {
        "type": "Point",
        "coordinates": [
          135.700808,
          34.791244
        ]
      }
    },
    {
      "type": "Feature",
      "properties": {
        "P27_001": "27230",
        "P27_002": "3",
        "P27_003": "99999",
        "P27_004": "03101",
        "P27_005": "交野市立総合体育施設／市民グラウンド（星ふる広場）",
        "P27_006": "向井田2-5-1",
        "P27_007": 4,
        "P27_008": -99,
        "P27_009": 9999
      },
      "geometry": {
        "type": "Point",
        "coordinates": [
          135.688718,
          34.784808
        ]
      }
    },
    {
      "type": "Feature",
      "properties": {
        "P27_001": "27230",
        "P27_002": "3",
        "P27_003": "99999",
        "P27_004": "03102",
        "P27_005": "交野市立総合体育施設／市民グラウンド（星ふる広場）",
        "P27_006": "向井田2-5-1",
        "P27_007": 4,
        "P27_008": -99,
        "P27_009": 9999
      },
      "geometry": {
        "type": "Point",
        "coordinates": [
          135.688718,
          34.784742
        ]
      }
    },
    {
      "type": "Feature",
      "properties": {
        "P27_001": "27230",
        "P27_002": "3",
        "P27_003": "99999",
        "P27_004": "03103",
        "P27_005": "私部公園多目的グラウンド",
        "P27_006": "大字私部南3地内",
        "P27_007": 4,
        "P27_008": -99,
        "P27_009": 9999
      },
      "geometry": {
        "type": "Point",
        "coordinates": [
          135.685679,
          34.78224
        ]
      }
    },
    {
      "type": "Feature",
      "properties": {
        "P27_001": "27230",
        "P27_002": "3",
        "P27_003": "99999",
        "P27_004": "03104",
        "P27_005": "私部公園多目的グラウンド",
        "P27_006": "大字私部南3地内",
        "P27_007": 4,
        "P27_008": -99,
        "P27_009": 9999
      },
      "geometry": {
        "type": "Point",
        "coordinates": [
          135.685673,
          34.782143
        ]
      }
    },
    {
      "type": "Feature",
      "properties": {
        "P27_001": "27230",
        "P27_002": "3",
        "P27_003": "99999",
        "P27_004": "03102",
        "P27_005": "私部公園グラウンド",
        "P27_006": "大字私部南3地内",
        "P27_007": 4,
        "P27_008": -99,
        "P27_009": 9999
      },
      "geometry": {
        "type": "Point",
        "coordinates": [
          135.686903,
          34.781782
        ]
      }
    },
    {
      "type": "Feature",
      "properties": {
        "P27_001": "27230",
        "P27_002": "3",
        "P27_003": "99999",
        "P27_004": "03102",
        "P27_005": "倉治公園グラウンド",
        "P27_006": "神宮寺2-9-5",
        "P27_007": 4,
        "P27_008": -99,
        "P27_009": 9999
      },
      "geometry": {
        "type": "Point",
        "coordinates": [
          135.700416,
          34.791825
        ]
      }
    },
    {
      "type": "Feature",
      "properties": {
        "P27_001": "27229",
        "P27_002": "3",
        "P27_003": "99999",
        "P27_004": "03138",
        "P27_005": "さつきゲートボール場",
        "P27_006": "中野1-731-1",
        "P27_007": 4,
        "P27_008": -99,
        "P27_009": 9999
      },
      "geometry": {
        "type": "Point",
        "coordinates": [
          135.642447,
          34.739008
        ]
      }
    },
    {
      "type": "Feature",
      "properties": {
        "P27_001": "27229",
        "P27_002": "3",
        "P27_003": "99999",
        "P27_004": "03142",
        "P27_005": "四絛畷市立野外活動センター",
        "P27_006": "逢阪408-1",
        "P27_007": 4,
        "P27_008": -99,
        "P27_009": 9999
      },
      "geometry": {
        "type": "Point",
        "coordinates": [
          135.672698,
          34.727803
        ]
      }
    },
    {
      "type": "Feature",
      "properties": {
        "P27_001": "27229",
        "P27_002": "3",
        "P27_003": "99999",
        "P27_004": "03109",
        "P27_005": "四條畷市立市民総合体育館（サンアリーナ２５）",
        "P27_006": "大字中野550-1",
        "P27_007": 4,
        "P27_008": -99,
        "P27_009": 9999
      },
      "geometry": {
        "type": "Point",
        "coordinates": [
          135.634328,
          34.740571
        ]
      }
    },
    {
      "type": "Feature",
      "properties": {
        "P27_001": "27229",
        "P27_002": "3",
        "P27_003": "99999",
        "P27_004": "03129",
        "P27_005": "四條畷市立市民総合体育館（サンアリーナ２５）",
        "P27_006": "大字中野550-1",
        "P27_007": 4,
        "P27_008": -99,
        "P27_009": 9999
      },
      "geometry": {
        "type": "Point",
        "coordinates": [
          135.634322,
          34.740488
        ]
      }
    },
    {
      "type": "Feature",
      "properties": {
        "P27_001": "27229",
        "P27_002": "3",
        "P27_003": "99999",
        "P27_004": "03116",
        "P27_005": "四條畷市立市民総合体育館（サンアリーナ２５）",
        "P27_006": "大字中野550-1",
        "P27_007": 4,
        "P27_008": -99,
        "P27_009": 9999
      },
      "geometry": {
        "type": "Point",
        "coordinates": [
          135.634328,
          34.740405
        ]
      }
    },
    {
      "type": "Feature",
      "properties": {
        "P27_001": "27229",
        "P27_002": "3",
        "P27_003": "99999",
        "P27_004": "03115",
        "P27_005": "市民運動広場清滝",
        "P27_006": "大字清滝1103-10",
        "P27_007": 4,
        "P27_008": -99,
        "P27_009": 9999
      },
      "geometry": {
        "type": "Point",
        "coordinates": [
          135.661057,
          34.740287
        ]
      }
    },
    {
      "type": "Feature",
      "properties": {
        "P27_001": "27229",
        "P27_002": "3",
        "P27_003": "99999",
        "P27_004": "03103",
        "P27_005": "市民運動広場清滝",
        "P27_006": "大字清滝1103-10",
        "P27_007": 4,
        "P27_008": -99,
        "P27_009": 9999
      },
      "geometry": {
        "type": "Point",
        "coordinates": [
          135.661401,
          34.740179
        ]
      }
    },
    {
      "type": "Feature",
      "properties": {
        "P27_001": "27229",
        "P27_002": "3",
        "P27_003": "99999",
        "P27_004": "03115",
        "P27_005": "市民グラウンドテニスコート",
        "P27_006": "岡山東5-135-1",
        "P27_007": 4,
        "P27_008": -99,
        "P27_009": 9999
      },
      "geometry": {
        "type": "Point",
        "coordinates": [
          135.654105,
          34.742448
        ]
      }
    },
    {
      "type": "Feature",
      "properties": {
        "P27_001": "27229",
        "P27_002": "3",
        "P27_003": "99999",
        "P27_004": "03103",
        "P27_005": "四絛畷市夜間運動場（２）",
        "P27_006": "大字蔀屋285-21",
        "P27_007": 4,
        "P27_008": -99,
        "P27_009": 9999
      },
      "geometry": {
        "type": "Point",
        "coordinates": [
          135.633225,
          34.740463
        ]
      }
    },
    {
      "type": "Feature",
      "properties": {
        "P27_001": "27229",
        "P27_002": "3",
        "P27_003": "99999",
        "P27_004": "03102",
        "P27_005": "四絛畷市夜間運動場（１）",
        "P27_006": "岡山東5-2-10",
        "P27_007": 4,
        "P27_008": -99,
        "P27_009": 9999
      },
      "geometry": {
        "type": "Point",
        "coordinates": [
          135.652706,
          34.742935
        ]
      }
    },
    {
      "type": "Feature",
      "properties": {
        "P27_001": "27229",
        "P27_002": "3",
        "P27_003": "99999",
        "P27_004": "03102",
        "P27_005": "青少年コミュニティー運動広場",
        "P27_006": "岡山東3-978-1",
        "P27_007": 4,
        "P27_008": -99,
        "P27_009": 9999
      },
      "geometry": {
        "type": "Point",
        "coordinates": [
          135.652742,
          34.747456
        ]
      }
    },
    {
      "type": "Feature",
      "properties": {
        "P27_001": "27229",
        "P27_002": "3",
        "P27_003": "99999",
        "P27_004": "03103",
        "P27_005": "青少年コミュニティー運動広場",
        "P27_006": "岡山東3-978-1",
        "P27_007": 4,
        "P27_008": -99,
        "P27_009": 9999
      },
      "geometry": {
        "type": "Point",
        "coordinates": [
          135.652742,
          34.747363
        ]
      }
    },
    {
      "type": "Feature",
      "properties": {
        "P27_001": "27229",
        "P27_002": "3",
        "P27_003": "99999",
        "P27_004": "03102",
        "P27_005": "市民グラウンド",
        "P27_006": "岡山東5-135-1",
        "P27_007": 4,
        "P27_008": -99,
        "P27_009": 9999
      },
      "geometry": {
        "type": "Point",
        "coordinates": [
          135.654491,
          34.743083
        ]
      }
    },
    {
      "type": "Feature",
      "properties": {
        "P27_001": "27229",
        "P27_002": "3",
        "P27_003": "99999",
        "P27_004": "03103",
        "P27_005": "市民グラウンド",
        "P27_006": "岡山東5-135-1",
        "P27_007": 4,
        "P27_008": -99,
        "P27_009": 9999
      },
      "geometry": {
        "type": "Point",
        "coordinates": [
          135.654491,
          34.742995
        ]
      }
    },
    {
      "type": "Feature",
      "properties": {
        "P27_001": "27229",
        "P27_002": "3",
        "P27_003": "99999",
        "P27_004": "03104",
        "P27_005": "市民グラウンド",
        "P27_006": "岡山東5-135-1",
        "P27_007": 4,
        "P27_008": -99,
        "P27_009": 9999
      },
      "geometry": {
        "type": "Point",
        "coordinates": [
          135.654485,
          34.742907
        ]
      }
    },
    {
      "type": "Feature",
      "properties": {
        "P27_001": "27223",
        "P27_002": "3",
        "P27_003": "99999",
        "P27_004": "03102",
        "P27_005": "門真市立門真市民プラザグラウンド",
        "P27_006": "大字北島546",
        "P27_007": 4,
        "P27_008": -99,
        "P27_009": 9999
      },
      "geometry": {
        "type": "Point",
        "coordinates": [
          135.601265,
          34.728028
        ]
      }
    },
    {
      "type": "Feature",
      "properties": {
        "P27_001": "27223",
        "P27_002": "3",
        "P27_003": "99999",
        "P27_004": "03103",
        "P27_005": "門真市立門真市民プラザグラウンド",
        "P27_006": "大字北島546",
        "P27_007": 4,
        "P27_008": -99,
        "P27_009": 9999
      },
      "geometry": {
        "type": "Point",
        "coordinates": [
          135.601259,
          34.727931
        ]
      }
    },
    {
      "type": "Feature",
      "properties": {
        "P27_001": "27223",
        "P27_002": "3",
        "P27_003": "99999",
        "P27_004": "03110",
        "P27_005": "門真市立門真市民プラザ柔道場",
        "P27_006": "大字北島546",
        "P27_007": 4,
        "P27_008": -99,
        "P27_009": 9999
      },
      "geometry": {
        "type": "Point",
        "coordinates": [
          135.600017,
          34.727608
        ]
      }
    },
    {
      "type": "Feature",
      "properties": {
        "P27_001": "27223",
        "P27_002": "3",
        "P27_003": "99999",
        "P27_004": "03111",
        "P27_005": "門真市立門真市民プラザ剣道場",
        "P27_006": "大字北島546",
        "P27_007": 4,
        "P27_008": -99,
        "P27_009": 9999
      },
      "geometry": {
        "type": "Point",
        "coordinates": [
          135.600014,
          34.727562
        ]
      }
    },
    {
      "type": "Feature",
      "properties": {
        "P27_001": "27223",
        "P27_002": "3",
        "P27_003": "99999",
        "P27_004": "03113",
        "P27_005": "門真市立門真市民プラザ剣道場",
        "P27_006": "大字北島546",
        "P27_007": 4,
        "P27_008": -99,
        "P27_009": 9999
      },
      "geometry": {
        "type": "Point",
        "coordinates": [
          135.600014,
          34.727513
        ]
      }
    },
    {
      "type": "Feature",
      "properties": {
        "P27_001": "27223",
        "P27_002": "3",
        "P27_003": "99999",
        "P27_004": "03109",
        "P27_005": "門真市立門真市民プラザ体育室",
        "P27_006": "大字北島546",
        "P27_007": 4,
        "P27_008": -99,
        "P27_009": 9999
      },
      "geometry": {
        "type": "Point",
        "coordinates": [
          135.600014,
          34.727469
        ]
      }
    },
    {
      "type": "Feature",
      "properties": {
        "P27_001": "27223",
        "P27_002": "3",
        "P27_003": "99999",
        "P27_004": "03120",
        "P27_005": "門真市立門真市民プラザ体育室",
        "P27_006": "大字北島546",
        "P27_007": 4,
        "P27_008": -99,
        "P27_009": 9999
      },
      "geometry": {
        "type": "Point",
        "coordinates": [
          135.600012,
          34.727423
        ]
      }
    },
    {
      "type": "Feature",
      "properties": {
        "P27_001": "27223",
        "P27_002": "3",
        "P27_003": "99999",
        "P27_004": "03113",
        "P27_005": "門真市立門真市民プラザ体育室",
        "P27_006": "大字北島546",
        "P27_007": 4,
        "P27_008": -99,
        "P27_009": 9999
      },
      "geometry": {
        "type": "Point",
        "coordinates": [
          135.600012,
          34.727376
        ]
      }
    },
    {
      "type": "Feature",
      "properties": {
        "P27_001": "27223",
        "P27_002": "3",
        "P27_003": "99999",
        "P27_004": "03102",
        "P27_005": "門真市立第六中学校運動場",
        "P27_006": "中町1-25",
        "P27_007": 3,
        "P27_008": -99,
        "P27_009": 9999
      },
      "geometry": {
        "type": "Point",
        "coordinates": [
          135.588286,
          34.739739
        ]
      }
    },
    {
      "type": "Feature",
      "properties": {
        "P27_001": "27223",
        "P27_002": "3",
        "P27_003": "99999",
        "P27_004": "03103",
        "P27_005": "門真市立第六中学校運動場",
        "P27_006": "中町1-25",
        "P27_007": 3,
        "P27_008": -99,
        "P27_009": 9999
      },
      "geometry": {
        "type": "Point",
        "coordinates": [
          135.588292,
          34.739636
        ]
      }
    },
    {
      "type": "Feature",
      "properties": {
        "P27_001": "27223",
        "P27_002": "3",
        "P27_003": "99999",
        "P27_004": "03115",
        "P27_005": "門真市立テニスコート",
        "P27_006": "大字三ツ島302-2",
        "P27_007": 4,
        "P27_008": -99,
        "P27_009": 9999
      },
      "geometry": {
        "type": "Point",
        "coordinates": [
          135.593122,
          34.714309
        ]
      }
    },
    {
      "type": "Feature",
      "properties": {
        "P27_001": "27223",
        "P27_002": "3",
        "P27_003": "99999",
        "P27_004": "03102",
        "P27_005": "門真市立運動広場",
        "P27_006": "北島328",
        "P27_007": 3,
        "P27_008": -99,
        "P27_009": 9999
      },
      "geometry": {
        "type": "Point",
        "coordinates": [
          135.603509,
          34.724579
        ]
      }
    },
    {
      "type": "Feature",
      "properties": {
        "P27_001": "27223",
        "P27_002": "3",
        "P27_003": "99999",
        "P27_004": "03103",
        "P27_005": "門真市立運動広場",
        "P27_006": "北島328",
        "P27_007": 3,
        "P27_008": -99,
        "P27_009": 9999
      },
      "geometry": {
        "type": "Point",
        "coordinates": [
          135.603509,
          34.724472
        ]
      }
    },
    {
      "type": "Feature",
      "properties": {
        "P27_001": "27223",
        "P27_002": "3",
        "P27_003": "99999",
        "P27_004": "03101",
        "P27_005": "門真市立運動広場",
        "P27_006": "北島328",
        "P27_007": 3,
        "P27_008": -99,
        "P27_009": 9999
      },
      "geometry": {
        "type": "Point",
        "coordinates": [
          135.603503,
          34.724369
        ]
      }
    },
    {
      "type": "Feature",
      "properties": {
        "P27_001": "27223",
        "P27_002": "3",
        "P27_003": "99999",
        "P27_004": "03102",
        "P27_005": "門真市立青少年運動広場",
        "P27_006": "三ツ島285-10",
        "P27_007": 4,
        "P27_008": -99,
        "P27_009": 9999
      },
      "geometry": {
        "type": "Point",
        "coordinates": [
          135.594061,
          34.714287
        ]
      }
    },
    {
      "type": "Feature",
      "properties": {
        "P27_001": "27223",
        "P27_002": "3",
        "P27_003": "99999",
        "P27_004": "03102",
        "P27_005": "門真市立運動広場",
        "P27_006": "北島町328",
        "P27_007": 3,
        "P27_008": -99,
        "P27_009": 9999
      },
      "geometry": {
        "type": "Point",
        "coordinates": [
          135.602061,
          34.723578
        ]
      }
    },
    {
      "type": "Feature",
      "properties": {
        "P27_001": "27218",
        "P27_002": "3",
        "P27_003": "99999",
        "P27_004": "03102",
        "P27_005": "大東市立野崎青少年教育センター運動場",
        "P27_006": "野崎1-24-31",
        "P27_007": 3,
        "P27_008": -99,
        "P27_009": 9999
      },
      "geometry": {
        "type": "Point",
        "coordinates": [
          135.639696,
          34.717539
        ]
      }
    },
    {
      "type": "Feature",
      "properties": {
        "P27_001": "27218",
        "P27_002": "3",
        "P27_003": "99999",
        "P27_004": "03103",
        "P27_005": "大東市立野崎青少年教育センター運動場",
        "P27_006": "野崎1-24-31",
        "P27_007": 3,
        "P27_008": -99,
        "P27_009": 9999
      },
      "geometry": {
        "type": "Point",
        "coordinates": [
          135.639702,
          34.717456
        ]
      }
    },
    {
      "type": "Feature",
      "properties": {
        "P27_001": "27218",
        "P27_002": "3",
        "P27_003": "99999",
        "P27_004": "03138",
        "P27_005": "大東市立野崎青少年教育センター運動場",
        "P27_006": "野崎1-24-31",
        "P27_007": 3,
        "P27_008": -99,
        "P27_009": 9999
      },
      "geometry": {
        "type": "Point",
        "coordinates": [
          135.639708,
          34.717368
        ]
      }
    },
    {
      "type": "Feature",
      "properties": {
        "P27_001": "27218",
        "P27_002": "3",
        "P27_003": "99999",
        "P27_004": "03109",
        "P27_005": "大東市立北条青少年教育センター",
        "P27_006": "北条3-18-18",
        "P27_007": 3,
        "P27_008": -99,
        "P27_009": 9999
      },
      "geometry": {
        "type": "Point",
        "coordinates": [
          135.647033,
          34.730444
        ]
      }
    },
    {
      "type": "Feature",
      "properties": {
        "P27_001": "27218",
        "P27_002": "3",
        "P27_003": "99999",
        "P27_004": "03120",
        "P27_005": "大東市立北条青少年教育センター",
        "P27_006": "北条3-18-18",
        "P27_007": 3,
        "P27_008": -99,
        "P27_009": 9999
      },
      "geometry": {
        "type": "Point",
        "coordinates": [
          135.647045,
          34.730356
        ]
      }
    },
    {
      "type": "Feature",
      "properties": {
        "P27_001": "27218",
        "P27_002": "3",
        "P27_003": "99999",
        "P27_004": "03142",
        "P27_005": "大東市立青少年野外活動センター",
        "P27_006": "大字竜間1846",
        "P27_007": 4,
        "P27_008": -99,
        "P27_009": 9999
      },
      "geometry": {
        "type": "Point",
        "coordinates": [
          135.656725,
          34.720413
        ]
      }
    },
    {
      "type": "Feature",
      "properties": {
        "P27_001": "27218",
        "P27_002": "3",
        "P27_003": "99999",
        "P27_004": "03118",
        "P27_005": "大東市立御供田相撲場",
        "P27_006": "御供田2-195",
        "P27_007": 3,
        "P27_008": -99,
        "P27_009": 9999
      },
      "geometry": {
        "type": "Point",
        "coordinates": [
          135.630271,
          34.705166
        ]
      }
    },
    {
      "type": "Feature",
      "properties": {
        "P27_001": "27218",
        "P27_002": "3",
        "P27_003": "99999",
        "P27_004": "03102",
        "P27_005": "大東市立龍間運動広場",
        "P27_006": "龍間1981-7",
        "P27_007": 4,
        "P27_008": -99,
        "P27_009": 9999
      },
      "geometry": {
        "type": "Point",
        "coordinates": [
          135.666925,
          34.717248
        ]
      }
    },
    {
      "type": "Feature",
      "properties": {
        "P27_001": "27218",
        "P27_002": "3",
        "P27_003": "99999",
        "P27_004": "03103",
        "P27_005": "大東市立龍間運動広場",
        "P27_006": "龍間1981-7",
        "P27_007": 4,
        "P27_008": -99,
        "P27_009": 9999
      },
      "geometry": {
        "type": "Point",
        "coordinates": [
          135.666919,
          34.717147
        ]
      }
    },
    {
      "type": "Feature",
      "properties": {
        "P27_001": "27218",
        "P27_002": "3",
        "P27_003": "99999",
        "P27_004": "03138",
        "P27_005": "大東市立龍間運動広場",
        "P27_006": "龍間1981-7",
        "P27_007": 4,
        "P27_008": -99,
        "P27_009": 9999
      },
      "geometry": {
        "type": "Point",
        "coordinates": [
          135.668102,
          34.717145
        ]
      }
    },
    {
      "type": "Feature",
      "properties": {
        "P27_001": "27218",
        "P27_002": "3",
        "P27_003": "99999",
        "P27_004": "03104",
        "P27_005": "大東市立龍間運動広場",
        "P27_006": "龍間1981-7",
        "P27_007": 4,
        "P27_008": -99,
        "P27_009": 9999
      },
      "geometry": {
        "type": "Point",
        "coordinates": [
          135.668102,
          34.717045
        ]
      }
    },
    {
      "type": "Feature",
      "properties": {
        "P27_001": "27218",
        "P27_002": "3",
        "P27_003": "99999",
        "P27_004": "03109",
        "P27_005": "大東市立市民体育館",
        "P27_006": "寺川1-20-20",
        "P27_007": 4,
        "P27_008": -99,
        "P27_009": 9999
      },
      "geometry": {
        "type": "Point",
        "coordinates": [
          135.643836,
          34.708815
        ]
      }
    },
    {
      "type": "Feature",
      "properties": {
        "P27_001": "27218",
        "P27_002": "3",
        "P27_003": "99999",
        "P27_004": "03120",
        "P27_005": "大東市立市民体育館",
        "P27_006": "寺川1-20-20",
        "P27_007": 4,
        "P27_008": -99,
        "P27_009": 9999
      },
      "geometry": {
        "type": "Point",
        "coordinates": [
          135.643836,
          34.708766
        ]
      }
    },
    {
      "type": "Feature",
      "properties": {
        "P27_001": "27218",
        "P27_002": "3",
        "P27_003": "99999",
        "P27_004": "03116",
        "P27_005": "大東市立市民体育館",
        "P27_006": "寺川1-20-20",
        "P27_007": 4,
        "P27_008": -99,
        "P27_009": 9999
      },
      "geometry": {
        "type": "Point",
        "coordinates": [
          135.643833,
          34.708722
        ]
      }
    },
    {
      "type": "Feature",
      "properties": {
        "P27_001": "27218",
        "P27_002": "3",
        "P27_003": "99999",
        "P27_004": "03110",
        "P27_005": "大東市立市民体育館",
        "P27_006": "寺川1-20-20",
        "P27_007": 4,
        "P27_008": -99,
        "P27_009": 9999
      },
      "geometry": {
        "type": "Point",
        "coordinates": [
          135.64383,
          34.708676
        ]
      }
    },
    {
      "type": "Feature",
      "properties": {
        "P27_001": "27218",
        "P27_002": "3",
        "P27_003": "99999",
        "P27_004": "03111",
        "P27_005": "大東市立市民体育館",
        "P27_006": "寺川1-20-20",
        "P27_007": 4,
        "P27_008": -99,
        "P27_009": 9999
      },
      "geometry": {
        "type": "Point",
        "coordinates": [
          135.643833,
          34.708629
        ]
      }
    },
    {
      "type": "Feature",
      "properties": {
        "P27_001": "27218",
        "P27_002": "3",
        "P27_003": "99999",
        "P27_004": "03113",
        "P27_005": "大東市立市民体育館",
        "P27_006": "寺川1-20-20",
        "P27_007": 4,
        "P27_008": -99,
        "P27_009": 9999
      },
      "geometry": {
        "type": "Point",
        "coordinates": [
          135.64383,
          34.708583
        ]
      }
    },
    {
      "type": "Feature",
      "properties": {
        "P27_001": "27218",
        "P27_002": "3",
        "P27_003": "99999",
        "P27_004": "03129",
        "P27_005": "大東市立市民体育館",
        "P27_006": "寺川1-20-20",
        "P27_007": 4,
        "P27_008": -99,
        "P27_009": 9999
      },
      "geometry": {
        "type": "Point",
        "coordinates": [
          135.64383,
          34.708529
        ]
      }
    },
    {
      "type": "Feature",
      "properties": {
        "P27_001": "27218",
        "P27_002": "3",
        "P27_003": "99999",
        "P27_004": "03115",
        "P27_005": "大東市立テニスコート",
        "P27_006": "谷川2-9",
        "P27_007": 4,
        "P27_008": -99,
        "P27_009": 9999
      },
      "geometry": {
        "type": "Point",
        "coordinates": [
          135.632046,
          34.711056
        ]
      }
    },
    {
      "type": "Feature",
      "properties": {
        "P27_001": "27218",
        "P27_002": "3",
        "P27_003": "99999",
        "P27_004": "03102",
        "P27_005": "南郷公園",
        "P27_006": "氷野4",
        "P27_007": 3,
        "P27_008": -99,
        "P27_009": 9999
      },
      "geometry": {
        "type": "Point",
        "coordinates": [
          135.611492,
          34.714536
        ]
      }
    },
    {
      "type": "Feature",
      "properties": {
        "P27_001": "27218",
        "P27_002": "3",
        "P27_003": "99999",
        "P27_004": "03102",
        "P27_005": "中垣内浜公園",
        "P27_006": "中垣内4-4",
        "P27_007": 3,
        "P27_008": -99,
        "P27_009": 9999
      },
      "geometry": {
        "type": "Point",
        "coordinates": [
          135.642856,
          34.706833
        ]
      }
    },
    {
      "type": "Feature",
      "properties": {
        "P27_001": "27218",
        "P27_002": "3",
        "P27_003": "99999",
        "P27_004": "03138",
        "P27_005": "中垣内浜公園",
        "P27_006": "中垣内4-4",
        "P27_007": 3,
        "P27_008": -99,
        "P27_009": 9999
      },
      "geometry": {
        "type": "Point",
        "coordinates": [
          135.643082,
          34.706378
        ]
      }
    },
    {
      "type": "Feature",
      "properties": {
        "P27_001": "27218",
        "P27_002": "3",
        "P27_003": "99999",
        "P27_004": "03102",
        "P27_005": "東諸福公園",
        "P27_006": "諸福1-3",
        "P27_007": 3,
        "P27_008": -99,
        "P27_009": 9999
      },
      "geometry": {
        "type": "Point",
        "coordinates": [
          135.606421,
          34.704531
        ]
      }
    },
    {
      "type": "Feature",
      "properties": {
        "P27_001": "27218",
        "P27_002": "3",
        "P27_003": "99999",
        "P27_004": "03103",
        "P27_005": "東諸福公園",
        "P27_006": "諸福1-3",
        "P27_007": 3,
        "P27_008": -99,
        "P27_009": 9999
      },
      "geometry": {
        "type": "Point",
        "coordinates": [
          135.606415,
          34.704424
        ]
      }
    },
    {
      "type": "Feature",
      "properties": {
        "P27_001": "27218",
        "P27_002": "3",
        "P27_003": "99999",
        "P27_004": "03102",
        "P27_005": "大東公園",
        "P27_006": "谷川2-9",
        "P27_007": 3,
        "P27_008": -99,
        "P27_009": 9999
      },
      "geometry": {
        "type": "Point",
        "coordinates": [
          135.63138,
          34.711183
        ]
      }
    },
    {
      "type": "Feature",
      "properties": {
        "P27_001": "27218",
        "P27_002": "3",
        "P27_003": "99999",
        "P27_004": "03102",
        "P27_005": "新田中央公園",
        "P27_006": "新田中町6",
        "P27_007": 3,
        "P27_008": -99,
        "P27_009": 9999
      },
      "geometry": {
        "type": "Point",
        "coordinates": [
          135.602651,
          34.710251
        ]
      }
    },
    {
      "type": "Feature",
      "properties": {
        "P27_001": "27215",
        "P27_002": "3",
        "P27_003": "99999",
        "P27_004": "03115",
        "P27_005": "田井西公園テニスコート",
        "P27_006": "田井西町298-1",
        "P27_007": 4,
        "P27_008": -99,
        "P27_009": 9999
      },
      "geometry": {
        "type": "Point",
        "coordinates": [
          135.627676,
          34.778514
        ]
      }
    },
    {
      "type": "Feature",
      "properties": {
        "P27_001": "27215",
        "P27_002": "3",
        "P27_003": "99999",
        "P27_004": "03109",
        "P27_005": "寝屋川市立池の里市民交流センター体育施設",
        "P27_006": "池田西町24-5",
        "P27_007": 3,
        "P27_008": -99,
        "P27_009": 9999
      },
      "geometry": {
        "type": "Point",
        "coordinates": [
          135.608912,
          34.770615
        ]
      }
    },
    {
      "type": "Feature",
      "properties": {
        "P27_001": "27215",
        "P27_002": "3",
        "P27_003": "99999",
        "P27_004": "03102",
        "P27_005": "寝屋川市立池の里市民交流センター体育施設",
        "P27_006": "池田西町24-5",
        "P27_007": 3,
        "P27_008": -99,
        "P27_009": 9999
      },
      "geometry": {
        "type": "Point",
        "coordinates": [
          135.608496,
          34.770429
        ]
      }
    },
    {
      "type": "Feature",
      "properties": {
        "P27_001": "27215",
        "P27_002": "3",
        "P27_003": "99999",
        "P27_004": "03103",
        "P27_005": "寝屋川市立池の里市民交流センター体育施設",
        "P27_006": "池田西町24-5",
        "P27_007": 3,
        "P27_008": -99,
        "P27_009": 9999
      },
      "geometry": {
        "type": "Point",
        "coordinates": [
          135.608502,
          34.770337
        ]
      }
    },
    {
      "type": "Feature",
      "properties": {
        "P27_001": "27215",
        "P27_002": "3",
        "P27_003": "99999",
        "P27_004": "03132",
        "P27_005": "寝屋川市立池の里市民交流センター体育施設",
        "P27_006": "池田西町24-5",
        "P27_007": 3,
        "P27_008": -99,
        "P27_009": 9999
      },
      "geometry": {
        "type": "Point",
        "coordinates": [
          135.608906,
          34.770532
        ]
      }
    },
    {
      "type": "Feature",
      "properties": {
        "P27_001": "27215",
        "P27_002": "3",
        "P27_003": "99999",
        "P27_004": "03109",
        "P27_005": "寝屋川市立西南コミュニティセンター",
        "P27_006": "神田1-30-1",
        "P27_007": 4,
        "P27_008": -99,
        "P27_009": 9999
      },
      "geometry": {
        "type": "Point",
        "coordinates": [
          135.612111,
          34.756609
        ]
      }
    },
    {
      "type": "Feature",
      "properties": {
        "P27_001": "27215",
        "P27_002": "3",
        "P27_003": "99999",
        "P27_004": "03120",
        "P27_005": "寝屋川市立西南コミュニティセンター",
        "P27_006": "神田1-30-1",
        "P27_007": 4,
        "P27_008": -99,
        "P27_009": 9999
      },
      "geometry": {
        "type": "Point",
        "coordinates": [
          135.612105,
          34.756531
        ]
      }
    },
    {
      "type": "Feature",
      "properties": {
        "P27_001": "27215",
        "P27_002": "3",
        "P27_003": "99999",
        "P27_004": "03109",
        "P27_005": "寝屋川市立南コミュニティセンター",
        "P27_006": "下木田町16-50",
        "P27_007": 4,
        "P27_008": -99,
        "P27_009": 9999
      },
      "geometry": {
        "type": "Point",
        "coordinates": [
          135.621507,
          34.748541
        ]
      }
    },
    {
      "type": "Feature",
      "properties": {
        "P27_001": "27215",
        "P27_002": "3",
        "P27_003": "99999",
        "P27_004": "03120",
        "P27_005": "寝屋川市立南コミュニティセンター",
        "P27_006": "下木田町16-50",
        "P27_007": 4,
        "P27_008": -99,
        "P27_009": 9999
      },
      "geometry": {
        "type": "Point",
        "coordinates": [
          135.621507,
          34.748475
        ]
      }
    },
    {
      "type": "Feature",
      "properties": {
        "P27_001": "27215",
        "P27_002": "3",
        "P27_003": "99999",
        "P27_004": "03138",
        "P27_005": "寝屋川市立南コミュニティセンター",
        "P27_006": "下木田町16-50",
        "P27_007": 4,
        "P27_008": -99,
        "P27_009": 9999
      },
      "geometry": {
        "type": "Point",
        "coordinates": [
          135.621825,
          34.748614
        ]
      }
    },
    {
      "type": "Feature",
      "properties": {
        "P27_001": "27229",
        "P27_002": "3",
        "P27_003": "99999",
        "P27_004": "03142",
        "P27_005": "寝屋川市野外活動センター",
        "P27_006": "大字下田原2237",
        "P27_007": 4,
        "P27_008": -99,
        "P27_009": 9999
      },
      "geometry": {
        "type": "Point",
        "coordinates": [
          135.681497,
          34.736498
        ]
      }
    },
    {
      "type": "Feature",
      "properties": {
        "P27_001": "27215",
        "P27_002": "3",
        "P27_003": "99999",
        "P27_004": "03109",
        "P27_005": "寝屋川市立東コミュニティセンター",
        "P27_006": "高宮新町32-2",
        "P27_007": 4,
        "P27_008": -99,
        "P27_009": 9999
      },
      "geometry": {
        "type": "Point",
        "coordinates": [
          135.63117,
          34.761411
        ]
      }
    },
    {
      "type": "Feature",
      "properties": {
        "P27_001": "27215",
        "P27_002": "3",
        "P27_003": "99999",
        "P27_004": "03120",
        "P27_005": "寝屋川市立東コミュニティセンター",
        "P27_006": "高宮新町32-2",
        "P27_007": 4,
        "P27_008": -99,
        "P27_009": 9999
      },
      "geometry": {
        "type": "Point",
        "coordinates": [
          135.631164,
          34.761323
        ]
      }
    },
    {
      "type": "Feature",
      "properties": {
        "P27_001": "27215",
        "P27_002": "3",
        "P27_003": "99999",
        "P27_004": "03138",
        "P27_005": "寝屋川市立東コミュニティセンター",
        "P27_006": "高宮新町32-2",
        "P27_007": 4,
        "P27_008": -99,
        "P27_009": 9999
      },
      "geometry": {
        "type": "Point",
        "coordinates": [
          135.63117,
          34.76124
        ]
      }
    },
    {
      "type": "Feature",
      "properties": {
        "P27_001": "27215",
        "P27_002": "3",
        "P27_003": "99999",
        "P27_004": "03109",
        "P27_005": "寝屋川市立西コミュニティセンター",
        "P27_006": "葛原2-7-1",
        "P27_007": 4,
        "P27_008": -99,
        "P27_009": 9999
      },
      "geometry": {
        "type": "Point",
        "coordinates": [
          135.604918,
          34.770443
        ]
      }
    },
    {
      "type": "Feature",
      "properties": {
        "P27_001": "27215",
        "P27_002": "3",
        "P27_003": "99999",
        "P27_004": "03120",
        "P27_005": "寝屋川市立西コミュニティセンター",
        "P27_006": "葛原2-7-1",
        "P27_007": 4,
        "P27_008": -99,
        "P27_009": 9999
      },
      "geometry": {
        "type": "Point",
        "coordinates": [
          135.604918,
          34.77036
        ]
      }
    },
    {
      "type": "Feature",
      "properties": {
        "P27_001": "27215",
        "P27_002": "3",
        "P27_003": "99999",
        "P27_004": "03109",
        "P27_005": "寝屋川市立東北コミュニティセンター",
        "P27_006": "成田町3-3",
        "P27_007": 4,
        "P27_008": -99,
        "P27_009": 9999
      },
      "geometry": {
        "type": "Point",
        "coordinates": [
          135.639788,
          34.777372
        ]
      }
    },
    {
      "type": "Feature",
      "properties": {
        "P27_001": "27215",
        "P27_002": "3",
        "P27_003": "99999",
        "P27_004": "03120",
        "P27_005": "寝屋川市立東北コミュニティセンター",
        "P27_006": "成田町3-3",
        "P27_007": 4,
        "P27_008": -99,
        "P27_009": 9999
      },
      "geometry": {
        "type": "Point",
        "coordinates": [
          135.639794,
          34.777289
        ]
      }
    },
    {
      "type": "Feature",
      "properties": {
        "P27_001": "27215",
        "P27_002": "3",
        "P27_003": "99999",
        "P27_004": "03109",
        "P27_005": "寝屋川市立西北コミュニティセンター",
        "P27_006": "松屋町20-30",
        "P27_007": 4,
        "P27_008": -99,
        "P27_009": 9999
      },
      "geometry": {
        "type": "Point",
        "coordinates": [
          135.625625,
          34.785298
        ]
      }
    },
    {
      "type": "Feature",
      "properties": {
        "P27_001": "27215",
        "P27_002": "3",
        "P27_003": "99999",
        "P27_004": "03120",
        "P27_005": "寝屋川市立西北コミュニティセンター",
        "P27_006": "松屋町20-30",
        "P27_007": 4,
        "P27_008": -99,
        "P27_009": 9999
      },
      "geometry": {
        "type": "Point",
        "coordinates": [
          135.625619,
          34.785215
        ]
      }
    },
    {
      "type": "Feature",
      "properties": {
        "P27_001": "27215",
        "P27_002": "3",
        "P27_003": "99999",
        "P27_004": "03138",
        "P27_005": "寝屋川市立西北コミュニティセンター",
        "P27_006": "松屋町20-30",
        "P27_007": 4,
        "P27_008": -99,
        "P27_009": 9999
      },
      "geometry": {
        "type": "Point",
        "coordinates": [
          135.625619,
          34.785142
        ]
      }
    },
    {
      "type": "Feature",
      "properties": {
        "P27_001": "27215",
        "P27_002": "3",
        "P27_003": "99999",
        "P27_004": "03109",
        "P27_005": "寝屋川市立市民体育館",
        "P27_006": "下木田町16-16",
        "P27_007": 4,
        "P27_008": -99,
        "P27_009": 9999
      },
      "geometry": {
        "type": "Point",
        "coordinates": [
          135.622578,
          34.748462
        ]
      }
    },
    {
      "type": "Feature",
      "properties": {
        "P27_001": "27215",
        "P27_002": "3",
        "P27_003": "99999",
        "P27_004": "03120",
        "P27_005": "寝屋川市立市民体育館",
        "P27_006": "下木田町16-16",
        "P27_007": 4,
        "P27_008": -99,
        "P27_009": 9999
      },
      "geometry": {
        "type": "Point",
        "coordinates": [
          135.622581,
          34.748418
        ]
      }
    },
    {
      "type": "Feature",
      "properties": {
        "P27_001": "27215",
        "P27_002": "3",
        "P27_003": "99999",
        "P27_004": "03116",
        "P27_005": "寝屋川市立市民体育館",
        "P27_006": "下木田町16-16",
        "P27_007": 4,
        "P27_008": -99,
        "P27_009": 9999
      },
      "geometry": {
        "type": "Point",
        "coordinates": [
          135.622581,
          34.748377
        ]
      }
    },
    {
      "type": "Feature",
      "properties": {
        "P27_001": "27215",
        "P27_002": "3",
        "P27_003": "99999",
        "P27_004": "03110",
        "P27_005": "寝屋川市立市民体育館",
        "P27_006": "下木田町16-16",
        "P27_007": 4,
        "P27_008": -99,
        "P27_009": 9999
      },
      "geometry": {
        "type": "Point",
        "coordinates": [
          135.622581,
          34.748338
        ]
      }
    },
    {
      "type": "Feature",
      "properties": {
        "P27_001": "27215",
        "P27_002": "3",
        "P27_003": "99999",
        "P27_004": "03111",
        "P27_005": "寝屋川市立市民体育館",
        "P27_006": "下木田町16-16",
        "P27_007": 4,
        "P27_008": -99,
        "P27_009": 9999
      },
      "geometry": {
        "type": "Point",
        "coordinates": [
          135.622581,
          34.748294
        ]
      }
    },
    {
      "type": "Feature",
      "properties": {
        "P27_001": "27215",
        "P27_002": "3",
        "P27_003": "99999",
        "P27_004": "03113",
        "P27_005": "寝屋川市立市民体育館",
        "P27_006": "下木田町16-16",
        "P27_007": 4,
        "P27_008": -99,
        "P27_009": 9999
      },
      "geometry": {
        "type": "Point",
        "coordinates": [
          135.622581,
          34.74825
        ]
      }
    },
    {
      "type": "Feature",
      "properties": {
        "P27_001": "27215",
        "P27_002": "3",
        "P27_003": "99999",
        "P27_004": "03129",
        "P27_005": "寝屋川市立市民体育館",
        "P27_006": "下木田町16-16",
        "P27_007": 4,
        "P27_008": -99,
        "P27_009": 9999
      },
      "geometry": {
        "type": "Point",
        "coordinates": [
          135.622578,
          34.748208
        ]
      }
    },
    {
      "type": "Feature",
      "properties": {
        "P27_001": "27215",
        "P27_002": "3",
        "P27_003": "99999",
        "P27_004": "03106",
        "P27_005": "寝屋川市民プール",
        "P27_006": "讃良東町6-1",
        "P27_007": 4,
        "P27_008": -99,
        "P27_009": 9999
      },
      "geometry": {
        "type": "Point",
        "coordinates": [
          135.624985,
          34.744768
        ]
      }
    },
    {
      "type": "Feature",
      "properties": {
        "P27_001": "27215",
        "P27_002": "3",
        "P27_003": "99999",
        "P27_004": "03115",
        "P27_005": "寝屋川市民テニスコート",
        "P27_006": "讃良東町6-1",
        "P27_007": 4,
        "P27_008": -99,
        "P27_009": 9999
      },
      "geometry": {
        "type": "Point",
        "coordinates": [
          135.624694,
          34.744299
        ]
      }
    },
    {
      "type": "Feature",
      "properties": {
        "P27_001": "27215",
        "P27_002": "3",
        "P27_003": "99999",
        "P27_004": "03102",
        "P27_005": "寝屋川市民グラウンド",
        "P27_006": "讃良東町6-1",
        "P27_007": 4,
        "P27_008": -99,
        "P27_009": 9999
      },
      "geometry": {
        "type": "Point",
        "coordinates": [
          135.625936,
          34.743718
        ]
      }
    },
    {
      "type": "Feature",
      "properties": {
        "P27_001": "27210",
        "P27_002": "3",
        "P27_003": "99999",
        "P27_004": "03142",
        "P27_005": "枚方市野外活動センター（穂谷キャンプ場）",
        "P27_006": "穂谷4550",
        "P27_007": 4,
        "P27_008": -99,
        "P27_009": 9999
      },
      "geometry": {
        "type": "Point",
        "coordinates": [
          135.719729,
          34.791748
        ]
      }
    },
    {
      "type": "Feature",
      "properties": {
        "P27_001": "27210",
        "P27_002": "3",
        "P27_003": "99999",
        "P27_004": "03147",
        "P27_005": "枚方市野外活動センター（穂谷キャンプ場）",
        "P27_006": "穂谷4550",
        "P27_007": 4,
        "P27_008": -99,
        "P27_009": 9999
      },
      "geometry": {
        "type": "Point",
        "coordinates": [
          135.716591,
          34.79146
        ]
      }
    },
    {
      "type": "Feature",
      "properties": {
        "P27_001": "27210",
        "P27_002": "3",
        "P27_003": "99999",
        "P27_004": "03118",
        "P27_005": "枚方市相撲場",
        "P27_006": "王仁公園1-1",
        "P27_007": 3,
        "P27_008": -99,
        "P27_009": 9999
      },
      "geometry": {
        "type": "Point",
        "coordinates": [
          135.707538,
          34.816848
        ]
      }
    },
    {
      "type": "Feature",
      "properties": {
        "P27_001": "27210",
        "P27_002": "3",
        "P27_003": "99999",
        "P27_004": "03109",
        "P27_005": "枚方市立渚市民体育館",
        "P27_006": "渚西3-26-10",
        "P27_007": 4,
        "P27_008": 3,
        "P27_009": 9999
      },
      "geometry": {
        "type": "Point",
        "coordinates": [
          135.651707,
          34.834879
        ]
      }
    },
    {
      "type": "Feature",
      "properties": {
        "P27_001": "27210",
        "P27_002": "3",
        "P27_003": "99999",
        "P27_004": "03120",
        "P27_005": "枚方市立渚市民体育館",
        "P27_006": "渚西3-26-10",
        "P27_007": 4,
        "P27_008": 3,
        "P27_009": 9999
      },
      "geometry": {
        "type": "Point",
        "coordinates": [
          135.651701,
          34.834801
        ]
      }
    },
    {
      "type": "Feature",
      "properties": {
        "P27_001": "27210",
        "P27_002": "3",
        "P27_003": "99999",
        "P27_004": "03112",
        "P27_005": "枚方市立渚市民体育館",
        "P27_006": "渚西3-26-10",
        "P27_007": 4,
        "P27_008": 3,
        "P27_009": 9999
      },
      "geometry": {
        "type": "Point",
        "coordinates": [
          135.651707,
          34.834728
        ]
      }
    },
    {
      "type": "Feature",
      "properties": {
        "P27_001": "27210",
        "P27_002": "3",
        "P27_003": "99999",
        "P27_004": "03132",
        "P27_005": "枚方市立渚市民体育館",
        "P27_006": "渚西3-26-10",
        "P27_007": 4,
        "P27_008": 3,
        "P27_009": 9999
      },
      "geometry": {
        "type": "Point",
        "coordinates": [
          135.651701,
          34.83465
        ]
      }
    },
    {
      "type": "Feature",
      "properties": {
        "P27_001": "27210",
        "P27_002": "3",
        "P27_003": "99999",
        "P27_004": "03121",
        "P27_005": "枚方市立渚市民体育館",
        "P27_006": "渚西3-26-10",
        "P27_007": 4,
        "P27_008": 3,
        "P27_009": 9999
      },
      "geometry": {
        "type": "Point",
        "coordinates": [
          135.651695,
          34.834577
        ]
      }
    },
    {
      "type": "Feature",
      "properties": {
        "P27_001": "27210",
        "P27_002": "3",
        "P27_003": "99999",
        "P27_004": "03122",
        "P27_005": "枚方市立渚市民体育館",
        "P27_006": "渚西3-26-10",
        "P27_007": 4,
        "P27_008": 3,
        "P27_009": 9999
      },
      "geometry": {
        "type": "Point",
        "coordinates": [
          135.651701,
          34.834499
        ]
      }
    },
    {
      "type": "Feature",
      "properties": {
        "P27_001": "27210",
        "P27_002": "3",
        "P27_003": "99999",
        "P27_004": "03129",
        "P27_005": "枚方市立渚市民体育館",
        "P27_006": "渚西3-26-10",
        "P27_007": 4,
        "P27_008": 3,
        "P27_009": 9999
      },
      "geometry": {
        "type": "Point",
        "coordinates": [
          135.651707,
          34.834426
        ]
      }
    },
    {
      "type": "Feature",
      "properties": {
        "P27_001": "27210",
        "P27_002": "3",
        "P27_003": "99999",
        "P27_004": "03109",
        "P27_005": "枚方市立総合体育館",
        "P27_006": "中宮大池4-10-1",
        "P27_007": 4,
        "P27_008": -99,
        "P27_009": 9999
      },
      "geometry": {
        "type": "Point",
        "coordinates": [
          135.683804,
          34.820331
        ]
      }
    },
    {
      "type": "Feature",
      "properties": {
        "P27_001": "27210",
        "P27_002": "3",
        "P27_003": "99999",
        "P27_004": "03120",
        "P27_005": "枚方市立総合体育館",
        "P27_006": "中宮大池4-10-1",
        "P27_007": 4,
        "P27_008": -99,
        "P27_009": 9999
      },
      "geometry": {
        "type": "Point",
        "coordinates": [
          135.683798,
          34.820253
        ]
      }
    },
    {
      "type": "Feature",
      "properties": {
        "P27_001": "27210",
        "P27_002": "3",
        "P27_003": "99999",
        "P27_004": "03129",
        "P27_005": "枚方市立総合体育館",
        "P27_006": "中宮大池4-10-1",
        "P27_007": 4,
        "P27_008": -99,
        "P27_009": 9999
      },
      "geometry": {
        "type": "Point",
        "coordinates": [
          135.683798,
          34.82017
        ]
      }
    },
    {
      "type": "Feature",
      "properties": {
        "P27_001": "27210",
        "P27_002": "3",
        "P27_003": "99999",
        "P27_004": "03110",
        "P27_005": "枚方市立総合体育館",
        "P27_006": "中宮大池4-10-1",
        "P27_007": 4,
        "P27_008": -99,
        "P27_009": 9999
      },
      "geometry": {
        "type": "Point",
        "coordinates": [
          135.683792,
          34.820097
        ]
      }
    },
    {
      "type": "Feature",
      "properties": {
        "P27_001": "27210",
        "P27_002": "3",
        "P27_003": "99999",
        "P27_004": "03111",
        "P27_005": "枚方市立総合体育館",
        "P27_006": "中宮大池4-10-1",
        "P27_007": 4,
        "P27_008": -99,
        "P27_009": 9999
      },
      "geometry": {
        "type": "Point",
        "coordinates": [
          135.683786,
          34.820019
        ]
      }
    },
    {
      "type": "Feature",
      "properties": {
        "P27_001": "27210",
        "P27_002": "3",
        "P27_003": "99999",
        "P27_004": "03113",
        "P27_005": "枚方市立総合体育館",
        "P27_006": "中宮大池4-10-1",
        "P27_007": 4,
        "P27_008": -99,
        "P27_009": 9999
      },
      "geometry": {
        "type": "Point",
        "coordinates": [
          135.683792,
          34.819946
        ]
      }
    },
    {
      "type": "Feature",
      "properties": {
        "P27_001": "27210",
        "P27_002": "3",
        "P27_003": "99999",
        "P27_004": "03106",
        "P27_005": "王仁公園プール",
        "P27_006": "王仁公園1-1",
        "P27_007": 3,
        "P27_008": -99,
        "P27_009": 9999
      },
      "geometry": {
        "type": "Point",
        "coordinates": [
          135.706641,
          34.817092
        ]
      }
    },
    {
      "type": "Feature",
      "properties": {
        "P27_001": "27210",
        "P27_002": "3",
        "P27_003": "99999",
        "P27_004": "03107",
        "P27_005": "王仁公園プール",
        "P27_006": "王仁公園1-1",
        "P27_007": 3,
        "P27_008": -99,
        "P27_009": 9999
      },
      "geometry": {
        "type": "Point",
        "coordinates": [
          135.706142,
          34.817048
        ]
      }
    },
    {
      "type": "Feature",
      "properties": {
        "P27_001": "27210",
        "P27_002": "3",
        "P27_003": "99999",
        "P27_004": "03114",
        "P27_005": "王仁公園バレーボールコート",
        "P27_006": "王仁公園1-1",
        "P27_007": 3,
        "P27_008": -99,
        "P27_009": 9999
      },
      "geometry": {
        "type": "Point",
        "coordinates": [
          135.705699,
          34.818162
        ]
      }
    },
    {
      "type": "Feature",
      "properties": {
        "P27_001": "27210",
        "P27_002": "3",
        "P27_003": "99999",
        "P27_004": "03115",
        "P27_005": "春日テニスコート",
        "P27_006": "春日西町2-6-1",
        "P27_007": 4,
        "P27_008": -99,
        "P27_009": 9999
      },
      "geometry": {
        "type": "Point",
        "coordinates": [
          135.679645,
          34.80458
        ]
      }
    },
    {
      "type": "Feature",
      "properties": {
        "P27_001": "27210",
        "P27_002": "3",
        "P27_003": "99999",
        "P27_004": "03115",
        "P27_005": "藤阪テニスコート",
        "P27_006": "藤阪南町1-334-4",
        "P27_007": 4,
        "P27_008": -99,
        "P27_009": 9999
      },
      "geometry": {
        "type": "Point",
        "coordinates": [
          135.696969,
          34.814737
        ]
      }
    },
    {
      "type": "Feature",
      "properties": {
        "P27_001": "27210",
        "P27_002": "3",
        "P27_003": "99999",
        "P27_004": "03115",
        "P27_005": "王仁公園テニスコート",
        "P27_006": "王仁公園1-1",
        "P27_007": 4,
        "P27_008": -99,
        "P27_009": 9999
      },
      "geometry": {
        "type": "Point",
        "coordinates": [
          135.708007,
          34.816721
        ]
      }
    },
    {
      "type": "Feature",
      "properties": {
        "P27_001": "27210",
        "P27_002": "3",
        "P27_003": "99999",
        "P27_004": "03102",
        "P27_005": "香里ヶ丘中央公園運動広場",
        "P27_006": "香里ケ丘4",
        "P27_007": 4,
        "P27_008": -99,
        "P27_009": 9999
      },
      "geometry": {
        "type": "Point",
        "coordinates": [
          135.652343,
          34.791277
        ]
      }
    },
    {
      "type": "Feature",
      "properties": {
        "P27_001": "27210",
        "P27_002": "3",
        "P27_003": "99999",
        "P27_004": "03102",
        "P27_005": "中の池公園運動広場",
        "P27_006": "東山2",
        "P27_007": 4,
        "P27_008": -99,
        "P27_009": 9999
      },
      "geometry": {
        "type": "Point",
        "coordinates": [
          135.690411,
          34.847457
        ]
      }
    },
    {
      "type": "Feature",
      "properties": {
        "P27_001": "27210",
        "P27_002": "3",
        "P27_003": "99999",
        "P27_004": "03103",
        "P27_005": "中の池公園運動広場",
        "P27_006": "東山2",
        "P27_007": 4,
        "P27_008": -99,
        "P27_009": 9999
      },
      "geometry": {
        "type": "Point",
        "coordinates": [
          135.690409,
          34.847353
        ]
      }
    },
    {
      "type": "Feature",
      "properties": {
        "P27_001": "27210",
        "P27_002": "3",
        "P27_003": "99999",
        "P27_004": "03102",
        "P27_005": "王仁公園運動広場",
        "P27_006": "王仁公園1-1",
        "P27_007": 4,
        "P27_008": -99,
        "P27_009": 9999
      },
      "geometry": {
        "type": "Point",
        "coordinates": [
          135.708613,
          34.817399
        ]
      }
    },
    {
      "type": "Feature",
      "properties": {
        "P27_001": "27210",
        "P27_002": "3",
        "P27_003": "99999",
        "P27_004": "03101",
        "P27_005": "枚方市立陸上競技場",
        "P27_006": "中宮大池4丁10-1",
        "P27_007": 3,
        "P27_008": -99,
        "P27_009": 9999
      },
      "geometry": {
        "type": "Point",
        "coordinates": [
          135.683691,
          34.818941
        ]
      }
    },
    {
      "type": "Feature",
      "properties": {
        "P27_001": "27209",
        "P27_002": "3",
        "P27_003": "99999",
        "P27_004": "03109",
        "P27_005": "守口市守口・土井地区体育館",
        "P27_006": "竹町10-1",
        "P27_007": 3,
        "P27_008": -99,
        "P27_009": 9999
      },
      "geometry": {
        "type": "Point",
        "coordinates": [
          135.561491,
          34.738073
        ]
      }
    },
    {
      "type": "Feature",
      "properties": {
        "P27_001": "27209",
        "P27_002": "3",
        "P27_003": "99999",
        "P27_004": "03109",
        "P27_005": "守口市東地区体育館",
        "P27_006": "大久保町5-38-14",
        "P27_007": 3,
        "P27_008": -99,
        "P27_009": 9999
      },
      "geometry": {
        "type": "Point",
        "coordinates": [
          135.602995,
          34.752459
        ]
      }
    },
    {
      "type": "Feature",
      "properties": {
        "P27_001": "27209",
        "P27_002": "3",
        "P27_003": "99999",
        "P27_004": "03109",
        "P27_005": "守口市錦地区体育館",
        "P27_006": "菊水通4-20-8",
        "P27_007": 3,
        "P27_008": -99,
        "P27_009": 9999
      },
      "geometry": {
        "type": "Point",
        "coordinates": [
          135.578564,
          34.724922
        ]
      }
    },
    {
      "type": "Feature",
      "properties": {
        "P27_001": "27209",
        "P27_002": "3",
        "P27_003": "99999",
        "P27_004": "03109",
        "P27_005": "守口市北部地区体育館",
        "P27_006": "淀江町6-3",
        "P27_007": 3,
        "P27_008": -99,
        "P27_009": 9999
      },
      "geometry": {
        "type": "Point",
        "coordinates": [
          135.568533,
          34.749821
        ]
      }
    },
    {
      "type": "Feature",
      "properties": {
        "P27_001": "27209",
        "P27_002": "3",
        "P27_003": "99999",
        "P27_004": "03109",
        "P27_005": "守口市八雲東地区体育館",
        "P27_006": "八雲東町2-50-12",
        "P27_007": 3,
        "P27_008": -99,
        "P27_009": 9999
      },
      "geometry": {
        "type": "Point",
        "coordinates": [
          135.577794,
          34.745591
        ]
      }
    },
    {
      "type": "Feature",
      "properties": {
        "P27_001": "27209",
        "P27_002": "3",
        "P27_003": "99999",
        "P27_004": "03109",
        "P27_005": "守口市三郷地区体育館",
        "P27_006": "東光町2-1-11",
        "P27_007": 3,
        "P27_008": -99,
        "P27_009": 9999
      },
      "geometry": {
        "type": "Point",
        "coordinates": [
          135.567506,
          34.732032
        ]
      }
    },
    {
      "type": "Feature",
      "properties": {
        "P27_001": "27209",
        "P27_002": "3",
        "P27_003": "99999",
        "P27_004": "03109",
        "P27_005": "守口市庭窪地区体育館",
        "P27_006": "佐太中町1-6-45",
        "P27_007": 3,
        "P27_008": -99,
        "P27_009": 9999
      },
      "geometry": {
        "type": "Point",
        "coordinates": [
          135.580871,
          34.755735
        ]
      }
    },
    {
      "type": "Feature",
      "properties": {
        "P27_001": "27209",
        "P27_002": "3",
        "P27_003": "99999",
        "P27_004": "03109",
        "P27_005": "守口市南部地区体育館",
        "P27_006": "寺方元町4-7-6",
        "P27_007": 3,
        "P27_008": -99,
        "P27_009": 9999
      },
      "geometry": {
        "type": "Point",
        "coordinates": [
          135.572781,
          34.72419
        ]
      }
    },
    {
      "type": "Feature",
      "properties": {
        "P27_001": "27209",
        "P27_002": "3",
        "P27_003": "99999",
        "P27_004": "03109",
        "P27_005": "守口市東部地区体育館",
        "P27_006": "藤田町1-54-11",
        "P27_007": 3,
        "P27_008": -99,
        "P27_009": 9999
      },
      "geometry": {
        "type": "Point",
        "coordinates": [
          135.596106,
          34.749205
        ]
      }
    },
    {
      "type": "Feature",
      "properties": {
        "P27_001": "27209",
        "P27_002": "3",
        "P27_003": "99999",
        "P27_004": "03109",
        "P27_005": "守口市民体育館",
        "P27_006": "河原町9-2",
        "P27_007": 4,
        "P27_008": -99,
        "P27_009": 9999
      },
      "geometry": {
        "type": "Point",
        "coordinates": [
          135.567759,
          34.735379
        ]
      }
    },
    {
      "type": "Feature",
      "properties": {
        "P27_001": "27209",
        "P27_002": "3",
        "P27_003": "99999",
        "P27_004": "03120",
        "P27_005": "守口市民体育館",
        "P27_006": "河原町9-2",
        "P27_007": 4,
        "P27_008": -99,
        "P27_009": 9999
      },
      "geometry": {
        "type": "Point",
        "coordinates": [
          135.567759,
          34.735296
        ]
      }
    },
    {
      "type": "Feature",
      "properties": {
        "P27_001": "27209",
        "P27_002": "3",
        "P27_003": "99999",
        "P27_004": "03112",
        "P27_005": "守口市民体育館",
        "P27_006": "河原町9-2",
        "P27_007": 4,
        "P27_008": -99,
        "P27_009": 9999
      },
      "geometry": {
        "type": "Point",
        "coordinates": [
          135.567759,
          34.735213
        ]
      }
    },
    {
      "type": "Feature",
      "properties": {
        "P27_001": "27209",
        "P27_002": "3",
        "P27_003": "99999",
        "P27_004": "03116",
        "P27_005": "守口市民体育館",
        "P27_006": "河原町9-2",
        "P27_007": 4,
        "P27_008": -99,
        "P27_009": 9999
      },
      "geometry": {
        "type": "Point",
        "coordinates": [
          135.567765,
          34.735135
        ]
      }
    },
    {
      "type": "Feature",
      "properties": {
        "P27_001": "27209",
        "P27_002": "3",
        "P27_003": "99999",
        "P27_004": "03129",
        "P27_005": "守口市民体育館",
        "P27_006": "河原町9-2",
        "P27_007": 4,
        "P27_008": -99,
        "P27_009": 9999
      },
      "geometry": {
        "type": "Point",
        "coordinates": [
          135.567771,
          34.735052
        ]
      }
    },
    {
      "type": "Feature",
      "properties": {
        "P27_001": "27209",
        "P27_002": "3",
        "P27_003": "99999",
        "P27_004": "03115",
        "P27_005": "守口市営大枝公園テニスコート",
        "P27_006": "東光町3-1-54",
        "P27_007": 3,
        "P27_008": -99,
        "P27_009": 9999
      },
      "geometry": {
        "type": "Point",
        "coordinates": [
          135.568748,
          34.728786
        ]
      }
    },
    {
      "type": "Feature",
      "properties": {
        "P27_001": "27209",
        "P27_002": "3",
        "P27_003": "99999",
        "P27_004": "03102",
        "P27_005": "守口市市民球場",
        "P27_006": "松下町1-58",
        "P27_007": 3,
        "P27_008": -99,
        "P27_009": 9999
      },
      "geometry": {
        "type": "Point",
        "coordinates": [
          135.567103,
          34.729033
        ]
      }
    },
    {
      "type": "Feature",
      "properties": {
        "P27_001": "27301",
        "P27_002": "3",
        "P27_003": "99999",
        "P27_004": "03142",
        "P27_005": "島本町立キャンプ場",
        "P27_006": "大沢79-3",
        "P27_007": 3,
        "P27_008": -99,
        "P27_009": 9999
      },
      "geometry": {
        "type": "Point",
        "coordinates": [
          135.646355,
          34.914234
        ]
      }
    },
    {
      "type": "Feature",
      "properties": {
        "P27_001": "27301",
        "P27_002": "3",
        "P27_003": "99999",
        "P27_004": "03109",
        "P27_005": "島本町立体育館",
        "P27_006": "桜井2-11-22",
        "P27_007": 3,
        "P27_008": -99,
        "P27_009": 9999
      },
      "geometry": {
        "type": "Point",
        "coordinates": [
          135.664127,
          34.882975
        ]
      }
    },
    {
      "type": "Feature",
      "properties": {
        "P27_001": "27301",
        "P27_002": "3",
        "P27_003": "99999",
        "P27_004": "03120",
        "P27_005": "島本町立体育館",
        "P27_006": "桜井2-11-22",
        "P27_007": 3,
        "P27_008": -99,
        "P27_009": 9999
      },
      "geometry": {
        "type": "Point",
        "coordinates": [
          135.664124,
          34.882938
        ]
      }
    },
    {
      "type": "Feature",
      "properties": {
        "P27_001": "27301",
        "P27_002": "3",
        "P27_003": "99999",
        "P27_004": "03110",
        "P27_005": "島本町立体育館",
        "P27_006": "桜井2-11-22",
        "P27_007": 3,
        "P27_008": -99,
        "P27_009": 9999
      },
      "geometry": {
        "type": "Point",
        "coordinates": [
          135.664124,
          34.882899
        ]
      }
    },
    {
      "type": "Feature",
      "properties": {
        "P27_001": "27301",
        "P27_002": "3",
        "P27_003": "99999",
        "P27_004": "03111",
        "P27_005": "島本町立体育館",
        "P27_006": "桜井2-11-22",
        "P27_007": 3,
        "P27_008": -99,
        "P27_009": 9999
      },
      "geometry": {
        "type": "Point",
        "coordinates": [
          135.664124,
          34.882858
        ]
      }
    },
    {
      "type": "Feature",
      "properties": {
        "P27_001": "27301",
        "P27_002": "3",
        "P27_003": "99999",
        "P27_004": "03129",
        "P27_005": "島本町立体育館",
        "P27_006": "桜井2-11-22",
        "P27_007": 3,
        "P27_008": -99,
        "P27_009": 9999
      },
      "geometry": {
        "type": "Point",
        "coordinates": [
          135.664121,
          34.882817
        ]
      }
    },
    {
      "type": "Feature",
      "properties": {
        "P27_001": "27301",
        "P27_002": "3",
        "P27_003": "99999",
        "P27_004": "03106",
        "P27_005": "島本町立プール",
        "P27_006": "広瀬3-10-22",
        "P27_007": 3,
        "P27_008": -99,
        "P27_009": 9999
      },
      "geometry": {
        "type": "Point",
        "coordinates": [
          135.672053,
          34.884709
        ]
      }
    },
    {
      "type": "Feature",
      "properties": {
        "P27_001": "27301",
        "P27_002": "3",
        "P27_003": "99999",
        "P27_004": "03115",
        "P27_005": "島本町東大寺公園テニスコート",
        "P27_006": "東大寺191",
        "P27_007": 3,
        "P27_008": -99,
        "P27_009": 9999
      },
      "geometry": {
        "type": "Point",
        "coordinates": [
          135.666443,
          34.889295
        ]
      }
    },
    {
      "type": "Feature",
      "properties": {
        "P27_001": "27224",
        "P27_002": "3",
        "P27_003": "99999",
        "P27_004": "03109",
        "P27_005": "摂津市立味生体育館",
        "P27_006": "別府2-3-1",
        "P27_007": 4,
        "P27_008": -99,
        "P27_009": 9999
      },
      "geometry": {
        "type": "Point",
        "coordinates": [
          135.553313,
          34.767905
        ]
      }
    },
    {
      "type": "Feature",
      "properties": {
        "P27_001": "27224",
        "P27_002": "3",
        "P27_003": "99999",
        "P27_004": "03120",
        "P27_005": "摂津市立味生体育館",
        "P27_006": "別府2-3-1",
        "P27_007": 4,
        "P27_008": -99,
        "P27_009": 9999
      },
      "geometry": {
        "type": "Point",
        "coordinates": [
          135.553316,
          34.767869
        ]
      }
    },
    {
      "type": "Feature",
      "properties": {
        "P27_001": "27224",
        "P27_002": "3",
        "P27_003": "99999",
        "P27_004": "03129",
        "P27_005": "摂津市立味生体育館",
        "P27_006": "別府2-3-1",
        "P27_007": 4,
        "P27_008": -99,
        "P27_009": 9999
      },
      "geometry": {
        "type": "Point",
        "coordinates": [
          135.553316,
          34.76783
        ]
      }
    },
    {
      "type": "Feature",
      "properties": {
        "P27_001": "27224",
        "P27_002": "3",
        "P27_003": "99999",
        "P27_004": "03116",
        "P27_005": "摂津市立味生体育館",
        "P27_006": "別府2-3-1",
        "P27_007": 4,
        "P27_008": -99,
        "P27_009": 9999
      },
      "geometry": {
        "type": "Point",
        "coordinates": [
          135.553322,
          34.767788
        ]
      }
    },
    {
      "type": "Feature",
      "properties": {
        "P27_001": "27224",
        "P27_002": "3",
        "P27_003": "99999",
        "P27_004": "03109",
        "P27_005": "摂津市立正雀体育館",
        "P27_006": "正雀4-2-3",
        "P27_007": 4,
        "P27_008": -99,
        "P27_009": 9999
      },
      "geometry": {
        "type": "Point",
        "coordinates": [
          135.555744,
          34.7745
        ]
      }
    },
    {
      "type": "Feature",
      "properties": {
        "P27_001": "27224",
        "P27_002": "3",
        "P27_003": "99999",
        "P27_004": "03120",
        "P27_005": "摂津市立正雀体育館",
        "P27_006": "正雀4-2-3",
        "P27_007": 4,
        "P27_008": -99,
        "P27_009": 9999
      },
      "geometry": {
        "type": "Point",
        "coordinates": [
          135.55575,
          34.774422
        ]
      }
    },
    {
      "type": "Feature",
      "properties": {
        "P27_001": "27224",
        "P27_002": "3",
        "P27_003": "99999",
        "P27_004": "03116",
        "P27_005": "摂津市立正雀体育館",
        "P27_006": "正雀4-2-3",
        "P27_007": 4,
        "P27_008": -99,
        "P27_009": 9999
      },
      "geometry": {
        "type": "Point",
        "coordinates": [
          135.55575,
          34.774334
        ]
      }
    },
    {
      "type": "Feature",
      "properties": {
        "P27_001": "27224",
        "P27_002": "3",
        "P27_003": "99999",
        "P27_004": "03109",
        "P27_005": "摂津市立鳥飼体育館",
        "P27_006": "鳥飼本町1-9-45",
        "P27_007": 4,
        "P27_008": -99,
        "P27_009": 9999
      },
      "geometry": {
        "type": "Point",
        "coordinates": [
          135.585602,
          34.779182
        ]
      }
    },
    {
      "type": "Feature",
      "properties": {
        "P27_001": "27224",
        "P27_002": "3",
        "P27_003": "99999",
        "P27_004": "03120",
        "P27_005": "摂津市立鳥飼体育館",
        "P27_006": "鳥飼本町1-9-45",
        "P27_007": 4,
        "P27_008": -99,
        "P27_009": 9999
      },
      "geometry": {
        "type": "Point",
        "coordinates": [
          135.585602,
          34.779104
        ]
      }
    },
    {
      "type": "Feature",
      "properties": {
        "P27_001": "27224",
        "P27_002": "3",
        "P27_003": "99999",
        "P27_004": "03116",
        "P27_005": "摂津市立鳥飼体育館",
        "P27_006": "鳥飼本町1-9-45",
        "P27_007": 4,
        "P27_008": -99,
        "P27_009": 9999
      },
      "geometry": {
        "type": "Point",
        "coordinates": [
          135.585602,
          34.779026
        ]
      }
    },
    {
      "type": "Feature",
      "properties": {
        "P27_001": "27224",
        "P27_002": "3",
        "P27_003": "99999",
        "P27_004": "03105",
        "P27_005": "摂津市立温水プール",
        "P27_006": "三島2-4-45",
        "P27_007": 4,
        "P27_008": -99,
        "P27_009": 9999
      },
      "geometry": {
        "type": "Point",
        "coordinates": [
          135.557445,
          34.778245
        ]
      }
    },
    {
      "type": "Feature",
      "properties": {
        "P27_001": "27224",
        "P27_002": "3",
        "P27_003": "99999",
        "P27_004": "03115",
        "P27_005": "摂津市立くすの木公園テニスコート",
        "P27_006": "鳥飼上4-10",
        "P27_007": 4,
        "P27_008": -99,
        "P27_009": 9999
      },
      "geometry": {
        "type": "Point",
        "coordinates": [
          135.597763,
          34.794762
        ]
      }
    },
    {
      "type": "Feature",
      "properties": {
        "P27_001": "27224",
        "P27_002": "3",
        "P27_003": "99999",
        "P27_004": "03115",
        "P27_005": "摂津市立柳田テニスコート",
        "P27_006": "学園町1-3",
        "P27_007": 4,
        "P27_008": -99,
        "P27_009": 9999
      },
      "geometry": {
        "type": "Point",
        "coordinates": [
          135.560632,
          34.784943
        ]
      }
    },
    {
      "type": "Feature",
      "properties": {
        "P27_001": "27224",
        "P27_002": "3",
        "P27_003": "99999",
        "P27_004": "03102",
        "P27_005": "摂津市スポーツ広場",
        "P27_006": "鳥飼西3-8-1",
        "P27_007": 3,
        "P27_008": -99,
        "P27_009": 9999
      },
      "geometry": {
        "type": "Point",
        "coordinates": [
          135.579093,
          34.768024
        ]
      }
    },
    {
      "type": "Feature",
      "properties": {
        "P27_001": "27224",
        "P27_002": "3",
        "P27_003": "99999",
        "P27_004": "03103",
        "P27_005": "摂津市スポーツ広場",
        "P27_006": "鳥飼西3-8-1",
        "P27_007": 3,
        "P27_008": -99,
        "P27_009": 9999
      },
      "geometry": {
        "type": "Point",
        "coordinates": [
          135.579093,
          34.767921
        ]
      }
    },
    {
      "type": "Feature",
      "properties": {
        "P27_001": "27224",
        "P27_002": "3",
        "P27_003": "99999",
        "P27_004": "03102",
        "P27_005": "摂津市青少年運動広場",
        "P27_006": "鶴野3-1",
        "P27_007": 3,
        "P27_008": -99,
        "P27_009": 9999
      },
      "geometry": {
        "type": "Point",
        "coordinates": [
          135.566071,
          34.778111
        ]
      }
    },
    {
      "type": "Feature",
      "properties": {
        "P27_001": "27224",
        "P27_002": "3",
        "P27_003": "99999",
        "P27_004": "03103",
        "P27_005": "摂津市青少年運動広場",
        "P27_006": "鶴野3-1",
        "P27_007": 3,
        "P27_008": -99,
        "P27_009": 9999
      },
      "geometry": {
        "type": "Point",
        "coordinates": [
          135.566077,
          34.778014
        ]
      }
    },
    {
      "type": "Feature",
      "properties": {
        "P27_001": "27211",
        "P27_002": "3",
        "P27_003": "99999",
        "P27_004": "03109",
        "P27_005": "茨木市立東市民体育館",
        "P27_006": "学園町4-18",
        "P27_007": 4,
        "P27_008": -99,
        "P27_009": 9999
      },
      "geometry": {
        "type": "Point",
        "coordinates": [
          135.591138,
          34.818342
        ]
      }
    },
    {
      "type": "Feature",
      "properties": {
        "P27_001": "27211",
        "P27_002": "3",
        "P27_003": "99999",
        "P27_004": "03120",
        "P27_005": "茨木市立東市民体育館",
        "P27_006": "学園町4-18",
        "P27_007": 4,
        "P27_008": -99,
        "P27_009": 9999
      },
      "geometry": {
        "type": "Point",
        "coordinates": [
          135.591144,
          34.818259
        ]
      }
    },
    {
      "type": "Feature",
      "properties": {
        "P27_001": "27211",
        "P27_002": "3",
        "P27_003": "99999",
        "P27_004": "03129",
        "P27_005": "茨木市立東市民体育館",
        "P27_006": "学園町4-18",
        "P27_007": 4,
        "P27_008": -99,
        "P27_009": 9999
      },
      "geometry": {
        "type": "Point",
        "coordinates": [
          135.591144,
          34.818176
        ]
      }
    },
    {
      "type": "Feature",
      "properties": {
        "P27_001": "27211",
        "P27_002": "3",
        "P27_003": "99999",
        "P27_004": "03142",
        "P27_005": "茨木市青少年野外活動センター",
        "P27_006": "大字銭原115",
        "P27_007": 3,
        "P27_008": -99,
        "P27_009": 9999
      },
      "geometry": {
        "type": "Point",
        "coordinates": [
          135.530722,
          34.925014
        ]
      }
    },
    {
      "type": "Feature",
      "properties": {
        "P27_001": "27211",
        "P27_002": "3",
        "P27_003": "99999",
        "P27_004": "03121",
        "P27_005": "春日丘運動広場弓道場",
        "P27_006": "北春日丘4-12-35",
        "P27_007": 3,
        "P27_008": -99,
        "P27_009": 9999
      },
      "geometry": {
        "type": "Point",
        "coordinates": [
          135.530661,
          34.822619
        ]
      }
    },
    {
      "type": "Feature",
      "properties": {
        "P27_001": "27211",
        "P27_002": "3",
        "P27_003": "99999",
        "P27_004": "03109",
        "P27_005": "茨木市立福井市民体育館",
        "P27_006": "西福井3-30-45",
        "P27_007": 3,
        "P27_008": -99,
        "P27_009": 9999
      },
      "geometry": {
        "type": "Point",
        "coordinates": [
          135.549308,
          34.84568
        ]
      }
    },
    {
      "type": "Feature",
      "properties": {
        "P27_001": "27211",
        "P27_002": "3",
        "P27_003": "99999",
        "P27_004": "03109",
        "P27_005": "茨木市立市民体育館",
        "P27_006": "小川町2-1",
        "P27_007": 4,
        "P27_008": -99,
        "P27_009": 9999
      },
      "geometry": {
        "type": "Point",
        "coordinates": [
          135.569792,
          34.810752
        ]
      }
    },
    {
      "type": "Feature",
      "properties": {
        "P27_001": "27211",
        "P27_002": "3",
        "P27_003": "99999",
        "P27_004": "03120",
        "P27_005": "茨木市立市民体育館",
        "P27_006": "小川町2-1",
        "P27_007": 4,
        "P27_008": -99,
        "P27_009": 9999
      },
      "geometry": {
        "type": "Point",
        "coordinates": [
          135.569798,
          34.810684
        ]
      }
    },
    {
      "type": "Feature",
      "properties": {
        "P27_001": "27211",
        "P27_002": "3",
        "P27_003": "99999",
        "P27_004": "03113",
        "P27_005": "茨木市立市民体育館",
        "P27_006": "小川町2-1",
        "P27_007": 4,
        "P27_008": -99,
        "P27_009": 9999
      },
      "geometry": {
        "type": "Point",
        "coordinates": [
          135.569798,
          34.810611
        ]
      }
    },
    {
      "type": "Feature",
      "properties": {
        "P27_001": "27211",
        "P27_002": "3",
        "P27_003": "99999",
        "P27_004": "03130",
        "P27_005": "茨木市立市民体育館",
        "P27_006": "小川町2-1",
        "P27_007": 4,
        "P27_008": -99,
        "P27_009": 9999
      },
      "geometry": {
        "type": "Point",
        "coordinates": [
          135.569804,
          34.810543
        ]
      }
    },
    {
      "type": "Feature",
      "properties": {
        "P27_001": "27211",
        "P27_002": "3",
        "P27_003": "99999",
        "P27_004": "03111",
        "P27_005": "茨木市立市民体育館",
        "P27_006": "小川町2-1",
        "P27_007": 4,
        "P27_008": -99,
        "P27_009": 9999
      },
      "geometry": {
        "type": "Point",
        "coordinates": [
          135.569792,
          34.810474
        ]
      }
    },
    {
      "type": "Feature",
      "properties": {
        "P27_001": "27211",
        "P27_002": "3",
        "P27_003": "99999",
        "P27_004": "03106",
        "P27_005": "茨木市立西河原市民プール",
        "P27_006": "西河原3-2-38",
        "P27_007": 4,
        "P27_008": 1,
        "P27_009": 1993
      },
      "geometry": {
        "type": "Point",
        "coordinates": [
          135.573781,
          34.834877
        ]
      }
    },
    {
      "type": "Feature",
      "properties": {
        "P27_001": "27211",
        "P27_002": "3",
        "P27_003": "99999",
        "P27_004": "03107",
        "P27_005": "茨木市立西河原市民プール",
        "P27_006": "西河原3-2-38",
        "P27_007": 4,
        "P27_008": 1,
        "P27_009": 1993
      },
      "geometry": {
        "type": "Point",
        "coordinates": [
          135.573802,
          34.834657
        ]
      }
    },
    {
      "type": "Feature",
      "properties": {
        "P27_001": "27211",
        "P27_002": "3",
        "P27_003": "99999",
        "P27_004": "03105",
        "P27_005": "茨木市立西河原市民プール",
        "P27_006": "西河原3-2-38",
        "P27_007": 4,
        "P27_008": 1,
        "P27_009": 1993
      },
      "geometry": {
        "type": "Point",
        "coordinates": [
          135.573781,
          34.835247
        ]
      }
    },
    {
      "type": "Feature",
      "properties": {
        "P27_001": "27211",
        "P27_002": "3",
        "P27_003": "99999",
        "P27_004": "03129",
        "P27_005": "茨木市立西河原市民プール",
        "P27_006": "西河原3-2-38",
        "P27_007": 4,
        "P27_008": 1,
        "P27_009": 1993
      },
      "geometry": {
        "type": "Point",
        "coordinates": [
          135.573793,
          34.83534
        ]
      }
    },
    {
      "type": "Feature",
      "properties": {
        "P27_001": "27211",
        "P27_002": "3",
        "P27_003": "99999",
        "P27_004": "03105",
        "P27_005": "茨木市立五十鈴市民プール",
        "P27_006": "五十鈴町11-13",
        "P27_007": 4,
        "P27_008": -99,
        "P27_009": 9999
      },
      "geometry": {
        "type": "Point",
        "coordinates": [
          135.586906,
          34.813795
        ]
      }
    },
    {
      "type": "Feature",
      "properties": {
        "P27_001": "27211",
        "P27_002": "3",
        "P27_003": "99999",
        "P27_004": "03106",
        "P27_005": "茨木市立五十鈴市民プール",
        "P27_006": "五十鈴町11-13",
        "P27_007": 4,
        "P27_008": -99,
        "P27_009": 9999
      },
      "geometry": {
        "type": "Point",
        "coordinates": [
          135.58753,
          34.813678
        ]
      }
    },
    {
      "type": "Feature",
      "properties": {
        "P27_001": "27211",
        "P27_002": "3",
        "P27_003": "99999",
        "P27_004": "03106",
        "P27_005": "茨木市立中条市民プール",
        "P27_006": "小川町2-1",
        "P27_007": 4,
        "P27_008": -99,
        "P27_009": 9999
      },
      "geometry": {
        "type": "Point",
        "coordinates": [
          135.569649,
          34.810226
        ]
      }
    },
    {
      "type": "Feature",
      "properties": {
        "P27_001": "27211",
        "P27_002": "3",
        "P27_003": "99999",
        "P27_004": "03116",
        "P27_005": "東雲運動広場屋内庭球場",
        "P27_006": "新堂1-6-24",
        "P27_007": 3,
        "P27_008": -99,
        "P27_009": 9999
      },
      "geometry": {
        "type": "Point",
        "coordinates": [
          135.592925,
          34.812456
        ]
      }
    },
    {
      "type": "Feature",
      "properties": {
        "P27_001": "27211",
        "P27_002": "3",
        "P27_003": "99999",
        "P27_004": "03115",
        "P27_005": "忍頂寺スポーツ公園庭球場",
        "P27_006": "大字忍頂寺1049",
        "P27_007": 4,
        "P27_008": -99,
        "P27_009": 9999
      },
      "geometry": {
        "type": "Point",
        "coordinates": [
          135.536961,
          34.896217
        ]
      }
    },
    {
      "type": "Feature",
      "properties": {
        "P27_001": "27211",
        "P27_002": "3",
        "P27_003": "99999",
        "P27_004": "03115",
        "P27_005": "若園公園庭球場",
        "P27_006": "真砂2-4",
        "P27_007": 3,
        "P27_008": -99,
        "P27_009": 9999
      },
      "geometry": {
        "type": "Point",
        "coordinates": [
          135.581778,
          34.800364
        ]
      }
    },
    {
      "type": "Feature",
      "properties": {
        "P27_001": "27211",
        "P27_002": "3",
        "P27_003": "99999",
        "P27_004": "03115",
        "P27_005": "中央公園庭球場",
        "P27_006": "駅前4-8",
        "P27_007": 3,
        "P27_008": -99,
        "P27_009": 9999
      },
      "geometry": {
        "type": "Point",
        "coordinates": [
          135.56934,
          34.818486
        ]
      }
    },
    {
      "type": "Feature",
      "properties": {
        "P27_001": "27211",
        "P27_002": "3",
        "P27_003": "99999",
        "P27_004": "03115",
        "P27_005": "西河原公園庭球場",
        "P27_006": "西河原2",
        "P27_007": 3,
        "P27_008": -99,
        "P27_009": 9999
      },
      "geometry": {
        "type": "Point",
        "coordinates": [
          135.575431,
          34.832149
        ]
      }
    },
    {
      "type": "Feature",
      "properties": {
        "P27_001": "27211",
        "P27_002": "3",
        "P27_003": "99999",
        "P27_004": "03115",
        "P27_005": "春日丘運動広場庭球場",
        "P27_006": "北春日丘4-12-35",
        "P27_007": 3,
        "P27_008": -99,
        "P27_009": 9999
      },
      "geometry": {
        "type": "Point",
        "coordinates": [
          135.531083,
          34.822707
        ]
      }
    },
    {
      "type": "Feature",
      "properties": {
        "P27_001": "27211",
        "P27_002": "3",
        "P27_003": "99999",
        "P27_004": "03115",
        "P27_005": "福井運動広場庭球場",
        "P27_006": "西福井3-30-45",
        "P27_007": 3,
        "P27_008": -99,
        "P27_009": 9999
      },
      "geometry": {
        "type": "Point",
        "coordinates": [
          135.548904,
          34.84547
        ]
      }
    },
    {
      "type": "Feature",
      "properties": {
        "P27_001": "27211",
        "P27_002": "3",
        "P27_003": "99999",
        "P27_004": "03102",
        "P27_005": "水尾公園グラウンド",
        "P27_006": "水尾1",
        "P27_007": 3,
        "P27_008": -99,
        "P27_009": 9999
      },
      "geometry": {
        "type": "Point",
        "coordinates": [
          135.572925,
          34.807604
        ]
      }
    },
    {
      "type": "Feature",
      "properties": {
        "P27_001": "27211",
        "P27_002": "3",
        "P27_003": "99999",
        "P27_004": "03138",
        "P27_005": "水尾公園グラウンド",
        "P27_006": "水尾1",
        "P27_007": 3,
        "P27_008": -99,
        "P27_009": 9999
      },
      "geometry": {
        "type": "Point",
        "coordinates": [
          135.572925,
          34.807512
        ]
      }
    },
    {
      "type": "Feature",
      "properties": {
        "P27_001": "27211",
        "P27_002": "3",
        "P27_003": "99999",
        "P27_004": "03104",
        "P27_005": "水尾公園グラウンド",
        "P27_006": "水尾1",
        "P27_007": 3,
        "P27_008": -99,
        "P27_009": 9999
      },
      "geometry": {
        "type": "Point",
        "coordinates": [
          135.572931,
          34.807419
        ]
      }
    },
    {
      "type": "Feature",
      "properties": {
        "P27_001": "27211",
        "P27_002": "3",
        "P27_003": "99999",
        "P27_004": "03102",
        "P27_005": "沢良宜公園グラウンド",
        "P27_006": "横江2-5",
        "P27_007": 3,
        "P27_008": -99,
        "P27_009": 9999
      },
      "geometry": {
        "type": "Point",
        "coordinates": [
          135.564325,
          34.787582
        ]
      }
    },
    {
      "type": "Feature",
      "properties": {
        "P27_001": "27211",
        "P27_002": "3",
        "P27_003": "99999",
        "P27_004": "03104",
        "P27_005": "沢良宜公園グラウンド",
        "P27_006": "横江2-5",
        "P27_007": 3,
        "P27_008": -99,
        "P27_009": 9999
      },
      "geometry": {
        "type": "Point",
        "coordinates": [
          135.564319,
          34.787485
        ]
      }
    },
    {
      "type": "Feature",
      "properties": {
        "P27_001": "27211",
        "P27_002": "3",
        "P27_003": "99999",
        "P27_004": "03102",
        "P27_005": "東雲運動広場",
        "P27_006": "新堂1-6-24",
        "P27_007": 3,
        "P27_008": -99,
        "P27_009": 9999
      },
      "geometry": {
        "type": "Point",
        "coordinates": [
          135.592146,
          34.812344
        ]
      }
    },
    {
      "type": "Feature",
      "properties": {
        "P27_001": "27211",
        "P27_002": "3",
        "P27_003": "99999",
        "P27_004": "03103",
        "P27_005": "東雲運動広場",
        "P27_006": "新堂1-6-24",
        "P27_007": 3,
        "P27_008": -99,
        "P27_009": 9999
      },
      "geometry": {
        "type": "Point",
        "coordinates": [
          135.592146,
          34.812231
        ]
      }
    },
    {
      "type": "Feature",
      "properties": {
        "P27_001": "27211",
        "P27_002": "3",
        "P27_003": "99999",
        "P27_004": "03102",
        "P27_005": "忍頂寺スポーツ公園運動広場",
        "P27_006": "大字忍頂寺1049",
        "P27_007": 4,
        "P27_008": -99,
        "P27_009": 9999
      },
      "geometry": {
        "type": "Point",
        "coordinates": [
          135.537116,
          34.895111
        ]
      }
    },
    {
      "type": "Feature",
      "properties": {
        "P27_001": "27211",
        "P27_002": "3",
        "P27_003": "99999",
        "P27_004": "03103",
        "P27_005": "忍頂寺スポーツ公園運動広場",
        "P27_006": "大字忍頂寺1049",
        "P27_007": 4,
        "P27_008": -99,
        "P27_009": 9999
      },
      "geometry": {
        "type": "Point",
        "coordinates": [
          135.537104,
          34.894999
        ]
      }
    },
    {
      "type": "Feature",
      "properties": {
        "P27_001": "27211",
        "P27_002": "3",
        "P27_003": "99999",
        "P27_004": "03104",
        "P27_005": "忍頂寺スポーツ公園運動広場",
        "P27_006": "大字忍頂寺1049",
        "P27_007": 4,
        "P27_008": -99,
        "P27_009": 9999
      },
      "geometry": {
        "type": "Point",
        "coordinates": [
          135.537104,
          34.894892
        ]
      }
    },
    {
      "type": "Feature",
      "properties": {
        "P27_001": "27211",
        "P27_002": "3",
        "P27_003": "99999",
        "P27_004": "03138",
        "P27_005": "忍頂寺スポーツ公園",
        "P27_006": "大字忍頂寺1049",
        "P27_007": 4,
        "P27_008": -99,
        "P27_009": 9999
      },
      "geometry": {
        "type": "Point",
        "coordinates": [
          135.536652,
          34.896656
        ]
      }
    },
    {
      "type": "Feature",
      "properties": {
        "P27_001": "27211",
        "P27_002": "3",
        "P27_003": "99999",
        "P27_004": "03102",
        "P27_005": "若園公園グラウンド",
        "P27_006": "真砂2",
        "P27_007": 3,
        "P27_008": -99,
        "P27_009": 9999
      },
      "geometry": {
        "type": "Point",
        "coordinates": [
          135.580755,
          34.800539
        ]
      }
    },
    {
      "type": "Feature",
      "properties": {
        "P27_001": "27211",
        "P27_002": "3",
        "P27_003": "99999",
        "P27_004": "03103",
        "P27_005": "若園公園グラウンド",
        "P27_006": "真砂2",
        "P27_007": 3,
        "P27_008": -99,
        "P27_009": 9999
      },
      "geometry": {
        "type": "Point",
        "coordinates": [
          135.580767,
          34.800452
        ]
      }
    },
    {
      "type": "Feature",
      "properties": {
        "P27_001": "27211",
        "P27_002": "3",
        "P27_003": "99999",
        "P27_004": "03104",
        "P27_005": "若園公園グラウンド",
        "P27_006": "真砂2",
        "P27_007": 3,
        "P27_008": -99,
        "P27_009": 9999
      },
      "geometry": {
        "type": "Point",
        "coordinates": [
          135.580767,
          34.800354
        ]
      }
    },
    {
      "type": "Feature",
      "properties": {
        "P27_001": "27211",
        "P27_002": "3",
        "P27_003": "99999",
        "P27_004": "03102",
        "P27_005": "島３号公園グラウンド",
        "P27_006": "宮島2-7",
        "P27_007": 3,
        "P27_008": -99,
        "P27_009": 9999
      },
      "geometry": {
        "type": "Point",
        "coordinates": [
          135.574365,
          34.78394
        ]
      }
    },
    {
      "type": "Feature",
      "properties": {
        "P27_001": "27211",
        "P27_002": "3",
        "P27_003": "99999",
        "P27_004": "03102",
        "P27_005": "春日丘運動広場",
        "P27_006": "北春日丘4-12-35",
        "P27_007": 3,
        "P27_008": -99,
        "P27_009": 9999
      },
      "geometry": {
        "type": "Point",
        "coordinates": [
          135.531784,
          34.822449
        ]
      }
    },
    {
      "type": "Feature",
      "properties": {
        "P27_001": "27211",
        "P27_002": "3",
        "P27_003": "99999",
        "P27_004": "03103",
        "P27_005": "春日丘運動広場",
        "P27_006": "北春日丘4-12-35",
        "P27_007": 3,
        "P27_008": -99,
        "P27_009": 9999
      },
      "geometry": {
        "type": "Point",
        "coordinates": [
          135.53179,
          34.822371
        ]
      }
    },
    {
      "type": "Feature",
      "properties": {
        "P27_001": "27211",
        "P27_002": "3",
        "P27_003": "99999",
        "P27_004": "03104",
        "P27_005": "春日丘運動広場",
        "P27_006": "北春日丘4-12-35",
        "P27_007": 3,
        "P27_008": -99,
        "P27_009": 9999
      },
      "geometry": {
        "type": "Point",
        "coordinates": [
          135.53179,
          34.822278
        ]
      }
    },
    {
      "type": "Feature",
      "properties": {
        "P27_001": "27211",
        "P27_002": "3",
        "P27_003": "99999",
        "P27_004": "03102",
        "P27_005": "若園運動広場",
        "P27_006": "真砂2-209-1",
        "P27_007": 3,
        "P27_008": -99,
        "P27_009": 9999
      },
      "geometry": {
        "type": "Point",
        "coordinates": [
          135.579899,
          34.800544
        ]
      }
    },
    {
      "type": "Feature",
      "properties": {
        "P27_001": "27211",
        "P27_002": "3",
        "P27_003": "99999",
        "P27_004": "03103",
        "P27_005": "若園運動広場",
        "P27_006": "真砂2-209-1",
        "P27_007": 3,
        "P27_008": -99,
        "P27_009": 9999
      },
      "geometry": {
        "type": "Point",
        "coordinates": [
          135.579899,
          34.800452
        ]
      }
    },
    {
      "type": "Feature",
      "properties": {
        "P27_001": "27211",
        "P27_002": "3",
        "P27_003": "99999",
        "P27_004": "03104",
        "P27_005": "若園運動広場",
        "P27_006": "真砂2-209-1",
        "P27_007": 3,
        "P27_008": -99,
        "P27_009": 9999
      },
      "geometry": {
        "type": "Point",
        "coordinates": [
          135.579887,
          34.800354
        ]
      }
    },
    {
      "type": "Feature",
      "properties": {
        "P27_001": "27211",
        "P27_002": "3",
        "P27_003": "99999",
        "P27_004": "03102",
        "P27_005": "福井運動広場",
        "P27_006": "西福井3-30-45",
        "P27_007": 3,
        "P27_008": -99,
        "P27_009": 9999
      },
      "geometry": {
        "type": "Point",
        "coordinates": [
          135.549563,
          34.845099
        ]
      }
    },
    {
      "type": "Feature",
      "properties": {
        "P27_001": "27211",
        "P27_002": "3",
        "P27_003": "99999",
        "P27_004": "03103",
        "P27_005": "福井運動広場",
        "P27_006": "西福井3-30-45",
        "P27_007": 3,
        "P27_008": -99,
        "P27_009": 9999
      },
      "geometry": {
        "type": "Point",
        "coordinates": [
          135.549557,
          34.845007
        ]
      }
    },
    {
      "type": "Feature",
      "properties": {
        "P27_001": "27211",
        "P27_002": "3",
        "P27_003": "99999",
        "P27_004": "03104",
        "P27_005": "福井運動広場",
        "P27_006": "西福井3-30-45",
        "P27_007": 3,
        "P27_008": -99,
        "P27_009": 9999
      },
      "geometry": {
        "type": "Point",
        "coordinates": [
          135.549563,
          34.844909
        ]
      }
    },
    {
      "type": "Feature",
      "properties": {
        "P27_001": "27211",
        "P27_002": "3",
        "P27_003": "99999",
        "P27_004": "03102",
        "P27_005": "中央公園グラウンド",
        "P27_006": "駅前4",
        "P27_007": 3,
        "P27_008": -99,
        "P27_009": 9999
      },
      "geometry": {
        "type": "Point",
        "coordinates": [
          135.569301,
          34.817884
        ]
      }
    },
    {
      "type": "Feature",
      "properties": {
        "P27_001": "27211",
        "P27_002": "3",
        "P27_003": "99999",
        "P27_004": "03103",
        "P27_005": "中央公園グラウンド",
        "P27_006": "駅前4",
        "P27_007": 3,
        "P27_008": -99,
        "P27_009": 9999
      },
      "geometry": {
        "type": "Point",
        "coordinates": [
          135.569304,
          34.817796
        ]
      }
    },
    {
      "type": "Feature",
      "properties": {
        "P27_001": "27211",
        "P27_002": "3",
        "P27_003": "99999",
        "P27_004": "03104",
        "P27_005": "中央公園グラウンド",
        "P27_006": "駅前4",
        "P27_007": 3,
        "P27_008": -99,
        "P27_009": 9999
      },
      "geometry": {
        "type": "Point",
        "coordinates": [
          135.569295,
          34.816393
        ]
      }
    },
    {
      "type": "Feature",
      "properties": {
        "P27_001": "27211",
        "P27_002": "3",
        "P27_003": "99999",
        "P27_004": "03102",
        "P27_005": "西河原公園グラウンド",
        "P27_006": "西河原2",
        "P27_007": 3,
        "P27_008": -99,
        "P27_009": 9999
      },
      "geometry": {
        "type": "Point",
        "coordinates": [
          135.575306,
          34.831623
        ]
      }
    },
    {
      "type": "Feature",
      "properties": {
        "P27_001": "27211",
        "P27_002": "3",
        "P27_003": "99999",
        "P27_004": "03103",
        "P27_005": "西河原公園グラウンド",
        "P27_006": "西河原2",
        "P27_007": 3,
        "P27_008": -99,
        "P27_009": 9999
      },
      "geometry": {
        "type": "Point",
        "coordinates": [
          135.5753,
          34.831535
        ]
      }
    },
    {
      "type": "Feature",
      "properties": {
        "P27_001": "27211",
        "P27_002": "3",
        "P27_003": "99999",
        "P27_004": "03104",
        "P27_005": "西河原公園グラウンド",
        "P27_006": "西河原2",
        "P27_007": 3,
        "P27_008": -99,
        "P27_009": 9999
      },
      "geometry": {
        "type": "Point",
        "coordinates": [
          135.575295,
          34.831447
        ]
      }
    },
    {
      "type": "Feature",
      "properties": {
        "P27_001": "27211",
        "P27_002": "3",
        "P27_003": "99999",
        "P27_004": "03101",
        "P27_005": "西河原公園グラウンド",
        "P27_006": "西河原2",
        "P27_007": 3,
        "P27_008": -99,
        "P27_009": 9999
      },
      "geometry": {
        "type": "Point",
        "coordinates": [
          135.5753,
          34.83135
        ]
      }
    },
    {
      "type": "Feature",
      "properties": {
        "P27_001": "27207",
        "P27_002": "3",
        "P27_003": "99999",
        "P27_004": "03102",
        "P27_005": "高槻市立庄所運動広場",
        "P27_006": "南庄所町3-1",
        "P27_007": 4,
        "P27_008": -99,
        "P27_009": 2007
      },
      "geometry": {
        "type": "Point",
        "coordinates": [
          135.615137,
          34.837308
        ]
      }
    },
    {
      "type": "Feature",
      "properties": {
        "P27_001": "27207",
        "P27_002": "3",
        "P27_003": "99999",
        "P27_004": "03103",
        "P27_005": "高槻市立庄所運動広場",
        "P27_006": "南庄所町3-1",
        "P27_007": 4,
        "P27_008": -99,
        "P27_009": 2007
      },
      "geometry": {
        "type": "Point",
        "coordinates": [
          135.615143,
          34.83723
        ]
      }
    },
    {
      "type": "Feature",
      "properties": {
        "P27_001": "27207",
        "P27_002": "3",
        "P27_003": "99999",
        "P27_004": "03104",
        "P27_005": "高槻市立庄所運動広場",
        "P27_006": "南庄所町3-1",
        "P27_007": 4,
        "P27_008": -99,
        "P27_009": 2007
      },
      "geometry": {
        "type": "Point",
        "coordinates": [
          135.615137,
          34.837152
        ]
      }
    },
    {
      "type": "Feature",
      "properties": {
        "P27_001": "27207",
        "P27_002": "3",
        "P27_003": "99999",
        "P27_004": "03138",
        "P27_005": "高槻市立庄所運動広場",
        "P27_006": "南庄所町3-1",
        "P27_007": 4,
        "P27_008": -99,
        "P27_009": 2007
      },
      "geometry": {
        "type": "Point",
        "coordinates": [
          135.615137,
          34.83706
        ]
      }
    },
    {
      "type": "Feature",
      "properties": {
        "P27_001": "27207",
        "P27_002": "3",
        "P27_003": "99999",
        "P27_004": "03102",
        "P27_005": "高槻市立牧田運動広場",
        "P27_006": "牧田町26-1",
        "P27_007": 4,
        "P27_008": -99,
        "P27_009": 2007
      },
      "geometry": {
        "type": "Point",
        "coordinates": [
          135.599366,
          34.819357
        ]
      }
    },
    {
      "type": "Feature",
      "properties": {
        "P27_001": "27207",
        "P27_002": "3",
        "P27_003": "99999",
        "P27_004": "03103",
        "P27_005": "高槻市立牧田運動広場",
        "P27_006": "牧田町26-1",
        "P27_007": 4,
        "P27_008": -99,
        "P27_009": 2007
      },
      "geometry": {
        "type": "Point",
        "coordinates": [
          135.59936,
          34.819265
        ]
      }
    },
    {
      "type": "Feature",
      "properties": {
        "P27_001": "27207",
        "P27_002": "3",
        "P27_003": "99999",
        "P27_004": "03104",
        "P27_005": "高槻市立牧田運動広場",
        "P27_006": "牧田町26-1",
        "P27_007": 4,
        "P27_008": -99,
        "P27_009": 2007
      },
      "geometry": {
        "type": "Point",
        "coordinates": [
          135.59936,
          34.819167
        ]
      }
    },
    {
      "type": "Feature",
      "properties": {
        "P27_001": "27207",
        "P27_002": "3",
        "P27_003": "99999",
        "P27_004": "03138",
        "P27_005": "高槻市立牧田運動広場",
        "P27_006": "牧田町26-1",
        "P27_007": 4,
        "P27_008": -99,
        "P27_009": 2007
      },
      "geometry": {
        "type": "Point",
        "coordinates": [
          135.59936,
          34.819074
        ]
      }
    },
    {
      "type": "Feature",
      "properties": {
        "P27_001": "27207",
        "P27_002": "3",
        "P27_003": "99999",
        "P27_004": "03109",
        "P27_005": "高槻市堤運動広場",
        "P27_006": "堤町3-1",
        "P27_007": 4,
        "P27_008": -99,
        "P27_009": 2006
      },
      "geometry": {
        "type": "Point",
        "coordinates": [
          135.617908,
          34.827458
        ]
      }
    },
    {
      "type": "Feature",
      "properties": {
        "P27_001": "27207",
        "P27_002": "3",
        "P27_003": "99999",
        "P27_004": "03102",
        "P27_005": "高槻市堤運動広場",
        "P27_006": "堤町3-1",
        "P27_007": 4,
        "P27_008": -99,
        "P27_009": 2006
      },
      "geometry": {
        "type": "Point",
        "coordinates": [
          135.617135,
          34.827258
        ]
      }
    },
    {
      "type": "Feature",
      "properties": {
        "P27_001": "27207",
        "P27_002": "3",
        "P27_003": "99999",
        "P27_004": "03103",
        "P27_005": "高槻市堤運動広場",
        "P27_006": "堤町3-1",
        "P27_007": 4,
        "P27_008": -99,
        "P27_009": 2006
      },
      "geometry": {
        "type": "Point",
        "coordinates": [
          135.617123,
          34.827165
        ]
      }
    },
    {
      "type": "Feature",
      "properties": {
        "P27_001": "27207",
        "P27_002": "3",
        "P27_003": "99999",
        "P27_004": "03104",
        "P27_005": "高槻市堤運動広場",
        "P27_006": "堤町3-1",
        "P27_007": 4,
        "P27_008": -99,
        "P27_009": 2006
      },
      "geometry": {
        "type": "Point",
        "coordinates": [
          135.617129,
          34.827073
        ]
      }
    },
    {
      "type": "Feature",
      "properties": {
        "P27_001": "27207",
        "P27_002": "3",
        "P27_003": "99999",
        "P27_004": "03120",
        "P27_005": "高槻市堤運動広場",
        "P27_006": "堤町3-1",
        "P27_007": 4,
        "P27_008": -99,
        "P27_009": 2006
      },
      "geometry": {
        "type": "Point",
        "coordinates": [
          135.617908,
          34.82738
        ]
      }
    },
    {
      "type": "Feature",
      "properties": {
        "P27_001": "27207",
        "P27_002": "3",
        "P27_003": "99999",
        "P27_004": "03115",
        "P27_005": "高槻市立萩谷総合公園テニスコート",
        "P27_006": "大字萩谷111-1",
        "P27_007": 4,
        "P27_008": -99,
        "P27_009": 1998
      },
      "geometry": {
        "type": "Point",
        "coordinates": [
          135.57231,
          34.886591
        ]
      }
    },
    {
      "type": "Feature",
      "properties": {
        "P27_001": "27207",
        "P27_002": "3",
        "P27_003": "99999",
        "P27_004": "03102",
        "P27_005": "高槻市立萩谷総合公園野球場",
        "P27_006": "大字萩谷111-1",
        "P27_007": 4,
        "P27_008": -99,
        "P27_009": 9999
      },
      "geometry": {
        "type": "Point",
        "coordinates": [
          135.577925,
          34.885104
        ]
      }
    },
    {
      "type": "Feature",
      "properties": {
        "P27_001": "27207",
        "P27_002": "3",
        "P27_003": "99999",
        "P27_004": "03142",
        "P27_005": "高槻市摂津峡青少年キャンプ場",
        "P27_006": "大字原1",
        "P27_007": 3,
        "P27_008": -99,
        "P27_009": 9999
      },
      "geometry": {
        "type": "Point",
        "coordinates": [
          135.584094,
          34.876369
        ]
      }
    },
    {
      "type": "Feature",
      "properties": {
        "P27_001": "27207",
        "P27_002": "3",
        "P27_003": "99999",
        "P27_004": "03109",
        "P27_005": "高槻市立総合スポーツセンター／総合体育館",
        "P27_006": "芝生町4-1-1",
        "P27_007": 4,
        "P27_008": 2,
        "P27_009": 1984
      },
      "geometry": {
        "type": "Point",
        "coordinates": [
          135.610082,
          34.825167
        ]
      }
    },
    {
      "type": "Feature",
      "properties": {
        "P27_001": "27207",
        "P27_002": "3",
        "P27_003": "99999",
        "P27_004": "03129",
        "P27_005": "高槻市立総合スポーツセンター／総合体育館",
        "P27_006": "芝生町4-1-1",
        "P27_007": 4,
        "P27_008": 2,
        "P27_009": 1984
      },
      "geometry": {
        "type": "Point",
        "coordinates": [
          135.610082,
          34.825089
        ]
      }
    },
    {
      "type": "Feature",
      "properties": {
        "P27_001": "27207",
        "P27_002": "3",
        "P27_003": "99999",
        "P27_004": "03121",
        "P27_005": "高槻市立総合スポーツセンター／総合体育館",
        "P27_006": "芝生町4-1-1",
        "P27_007": 4,
        "P27_008": 2,
        "P27_009": 1984
      },
      "geometry": {
        "type": "Point",
        "coordinates": [
          135.610076,
          34.825011
        ]
      }
    },
    {
      "type": "Feature",
      "properties": {
        "P27_001": "27207",
        "P27_002": "3",
        "P27_003": "99999",
        "P27_004": "03120",
        "P27_005": "高槻市立総合スポーツセンター／総合体育館",
        "P27_006": "芝生町4-1-1",
        "P27_007": 4,
        "P27_008": 2,
        "P27_009": 1984
      },
      "geometry": {
        "type": "Point",
        "coordinates": [
          135.610076,
          34.824933
        ]
      }
    },
    {
      "type": "Feature",
      "properties": {
        "P27_001": "27207",
        "P27_002": "3",
        "P27_003": "99999",
        "P27_004": "03110",
        "P27_005": "高槻市立総合スポーツセンター／総合体育館",
        "P27_006": "芝生町4-1-1",
        "P27_007": 4,
        "P27_008": 2,
        "P27_009": 1984
      },
      "geometry": {
        "type": "Point",
        "coordinates": [
          135.610076,
          34.824855
        ]
      }
    },
    {
      "type": "Feature",
      "properties": {
        "P27_001": "27207",
        "P27_002": "3",
        "P27_003": "99999",
        "P27_004": "03111",
        "P27_005": "高槻市立総合スポーツセンター／総合体育館",
        "P27_006": "芝生町4-1-1",
        "P27_007": 4,
        "P27_008": 2,
        "P27_009": 1984
      },
      "geometry": {
        "type": "Point",
        "coordinates": [
          135.610076,
          34.824777
        ]
      }
    },
    {
      "type": "Feature",
      "properties": {
        "P27_001": "27207",
        "P27_002": "3",
        "P27_003": "99999",
        "P27_004": "03113",
        "P27_005": "高槻市立総合スポーツセンター／総合体育館",
        "P27_006": "芝生町4-1-1",
        "P27_007": 4,
        "P27_008": 2,
        "P27_009": 1984
      },
      "geometry": {
        "type": "Point",
        "coordinates": [
          135.61007,
          34.824694
        ]
      }
    },
    {
      "type": "Feature",
      "properties": {
        "P27_001": "27207",
        "P27_002": "3",
        "P27_003": "99999",
        "P27_004": "03132",
        "P27_005": "高槻市立総合スポーツセンター／総合体育館",
        "P27_006": "芝生町4-1-1",
        "P27_007": 4,
        "P27_008": 2,
        "P27_009": 1984
      },
      "geometry": {
        "type": "Point",
        "coordinates": [
          135.610076,
          34.824616
        ]
      }
    },
    {
      "type": "Feature",
      "properties": {
        "P27_001": "27207",
        "P27_002": "3",
        "P27_003": "99999",
        "P27_004": "03115",
        "P27_005": "高槻市立芥川緑地テニスコート",
        "P27_006": "南平台5-59-1",
        "P27_007": 4,
        "P27_008": -99,
        "P27_009": 9999
      },
      "geometry": {
        "type": "Point",
        "coordinates": [
          135.592837,
          34.862962
        ]
      }
    },
    {
      "type": "Feature",
      "properties": {
        "P27_001": "27207",
        "P27_002": "3",
        "P27_003": "99999",
        "P27_004": "03115",
        "P27_005": "高槻市立郡家テニスコート",
        "P27_006": "郡家本町10-32",
        "P27_007": 4,
        "P27_008": -99,
        "P27_009": 9999
      },
      "geometry": {
        "type": "Point",
        "coordinates": [
          135.597225,
          34.85392
        ]
      }
    },
    {
      "type": "Feature",
      "properties": {
        "P27_001": "27207",
        "P27_002": "3",
        "P27_003": "99999",
        "P27_004": "03115",
        "P27_005": "高槻市営西大樋テニスコート",
        "P27_006": "西大樋町1-1",
        "P27_007": 4,
        "P27_008": -99,
        "P27_009": 9999
      },
      "geometry": {
        "type": "Point",
        "coordinates": [
          135.618621,
          34.823058
        ]
      }
    },
    {
      "type": "Feature",
      "properties": {
        "P27_001": "27207",
        "P27_002": "3",
        "P27_003": "99999",
        "P27_004": "03115",
        "P27_005": "高槻市立総合スポーツセンターテニスコート",
        "P27_006": "芝生町4-1-1",
        "P27_007": 4,
        "P27_008": -99,
        "P27_009": 9999
      },
      "geometry": {
        "type": "Point",
        "coordinates": [
          135.60786,
          34.825284
        ]
      }
    },
    {
      "type": "Feature",
      "properties": {
        "P27_001": "27207",
        "P27_002": "3",
        "P27_003": "99999",
        "P27_004": "03103",
        "P27_005": "高槻市立萩谷総合公園サッカー場",
        "P27_006": "大字萩谷111-1",
        "P27_007": 4,
        "P27_008": -99,
        "P27_009": 9999
      },
      "geometry": {
        "type": "Point",
        "coordinates": [
          135.580136,
          34.885426
        ]
      }
    },
    {
      "type": "Feature",
      "properties": {
        "P27_001": "27207",
        "P27_002": "3",
        "P27_003": "99999",
        "P27_004": "03102",
        "P27_005": "高槻市立総合スポーツセンター青少年運動広場",
        "P27_006": "芝生町4-1-1",
        "P27_007": 4,
        "P27_008": -99,
        "P27_009": 9999
      },
      "geometry": {
        "type": "Point",
        "coordinates": [
          135.60786,
          34.82467
        ]
      }
    },
    {
      "type": "Feature",
      "properties": {
        "P27_001": "27207",
        "P27_002": "3",
        "P27_003": "99999",
        "P27_004": "03103",
        "P27_005": "高槻市立総合スポーツセンター青少年運動広場",
        "P27_006": "芝生町4-1-1",
        "P27_007": 4,
        "P27_008": -99,
        "P27_009": 9999
      },
      "geometry": {
        "type": "Point",
        "coordinates": [
          135.607848,
          34.824084
        ]
      }
    },
    {
      "type": "Feature",
      "properties": {
        "P27_001": "27207",
        "P27_002": "3",
        "P27_003": "99999",
        "P27_004": "03102",
        "P27_005": "高槻市立南大樋運動広場",
        "P27_006": "南大樋町970",
        "P27_007": 4,
        "P27_008": -99,
        "P27_009": 9999
      },
      "geometry": {
        "type": "Point",
        "coordinates": [
          135.624259,
          34.82183
        ]
      }
    },
    {
      "type": "Feature",
      "properties": {
        "P27_001": "27207",
        "P27_002": "3",
        "P27_003": "99999",
        "P27_004": "03103",
        "P27_005": "高槻市立南大樋運動広場",
        "P27_006": "南大樋町970",
        "P27_007": 4,
        "P27_008": -99,
        "P27_009": 9999
      },
      "geometry": {
        "type": "Point",
        "coordinates": [
          135.624253,
          34.821737
        ]
      }
    },
    {
      "type": "Feature",
      "properties": {
        "P27_001": "27207",
        "P27_002": "3",
        "P27_003": "99999",
        "P27_004": "03104",
        "P27_005": "高槻市立南大樋運動広場",
        "P27_006": "南大樋町970",
        "P27_007": 4,
        "P27_008": -99,
        "P27_009": 9999
      },
      "geometry": {
        "type": "Point",
        "coordinates": [
          135.624247,
          34.821625
        ]
      }
    },
    {
      "type": "Feature",
      "properties": {
        "P27_001": "27207",
        "P27_002": "3",
        "P27_003": "99999",
        "P27_004": "03102",
        "P27_005": "高槻市立城跡公園野球場",
        "P27_006": "野見町1492-1",
        "P27_007": 4,
        "P27_008": -99,
        "P27_009": 9999
      },
      "geometry": {
        "type": "Point",
        "coordinates": [
          135.621095,
          34.844385
        ]
      }
    },
    {
      "type": "Feature",
      "properties": {
        "P27_001": "27207",
        "P27_002": "3",
        "P27_003": "99999",
        "P27_004": "03101",
        "P27_005": "高槻市立総合スポーツセンター陸上競技場",
        "P27_006": "芝生町4-1-1",
        "P27_007": 4,
        "P27_008": -99,
        "P27_009": 9999
      },
      "geometry": {
        "type": "Point",
        "coordinates": [
          135.609108,
          34.824514
        ]
      }
    },
    {
      "type": "Feature",
      "properties": {
        "P27_001": "27207",
        "P27_002": "3",
        "P27_003": "99999",
        "P27_004": "03138",
        "P27_005": "高槻市立総合スポーツセンター陸上競技場",
        "P27_006": "芝生町4-1-1",
        "P27_007": 4,
        "P27_008": -99,
        "P27_009": 9999
      },
      "geometry": {
        "type": "Point",
        "coordinates": [
          135.609108,
          34.824401
        ]
      }
    },
    {
      "type": "Feature",
      "properties": {
        "P27_001": "27205",
        "P27_002": "3",
        "P27_003": "99999",
        "P27_004": "03109",
        "P27_005": "吹田市勤労青少年ホーム",
        "P27_006": "寿町2-19-20",
        "P27_007": 4,
        "P27_008": -99,
        "P27_009": 9999
      },
      "geometry": {
        "type": "Point",
        "coordinates": [
          135.519978,
          34.753231
        ]
      }
    },
    {
      "type": "Feature",
      "properties": {
        "P27_001": "27205",
        "P27_002": "3",
        "P27_003": "99999",
        "P27_004": "03142",
        "P27_005": "吹田市自然体験交流センター",
        "P27_006": "藤白台5-20-1",
        "P27_007": 3,
        "P27_008": -99,
        "P27_009": 9999
      },
      "geometry": {
        "type": "Point",
        "coordinates": [
          135.510213,
          34.827793
        ]
      }
    },
    {
      "type": "Feature",
      "properties": {
        "P27_001": "27205",
        "P27_002": "3",
        "P27_003": "99999",
        "P27_004": "03110",
        "P27_005": "吹田市立武道館「洗心館」",
        "P27_006": "山田北2-1",
        "P27_007": 4,
        "P27_008": -99,
        "P27_009": 9999
      },
      "geometry": {
        "type": "Point",
        "coordinates": [
          135.520436,
          34.809074
        ]
      }
    },
    {
      "type": "Feature",
      "properties": {
        "P27_001": "27205",
        "P27_002": "3",
        "P27_003": "99999",
        "P27_004": "03111",
        "P27_005": "吹田市立武道館「洗心館」",
        "P27_006": "山田北2-1",
        "P27_007": 4,
        "P27_008": -99,
        "P27_009": 9999
      },
      "geometry": {
        "type": "Point",
        "coordinates": [
          135.520436,
          34.808996
        ]
      }
    },
    {
      "type": "Feature",
      "properties": {
        "P27_001": "27205",
        "P27_002": "3",
        "P27_003": "99999",
        "P27_004": "03113",
        "P27_005": "吹田市立武道館「洗心館」",
        "P27_006": "山田北2-1",
        "P27_007": 4,
        "P27_008": -99,
        "P27_009": 9999
      },
      "geometry": {
        "type": "Point",
        "coordinates": [
          135.52043,
          34.808923
        ]
      }
    },
    {
      "type": "Feature",
      "properties": {
        "P27_001": "27205",
        "P27_002": "3",
        "P27_003": "99999",
        "P27_004": "03120",
        "P27_005": "吹田市立武道館「洗心館」",
        "P27_006": "山田北2-1",
        "P27_007": 4,
        "P27_008": -99,
        "P27_009": 9999
      },
      "geometry": {
        "type": "Point",
        "coordinates": [
          135.520424,
          34.808854
        ]
      }
    },
    {
      "type": "Feature",
      "properties": {
        "P27_001": "27205",
        "P27_002": "3",
        "P27_003": "99999",
        "P27_004": "03121",
        "P27_005": "吹田市立武道館「洗心館」",
        "P27_006": "山田北2-1",
        "P27_007": 4,
        "P27_008": -99,
        "P27_009": 9999
      },
      "geometry": {
        "type": "Point",
        "coordinates": [
          135.520364,
          34.80923
        ]
      }
    },
    {
      "type": "Feature",
      "properties": {
        "P27_001": "27205",
        "P27_002": "3",
        "P27_003": "99999",
        "P27_004": "03109",
        "P27_005": "吹田市目俵市民体育館",
        "P27_006": "目俵町1-11",
        "P27_007": 4,
        "P27_008": -99,
        "P27_009": 9999
      },
      "geometry": {
        "type": "Point",
        "coordinates": [
          135.531561,
          34.766479
        ]
      }
    },
    {
      "type": "Feature",
      "properties": {
        "P27_001": "27205",
        "P27_002": "3",
        "P27_003": "99999",
        "P27_004": "03120",
        "P27_005": "吹田市目俵市民体育館",
        "P27_006": "目俵町1-11",
        "P27_007": 4,
        "P27_008": -99,
        "P27_009": 9999
      },
      "geometry": {
        "type": "Point",
        "coordinates": [
          135.531561,
          34.766396
        ]
      }
    },
    {
      "type": "Feature",
      "properties": {
        "P27_001": "27205",
        "P27_002": "3",
        "P27_003": "99999",
        "P27_004": "03110",
        "P27_005": "吹田市目俵市民体育館",
        "P27_006": "目俵町1-11",
        "P27_007": 4,
        "P27_008": -99,
        "P27_009": 9999
      },
      "geometry": {
        "type": "Point",
        "coordinates": [
          135.531555,
          34.766318
        ]
      }
    },
    {
      "type": "Feature",
      "properties": {
        "P27_001": "27205",
        "P27_002": "3",
        "P27_003": "99999",
        "P27_004": "03111",
        "P27_005": "吹田市目俵市民体育館",
        "P27_006": "目俵町1-11",
        "P27_007": 4,
        "P27_008": -99,
        "P27_009": 9999
      },
      "geometry": {
        "type": "Point",
        "coordinates": [
          135.531555,
          34.76624
        ]
      }
    },
    {
      "type": "Feature",
      "properties": {
        "P27_001": "27205",
        "P27_002": "3",
        "P27_003": "99999",
        "P27_004": "03132",
        "P27_005": "吹田市目俵市民体育館",
        "P27_006": "目俵町1-11",
        "P27_007": 4,
        "P27_008": -99,
        "P27_009": 9999
      },
      "geometry": {
        "type": "Point",
        "coordinates": [
          135.531549,
          34.766162
        ]
      }
    },
    {
      "type": "Feature",
      "properties": {
        "P27_001": "27205",
        "P27_002": "3",
        "P27_003": "99999",
        "P27_004": "03109",
        "P27_005": "吹田市立南吹田市民体育館",
        "P27_006": "南吹田5-34-1",
        "P27_007": 4,
        "P27_008": -99,
        "P27_009": 9999
      },
      "geometry": {
        "type": "Point",
        "coordinates": [
          135.498694,
          34.751312
        ]
      }
    },
    {
      "type": "Feature",
      "properties": {
        "P27_001": "27205",
        "P27_002": "3",
        "P27_003": "99999",
        "P27_004": "03120",
        "P27_005": "吹田市立南吹田市民体育館",
        "P27_006": "南吹田5-34-1",
        "P27_007": 4,
        "P27_008": -99,
        "P27_009": 9999
      },
      "geometry": {
        "type": "Point",
        "coordinates": [
          135.498694,
          34.751238
        ]
      }
    },
    {
      "type": "Feature",
      "properties": {
        "P27_001": "27205",
        "P27_002": "3",
        "P27_003": "99999",
        "P27_004": "03110",
        "P27_005": "吹田市立南吹田市民体育館",
        "P27_006": "南吹田5-34-1",
        "P27_007": 4,
        "P27_008": -99,
        "P27_009": 9999
      },
      "geometry": {
        "type": "Point",
        "coordinates": [
          135.498694,
          34.751165
        ]
      }
    },
    {
      "type": "Feature",
      "properties": {
        "P27_001": "27205",
        "P27_002": "3",
        "P27_003": "99999",
        "P27_004": "03111",
        "P27_005": "吹田市立南吹田市民体育館",
        "P27_006": "南吹田5-34-1",
        "P27_007": 4,
        "P27_008": -99,
        "P27_009": 9999
      },
      "geometry": {
        "type": "Point",
        "coordinates": [
          135.498688,
          34.751092
        ]
      }
    },
    {
      "type": "Feature",
      "properties": {
        "P27_001": "27205",
        "P27_002": "3",
        "P27_003": "99999",
        "P27_004": "03113",
        "P27_005": "吹田市立南吹田市民体育館",
        "P27_006": "南吹田5-34-1",
        "P27_007": 4,
        "P27_008": -99,
        "P27_009": 9999
      },
      "geometry": {
        "type": "Point",
        "coordinates": [
          135.498694,
          34.751028
        ]
      }
    },
    {
      "type": "Feature",
      "properties": {
        "P27_001": "27205",
        "P27_002": "3",
        "P27_003": "99999",
        "P27_004": "03129",
        "P27_005": "吹田市立南吹田市民体育館",
        "P27_006": "南吹田5-34-1",
        "P27_007": 4,
        "P27_008": -99,
        "P27_009": 9999
      },
      "geometry": {
        "type": "Point",
        "coordinates": [
          135.498688,
          34.75096
        ]
      }
    },
    {
      "type": "Feature",
      "properties": {
        "P27_001": "27205",
        "P27_002": "3",
        "P27_003": "99999",
        "P27_004": "03109",
        "P27_005": "吹田市立山田市民体育館",
        "P27_006": "山田西3-84-1",
        "P27_007": 4,
        "P27_008": -99,
        "P27_009": 9999
      },
      "geometry": {
        "type": "Point",
        "coordinates": [
          135.524023,
          34.799389
        ]
      }
    },
    {
      "type": "Feature",
      "properties": {
        "P27_001": "27205",
        "P27_002": "3",
        "P27_003": "99999",
        "P27_004": "03120",
        "P27_005": "吹田市立山田市民体育館",
        "P27_006": "山田西3-84-1",
        "P27_007": 4,
        "P27_008": -99,
        "P27_009": 9999
      },
      "geometry": {
        "type": "Point",
        "coordinates": [
          135.52402,
          34.799347
        ]
      }
    },
    {
      "type": "Feature",
      "properties": {
        "P27_001": "27205",
        "P27_002": "3",
        "P27_003": "99999",
        "P27_004": "03110",
        "P27_005": "吹田市立山田市民体育館",
        "P27_006": "山田西3-84-1",
        "P27_007": 4,
        "P27_008": -99,
        "P27_009": 9999
      },
      "geometry": {
        "type": "Point",
        "coordinates": [
          135.524026,
          34.799303
        ]
      }
    },
    {
      "type": "Feature",
      "properties": {
        "P27_001": "27205",
        "P27_002": "3",
        "P27_003": "99999",
        "P27_004": "03111",
        "P27_005": "吹田市立山田市民体育館",
        "P27_006": "山田西3-84-1",
        "P27_007": 4,
        "P27_008": -99,
        "P27_009": 9999
      },
      "geometry": {
        "type": "Point",
        "coordinates": [
          135.524026,
          34.799259
        ]
      }
    },
    {
      "type": "Feature",
      "properties": {
        "P27_001": "27205",
        "P27_002": "3",
        "P27_003": "99999",
        "P27_004": "03113",
        "P27_005": "吹田市立山田市民体育館",
        "P27_006": "山田西3-84-1",
        "P27_007": 4,
        "P27_008": -99,
        "P27_009": 9999
      },
      "geometry": {
        "type": "Point",
        "coordinates": [
          135.524026,
          34.799216
        ]
      }
    },
    {
      "type": "Feature",
      "properties": {
        "P27_001": "27205",
        "P27_002": "3",
        "P27_003": "99999",
        "P27_004": "03129",
        "P27_005": "吹田市立山田市民体育館",
        "P27_006": "山田西3-84-1",
        "P27_007": 4,
        "P27_008": -99,
        "P27_009": 9999
      },
      "geometry": {
        "type": "Point",
        "coordinates": [
          135.52402,
          34.799172
        ]
      }
    },
    {
      "type": "Feature",
      "properties": {
        "P27_001": "27205",
        "P27_002": "3",
        "P27_003": "99999",
        "P27_004": "03130",
        "P27_005": "吹田市立山田市民体育館",
        "P27_006": "山田西3-84-1",
        "P27_007": 4,
        "P27_008": -99,
        "P27_009": 9999
      },
      "geometry": {
        "type": "Point",
        "coordinates": [
          135.52402,
          34.79913
        ]
      }
    },
    {
      "type": "Feature",
      "properties": {
        "P27_001": "27205",
        "P27_002": "3",
        "P27_003": "99999",
        "P27_004": "03109",
        "P27_005": "吹田市立北千里市民体育館",
        "P27_006": "藤白台5-5-1",
        "P27_007": 4,
        "P27_008": -99,
        "P27_009": 9999
      },
      "geometry": {
        "type": "Point",
        "coordinates": [
          135.507529,
          34.827529
        ]
      }
    },
    {
      "type": "Feature",
      "properties": {
        "P27_001": "27205",
        "P27_002": "3",
        "P27_003": "99999",
        "P27_004": "03120",
        "P27_005": "吹田市立北千里市民体育館",
        "P27_006": "藤白台5-5-1",
        "P27_007": 4,
        "P27_008": -99,
        "P27_009": 9999
      },
      "geometry": {
        "type": "Point",
        "coordinates": [
          135.507214,
          34.827154
        ]
      }
    },
    {
      "type": "Feature",
      "properties": {
        "P27_001": "27205",
        "P27_002": "3",
        "P27_003": "99999",
        "P27_004": "03109",
        "P27_005": "吹田市立片山市民体育館",
        "P27_006": "出口町31-2",
        "P27_007": 4,
        "P27_008": -99,
        "P27_009": 9999
      },
      "geometry": {
        "type": "Point",
        "coordinates": [
          135.515121,
          34.765338
        ]
      }
    },
    {
      "type": "Feature",
      "properties": {
        "P27_001": "27205",
        "P27_002": "3",
        "P27_003": "99999",
        "P27_004": "03120",
        "P27_005": "吹田市立片山市民体育館",
        "P27_006": "出口町31-2",
        "P27_007": 4,
        "P27_008": -99,
        "P27_009": 9999
      },
      "geometry": {
        "type": "Point",
        "coordinates": [
          135.515115,
          34.765264
        ]
      }
    },
    {
      "type": "Feature",
      "properties": {
        "P27_001": "27205",
        "P27_002": "3",
        "P27_003": "99999",
        "P27_004": "03129",
        "P27_005": "吹田市立片山市民体育館",
        "P27_006": "出口町31-2",
        "P27_007": 4,
        "P27_008": -99,
        "P27_009": 9999
      },
      "geometry": {
        "type": "Point",
        "coordinates": [
          135.515115,
          34.765201
        ]
      }
    },
    {
      "type": "Feature",
      "properties": {
        "P27_001": "27205",
        "P27_002": "3",
        "P27_003": "99999",
        "P27_004": "03110",
        "P27_005": "吹田市立片山市民体育館",
        "P27_006": "出口町31-2",
        "P27_007": 4,
        "P27_008": -99,
        "P27_009": 9999
      },
      "geometry": {
        "type": "Point",
        "coordinates": [
          135.515115,
          34.765137
        ]
      }
    },
    {
      "type": "Feature",
      "properties": {
        "P27_001": "27205",
        "P27_002": "3",
        "P27_003": "99999",
        "P27_004": "03111",
        "P27_005": "吹田市立片山市民体育館",
        "P27_006": "出口町31-2",
        "P27_007": 4,
        "P27_008": -99,
        "P27_009": 9999
      },
      "geometry": {
        "type": "Point",
        "coordinates": [
          135.515121,
          34.765069
        ]
      }
    },
    {
      "type": "Feature",
      "properties": {
        "P27_001": "27205",
        "P27_002": "3",
        "P27_003": "99999",
        "P27_004": "03113",
        "P27_005": "吹田市立片山市民体育館",
        "P27_006": "出口町31-2",
        "P27_007": 4,
        "P27_008": -99,
        "P27_009": 9999
      },
      "geometry": {
        "type": "Point",
        "coordinates": [
          135.515115,
          34.765001
        ]
      }
    },
    {
      "type": "Feature",
      "properties": {
        "P27_001": "27205",
        "P27_002": "3",
        "P27_003": "99999",
        "P27_004": "03106",
        "P27_005": "中の島市民プール",
        "P27_006": "中の島6-1",
        "P27_007": 4,
        "P27_008": -99,
        "P27_009": 9999
      },
      "geometry": {
        "type": "Point",
        "coordinates": [
          135.52197,
          34.751311
        ]
      }
    },
    {
      "type": "Feature",
      "properties": {
        "P27_001": "27205",
        "P27_002": "3",
        "P27_003": "99999",
        "P27_004": "03106",
        "P27_005": "南千里市民プール",
        "P27_006": "高野台1-4-10",
        "P27_007": 4,
        "P27_008": -99,
        "P27_009": 9999
      },
      "geometry": {
        "type": "Point",
        "coordinates": [
          135.515337,
          34.793813
        ]
      }
    },
    {
      "type": "Feature",
      "properties": {
        "P27_001": "27205",
        "P27_002": "3",
        "P27_003": "99999",
        "P27_004": "03106",
        "P27_005": "北千里市民プール",
        "P27_006": "藤白台5-5-2",
        "P27_007": 4,
        "P27_008": -99,
        "P27_009": 9999
      },
      "geometry": {
        "type": "Point",
        "coordinates": [
          135.508451,
          34.827118
        ]
      }
    },
    {
      "type": "Feature",
      "properties": {
        "P27_001": "27205",
        "P27_002": "3",
        "P27_003": "99999",
        "P27_004": "03106",
        "P27_005": "片山市民プール",
        "P27_006": "出口町31-1",
        "P27_007": 4,
        "P27_008": -99,
        "P27_009": 9999
      },
      "geometry": {
        "type": "Point",
        "coordinates": [
          135.514452,
          34.765625
        ]
      }
    },
    {
      "type": "Feature",
      "properties": {
        "P27_001": "27205",
        "P27_002": "3",
        "P27_003": "99999",
        "P27_004": "03105",
        "P27_005": "片山市民プール",
        "P27_006": "出口町31-1",
        "P27_007": 4,
        "P27_008": -99,
        "P27_009": 9999
      },
      "geometry": {
        "type": "Point",
        "coordinates": [
          135.514024,
          34.76543
        ]
      }
    },
    {
      "type": "Feature",
      "properties": {
        "P27_001": "27205",
        "P27_002": "3",
        "P27_003": "99999",
        "P27_004": "03115",
        "P27_005": "南正雀スポーツグラウンドテニスコート",
        "P27_006": "南正雀2-33-30",
        "P27_007": 4,
        "P27_008": -99,
        "P27_009": 9999
      },
      "geometry": {
        "type": "Point",
        "coordinates": [
          135.544958,
          34.769434
        ]
      }
    },
    {
      "type": "Feature",
      "properties": {
        "P27_001": "27205",
        "P27_002": "3",
        "P27_003": "99999",
        "P27_004": "03115",
        "P27_005": "山田スポーツグラウンドテニスコート",
        "P27_006": "山田西2-17-1",
        "P27_007": 4,
        "P27_008": -99,
        "P27_009": 9999
      },
      "geometry": {
        "type": "Point",
        "coordinates": [
          135.523817,
          34.798706
        ]
      }
    },
    {
      "type": "Feature",
      "properties": {
        "P27_001": "27205",
        "P27_002": "3",
        "P27_003": "99999",
        "P27_004": "03115",
        "P27_005": "桃山台スポーツグラウンドテニスコート",
        "P27_006": "桃山台5-5-1",
        "P27_007": 4,
        "P27_008": -99,
        "P27_009": 9999
      },
      "geometry": {
        "type": "Point",
        "coordinates": [
          135.495764,
          34.789786
        ]
      }
    },
    {
      "type": "Feature",
      "properties": {
        "P27_001": "27205",
        "P27_002": "3",
        "P27_003": "99999",
        "P27_004": "03115",
        "P27_005": "中の島スポーツグラウンドテニスコート",
        "P27_006": "中の島町6-1",
        "P27_007": 4,
        "P27_008": -99,
        "P27_009": 9999
      },
      "geometry": {
        "type": "Point",
        "coordinates": [
          135.519355,
          34.751028
        ]
      }
    },
    {
      "type": "Feature",
      "properties": {
        "P27_001": "27205",
        "P27_002": "3",
        "P27_003": "99999",
        "P27_004": "03102",
        "P27_005": "山田スポーツグラウンド野球場",
        "P27_006": "山田西2-17-1",
        "P27_007": 4,
        "P27_008": -99,
        "P27_009": 9999
      },
      "geometry": {
        "type": "Point",
        "coordinates": [
          135.52472,
          34.798902
        ]
      }
    },
    {
      "type": "Feature",
      "properties": {
        "P27_001": "27205",
        "P27_002": "3",
        "P27_003": "99999",
        "P27_004": "03102",
        "P27_005": "高野台スポーツグラウンド野球場",
        "P27_006": "高野台5-1-6",
        "P27_007": 4,
        "P27_008": -99,
        "P27_009": 9999
      },
      "geometry": {
        "type": "Point",
        "coordinates": [
          135.526237,
          34.793841
        ]
      }
    },
    {
      "type": "Feature",
      "properties": {
        "P27_001": "27205",
        "P27_002": "3",
        "P27_003": "99999",
        "P27_004": "03102",
        "P27_005": "桃山台スポーツグラウンド野球場",
        "P27_006": "桃山台5-5-1",
        "P27_007": 4,
        "P27_008": -99,
        "P27_009": 9999
      },
      "geometry": {
        "type": "Point",
        "coordinates": [
          135.496477,
          34.790737
        ]
      }
    },
    {
      "type": "Feature",
      "properties": {
        "P27_001": "27205",
        "P27_002": "3",
        "P27_003": "99999",
        "P27_004": "03102",
        "P27_005": "中の島スポーツグラウンド野球場",
        "P27_006": "中の島町6-1",
        "P27_007": 4,
        "P27_008": -99,
        "P27_009": 9999
      },
      "geometry": {
        "type": "Point",
        "coordinates": [
          135.520508,
          34.751419
        ]
      }
    },
    {
      "type": "Feature",
      "properties": {
        "P27_001": "27205",
        "P27_002": "3",
        "P27_003": "99999",
        "P27_004": "03101",
        "P27_005": "吹田市立総合運動場",
        "P27_006": "竹谷町37-1",
        "P27_007": 4,
        "P27_008": -99,
        "P27_009": 9999
      },
      "geometry": {
        "type": "Point",
        "coordinates": [
          135.522529,
          34.779914
        ]
      }
    },
    {
      "type": "Feature",
      "properties": {
        "P27_001": "27205",
        "P27_002": "3",
        "P27_003": "99999",
        "P27_004": "03138",
        "P27_005": "吹田市立総合運動場",
        "P27_006": "竹谷町37-1",
        "P27_007": 4,
        "P27_008": -99,
        "P27_009": 9999
      },
      "geometry": {
        "type": "Point",
        "coordinates": [
          135.522517,
          34.779807
        ]
      }
    },
    {
      "type": "Feature",
      "properties": {
        "P27_001": "27321",
        "P27_002": "3",
        "P27_003": "99999",
        "P27_004": "03138",
        "P27_005": "豊能町立ふれあい広場ゲートボール場",
        "P27_006": "東ときわ台2-1-1",
        "P27_007": 3,
        "P27_008": -99,
        "P27_009": 9999
      },
      "geometry": {
        "type": "Point",
        "coordinates": [
          135.443771,
          34.90313
        ]
      }
    },
    {
      "type": "Feature",
      "properties": {
        "P27_001": "27321",
        "P27_002": "3",
        "P27_003": "99999",
        "P27_004": "03109",
        "P27_005": "豊能町立スポーツセンター「シートス」",
        "P27_006": "新光風台3-1-10",
        "P27_007": 4,
        "P27_008": -99,
        "P27_009": 9999
      },
      "geometry": {
        "type": "Point",
        "coordinates": [
          135.426996,
          34.908118
        ]
      }
    },
    {
      "type": "Feature",
      "properties": {
        "P27_001": "27321",
        "P27_002": "3",
        "P27_003": "99999",
        "P27_004": "03120",
        "P27_005": "豊能町立スポーツセンター「シートス」",
        "P27_006": "新光風台3-1-10",
        "P27_007": 4,
        "P27_008": -99,
        "P27_009": 9999
      },
      "geometry": {
        "type": "Point",
        "coordinates": [
          135.426996,
          34.90805
        ]
      }
    },
    {
      "type": "Feature",
      "properties": {
        "P27_001": "27321",
        "P27_002": "3",
        "P27_003": "99999",
        "P27_004": "03112",
        "P27_005": "豊能町立スポーツセンター「シートス」",
        "P27_006": "新光風台3-1-10",
        "P27_007": 4,
        "P27_008": -99,
        "P27_009": 9999
      },
      "geometry": {
        "type": "Point",
        "coordinates": [
          135.42699,
          34.907982
        ]
      }
    },
    {
      "type": "Feature",
      "properties": {
        "P27_001": "27321",
        "P27_002": "3",
        "P27_003": "99999",
        "P27_004": "03132",
        "P27_005": "豊能町立スポーツセンター「シートス」",
        "P27_006": "新光風台3-1-10",
        "P27_007": 4,
        "P27_008": -99,
        "P27_009": 9999
      },
      "geometry": {
        "type": "Point",
        "coordinates": [
          135.426996,
          34.907909
        ]
      }
    },
    {
      "type": "Feature",
      "properties": {
        "P27_001": "27321",
        "P27_002": "3",
        "P27_003": "99999",
        "P27_004": "03129",
        "P27_005": "豊能町立スポーツセンター「シートス」",
        "P27_006": "新光風台3-1-10",
        "P27_007": 4,
        "P27_008": -99,
        "P27_009": 9999
      },
      "geometry": {
        "type": "Point",
        "coordinates": [
          135.42699,
          34.907831
        ]
      }
    },
    {
      "type": "Feature",
      "properties": {
        "P27_001": "27321",
        "P27_002": "3",
        "P27_003": "99999",
        "P27_004": "03109",
        "P27_005": "豊能町立野間口青少年総合スポーツセンター",
        "P27_006": "牧下林2-2",
        "P27_007": 3,
        "P27_008": -99,
        "P27_009": 9999
      },
      "geometry": {
        "type": "Point",
        "coordinates": [
          135.488405,
          34.934835
        ]
      }
    },
    {
      "type": "Feature",
      "properties": {
        "P27_001": "27321",
        "P27_002": "3",
        "P27_003": "99999",
        "P27_004": "03105",
        "P27_005": "豊能町立スポーツセンター「シートス」プール",
        "P27_006": "新光風台3-1-10",
        "P27_007": 4,
        "P27_008": -99,
        "P27_009": 9999
      },
      "geometry": {
        "type": "Point",
        "coordinates": [
          135.427121,
          34.907446
        ]
      }
    },
    {
      "type": "Feature",
      "properties": {
        "P27_001": "27321",
        "P27_002": "3",
        "P27_003": "99999",
        "P27_004": "03115",
        "P27_005": "豊能町立スポーツセンター「シートス」テニスコート",
        "P27_006": "新光風台3-1-10",
        "P27_007": 4,
        "P27_008": -99,
        "P27_009": 9999
      },
      "geometry": {
        "type": "Point",
        "coordinates": [
          135.426426,
          34.908908
        ]
      }
    },
    {
      "type": "Feature",
      "properties": {
        "P27_001": "27321",
        "P27_002": "3",
        "P27_003": "99999",
        "P27_004": "03115",
        "P27_005": "豊能町立ふれあい広場テニスコート",
        "P27_006": "東ときわ台2-1-1",
        "P27_007": 3,
        "P27_008": -99,
        "P27_009": 9999
      },
      "geometry": {
        "type": "Point",
        "coordinates": [
          135.443916,
          34.903379
        ]
      }
    },
    {
      "type": "Feature",
      "properties": {
        "P27_001": "27321",
        "P27_002": "3",
        "P27_003": "99999",
        "P27_004": "03102",
        "P27_005": "豊能町立スポーツ広場球技場",
        "P27_006": "希望ケ丘2-38",
        "P27_007": 3,
        "P27_008": -99,
        "P27_009": 9999
      },
      "geometry": {
        "type": "Point",
        "coordinates": [
          135.511541,
          34.917538
        ]
      }
    },
    {
      "type": "Feature",
      "properties": {
        "P27_001": "27321",
        "P27_002": "3",
        "P27_003": "99999",
        "P27_004": "03103",
        "P27_005": "豊能町立スポーツ広場球技場",
        "P27_006": "希望ケ丘2-38",
        "P27_007": 3,
        "P27_008": -99,
        "P27_009": 9999
      },
      "geometry": {
        "type": "Point",
        "coordinates": [
          135.511547,
          34.917441
        ]
      }
    },
    {
      "type": "Feature",
      "properties": {
        "P27_001": "27321",
        "P27_002": "3",
        "P27_003": "99999",
        "P27_004": "03102",
        "P27_005": "豊能町立スポーツ広場",
        "P27_006": "希望ケ丘2-38",
        "P27_007": 3,
        "P27_008": -99,
        "P27_009": 9999
      },
      "geometry": {
        "type": "Point",
        "coordinates": [
          135.51204,
          34.916749
        ]
      }
    },
    {
      "type": "Feature",
      "properties": {
        "P27_001": "27321",
        "P27_002": "3",
        "P27_003": "99999",
        "P27_004": "03103",
        "P27_005": "豊能町立スポーツ広場",
        "P27_006": "希望ケ丘2-38",
        "P27_007": 3,
        "P27_008": -99,
        "P27_009": 9999
      },
      "geometry": {
        "type": "Point",
        "coordinates": [
          135.512035,
          34.916661
        ]
      }
    },
    {
      "type": "Feature",
      "properties": {
        "P27_001": "27321",
        "P27_002": "3",
        "P27_003": "99999",
        "P27_004": "03104",
        "P27_005": "豊能町立スポーツ広場",
        "P27_006": "希望ケ丘2-38",
        "P27_007": 3,
        "P27_008": -99,
        "P27_009": 9999
      },
      "geometry": {
        "type": "Point",
        "coordinates": [
          135.51204,
          34.916564
        ]
      }
    },
    {
      "type": "Feature",
      "properties": {
        "P27_001": "27321",
        "P27_002": "3",
        "P27_003": "99999",
        "P27_004": "03102",
        "P27_005": "豊能町立野間口青少年総合スポーツセンター",
        "P27_006": "牧下林2-2",
        "P27_007": 3,
        "P27_008": -99,
        "P27_009": 9999
      },
      "geometry": {
        "type": "Point",
        "coordinates": [
          135.487805,
          34.934562
        ]
      }
    },
    {
      "type": "Feature",
      "properties": {
        "P27_001": "27322",
        "P27_002": "3",
        "P27_003": "99999",
        "P27_004": "03133",
        "P27_005": "国体記念スポーツセンターライフル射撃場",
        "P27_006": "山内19-1",
        "P27_007": 4,
        "P27_008": -99,
        "P27_009": 9999
      },
      "geometry": {
        "type": "Point",
        "coordinates": [
          135.450305,
          34.98216
        ]
      }
    },
    {
      "type": "Feature",
      "properties": {
        "P27_001": "27322",
        "P27_002": "3",
        "P27_003": "99999",
        "P27_004": "03138",
        "P27_005": "国体記念スポーツセンター屋内ゲートボール場",
        "P27_006": "山内19-1",
        "P27_007": 4,
        "P27_008": -99,
        "P27_009": 9999
      },
      "geometry": {
        "type": "Point",
        "coordinates": [
          135.449931,
          34.982632
        ]
      }
    },
    {
      "type": "Feature",
      "properties": {
        "P27_001": "27322",
        "P27_002": "3",
        "P27_003": "99999",
        "P27_004": "03109",
        "P27_005": "能勢町Ｂ＆Ｇ海洋センター",
        "P27_006": "柏原64",
        "P27_007": 4,
        "P27_008": -99,
        "P27_009": 9999
      },
      "geometry": {
        "type": "Point",
        "coordinates": [
          135.420839,
          34.96642
        ]
      }
    },
    {
      "type": "Feature",
      "properties": {
        "P27_001": "27322",
        "P27_002": "3",
        "P27_003": "99999",
        "P27_004": "03129",
        "P27_005": "能勢町Ｂ＆Ｇ海洋センター",
        "P27_006": "柏原64",
        "P27_007": 4,
        "P27_008": -99,
        "P27_009": 9999
      },
      "geometry": {
        "type": "Point",
        "coordinates": [
          135.420839,
          34.966369
        ]
      }
    },
    {
      "type": "Feature",
      "properties": {
        "P27_001": "27322",
        "P27_002": "3",
        "P27_003": "99999",
        "P27_004": "03116",
        "P27_005": "能勢町Ｂ＆Ｇ海洋センター",
        "P27_006": "柏原64",
        "P27_007": 4,
        "P27_008": -99,
        "P27_009": 9999
      },
      "geometry": {
        "type": "Point",
        "coordinates": [
          135.420839,
          34.96632
        ]
      }
    },
    {
      "type": "Feature",
      "properties": {
        "P27_001": "27322",
        "P27_002": "3",
        "P27_003": "99999",
        "P27_004": "03120",
        "P27_005": "能勢町Ｂ＆Ｇ海洋センター",
        "P27_006": "柏原64",
        "P27_007": 4,
        "P27_008": -99,
        "P27_009": 9999
      },
      "geometry": {
        "type": "Point",
        "coordinates": [
          135.420839,
          34.966272
        ]
      }
    },
    {
      "type": "Feature",
      "properties": {
        "P27_001": "27322",
        "P27_002": "3",
        "P27_003": "99999",
        "P27_004": "03110",
        "P27_005": "能勢町Ｂ＆Ｇ海洋センター",
        "P27_006": "柏原64",
        "P27_007": 4,
        "P27_008": -99,
        "P27_009": 9999
      },
      "geometry": {
        "type": "Point",
        "coordinates": [
          135.420836,
          34.966223
        ]
      }
    },
    {
      "type": "Feature",
      "properties": {
        "P27_001": "27322",
        "P27_002": "3",
        "P27_003": "99999",
        "P27_004": "03111",
        "P27_005": "能勢町Ｂ＆Ｇ海洋センター",
        "P27_006": "柏原64",
        "P27_007": 4,
        "P27_008": -99,
        "P27_009": 9999
      },
      "geometry": {
        "type": "Point",
        "coordinates": [
          135.420833,
          34.966174
        ]
      }
    },
    {
      "type": "Feature",
      "properties": {
        "P27_001": "27322",
        "P27_002": "3",
        "P27_003": "99999",
        "P27_004": "03104",
        "P27_005": "能勢町Ｂ＆Ｇ海洋センター",
        "P27_006": "柏原64",
        "P27_007": 4,
        "P27_008": -99,
        "P27_009": 9999
      },
      "geometry": {
        "type": "Point",
        "coordinates": [
          135.420197,
          34.966067
        ]
      }
    },
    {
      "type": "Feature",
      "properties": {
        "P27_001": "27322",
        "P27_002": "3",
        "P27_003": "99999",
        "P27_004": "03115",
        "P27_005": "国体記念スポーツセンターテニスコート",
        "P27_006": "山内19-1",
        "P27_007": 4,
        "P27_008": -99,
        "P27_009": 9999
      },
      "geometry": {
        "type": "Point",
        "coordinates": [
          135.449414,
          34.982262
        ]
      }
    },
    {
      "type": "Feature",
      "properties": {
        "P27_001": "27322",
        "P27_002": "3",
        "P27_003": "99999",
        "P27_004": "03102",
        "P27_005": "能勢町営名月グラウンド",
        "P27_006": "柏原87",
        "P27_007": 3,
        "P27_008": -99,
        "P27_009": 9999
      },
      "geometry": {
        "type": "Point",
        "coordinates": [
          135.42002,
          34.96412
        ]
      }
    },
    {
      "type": "Feature",
      "properties": {
        "P27_001": "27322",
        "P27_002": "3",
        "P27_003": "99999",
        "P27_004": "03104",
        "P27_005": "能勢町営名月グラウンド",
        "P27_006": "柏原87",
        "P27_007": 3,
        "P27_008": -99,
        "P27_009": 9999
      },
      "geometry": {
        "type": "Point",
        "coordinates": [
          135.420003,
          34.964008
        ]
      }
    },
    {
      "type": "Feature",
      "properties": {
        "P27_001": "27220",
        "P27_002": "3",
        "P27_003": "99999",
        "P27_004": "03142",
        "P27_005": "箕面市立青少年教学の森野外活動センター",
        "P27_006": "新稲2-257-3",
        "P27_007": 4,
        "P27_008": -99,
        "P27_009": 9999
      },
      "geometry": {
        "type": "Point",
        "coordinates": [
          135.455621,
          34.83819
        ]
      }
    },
    {
      "type": "Feature",
      "properties": {
        "P27_001": "27220",
        "P27_002": "3",
        "P27_003": "99999",
        "P27_004": "03120",
        "P27_005": "箕面市立青少年教学の森野外活動センター",
        "P27_006": "新稲2-257-3",
        "P27_007": 4,
        "P27_008": -99,
        "P27_009": 9999
      },
      "geometry": {
        "type": "Point",
        "coordinates": [
          135.456851,
          34.838531
        ]
      }
    },
    {
      "type": "Feature",
      "properties": {
        "P27_001": "27220",
        "P27_002": "3",
        "P27_003": "99999",
        "P27_004": "03109",
        "P27_005": "箕面市立青少年教学の森野外活動センター",
        "P27_006": "新稲2-257-3",
        "P27_007": 4,
        "P27_008": -99,
        "P27_009": 9999
      },
      "geometry": {
        "type": "Point",
        "coordinates": [
          135.456857,
          34.838458
        ]
      }
    },
    {
      "type": "Feature",
      "properties": {
        "P27_001": "27220",
        "P27_002": "3",
        "P27_003": "99999",
        "P27_004": "03110",
        "P27_005": "箕面市立第一総合運動場武道館",
        "P27_006": "新稲3-12-1",
        "P27_007": 4,
        "P27_008": -99,
        "P27_009": 9999
      },
      "geometry": {
        "type": "Point",
        "coordinates": [
          135.463576,
          34.829019
        ]
      }
    },
    {
      "type": "Feature",
      "properties": {
        "P27_001": "27220",
        "P27_002": "3",
        "P27_003": "99999",
        "P27_004": "03111",
        "P27_005": "箕面市立第一総合運動場武道館",
        "P27_006": "新稲3-12-1",
        "P27_007": 4,
        "P27_008": -99,
        "P27_009": 9999
      },
      "geometry": {
        "type": "Point",
        "coordinates": [
          135.463579,
          34.828975
        ]
      }
    },
    {
      "type": "Feature",
      "properties": {
        "P27_001": "27220",
        "P27_002": "3",
        "P27_003": "99999",
        "P27_004": "03113",
        "P27_005": "箕面市立第一総合運動場武道館",
        "P27_006": "新稲3-12-1",
        "P27_007": 4,
        "P27_008": -99,
        "P27_009": 9999
      },
      "geometry": {
        "type": "Point",
        "coordinates": [
          135.463579,
          34.828933
        ]
      }
    },
    {
      "type": "Feature",
      "properties": {
        "P27_001": "27220",
        "P27_002": "3",
        "P27_003": "99999",
        "P27_004": "03109",
        "P27_005": "箕面市立第二総合運動場市民体育館",
        "P27_006": "外院1-2-3",
        "P27_007": 4,
        "P27_008": -99,
        "P27_009": 9999
      },
      "geometry": {
        "type": "Point",
        "coordinates": [
          135.50163,
          34.836715
        ]
      }
    },
    {
      "type": "Feature",
      "properties": {
        "P27_001": "27220",
        "P27_002": "3",
        "P27_003": "99999",
        "P27_004": "03129",
        "P27_005": "箕面市立第二総合運動場市民体育館",
        "P27_006": "外院1-2-3",
        "P27_007": 4,
        "P27_008": -99,
        "P27_009": 9999
      },
      "geometry": {
        "type": "Point",
        "coordinates": [
          135.50163,
          34.836628
        ]
      }
    },
    {
      "type": "Feature",
      "properties": {
        "P27_001": "27220",
        "P27_002": "3",
        "P27_003": "99999",
        "P27_004": "03120",
        "P27_005": "箕面市立第二総合運動場市民体育館",
        "P27_006": "外院1-2-3",
        "P27_007": 4,
        "P27_008": -99,
        "P27_009": 9999
      },
      "geometry": {
        "type": "Point",
        "coordinates": [
          135.501636,
          34.83654
        ]
      }
    },
    {
      "type": "Feature",
      "properties": {
        "P27_001": "27220",
        "P27_002": "3",
        "P27_003": "99999",
        "P27_004": "03109",
        "P27_005": "箕面市立第一総合運動場市民体育館（スカイアリーナ）",
        "P27_006": "新稲2-14-15",
        "P27_007": 4,
        "P27_008": -99,
        "P27_009": 9999
      },
      "geometry": {
        "type": "Point",
        "coordinates": [
          135.45873,
          34.834537
        ]
      }
    },
    {
      "type": "Feature",
      "properties": {
        "P27_001": "27220",
        "P27_002": "3",
        "P27_003": "99999",
        "P27_004": "03129",
        "P27_005": "箕面市立第一総合運動場市民体育館（スカイアリーナ）",
        "P27_006": "新稲2-14-15",
        "P27_007": 4,
        "P27_008": -99,
        "P27_009": 9999
      },
      "geometry": {
        "type": "Point",
        "coordinates": [
          135.45873,
          34.834464
        ]
      }
    },
    {
      "type": "Feature",
      "properties": {
        "P27_001": "27220",
        "P27_002": "3",
        "P27_003": "99999",
        "P27_004": "03120",
        "P27_005": "箕面市立第一総合運動場市民体育館（スカイアリーナ）",
        "P27_006": "新稲2-14-15",
        "P27_007": 4,
        "P27_008": -99,
        "P27_009": 9999
      },
      "geometry": {
        "type": "Point",
        "coordinates": [
          135.45873,
          34.834391
        ]
      }
    },
    {
      "type": "Feature",
      "properties": {
        "P27_001": "27220",
        "P27_002": "3",
        "P27_003": "99999",
        "P27_004": "03106",
        "P27_005": "箕面市立第二総合運動場市民プール",
        "P27_006": "外院1-2-3",
        "P27_007": 4,
        "P27_008": -99,
        "P27_009": 9999
      },
      "geometry": {
        "type": "Point",
        "coordinates": [
          135.50182,
          34.836067
        ]
      }
    },
    {
      "type": "Feature",
      "properties": {
        "P27_001": "27220",
        "P27_002": "3",
        "P27_003": "99999",
        "P27_004": "03106",
        "P27_005": "箕面市立第一総合運動場市民プール",
        "P27_006": "新稲4-18-14",
        "P27_007": 4,
        "P27_008": -99,
        "P27_009": 9999
      },
      "geometry": {
        "type": "Point",
        "coordinates": [
          135.460903,
          34.828212
        ]
      }
    },
    {
      "type": "Feature",
      "properties": {
        "P27_001": "27220",
        "P27_002": "3",
        "P27_003": "99999",
        "P27_004": "03115",
        "P27_005": "箕面市立第二総合運動場市民テニスコート",
        "P27_006": "外院1-2-3",
        "P27_007": 4,
        "P27_008": -99,
        "P27_009": 9999
      },
      "geometry": {
        "type": "Point",
        "coordinates": [
          135.50283,
          34.836657
        ]
      }
    },
    {
      "type": "Feature",
      "properties": {
        "P27_001": "27220",
        "P27_002": "3",
        "P27_003": "99999",
        "P27_004": "03115",
        "P27_005": "箕面市立第一総合運動場市民テニスコート",
        "P27_006": "新稲3-12-1",
        "P27_007": 4,
        "P27_008": -99,
        "P27_009": 9999
      },
      "geometry": {
        "type": "Point",
        "coordinates": [
          135.464553,
          34.827619
        ]
      }
    },
    {
      "type": "Feature",
      "properties": {
        "P27_001": "27220",
        "P27_002": "3",
        "P27_003": "99999",
        "P27_004": "03101",
        "P27_005": "箕面市立第二総合運動場市民多目的グラウンド",
        "P27_006": "外院1-2-3",
        "P27_007": 4,
        "P27_008": -99,
        "P27_009": 9999
      },
      "geometry": {
        "type": "Point",
        "coordinates": [
          135.501725,
          34.837598
        ]
      }
    },
    {
      "type": "Feature",
      "properties": {
        "P27_001": "27220",
        "P27_002": "3",
        "P27_003": "99999",
        "P27_004": "03102",
        "P27_005": "箕面市立第二総合運動場市民多目的グラウンド",
        "P27_006": "外院1-2-3",
        "P27_007": 4,
        "P27_008": -99,
        "P27_009": 9999
      },
      "geometry": {
        "type": "Point",
        "coordinates": [
          135.501713,
          34.837515
        ]
      }
    },
    {
      "type": "Feature",
      "properties": {
        "P27_001": "27220",
        "P27_002": "3",
        "P27_003": "99999",
        "P27_004": "03103",
        "P27_005": "箕面市立第二総合運動場市民多目的グラウンド",
        "P27_006": "外院1-2-3",
        "P27_007": 4,
        "P27_008": -99,
        "P27_009": 9999
      },
      "geometry": {
        "type": "Point",
        "coordinates": [
          135.501713,
          34.837423
        ]
      }
    },
    {
      "type": "Feature",
      "properties": {
        "P27_001": "27220",
        "P27_002": "3",
        "P27_003": "99999",
        "P27_004": "03102",
        "P27_005": "箕面市立第一総合運動場市民野球場",
        "P27_006": "新稲3-12-1",
        "P27_007": 4,
        "P27_008": -99,
        "P27_009": 9999
      },
      "geometry": {
        "type": "Point",
        "coordinates": [
          135.464185,
          34.828297
        ]
      }
    },
    {
      "type": "Feature",
      "properties": {
        "P27_001": "27204",
        "P27_002": "3",
        "P27_003": "99999",
        "P27_004": "03142",
        "P27_005": "池田市立山の家",
        "P27_006": "五月ケ丘5-3-18",
        "P27_007": 4,
        "P27_008": -99,
        "P27_009": 9999
      },
      "geometry": {
        "type": "Point",
        "coordinates": [
          135.435389,
          34.830266
        ]
      }
    },
    {
      "type": "Feature",
      "properties": {
        "P27_001": "27204",
        "P27_002": "3",
        "P27_003": "99999",
        "P27_004": "03128",
        "P27_005": "池田市立山の家",
        "P27_006": "五月ケ丘5-3-18",
        "P27_007": 4,
        "P27_008": -99,
        "P27_009": 9999
      },
      "geometry": {
        "type": "Point",
        "coordinates": [
          135.435929,
          34.830342
        ]
      }
    },
    {
      "type": "Feature",
      "properties": {
        "P27_001": "27204",
        "P27_002": "3",
        "P27_003": "99999",
        "P27_004": "03109",
        "P27_005": "池田市立総合スポーツセンター",
        "P27_006": "荘園2-7-30",
        "P27_007": 4,
        "P27_008": -99,
        "P27_009": 9999
      },
      "geometry": {
        "type": "Point",
        "coordinates": [
          135.435624,
          34.808836
        ]
      }
    },
    {
      "type": "Feature",
      "properties": {
        "P27_001": "27204",
        "P27_002": "3",
        "P27_003": "99999",
        "P27_004": "03129",
        "P27_005": "池田市立総合スポーツセンター",
        "P27_006": "荘園2-7-30",
        "P27_007": 4,
        "P27_008": -99,
        "P27_009": 9999
      },
      "geometry": {
        "type": "Point",
        "coordinates": [
          135.435627,
          34.808793
        ]
      }
    },
    {
      "type": "Feature",
      "properties": {
        "P27_001": "27204",
        "P27_002": "3",
        "P27_003": "99999",
        "P27_004": "03120",
        "P27_005": "池田市立総合スポーツセンター",
        "P27_006": "荘園2-7-30",
        "P27_007": 4,
        "P27_008": -99,
        "P27_009": 9999
      },
      "geometry": {
        "type": "Point",
        "coordinates": [
          135.435624,
          34.808749
        ]
      }
    },
    {
      "type": "Feature",
      "properties": {
        "P27_001": "27204",
        "P27_002": "3",
        "P27_003": "99999",
        "P27_004": "03110",
        "P27_005": "池田市立総合スポーツセンター",
        "P27_006": "荘園2-7-30",
        "P27_007": 4,
        "P27_008": -99,
        "P27_009": 9999
      },
      "geometry": {
        "type": "Point",
        "coordinates": [
          135.435621,
          34.808705
        ]
      }
    },
    {
      "type": "Feature",
      "properties": {
        "P27_001": "27204",
        "P27_002": "3",
        "P27_003": "99999",
        "P27_004": "03111",
        "P27_005": "池田市立総合スポーツセンター",
        "P27_006": "荘園2-7-30",
        "P27_007": 4,
        "P27_008": -99,
        "P27_009": 9999
      },
      "geometry": {
        "type": "Point",
        "coordinates": [
          135.435618,
          34.808661
        ]
      }
    },
    {
      "type": "Feature",
      "properties": {
        "P27_001": "27204",
        "P27_002": "3",
        "P27_003": "99999",
        "P27_004": "03113",
        "P27_005": "池田市立総合スポーツセンター",
        "P27_006": "荘園2-7-30",
        "P27_007": 4,
        "P27_008": -99,
        "P27_009": 9999
      },
      "geometry": {
        "type": "Point",
        "coordinates": [
          135.435615,
          34.808617
        ]
      }
    },
    {
      "type": "Feature",
      "properties": {
        "P27_001": "27204",
        "P27_002": "3",
        "P27_003": "99999",
        "P27_004": "03109",
        "P27_005": "池田五月山体育館",
        "P27_006": "綾羽2-7-1",
        "P27_007": 4,
        "P27_008": -99,
        "P27_009": 9999
      },
      "geometry": {
        "type": "Point",
        "coordinates": [
          135.428312,
          34.82845
        ]
      }
    },
    {
      "type": "Feature",
      "properties": {
        "P27_001": "27204",
        "P27_002": "3",
        "P27_003": "99999",
        "P27_004": "03129",
        "P27_005": "池田五月山体育館",
        "P27_006": "綾羽2-7-1",
        "P27_007": 4,
        "P27_008": -99,
        "P27_009": 9999
      },
      "geometry": {
        "type": "Point",
        "coordinates": [
          135.429227,
          34.828348
        ]
      }
    },
    {
      "type": "Feature",
      "properties": {
        "P27_001": "27204",
        "P27_002": "3",
        "P27_003": "99999",
        "P27_004": "03120",
        "P27_005": "池田五月山体育館",
        "P27_006": "綾羽2-7-1",
        "P27_007": 4,
        "P27_008": -99,
        "P27_009": 9999
      },
      "geometry": {
        "type": "Point",
        "coordinates": [
          135.428312,
          34.828367
        ]
      }
    },
    {
      "type": "Feature",
      "properties": {
        "P27_001": "27204",
        "P27_002": "3",
        "P27_003": "99999",
        "P27_004": "03110",
        "P27_005": "池田五月山体育館",
        "P27_006": "綾羽2-7-1",
        "P27_007": 4,
        "P27_008": -99,
        "P27_009": 9999
      },
      "geometry": {
        "type": "Point",
        "coordinates": [
          135.428318,
          34.828289
        ]
      }
    },
    {
      "type": "Feature",
      "properties": {
        "P27_001": "27204",
        "P27_002": "3",
        "P27_003": "99999",
        "P27_004": "03111",
        "P27_005": "池田五月山体育館",
        "P27_006": "綾羽2-7-1",
        "P27_007": 4,
        "P27_008": -99,
        "P27_009": 9999
      },
      "geometry": {
        "type": "Point",
        "coordinates": [
          135.428312,
          34.828202
        ]
      }
    },
    {
      "type": "Feature",
      "properties": {
        "P27_001": "27204",
        "P27_002": "3",
        "P27_003": "99999",
        "P27_004": "03132",
        "P27_005": "池田五月山体育館",
        "P27_006": "綾羽2-7-1",
        "P27_007": 4,
        "P27_008": -99,
        "P27_009": 9999
      },
      "geometry": {
        "type": "Point",
        "coordinates": [
          135.429233,
          34.82827
        ]
      }
    },
    {
      "type": "Feature",
      "properties": {
        "P27_001": "27204",
        "P27_002": "3",
        "P27_003": "99999",
        "P27_004": "03115",
        "P27_005": "池田市立夫婦池公園テニスコート",
        "P27_006": "八王寺2-2-1",
        "P27_007": 3,
        "P27_008": -99,
        "P27_009": 9999
      },
      "geometry": {
        "type": "Point",
        "coordinates": [
          135.433255,
          34.81171
        ]
      }
    },
    {
      "type": "Feature",
      "properties": {
        "P27_001": "27204",
        "P27_002": "3",
        "P27_003": "99999",
        "P27_004": "03103",
        "P27_005": "池田市立猪名川運動場サッカー場",
        "P27_006": "桃園2-1783-1",
        "P27_007": 4,
        "P27_008": -99,
        "P27_009": 9999
      },
      "geometry": {
        "type": "Point",
        "coordinates": [
          135.416619,
          34.817382
        ]
      }
    },
    {
      "type": "Feature",
      "properties": {
        "P27_001": "27204",
        "P27_002": "3",
        "P27_003": "99999",
        "P27_004": "03115",
        "P27_005": "池田市立コミュニティ広場",
        "P27_006": "伏尾台5-112",
        "P27_007": 3,
        "P27_008": -99,
        "P27_009": 9999
      },
      "geometry": {
        "type": "Point",
        "coordinates": [
          135.438075,
          34.856798
        ]
      }
    },
    {
      "type": "Feature",
      "properties": {
        "P27_001": "27204",
        "P27_002": "3",
        "P27_003": "99999",
        "P27_004": "03104",
        "P27_005": "池田市立コミュニティ広場",
        "P27_006": "伏尾台5-112",
        "P27_007": 3,
        "P27_008": -99,
        "P27_009": 9999
      },
      "geometry": {
        "type": "Point",
        "coordinates": [
          135.437394,
          34.85682
        ]
      }
    },
    {
      "type": "Feature",
      "properties": {
        "P27_001": "27204",
        "P27_002": "3",
        "P27_003": "99999",
        "P27_004": "03102",
        "P27_005": "池田市立猪名川運動場ソフトボール場",
        "P27_006": "桃園2-1783-1",
        "P27_007": 4,
        "P27_008": -99,
        "P27_009": 9999
      },
      "geometry": {
        "type": "Point",
        "coordinates": [
          135.417225,
          34.815382
        ]
      }
    },
    {
      "type": "Feature",
      "properties": {
        "P27_001": "27204",
        "P27_002": "3",
        "P27_003": "99999",
        "P27_004": "03104",
        "P27_005": "池田市立猪名川運動場多目的広場",
        "P27_006": "桃園2-1783-1",
        "P27_007": 4,
        "P27_008": -99,
        "P27_009": 9999
      },
      "geometry": {
        "type": "Point",
        "coordinates": [
          135.42019,
          34.80981
        ]
      }
    },
    {
      "type": "Feature",
      "properties": {
        "P27_001": "27204",
        "P27_002": "3",
        "P27_003": "99999",
        "P27_004": "03103",
        "P27_005": "池田市立猪名川運動場多目的広場",
        "P27_006": "桃園2-1783-1",
        "P27_007": 4,
        "P27_008": -99,
        "P27_009": 9999
      },
      "geometry": {
        "type": "Point",
        "coordinates": [
          135.420184,
          34.809708
        ]
      }
    },
    {
      "type": "Feature",
      "properties": {
        "P27_001": "27204",
        "P27_002": "3",
        "P27_003": "99999",
        "P27_004": "03132",
        "P27_005": "池田市立猪名川運動場多目的広場",
        "P27_006": "桃園2-1783-1",
        "P27_007": 4,
        "P27_008": -99,
        "P27_009": 9999
      },
      "geometry": {
        "type": "Point",
        "coordinates": [
          135.420184,
          34.809611
        ]
      }
    },
    {
      "type": "Feature",
      "properties": {
        "P27_001": "27204",
        "P27_002": "3",
        "P27_003": "99999",
        "P27_004": "03102",
        "P27_005": "池田市立猪名川運動場野球場",
        "P27_006": "桃園2-1783-1",
        "P27_007": 4,
        "P27_008": -99,
        "P27_009": 9999
      },
      "geometry": {
        "type": "Point",
        "coordinates": [
          135.418081,
          34.813275
        ]
      }
    },
    {
      "type": "Feature",
      "properties": {
        "P27_001": "27204",
        "P27_002": "3",
        "P27_003": "99999",
        "P27_004": "03101",
        "P27_005": "池田市立猪名川運動場陸上競技場",
        "P27_006": "桃園2-1783-1",
        "P27_007": 4,
        "P27_008": -99,
        "P27_009": 9999
      },
      "geometry": {
        "type": "Point",
        "coordinates": [
          135.416964,
          34.819168
        ]
      }
    },
    {
      "type": "Feature",
      "properties": {
        "P27_001": "27204",
        "P27_002": "3",
        "P27_003": "99999",
        "P27_004": "03138",
        "P27_005": "池田市立猪名川運動場陸上競技場",
        "P27_006": "桃園2-1783-1",
        "P27_007": 4,
        "P27_008": -99,
        "P27_009": 9999
      },
      "geometry": {
        "type": "Point",
        "coordinates": [
          135.416964,
          34.819046
        ]
      }
    },
    {
      "type": "Feature",
      "properties": {
        "P27_001": "27203",
        "P27_002": "3",
        "P27_003": "99999",
        "P27_004": "03142",
        "P27_005": "豊中市立グリーンスポーツセンター",
        "P27_006": "大島町3-9-2",
        "P27_007": 4,
        "P27_008": -99,
        "P27_009": 9999
      },
      "geometry": {
        "type": "Point",
        "coordinates": [
          135.464099,
          34.73309
        ]
      }
    },
    {
      "type": "Feature",
      "properties": {
        "P27_001": "27203",
        "P27_002": "3",
        "P27_003": "99999",
        "P27_004": "03102",
        "P27_005": "豊中市立グリーンスポーツセンター",
        "P27_006": "大島町3-9-2",
        "P27_007": 4,
        "P27_008": -99,
        "P27_009": 9999
      },
      "geometry": {
        "type": "Point",
        "coordinates": [
          135.464569,
          34.733678
        ]
      }
    },
    {
      "type": "Feature",
      "properties": {
        "P27_001": "27203",
        "P27_002": "3",
        "P27_003": "99999",
        "P27_004": "03103",
        "P27_005": "豊中市立グリーンスポーツセンター",
        "P27_006": "大島町3-9-2",
        "P27_007": 4,
        "P27_008": -99,
        "P27_009": 9999
      },
      "geometry": {
        "type": "Point",
        "coordinates": [
          135.464563,
          34.73359
        ]
      }
    },
    {
      "type": "Feature",
      "properties": {
        "P27_001": "27203",
        "P27_002": "3",
        "P27_003": "99999",
        "P27_004": "03138",
        "P27_005": "豊中市立グリーンスポーツセンター",
        "P27_006": "大島町3-9-2",
        "P27_007": 4,
        "P27_008": -99,
        "P27_009": 9999
      },
      "geometry": {
        "type": "Point",
        "coordinates": [
          135.464985,
          34.732738
        ]
      }
    },
    {
      "type": "Feature",
      "properties": {
        "P27_001": "27322",
        "P27_002": "3",
        "P27_003": "99999",
        "P27_004": "03142",
        "P27_005": "豊中市立青少年野外活動センター",
        "P27_006": "宿野151-68",
        "P27_007": 4,
        "P27_008": -99,
        "P27_009": 9999
      },
      "geometry": {
        "type": "Point",
        "coordinates": [
          135.432203,
          35.005412
        ]
      }
    },
    {
      "type": "Feature",
      "properties": {
        "P27_001": "27322",
        "P27_002": "3",
        "P27_003": "99999",
        "P27_004": "03128",
        "P27_005": "豊中市立少年自然の家",
        "P27_006": "宿野151-68",
        "P27_007": 4,
        "P27_008": -99,
        "P27_009": 9999
      },
      "geometry": {
        "type": "Point",
        "coordinates": [
          135.433374,
          35.005527
        ]
      }
    },
    {
      "type": "Feature",
      "properties": {
        "P27_001": "27203",
        "P27_002": "3",
        "P27_003": "99999",
        "P27_004": "03129",
        "P27_005": "高川スポーツルーム",
        "P27_006": "豊南町東1-1-2",
        "P27_007": 4,
        "P27_008": -99,
        "P27_009": 2000
      },
      "geometry": {
        "type": "Point",
        "coordinates": [
          135.483613,
          34.753648
        ]
      }
    },
    {
      "type": "Feature",
      "properties": {
        "P27_001": "27203",
        "P27_002": "3",
        "P27_003": "99999",
        "P27_004": "03120",
        "P27_005": "高川スポーツルーム",
        "P27_006": "豊南町東1-1-2",
        "P27_007": 4,
        "P27_008": -99,
        "P27_009": 2000
      },
      "geometry": {
        "type": "Point",
        "coordinates": [
          135.483607,
          34.753721
        ]
      }
    },
    {
      "type": "Feature",
      "properties": {
        "P27_001": "27203",
        "P27_002": "3",
        "P27_003": "99999",
        "P27_004": "03110",
        "P27_005": "豊中市立武道館ひびき",
        "P27_006": "服部西町4-13-2",
        "P27_007": 4,
        "P27_008": -99,
        "P27_009": 9999
      },
      "geometry": {
        "type": "Point",
        "coordinates": [
          135.466423,
          34.763547
        ]
      }
    },
    {
      "type": "Feature",
      "properties": {
        "P27_001": "27203",
        "P27_002": "3",
        "P27_003": "99999",
        "P27_004": "03111",
        "P27_005": "豊中市立武道館ひびき",
        "P27_006": "服部西町4-13-2",
        "P27_007": 4,
        "P27_008": -99,
        "P27_009": 9999
      },
      "geometry": {
        "type": "Point",
        "coordinates": [
          135.466423,
          34.763508
        ]
      }
    },
    {
      "type": "Feature",
      "properties": {
        "P27_001": "27203",
        "P27_002": "3",
        "P27_003": "99999",
        "P27_004": "03113",
        "P27_005": "豊中市立武道館ひびき",
        "P27_006": "服部西町4-13-2",
        "P27_007": 4,
        "P27_008": -99,
        "P27_009": 9999
      },
      "geometry": {
        "type": "Point",
        "coordinates": [
          135.466423,
          34.763471
        ]
      }
    },
    {
      "type": "Feature",
      "properties": {
        "P27_001": "27203",
        "P27_002": "3",
        "P27_003": "99999",
        "P27_004": "03121",
        "P27_005": "豊中市立武道館ひびき",
        "P27_006": "服部西町4-13-2",
        "P27_007": 4,
        "P27_008": -99,
        "P27_009": 9999
      },
      "geometry": {
        "type": "Point",
        "coordinates": [
          135.466034,
          34.763569
        ]
      }
    },
    {
      "type": "Feature",
      "properties": {
        "P27_001": "27203",
        "P27_002": "3",
        "P27_003": "99999",
        "P27_004": "03129",
        "P27_005": "豊中市立武道館ひびき",
        "P27_006": "服部西町4-13-2",
        "P27_007": 4,
        "P27_008": -99,
        "P27_009": 9999
      },
      "geometry": {
        "type": "Point",
        "coordinates": [
          135.466423,
          34.763435
        ]
      }
    },
    {
      "type": "Feature",
      "properties": {
        "P27_001": "27203",
        "P27_002": "3",
        "P27_003": "99999",
        "P27_004": "03120",
        "P27_005": "豊中市立武道館ひびき",
        "P27_006": "服部西町4-13-2",
        "P27_007": 4,
        "P27_008": -99,
        "P27_009": 9999
      },
      "geometry": {
        "type": "Point",
        "coordinates": [
          135.466423,
          34.763396
        ]
      }
    },
    {
      "type": "Feature",
      "properties": {
        "P27_001": "27203",
        "P27_002": "3",
        "P27_003": "99999",
        "P27_004": "03109",
        "P27_005": "千里体育館",
        "P27_006": "新千里東町3-8-1",
        "P27_007": 4,
        "P27_008": -99,
        "P27_009": 9999
      },
      "geometry": {
        "type": "Point",
        "coordinates": [
          135.504128,
          34.807848
        ]
      }
    },
    {
      "type": "Feature",
      "properties": {
        "P27_001": "27203",
        "P27_002": "3",
        "P27_003": "99999",
        "P27_004": "03129",
        "P27_005": "千里体育館",
        "P27_006": "新千里東町3-8-1",
        "P27_007": 4,
        "P27_008": -99,
        "P27_009": 9999
      },
      "geometry": {
        "type": "Point",
        "coordinates": [
          135.504158,
          34.80837
        ]
      }
    },
    {
      "type": "Feature",
      "properties": {
        "P27_001": "27203",
        "P27_002": "3",
        "P27_003": "99999",
        "P27_004": "03120",
        "P27_005": "千里体育館",
        "P27_006": "新千里東町3-8-1",
        "P27_007": 4,
        "P27_008": -99,
        "P27_009": 9999
      },
      "geometry": {
        "type": "Point",
        "coordinates": [
          135.504128,
          34.807765
        ]
      }
    },
    {
      "type": "Feature",
      "properties": {
        "P27_001": "27203",
        "P27_002": "3",
        "P27_003": "99999",
        "P27_004": "03109",
        "P27_005": "庄内体育館",
        "P27_006": "野田町4-1",
        "P27_007": 4,
        "P27_008": -99,
        "P27_009": 9999
      },
      "geometry": {
        "type": "Point",
        "coordinates": [
          135.474,
          34.75425
        ]
      }
    },
    {
      "type": "Feature",
      "properties": {
        "P27_001": "27203",
        "P27_002": "3",
        "P27_003": "99999",
        "P27_004": "03129",
        "P27_005": "庄内体育館",
        "P27_006": "野田町4-1",
        "P27_007": 4,
        "P27_008": -99,
        "P27_009": 9999
      },
      "geometry": {
        "type": "Point",
        "coordinates": [
          135.474006,
          34.754172
        ]
      }
    },
    {
      "type": "Feature",
      "properties": {
        "P27_001": "27203",
        "P27_002": "3",
        "P27_003": "99999",
        "P27_004": "03120",
        "P27_005": "庄内体育館",
        "P27_006": "野田町4-1",
        "P27_007": 4,
        "P27_008": -99,
        "P27_009": 9999
      },
      "geometry": {
        "type": "Point",
        "coordinates": [
          135.474,
          34.754094
        ]
      }
    },
    {
      "type": "Feature",
      "properties": {
        "P27_001": "27203",
        "P27_002": "3",
        "P27_003": "99999",
        "P27_004": "03109",
        "P27_005": "柴原体育館",
        "P27_006": "柴原町4-4-18",
        "P27_007": 4,
        "P27_008": -99,
        "P27_009": 9999
      },
      "geometry": {
        "type": "Point",
        "coordinates": [
          135.459564,
          34.800495
        ]
      }
    },
    {
      "type": "Feature",
      "properties": {
        "P27_001": "27203",
        "P27_002": "3",
        "P27_003": "99999",
        "P27_004": "03120",
        "P27_005": "柴原体育館",
        "P27_006": "柴原町4-4-18",
        "P27_007": 4,
        "P27_008": -99,
        "P27_009": 9999
      },
      "geometry": {
        "type": "Point",
        "coordinates": [
          135.459567,
          34.800458
        ]
      }
    },
    {
      "type": "Feature",
      "properties": {
        "P27_001": "27203",
        "P27_002": "3",
        "P27_003": "99999",
        "P27_004": "03110",
        "P27_005": "柴原体育館",
        "P27_006": "柴原町4-4-18",
        "P27_007": 4,
        "P27_008": -99,
        "P27_009": 9999
      },
      "geometry": {
        "type": "Point",
        "coordinates": [
          135.459567,
          34.800417
        ]
      }
    },
    {
      "type": "Feature",
      "properties": {
        "P27_001": "27203",
        "P27_002": "3",
        "P27_003": "99999",
        "P27_004": "03111",
        "P27_005": "柴原体育館",
        "P27_006": "柴原町4-4-18",
        "P27_007": 4,
        "P27_008": -99,
        "P27_009": 9999
      },
      "geometry": {
        "type": "Point",
        "coordinates": [
          135.45957,
          34.800378
        ]
      }
    },
    {
      "type": "Feature",
      "properties": {
        "P27_001": "27203",
        "P27_002": "3",
        "P27_003": "99999",
        "P27_004": "03113",
        "P27_005": "柴原体育館",
        "P27_006": "柴原町4-4-18",
        "P27_007": 4,
        "P27_008": -99,
        "P27_009": 9999
      },
      "geometry": {
        "type": "Point",
        "coordinates": [
          135.45957,
          34.800341
        ]
      }
    },
    {
      "type": "Feature",
      "properties": {
        "P27_001": "27203",
        "P27_002": "3",
        "P27_003": "99999",
        "P27_004": "03109",
        "P27_005": "豊島体育館",
        "P27_006": "服部西町4-12-1",
        "P27_007": 4,
        "P27_008": -99,
        "P27_009": 9999
      },
      "geometry": {
        "type": "Point",
        "coordinates": [
          135.46757,
          34.763376
        ]
      }
    },
    {
      "type": "Feature",
      "properties": {
        "P27_001": "27203",
        "P27_002": "3",
        "P27_003": "99999",
        "P27_004": "03120",
        "P27_005": "豊島体育館",
        "P27_006": "服部西町4-12-1",
        "P27_007": 4,
        "P27_008": -99,
        "P27_009": 9999
      },
      "geometry": {
        "type": "Point",
        "coordinates": [
          135.467582,
          34.763298
        ]
      }
    },
    {
      "type": "Feature",
      "properties": {
        "P27_001": "27203",
        "P27_002": "3",
        "P27_003": "99999",
        "P27_004": "03129",
        "P27_005": "豊島体育館",
        "P27_006": "服部西町4-12-1",
        "P27_007": 4,
        "P27_008": -99,
        "P27_009": 9999
      },
      "geometry": {
        "type": "Point",
        "coordinates": [
          135.467582,
          34.76321
        ]
      }
    },
    {
      "type": "Feature",
      "properties": {
        "P27_001": "27203",
        "P27_002": "3",
        "P27_003": "99999",
        "P27_004": "03105",
        "P27_005": "二ノ切温水プール",
        "P27_006": "東豊中町5-37-1",
        "P27_007": 4,
        "P27_008": -99,
        "P27_009": 9999
      },
      "geometry": {
        "type": "Point",
        "coordinates": [
          135.49042,
          34.795014
        ]
      }
    },
    {
      "type": "Feature",
      "properties": {
        "P27_001": "27203",
        "P27_002": "3",
        "P27_003": "99999",
        "P27_004": "03105",
        "P27_005": "豊島温水プール",
        "P27_006": "服部西町5-1-1",
        "P27_007": 4,
        "P27_008": -99,
        "P27_009": 9999
      },
      "geometry": {
        "type": "Point",
        "coordinates": [
          135.465337,
          34.76224
        ]
      }
    },
    {
      "type": "Feature",
      "properties": {
        "P27_001": "27203",
        "P27_002": "3",
        "P27_003": "99999",
        "P27_004": "03115",
        "P27_005": "ふれあい緑地テニスコート",
        "P27_006": "服部寿町4-7-1",
        "P27_007": 4,
        "P27_008": -99,
        "P27_009": 9999
      },
      "geometry": {
        "type": "Point",
        "coordinates": [
          135.467333,
          34.759004
        ]
      }
    },
    {
      "type": "Feature",
      "properties": {
        "P27_001": "27203",
        "P27_002": "3",
        "P27_003": "99999",
        "P27_004": "03115",
        "P27_005": "野畑テニスコート",
        "P27_006": "永楽荘1-4-48",
        "P27_007": 4,
        "P27_008": -99,
        "P27_009": 9999
      },
      "geometry": {
        "type": "Point",
        "coordinates": [
          135.466018,
          34.810772
        ]
      }
    },
    {
      "type": "Feature",
      "properties": {
        "P27_001": "27203",
        "P27_002": "3",
        "P27_003": "99999",
        "P27_004": "03115",
        "P27_005": "原田南テニスコート",
        "P27_006": "原田南2-75",
        "P27_007": 3,
        "P27_008": -99,
        "P27_009": 9999
      },
      "geometry": {
        "type": "Point",
        "coordinates": [
          135.454751,
          34.76706
        ]
      }
    },
    {
      "type": "Feature",
      "properties": {
        "P27_001": "27203",
        "P27_002": "3",
        "P27_003": "99999",
        "P27_004": "03115",
        "P27_005": "千里東町公園テニスコート",
        "P27_006": "新千里東町2-3",
        "P27_007": 4,
        "P27_008": -99,
        "P27_009": 9999
      },
      "geometry": {
        "type": "Point",
        "coordinates": [
          135.500562,
          34.809996
        ]
      }
    },
    {
      "type": "Feature",
      "properties": {
        "P27_001": "27203",
        "P27_002": "3",
        "P27_003": "99999",
        "P27_004": "03115",
        "P27_005": "豊島公園テニスコート",
        "P27_006": "曽根南町1-70",
        "P27_007": 4,
        "P27_008": -99,
        "P27_009": 9999
      },
      "geometry": {
        "type": "Point",
        "coordinates": [
          135.468764,
          34.765956
        ]
      }
    },
    {
      "type": "Feature",
      "properties": {
        "P27_001": "27203",
        "P27_002": "3",
        "P27_003": "99999",
        "P27_004": "03102",
        "P27_005": "青少年運動広場",
        "P27_006": "東豊中町5-3387",
        "P27_007": 3,
        "P27_008": -99,
        "P27_009": 9999
      },
      "geometry": {
        "type": "Point",
        "coordinates": [
          135.490306,
          34.796077
        ]
      }
    },
    {
      "type": "Feature",
      "properties": {
        "P27_001": "27203",
        "P27_002": "3",
        "P27_003": "99999",
        "P27_004": "03103",
        "P27_005": "青少年運動広場",
        "P27_006": "東豊中町5-3387",
        "P27_007": 3,
        "P27_008": -99,
        "P27_009": 9999
      },
      "geometry": {
        "type": "Point",
        "coordinates": [
          135.490306,
          34.795979
        ]
      }
    },
    {
      "type": "Feature",
      "properties": {
        "P27_001": "27203",
        "P27_002": "3",
        "P27_003": "99999",
        "P27_004": "03102",
        "P27_005": "原田中少年野球場",
        "P27_006": "原田中1-29-1",
        "P27_007": 3,
        "P27_008": -99,
        "P27_009": 9999
      },
      "geometry": {
        "type": "Point",
        "coordinates": [
          135.4571,
          34.770025
        ]
      }
    },
    {
      "type": "Feature",
      "properties": {
        "P27_001": "27203",
        "P27_002": "3",
        "P27_003": "99999",
        "P27_004": "03102",
        "P27_005": "千里北町公園野球場",
        "P27_006": "新千里北町1-23-1",
        "P27_007": 3,
        "P27_008": -99,
        "P27_009": 9999
      },
      "geometry": {
        "type": "Point",
        "coordinates": [
          135.495825,
          34.816577
        ]
      }
    },
    {
      "type": "Feature",
      "properties": {
        "P27_001": "27203",
        "P27_002": "3",
        "P27_003": "99999",
        "P27_004": "03102",
        "P27_005": "豊島公園野球場（豊中ローズ球場）",
        "P27_006": "曽根南町1-4-2",
        "P27_007": 4,
        "P27_008": -99,
        "P27_009": 9999
      },
      "geometry": {
        "type": "Point",
        "coordinates": [
          135.469997,
          34.766496
        ]
      }
    },
    {
      "type": "Feature",
      "properties": {
        "P27_001": "27203",
        "P27_002": "3",
        "P27_003": "99999",
        "P27_004": "03102",
        "P27_005": "大門公園野球場",
        "P27_006": "北桜塚1-27-1",
        "P27_007": 4,
        "P27_008": -99,
        "P27_009": 9999
      },
      "geometry": {
        "type": "Point",
        "coordinates": [
          135.467216,
          34.78305
        ]
      }
    },
    {
      "type": "Feature",
      "properties": {
        "P27_001": "27120",
        "P27_002": "3",
        "P27_003": "99999",
        "P27_004": "03109",
        "P27_005": "大阪市立住吉スポーツセンター",
        "P27_006": "浅香1-8-15",
        "P27_007": 4,
        "P27_008": -99,
        "P27_009": 9999
      },
      "geometry": {
        "type": "Point",
        "coordinates": [
          135.511483,
          34.592346
        ]
      }
    },
    {
      "type": "Feature",
      "properties": {
        "P27_001": "27120",
        "P27_002": "3",
        "P27_003": "99999",
        "P27_004": "03116",
        "P27_005": "大阪市立住吉スポーツセンター",
        "P27_006": "浅香1-8-15",
        "P27_007": 4,
        "P27_008": -99,
        "P27_009": 9999
      },
      "geometry": {
        "type": "Point",
        "coordinates": [
          135.511483,
          34.592267
        ]
      }
    },
    {
      "type": "Feature",
      "properties": {
        "P27_001": "27120",
        "P27_002": "3",
        "P27_003": "99999",
        "P27_004": "03120",
        "P27_005": "大阪市立住吉スポーツセンター",
        "P27_006": "浅香1-8-15",
        "P27_007": 4,
        "P27_008": -99,
        "P27_009": 9999
      },
      "geometry": {
        "type": "Point",
        "coordinates": [
          135.511477,
          34.592189
        ]
      }
    },
    {
      "type": "Feature",
      "properties": {
        "P27_001": "27120",
        "P27_002": "3",
        "P27_003": "99999",
        "P27_004": "03110",
        "P27_005": "大阪市立住吉スポーツセンター",
        "P27_006": "浅香1-8-15",
        "P27_007": 4,
        "P27_008": -99,
        "P27_009": 9999
      },
      "geometry": {
        "type": "Point",
        "coordinates": [
          135.511477,
          34.592111
        ]
      }
    },
    {
      "type": "Feature",
      "properties": {
        "P27_001": "27120",
        "P27_002": "3",
        "P27_003": "99999",
        "P27_004": "03111",
        "P27_005": "大阪市立住吉スポーツセンター",
        "P27_006": "浅香1-8-15",
        "P27_007": 4,
        "P27_008": -99,
        "P27_009": 9999
      },
      "geometry": {
        "type": "Point",
        "coordinates": [
          135.511477,
          34.592033
        ]
      }
    },
    {
      "type": "Feature",
      "properties": {
        "P27_001": "27120",
        "P27_002": "3",
        "P27_003": "99999",
        "P27_004": "03132",
        "P27_005": "大阪市立住吉スポーツセンター",
        "P27_006": "浅香1-8-15",
        "P27_007": 4,
        "P27_008": -99,
        "P27_009": 9999
      },
      "geometry": {
        "type": "Point",
        "coordinates": [
          135.511465,
          34.591954
        ]
      }
    },
    {
      "type": "Feature",
      "properties": {
        "P27_001": "27111",
        "P27_002": "3",
        "P27_003": "99999",
        "P27_004": "03109",
        "P27_005": "大阪市立浪速スポーツセンター",
        "P27_006": "難波中3-8-8",
        "P27_007": 4,
        "P27_008": -99,
        "P27_009": 9999
      },
      "geometry": {
        "type": "Point",
        "coordinates": [
          135.499422,
          34.661497
        ]
      }
    },
    {
      "type": "Feature",
      "properties": {
        "P27_001": "27111",
        "P27_002": "3",
        "P27_003": "99999",
        "P27_004": "03116",
        "P27_005": "大阪市立浪速スポーツセンター",
        "P27_006": "難波中3-8-8",
        "P27_007": 4,
        "P27_008": -99,
        "P27_009": 9999
      },
      "geometry": {
        "type": "Point",
        "coordinates": [
          135.499422,
          34.661424
        ]
      }
    },
    {
      "type": "Feature",
      "properties": {
        "P27_001": "27111",
        "P27_002": "3",
        "P27_003": "99999",
        "P27_004": "03132",
        "P27_005": "大阪市立浪速スポーツセンター",
        "P27_006": "難波中3-8-8",
        "P27_007": 4,
        "P27_008": -99,
        "P27_009": 9999
      },
      "geometry": {
        "type": "Point",
        "coordinates": [
          135.499422,
          34.661346
        ]
      }
    },
    {
      "type": "Feature",
      "properties": {
        "P27_001": "27108",
        "P27_002": "3",
        "P27_003": "99999",
        "P27_004": "03109",
        "P27_005": "大阪市立大正スポーツセンター",
        "P27_006": "小林東3-3-25",
        "P27_007": 4,
        "P27_008": -99,
        "P27_009": 9999
      },
      "geometry": {
        "type": "Point",
        "coordinates": [
          135.472253,
          34.647292
        ]
      }
    },
    {
      "type": "Feature",
      "properties": {
        "P27_001": "27108",
        "P27_002": "3",
        "P27_003": "99999",
        "P27_004": "03116",
        "P27_005": "大阪市立大正スポーツセンター",
        "P27_006": "小林東3-3-25",
        "P27_007": 4,
        "P27_008": -99,
        "P27_009": 9999
      },
      "geometry": {
        "type": "Point",
        "coordinates": [
          135.472247,
          34.647219
        ]
      }
    },
    {
      "type": "Feature",
      "properties": {
        "P27_001": "27108",
        "P27_002": "3",
        "P27_003": "99999",
        "P27_004": "03120",
        "P27_005": "大阪市立大正スポーツセンター",
        "P27_006": "小林東3-3-25",
        "P27_007": 4,
        "P27_008": -99,
        "P27_009": 9999
      },
      "geometry": {
        "type": "Point",
        "coordinates": [
          135.472247,
          34.647141
        ]
      }
    },
    {
      "type": "Feature",
      "properties": {
        "P27_001": "27108",
        "P27_002": "3",
        "P27_003": "99999",
        "P27_004": "03132",
        "P27_005": "大阪市立大正スポーツセンター",
        "P27_006": "小林東3-3-25",
        "P27_007": 4,
        "P27_008": -99,
        "P27_009": 9999
      },
      "geometry": {
        "type": "Point",
        "coordinates": [
          135.472241,
          34.647063
        ]
      }
    },
    {
      "type": "Feature",
      "properties": {
        "P27_001": "27126",
        "P27_002": "3",
        "P27_003": "99999",
        "P27_004": "03105",
        "P27_005": "大阪市平野屋内プール",
        "P27_006": "平野南4-6-1",
        "P27_007": 4,
        "P27_008": -99,
        "P27_009": 9999
      },
      "geometry": {
        "type": "Point",
        "coordinates": [
          135.560234,
          34.617893
        ]
      }
    },
    {
      "type": "Feature",
      "properties": {
        "P27_001": "27126",
        "P27_002": "3",
        "P27_003": "99999",
        "P27_004": "03129",
        "P27_005": "大阪市平野屋内プール",
        "P27_006": "平野南4-6-1",
        "P27_007": 4,
        "P27_008": -99,
        "P27_009": 9999
      },
      "geometry": {
        "type": "Point",
        "coordinates": [
          135.560234,
          34.61781
        ]
      }
    },
    {
      "type": "Feature",
      "properties": {
        "P27_001": "27120",
        "P27_002": "3",
        "P27_003": "99999",
        "P27_004": "03105",
        "P27_005": "大阪市立住吉屋内プール",
        "P27_006": "浅香1-8-15",
        "P27_007": 4,
        "P27_008": -99,
        "P27_009": 9999
      },
      "geometry": {
        "type": "Point",
        "coordinates": [
          135.511465,
          34.591876
        ]
      }
    },
    {
      "type": "Feature",
      "properties": {
        "P27_001": "27120",
        "P27_002": "3",
        "P27_003": "99999",
        "P27_004": "03129",
        "P27_005": "大阪市立住吉屋内プール",
        "P27_006": "浅香1-8-15",
        "P27_007": 4,
        "P27_008": -99,
        "P27_009": 9999
      },
      "geometry": {
        "type": "Point",
        "coordinates": [
          135.511459,
          34.591788
        ]
      }
    },
    {
      "type": "Feature",
      "properties": {
        "P27_001": "27119",
        "P27_002": "3",
        "P27_003": "99999",
        "P27_004": "03105",
        "P27_005": "大阪市立阿倍野屋内プール",
        "P27_006": "阿倍野筋3-13-23",
        "P27_007": 4,
        "P27_008": -99,
        "P27_009": 9999
      },
      "geometry": {
        "type": "Point",
        "coordinates": [
          135.510263,
          34.643339
        ]
      }
    },
    {
      "type": "Feature",
      "properties": {
        "P27_001": "27119",
        "P27_002": "3",
        "P27_003": "99999",
        "P27_004": "03129",
        "P27_005": "大阪市立阿倍野屋内プール",
        "P27_006": "阿倍野筋3-13-23",
        "P27_007": 4,
        "P27_008": -99,
        "P27_009": 9999
      },
      "geometry": {
        "type": "Point",
        "coordinates": [
          135.510257,
          34.643261
        ]
      }
    },
    {
      "type": "Feature",
      "properties": {
        "P27_001": "27117",
        "P27_002": "3",
        "P27_003": "99999",
        "P27_004": "03105",
        "P27_005": "大阪市立旭屋内プール",
        "P27_006": "高殿6-14-6",
        "P27_007": 4,
        "P27_008": -99,
        "P27_009": 9999
      },
      "geometry": {
        "type": "Point",
        "coordinates": [
          135.546241,
          34.717782
        ]
      }
    },
    {
      "type": "Feature",
      "properties": {
        "P27_001": "27117",
        "P27_002": "3",
        "P27_003": "99999",
        "P27_004": "03129",
        "P27_005": "大阪市立旭屋内プール",
        "P27_006": "高殿6-14-6",
        "P27_007": 4,
        "P27_008": -99,
        "P27_009": 9999
      },
      "geometry": {
        "type": "Point",
        "coordinates": [
          135.546235,
          34.717694
        ]
      }
    },
    {
      "type": "Feature",
      "properties": {
        "P27_001": "27116",
        "P27_002": "3",
        "P27_003": "99999",
        "P27_004": "03105",
        "P27_005": "大阪市生野屋内プール",
        "P27_006": "桃谷3-8-18",
        "P27_007": 4,
        "P27_008": -99,
        "P27_009": 9999
      },
      "geometry": {
        "type": "Point",
        "coordinates": [
          135.535311,
          34.660823
        ]
      }
    },
    {
      "type": "Feature",
      "properties": {
        "P27_001": "27116",
        "P27_002": "3",
        "P27_003": "99999",
        "P27_004": "03129",
        "P27_005": "大阪市生野屋内プール",
        "P27_006": "桃谷3-8-18",
        "P27_007": 4,
        "P27_008": -99,
        "P27_009": 9999
      },
      "geometry": {
        "type": "Point",
        "coordinates": [
          135.535311,
          34.66074
        ]
      }
    },
    {
      "type": "Feature",
      "properties": {
        "P27_001": "27111",
        "P27_002": "3",
        "P27_003": "99999",
        "P27_004": "03105",
        "P27_005": "大阪市立浪速屋内プール",
        "P27_006": "難波中3-8-8",
        "P27_007": 4,
        "P27_008": -99,
        "P27_009": 9999
      },
      "geometry": {
        "type": "Point",
        "coordinates": [
          135.499428,
          34.661273
        ]
      }
    },
    {
      "type": "Feature",
      "properties": {
        "P27_001": "27111",
        "P27_002": "3",
        "P27_003": "99999",
        "P27_004": "03129",
        "P27_005": "大阪市立浪速屋内プール",
        "P27_006": "難波中3-8-8",
        "P27_007": 4,
        "P27_008": -99,
        "P27_009": 9999
      },
      "geometry": {
        "type": "Point",
        "coordinates": [
          135.499422,
          34.661199
        ]
      }
    },
    {
      "type": "Feature",
      "properties": {
        "P27_001": "27111",
        "P27_002": "3",
        "P27_003": "99999",
        "P27_004": "03124",
        "P27_005": "大阪市立浪速屋内プール",
        "P27_006": "難波中3-8-8",
        "P27_007": 4,
        "P27_008": -99,
        "P27_009": 9999
      },
      "geometry": {
        "type": "Point",
        "coordinates": [
          135.499428,
          34.661126
        ]
      }
    },
    {
      "type": "Feature",
      "properties": {
        "P27_001": "27108",
        "P27_002": "3",
        "P27_003": "99999",
        "P27_004": "03105",
        "P27_005": "大阪市立大正屋内プール",
        "P27_006": "小林東3-3-25",
        "P27_007": 4,
        "P27_008": -99,
        "P27_009": 9999
      },
      "geometry": {
        "type": "Point",
        "coordinates": [
          135.472241,
          34.646989
        ]
      }
    },
    {
      "type": "Feature",
      "properties": {
        "P27_001": "27108",
        "P27_002": "3",
        "P27_003": "99999",
        "P27_004": "03129",
        "P27_005": "大阪市立大正屋内プール",
        "P27_006": "小林東3-3-25",
        "P27_007": 4,
        "P27_008": -99,
        "P27_009": 9999
      },
      "geometry": {
        "type": "Point",
        "coordinates": [
          135.472236,
          34.646911
        ]
      }
    },
    {
      "type": "Feature",
      "properties": {
        "P27_001": "27106",
        "P27_002": "3",
        "P27_003": "99999",
        "P27_004": "03105",
        "P27_005": "大阪市西屋内プール",
        "P27_006": "本田1-4-16（松島公園内）",
        "P27_007": 4,
        "P27_008": -99,
        "P27_009": 9999
      },
      "geometry": {
        "type": "Point",
        "coordinates": [
          135.481742,
          34.678065
        ]
      }
    },
    {
      "type": "Feature",
      "properties": {
        "P27_001": "27106",
        "P27_002": "3",
        "P27_003": "99999",
        "P27_004": "03129",
        "P27_005": "大阪市西屋内プール",
        "P27_006": "本田1-4-16（松島公園内）",
        "P27_007": 4,
        "P27_008": -99,
        "P27_009": 9999
      },
      "geometry": {
        "type": "Point",
        "coordinates": [
          135.481742,
          34.677977
        ]
      }
    },
    {
      "type": "Feature",
      "properties": {
        "P27_001": "27128",
        "P27_002": "3",
        "P27_003": "99999",
        "P27_004": "03105",
        "P27_005": "大阪市立中央屋内プール",
        "P27_006": "島之内2-7-8",
        "P27_007": 4,
        "P27_008": -99,
        "P27_009": 9999
      },
      "geometry": {
        "type": "Point",
        "coordinates": [
          135.508876,
          34.671318
        ]
      }
    },
    {
      "type": "Feature",
      "properties": {
        "P27_001": "27128",
        "P27_002": "3",
        "P27_003": "99999",
        "P27_004": "03129",
        "P27_005": "大阪市立中央屋内プール",
        "P27_006": "島之内2-7-8",
        "P27_007": 4,
        "P27_008": -99,
        "P27_009": 9999
      },
      "geometry": {
        "type": "Point",
        "coordinates": [
          135.50887,
          34.671235
        ]
      }
    },
    {
      "type": "Feature",
      "properties": {
        "P27_001": "27102",
        "P27_002": "3",
        "P27_003": "99999",
        "P27_004": "03105",
        "P27_005": "大阪市立都島屋内プール",
        "P27_006": "都島本通4-12-7",
        "P27_007": 4,
        "P27_008": -99,
        "P27_009": 9999
      },
      "geometry": {
        "type": "Point",
        "coordinates": [
          135.532548,
          34.707438
        ]
      }
    },
    {
      "type": "Feature",
      "properties": {
        "P27_001": "27102",
        "P27_002": "3",
        "P27_003": "99999",
        "P27_004": "03129",
        "P27_005": "大阪市立都島屋内プール",
        "P27_006": "都島本通4-12-7",
        "P27_007": 4,
        "P27_008": -99,
        "P27_009": 9999
      },
      "geometry": {
        "type": "Point",
        "coordinates": [
          135.532542,
          34.70736
        ]
      }
    },
    {
      "type": "Feature",
      "properties": {
        "P27_001": "27127",
        "P27_002": "3",
        "P27_003": "99999",
        "P27_004": "03105",
        "P27_005": "大阪市立扇町プール",
        "P27_006": "扇町1-1（扇町公園内）",
        "P27_007": 4,
        "P27_008": -99,
        "P27_009": 9999
      },
      "geometry": {
        "type": "Point",
        "coordinates": [
          135.510054,
          34.703692
        ]
      }
    },
    {
      "type": "Feature",
      "properties": {
        "P27_001": "27127",
        "P27_002": "3",
        "P27_003": "99999",
        "P27_004": "03129",
        "P27_005": "大阪市立扇町プール",
        "P27_006": "扇町1-1（扇町公園内）",
        "P27_007": 4,
        "P27_008": -99,
        "P27_009": 9999
      },
      "geometry": {
        "type": "Point",
        "coordinates": [
          135.510054,
          34.703604
        ]
      }
    },
    {
      "type": "Feature",
      "properties": {
        "P27_001": "27104",
        "P27_002": "3",
        "P27_003": "99999",
        "P27_004": "03105",
        "P27_005": "此花屋内プール",
        "P27_006": "西九条5-4-21",
        "P27_007": 4,
        "P27_008": -99,
        "P27_009": 9999
      },
      "geometry": {
        "type": "Point",
        "coordinates": [
          135.464524,
          34.683647
        ]
      }
    },
    {
      "type": "Feature",
      "properties": {
        "P27_001": "27104",
        "P27_002": "3",
        "P27_003": "99999",
        "P27_004": "03129",
        "P27_005": "此花屋内プール",
        "P27_006": "西九条5-4-21",
        "P27_007": 4,
        "P27_008": -99,
        "P27_009": 9999
      },
      "geometry": {
        "type": "Point",
        "coordinates": [
          135.464524,
          34.683574
        ]
      }
    },
    {
      "type": "Feature",
      "properties": {
        "P27_001": "27120",
        "P27_002": "3",
        "P27_003": "99999",
        "P27_004": "03102",
        "P27_005": "浅香中央運動場",
        "P27_006": "浅香1-6（浅香中央公園内）",
        "P27_007": 3,
        "P27_008": -99,
        "P27_009": 9999
      },
      "geometry": {
        "type": "Point",
        "coordinates": [
          135.508424,
          34.591217
        ]
      }
    },
    {
      "type": "Feature",
      "properties": {
        "P27_001": "27120",
        "P27_002": "3",
        "P27_003": "99999",
        "P27_004": "03138",
        "P27_005": "浅香中央運動場",
        "P27_006": "浅香1-6（浅香中央公園内）",
        "P27_007": 3,
        "P27_008": -99,
        "P27_009": 9999
      },
      "geometry": {
        "type": "Point",
        "coordinates": [
          135.50843,
          34.591129
        ]
      }
    },
    {
      "type": "Feature",
      "properties": {
        "P27_001": "27120",
        "P27_002": "3",
        "P27_003": "99999",
        "P27_004": "03115",
        "P27_005": "山之内西庭球場",
        "P27_006": "山之内5-3-37（山之内西公園内）",
        "P27_007": 3,
        "P27_008": -99,
        "P27_009": 9999
      },
      "geometry": {
        "type": "Point",
        "coordinates": [
          135.500385,
          34.588717
        ]
      }
    },
    {
      "type": "Feature",
      "properties": {
        "P27_001": "27106",
        "P27_002": "3",
        "P27_003": "99999",
        "P27_004": "03102",
        "P27_005": "京セラドーム大阪",
        "P27_006": "千代崎3-中2-1",
        "P27_007": 4,
        "P27_008": -99,
        "P27_009": 9999
      },
      "geometry": {
        "type": "Point",
        "coordinates": [
          135.476087,
          34.669492
        ]
      }
    },
    {
      "type": "Feature",
      "properties": {
        "P27_001": "27106",
        "P27_002": "3",
        "P27_003": "99999",
        "P27_004": "03103",
        "P27_005": "京セラドーム大阪",
        "P27_006": "千代崎3-中2-1",
        "P27_007": 4,
        "P27_008": -99,
        "P27_009": 9999
      },
      "geometry": {
        "type": "Point",
        "coordinates": [
          135.476081,
          34.669395
        ]
      }
    },
    {
      "type": "Feature",
      "properties": {
        "P27_001": "27106",
        "P27_002": "3",
        "P27_003": "99999",
        "P27_004": "03104",
        "P27_005": "京セラドーム大阪",
        "P27_006": "千代崎3-中2-1",
        "P27_007": 4,
        "P27_008": -99,
        "P27_009": 9999
      },
      "geometry": {
        "type": "Point",
        "coordinates": [
          135.476087,
          34.669297
        ]
      }
    },
    {
      "type": "Feature",
      "properties": {
        "P27_001": "27124",
        "P27_002": "3",
        "P27_003": "99999",
        "P27_004": "03135",
        "P27_005": "つるみゴルフ練習場（シティーゴルフつるみ）",
        "P27_006": "諸口6-16-20",
        "P27_007": 4,
        "P27_008": -99,
        "P27_009": 9999
      },
      "geometry": {
        "type": "Point",
        "coordinates": [
          135.575065,
          34.707929
        ]
      }
    },
    {
      "type": "Feature",
      "properties": {
        "P27_001": "27209",
        "P27_002": "3",
        "P27_003": "99999",
        "P27_004": "03123",
        "P27_005": "鶴見緑地乗馬苑",
        "P27_006": "大字高瀬旧大枝510",
        "P27_007": 4,
        "P27_008": -99,
        "P27_009": 9999
      },
      "geometry": {
        "type": "Point",
        "coordinates": [
          135.571831,
          34.71558
        ]
      }
    },
    {
      "type": "Feature",
      "properties": {
        "P27_001": "27104",
        "P27_002": "3",
        "P27_003": "99999",
        "P27_004": "03140",
        "P27_005": "大阪北港ヨットハーバー",
        "P27_006": "常吉2-13-18",
        "P27_007": 4,
        "P27_008": -99,
        "P27_009": 9999
      },
      "geometry": {
        "type": "Point",
        "coordinates": [
          135.408448,
          34.673295
        ]
      }
    },
    {
      "type": "Feature",
      "properties": {
        "P27_001": "27104",
        "P27_002": "3",
        "P27_003": "99999",
        "P27_004": "03115",
        "P27_005": "大阪北港ヨットハーバー",
        "P27_006": "常吉2-13-18",
        "P27_007": 4,
        "P27_008": -99,
        "P27_009": 9999
      },
      "geometry": {
        "type": "Point",
        "coordinates": [
          135.410587,
          34.674082
        ]
      }
    },
    {
      "type": "Feature",
      "properties": {
        "P27_001": "27121",
        "P27_002": "3",
        "P27_003": "99999",
        "P27_004": "03129",
        "P27_005": "長居陸上競技場トレーニングセンター",
        "P27_006": "長居公園1-1（長居公園内）",
        "P27_007": 4,
        "P27_008": -99,
        "P27_009": 9999
      },
      "geometry": {
        "type": "Point",
        "coordinates": [
          135.518528,
          34.615119
        ]
      }
    },
    {
      "type": "Feature",
      "properties": {
        "P27_001": "27128",
        "P27_002": "3",
        "P27_003": "99999",
        "P27_004": "03101",
        "P27_005": "大阪城国際文化スポーツホール（大阪城ホール）",
        "P27_006": "大阪城3-1",
        "P27_007": 4,
        "P27_008": 2,
        "P27_009": 9999
      },
      "geometry": {
        "type": "Point",
        "coordinates": [
          135.530124,
          34.689861
        ]
      }
    },
    {
      "type": "Feature",
      "properties": {
        "P27_001": "27128",
        "P27_002": "3",
        "P27_003": "99999",
        "P27_004": "03116",
        "P27_005": "大阪城国際文化スポーツホール（大阪城ホール）",
        "P27_006": "大阪城3-1",
        "P27_007": 4,
        "P27_008": 2,
        "P27_009": 9999
      },
      "geometry": {
        "type": "Point",
        "coordinates": [
          135.530124,
          34.689768
        ]
      }
    },
    {
      "type": "Feature",
      "properties": {
        "P27_001": "27128",
        "P27_002": "3",
        "P27_003": "99999",
        "P27_004": "03109",
        "P27_005": "大阪城国際文化スポーツホール（大阪城ホール）",
        "P27_006": "大阪城3-1",
        "P27_007": 4,
        "P27_008": 2,
        "P27_009": 9999
      },
      "geometry": {
        "type": "Point",
        "coordinates": [
          135.53013,
          34.689675
        ]
      }
    },
    {
      "type": "Feature",
      "properties": {
        "P27_001": "27128",
        "P27_002": "3",
        "P27_003": "99999",
        "P27_004": "03131",
        "P27_005": "大阪城国際文化スポーツホール（大阪城ホール）",
        "P27_006": "大阪城3-1",
        "P27_007": 4,
        "P27_008": 2,
        "P27_009": 9999
      },
      "geometry": {
        "type": "Point",
        "coordinates": [
          135.530124,
          34.689577
        ]
      }
    },
    {
      "type": "Feature",
      "properties": {
        "P27_001": "27128",
        "P27_002": "3",
        "P27_003": "99999",
        "P27_004": "03130",
        "P27_005": "大阪城国際文化スポーツホール（大阪城ホール）",
        "P27_006": "大阪城3-1",
        "P27_007": 4,
        "P27_008": 2,
        "P27_009": 9999
      },
      "geometry": {
        "type": "Point",
        "coordinates": [
          135.530124,
          34.689485
        ]
      }
    },
    {
      "type": "Feature",
      "properties": {
        "P27_001": "27128",
        "P27_002": "3",
        "P27_003": "99999",
        "P27_004": "03119",
        "P27_005": "大阪城国際文化スポーツホール（大阪城ホール）",
        "P27_006": "大阪城3-1",
        "P27_007": 4,
        "P27_008": 2,
        "P27_009": 9999
      },
      "geometry": {
        "type": "Point",
        "coordinates": [
          135.530124,
          34.689387
        ]
      }
    },
    {
      "type": "Feature",
      "properties": {
        "P27_001": "27104",
        "P27_002": "3",
        "P27_003": "99999",
        "P27_004": "03142",
        "P27_005": "舞洲野外活動施設",
        "P27_006": "北港緑地2-3-75",
        "P27_007": 4,
        "P27_008": -99,
        "P27_009": 9999
      },
      "geometry": {
        "type": "Point",
        "coordinates": [
          135.390644,
          34.663264
        ]
      }
    },
    {
      "type": "Feature",
      "properties": {
        "P27_001": "27124",
        "P27_002": "3",
        "P27_003": "99999",
        "P27_004": "03142",
        "P27_005": "鶴見緑地キャンプ場",
        "P27_006": "鶴見緑地内",
        "P27_007": 4,
        "P27_008": -99,
        "P27_009": 9999
      },
      "geometry": {
        "type": "Point",
        "coordinates": [
          135.569625,
          34.710452
        ]
      }
    },
    {
      "type": "Feature",
      "properties": {
        "P27_001": "27219",
        "P27_002": "3",
        "P27_003": "99999",
        "P27_004": "03142",
        "P27_005": "大阪市立信太山青少年野外活動センター",
        "P27_006": "伯太町3-12-86",
        "P27_007": 4,
        "P27_008": -99,
        "P27_009": 9999
      },
      "geometry": {
        "type": "Point",
        "coordinates": [
          135.448403,
          34.489734
        ]
      }
    },
    {
      "type": "Feature",
      "properties": {
        "P27_001": "27219",
        "P27_002": "3",
        "P27_003": "99999",
        "P27_004": "03102",
        "P27_005": "大阪市立信太山青少年野外活動センター",
        "P27_006": "伯太町3-12-86",
        "P27_007": 4,
        "P27_008": -99,
        "P27_009": 9999
      },
      "geometry": {
        "type": "Point",
        "coordinates": [
          135.444464,
          34.49062
        ]
      }
    },
    {
      "type": "Feature",
      "properties": {
        "P27_001": "27219",
        "P27_002": "3",
        "P27_003": "99999",
        "P27_004": "03103",
        "P27_005": "大阪市立信太山青少年野外活動センター",
        "P27_006": "伯太町3-12-86",
        "P27_007": 4,
        "P27_008": -99,
        "P27_009": 9999
      },
      "geometry": {
        "type": "Point",
        "coordinates": [
          135.444452,
          34.490463
        ]
      }
    },
    {
      "type": "Feature",
      "properties": {
        "P27_001": "27219",
        "P27_002": "3",
        "P27_003": "99999",
        "P27_004": "03104",
        "P27_005": "大阪市立信太山青少年野外活動センター",
        "P27_006": "伯太町3-12-86",
        "P27_007": 4,
        "P27_008": -99,
        "P27_009": 9999
      },
      "geometry": {
        "type": "Point",
        "coordinates": [
          135.444464,
          34.490302
        ]
      }
    },
    {
      "type": "Feature",
      "properties": {
        "P27_001": "27219",
        "P27_002": "3",
        "P27_003": "99999",
        "P27_004": "03117",
        "P27_005": "大阪市立信太山青少年野外活動センター",
        "P27_006": "伯太町3-12-86",
        "P27_007": 4,
        "P27_008": -99,
        "P27_009": 9999
      },
      "geometry": {
        "type": "Point",
        "coordinates": [
          135.446193,
          34.492349
        ]
      }
    },
    {
      "type": "Feature",
      "properties": {
        "P27_001": "27219",
        "P27_002": "3",
        "P27_003": "99999",
        "P27_004": "03106",
        "P27_005": "大阪市立信太山青少年野外活動センター",
        "P27_006": "伯太町3-12-86",
        "P27_007": 4,
        "P27_008": -99,
        "P27_009": 9999
      },
      "geometry": {
        "type": "Point",
        "coordinates": [
          135.445361,
          34.491996
        ]
      }
    },
    {
      "type": "Feature",
      "properties": {
        "P27_001": "27219",
        "P27_002": "3",
        "P27_003": "99999",
        "P27_004": "03109",
        "P27_005": "大阪市立信太山青少年野外活動センター",
        "P27_006": "伯太町3-12-86",
        "P27_007": 4,
        "P27_008": -99,
        "P27_009": 9999
      },
      "geometry": {
        "type": "Point",
        "coordinates": [
          135.446306,
          34.491928
        ]
      }
    },
    {
      "type": "Feature",
      "properties": {
        "P27_001": "27121",
        "P27_002": "3",
        "P27_003": "99999",
        "P27_004": "03118",
        "P27_005": "長居相撲場",
        "P27_006": "長居公園1-1（長居公園内）",
        "P27_007": 4,
        "P27_008": -99,
        "P27_009": 9999
      },
      "geometry": {
        "type": "Point",
        "coordinates": [
          135.517197,
          34.611843
        ]
      }
    },
    {
      "type": "Feature",
      "properties": {
        "P27_001": "27128",
        "P27_002": "3",
        "P27_003": "99999",
        "P27_004": "03121",
        "P27_005": "大阪城弓道場",
        "P27_006": "大阪城3-4",
        "P27_007": 4,
        "P27_008": -99,
        "P27_009": 9999
      },
      "geometry": {
        "type": "Point",
        "coordinates": [
          135.533576,
          34.686317
        ]
      }
    },
    {
      "type": "Feature",
      "properties": {
        "P27_001": "27128",
        "P27_002": "3",
        "P27_003": "99999",
        "P27_004": "03110",
        "P27_005": "大阪市立修道館",
        "P27_006": "大阪城2-1",
        "P27_007": 4,
        "P27_008": -99,
        "P27_009": 9999
      },
      "geometry": {
        "type": "Point",
        "coordinates": [
          135.524978,
          34.684452
        ]
      }
    },
    {
      "type": "Feature",
      "properties": {
        "P27_001": "27128",
        "P27_002": "3",
        "P27_003": "99999",
        "P27_004": "03111",
        "P27_005": "大阪市立修道館",
        "P27_006": "大阪城2-1",
        "P27_007": 4,
        "P27_008": -99,
        "P27_009": 9999
      },
      "geometry": {
        "type": "Point",
        "coordinates": [
          135.524984,
          34.68431
        ]
      }
    },
    {
      "type": "Feature",
      "properties": {
        "P27_001": "27104",
        "P27_002": "3",
        "P27_003": "99999",
        "P27_004": "03105",
        "P27_005": "大阪市舞洲障害者スポーツセンター（アミティ舞洲）",
        "P27_006": "北港白津2-1-46",
        "P27_007": 4,
        "P27_008": -99,
        "P27_009": 9999
      },
      "geometry": {
        "type": "Point",
        "coordinates": [
          135.407867,
          34.668136
        ]
      }
    },
    {
      "type": "Feature",
      "properties": {
        "P27_001": "27104",
        "P27_002": "3",
        "P27_003": "99999",
        "P27_004": "03120",
        "P27_005": "大阪市舞洲障害者スポーツセンター（アミティ舞洲）",
        "P27_006": "北港白津2-1-46",
        "P27_007": 4,
        "P27_008": -99,
        "P27_009": 9999
      },
      "geometry": {
        "type": "Point",
        "coordinates": [
          135.407872,
          34.668048
        ]
      }
    },
    {
      "type": "Feature",
      "properties": {
        "P27_001": "27104",
        "P27_002": "3",
        "P27_003": "99999",
        "P27_004": "03136",
        "P27_005": "大阪市舞洲障害者スポーツセンター（アミティ舞洲）",
        "P27_006": "北港白津2-1-46",
        "P27_007": 4,
        "P27_008": -99,
        "P27_009": 9999
      },
      "geometry": {
        "type": "Point",
        "coordinates": [
          135.407872,
          34.66796
        ]
      }
    },
    {
      "type": "Feature",
      "properties": {
        "P27_001": "27104",
        "P27_002": "3",
        "P27_003": "99999",
        "P27_004": "03109",
        "P27_005": "大阪市舞洲障害者スポーツセンター（アミティ舞洲）",
        "P27_006": "北港白津2-1-46",
        "P27_007": 4,
        "P27_008": -99,
        "P27_009": 9999
      },
      "geometry": {
        "type": "Point",
        "coordinates": [
          135.407872,
          34.667872
        ]
      }
    },
    {
      "type": "Feature",
      "properties": {
        "P27_001": "27104",
        "P27_002": "3",
        "P27_003": "99999",
        "P27_004": "03129",
        "P27_005": "大阪市舞洲障害者スポーツセンター（アミティ舞洲）",
        "P27_006": "北港白津2-1-46",
        "P27_007": 4,
        "P27_008": -99,
        "P27_009": 9999
      },
      "geometry": {
        "type": "Point",
        "coordinates": [
          135.407872,
          34.667784
        ]
      }
    },
    {
      "type": "Feature",
      "properties": {
        "P27_001": "27121",
        "P27_002": "3",
        "P27_003": "99999",
        "P27_004": "03105",
        "P27_005": "大阪市長居障害者スポーツセンター",
        "P27_006": "長居公園1-32",
        "P27_007": 4,
        "P27_008": -99,
        "P27_009": 9999
      },
      "geometry": {
        "type": "Point",
        "coordinates": [
          135.514755,
          34.612867
        ]
      }
    },
    {
      "type": "Feature",
      "properties": {
        "P27_001": "27121",
        "P27_002": "3",
        "P27_003": "99999",
        "P27_004": "03120",
        "P27_005": "大阪市長居障害者スポーツセンター",
        "P27_006": "長居公園1-32",
        "P27_007": 4,
        "P27_008": -99,
        "P27_009": 9999
      },
      "geometry": {
        "type": "Point",
        "coordinates": [
          135.514749,
          34.612788
        ]
      }
    },
    {
      "type": "Feature",
      "properties": {
        "P27_001": "27121",
        "P27_002": "3",
        "P27_003": "99999",
        "P27_004": "03136",
        "P27_005": "大阪市長居障害者スポーツセンター",
        "P27_006": "長居公園1-32",
        "P27_007": 4,
        "P27_008": -99,
        "P27_009": 9999
      },
      "geometry": {
        "type": "Point",
        "coordinates": [
          135.514755,
          34.61271
        ]
      }
    },
    {
      "type": "Feature",
      "properties": {
        "P27_001": "27121",
        "P27_002": "3",
        "P27_003": "99999",
        "P27_004": "03109",
        "P27_005": "大阪市長居障害者スポーツセンター",
        "P27_006": "長居公園1-32",
        "P27_007": 4,
        "P27_008": -99,
        "P27_009": 9999
      },
      "geometry": {
        "type": "Point",
        "coordinates": [
          135.514749,
          34.612632
        ]
      }
    },
    {
      "type": "Feature",
      "properties": {
        "P27_001": "27121",
        "P27_002": "3",
        "P27_003": "99999",
        "P27_004": "03129",
        "P27_005": "大阪市長居障害者スポーツセンター",
        "P27_006": "長居公園1-32",
        "P27_007": 4,
        "P27_008": -99,
        "P27_009": 9999
      },
      "geometry": {
        "type": "Point",
        "coordinates": [
          135.514749,
          34.612549
        ]
      }
    },
    {
      "type": "Feature",
      "properties": {
        "P27_001": "27122",
        "P27_002": "3",
        "P27_003": "99999",
        "P27_004": "03109",
        "P27_005": "大阪市立西成スポーツセンター",
        "P27_006": "玉出東1-6-1",
        "P27_007": 4,
        "P27_008": -99,
        "P27_009": 9999
      },
      "geometry": {
        "type": "Point",
        "coordinates": [
          135.495805,
          34.628078
        ]
      }
    },
    {
      "type": "Feature",
      "properties": {
        "P27_001": "27122",
        "P27_002": "3",
        "P27_003": "99999",
        "P27_004": "03116",
        "P27_005": "大阪市立西成スポーツセンター",
        "P27_006": "玉出東1-6-1",
        "P27_007": 4,
        "P27_008": -99,
        "P27_009": 9999
      },
      "geometry": {
        "type": "Point",
        "coordinates": [
          135.495805,
          34.628039
        ]
      }
    },
    {
      "type": "Feature",
      "properties": {
        "P27_001": "27122",
        "P27_002": "3",
        "P27_003": "99999",
        "P27_004": "03120",
        "P27_005": "大阪市立西成スポーツセンター",
        "P27_006": "玉出東1-6-1",
        "P27_007": 4,
        "P27_008": -99,
        "P27_009": 9999
      },
      "geometry": {
        "type": "Point",
        "coordinates": [
          135.495805,
          34.628
        ]
      }
    },
    {
      "type": "Feature",
      "properties": {
        "P27_001": "27122",
        "P27_002": "3",
        "P27_003": "99999",
        "P27_004": "03110",
        "P27_005": "大阪市立西成スポーツセンター",
        "P27_006": "玉出東1-6-1",
        "P27_007": 4,
        "P27_008": -99,
        "P27_009": 9999
      },
      "geometry": {
        "type": "Point",
        "coordinates": [
          135.495805,
          34.62796
        ]
      }
    },
    {
      "type": "Feature",
      "properties": {
        "P27_001": "27122",
        "P27_002": "3",
        "P27_003": "99999",
        "P27_004": "03111",
        "P27_005": "大阪市立西成スポーツセンター",
        "P27_006": "玉出東1-6-1",
        "P27_007": 4,
        "P27_008": -99,
        "P27_009": 9999
      },
      "geometry": {
        "type": "Point",
        "coordinates": [
          135.495808,
          34.627921
        ]
      }
    },
    {
      "type": "Feature",
      "properties": {
        "P27_001": "27122",
        "P27_002": "3",
        "P27_003": "99999",
        "P27_004": "03132",
        "P27_005": "大阪市立西成スポーツセンター",
        "P27_006": "玉出東1-6-1",
        "P27_007": 4,
        "P27_008": -99,
        "P27_009": 9999
      },
      "geometry": {
        "type": "Point",
        "coordinates": [
          135.495808,
          34.627882
        ]
      }
    },
    {
      "type": "Feature",
      "properties": {
        "P27_001": "27104",
        "P27_002": "3",
        "P27_003": "99999",
        "P27_004": "03109",
        "P27_005": "舞洲体育館",
        "P27_006": "北港緑地2-2-15",
        "P27_007": 4,
        "P27_008": -99,
        "P27_009": 9999
      },
      "geometry": {
        "type": "Point",
        "coordinates": [
          135.397657,
          34.66567
        ]
      }
    },
    {
      "type": "Feature",
      "properties": {
        "P27_001": "27104",
        "P27_002": "3",
        "P27_003": "99999",
        "P27_004": "03116",
        "P27_005": "舞洲体育館",
        "P27_006": "北港緑地2-2-15",
        "P27_007": 4,
        "P27_008": -99,
        "P27_009": 9999
      },
      "geometry": {
        "type": "Point",
        "coordinates": [
          135.397663,
          34.665592
        ]
      }
    },
    {
      "type": "Feature",
      "properties": {
        "P27_001": "27104",
        "P27_002": "3",
        "P27_003": "99999",
        "P27_004": "03120",
        "P27_005": "舞洲体育館",
        "P27_006": "北港緑地2-2-15",
        "P27_007": 4,
        "P27_008": -99,
        "P27_009": 9999
      },
      "geometry": {
        "type": "Point",
        "coordinates": [
          135.397663,
          34.665504
        ]
      }
    },
    {
      "type": "Feature",
      "properties": {
        "P27_001": "27107",
        "P27_002": "3",
        "P27_003": "99999",
        "P27_004": "03109",
        "P27_005": "大阪市立港スポーツセンター",
        "P27_006": "田中3-1-128",
        "P27_007": 4,
        "P27_008": -99,
        "P27_009": 9999
      },
      "geometry": {
        "type": "Point",
        "coordinates": [
          135.445743,
          34.662026
        ]
      }
    },
    {
      "type": "Feature",
      "properties": {
        "P27_001": "27107",
        "P27_002": "3",
        "P27_003": "99999",
        "P27_004": "03116",
        "P27_005": "大阪市立港スポーツセンター",
        "P27_006": "田中3-1-128",
        "P27_007": 4,
        "P27_008": -99,
        "P27_009": 9999
      },
      "geometry": {
        "type": "Point",
        "coordinates": [
          135.445743,
          34.661952
        ]
      }
    },
    {
      "type": "Feature",
      "properties": {
        "P27_001": "27107",
        "P27_002": "3",
        "P27_003": "99999",
        "P27_004": "03120",
        "P27_005": "大阪市立港スポーツセンター",
        "P27_006": "田中3-1-128",
        "P27_007": 4,
        "P27_008": -99,
        "P27_009": 9999
      },
      "geometry": {
        "type": "Point",
        "coordinates": [
          135.445737,
          34.661874
        ]
      }
    },
    {
      "type": "Feature",
      "properties": {
        "P27_001": "27107",
        "P27_002": "3",
        "P27_003": "99999",
        "P27_004": "03132",
        "P27_005": "大阪市立港スポーツセンター",
        "P27_006": "田中3-1-128",
        "P27_007": 4,
        "P27_008": -99,
        "P27_009": 9999
      },
      "geometry": {
        "type": "Point",
        "coordinates": [
          135.445737,
          34.661801
        ]
      }
    },
    {
      "type": "Feature",
      "properties": {
        "P27_001": "27102",
        "P27_002": "3",
        "P27_003": "99999",
        "P27_004": "03109",
        "P27_005": "大阪市立都島スポーツセンター",
        "P27_006": "中野町5-15-21",
        "P27_007": 4,
        "P27_008": -99,
        "P27_009": 9999
      },
      "geometry": {
        "type": "Point",
        "coordinates": [
          135.522429,
          34.708108
        ]
      }
    },
    {
      "type": "Feature",
      "properties": {
        "P27_001": "27102",
        "P27_002": "3",
        "P27_003": "99999",
        "P27_004": "03116",
        "P27_005": "大阪市立都島スポーツセンター",
        "P27_006": "中野町5-15-21",
        "P27_007": 4,
        "P27_008": -99,
        "P27_009": 9999
      },
      "geometry": {
        "type": "Point",
        "coordinates": [
          135.522429,
          34.708066
        ]
      }
    },
    {
      "type": "Feature",
      "properties": {
        "P27_001": "27102",
        "P27_002": "3",
        "P27_003": "99999",
        "P27_004": "03120",
        "P27_005": "大阪市立都島スポーツセンター",
        "P27_006": "中野町5-15-21",
        "P27_007": 4,
        "P27_008": -99,
        "P27_009": 9999
      },
      "geometry": {
        "type": "Point",
        "coordinates": [
          135.522426,
          34.708022
        ]
      }
    },
    {
      "type": "Feature",
      "properties": {
        "P27_001": "27102",
        "P27_002": "3",
        "P27_003": "99999",
        "P27_004": "03110",
        "P27_005": "大阪市立都島スポーツセンター",
        "P27_006": "中野町5-15-21",
        "P27_007": 4,
        "P27_008": -99,
        "P27_009": 9999
      },
      "geometry": {
        "type": "Point",
        "coordinates": [
          135.522426,
          34.707978
        ]
      }
    },
    {
      "type": "Feature",
      "properties": {
        "P27_001": "27102",
        "P27_002": "3",
        "P27_003": "99999",
        "P27_004": "03111",
        "P27_005": "大阪市立都島スポーツセンター",
        "P27_006": "中野町5-15-21",
        "P27_007": 4,
        "P27_008": -99,
        "P27_009": 9999
      },
      "geometry": {
        "type": "Point",
        "coordinates": [
          135.522426,
          34.707937
        ]
      }
    },
    {
      "type": "Feature",
      "properties": {
        "P27_001": "27102",
        "P27_002": "3",
        "P27_003": "99999",
        "P27_004": "03132",
        "P27_005": "大阪市立都島スポーツセンター",
        "P27_006": "中野町5-15-21",
        "P27_007": 4,
        "P27_008": -99,
        "P27_009": 9999
      },
      "geometry": {
        "type": "Point",
        "coordinates": [
          135.522421,
          34.70789
        ]
      }
    },
    {
      "type": "Feature",
      "properties": {
        "P27_001": "27123",
        "P27_002": "3",
        "P27_003": "99999",
        "P27_004": "03109",
        "P27_005": "大阪市立淀川スポーツセンター",
        "P27_006": "西宮原2-1-3（ソーラ新大阪21内）",
        "P27_007": 4,
        "P27_008": -99,
        "P27_009": 9999
      },
      "geometry": {
        "type": "Point",
        "coordinates": [
          135.494024,
          34.73482
        ]
      }
    },
    {
      "type": "Feature",
      "properties": {
        "P27_001": "27123",
        "P27_002": "3",
        "P27_003": "99999",
        "P27_004": "03116",
        "P27_005": "大阪市立淀川スポーツセンター",
        "P27_006": "西宮原2-1-3（ソーラ新大阪21内）",
        "P27_007": 4,
        "P27_008": -99,
        "P27_009": 9999
      },
      "geometry": {
        "type": "Point",
        "coordinates": [
          135.494024,
          34.734737
        ]
      }
    },
    {
      "type": "Feature",
      "properties": {
        "P27_001": "27123",
        "P27_002": "3",
        "P27_003": "99999",
        "P27_004": "03120",
        "P27_005": "大阪市立淀川スポーツセンター",
        "P27_006": "西宮原2-1-3（ソーラ新大阪21内）",
        "P27_007": 4,
        "P27_008": -99,
        "P27_009": 9999
      },
      "geometry": {
        "type": "Point",
        "coordinates": [
          135.494018,
          34.734654
        ]
      }
    },
    {
      "type": "Feature",
      "properties": {
        "P27_001": "27123",
        "P27_002": "3",
        "P27_003": "99999",
        "P27_004": "03110",
        "P27_005": "大阪市立淀川スポーツセンター",
        "P27_006": "西宮原2-1-3（ソーラ新大阪21内）",
        "P27_007": 4,
        "P27_008": -99,
        "P27_009": 9999
      },
      "geometry": {
        "type": "Point",
        "coordinates": [
          135.494018,
          34.734576
        ]
      }
    },
    {
      "type": "Feature",
      "properties": {
        "P27_001": "27123",
        "P27_002": "3",
        "P27_003": "99999",
        "P27_004": "03111",
        "P27_005": "大阪市立淀川スポーツセンター",
        "P27_006": "西宮原2-1-3（ソーラ新大阪21内）",
        "P27_007": 4,
        "P27_008": -99,
        "P27_009": 9999
      },
      "geometry": {
        "type": "Point",
        "coordinates": [
          135.494006,
          34.734493
        ]
      }
    },
    {
      "type": "Feature",
      "properties": {
        "P27_001": "27123",
        "P27_002": "3",
        "P27_003": "99999",
        "P27_004": "03132",
        "P27_005": "大阪市立淀川スポーツセンター",
        "P27_006": "西宮原2-1-3（ソーラ新大阪21内）",
        "P27_007": 4,
        "P27_008": -99,
        "P27_009": 9999
      },
      "geometry": {
        "type": "Point",
        "coordinates": [
          135.494012,
          34.734414
        ]
      }
    },
    {
      "type": "Feature",
      "properties": {
        "P27_001": "27121",
        "P27_002": "3",
        "P27_003": "99999",
        "P27_004": "03109",
        "P27_005": "大阪市立東住吉スポーツセンター",
        "P27_006": "公園南矢田4-30-3",
        "P27_007": 4,
        "P27_008": -99,
        "P27_009": 9999
      },
      "geometry": {
        "type": "Point",
        "coordinates": [
          135.526263,
          34.598897
        ]
      }
    },
    {
      "type": "Feature",
      "properties": {
        "P27_001": "27121",
        "P27_002": "3",
        "P27_003": "99999",
        "P27_004": "03116",
        "P27_005": "大阪市立東住吉スポーツセンター",
        "P27_006": "公園南矢田4-30-3",
        "P27_007": 4,
        "P27_008": -99,
        "P27_009": 9999
      },
      "geometry": {
        "type": "Point",
        "coordinates": [
          135.526269,
          34.598824
        ]
      }
    },
    {
      "type": "Feature",
      "properties": {
        "P27_001": "27121",
        "P27_002": "3",
        "P27_003": "99999",
        "P27_004": "03120",
        "P27_005": "大阪市立東住吉スポーツセンター",
        "P27_006": "公園南矢田4-30-3",
        "P27_007": 4,
        "P27_008": -99,
        "P27_009": 9999
      },
      "geometry": {
        "type": "Point",
        "coordinates": [
          135.526269,
          34.598751
        ]
      }
    },
    {
      "type": "Feature",
      "properties": {
        "P27_001": "27121",
        "P27_002": "3",
        "P27_003": "99999",
        "P27_004": "03110",
        "P27_005": "大阪市立東住吉スポーツセンター",
        "P27_006": "公園南矢田4-30-3",
        "P27_007": 4,
        "P27_008": -99,
        "P27_009": 9999
      },
      "geometry": {
        "type": "Point",
        "coordinates": [
          135.526263,
          34.598672
        ]
      }
    },
    {
      "type": "Feature",
      "properties": {
        "P27_001": "27121",
        "P27_002": "3",
        "P27_003": "99999",
        "P27_004": "03111",
        "P27_005": "大阪市立東住吉スポーツセンター",
        "P27_006": "公園南矢田4-30-3",
        "P27_007": 4,
        "P27_008": -99,
        "P27_009": 9999
      },
      "geometry": {
        "type": "Point",
        "coordinates": [
          135.526275,
          34.598599
        ]
      }
    },
    {
      "type": "Feature",
      "properties": {
        "P27_001": "27121",
        "P27_002": "3",
        "P27_003": "99999",
        "P27_004": "03132",
        "P27_005": "大阪市立東住吉スポーツセンター",
        "P27_006": "公園南矢田4-30-3",
        "P27_007": 4,
        "P27_008": -99,
        "P27_009": 9999
      },
      "geometry": {
        "type": "Point",
        "coordinates": [
          135.526275,
          34.598516
        ]
      }
    },
    {
      "type": "Feature",
      "properties": {
        "P27_001": "27117",
        "P27_002": "3",
        "P27_003": "99999",
        "P27_004": "03109",
        "P27_005": "大阪市立旭スポーツセンター",
        "P27_006": "高殿5-3-25",
        "P27_007": 4,
        "P27_008": -99,
        "P27_009": 9999
      },
      "geometry": {
        "type": "Point",
        "coordinates": [
          135.540816,
          34.716956
        ]
      }
    },
    {
      "type": "Feature",
      "properties": {
        "P27_001": "27117",
        "P27_002": "3",
        "P27_003": "99999",
        "P27_004": "03116",
        "P27_005": "大阪市立旭スポーツセンター",
        "P27_006": "高殿5-3-25",
        "P27_007": 4,
        "P27_008": -99,
        "P27_009": 9999
      },
      "geometry": {
        "type": "Point",
        "coordinates": [
          135.540816,
          34.716935
        ]
      }
    },
    {
      "type": "Feature",
      "properties": {
        "P27_001": "27117",
        "P27_002": "3",
        "P27_003": "99999",
        "P27_004": "03120",
        "P27_005": "大阪市立旭スポーツセンター",
        "P27_006": "高殿5-3-25",
        "P27_007": 4,
        "P27_008": -99,
        "P27_009": 9999
      },
      "geometry": {
        "type": "Point",
        "coordinates": [
          135.540816,
          34.716913
        ]
      }
    },
    {
      "type": "Feature",
      "properties": {
        "P27_001": "27117",
        "P27_002": "3",
        "P27_003": "99999",
        "P27_004": "03110",
        "P27_005": "大阪市立旭スポーツセンター",
        "P27_006": "高殿5-3-25",
        "P27_007": 4,
        "P27_008": -99,
        "P27_009": 9999
      },
      "geometry": {
        "type": "Point",
        "coordinates": [
          135.540813,
          34.71689
        ]
      }
    },
    {
      "type": "Feature",
      "properties": {
        "P27_001": "27117",
        "P27_002": "3",
        "P27_003": "99999",
        "P27_004": "03111",
        "P27_005": "大阪市立旭スポーツセンター",
        "P27_006": "高殿5-3-25",
        "P27_007": 4,
        "P27_008": -99,
        "P27_009": 9999
      },
      "geometry": {
        "type": "Point",
        "coordinates": [
          135.540813,
          34.716868
        ]
      }
    },
    {
      "type": "Feature",
      "properties": {
        "P27_001": "27117",
        "P27_002": "3",
        "P27_003": "99999",
        "P27_004": "03132",
        "P27_005": "大阪市立旭スポーツセンター",
        "P27_006": "高殿5-3-25",
        "P27_007": 4,
        "P27_008": -99,
        "P27_009": 9999
      },
      "geometry": {
        "type": "Point",
        "coordinates": [
          135.540815,
          34.716846
        ]
      }
    },
    {
      "type": "Feature",
      "properties": {
        "P27_001": "27114",
        "P27_002": "3",
        "P27_003": "99999",
        "P27_004": "03109",
        "P27_005": "大阪市立東淀川スポーツセンター",
        "P27_006": "東淡路1-4-21",
        "P27_007": 4,
        "P27_008": -99,
        "P27_009": 9999
      },
      "geometry": {
        "type": "Point",
        "coordinates": [
          135.519531,
          34.734488
        ]
      }
    },
    {
      "type": "Feature",
      "properties": {
        "P27_001": "27114",
        "P27_002": "3",
        "P27_003": "99999",
        "P27_004": "03116",
        "P27_005": "大阪市立東淀川スポーツセンター",
        "P27_006": "東淡路1-4-21",
        "P27_007": 4,
        "P27_008": -99,
        "P27_009": 9999
      },
      "geometry": {
        "type": "Point",
        "coordinates": [
          135.519531,
          34.734445
        ]
      }
    },
    {
      "type": "Feature",
      "properties": {
        "P27_001": "27114",
        "P27_002": "3",
        "P27_003": "99999",
        "P27_004": "03120",
        "P27_005": "大阪市立東淀川スポーツセンター",
        "P27_006": "東淡路1-4-21",
        "P27_007": 4,
        "P27_008": -99,
        "P27_009": 9999
      },
      "geometry": {
        "type": "Point",
        "coordinates": [
          135.519525,
          34.734391
        ]
      }
    },
    {
      "type": "Feature",
      "properties": {
        "P27_001": "27114",
        "P27_002": "3",
        "P27_003": "99999",
        "P27_004": "03110",
        "P27_005": "大阪市立東淀川スポーツセンター",
        "P27_006": "東淡路1-4-21",
        "P27_007": 4,
        "P27_008": -99,
        "P27_009": 9999
      },
      "geometry": {
        "type": "Point",
        "coordinates": [
          135.519528,
          34.734344
        ]
      }
    },
    {
      "type": "Feature",
      "properties": {
        "P27_001": "27114",
        "P27_002": "3",
        "P27_003": "99999",
        "P27_004": "03111",
        "P27_005": "大阪市立東淀川スポーツセンター",
        "P27_006": "東淡路1-4-21",
        "P27_007": 4,
        "P27_008": -99,
        "P27_009": 9999
      },
      "geometry": {
        "type": "Point",
        "coordinates": [
          135.519528,
          34.7343
        ]
      }
    },
    {
      "type": "Feature",
      "properties": {
        "P27_001": "27114",
        "P27_002": "3",
        "P27_003": "99999",
        "P27_004": "03132",
        "P27_005": "大阪市立東淀川スポーツセンター",
        "P27_006": "東淡路1-4-21",
        "P27_007": 4,
        "P27_008": -99,
        "P27_009": 9999
      },
      "geometry": {
        "type": "Point",
        "coordinates": [
          135.519531,
          34.734247
        ]
      }
    },
    {
      "type": "Feature",
      "properties": {
        "P27_001": "27118",
        "P27_002": "3",
        "P27_003": "99999",
        "P27_004": "03109",
        "P27_005": "大阪市立城東スポーツセンター",
        "P27_006": "鴨野西2-1-21",
        "P27_007": 4,
        "P27_008": -99,
        "P27_009": 9999
      },
      "geometry": {
        "type": "Point",
        "coordinates": [
          135.536297,
          34.691819
        ]
      }
    },
    {
      "type": "Feature",
      "properties": {
        "P27_001": "27118",
        "P27_002": "3",
        "P27_003": "99999",
        "P27_004": "03116",
        "P27_005": "大阪市立城東スポーツセンター",
        "P27_006": "鴨野西2-1-21",
        "P27_007": 4,
        "P27_008": -99,
        "P27_009": 9999
      },
      "geometry": {
        "type": "Point",
        "coordinates": [
          135.536297,
          34.691751
        ]
      }
    },
    {
      "type": "Feature",
      "properties": {
        "P27_001": "27118",
        "P27_002": "3",
        "P27_003": "99999",
        "P27_004": "03120",
        "P27_005": "大阪市立城東スポーツセンター",
        "P27_006": "鴨野西2-1-21",
        "P27_007": 4,
        "P27_008": -99,
        "P27_009": 9999
      },
      "geometry": {
        "type": "Point",
        "coordinates": [
          135.536303,
          34.691672
        ]
      }
    },
    {
      "type": "Feature",
      "properties": {
        "P27_001": "27118",
        "P27_002": "3",
        "P27_003": "99999",
        "P27_004": "03110",
        "P27_005": "大阪市立城東スポーツセンター",
        "P27_006": "鴨野西2-1-21",
        "P27_007": 4,
        "P27_008": -99,
        "P27_009": 9999
      },
      "geometry": {
        "type": "Point",
        "coordinates": [
          135.536303,
          34.691594
        ]
      }
    },
    {
      "type": "Feature",
      "properties": {
        "P27_001": "27118",
        "P27_002": "3",
        "P27_003": "99999",
        "P27_004": "03111",
        "P27_005": "大阪市立城東スポーツセンター",
        "P27_006": "鴨野西2-1-21",
        "P27_007": 4,
        "P27_008": -99,
        "P27_009": 9999
      },
      "geometry": {
        "type": "Point",
        "coordinates": [
          135.536303,
          34.691506
        ]
      }
    },
    {
      "type": "Feature",
      "properties": {
        "P27_001": "27118",
        "P27_002": "3",
        "P27_003": "99999",
        "P27_004": "03132",
        "P27_005": "大阪市立城東スポーツセンター",
        "P27_006": "鴨野西2-1-21",
        "P27_007": 4,
        "P27_008": -99,
        "P27_009": 9999
      },
      "geometry": {
        "type": "Point",
        "coordinates": [
          135.536303,
          34.691433
        ]
      }
    },
    {
      "type": "Feature",
      "properties": {
        "P27_001": "27124",
        "P27_002": "3",
        "P27_003": "99999",
        "P27_004": "03109",
        "P27_005": "大阪市立鶴見スポーツセンター",
        "P27_006": "鶴見緑地公園（鶴見緑地内）",
        "P27_007": 4,
        "P27_008": -99,
        "P27_009": 9999
      },
      "geometry": {
        "type": "Point",
        "coordinates": [
          135.577225,
          34.710845
        ]
      }
    },
    {
      "type": "Feature",
      "properties": {
        "P27_001": "27124",
        "P27_002": "3",
        "P27_003": "99999",
        "P27_004": "03116",
        "P27_005": "大阪市立鶴見スポーツセンター",
        "P27_006": "鶴見緑地公園（鶴見緑地内）",
        "P27_007": 4,
        "P27_008": -99,
        "P27_009": 9999
      },
      "geometry": {
        "type": "Point",
        "coordinates": [
          135.577219,
          34.710762
        ]
      }
    },
    {
      "type": "Feature",
      "properties": {
        "P27_001": "27124",
        "P27_002": "3",
        "P27_003": "99999",
        "P27_004": "03120",
        "P27_005": "大阪市立鶴見スポーツセンター",
        "P27_006": "鶴見緑地公園（鶴見緑地内）",
        "P27_007": 4,
        "P27_008": -99,
        "P27_009": 9999
      },
      "geometry": {
        "type": "Point",
        "coordinates": [
          135.577219,
          34.710674
        ]
      }
    },
    {
      "type": "Feature",
      "properties": {
        "P27_001": "27124",
        "P27_002": "3",
        "P27_003": "99999",
        "P27_004": "03110",
        "P27_005": "大阪市立鶴見スポーツセンター",
        "P27_006": "鶴見緑地公園（鶴見緑地内）",
        "P27_007": 4,
        "P27_008": -99,
        "P27_009": 9999
      },
      "geometry": {
        "type": "Point",
        "coordinates": [
          135.577219,
          34.710586
        ]
      }
    },
    {
      "type": "Feature",
      "properties": {
        "P27_001": "27124",
        "P27_002": "3",
        "P27_003": "99999",
        "P27_004": "03111",
        "P27_005": "大阪市立鶴見スポーツセンター",
        "P27_006": "鶴見緑地公園（鶴見緑地内）",
        "P27_007": 4,
        "P27_008": -99,
        "P27_009": 9999
      },
      "geometry": {
        "type": "Point",
        "coordinates": [
          135.577219,
          34.710503
        ]
      }
    },
    {
      "type": "Feature",
      "properties": {
        "P27_001": "27124",
        "P27_002": "3",
        "P27_003": "99999",
        "P27_004": "03132",
        "P27_005": "大阪市立鶴見スポーツセンター",
        "P27_006": "鶴見緑地公園（鶴見緑地内）",
        "P27_007": 4,
        "P27_008": -99,
        "P27_009": 9999
      },
      "geometry": {
        "type": "Point",
        "coordinates": [
          135.577213,
          34.71042
        ]
      }
    },
    {
      "type": "Feature",
      "properties": {
        "P27_001": "27106",
        "P27_002": "3",
        "P27_003": "99999",
        "P27_004": "03109",
        "P27_005": "大阪市立西スポーツセンター",
        "P27_006": "立売堀4-10-18",
        "P27_007": 4,
        "P27_008": -99,
        "P27_009": 9999
      },
      "geometry": {
        "type": "Point",
        "coordinates": [
          135.487777,
          34.680823
        ]
      }
    },
    {
      "type": "Feature",
      "properties": {
        "P27_001": "27106",
        "P27_002": "3",
        "P27_003": "99999",
        "P27_004": "03116",
        "P27_005": "大阪市立西スポーツセンター",
        "P27_006": "立売堀4-10-18",
        "P27_007": 4,
        "P27_008": -99,
        "P27_009": 9999
      },
      "geometry": {
        "type": "Point",
        "coordinates": [
          135.487777,
          34.68075
        ]
      }
    },
    {
      "type": "Feature",
      "properties": {
        "P27_001": "27106",
        "P27_002": "3",
        "P27_003": "99999",
        "P27_004": "03120",
        "P27_005": "大阪市立西スポーツセンター",
        "P27_006": "立売堀4-10-18",
        "P27_007": 4,
        "P27_008": -99,
        "P27_009": 9999
      },
      "geometry": {
        "type": "Point",
        "coordinates": [
          135.487771,
          34.680682
        ]
      }
    },
    {
      "type": "Feature",
      "properties": {
        "P27_001": "27106",
        "P27_002": "3",
        "P27_003": "99999",
        "P27_004": "03110",
        "P27_005": "大阪市立西スポーツセンター",
        "P27_006": "立売堀4-10-18",
        "P27_007": 4,
        "P27_008": -99,
        "P27_009": 9999
      },
      "geometry": {
        "type": "Point",
        "coordinates": [
          135.487771,
          34.680608
        ]
      }
    },
    {
      "type": "Feature",
      "properties": {
        "P27_001": "27106",
        "P27_002": "3",
        "P27_003": "99999",
        "P27_004": "03111",
        "P27_005": "大阪市立西スポーツセンター",
        "P27_006": "立売堀4-10-18",
        "P27_007": 4,
        "P27_008": -99,
        "P27_009": 9999
      },
      "geometry": {
        "type": "Point",
        "coordinates": [
          135.487771,
          34.680535
        ]
      }
    },
    {
      "type": "Feature",
      "properties": {
        "P27_001": "27106",
        "P27_002": "3",
        "P27_003": "99999",
        "P27_004": "03132",
        "P27_005": "大阪市立西スポーツセンター",
        "P27_006": "立売堀4-10-18",
        "P27_007": 4,
        "P27_008": -99,
        "P27_009": 9999
      },
      "geometry": {
        "type": "Point",
        "coordinates": [
          135.487765,
          34.680462
        ]
      }
    },
    {
      "type": "Feature",
      "properties": {
        "P27_001": "27128",
        "P27_002": "3",
        "P27_003": "99999",
        "P27_004": "03109",
        "P27_005": "大阪市立中央スポーツセンター",
        "P27_006": "島之内町2-12-31（中央会館4階）",
        "P27_007": 4,
        "P27_008": -99,
        "P27_009": 9999
      },
      "geometry": {
        "type": "Point",
        "coordinates": [
          135.507963,
          34.671632
        ]
      }
    },
    {
      "type": "Feature",
      "properties": {
        "P27_001": "27128",
        "P27_002": "3",
        "P27_003": "99999",
        "P27_004": "03116",
        "P27_005": "大阪市立中央スポーツセンター",
        "P27_006": "島之内町2-12-31（中央会館4階）",
        "P27_007": 4,
        "P27_008": -99,
        "P27_009": 9999
      },
      "geometry": {
        "type": "Point",
        "coordinates": [
          135.507963,
          34.671591
        ]
      }
    },
    {
      "type": "Feature",
      "properties": {
        "P27_001": "27128",
        "P27_002": "3",
        "P27_003": "99999",
        "P27_004": "03120",
        "P27_005": "大阪市立中央スポーツセンター",
        "P27_006": "島之内町2-12-31（中央会館4階）",
        "P27_007": 4,
        "P27_008": -99,
        "P27_009": 9999
      },
      "geometry": {
        "type": "Point",
        "coordinates": [
          135.50796,
          34.671549
        ]
      }
    },
    {
      "type": "Feature",
      "properties": {
        "P27_001": "27128",
        "P27_002": "3",
        "P27_003": "99999",
        "P27_004": "03110",
        "P27_005": "大阪市立中央スポーツセンター",
        "P27_006": "島之内町2-12-31（中央会館4階）",
        "P27_007": 4,
        "P27_008": -99,
        "P27_009": 9999
      },
      "geometry": {
        "type": "Point",
        "coordinates": [
          135.50796,
          34.671507
        ]
      }
    },
    {
      "type": "Feature",
      "properties": {
        "P27_001": "27128",
        "P27_002": "3",
        "P27_003": "99999",
        "P27_004": "03111",
        "P27_005": "大阪市立中央スポーツセンター",
        "P27_006": "島之内町2-12-31（中央会館4階）",
        "P27_007": 4,
        "P27_008": -99,
        "P27_009": 9999
      },
      "geometry": {
        "type": "Point",
        "coordinates": [
          135.50796,
          34.671463
        ]
      }
    },
    {
      "type": "Feature",
      "properties": {
        "P27_001": "27127",
        "P27_002": "3",
        "P27_003": "99999",
        "P27_004": "03109",
        "P27_005": "大阪市立北スポーツセンター",
        "P27_006": "中津3-4-27",
        "P27_007": 4,
        "P27_008": -99,
        "P27_009": 9999
      },
      "geometry": {
        "type": "Point",
        "coordinates": [
          135.49265,
          34.710453
        ]
      }
    },
    {
      "type": "Feature",
      "properties": {
        "P27_001": "27127",
        "P27_002": "3",
        "P27_003": "99999",
        "P27_004": "03116",
        "P27_005": "大阪市立北スポーツセンター",
        "P27_006": "中津3-4-27",
        "P27_007": 4,
        "P27_008": -99,
        "P27_009": 9999
      },
      "geometry": {
        "type": "Point",
        "coordinates": [
          135.49265,
          34.710411
        ]
      }
    },
    {
      "type": "Feature",
      "properties": {
        "P27_001": "27127",
        "P27_002": "3",
        "P27_003": "99999",
        "P27_004": "03120",
        "P27_005": "大阪市立北スポーツセンター",
        "P27_006": "中津3-4-27",
        "P27_007": 4,
        "P27_008": -99,
        "P27_009": 9999
      },
      "geometry": {
        "type": "Point",
        "coordinates": [
          135.492653,
          34.71037
        ]
      }
    },
    {
      "type": "Feature",
      "properties": {
        "P27_001": "27127",
        "P27_002": "3",
        "P27_003": "99999",
        "P27_004": "03110",
        "P27_005": "大阪市立北スポーツセンター",
        "P27_006": "中津3-4-27",
        "P27_007": 4,
        "P27_008": -99,
        "P27_009": 9999
      },
      "geometry": {
        "type": "Point",
        "coordinates": [
          135.492653,
          34.710331
        ]
      }
    },
    {
      "type": "Feature",
      "properties": {
        "P27_001": "27127",
        "P27_002": "3",
        "P27_003": "99999",
        "P27_004": "03111",
        "P27_005": "大阪市立北スポーツセンター",
        "P27_006": "中津3-4-27",
        "P27_007": 4,
        "P27_008": -99,
        "P27_009": 9999
      },
      "geometry": {
        "type": "Point",
        "coordinates": [
          135.49265,
          34.710289
        ]
      }
    },
    {
      "type": "Feature",
      "properties": {
        "P27_001": "27127",
        "P27_002": "3",
        "P27_003": "99999",
        "P27_004": "03132",
        "P27_005": "大阪市立北スポーツセンター",
        "P27_006": "中津3-4-27",
        "P27_007": 4,
        "P27_008": -99,
        "P27_009": 9999
      },
      "geometry": {
        "type": "Point",
        "coordinates": [
          135.49265,
          34.710248
        ]
      }
    },
    {
      "type": "Feature",
      "properties": {
        "P27_001": "27125",
        "P27_002": "3",
        "P27_003": "99999",
        "P27_004": "03109",
        "P27_005": "大阪市立住之江スポーツセンター",
        "P27_006": "北加賀屋5-3-47",
        "P27_007": 4,
        "P27_008": -99,
        "P27_009": 9999
      },
      "geometry": {
        "type": "Point",
        "coordinates": [
          135.475502,
          34.62385
        ]
      }
    },
    {
      "type": "Feature",
      "properties": {
        "P27_001": "27125",
        "P27_002": "3",
        "P27_003": "99999",
        "P27_004": "03116",
        "P27_005": "大阪市立住之江スポーツセンター",
        "P27_006": "北加賀屋5-3-47",
        "P27_007": 4,
        "P27_008": -99,
        "P27_009": 9999
      },
      "geometry": {
        "type": "Point",
        "coordinates": [
          135.475502,
          34.623811
        ]
      }
    },
    {
      "type": "Feature",
      "properties": {
        "P27_001": "27125",
        "P27_002": "3",
        "P27_003": "99999",
        "P27_004": "03120",
        "P27_005": "大阪市立住之江スポーツセンター",
        "P27_006": "北加賀屋5-3-47",
        "P27_007": 4,
        "P27_008": -99,
        "P27_009": 9999
      },
      "geometry": {
        "type": "Point",
        "coordinates": [
          135.475505,
          34.623769
        ]
      }
    },
    {
      "type": "Feature",
      "properties": {
        "P27_001": "27125",
        "P27_002": "3",
        "P27_003": "99999",
        "P27_004": "03110",
        "P27_005": "大阪市立住之江スポーツセンター",
        "P27_006": "北加賀屋5-3-47",
        "P27_007": 4,
        "P27_008": -99,
        "P27_009": 9999
      },
      "geometry": {
        "type": "Point",
        "coordinates": [
          135.475505,
          34.62373
        ]
      }
    },
    {
      "type": "Feature",
      "properties": {
        "P27_001": "27125",
        "P27_002": "3",
        "P27_003": "99999",
        "P27_004": "03111",
        "P27_005": "大阪市立住之江スポーツセンター",
        "P27_006": "北加賀屋5-3-47",
        "P27_007": 4,
        "P27_008": -99,
        "P27_009": 9999
      },
      "geometry": {
        "type": "Point",
        "coordinates": [
          135.475505,
          34.623691
        ]
      }
    },
    {
      "type": "Feature",
      "properties": {
        "P27_001": "27104",
        "P27_002": "3",
        "P27_003": "99999",
        "P27_004": "03109",
        "P27_005": "大阪市立此花スポーツセンター",
        "P27_006": "西九条6-1-27",
        "P27_007": 4,
        "P27_008": -99,
        "P27_009": 9999
      },
      "geometry": {
        "type": "Point",
        "coordinates": [
          135.463118,
          34.681586
        ]
      }
    },
    {
      "type": "Feature",
      "properties": {
        "P27_001": "27104",
        "P27_002": "3",
        "P27_003": "99999",
        "P27_004": "03116",
        "P27_005": "大阪市立此花スポーツセンター",
        "P27_006": "西九条6-1-27",
        "P27_007": 4,
        "P27_008": -99,
        "P27_009": 9999
      },
      "geometry": {
        "type": "Point",
        "coordinates": [
          135.463118,
          34.681542
        ]
      }
    },
    {
      "type": "Feature",
      "properties": {
        "P27_001": "27104",
        "P27_002": "3",
        "P27_003": "99999",
        "P27_004": "03120",
        "P27_005": "大阪市立此花スポーツセンター",
        "P27_006": "西九条6-1-27",
        "P27_007": 4,
        "P27_008": -99,
        "P27_009": 9999
      },
      "geometry": {
        "type": "Point",
        "coordinates": [
          135.463121,
          34.681498
        ]
      }
    },
    {
      "type": "Feature",
      "properties": {
        "P27_001": "27104",
        "P27_002": "3",
        "P27_003": "99999",
        "P27_004": "03110",
        "P27_005": "大阪市立此花スポーツセンター",
        "P27_006": "西九条6-1-27",
        "P27_007": 4,
        "P27_008": -99,
        "P27_009": 9999
      },
      "geometry": {
        "type": "Point",
        "coordinates": [
          135.463118,
          34.681459
        ]
      }
    },
    {
      "type": "Feature",
      "properties": {
        "P27_001": "27104",
        "P27_002": "3",
        "P27_003": "99999",
        "P27_004": "03111",
        "P27_005": "大阪市立此花スポーツセンター",
        "P27_006": "西九条6-1-27",
        "P27_007": 4,
        "P27_008": -99,
        "P27_009": 9999
      },
      "geometry": {
        "type": "Point",
        "coordinates": [
          135.463118,
          34.68142
        ]
      }
    },
    {
      "type": "Feature",
      "properties": {
        "P27_001": "27104",
        "P27_002": "3",
        "P27_003": "99999",
        "P27_004": "03132",
        "P27_005": "大阪市立此花スポーツセンター",
        "P27_006": "西九条6-1-27",
        "P27_007": 4,
        "P27_008": -99,
        "P27_009": 9999
      },
      "geometry": {
        "type": "Point",
        "coordinates": [
          135.463115,
          34.681374
        ]
      }
    },
    {
      "type": "Feature",
      "properties": {
        "P27_001": "27103",
        "P27_002": "3",
        "P27_003": "99999",
        "P27_004": "03109",
        "P27_005": "大阪市立福島スポーツセンター",
        "P27_006": "吉野3-17-23",
        "P27_007": 4,
        "P27_008": -99,
        "P27_009": 9999
      },
      "geometry": {
        "type": "Point",
        "coordinates": [
          135.473119,
          34.691622
        ]
      }
    },
    {
      "type": "Feature",
      "properties": {
        "P27_001": "27103",
        "P27_002": "3",
        "P27_003": "99999",
        "P27_004": "03116",
        "P27_005": "大阪市立福島スポーツセンター",
        "P27_006": "吉野3-17-23",
        "P27_007": 4,
        "P27_008": -99,
        "P27_009": 9999
      },
      "geometry": {
        "type": "Point",
        "coordinates": [
          135.473119,
          34.691554
        ]
      }
    },
    {
      "type": "Feature",
      "properties": {
        "P27_001": "27103",
        "P27_002": "3",
        "P27_003": "99999",
        "P27_004": "03120",
        "P27_005": "大阪市立福島スポーツセンター",
        "P27_006": "吉野3-17-23",
        "P27_007": 4,
        "P27_008": -99,
        "P27_009": 9999
      },
      "geometry": {
        "type": "Point",
        "coordinates": [
          135.473125,
          34.691485
        ]
      }
    },
    {
      "type": "Feature",
      "properties": {
        "P27_001": "27109",
        "P27_002": "3",
        "P27_003": "99999",
        "P27_004": "03109",
        "P27_005": "大阪市立天王寺スポーツセンター",
        "P27_006": "真田山町5-109",
        "P27_007": 4,
        "P27_008": -99,
        "P27_009": 9999
      },
      "geometry": {
        "type": "Point",
        "coordinates": [
          135.528562,
          34.671018
        ]
      }
    },
    {
      "type": "Feature",
      "properties": {
        "P27_001": "27109",
        "P27_002": "3",
        "P27_003": "99999",
        "P27_004": "03116",
        "P27_005": "大阪市立天王寺スポーツセンター",
        "P27_006": "真田山町5-109",
        "P27_007": 4,
        "P27_008": -99,
        "P27_009": 9999
      },
      "geometry": {
        "type": "Point",
        "coordinates": [
          135.528561,
          34.670976
        ]
      }
    },
    {
      "type": "Feature",
      "properties": {
        "P27_001": "27109",
        "P27_002": "3",
        "P27_003": "99999",
        "P27_004": "03120",
        "P27_005": "大阪市立天王寺スポーツセンター",
        "P27_006": "真田山町5-109",
        "P27_007": 4,
        "P27_008": -99,
        "P27_009": 9999
      },
      "geometry": {
        "type": "Point",
        "coordinates": [
          135.528561,
          34.670935
        ]
      }
    },
    {
      "type": "Feature",
      "properties": {
        "P27_001": "27109",
        "P27_002": "3",
        "P27_003": "99999",
        "P27_004": "03110",
        "P27_005": "大阪市立天王寺スポーツセンター",
        "P27_006": "真田山町5-109",
        "P27_007": 4,
        "P27_008": -99,
        "P27_009": 9999
      },
      "geometry": {
        "type": "Point",
        "coordinates": [
          135.528562,
          34.670892
        ]
      }
    },
    {
      "type": "Feature",
      "properties": {
        "P27_001": "27109",
        "P27_002": "3",
        "P27_003": "99999",
        "P27_004": "03111",
        "P27_005": "大阪市立天王寺スポーツセンター",
        "P27_006": "真田山町5-109",
        "P27_007": 4,
        "P27_008": -99,
        "P27_009": 9999
      },
      "geometry": {
        "type": "Point",
        "coordinates": [
          135.528558,
          34.670846
        ]
      }
    },
    {
      "type": "Feature",
      "properties": {
        "P27_001": "27109",
        "P27_002": "3",
        "P27_003": "99999",
        "P27_004": "03132",
        "P27_005": "大阪市立天王寺スポーツセンター",
        "P27_006": "真田山町5-109",
        "P27_007": 4,
        "P27_008": -99,
        "P27_009": 9999
      },
      "geometry": {
        "type": "Point",
        "coordinates": [
          135.528558,
          34.6708
        ]
      }
    },
    {
      "type": "Feature",
      "properties": {
        "P27_001": "27115",
        "P27_002": "3",
        "P27_003": "99999",
        "P27_004": "03109",
        "P27_005": "大阪市立東成スポーツセンター",
        "P27_006": "東中本2-11-30",
        "P27_007": 4,
        "P27_008": -99,
        "P27_009": 9999
      },
      "geometry": {
        "type": "Point",
        "coordinates": [
          135.548179,
          34.67898
        ]
      }
    },
    {
      "type": "Feature",
      "properties": {
        "P27_001": "27115",
        "P27_002": "3",
        "P27_003": "99999",
        "P27_004": "03116",
        "P27_005": "大阪市立東成スポーツセンター",
        "P27_006": "東中本2-11-30",
        "P27_007": 4,
        "P27_008": -99,
        "P27_009": 9999
      },
      "geometry": {
        "type": "Point",
        "coordinates": [
          135.548176,
          34.678936
        ]
      }
    },
    {
      "type": "Feature",
      "properties": {
        "P27_001": "27115",
        "P27_002": "3",
        "P27_003": "99999",
        "P27_004": "03120",
        "P27_005": "大阪市立東成スポーツセンター",
        "P27_006": "東中本2-11-30",
        "P27_007": 4,
        "P27_008": -99,
        "P27_009": 9999
      },
      "geometry": {
        "type": "Point",
        "coordinates": [
          135.548176,
          34.678892
        ]
      }
    },
    {
      "type": "Feature",
      "properties": {
        "P27_001": "27115",
        "P27_002": "3",
        "P27_003": "99999",
        "P27_004": "03110",
        "P27_005": "大阪市立東成スポーツセンター",
        "P27_006": "東中本2-11-30",
        "P27_007": 4,
        "P27_008": -99,
        "P27_009": 9999
      },
      "geometry": {
        "type": "Point",
        "coordinates": [
          135.548173,
          34.678853
        ]
      }
    },
    {
      "type": "Feature",
      "properties": {
        "P27_001": "27115",
        "P27_002": "3",
        "P27_003": "99999",
        "P27_004": "03111",
        "P27_005": "大阪市立東成スポーツセンター",
        "P27_006": "東中本2-11-30",
        "P27_007": 4,
        "P27_008": -99,
        "P27_009": 9999
      },
      "geometry": {
        "type": "Point",
        "coordinates": [
          135.548176,
          34.678809
        ]
      }
    },
    {
      "type": "Feature",
      "properties": {
        "P27_001": "27115",
        "P27_002": "3",
        "P27_003": "99999",
        "P27_004": "03132",
        "P27_005": "大阪市立東成スポーツセンター",
        "P27_006": "東中本2-11-30",
        "P27_007": 4,
        "P27_008": -99,
        "P27_009": 9999
      },
      "geometry": {
        "type": "Point",
        "coordinates": [
          135.548173,
          34.678765
        ]
      }
    },
    {
      "type": "Feature",
      "properties": {
        "P27_001": "27119",
        "P27_002": "3",
        "P27_003": "99999",
        "P27_004": "03109",
        "P27_005": "大阪市立阿倍野スポーツセンター",
        "P27_006": "阿部野筋3-10-1-100",
        "P27_007": 4,
        "P27_008": -99,
        "P27_009": 9999
      },
      "geometry": {
        "type": "Point",
        "coordinates": [
          135.510783,
          34.641999
        ]
      }
    },
    {
      "type": "Feature",
      "properties": {
        "P27_001": "27119",
        "P27_002": "3",
        "P27_003": "99999",
        "P27_004": "03116",
        "P27_005": "大阪市立阿倍野スポーツセンター",
        "P27_006": "阿部野筋3-10-1-100",
        "P27_007": 4,
        "P27_008": -99,
        "P27_009": 9999
      },
      "geometry": {
        "type": "Point",
        "coordinates": [
          135.510783,
          34.641952
        ]
      }
    },
    {
      "type": "Feature",
      "properties": {
        "P27_001": "27119",
        "P27_002": "3",
        "P27_003": "99999",
        "P27_004": "03120",
        "P27_005": "大阪市立阿倍野スポーツセンター",
        "P27_006": "阿部野筋3-10-1-100",
        "P27_007": 4,
        "P27_008": -99,
        "P27_009": 9999
      },
      "geometry": {
        "type": "Point",
        "coordinates": [
          135.51078,
          34.641908
        ]
      }
    },
    {
      "type": "Feature",
      "properties": {
        "P27_001": "27119",
        "P27_002": "3",
        "P27_003": "99999",
        "P27_004": "03110",
        "P27_005": "大阪市立阿倍野スポーツセンター",
        "P27_006": "阿部野筋3-10-1-100",
        "P27_007": 4,
        "P27_008": -99,
        "P27_009": 9999
      },
      "geometry": {
        "type": "Point",
        "coordinates": [
          135.51078,
          34.641867
        ]
      }
    },
    {
      "type": "Feature",
      "properties": {
        "P27_001": "27119",
        "P27_002": "3",
        "P27_003": "99999",
        "P27_004": "03111",
        "P27_005": "大阪市立阿倍野スポーツセンター",
        "P27_006": "阿部野筋3-10-1-100",
        "P27_007": 4,
        "P27_008": -99,
        "P27_009": 9999
      },
      "geometry": {
        "type": "Point",
        "coordinates": [
          135.510777,
          34.641823
        ]
      }
    },
    {
      "type": "Feature",
      "properties": {
        "P27_001": "27119",
        "P27_002": "3",
        "P27_003": "99999",
        "P27_004": "03132",
        "P27_005": "大阪市立阿倍野スポーツセンター",
        "P27_006": "阿部野筋3-10-1-100",
        "P27_007": 4,
        "P27_008": -99,
        "P27_009": 9999
      },
      "geometry": {
        "type": "Point",
        "coordinates": [
          135.510774,
          34.641779
        ]
      }
    },
    {
      "type": "Feature",
      "properties": {
        "P27_001": "27116",
        "P27_002": "3",
        "P27_003": "99999",
        "P27_004": "03109",
        "P27_005": "大阪市立生野スポーツセンター",
        "P27_006": "巽西1-1-3",
        "P27_007": 4,
        "P27_008": -99,
        "P27_009": 9999
      },
      "geometry": {
        "type": "Point",
        "coordinates": [
          135.544314,
          34.653253
        ]
      }
    },
    {
      "type": "Feature",
      "properties": {
        "P27_001": "27116",
        "P27_002": "3",
        "P27_003": "99999",
        "P27_004": "03116",
        "P27_005": "大阪市立生野スポーツセンター",
        "P27_006": "巽西1-1-3",
        "P27_007": 4,
        "P27_008": -99,
        "P27_009": 9999
      },
      "geometry": {
        "type": "Point",
        "coordinates": [
          135.544314,
          34.653212
        ]
      }
    },
    {
      "type": "Feature",
      "properties": {
        "P27_001": "27116",
        "P27_002": "3",
        "P27_003": "99999",
        "P27_004": "03120",
        "P27_005": "大阪市立生野スポーツセンター",
        "P27_006": "巽西1-1-3",
        "P27_007": 4,
        "P27_008": -99,
        "P27_009": 9999
      },
      "geometry": {
        "type": "Point",
        "coordinates": [
          135.544317,
          34.653168
        ]
      }
    },
    {
      "type": "Feature",
      "properties": {
        "P27_001": "27116",
        "P27_002": "3",
        "P27_003": "99999",
        "P27_004": "03110",
        "P27_005": "大阪市立生野スポーツセンター",
        "P27_006": "巽西1-1-3",
        "P27_007": 4,
        "P27_008": -99,
        "P27_009": 9999
      },
      "geometry": {
        "type": "Point",
        "coordinates": [
          135.544311,
          34.653126
        ]
      }
    },
    {
      "type": "Feature",
      "properties": {
        "P27_001": "27116",
        "P27_002": "3",
        "P27_003": "99999",
        "P27_004": "03111",
        "P27_005": "大阪市立生野スポーツセンター",
        "P27_006": "巽西1-1-3",
        "P27_007": 4,
        "P27_008": -99,
        "P27_009": 9999
      },
      "geometry": {
        "type": "Point",
        "coordinates": [
          135.544317,
          34.653082
        ]
      }
    },
    {
      "type": "Feature",
      "properties": {
        "P27_001": "27113",
        "P27_002": "3",
        "P27_003": "99999",
        "P27_004": "03109",
        "P27_005": "大阪市立西淀川スポーツセンター",
        "P27_006": "野里2-10-35",
        "P27_007": 4,
        "P27_008": -99,
        "P27_009": 9999
      },
      "geometry": {
        "type": "Point",
        "coordinates": [
          135.459754,
          34.709841
        ]
      }
    },
    {
      "type": "Feature",
      "properties": {
        "P27_001": "27113",
        "P27_002": "3",
        "P27_003": "99999",
        "P27_004": "03116",
        "P27_005": "大阪市立西淀川スポーツセンター",
        "P27_006": "野里2-10-35",
        "P27_007": 4,
        "P27_008": -99,
        "P27_009": 9999
      },
      "geometry": {
        "type": "Point",
        "coordinates": [
          135.459754,
          34.709767
        ]
      }
    },
    {
      "type": "Feature",
      "properties": {
        "P27_001": "27113",
        "P27_002": "3",
        "P27_003": "99999",
        "P27_004": "03120",
        "P27_005": "大阪市立西淀川スポーツセンター",
        "P27_006": "野里2-10-35",
        "P27_007": 4,
        "P27_008": -99,
        "P27_009": 9999
      },
      "geometry": {
        "type": "Point",
        "coordinates": [
          135.459754,
          34.709694
        ]
      }
    },
    {
      "type": "Feature",
      "properties": {
        "P27_001": "27114",
        "P27_002": "3",
        "P27_003": "99999",
        "P27_004": "03109",
        "P27_005": "大阪市立東淀川体育館",
        "P27_006": "東中島4-4-4",
        "P27_007": 4,
        "P27_008": -99,
        "P27_009": 9999
      },
      "geometry": {
        "type": "Point",
        "coordinates": [
          135.50555,
          34.732557
        ]
      }
    },
    {
      "type": "Feature",
      "properties": {
        "P27_001": "27114",
        "P27_002": "3",
        "P27_003": "99999",
        "P27_004": "03116",
        "P27_005": "大阪市立東淀川体育館",
        "P27_006": "東中島4-4-4",
        "P27_007": 4,
        "P27_008": -99,
        "P27_009": 9999
      },
      "geometry": {
        "type": "Point",
        "coordinates": [
          135.505544,
          34.732479
        ]
      }
    },
    {
      "type": "Feature",
      "properties": {
        "P27_001": "27114",
        "P27_002": "3",
        "P27_003": "99999",
        "P27_004": "03120",
        "P27_005": "大阪市立東淀川体育館",
        "P27_006": "東中島4-4-4",
        "P27_007": 4,
        "P27_008": -99,
        "P27_009": 9999
      },
      "geometry": {
        "type": "Point",
        "coordinates": [
          135.505544,
          34.732401
        ]
      }
    },
    {
      "type": "Feature",
      "properties": {
        "P27_001": "27114",
        "P27_002": "3",
        "P27_003": "99999",
        "P27_004": "03111",
        "P27_005": "大阪市立東淀川体育館",
        "P27_006": "東中島4-4-4",
        "P27_007": 4,
        "P27_008": -99,
        "P27_009": 9999
      },
      "geometry": {
        "type": "Point",
        "coordinates": [
          135.505544,
          34.732318
        ]
      }
    },
    {
      "type": "Feature",
      "properties": {
        "P27_001": "27108",
        "P27_002": "3",
        "P27_003": "99999",
        "P27_004": "03109",
        "P27_005": "大阪市立千島体育館",
        "P27_006": "千島2-7-93",
        "P27_007": 4,
        "P27_008": -99,
        "P27_009": 9999
      },
      "geometry": {
        "type": "Point",
        "coordinates": [
          135.472553,
          34.649529
        ]
      }
    },
    {
      "type": "Feature",
      "properties": {
        "P27_001": "27108",
        "P27_002": "3",
        "P27_003": "99999",
        "P27_004": "03116",
        "P27_005": "大阪市立千島体育館",
        "P27_006": "千島2-7-93",
        "P27_007": 4,
        "P27_008": -99,
        "P27_009": 9999
      },
      "geometry": {
        "type": "Point",
        "coordinates": [
          135.472553,
          34.649485
        ]
      }
    },
    {
      "type": "Feature",
      "properties": {
        "P27_001": "27108",
        "P27_002": "3",
        "P27_003": "99999",
        "P27_004": "03120",
        "P27_005": "大阪市立千島体育館",
        "P27_006": "千島2-7-93",
        "P27_007": 4,
        "P27_008": -99,
        "P27_009": 9999
      },
      "geometry": {
        "type": "Point",
        "coordinates": [
          135.472553,
          34.649439
        ]
      }
    },
    {
      "type": "Feature",
      "properties": {
        "P27_001": "27108",
        "P27_002": "3",
        "P27_003": "99999",
        "P27_004": "03110",
        "P27_005": "大阪市立千島体育館",
        "P27_006": "千島2-7-93",
        "P27_007": 4,
        "P27_008": -99,
        "P27_009": 9999
      },
      "geometry": {
        "type": "Point",
        "coordinates": [
          135.47255,
          34.649392
        ]
      }
    },
    {
      "type": "Feature",
      "properties": {
        "P27_001": "27108",
        "P27_002": "3",
        "P27_003": "99999",
        "P27_004": "03111",
        "P27_005": "大阪市立千島体育館",
        "P27_006": "千島2-7-93",
        "P27_007": 4,
        "P27_008": -99,
        "P27_009": 9999
      },
      "geometry": {
        "type": "Point",
        "coordinates": [
          135.472553,
          34.649343
        ]
      }
    },
    {
      "type": "Feature",
      "properties": {
        "P27_001": "27108",
        "P27_002": "3",
        "P27_003": "99999",
        "P27_004": "03129",
        "P27_005": "大阪市立千島体育館",
        "P27_006": "千島2-7-93",
        "P27_007": 4,
        "P27_008": -99,
        "P27_009": 9999
      },
      "geometry": {
        "type": "Point",
        "coordinates": [
          135.47255,
          34.649299
        ]
      }
    },
    {
      "type": "Feature",
      "properties": {
        "P27_001": "27107",
        "P27_002": "3",
        "P27_003": "99999",
        "P27_004": "03109",
        "P27_005": "大阪市中央体育館",
        "P27_006": "田中3-1-40",
        "P27_007": 4,
        "P27_008": -99,
        "P27_009": 9999
      },
      "geometry": {
        "type": "Point",
        "coordinates": [
          135.444787,
          34.659654
        ]
      }
    },
    {
      "type": "Feature",
      "properties": {
        "P27_001": "27107",
        "P27_002": "3",
        "P27_003": "99999",
        "P27_004": "03116",
        "P27_005": "大阪市中央体育館",
        "P27_006": "田中3-1-40",
        "P27_007": 4,
        "P27_008": -99,
        "P27_009": 9999
      },
      "geometry": {
        "type": "Point",
        "coordinates": [
          135.444781,
          34.659571
        ]
      }
    },
    {
      "type": "Feature",
      "properties": {
        "P27_001": "27107",
        "P27_002": "3",
        "P27_003": "99999",
        "P27_004": "03120",
        "P27_005": "大阪市中央体育館",
        "P27_006": "田中3-1-40",
        "P27_007": 4,
        "P27_008": -99,
        "P27_009": 9999
      },
      "geometry": {
        "type": "Point",
        "coordinates": [
          135.444781,
          34.659483
        ]
      }
    },
    {
      "type": "Feature",
      "properties": {
        "P27_001": "27107",
        "P27_002": "3",
        "P27_003": "99999",
        "P27_004": "03110",
        "P27_005": "大阪市中央体育館",
        "P27_006": "田中3-1-40",
        "P27_007": 4,
        "P27_008": -99,
        "P27_009": 9999
      },
      "geometry": {
        "type": "Point",
        "coordinates": [
          135.444775,
          34.6594
        ]
      }
    },
    {
      "type": "Feature",
      "properties": {
        "P27_001": "27107",
        "P27_002": "3",
        "P27_003": "99999",
        "P27_004": "03111",
        "P27_005": "大阪市中央体育館",
        "P27_006": "田中3-1-40",
        "P27_007": 4,
        "P27_008": -99,
        "P27_009": 9999
      },
      "geometry": {
        "type": "Point",
        "coordinates": [
          135.444769,
          34.659307
        ]
      }
    },
    {
      "type": "Feature",
      "properties": {
        "P27_001": "27114",
        "P27_002": "3",
        "P27_003": "99999",
        "P27_004": "03105",
        "P27_005": "大阪市立東淀川屋内プール",
        "P27_006": "東淡路1-4-53",
        "P27_007": 4,
        "P27_008": -99,
        "P27_009": 9999
      },
      "geometry": {
        "type": "Point",
        "coordinates": [
          135.519786,
          34.733942
        ]
      }
    },
    {
      "type": "Feature",
      "properties": {
        "P27_001": "27114",
        "P27_002": "3",
        "P27_003": "99999",
        "P27_004": "03129",
        "P27_005": "大阪市立東淀川屋内プール",
        "P27_006": "東淡路1-4-53",
        "P27_007": 4,
        "P27_008": -99,
        "P27_009": 9999
      },
      "geometry": {
        "type": "Point",
        "coordinates": [
          135.51978,
          34.733859
        ]
      }
    },
    {
      "type": "Feature",
      "properties": {
        "P27_001": "27113",
        "P27_002": "3",
        "P27_003": "99999",
        "P27_004": "03105",
        "P27_005": "西淀川屋内プール",
        "P27_006": "大和田2-5-7",
        "P27_007": 4,
        "P27_008": -99,
        "P27_009": 9999
      },
      "geometry": {
        "type": "Point",
        "coordinates": [
          135.442735,
          34.703074
        ]
      }
    },
    {
      "type": "Feature",
      "properties": {
        "P27_001": "27113",
        "P27_002": "3",
        "P27_003": "99999",
        "P27_004": "03129",
        "P27_005": "西淀川屋内プール",
        "P27_006": "大和田2-5-7",
        "P27_007": 4,
        "P27_008": -99,
        "P27_009": 9999
      },
      "geometry": {
        "type": "Point",
        "coordinates": [
          135.442741,
          34.703001
        ]
      }
    },
    {
      "type": "Feature",
      "properties": {
        "P27_001": "27118",
        "P27_002": "3",
        "P27_003": "99999",
        "P27_004": "03105",
        "P27_005": "大阪市立城東屋内プール",
        "P27_006": "関目2-17-45",
        "P27_007": 4,
        "P27_008": -99,
        "P27_009": 9999
      },
      "geometry": {
        "type": "Point",
        "coordinates": [
          135.553022,
          34.706617
        ]
      }
    },
    {
      "type": "Feature",
      "properties": {
        "P27_001": "27118",
        "P27_002": "3",
        "P27_003": "99999",
        "P27_004": "03129",
        "P27_005": "大阪市立城東屋内プール",
        "P27_006": "関目2-17-45",
        "P27_007": 4,
        "P27_008": -99,
        "P27_009": 9999
      },
      "geometry": {
        "type": "Point",
        "coordinates": [
          135.553028,
          34.706539
        ]
      }
    },
    {
      "type": "Feature",
      "properties": {
        "P27_001": "27122",
        "P27_002": "3",
        "P27_003": "99999",
        "P27_004": "03105",
        "P27_005": "大阪市立西成屋内プール",
        "P27_006": "玉出東1-6-1",
        "P27_007": 4,
        "P27_008": -99,
        "P27_009": 9999
      },
      "geometry": {
        "type": "Point",
        "coordinates": [
          135.495811,
          34.627846
        ]
      }
    },
    {
      "type": "Feature",
      "properties": {
        "P27_001": "27122",
        "P27_002": "3",
        "P27_003": "99999",
        "P27_004": "03129",
        "P27_005": "大阪市立西成屋内プール",
        "P27_006": "玉出東1-6-1",
        "P27_007": 4,
        "P27_008": -99,
        "P27_009": 9999
      },
      "geometry": {
        "type": "Point",
        "coordinates": [
          135.495805,
          34.627809
        ]
      }
    },
    {
      "type": "Feature",
      "properties": {
        "P27_001": "27125",
        "P27_002": "3",
        "P27_003": "99999",
        "P27_004": "03105",
        "P27_005": "住之江屋内プール",
        "P27_006": "北加賀屋5-3-47",
        "P27_007": 4,
        "P27_008": -99,
        "P27_009": 9999
      },
      "geometry": {
        "type": "Point",
        "coordinates": [
          135.475508,
          34.62365
        ]
      }
    },
    {
      "type": "Feature",
      "properties": {
        "P27_001": "27121",
        "P27_002": "3",
        "P27_003": "99999",
        "P27_004": "03105",
        "P27_005": "大阪市立長居プール",
        "P27_006": "長居公園1-1（長居公園内）",
        "P27_007": 4,
        "P27_008": -99,
        "P27_009": 9999
      },
      "geometry": {
        "type": "Point",
        "coordinates": [
          135.520442,
          34.614596
        ]
      }
    },
    {
      "type": "Feature",
      "properties": {
        "P27_001": "27117",
        "P27_002": "3",
        "P27_003": "99999",
        "P27_004": "03106",
        "P27_005": "旭プール",
        "P27_006": "高殿5-3-12（旭公園内）",
        "P27_007": 4,
        "P27_008": -99,
        "P27_009": 9999
      },
      "geometry": {
        "type": "Point",
        "coordinates": [
          135.541179,
          34.717016
        ]
      }
    },
    {
      "type": "Feature",
      "properties": {
        "P27_001": "27109",
        "P27_002": "3",
        "P27_003": "99999",
        "P27_004": "03106",
        "P27_005": "大阪市立真田山プール",
        "P27_006": "真田山町5-109（真田山公園内）",
        "P27_007": 4,
        "P27_008": -99,
        "P27_009": 9999
      },
      "geometry": {
        "type": "Point",
        "coordinates": [
          135.52789,
          34.670897
        ]
      }
    },
    {
      "type": "Feature",
      "properties": {
        "P27_001": "27109",
        "P27_002": "3",
        "P27_003": "99999",
        "P27_004": "03105",
        "P27_005": "大阪市立真田山プール",
        "P27_006": "真田山町5-109（真田山公園内）",
        "P27_007": 4,
        "P27_008": -99,
        "P27_009": 9999
      },
      "geometry": {
        "type": "Point",
        "coordinates": [
          135.52856,
          34.670755
        ]
      }
    },
    {
      "type": "Feature",
      "properties": {
        "P27_001": "27109",
        "P27_002": "3",
        "P27_003": "99999",
        "P27_004": "03125",
        "P27_005": "大阪市立真田山プール",
        "P27_006": "真田山町5-109（真田山公園内）",
        "P27_007": 4,
        "P27_008": -99,
        "P27_009": 9999
      },
      "geometry": {
        "type": "Point",
        "coordinates": [
          135.527889,
          34.670834
        ]
      }
    },
    {
      "type": "Feature",
      "properties": {
        "P27_001": "27109",
        "P27_002": "3",
        "P27_003": "99999",
        "P27_004": "03129",
        "P27_005": "大阪市立真田山プール",
        "P27_006": "真田山町5-109（真田山公園内）",
        "P27_007": 4,
        "P27_008": -99,
        "P27_009": 9999
      },
      "geometry": {
        "type": "Point",
        "coordinates": [
          135.528556,
          34.670715
        ]
      }
    },
    {
      "type": "Feature",
      "properties": {
        "P27_001": "27107",
        "P27_002": "3",
        "P27_003": "99999",
        "P27_004": "03105",
        "P27_005": "大阪市立大阪プール",
        "P27_006": "田中3-1-20（八幡屋公園内）",
        "P27_007": 4,
        "P27_008": -99,
        "P27_009": 9999
      },
      "geometry": {
        "type": "Point",
        "coordinates": [
          135.447428,
          34.661089
        ]
      }
    },
    {
      "type": "Feature",
      "properties": {
        "P27_001": "27107",
        "P27_002": "3",
        "P27_003": "99999",
        "P27_004": "03108",
        "P27_005": "大阪市立大阪プール",
        "P27_006": "田中3-1-20（八幡屋公園内）",
        "P27_007": 4,
        "P27_008": -99,
        "P27_009": 9999
      },
      "geometry": {
        "type": "Point",
        "coordinates": [
          135.447428,
          34.661006
        ]
      }
    },
    {
      "type": "Feature",
      "properties": {
        "P27_001": "27107",
        "P27_002": "3",
        "P27_003": "99999",
        "P27_004": "03124",
        "P27_005": "大阪市立大阪プール",
        "P27_006": "田中3-1-20（八幡屋公園内）",
        "P27_007": 4,
        "P27_008": -99,
        "P27_009": 9999
      },
      "geometry": {
        "type": "Point",
        "coordinates": [
          135.447434,
          34.660923
        ]
      }
    },
    {
      "type": "Feature",
      "properties": {
        "P27_001": "27115",
        "P27_002": "3",
        "P27_003": "99999",
        "P27_004": "03105",
        "P27_005": "大阪市立東成屋内プール",
        "P27_006": "東中本2-12-1（神路公園内）",
        "P27_007": 4,
        "P27_008": -99,
        "P27_009": 9999
      },
      "geometry": {
        "type": "Point",
        "coordinates": [
          135.54795,
          34.678466
        ]
      }
    },
    {
      "type": "Feature",
      "properties": {
        "P27_001": "27115",
        "P27_002": "3",
        "P27_003": "99999",
        "P27_004": "03129",
        "P27_005": "大阪市立東成屋内プール",
        "P27_006": "東中本2-12-1（神路公園内）",
        "P27_007": 4,
        "P27_008": -99,
        "P27_009": 9999
      },
      "geometry": {
        "type": "Point",
        "coordinates": [
          135.54795,
          34.678383
        ]
      }
    },
    {
      "type": "Feature",
      "properties": {
        "P27_001": "27124",
        "P27_002": "3",
        "P27_003": "99999",
        "P27_004": "03105",
        "P27_005": "大阪市立鶴見緑地プール",
        "P27_006": "緑地公園1-37（鶴見緑地内）",
        "P27_007": 4,
        "P27_008": -99,
        "P27_009": 9999
      },
      "geometry": {
        "type": "Point",
        "coordinates": [
          135.580933,
          34.709256
        ]
      }
    },
    {
      "type": "Feature",
      "properties": {
        "P27_001": "27124",
        "P27_002": "3",
        "P27_003": "99999",
        "P27_004": "03107",
        "P27_005": "大阪市立鶴見緑地プール",
        "P27_006": "緑地公園1-37（鶴見緑地内）",
        "P27_007": 4,
        "P27_008": -99,
        "P27_009": 9999
      },
      "geometry": {
        "type": "Point",
        "coordinates": [
          135.580933,
          34.709158
        ]
      }
    },
    {
      "type": "Feature",
      "properties": {
        "P27_001": "27103",
        "P27_002": "3",
        "P27_003": "99999",
        "P27_004": "03105",
        "P27_005": "大阪市立下福島プール",
        "P27_006": "福島4-1-82（下福島公園内）",
        "P27_007": 4,
        "P27_008": -99,
        "P27_009": 9999
      },
      "geometry": {
        "type": "Point",
        "coordinates": [
          135.482452,
          34.69001
        ]
      }
    },
    {
      "type": "Feature",
      "properties": {
        "P27_001": "27103",
        "P27_002": "3",
        "P27_003": "99999",
        "P27_004": "03129",
        "P27_005": "大阪市立下福島プール",
        "P27_006": "福島4-1-82（下福島公園内）",
        "P27_007": 4,
        "P27_008": -99,
        "P27_009": 9999
      },
      "geometry": {
        "type": "Point",
        "coordinates": [
          135.482458,
          34.689947
        ]
      }
    },
    {
      "type": "Feature",
      "properties": {
        "P27_001": "27103",
        "P27_002": "3",
        "P27_003": "99999",
        "P27_004": "03106",
        "P27_005": "大阪市立下福島プール",
        "P27_006": "福島4-1-82（下福島公園内）",
        "P27_007": 4,
        "P27_008": -99,
        "P27_009": 9999
      },
      "geometry": {
        "type": "Point",
        "coordinates": [
          135.483017,
          34.68981
        ]
      }
    },
    {
      "type": "Feature",
      "properties": {
        "P27_001": "27114",
        "P27_002": "3",
        "P27_003": "99999",
        "P27_004": "03115",
        "P27_005": "くにじまテニスコート",
        "P27_006": "柴島1-3-21",
        "P27_007": 3,
        "P27_008": -99,
        "P27_009": 9999
      },
      "geometry": {
        "type": "Point",
        "coordinates": [
          135.506298,
          34.726446
        ]
      }
    },
    {
      "type": "Feature",
      "properties": {
        "P27_001": "27108",
        "P27_002": "3",
        "P27_003": "99999",
        "P27_004": "03115",
        "P27_005": "マリンテニスパーク・北村",
        "P27_006": "北村3-3-70",
        "P27_007": 3,
        "P27_008": -99,
        "P27_009": 9999
      },
      "geometry": {
        "type": "Point",
        "coordinates": [
          135.464298,
          34.6493
        ]
      }
    },
    {
      "type": "Feature",
      "properties": {
        "P27_001": "27108",
        "P27_002": "3",
        "P27_003": "99999",
        "P27_004": "03115",
        "P27_005": "千島下水処理場テニスコート",
        "P27_006": "小林東2-5-59",
        "P27_007": 3,
        "P27_008": -99,
        "P27_009": 9999
      },
      "geometry": {
        "type": "Point",
        "coordinates": [
          135.476383,
          34.646364
        ]
      }
    },
    {
      "type": "Feature",
      "properties": {
        "P27_001": "27106",
        "P27_002": "3",
        "P27_003": "99999",
        "P27_004": "03115",
        "P27_005": "靱テニスセンター",
        "P27_006": "靱本町2-1-14（靱公園内）",
        "P27_007": 3,
        "P27_008": -99,
        "P27_009": 9999
      },
      "geometry": {
        "type": "Point",
        "coordinates": [
          135.490781,
          34.684285
        ]
      }
    },
    {
      "type": "Feature",
      "properties": {
        "P27_001": "27124",
        "P27_002": "3",
        "P27_003": "99999",
        "P27_004": "03115",
        "P27_005": "鶴見緑地庭球場",
        "P27_006": "浜1-2-6（鶴見緑地内）",
        "P27_007": 4,
        "P27_008": -99,
        "P27_009": 9999
      },
      "geometry": {
        "type": "Point",
        "coordinates": [
          135.579738,
          34.706763
        ]
      }
    },
    {
      "type": "Feature",
      "properties": {
        "P27_001": "27114",
        "P27_002": "3",
        "P27_003": "99999",
        "P27_004": "03115",
        "P27_005": "北江口中央庭球場",
        "P27_006": "北江口2（北江口公園内）",
        "P27_007": 3,
        "P27_008": -99,
        "P27_009": 9999
      },
      "geometry": {
        "type": "Point",
        "coordinates": [
          135.544546,
          34.758217
        ]
      }
    },
    {
      "type": "Feature",
      "properties": {
        "P27_001": "27113",
        "P27_002": "3",
        "P27_003": "99999",
        "P27_004": "03115",
        "P27_005": "中島庭球場",
        "P27_006": "中島1-22（中島公園内）",
        "P27_007": 3,
        "P27_008": -99,
        "P27_009": 9999
      },
      "geometry": {
        "type": "Point",
        "coordinates": [
          135.424656,
          34.700107
        ]
      }
    },
    {
      "type": "Feature",
      "properties": {
        "P27_001": "27125",
        "P27_002": "3",
        "P27_003": "99999",
        "P27_004": "03115",
        "P27_005": "南港中央庭球場",
        "P27_006": "南港東8（南港中央公園内）",
        "P27_007": 4,
        "P27_008": -99,
        "P27_009": 9999
      },
      "geometry": {
        "type": "Point",
        "coordinates": [
          135.431906,
          34.630965
        ]
      }
    },
    {
      "type": "Feature",
      "properties": {
        "P27_001": "27127",
        "P27_002": "3",
        "P27_003": "99999",
        "P27_004": "03115",
        "P27_005": "浦江庭球場",
        "P27_006": "大淀南3-3（浦江公園内）",
        "P27_007": 3,
        "P27_008": -99,
        "P27_009": 9999
      },
      "geometry": {
        "type": "Point",
        "coordinates": [
          135.482615,
          34.700684
        ]
      }
    },
    {
      "type": "Feature",
      "properties": {
        "P27_001": "27121",
        "P27_002": "3",
        "P27_003": "99999",
        "P27_004": "03115",
        "P27_005": "長居庭球場",
        "P27_006": "長居公園（長居公園内）",
        "P27_007": 4,
        "P27_008": -99,
        "P27_009": 9999
      },
      "geometry": {
        "type": "Point",
        "coordinates": [
          135.515105,
          34.614103
        ]
      }
    },
    {
      "type": "Feature",
      "properties": {
        "P27_001": "27127",
        "P27_002": "3",
        "P27_003": "99999",
        "P27_004": "03115",
        "P27_005": "中之島西庭球場",
        "P27_006": "中之島6-3（中之島西公園内）",
        "P27_007": 3,
        "P27_008": -99,
        "P27_009": 9999
      },
      "geometry": {
        "type": "Point",
        "coordinates": [
          135.483519,
          34.686604
        ]
      }
    },
    {
      "type": "Feature",
      "properties": {
        "P27_001": "27117",
        "P27_002": "3",
        "P27_003": "99999",
        "P27_004": "03115",
        "P27_005": "旭庭球場",
        "P27_006": "高殿5-8（旭公園内）",
        "P27_007": 3,
        "P27_008": -99,
        "P27_009": 9999
      },
      "geometry": {
        "type": "Point",
        "coordinates": [
          135.539836,
          34.717679
        ]
      }
    },
    {
      "type": "Feature",
      "properties": {
        "P27_001": "27127",
        "P27_002": "3",
        "P27_003": "99999",
        "P27_004": "03115",
        "P27_005": "南天満庭球場",
        "P27_006": "天満4・天神橋1（南天満公園内）",
        "P27_007": 3,
        "P27_008": -99,
        "P27_009": 9999
      },
      "geometry": {
        "type": "Point",
        "coordinates": [
          135.513622,
          34.692095
        ]
      }
    },
    {
      "type": "Feature",
      "properties": {
        "P27_001": "27109",
        "P27_002": "3",
        "P27_003": "99999",
        "P27_004": "03115",
        "P27_005": "真田山庭球場",
        "P27_006": "真田山町5（真田山公園内）",
        "P27_007": 3,
        "P27_008": -99,
        "P27_009": 9999
      },
      "geometry": {
        "type": "Point",
        "coordinates": [
          135.528121,
          34.670203
        ]
      }
    },
    {
      "type": "Feature",
      "properties": {
        "P27_001": "27106",
        "P27_002": "3",
        "P27_003": "99999",
        "P27_004": "03115",
        "P27_005": "靱庭球場",
        "P27_006": "靱本町1-9-3（靱公園内）",
        "P27_007": 3,
        "P27_008": -99,
        "P27_009": 9999
      },
      "geometry": {
        "type": "Point",
        "coordinates": [
          135.495505,
          34.686419
        ]
      }
    },
    {
      "type": "Feature",
      "properties": {
        "P27_001": "27104",
        "P27_002": "3",
        "P27_003": "99999",
        "P27_004": "03103",
        "P27_005": "舞洲運動広場（球技場）",
        "P27_006": "北港緑地1-2-96",
        "P27_007": 3,
        "P27_008": -99,
        "P27_009": 9999
      },
      "geometry": {
        "type": "Point",
        "coordinates": [
          135.399446,
          34.66234
        ]
      }
    },
    {
      "type": "Feature",
      "properties": {
        "P27_001": "27121",
        "P27_002": "3",
        "P27_003": "99999",
        "P27_004": "03103",
        "P27_005": "長居球技場",
        "P27_006": "長居公園1-1（長居公園内）",
        "P27_007": 4,
        "P27_008": -99,
        "P27_009": 9999
      },
      "geometry": {
        "type": "Point",
        "coordinates": [
          135.516496,
          34.615417
        ]
      }
    },
    {
      "type": "Feature",
      "properties": {
        "P27_001": "27124",
        "P27_002": "3",
        "P27_003": "99999",
        "P27_004": "03103",
        "P27_005": "鶴見緑地球技場",
        "P27_006": "浜1-1-37（鶴見緑地内）",
        "P27_007": 4,
        "P27_008": -99,
        "P27_009": 9999
      },
      "geometry": {
        "type": "Point",
        "coordinates": [
          135.581282,
          34.706009
        ]
      }
    },
    {
      "type": "Feature",
      "properties": {
        "P27_001": "27114",
        "P27_002": "3",
        "P27_003": "99999",
        "P27_004": "03102",
        "P27_005": "くにじまスポーツ",
        "P27_006": "柴島3-11-139",
        "P27_007": 3,
        "P27_008": -99,
        "P27_009": 9999
      },
      "geometry": {
        "type": "Point",
        "coordinates": [
          135.515697,
          34.732674
        ]
      }
    },
    {
      "type": "Feature",
      "properties": {
        "P27_001": "27114",
        "P27_002": "3",
        "P27_003": "99999",
        "P27_004": "03115",
        "P27_005": "くにじまスポーツ",
        "P27_006": "柴島3-11-139",
        "P27_007": 3,
        "P27_008": -99,
        "P27_009": 9999
      },
      "geometry": {
        "type": "Point",
        "coordinates": [
          135.515192,
          34.732108
        ]
      }
    },
    {
      "type": "Feature",
      "properties": {
        "P27_001": "27124",
        "P27_002": "3",
        "P27_003": "99999",
        "P27_004": "03102",
        "P27_005": "鶴見緑地運動場",
        "P27_006": "浜1-1-37（鶴見緑地内）",
        "P27_007": 4,
        "P27_008": -99,
        "P27_009": 9999
      },
      "geometry": {
        "type": "Point",
        "coordinates": [
          135.581086,
          34.707616
        ]
      }
    },
    {
      "type": "Feature",
      "properties": {
        "P27_001": "27124",
        "P27_002": "3",
        "P27_003": "99999",
        "P27_004": "03103",
        "P27_005": "鶴見緑地運動場",
        "P27_006": "浜1-1-37（鶴見緑地内）",
        "P27_007": 4,
        "P27_008": -99,
        "P27_009": 9999
      },
      "geometry": {
        "type": "Point",
        "coordinates": [
          135.581074,
          34.707523
        ]
      }
    },
    {
      "type": "Feature",
      "properties": {
        "P27_001": "27124",
        "P27_002": "3",
        "P27_003": "99999",
        "P27_004": "03104",
        "P27_005": "鶴見緑地運動場",
        "P27_006": "浜1-1-37（鶴見緑地内）",
        "P27_007": 4,
        "P27_008": -99,
        "P27_009": 9999
      },
      "geometry": {
        "type": "Point",
        "coordinates": [
          135.581068,
          34.707421
        ]
      }
    },
    {
      "type": "Feature",
      "properties": {
        "P27_001": "27104",
        "P27_002": "3",
        "P27_003": "99999",
        "P27_004": "03102",
        "P27_005": "舞洲運動広場（運動場）",
        "P27_006": "北港緑地1-2-9",
        "P27_007": 3,
        "P27_008": -99,
        "P27_009": 9999
      },
      "geometry": {
        "type": "Point",
        "coordinates": [
          135.400397,
          34.664552
        ]
      }
    },
    {
      "type": "Feature",
      "properties": {
        "P27_001": "27104",
        "P27_002": "3",
        "P27_003": "99999",
        "P27_004": "03103",
        "P27_005": "舞洲運動広場（運動場）",
        "P27_006": "北港緑地1-2-9",
        "P27_007": 3,
        "P27_008": -99,
        "P27_009": 9999
      },
      "geometry": {
        "type": "Point",
        "coordinates": [
          135.400385,
          34.664361
        ]
      }
    },
    {
      "type": "Feature",
      "properties": {
        "P27_001": "27104",
        "P27_002": "3",
        "P27_003": "99999",
        "P27_004": "03104",
        "P27_005": "舞洲運動広場（運動場）",
        "P27_006": "北港緑地1-2-9",
        "P27_007": 3,
        "P27_008": -99,
        "P27_009": 9999
      },
      "geometry": {
        "type": "Point",
        "coordinates": [
          135.400379,
          34.664175
        ]
      }
    },
    {
      "type": "Feature",
      "properties": {
        "P27_001": "27109",
        "P27_002": "3",
        "P27_003": "99999",
        "P27_004": "03102",
        "P27_005": "五条運動場",
        "P27_006": "烏ヶ辻2-5（五条公園内）",
        "P27_007": 3,
        "P27_008": -99,
        "P27_009": 9999
      },
      "geometry": {
        "type": "Point",
        "coordinates": [
          135.523612,
          34.657707
        ]
      }
    },
    {
      "type": "Feature",
      "properties": {
        "P27_001": "27109",
        "P27_002": "3",
        "P27_003": "99999",
        "P27_004": "03138",
        "P27_005": "五条運動場",
        "P27_006": "烏ヶ辻2-5（五条公園内）",
        "P27_007": 3,
        "P27_008": -99,
        "P27_009": 9999
      },
      "geometry": {
        "type": "Point",
        "coordinates": [
          135.523612,
          34.657609
        ]
      }
    },
    {
      "type": "Feature",
      "properties": {
        "P27_001": "27109",
        "P27_002": "3",
        "P27_003": "99999",
        "P27_004": "03104",
        "P27_005": "五条運動場",
        "P27_006": "烏ヶ辻2-5（五条公園内）",
        "P27_007": 3,
        "P27_008": -99,
        "P27_009": 9999
      },
      "geometry": {
        "type": "Point",
        "coordinates": [
          135.523606,
          34.657521
        ]
      }
    },
    {
      "type": "Feature",
      "properties": {
        "P27_001": "27107",
        "P27_002": "3",
        "P27_003": "99999",
        "P27_004": "03102",
        "P27_005": "波除運動場",
        "P27_006": "波除5-5（波除公園内）",
        "P27_007": 3,
        "P27_008": -99,
        "P27_009": 9999
      },
      "geometry": {
        "type": "Point",
        "coordinates": [
          135.461208,
          34.674005
        ]
      }
    },
    {
      "type": "Feature",
      "properties": {
        "P27_001": "27107",
        "P27_002": "3",
        "P27_003": "99999",
        "P27_004": "03138",
        "P27_005": "波除運動場",
        "P27_006": "波除5-5（波除公園内）",
        "P27_007": 3,
        "P27_008": -99,
        "P27_009": 9999
      },
      "geometry": {
        "type": "Point",
        "coordinates": [
          135.460157,
          34.674538
        ]
      }
    },
    {
      "type": "Feature",
      "properties": {
        "P27_001": "27107",
        "P27_002": "3",
        "P27_003": "99999",
        "P27_004": "03104",
        "P27_005": "波除運動場",
        "P27_006": "波除5-5（波除公園内）",
        "P27_007": 3,
        "P27_008": -99,
        "P27_009": 9999
      },
      "geometry": {
        "type": "Point",
        "coordinates": [
          135.461203,
          34.673907
        ]
      }
    },
    {
      "type": "Feature",
      "properties": {
        "P27_001": "27107",
        "P27_002": "3",
        "P27_003": "99999",
        "P27_004": "03102",
        "P27_005": "磯路中央運動場",
        "P27_006": "磯路2-17（磯路中央公園内）",
        "P27_007": 3,
        "P27_008": -99,
        "P27_009": 9999
      },
      "geometry": {
        "type": "Point",
        "coordinates": [
          135.45903,
          34.66605
        ]
      }
    },
    {
      "type": "Feature",
      "properties": {
        "P27_001": "27107",
        "P27_002": "3",
        "P27_003": "99999",
        "P27_004": "03138",
        "P27_005": "磯路中央運動場",
        "P27_006": "磯路2-17（磯路中央公園内）",
        "P27_007": 3,
        "P27_008": -99,
        "P27_009": 9999
      },
      "geometry": {
        "type": "Point",
        "coordinates": [
          135.45846,
          34.665708
        ]
      }
    },
    {
      "type": "Feature",
      "properties": {
        "P27_001": "27107",
        "P27_002": "3",
        "P27_003": "99999",
        "P27_004": "03104",
        "P27_005": "磯路中央運動場",
        "P27_006": "磯路2-17（磯路中央公園内）",
        "P27_007": 3,
        "P27_008": -99,
        "P27_009": 9999
      },
      "geometry": {
        "type": "Point",
        "coordinates": [
          135.459025,
          34.665945
        ]
      }
    },
    {
      "type": "Feature",
      "properties": {
        "P27_001": "27124",
        "P27_002": "3",
        "P27_003": "99999",
        "P27_004": "03102",
        "P27_005": "今津運動場",
        "P27_006": "今津中2-3（今津公園内）",
        "P27_007": 3,
        "P27_008": -99,
        "P27_009": 9999
      },
      "geometry": {
        "type": "Point",
        "coordinates": [
          135.570358,
          34.691235
        ]
      }
    },
    {
      "type": "Feature",
      "properties": {
        "P27_001": "27124",
        "P27_002": "3",
        "P27_003": "99999",
        "P27_004": "03138",
        "P27_005": "今津運動場",
        "P27_006": "今津中2-3（今津公園内）",
        "P27_007": 3,
        "P27_008": -99,
        "P27_009": 9999
      },
      "geometry": {
        "type": "Point",
        "coordinates": [
          135.570355,
          34.691137
        ]
      }
    },
    {
      "type": "Feature",
      "properties": {
        "P27_001": "27124",
        "P27_002": "3",
        "P27_003": "99999",
        "P27_004": "03104",
        "P27_005": "今津運動場",
        "P27_006": "今津中2-3（今津公園内）",
        "P27_007": 3,
        "P27_008": -99,
        "P27_009": 9999
      },
      "geometry": {
        "type": "Point",
        "coordinates": [
          135.570361,
          34.691054
        ]
      }
    },
    {
      "type": "Feature",
      "properties": {
        "P27_001": "27108",
        "P27_002": "3",
        "P27_003": "99999",
        "P27_004": "03102",
        "P27_005": "鶴町南運動場",
        "P27_006": "鶴町1-19（鶴町南公園内）",
        "P27_007": 3,
        "P27_008": -99,
        "P27_009": 9999
      },
      "geometry": {
        "type": "Point",
        "coordinates": [
          135.455319,
          34.635677
        ]
      }
    },
    {
      "type": "Feature",
      "properties": {
        "P27_001": "27108",
        "P27_002": "3",
        "P27_003": "99999",
        "P27_004": "03138",
        "P27_005": "鶴町南運動場",
        "P27_006": "鶴町1-19（鶴町南公園内）",
        "P27_007": 3,
        "P27_008": -99,
        "P27_009": 9999
      },
      "geometry": {
        "type": "Point",
        "coordinates": [
          135.454532,
          34.635929
        ]
      }
    },
    {
      "type": "Feature",
      "properties": {
        "P27_001": "27108",
        "P27_002": "3",
        "P27_003": "99999",
        "P27_004": "03104",
        "P27_005": "鶴町南運動場",
        "P27_006": "鶴町1-19（鶴町南公園内）",
        "P27_007": 3,
        "P27_008": -99,
        "P27_009": 9999
      },
      "geometry": {
        "type": "Point",
        "coordinates": [
          135.454532,
          34.635834
        ]
      }
    },
    {
      "type": "Feature",
      "properties": {
        "P27_001": "27127",
        "P27_002": "3",
        "P27_003": "99999",
        "P27_004": "03102",
        "P27_005": "浦江運動場",
        "P27_006": "大淀南3-3（浦江公園内）",
        "P27_007": 3,
        "P27_008": -99,
        "P27_009": 9999
      },
      "geometry": {
        "type": "Point",
        "coordinates": [
          135.483857,
          34.701683
        ]
      }
    },
    {
      "type": "Feature",
      "properties": {
        "P27_001": "27127",
        "P27_002": "3",
        "P27_003": "99999",
        "P27_004": "03138",
        "P27_005": "浦江運動場",
        "P27_006": "大淀南3-3（浦江公園内）",
        "P27_007": 3,
        "P27_008": -99,
        "P27_009": 9999
      },
      "geometry": {
        "type": "Point",
        "coordinates": [
          135.483857,
          34.701595
        ]
      }
    },
    {
      "type": "Feature",
      "properties": {
        "P27_001": "27127",
        "P27_002": "3",
        "P27_003": "99999",
        "P27_004": "03104",
        "P27_005": "浦江運動場",
        "P27_006": "大淀南3-3（浦江公園内）",
        "P27_007": 3,
        "P27_008": -99,
        "P27_009": 9999
      },
      "geometry": {
        "type": "Point",
        "coordinates": [
          135.483851,
          34.701512
        ]
      }
    },
    {
      "type": "Feature",
      "properties": {
        "P27_001": "27127",
        "P27_002": "3",
        "P27_003": "99999",
        "P27_004": "03102",
        "P27_005": "与力町運動場",
        "P27_006": "与力町5（与力町公園内）",
        "P27_007": 3,
        "P27_008": -99,
        "P27_009": 9999
      },
      "geometry": {
        "type": "Point",
        "coordinates": [
          135.514331,
          34.701169
        ]
      }
    },
    {
      "type": "Feature",
      "properties": {
        "P27_001": "27127",
        "P27_002": "3",
        "P27_003": "99999",
        "P27_004": "03138",
        "P27_005": "与力町運動場",
        "P27_006": "与力町5（与力町公園内）",
        "P27_007": 3,
        "P27_008": -99,
        "P27_009": 9999
      },
      "geometry": {
        "type": "Point",
        "coordinates": [
          135.514337,
          34.701086
        ]
      }
    },
    {
      "type": "Feature",
      "properties": {
        "P27_001": "27127",
        "P27_002": "3",
        "P27_003": "99999",
        "P27_004": "03104",
        "P27_005": "与力町運動場",
        "P27_006": "与力町5（与力町公園内）",
        "P27_007": 3,
        "P27_008": -99,
        "P27_009": 9999
      },
      "geometry": {
        "type": "Point",
        "coordinates": [
          135.514331,
          34.701008
        ]
      }
    },
    {
      "type": "Feature",
      "properties": {
        "P27_001": "27115",
        "P27_002": "3",
        "P27_003": "99999",
        "P27_004": "03102",
        "P27_005": "神路運動場",
        "P27_006": "東中本2-12（神路公園内）",
        "P27_007": 3,
        "P27_008": -99,
        "P27_009": 9999
      },
      "geometry": {
        "type": "Point",
        "coordinates": [
          135.548422,
          34.678048
        ]
      }
    },
    {
      "type": "Feature",
      "properties": {
        "P27_001": "27115",
        "P27_002": "3",
        "P27_003": "99999",
        "P27_004": "03138",
        "P27_005": "神路運動場",
        "P27_006": "東中本2-12（神路公園内）",
        "P27_007": 3,
        "P27_008": -99,
        "P27_009": 9999
      },
      "geometry": {
        "type": "Point",
        "coordinates": [
          135.547929,
          34.677643
        ]
      }
    },
    {
      "type": "Feature",
      "properties": {
        "P27_001": "27115",
        "P27_002": "3",
        "P27_003": "99999",
        "P27_004": "03104",
        "P27_005": "神路運動場",
        "P27_006": "東中本2-12（神路公園内）",
        "P27_007": 3,
        "P27_008": -99,
        "P27_009": 9999
      },
      "geometry": {
        "type": "Point",
        "coordinates": [
          135.548422,
          34.67796
        ]
      }
    },
    {
      "type": "Feature",
      "properties": {
        "P27_001": "27119",
        "P27_002": "3",
        "P27_003": "99999",
        "P27_004": "03102",
        "P27_005": "長池運動場",
        "P27_006": "長池町19（長池公園内）",
        "P27_007": 3,
        "P27_008": -99,
        "P27_009": 9999
      },
      "geometry": {
        "type": "Point",
        "coordinates": [
          135.518411,
          34.622865
        ]
      }
    },
    {
      "type": "Feature",
      "properties": {
        "P27_001": "27119",
        "P27_002": "3",
        "P27_003": "99999",
        "P27_004": "03138",
        "P27_005": "長池運動場",
        "P27_006": "長池町19（長池公園内）",
        "P27_007": 3,
        "P27_008": -99,
        "P27_009": 9999
      },
      "geometry": {
        "type": "Point",
        "coordinates": [
          135.518408,
          34.62278
        ]
      }
    },
    {
      "type": "Feature",
      "properties": {
        "P27_001": "27119",
        "P27_002": "3",
        "P27_003": "99999",
        "P27_004": "03104",
        "P27_005": "長池運動場",
        "P27_006": "長池町19（長池公園内）",
        "P27_007": 3,
        "P27_008": -99,
        "P27_009": 9999
      },
      "geometry": {
        "type": "Point",
        "coordinates": [
          135.518408,
          34.622689
        ]
      }
    },
    {
      "type": "Feature",
      "properties": {
        "P27_001": "27121",
        "P27_002": "3",
        "P27_003": "99999",
        "P27_004": "03102",
        "P27_005": "長居運動場",
        "P27_006": "長居公園1（長居公園内）",
        "P27_007": 4,
        "P27_008": -99,
        "P27_009": 9999
      },
      "geometry": {
        "type": "Point",
        "coordinates": [
          135.516361,
          34.611394
        ]
      }
    },
    {
      "type": "Feature",
      "properties": {
        "P27_001": "27121",
        "P27_002": "3",
        "P27_003": "99999",
        "P27_004": "03138",
        "P27_005": "長居運動場",
        "P27_006": "長居公園1（長居公園内）",
        "P27_007": 4,
        "P27_008": -99,
        "P27_009": 9999
      },
      "geometry": {
        "type": "Point",
        "coordinates": [
          135.516367,
          34.611315
        ]
      }
    },
    {
      "type": "Feature",
      "properties": {
        "P27_001": "27121",
        "P27_002": "3",
        "P27_003": "99999",
        "P27_004": "03104",
        "P27_005": "長居運動場",
        "P27_006": "長居公園1（長居公園内）",
        "P27_007": 4,
        "P27_008": -99,
        "P27_009": 9999
      },
      "geometry": {
        "type": "Point",
        "coordinates": [
          135.516355,
          34.611227
        ]
      }
    },
    {
      "type": "Feature",
      "properties": {
        "P27_001": "27117",
        "P27_002": "3",
        "P27_003": "99999",
        "P27_004": "03102",
        "P27_005": "旭運動場",
        "P27_006": "高殿5-7（旭公園内）",
        "P27_007": 3,
        "P27_008": -99,
        "P27_009": 9999
      },
      "geometry": {
        "type": "Point",
        "coordinates": [
          135.54091,
          34.718661
        ]
      }
    },
    {
      "type": "Feature",
      "properties": {
        "P27_001": "27117",
        "P27_002": "3",
        "P27_003": "99999",
        "P27_004": "03138",
        "P27_005": "旭運動場",
        "P27_006": "高殿5-7（旭公園内）",
        "P27_007": 3,
        "P27_008": -99,
        "P27_009": 9999
      },
      "geometry": {
        "type": "Point",
        "coordinates": [
          135.54091,
          34.718554
        ]
      }
    },
    {
      "type": "Feature",
      "properties": {
        "P27_001": "27117",
        "P27_002": "3",
        "P27_003": "99999",
        "P27_004": "03104",
        "P27_005": "旭運動場",
        "P27_006": "高殿5-7（旭公園内）",
        "P27_007": 3,
        "P27_008": -99,
        "P27_009": 9999
      },
      "geometry": {
        "type": "Point",
        "coordinates": [
          135.54091,
          34.718451
        ]
      }
    },
    {
      "type": "Feature",
      "properties": {
        "P27_001": "27118",
        "P27_002": "3",
        "P27_003": "99999",
        "P27_004": "03102",
        "P27_005": "左専道運動場",
        "P27_006": "永田2-12（左専道公園内）",
        "P27_007": 3,
        "P27_008": -99,
        "P27_009": 9999
      },
      "geometry": {
        "type": "Point",
        "coordinates": [
          135.55741,
          34.686838
        ]
      }
    },
    {
      "type": "Feature",
      "properties": {
        "P27_001": "27118",
        "P27_002": "3",
        "P27_003": "99999",
        "P27_004": "03138",
        "P27_005": "左専道運動場",
        "P27_006": "永田2-12（左専道公園内）",
        "P27_007": 3,
        "P27_008": -99,
        "P27_009": 9999
      },
      "geometry": {
        "type": "Point",
        "coordinates": [
          135.55741,
          34.686746
        ]
      }
    },
    {
      "type": "Feature",
      "properties": {
        "P27_001": "27118",
        "P27_002": "3",
        "P27_003": "99999",
        "P27_004": "03104",
        "P27_005": "左専道運動場",
        "P27_006": "永田2-12（左専道公園内）",
        "P27_007": 3,
        "P27_008": -99,
        "P27_009": 9999
      },
      "geometry": {
        "type": "Point",
        "coordinates": [
          135.557404,
          34.686658
        ]
      }
    },
    {
      "type": "Feature",
      "properties": {
        "P27_001": "27118",
        "P27_002": "3",
        "P27_003": "99999",
        "P27_004": "03102",
        "P27_005": "東中浜運動場",
        "P27_006": "東中浜5-3（東中浜公園内）",
        "P27_007": 3,
        "P27_008": -99,
        "P27_009": 9999
      },
      "geometry": {
        "type": "Point",
        "coordinates": [
          135.549362,
          34.685003
        ]
      }
    },
    {
      "type": "Feature",
      "properties": {
        "P27_001": "27118",
        "P27_002": "3",
        "P27_003": "99999",
        "P27_004": "03138",
        "P27_005": "東中浜運動場",
        "P27_006": "東中浜5-3（東中浜公園内）",
        "P27_007": 3,
        "P27_008": -99,
        "P27_009": 9999
      },
      "geometry": {
        "type": "Point",
        "coordinates": [
          135.549356,
          34.68491
        ]
      }
    },
    {
      "type": "Feature",
      "properties": {
        "P27_001": "27118",
        "P27_002": "3",
        "P27_003": "99999",
        "P27_004": "03104",
        "P27_005": "東中浜運動場",
        "P27_006": "東中浜5-3（東中浜公園内）",
        "P27_007": 3,
        "P27_008": -99,
        "P27_009": 9999
      },
      "geometry": {
        "type": "Point",
        "coordinates": [
          135.549356,
          34.684822
        ]
      }
    },
    {
      "type": "Feature",
      "properties": {
        "P27_001": "27118",
        "P27_002": "3",
        "P27_003": "99999",
        "P27_004": "03102",
        "P27_005": "鯰江運動場",
        "P27_006": "今福西6-5（鯰江公園内）",
        "P27_007": 3,
        "P27_008": -99,
        "P27_009": 9999
      },
      "geometry": {
        "type": "Point",
        "coordinates": [
          135.551782,
          34.704149
        ]
      }
    },
    {
      "type": "Feature",
      "properties": {
        "P27_001": "27118",
        "P27_002": "3",
        "P27_003": "99999",
        "P27_004": "03138",
        "P27_005": "鯰江運動場",
        "P27_006": "今福西6-5（鯰江公園内）",
        "P27_007": 3,
        "P27_008": -99,
        "P27_009": 9999
      },
      "geometry": {
        "type": "Point",
        "coordinates": [
          135.551782,
          34.704066
        ]
      }
    },
    {
      "type": "Feature",
      "properties": {
        "P27_001": "27118",
        "P27_002": "3",
        "P27_003": "99999",
        "P27_004": "03104",
        "P27_005": "鯰江運動場",
        "P27_006": "今福西6-5（鯰江公園内）",
        "P27_007": 3,
        "P27_008": -99,
        "P27_009": 9999
      },
      "geometry": {
        "type": "Point",
        "coordinates": [
          135.551782,
          34.703968
        ]
      }
    },
    {
      "type": "Feature",
      "properties": {
        "P27_001": "27121",
        "P27_002": "3",
        "P27_003": "99999",
        "P27_004": "03102",
        "P27_005": "平野白鷺運動場",
        "P27_006": "今川6-8（平野白鷺公園内）",
        "P27_007": 3,
        "P27_008": -99,
        "P27_009": 9999
      },
      "geometry": {
        "type": "Point",
        "coordinates": [
          135.541289,
          34.62715
        ]
      }
    },
    {
      "type": "Feature",
      "properties": {
        "P27_001": "27121",
        "P27_002": "3",
        "P27_003": "99999",
        "P27_004": "03138",
        "P27_005": "平野白鷺運動場",
        "P27_006": "今川6-8（平野白鷺公園内）",
        "P27_007": 3,
        "P27_008": -99,
        "P27_009": 9999
      },
      "geometry": {
        "type": "Point",
        "coordinates": [
          135.542394,
          34.627092
        ]
      }
    },
    {
      "type": "Feature",
      "properties": {
        "P27_001": "27121",
        "P27_002": "3",
        "P27_003": "99999",
        "P27_004": "03104",
        "P27_005": "平野白鷺運動場",
        "P27_006": "今川6-8（平野白鷺公園内）",
        "P27_007": 3,
        "P27_008": -99,
        "P27_009": 9999
      },
      "geometry": {
        "type": "Point",
        "coordinates": [
          135.541283,
          34.627043
        ]
      }
    },
    {
      "type": "Feature",
      "properties": {
        "P27_001": "27103",
        "P27_002": "3",
        "P27_003": "99999",
        "P27_004": "03102",
        "P27_005": "吉野町運動場",
        "P27_006": "吉野4-12（吉野町公園内）",
        "P27_007": 3,
        "P27_008": -99,
        "P27_009": 9999
      },
      "geometry": {
        "type": "Point",
        "coordinates": [
          135.470975,
          34.689948
        ]
      }
    },
    {
      "type": "Feature",
      "properties": {
        "P27_001": "27104",
        "P27_002": "3",
        "P27_003": "99999",
        "P27_004": "03102",
        "P27_005": "春日出運動場",
        "P27_006": "春日出南1-2（春日出公園内）",
        "P27_007": 3,
        "P27_008": -99,
        "P27_009": 9999
      },
      "geometry": {
        "type": "Point",
        "coordinates": [
          135.458529,
          34.679475
        ]
      }
    },
    {
      "type": "Feature",
      "properties": {
        "P27_001": "27103",
        "P27_002": "3",
        "P27_003": "99999",
        "P27_004": "03102",
        "P27_005": "下福島運動場",
        "P27_006": "福島4-1（下福島公園内）",
        "P27_007": 3,
        "P27_008": -99,
        "P27_009": 9999
      },
      "geometry": {
        "type": "Point",
        "coordinates": [
          135.482414,
          34.690811
        ]
      }
    },
    {
      "type": "Feature",
      "properties": {
        "P27_001": "27113",
        "P27_002": "3",
        "P27_003": "99999",
        "P27_004": "03102",
        "P27_005": "歌島運動場",
        "P27_006": "御幣島5-7（歌島公園内）",
        "P27_007": 3,
        "P27_008": -99,
        "P27_009": 9999
      },
      "geometry": {
        "type": "Point",
        "coordinates": [
          135.457799,
          34.720032
        ]
      }
    },
    {
      "type": "Feature",
      "properties": {
        "P27_001": "27113",
        "P27_002": "3",
        "P27_003": "99999",
        "P27_004": "03138",
        "P27_005": "歌島運動場",
        "P27_006": "御幣島5-7（歌島公園内）",
        "P27_007": 3,
        "P27_008": -99,
        "P27_009": 9999
      },
      "geometry": {
        "type": "Point",
        "coordinates": [
          135.457799,
          34.719944
        ]
      }
    },
    {
      "type": "Feature",
      "properties": {
        "P27_001": "27113",
        "P27_002": "3",
        "P27_003": "99999",
        "P27_004": "03104",
        "P27_005": "歌島運動場",
        "P27_006": "御幣島5-7（歌島公園内）",
        "P27_007": 3,
        "P27_008": -99,
        "P27_009": 9999
      },
      "geometry": {
        "type": "Point",
        "coordinates": [
          135.457799,
          34.719851
        ]
      }
    },
    {
      "type": "Feature",
      "properties": {
        "P27_001": "27115",
        "P27_002": "3",
        "P27_003": "99999",
        "P27_004": "03102",
        "P27_005": "東中本運動場",
        "P27_006": "東中本3-15（東中本公園内）",
        "P27_007": 3,
        "P27_008": -99,
        "P27_009": 9999
      },
      "geometry": {
        "type": "Point",
        "coordinates": [
          135.545415,
          34.676138
        ]
      }
    },
    {
      "type": "Feature",
      "properties": {
        "P27_001": "27115",
        "P27_002": "3",
        "P27_003": "99999",
        "P27_004": "03138",
        "P27_005": "東中本運動場",
        "P27_006": "東中本3-15（東中本公園内）",
        "P27_007": 3,
        "P27_008": -99,
        "P27_009": 9999
      },
      "geometry": {
        "type": "Point",
        "coordinates": [
          135.545415,
          34.676045
        ]
      }
    },
    {
      "type": "Feature",
      "properties": {
        "P27_001": "27115",
        "P27_002": "3",
        "P27_003": "99999",
        "P27_004": "03104",
        "P27_005": "東中本運動場",
        "P27_006": "東中本3-15（東中本公園内）",
        "P27_007": 3,
        "P27_008": -99,
        "P27_009": 9999
      },
      "geometry": {
        "type": "Point",
        "coordinates": [
          135.545409,
          34.675958
        ]
      }
    },
    {
      "type": "Feature",
      "properties": {
        "P27_001": "27104",
        "P27_002": "3",
        "P27_003": "99999",
        "P27_004": "03102",
        "P27_005": "舞洲ベースボールスタジアム",
        "P27_006": "北港緑地2-3-142",
        "P27_007": 3,
        "P27_008": -99,
        "P27_009": 9999
      },
      "geometry": {
        "type": "Point",
        "coordinates": [
          135.396827,
          34.663047
        ]
      }
    },
    {
      "type": "Feature",
      "properties": {
        "P27_001": "27125",
        "P27_002": "3",
        "P27_003": "99999",
        "P27_004": "03102",
        "P27_005": "南港中央野球場",
        "P27_006": "南港東8-5-132（南港中央公園内）",
        "P27_007": 4,
        "P27_008": -99,
        "P27_009": 9999
      },
      "geometry": {
        "type": "Point",
        "coordinates": [
          135.432319,
          34.629904
        ]
      }
    },
    {
      "type": "Feature",
      "properties": {
        "P27_001": "27102",
        "P27_002": "3",
        "P27_003": "99999",
        "P27_004": "03102",
        "P27_005": "桜之宮野球場",
        "P27_006": "中野町1-10（桜之宮公園）",
        "P27_007": 3,
        "P27_008": -99,
        "P27_009": 9999
      },
      "geometry": {
        "type": "Point",
        "coordinates": [
          135.522264,
          34.701171
        ]
      }
    },
    {
      "type": "Feature",
      "properties": {
        "P27_001": "27108",
        "P27_002": "3",
        "P27_003": "99999",
        "P27_004": "03102",
        "P27_005": "小林野球場",
        "P27_006": "小林東2-6（小林公園内）",
        "P27_007": 3,
        "P27_008": -99,
        "P27_009": 9999
      },
      "geometry": {
        "type": "Point",
        "coordinates": [
          135.475037,
          34.644349
        ]
      }
    },
    {
      "type": "Feature",
      "properties": {
        "P27_001": "27118",
        "P27_002": "3",
        "P27_003": "99999",
        "P27_004": "03102",
        "P27_005": "蒲生野球場",
        "P27_006": "中央3-8（蒲生公園内）",
        "P27_007": 3,
        "P27_008": -99,
        "P27_009": 9999
      },
      "geometry": {
        "type": "Point",
        "coordinates": [
          135.544706,
          34.704118
        ]
      }
    },
    {
      "type": "Feature",
      "properties": {
        "P27_001": "27125",
        "P27_002": "3",
        "P27_003": "99999",
        "P27_004": "03102",
        "P27_005": "北加賀屋野球場",
        "P27_006": "北加賀屋5-3（北加賀屋公園内）",
        "P27_007": 3,
        "P27_008": -99,
        "P27_009": 9999
      },
      "geometry": {
        "type": "Point",
        "coordinates": [
          135.47571,
          34.623017
        ]
      }
    },
    {
      "type": "Feature",
      "properties": {
        "P27_001": "27128",
        "P27_002": "3",
        "P27_003": "99999",
        "P27_004": "03102",
        "P27_005": "大阪城野球場",
        "P27_006": "大阪城3（大阪城公園内）",
        "P27_007": 3,
        "P27_008": -99,
        "P27_009": 9999
      },
      "geometry": {
        "type": "Point",
        "coordinates": [
          135.531431,
          34.688619
        ]
      }
    },
    {
      "type": "Feature",
      "properties": {
        "P27_001": "27106",
        "P27_002": "3",
        "P27_003": "99999",
        "P27_004": "03102",
        "P27_005": "松島野球場",
        "P27_006": "千代崎1-3（松島公園内）",
        "P27_007": 3,
        "P27_008": -99,
        "P27_009": 9999
      },
      "geometry": {
        "type": "Point",
        "coordinates": [
          135.480469,
          34.676135
        ]
      }
    },
    {
      "type": "Feature",
      "properties": {
        "P27_001": "27113",
        "P27_002": "3",
        "P27_003": "99999",
        "P27_004": "03102",
        "P27_005": "中島野球場",
        "P27_006": "中島（中島公園内）",
        "P27_007": 3,
        "P27_008": -99,
        "P27_009": 9999
      },
      "geometry": {
        "type": "Point",
        "coordinates": [
          135.426568,
          34.69879
        ]
      }
    },
    {
      "type": "Feature",
      "properties": {
        "P27_001": "27123",
        "P27_002": "3",
        "P27_003": "99999",
        "P27_004": "03102",
        "P27_005": "十三野球場",
        "P27_006": "十三元今里1-1（十三公園内）",
        "P27_007": 3,
        "P27_008": -99,
        "P27_009": 9999
      },
      "geometry": {
        "type": "Point",
        "coordinates": [
          135.476543,
          34.716963
        ]
      }
    },
    {
      "type": "Feature",
      "properties": {
        "P27_001": "27109",
        "P27_002": "3",
        "P27_003": "99999",
        "P27_004": "03102",
        "P27_005": "真田山野球場",
        "P27_006": "真田山町5（真田山公園内）",
        "P27_007": 3,
        "P27_008": -99,
        "P27_009": 9999
      },
      "geometry": {
        "type": "Point",
        "coordinates": [
          135.528097,
          34.669582
        ]
      }
    },
    {
      "type": "Feature",
      "properties": {
        "P27_001": "27116",
        "P27_002": "3",
        "P27_003": "99999",
        "P27_004": "03102",
        "P27_005": "桃谷野球場",
        "P27_006": "桃谷1-2（桃谷公園内）",
        "P27_007": 3,
        "P27_008": -99,
        "P27_009": 9999
      },
      "geometry": {
        "type": "Point",
        "coordinates": [
          135.529956,
          34.660618
        ]
      }
    },
    {
      "type": "Feature",
      "properties": {
        "P27_001": "27109",
        "P27_002": "3",
        "P27_003": "99999",
        "P27_004": "03102",
        "P27_005": "寺田町野球場",
        "P27_006": "寺田町1-5（寺田町公園内）",
        "P27_007": 3,
        "P27_008": -99,
        "P27_009": 9999
      },
      "geometry": {
        "type": "Point",
        "coordinates": [
          135.520885,
          34.652853
        ]
      }
    },
    {
      "type": "Feature",
      "properties": {
        "P27_001": "27121",
        "P27_002": "3",
        "P27_003": "99999",
        "P27_004": "03101",
        "P27_005": "長居第２陸上競技場",
        "P27_006": "長居公園1-1（長居公園内）",
        "P27_007": 4,
        "P27_008": -99,
        "P27_009": 9999
      },
      "geometry": {
        "type": "Point",
        "coordinates": [
          135.518659,
          34.611266
        ]
      }
    },
    {
      "type": "Feature",
      "properties": {
        "P27_001": "27121",
        "P27_002": "3",
        "P27_003": "99999",
        "P27_004": "03101",
        "P27_005": "長居陸上競技場",
        "P27_006": "長居公園1-1（長居公園内）",
        "P27_007": 4,
        "P27_008": -99,
        "P27_009": 9999
      },
      "geometry": {
        "type": "Point",
        "coordinates": [
          135.518564,
          34.614097
        ]
      }
    },
    {
      "type": "Feature",
      "properties": {
        "P27_001": "27203",
        "P27_002": "3",
        "P27_003": "99999",
        "P27_004": "03102",
        "P27_005": "スカイランドＨＡＲＡＤＡ（原田処理場）",
        "P27_006": "原田西町1-1",
        "P27_007": 3,
        "P27_008": -99,
        "P27_009": 9999
      },
      "geometry": {
        "type": "Point",
        "coordinates": [
          135.443656,
          34.773685
        ]
      }
    },
    {
      "type": "Feature",
      "properties": {
        "P27_001": "27203",
        "P27_002": "3",
        "P27_003": "99999",
        "P27_004": "03138",
        "P27_005": "スカイランドＨＡＲＡＤＡ（原田処理場）",
        "P27_006": "原田西町1-1",
        "P27_007": 3,
        "P27_008": -99,
        "P27_009": 9999
      },
      "geometry": {
        "type": "Point",
        "coordinates": [
          135.443097,
          34.774507
        ]
      }
    },
    {
      "type": "Feature",
      "properties": {
        "P27_001": "27203",
        "P27_002": "3",
        "P27_003": "99999",
        "P27_004": "03107",
        "P27_005": "クリーンスポーツランド",
        "P27_006": "原田西町2-1",
        "P27_007": 3,
        "P27_008": -99,
        "P27_009": 1998
      },
      "geometry": {
        "type": "Point",
        "coordinates": [
          135.445354,
          34.769648
        ]
      }
    }
  ],
  "bbox": [
    135.112073,
    34.314703,
    135.719729,
    35.005527
  ]
}