{
  "type": "FeatureCollection",
  "features": [
    {
      "type": "Feature",
      "properties": {
        "P12_001": 10001,
        "P12_002": "日吉大社",
        "P12_003": "25",
        "P12_004": "25201",
        "P12_005": "神社・寺院・教会",
        "P12_006": "大津市坂本5-1-1",
        "P12_007": null
      },
      "geometry": {
        "type": "MultiPoint",
        "coordinates": [
          [
            135.8649841920669,
            35.07342925235815
          ]
        ]
      }
    },
    {
      "type": "Feature",
      "properties": {
        "P12_001": 10002,
        "P12_002": "延暦寺",
        "P12_003": "25",
        "P12_004": "25201",
        "P12_005": "神社・寺院・教会",
        "P12_006": "大津市坂本本町",
        "P12_007": -1
      },
      "geometry": {
        "type": "MultiPoint",
        "coordinates": [
          [
            135.84109004976608,
            35.07045939058844
          ]
        ]
      }
    },
    {
      "type": "Feature",
      "properties": {
        "P12_001": 10003,
        "P12_002": "園城寺",
        "P12_003": "25",
        "P12_004": "25201",
        "P12_005": "神社・寺院・教会",
        "P12_006": "大津市園城寺町",
        "P12_007": -1
      },
      "geometry": {
        "type": "MultiPoint",
        "coordinates": [
          [
            135.85285099947407,
            35.01336100040987
          ]
        ]
      }
    },
    {
      "type": "Feature",
      "properties": {
        "P12_001": 10004,
        "P12_002": "比良八講",
        "P12_003": "25",
        "P12_004": "25201",
        "P12_005": "‐",
        "P12_006": "大津市北比良982-42",
        "P12_007": null
      },
      "geometry": {
        "type": "MultiPoint",
        "coordinates": [
          [
            135.94551472212675,
            35.227991111700476
          ]
        ]
      }
    },
    {
      "type": "Feature",
      "properties": {
        "P12_001": 10005,
        "P12_002": "比良ゴルフ倶楽部",
        "P12_003": "25",
        "P12_004": "25201",
        "P12_005": "‐",
        "P12_006": "大津市小野1611",
        "P12_007": null
      },
      "geometry": {
        "type": "MultiPoint",
        "coordinates": [
          [
            135.90559222200352,
            35.14852000009796
          ]
        ]
      }
    },
    {
      "type": "Feature",
      "properties": {
        "P12_001": 10006,
        "P12_002": "比良げんき村",
        "P12_003": "25",
        "P12_004": "25201",
        "P12_005": "‐",
        "P12_006": "大津市北小松1769-3",
        "P12_007": null
      },
      "geometry": {
        "type": "MultiPoint",
        "coordinates": [
          [
            135.96336833318207,
            35.25766777784571
          ]
        ]
      }
    },
    {
      "type": "Feature",
      "properties": {
        "P12_001": 10007,
        "P12_002": "近江舞子いちご園",
        "P12_003": "25",
        "P12_004": "25201",
        "P12_005": "‐",
        "P12_006": "大津市南小松1279-1",
        "P12_007": null
      },
      "geometry": {
        "type": "MultiPoint",
        "coordinates": [
          [
            135.95400900051504,
            35.23540899962569
          ]
        ]
      }
    },
    {
      "type": "Feature",
      "properties": {
        "P12_001": 10008,
        "P12_002": "比良とぴあ",
        "P12_003": "25",
        "P12_004": "25201",
        "P12_005": "‐",
        "P12_006": "大津市北比良1039-2",
        "P12_007": null
      },
      "geometry": {
        "type": "MultiPoint",
        "coordinates": [
          [
            135.94266479754242,
            35.23323765669255
          ]
        ]
      }
    },
    {
      "type": "Feature",
      "properties": {
        "P12_001": 10009,
        "P12_002": "ビューロッジ琵琶",
        "P12_003": "25",
        "P12_004": "25201",
        "P12_005": "‐",
        "P12_006": "大津市今堅田3-24-7",
        "P12_007": null
      },
      "geometry": {
        "type": "MultiPoint",
        "coordinates": [
          [
            135.92857916689513,
            35.12892111072074
          ]
        ]
      }
    },
    {
      "type": "Feature",
      "properties": {
        "P12_001": 10010,
        "P12_002": "川息障　明王院",
        "P12_003": "25",
        "P12_004": "25201",
        "P12_005": "‐",
        "P12_006": "大津市川坊村町155",
        "P12_007": null
      },
      "geometry": {
        "type": "MultiPoint",
        "coordinates": [
          [
            135.8691509525545,
            35.2478765808396
          ]
        ]
      }
    },
    {
      "type": "Feature",
      "properties": {
        "P12_001": 10011,
        "P12_002": "居初氏庭園",
        "P12_003": "25",
        "P12_004": "25201",
        "P12_005": "‐",
        "P12_006": "大津市本堅田2-12-5",
        "P12_007": null
      },
      "geometry": {
        "type": "MultiPoint",
        "coordinates": [
          [
            135.9225795853796,
            35.11392376986612
          ]
        ]
      }
    },
    {
      "type": "Feature",
      "properties": {
        "P12_001": 10012,
        "P12_002": "「道の駅」びわ湖大橋米プラザ",
        "P12_003": "25",
        "P12_004": "25201",
        "P12_005": "‐",
        "P12_006": "大津市今堅田3-1-1",
        "P12_007": null
      },
      "geometry": {
        "type": "MultiPoint",
        "coordinates": [
          [
            135.92821388836035,
            35.12457583300835
          ]
        ]
      }
    },
    {
      "type": "Feature",
      "properties": {
        "P12_001": 10013,
        "P12_002": "１００円商店街（堅田）",
        "P12_003": "25",
        "P12_004": "25201",
        "P12_005": "‐",
        "P12_006": "大津市堅田商店街",
        "P12_007": null
      },
      "geometry": {
        "type": "MultiPoint",
        "coordinates": [
          [
            135.91685080142338,
            35.119834361666506
          ]
        ]
      }
    },
    {
      "type": "Feature",
      "properties": {
        "P12_001": 10014,
        "P12_002": "琵琶湖グランドホテル",
        "P12_003": "25",
        "P12_004": "25201",
        "P12_005": "‐",
        "P12_006": "大津市雄琴6-5-1",
        "P12_007": null
      },
      "geometry": {
        "type": "MultiPoint",
        "coordinates": [
          [
            135.89726861065787,
            35.0877452776225
          ]
        ]
      }
    },
    {
      "type": "Feature",
      "properties": {
        "P12_001": 10015,
        "P12_002": "京近江",
        "P12_003": "25",
        "P12_004": "25201",
        "P12_005": "‐",
        "P12_006": "大津市雄琴6-5-1",
        "P12_007": null
      },
      "geometry": {
        "type": "MultiPoint",
        "coordinates": [
          [
            135.89726861065787,
            35.0877452776225
          ]
        ]
      }
    },
    {
      "type": "Feature",
      "properties": {
        "P12_001": 10016,
        "P12_002": "びわこ花街道",
        "P12_003": "25",
        "P12_004": "25201",
        "P12_005": "‐",
        "P12_006": "大津市雄琴1-1-3",
        "P12_007": null
      },
      "geometry": {
        "type": "MultiPoint",
        "coordinates": [
          [
            135.89218861111556,
            35.089173055692015
          ]
        ]
      }
    },
    {
      "type": "Feature",
      "properties": {
        "P12_001": 10017,
        "P12_002": "湯元舘",
        "P12_003": "25",
        "P12_004": "25201",
        "P12_005": "‐",
        "P12_006": "大津市苗鹿2-30-7",
        "P12_007": null
      },
      "geometry": {
        "type": "MultiPoint",
        "coordinates": [
          [
            135.89256749999015,
            35.0878447219564
          ]
        ]
      }
    },
    {
      "type": "Feature",
      "properties": {
        "P12_001": 10018,
        "P12_002": "湯の宿　木もれび",
        "P12_003": "25",
        "P12_004": "25201",
        "P12_005": "‐",
        "P12_006": "大津市苗鹿2-30-1",
        "P12_007": null
      },
      "geometry": {
        "type": "MultiPoint",
        "coordinates": [
          [
            135.892721666272,
            35.088444444755396
          ]
        ]
      }
    },
    {
      "type": "Feature",
      "properties": {
        "P12_001": 10019,
        "P12_002": "あがりゃんせ",
        "P12_003": "25",
        "P12_004": "25201",
        "P12_005": "‐",
        "P12_006": "大津市苗鹿3-9-5",
        "P12_007": null
      },
      "geometry": {
        "type": "MultiPoint",
        "coordinates": [
          [
            135.89459277683522,
            35.08601917104795
          ]
        ]
      }
    },
    {
      "type": "Feature",
      "properties": {
        "P12_001": 10020,
        "P12_002": "坂本ケーブル",
        "P12_003": "25",
        "P12_004": "25201",
        "P12_005": "‐",
        "P12_006": "大津市坂本本町4244",
        "P12_007": null
      },
      "geometry": {
        "type": "MultiPoint",
        "coordinates": [
          [
            135.8639790000309,
            35.0696800003318
          ]
        ]
      }
    },
    {
      "type": "Feature",
      "properties": {
        "P12_001": 10021,
        "P12_002": "奥比叡ドライブウェイ",
        "P12_003": "25",
        "P12_004": "25201",
        "P12_005": "‐",
        "P12_006": "大津市坂本本町",
        "P12_007": null
      },
      "geometry": {
        "type": "MultiPoint",
        "coordinates": [
          [
            135.8705949993598,
            35.10721000074102
          ]
        ]
      }
    },
    {
      "type": "Feature",
      "properties": {
        "P12_001": 10022,
        "P12_002": "琵琶湖ホテル",
        "P12_003": "25",
        "P12_004": "25201",
        "P12_005": "‐",
        "P12_006": "大津市浜町2-40",
        "P12_007": null
      },
      "geometry": {
        "type": "MultiPoint",
        "coordinates": [
          [
            135.868246111369,
            35.010156388606504
          ]
        ]
      }
    },
    {
      "type": "Feature",
      "properties": {
        "P12_001": 10023,
        "P12_002": "円満院門跡",
        "P12_003": "25",
        "P12_004": "25201",
        "P12_005": "‐",
        "P12_006": "大津市園城寺町33",
        "P12_007": null
      },
      "geometry": {
        "type": "MultiPoint",
        "coordinates": [
          [
            135.85336080715558,
            35.01454412421202
          ]
        ]
      }
    },
    {
      "type": "Feature",
      "properties": {
        "P12_001": 10024,
        "P12_002": "大津市歴史博物館",
        "P12_003": "25",
        "P12_004": "25201",
        "P12_005": "‐",
        "P12_006": "大津市御陵町2-2",
        "P12_007": null
      },
      "geometry": {
        "type": "MultiPoint",
        "coordinates": [
          [
            135.8528255558548,
            35.01548916599228
          ]
        ]
      }
    },
    {
      "type": "Feature",
      "properties": {
        "P12_001": 10025,
        "P12_002": "近江神宮勧学館",
        "P12_003": "25",
        "P12_004": "25201",
        "P12_005": "‐",
        "P12_006": "大津市神宮町1-1",
        "P12_007": null
      },
      "geometry": {
        "type": "MultiPoint",
        "coordinates": [
          [
            135.85287388362292,
            35.03358471086574
          ]
        ]
      }
    },
    {
      "type": "Feature",
      "properties": {
        "P12_001": 10026,
        "P12_002": "長等創作展示館／三橋節子美術館",
        "P12_003": "25",
        "P12_004": "25201",
        "P12_005": "‐",
        "P12_006": "大津市小関町1-1",
        "P12_007": null
      },
      "geometry": {
        "type": "MultiPoint",
        "coordinates": [
          [
            135.8572824996877,
            35.00731777749348
          ]
        ]
      }
    },
    {
      "type": "Feature",
      "properties": {
        "P12_001": 10027,
        "P12_002": "大津市伝統芸能会館",
        "P12_003": "25",
        "P12_004": "25201",
        "P12_005": "‐",
        "P12_006": "大津市園城寺町246-24",
        "P12_007": null
      },
      "geometry": {
        "type": "MultiPoint",
        "coordinates": [
          [
            135.85481027777212,
            35.01450638955828
          ]
        ]
      }
    },
    {
      "type": "Feature",
      "properties": {
        "P12_001": 10028,
        "P12_002": "まちなか交流館「ゆうゆうかん」",
        "P12_003": "25",
        "P12_004": "25201",
        "P12_005": "‐",
        "P12_006": "大津市長等2-9-1（菱屋町商店街内）",
        "P12_007": null
      },
      "geometry": {
        "type": "MultiPoint",
        "coordinates": [
          [
            135.86130497744284,
            35.009020650982336
          ]
        ]
      }
    },
    {
      "type": "Feature",
      "properties": {
        "P12_001": 10029,
        "P12_002": "琵琶湖汽船（株）大津港",
        "P12_003": "25",
        "P12_004": "25201",
        "P12_005": "‐",
        "P12_006": "大津市浜大津5-1-1",
        "P12_007": null
      },
      "geometry": {
        "type": "MultiPoint",
        "coordinates": [
          [
            135.86614254044594,
            35.01250335024946
          ]
        ]
      }
    },
    {
      "type": "Feature",
      "properties": {
        "P12_001": 10030,
        "P12_002": "湖の駅",
        "P12_003": "25",
        "P12_004": "25201",
        "P12_005": "‐",
        "P12_006": "大津市浜町2-1（浜大津アーカス2階）",
        "P12_007": null
      },
      "geometry": {
        "type": "MultiPoint",
        "coordinates": [
          [
            135.86681519826288,
            35.01076800404019
          ]
        ]
      }
    },
    {
      "type": "Feature",
      "properties": {
        "P12_001": 10031,
        "P12_002": "なぎさ公園おまつり広場",
        "P12_003": "25",
        "P12_004": "25201",
        "P12_005": "‐",
        "P12_006": "大津市島の関　および　中央",
        "P12_007": null
      },
      "geometry": {
        "type": "MultiPoint",
        "coordinates": [
          [
            135.8710608265959,
            35.00953221683841
          ]
        ]
      }
    },
    {
      "type": "Feature",
      "properties": {
        "P12_001": 10032,
        "P12_002": "柳が崎湖畔公園有料庭園",
        "P12_003": "25",
        "P12_004": "25201",
        "P12_005": "‐",
        "P12_006": "大津市柳が崎5-35",
        "P12_007": null
      },
      "geometry": {
        "type": "MultiPoint",
        "coordinates": [
          [
            135.86836582911974,
            35.026414446769365
          ]
        ]
      }
    },
    {
      "type": "Feature",
      "properties": {
        "P12_001": 10033,
        "P12_002": "びわ湖大津館",
        "P12_003": "25",
        "P12_004": "25201",
        "P12_005": "‐",
        "P12_006": "大津市柳が崎5-35",
        "P12_007": null
      },
      "geometry": {
        "type": "MultiPoint",
        "coordinates": [
          [
            135.8678047223101,
            35.026709999966556
          ]
        ]
      }
    },
    {
      "type": "Feature",
      "properties": {
        "P12_001": 10034,
        "P12_002": "大津市科学館",
        "P12_003": "25",
        "P12_004": "25201",
        "P12_005": "‐",
        "P12_006": "大津市本丸町6-50（生涯学習センター内）",
        "P12_007": null
      },
      "geometry": {
        "type": "MultiPoint",
        "coordinates": [
          [
            135.89375138911532,
            34.99403666685873
          ]
        ]
      }
    },
    {
      "type": "Feature",
      "properties": {
        "P12_001": 10035,
        "P12_002": "膳所焼美術館",
        "P12_003": "25",
        "P12_004": "25201",
        "P12_005": "‐",
        "P12_006": "大津市中庄1-22-28",
        "P12_007": null
      },
      "geometry": {
        "type": "MultiPoint",
        "coordinates": [
          [
            135.89489638885732,
            34.98847444454003
          ]
        ]
      }
    },
    {
      "type": "Feature",
      "properties": {
        "P12_001": 10036,
        "P12_002": "なぎさ公園打出の森",
        "P12_003": "25",
        "P12_004": "25201",
        "P12_005": "‐",
        "P12_006": "大津市打出浜",
        "P12_007": null
      },
      "geometry": {
        "type": "MultiPoint",
        "coordinates": [
          [
            135.87571102574327,
            35.0077700762281
          ]
        ]
      }
    },
    {
      "type": "Feature",
      "properties": {
        "P12_001": 10037,
        "P12_002": "なぎさ公園なぎさのプロムナード",
        "P12_003": "25",
        "P12_004": "25201",
        "P12_005": "‐",
        "P12_006": "大津市におの浜",
        "P12_007": null
      },
      "geometry": {
        "type": "MultiPoint",
        "coordinates": [
          [
            135.88333524332688,
            35.00645449937571
          ]
        ]
      }
    },
    {
      "type": "Feature",
      "properties": {
        "P12_001": 10038,
        "P12_002": "なぎさ公園市民プラザ",
        "P12_003": "25",
        "P12_004": "25201",
        "P12_005": "‐",
        "P12_006": "大津市由美浜",
        "P12_007": null
      },
      "geometry": {
        "type": "MultiPoint",
        "coordinates": [
          [
            135.891841110379,
            35.00202833124257
          ]
        ]
      }
    },
    {
      "type": "Feature",
      "properties": {
        "P12_001": 10039,
        "P12_002": "なぎさ公園サンシャインビーチ",
        "P12_003": "25",
        "P12_004": "25201",
        "P12_005": "‐",
        "P12_006": "大津市由美浜",
        "P12_007": null
      },
      "geometry": {
        "type": "MultiPoint",
        "coordinates": [
          [
            135.8923858908962,
            35.00117234572724
          ]
        ]
      }
    },
    {
      "type": "Feature",
      "properties": {
        "P12_001": 10040,
        "P12_002": "なぎさ公園膳所晴嵐の道",
        "P12_003": "25",
        "P12_004": "25201",
        "P12_005": "‐",
        "P12_006": "大津市本丸町　および　中庄1　および　御殿浜　および　晴嵐1",
        "P12_007": null
      },
      "geometry": {
        "type": "MultiPoint",
        "coordinates": [
          [
            135.89666442272494,
            34.99030502086009
          ]
        ]
      }
    },
    {
      "type": "Feature",
      "properties": {
        "P12_001": 10041,
        "P12_002": "石山寺牛玉さん",
        "P12_003": "25",
        "P12_004": "25201",
        "P12_005": "‐",
        "P12_006": "大津市石山寺1-1-1",
        "P12_007": null
      },
      "geometry": {
        "type": "MultiPoint",
        "coordinates": [
          [
            135.90565138930026,
            34.960423611460556
          ]
        ]
      }
    },
    {
      "type": "Feature",
      "properties": {
        "P12_001": 10042,
        "P12_002": "リバーヒル大石",
        "P12_003": "25",
        "P12_004": "25201",
        "P12_005": "‐",
        "P12_006": "大津市大石淀3-16-18",
        "P12_007": null
      },
      "geometry": {
        "type": "MultiPoint",
        "coordinates": [
          [
            135.90425805436576,
            34.908897010588646
          ]
        ]
      }
    },
    {
      "type": "Feature",
      "properties": {
        "P12_001": 10043,
        "P12_002": "水のめぐみ館アクア琵琶",
        "P12_003": "25",
        "P12_004": "25201",
        "P12_005": "‐",
        "P12_006": "大津市黒津4-2-2",
        "P12_007": null
      },
      "geometry": {
        "type": "MultiPoint",
        "coordinates": [
          [
            135.91174583310374,
            34.94047027768124
          ]
        ]
      }
    },
    {
      "type": "Feature",
      "properties": {
        "P12_001": 10044,
        "P12_002": "田上市民運動広場（田上教育キャンプ場）",
        "P12_003": "25",
        "P12_004": "25201",
        "P12_005": "‐",
        "P12_006": "大津市枝4",
        "P12_007": null
      },
      "geometry": {
        "type": "MultiPoint",
        "coordinates": [
          [
            135.93531196477545,
            34.9364641334131
          ]
        ]
      }
    },
    {
      "type": "Feature",
      "properties": {
        "P12_001": 10045,
        "P12_002": "チャレンジ比良登山大会",
        "P12_003": "25",
        "P12_004": "25201",
        "P12_005": "‐",
        "P12_006": "大津市御陵町3-1",
        "P12_007": null
      },
      "geometry": {
        "type": "MultiPoint",
        "coordinates": [
          [
            135.85470194453922,
            35.01780027796053
          ]
        ]
      }
    },
    {
      "type": "Feature",
      "properties": {
        "P12_001": 10046,
        "P12_002": "桐生若人の広場",
        "P12_003": "25",
        "P12_004": "25201",
        "P12_005": "‐",
        "P12_006": "大津市上田上桐生町",
        "P12_007": null
      },
      "geometry": {
        "type": "MultiPoint",
        "coordinates": [
          [
            135.99193130858305,
            34.96898442619039
          ]
        ]
      }
    },
    {
      "type": "Feature",
      "properties": {
        "P12_001": 10047,
        "P12_002": "東横イン京都琵琶湖大津",
        "P12_003": "25",
        "P12_004": "25201",
        "P12_005": "‐",
        "P12_006": "大津市長等2-1-28",
        "P12_007": null
      },
      "geometry": {
        "type": "MultiPoint",
        "coordinates": [
          [
            135.861904999716,
            35.008191666712094
          ]
        ]
      }
    },
    {
      "type": "Feature",
      "properties": {
        "P12_001": 10048,
        "P12_002": "スーパーホテル　大津駅前",
        "P12_003": "25",
        "P12_004": "25201",
        "P12_005": "‐",
        "P12_006": "大津市京町3-2-7",
        "P12_007": null
      },
      "geometry": {
        "type": "MultiPoint",
        "coordinates": [
          [
            135.8665597224533,
            35.00530166653874
          ]
        ]
      }
    },
    {
      "type": "Feature",
      "properties": {
        "P12_001": 10049,
        "P12_002": "琵琶湖汽船（烏丸半島港）",
        "P12_003": "25",
        "P12_004": "25201",
        "P12_005": "‐",
        "P12_006": "大津市浜大津5-1-1",
        "P12_007": null
      },
      "geometry": {
        "type": "MultiPoint",
        "coordinates": [
          [
            135.866292222708,
            35.01228944560148
          ]
        ]
      }
    },
    {
      "type": "Feature",
      "properties": {
        "P12_001": 10050,
        "P12_002": "琵琶湖",
        "P12_003": "25",
        "P12_004": "25201、25202、25203、25204、25205、25206、25207、25210、25212、25213、25214",
        "P12_005": "湖沼",
        "P12_006": "大津市　および　彦根市　および　長浜市　および　近江八幡市　および　草津市　および　守山市　および　野洲市　および　高島市　および　東近江市　および　米原市",
        "P12_007": -1
      },
      "geometry": {
        "type": "MultiPoint",
        "coordinates": [
          [
            135.9644249781303,
            35.2006594970382
          ]
        ]
      }
    },
    {
      "type": "Feature",
      "properties": {
        "P12_001": 10051,
        "P12_002": "彦根城",
        "P12_003": "25",
        "P12_004": "25202",
        "P12_005": "城跡・城郭・宮殿",
        "P12_006": "彦根市金亀町1-1",
        "P12_007": null
      },
      "geometry": {
        "type": "MultiPoint",
        "coordinates": [
          [
            136.25174723554653,
            35.276619993517954
          ]
        ]
      }
    },
    {
      "type": "Feature",
      "properties": {
        "P12_001": 10052,
        "P12_002": "彦根城茶室（鳳翔台・聴鐘庵）",
        "P12_003": "25",
        "P12_004": "25202",
        "P12_005": "‐",
        "P12_006": "彦根市金亀町1-1",
        "P12_007": null
      },
      "geometry": {
        "type": "MultiPoint",
        "coordinates": [
          [
            136.2530850040697,
            35.27851331373847
          ]
        ]
      }
    },
    {
      "type": "Feature",
      "properties": {
        "P12_001": 10053,
        "P12_002": "彦根城博物館",
        "P12_003": "25",
        "P12_004": "25202",
        "P12_005": "‐",
        "P12_006": "彦根市金亀町1-1",
        "P12_007": null
      },
      "geometry": {
        "type": "MultiPoint",
        "coordinates": [
          [
            136.25362055484482,
            35.275711110779184
          ]
        ]
      }
    },
    {
      "type": "Feature",
      "properties": {
        "P12_001": 10054,
        "P12_002": "彦根市開国記念館",
        "P12_003": "25",
        "P12_004": "25202",
        "P12_005": "‐",
        "P12_006": "彦根市金亀町3-2",
        "P12_007": null
      },
      "geometry": {
        "type": "MultiPoint",
        "coordinates": [
          [
            136.25537055550683,
            35.27540138876316
          ]
        ]
      }
    },
    {
      "type": "Feature",
      "properties": {
        "P12_001": 10055,
        "P12_002": "彦根城　鐘の丸売店",
        "P12_003": "25",
        "P12_004": "25202",
        "P12_005": "‐",
        "P12_006": "彦根市金亀町1-1",
        "P12_007": null
      },
      "geometry": {
        "type": "MultiPoint",
        "coordinates": [
          [
            136.25537055550683,
            35.27540138876316
          ]
        ]
      }
    },
    {
      "type": "Feature",
      "properties": {
        "P12_001": 10056,
        "P12_002": "彦根市民会館",
        "P12_003": "25",
        "P12_004": "25202",
        "P12_005": "‐",
        "P12_006": "彦根市尾末町1-38",
        "P12_007": null
      },
      "geometry": {
        "type": "MultiPoint",
        "coordinates": [
          [
            136.25746305577547,
            35.27515388904078
          ]
        ]
      }
    },
    {
      "type": "Feature",
      "properties": {
        "P12_001": 10057,
        "P12_002": "ひこね市文化プラザ",
        "P12_003": "25",
        "P12_004": "25202",
        "P12_005": "‐",
        "P12_006": "彦根市野瀬町187-4",
        "P12_007": null
      },
      "geometry": {
        "type": "MultiPoint",
        "coordinates": [
          [
            136.23295166648631,
            35.2559347222097
          ]
        ]
      }
    },
    {
      "type": "Feature",
      "properties": {
        "P12_001": 10058,
        "P12_002": "駅前観光案内所",
        "P12_003": "25",
        "P12_004": "25202",
        "P12_005": "‐",
        "P12_006": "彦根市尾末町40-7",
        "P12_007": null
      },
      "geometry": {
        "type": "MultiPoint",
        "coordinates": [
          [
            136.26308999960384,
            35.271971999508196
          ]
        ]
      }
    },
    {
      "type": "Feature",
      "properties": {
        "P12_001": 10059,
        "P12_002": "国特別史跡　埋木舎",
        "P12_003": "25",
        "P12_004": "25202",
        "P12_005": "‐",
        "P12_006": "彦根市尾末町1-11",
        "P12_007": null
      },
      "geometry": {
        "type": "MultiPoint",
        "coordinates": [
          [
            136.2565300001595,
            35.275607222895076
          ]
        ]
      }
    },
    {
      "type": "Feature",
      "properties": {
        "P12_001": 10060,
        "P12_002": "彦根俳遊館",
        "P12_003": "25",
        "P12_004": "25202",
        "P12_005": "‐",
        "P12_006": "彦根市本町1-3-24",
        "P12_007": null
      },
      "geometry": {
        "type": "MultiPoint",
        "coordinates": [
          [
            136.25398555548907,
            35.270361945047796
          ]
        ]
      }
    },
    {
      "type": "Feature",
      "properties": {
        "P12_001": 10061,
        "P12_002": "夢京橋あかり館",
        "P12_003": "25",
        "P12_004": "25202",
        "P12_005": "‐",
        "P12_006": "彦根市本町2-1-3",
        "P12_007": null
      },
      "geometry": {
        "type": "MultiPoint",
        "coordinates": [
          [
            136.25216472242403,
            35.272218055818655
          ]
        ]
      }
    },
    {
      "type": "Feature",
      "properties": {
        "P12_001": 10062,
        "P12_002": "招福本舗",
        "P12_003": "25",
        "P12_004": "25202",
        "P12_005": "‐",
        "P12_006": "彦根市本町2-1-56",
        "P12_007": null
      },
      "geometry": {
        "type": "MultiPoint",
        "coordinates": [
          [
            136.25194833294927,
            35.272332222953764
          ]
        ]
      }
    },
    {
      "type": "Feature",
      "properties": {
        "P12_001": 10063,
        "P12_002": "夢京橋キャッスルロード",
        "P12_003": "25",
        "P12_004": "25202",
        "P12_005": "‐",
        "P12_006": "彦根市本町",
        "P12_007": null
      },
      "geometry": {
        "type": "MultiPoint",
        "coordinates": [
          [
            136.25153194504333,
            35.27098805755287
          ]
        ]
      }
    },
    {
      "type": "Feature",
      "properties": {
        "P12_001": 10064,
        "P12_002": "夢京橋あかり館（２階展示室）",
        "P12_003": "25",
        "P12_004": "25202",
        "P12_005": "‐",
        "P12_006": "彦根市本町2-1-3",
        "P12_007": null
      },
      "geometry": {
        "type": "MultiPoint",
        "coordinates": [
          [
            136.25216472242403,
            35.272218055818655
          ]
        ]
      }
    },
    {
      "type": "Feature",
      "properties": {
        "P12_001": 10065,
        "P12_002": "佐和山城案内詰所",
        "P12_003": "25",
        "P12_004": "25202",
        "P12_005": "‐",
        "P12_006": "彦根市尾末町1-51（（社）彦根観光協会内）",
        "P12_007": null
      },
      "geometry": {
        "type": "MultiPoint",
        "coordinates": [
          [
            136.25723416662356,
            35.27422972232387
          ]
        ]
      }
    },
    {
      "type": "Feature",
      "properties": {
        "P12_001": 10066,
        "P12_002": "彦根商工会議所　地場産業物産展示場",
        "P12_003": "25",
        "P12_004": "25202",
        "P12_005": "‐",
        "P12_006": "彦根市中央町3-8",
        "P12_007": null
      },
      "geometry": {
        "type": "MultiPoint",
        "coordinates": [
          [
            136.25630083311705,
            35.27022333344013
          ]
        ]
      }
    },
    {
      "type": "Feature",
      "properties": {
        "P12_001": 10067,
        "P12_002": "ひこね街なかプラザ",
        "P12_003": "25",
        "P12_004": "25202",
        "P12_005": "‐",
        "P12_006": "彦根市本町1-12-5",
        "P12_007": null
      },
      "geometry": {
        "type": "MultiPoint",
        "coordinates": [
          [
            136.25098777786377,
            35.26958111047992
          ]
        ]
      }
    },
    {
      "type": "Feature",
      "properties": {
        "P12_001": 10068,
        "P12_002": "彦根城桜まつり",
        "P12_003": "25",
        "P12_004": "25202",
        "P12_005": "‐",
        "P12_006": "彦根市金亀町1-1",
        "P12_007": null
      },
      "geometry": {
        "type": "MultiPoint",
        "coordinates": [
          [
            136.25196945622554,
            35.27660666016931
          ]
        ]
      }
    },
    {
      "type": "Feature",
      "properties": {
        "P12_001": 10069,
        "P12_002": "ご城下にぎわい市",
        "P12_003": "25",
        "P12_004": "25202",
        "P12_005": "‐",
        "P12_006": "彦根市金亀町",
        "P12_007": null
      },
      "geometry": {
        "type": "MultiPoint",
        "coordinates": [
          [
            136.25478803583928,
            35.276491669255165
          ]
        ]
      }
    },
    {
      "type": "Feature",
      "properties": {
        "P12_001": 10070,
        "P12_002": "彦根ばやし総おどり大会",
        "P12_003": "25",
        "P12_004": "25202",
        "P12_005": "‐",
        "P12_006": "彦根市銀座町",
        "P12_007": null
      },
      "geometry": {
        "type": "MultiPoint",
        "coordinates": [
          [
            136.2528511218818,
            35.267873883373056
          ]
        ]
      }
    },
    {
      "type": "Feature",
      "properties": {
        "P12_001": 10071,
        "P12_002": "玄宮園で虫の音を聞く会",
        "P12_003": "25",
        "P12_004": "25202",
        "P12_005": "‐",
        "P12_006": "彦根市金亀町3-40",
        "P12_007": null
      },
      "geometry": {
        "type": "MultiPoint",
        "coordinates": [
          [
            136.25360475915238,
            35.277951271633924
          ]
        ]
      }
    },
    {
      "type": "Feature",
      "properties": {
        "P12_001": 10072,
        "P12_002": "錦秋の玄宮園ライトアップ",
        "P12_003": "25",
        "P12_004": "25202",
        "P12_005": "‐",
        "P12_006": "彦根市金亀町3-40",
        "P12_007": null
      },
      "geometry": {
        "type": "MultiPoint",
        "coordinates": [
          [
            136.25360475915238,
            35.277951271633924
          ]
        ]
      }
    },
    {
      "type": "Feature",
      "properties": {
        "P12_001": 10073,
        "P12_002": "小江戸彦根の城まつりパレード",
        "P12_003": "25",
        "P12_004": "25202",
        "P12_005": "‐",
        "P12_006": "彦根市内",
        "P12_007": null
      },
      "geometry": {
        "type": "MultiPoint",
        "coordinates": [
          [
            136.25965944482755,
            35.274443332893554
          ]
        ]
      }
    },
    {
      "type": "Feature",
      "properties": {
        "P12_001": 10074,
        "P12_002": "北びわ湖大花火大会",
        "P12_003": "25",
        "P12_004": "25202",
        "P12_005": "‐",
        "P12_006": "彦根市松原町",
        "P12_007": null
      },
      "geometry": {
        "type": "MultiPoint",
        "coordinates": [
          [
            136.25392697455027,
            35.29094497782853
          ]
        ]
      }
    },
    {
      "type": "Feature",
      "properties": {
        "P12_001": 10075,
        "P12_002": "彦根ゆかたまつり",
        "P12_003": "25",
        "P12_004": "25202",
        "P12_005": "‐",
        "P12_006": "彦根市夢京橋商店街",
        "P12_007": null
      },
      "geometry": {
        "type": "MultiPoint",
        "coordinates": [
          [
            136.25965944482755,
            35.274443332893554
          ]
        ]
      }
    },
    {
      "type": "Feature",
      "properties": {
        "P12_001": 10076,
        "P12_002": "彦根七夕まつり",
        "P12_003": "25",
        "P12_004": "25202",
        "P12_005": "‐",
        "P12_006": "彦根市内各商店街",
        "P12_007": null
      },
      "geometry": {
        "type": "MultiPoint",
        "coordinates": [
          [
            136.25965944482755,
            35.274443332893554
          ]
        ]
      }
    },
    {
      "type": "Feature",
      "properties": {
        "P12_001": 10077,
        "P12_002": "ゆるキャラまつりｉｎ彦根",
        "P12_003": "25",
        "P12_004": "25202",
        "P12_005": "‐",
        "P12_006": "彦根市中央町3-8",
        "P12_007": null
      },
      "geometry": {
        "type": "MultiPoint",
        "coordinates": [
          [
            136.25630083311705,
            35.27022333344013
          ]
        ]
      }
    },
    {
      "type": "Feature",
      "properties": {
        "P12_001": 10078,
        "P12_002": "アートフェスタ勝負市",
        "P12_003": "25",
        "P12_004": "25202",
        "P12_005": "‐",
        "P12_006": "彦根市河原1・3",
        "P12_007": null
      },
      "geometry": {
        "type": "MultiPoint",
        "coordinates": [
          [
            136.25686916687857,
            35.26309055488525
          ]
        ]
      }
    },
    {
      "type": "Feature",
      "properties": {
        "P12_001": 10079,
        "P12_002": "ひこね万灯流し",
        "P12_003": "25",
        "P12_004": "25202",
        "P12_005": "‐",
        "P12_006": "彦根市中央町3-8",
        "P12_007": null
      },
      "geometry": {
        "type": "MultiPoint",
        "coordinates": [
          [
            136.25630083311705,
            35.27022333344013
          ]
        ]
      }
    },
    {
      "type": "Feature",
      "properties": {
        "P12_001": 10080,
        "P12_002": "高宮納涼花火大会",
        "P12_003": "25",
        "P12_004": "25202",
        "P12_005": "‐",
        "P12_006": "彦根市高宮町（無賃橋付近）",
        "P12_007": null
      },
      "geometry": {
        "type": "MultiPoint",
        "coordinates": [
          [
            136.2538844806843,
            35.23186863852692
          ]
        ]
      }
    },
    {
      "type": "Feature",
      "properties": {
        "P12_001": 10081,
        "P12_002": "姉妹城・親善都市と交流都市の観光と物産展",
        "P12_003": "25",
        "P12_004": "25202",
        "P12_005": "‐",
        "P12_006": "彦根市野瀬町187-4",
        "P12_007": null
      },
      "geometry": {
        "type": "MultiPoint",
        "coordinates": [
          [
            136.23295166648631,
            35.2559347222097
          ]
        ]
      }
    },
    {
      "type": "Feature",
      "properties": {
        "P12_001": 10082,
        "P12_002": "彦根シテイマラソン",
        "P12_003": "25",
        "P12_004": "25202",
        "P12_005": "‐",
        "P12_006": "彦根市松原町3028",
        "P12_007": null
      },
      "geometry": {
        "type": "MultiPoint",
        "coordinates": [
          [
            136.2566916667871,
            35.28030055532639
          ]
        ]
      }
    },
    {
      "type": "Feature",
      "properties": {
        "P12_001": 10083,
        "P12_002": "鳥人間コンテスト選手権大会",
        "P12_003": "25",
        "P12_004": "25202",
        "P12_005": "‐",
        "P12_006": "彦根市松原町",
        "P12_007": null
      },
      "geometry": {
        "type": "MultiPoint",
        "coordinates": [
          [
            136.25601196008392,
            35.296878825197666
          ]
        ]
      }
    },
    {
      "type": "Feature",
      "properties": {
        "P12_001": 10084,
        "P12_002": "近江ふれあいグラウンド・ゴルフ（３・４・５・６・９・１０・１１月大会）",
        "P12_003": "25",
        "P12_004": "25202",
        "P12_005": "‐",
        "P12_006": "彦根市松原町3028",
        "P12_007": null
      },
      "geometry": {
        "type": "MultiPoint",
        "coordinates": [
          [
            136.2566916667871,
            35.28030055532639
          ]
        ]
      }
    },
    {
      "type": "Feature",
      "properties": {
        "P12_001": 10085,
        "P12_002": "滋賀県体育協会理事長杯　小学生軟式野球大会",
        "P12_003": "25",
        "P12_004": "25202",
        "P12_005": "‐",
        "P12_006": "彦根市松原町3028",
        "P12_007": null
      },
      "geometry": {
        "type": "MultiPoint",
        "coordinates": [
          [
            136.2566916667871,
            35.28030055532639
          ]
        ]
      }
    },
    {
      "type": "Feature",
      "properties": {
        "P12_001": 10086,
        "P12_002": "俳句入門講座・句会",
        "P12_003": "25",
        "P12_004": "25202",
        "P12_005": "‐",
        "P12_006": "彦根市本町1-3-24",
        "P12_007": null
      },
      "geometry": {
        "type": "MultiPoint",
        "coordinates": [
          [
            136.25398555548907,
            35.270361945047796
          ]
        ]
      }
    },
    {
      "type": "Feature",
      "properties": {
        "P12_001": 10087,
        "P12_002": "滋賀県立総合運動場　スイミングセンター",
        "P12_003": "25",
        "P12_004": "25202",
        "P12_005": "‐",
        "P12_006": "彦根市松原町3028",
        "P12_007": null
      },
      "geometry": {
        "type": "MultiPoint",
        "coordinates": [
          [
            136.25373835434164,
            35.281804989808506
          ]
        ]
      }
    },
    {
      "type": "Feature",
      "properties": {
        "P12_001": 10088,
        "P12_002": "滋賀県立総合運動場　彦根球場",
        "P12_003": "25",
        "P12_004": "25202",
        "P12_005": "‐",
        "P12_006": "彦根市松原町3028",
        "P12_007": null
      },
      "geometry": {
        "type": "MultiPoint",
        "coordinates": [
          [
            136.25650722302998,
            35.28026277750524
          ]
        ]
      }
    },
    {
      "type": "Feature",
      "properties": {
        "P12_001": 10089,
        "P12_002": "滋賀県立総合運動場　陸上競技場",
        "P12_003": "25",
        "P12_004": "25202",
        "P12_005": "‐",
        "P12_006": "彦根市松原町3028",
        "P12_007": null
      },
      "geometry": {
        "type": "MultiPoint",
        "coordinates": [
          [
            136.2567738882044,
            35.2814938801385
          ]
        ]
      }
    },
    {
      "type": "Feature",
      "properties": {
        "P12_001": 10090,
        "P12_002": "滋賀県立総合運動場　テニス場",
        "P12_003": "25",
        "P12_004": "25202",
        "P12_005": "‐",
        "P12_006": "彦根市松原町3028",
        "P12_007": null
      },
      "geometry": {
        "type": "MultiPoint",
        "coordinates": [
          [
            136.2546716806536,
            35.281151661120305
          ]
        ]
      }
    },
    {
      "type": "Feature",
      "properties": {
        "P12_001": 10091,
        "P12_002": "彦根カントリー倶楽部",
        "P12_003": "25",
        "P12_004": "25202",
        "P12_005": "‐",
        "P12_006": "彦根市鳥居本町2958",
        "P12_007": null
      },
      "geometry": {
        "type": "MultiPoint",
        "coordinates": [
          [
            136.27610472295464,
            35.27469138839689
          ]
        ]
      }
    },
    {
      "type": "Feature",
      "properties": {
        "P12_001": 10092,
        "P12_002": "松原水泳場",
        "P12_003": "25",
        "P12_004": "25202",
        "P12_005": "‐",
        "P12_006": "彦根市松原町",
        "P12_007": null
      },
      "geometry": {
        "type": "MultiPoint",
        "coordinates": [
          [
            136.25384308578987,
            35.29083442327004
          ]
        ]
      }
    },
    {
      "type": "Feature",
      "properties": {
        "P12_001": 10093,
        "P12_002": "新海浜水泳場",
        "P12_003": "25",
        "P12_004": "25202",
        "P12_005": "‐",
        "P12_006": "彦根市新海浜町",
        "P12_007": null
      },
      "geometry": {
        "type": "MultiPoint",
        "coordinates": [
          [
            136.1251305317487,
            35.217736650526035
          ]
        ]
      }
    },
    {
      "type": "Feature",
      "properties": {
        "P12_001": 10094,
        "P12_002": "オーミマリン　彦根港",
        "P12_003": "25",
        "P12_004": "25202",
        "P12_005": "‐",
        "P12_006": "彦根市松原町3755",
        "P12_007": null
      },
      "geometry": {
        "type": "MultiPoint",
        "coordinates": [
          [
            136.24718027764777,
            35.285580832989126
          ]
        ]
      }
    },
    {
      "type": "Feature",
      "properties": {
        "P12_001": 10095,
        "P12_002": "グランドデュークホテル",
        "P12_003": "25",
        "P12_004": "25202",
        "P12_005": "‐",
        "P12_006": "彦根市佐和町11-36",
        "P12_007": null
      },
      "geometry": {
        "type": "MultiPoint",
        "coordinates": [
          [
            136.26056800021308,
            35.27165300008596
          ]
        ]
      }
    },
    {
      "type": "Feature",
      "properties": {
        "P12_001": 10096,
        "P12_002": "ホテルサンルート彦根",
        "P12_003": "25",
        "P12_004": "25202",
        "P12_005": "‐",
        "P12_006": "彦根市旭町9-14",
        "P12_007": null
      },
      "geometry": {
        "type": "MultiPoint",
        "coordinates": [
          [
            136.26234222231574,
            35.27307138923328
          ]
        ]
      }
    },
    {
      "type": "Feature",
      "properties": {
        "P12_001": 10097,
        "P12_002": "コンフォートホテル彦根",
        "P12_003": "25",
        "P12_004": "25202",
        "P12_005": "‐",
        "P12_006": "彦根市古沢町155",
        "P12_007": null
      },
      "geometry": {
        "type": "MultiPoint",
        "coordinates": [
          [
            136.26526333453535,
            35.27207722198625
          ]
        ]
      }
    },
    {
      "type": "Feature",
      "properties": {
        "P12_001": 10098,
        "P12_002": "ホテルエスタシオン　ひこね",
        "P12_003": "25",
        "P12_004": "25202",
        "P12_005": "‐",
        "P12_006": "彦根市旭町8-31",
        "P12_007": null
      },
      "geometry": {
        "type": "MultiPoint",
        "coordinates": [
          [
            136.2620291665129,
            35.27346500000982
          ]
        ]
      }
    },
    {
      "type": "Feature",
      "properties": {
        "P12_001": 10099,
        "P12_002": "長浜盆梅展",
        "P12_003": "25",
        "P12_004": "25203",
        "P12_005": "‐",
        "P12_006": "長浜市港町2-5",
        "P12_007": null
      },
      "geometry": {
        "type": "MultiPoint",
        "coordinates": [
          [
            136.26635305564912,
            35.37581083280372
          ]
        ]
      }
    },
    {
      "type": "Feature",
      "properties": {
        "P12_001": 10100,
        "P12_002": "豊公園",
        "P12_003": "25",
        "P12_004": "25203",
        "P12_005": "‐",
        "P12_006": "長浜市公園町10-1",
        "P12_007": null
      },
      "geometry": {
        "type": "MultiPoint",
        "coordinates": [
          [
            136.2605628066283,
            35.3750008368192
          ]
        ]
      }
    },
    {
      "type": "Feature",
      "properties": {
        "P12_001": 10101,
        "P12_002": "長浜ドーム",
        "P12_003": "25",
        "P12_004": "25203",
        "P12_005": "‐",
        "P12_006": "長浜市田村町1320",
        "P12_007": null
      },
      "geometry": {
        "type": "MultiPoint",
        "coordinates": [
          [
            136.28137055570664,
            35.352560833515724
          ]
        ]
      }
    },
    {
      "type": "Feature",
      "properties": {
        "P12_001": 10102,
        "P12_002": "長浜市民プール",
        "P12_003": "25",
        "P12_004": "25203",
        "P12_005": "‐",
        "P12_006": "長浜市公園町10-1",
        "P12_007": null
      },
      "geometry": {
        "type": "MultiPoint",
        "coordinates": [
          [
            136.2646627780648,
            35.37551416714513
          ]
        ]
      }
    },
    {
      "type": "Feature",
      "properties": {
        "P12_001": 10103,
        "P12_002": "長浜城歴史博物館",
        "P12_003": "25",
        "P12_004": "25203",
        "P12_005": "‐",
        "P12_006": "長浜市公園町10-10",
        "P12_007": null
      },
      "geometry": {
        "type": "MultiPoint",
        "coordinates": [
          [
            136.26124222195108,
            35.3776422212116
          ]
        ]
      }
    },
    {
      "type": "Feature",
      "properties": {
        "P12_001": 10104,
        "P12_002": "曳山博物館",
        "P12_003": "25",
        "P12_004": "25203",
        "P12_005": "‐",
        "P12_006": "長浜市元浜町14-8",
        "P12_007": null
      },
      "geometry": {
        "type": "MultiPoint",
        "coordinates": [
          [
            136.26896499893564,
            35.38137166656924
          ]
        ]
      }
    },
    {
      "type": "Feature",
      "properties": {
        "P12_001": 10105,
        "P12_002": "国友鉄砲の里資料館",
        "P12_003": "25",
        "P12_004": "25203",
        "P12_005": "‐",
        "P12_006": "長浜市国友町534",
        "P12_007": null
      },
      "geometry": {
        "type": "MultiPoint",
        "coordinates": [
          [
            136.28246944361,
            35.40893777765638
          ]
        ]
      }
    },
    {
      "type": "Feature",
      "properties": {
        "P12_001": 10106,
        "P12_002": "郷土資料館",
        "P12_003": "25",
        "P12_004": "25203",
        "P12_005": "‐",
        "P12_006": "長浜市元浜町8-22",
        "P12_007": null
      },
      "geometry": {
        "type": "MultiPoint",
        "coordinates": [
          [
            136.26708055502365,
            35.3800227779289
          ]
        ]
      }
    },
    {
      "type": "Feature",
      "properties": {
        "P12_001": 10107,
        "P12_002": "黒壁美術館",
        "P12_003": "25",
        "P12_004": "25203",
        "P12_005": "‐",
        "P12_006": "長浜市元浜町11-23",
        "P12_007": null
      },
      "geometry": {
        "type": "MultiPoint",
        "coordinates": [
          [
            136.26675500044303,
            35.381125277509625
          ]
        ]
      }
    },
    {
      "type": "Feature",
      "properties": {
        "P12_001": 10108,
        "P12_002": "長浜別院　大通寺",
        "P12_003": "25",
        "P12_004": "25203",
        "P12_005": "‐",
        "P12_006": "長市元浜町32-9",
        "P12_007": null
      },
      "geometry": {
        "type": "MultiPoint",
        "coordinates": [
          [
            136.26913399953446,
            35.38349700018648
          ]
        ]
      }
    },
    {
      "type": "Feature",
      "properties": {
        "P12_001": 10109,
        "P12_002": "総持寺",
        "P12_003": "25",
        "P12_004": "25203",
        "P12_005": "‐",
        "P12_006": "長浜市宮司町708",
        "P12_007": null
      },
      "geometry": {
        "type": "MultiPoint",
        "coordinates": [
          [
            136.29014611145396,
            35.38482694460788
          ]
        ]
      }
    },
    {
      "type": "Feature",
      "properties": {
        "P12_001": 10110,
        "P12_002": "神照寺",
        "P12_003": "25",
        "P12_004": "25203",
        "P12_005": "‐",
        "P12_006": "長浜市新庄寺町323",
        "P12_007": null
      },
      "geometry": {
        "type": "MultiPoint",
        "coordinates": [
          [
            136.2743925001139,
            35.402761388527324
          ]
        ]
      }
    },
    {
      "type": "Feature",
      "properties": {
        "P12_001": 10111,
        "P12_002": "舎那院",
        "P12_003": "25",
        "P12_004": "25203",
        "P12_005": "‐",
        "P12_006": "長浜市宮前町13-45",
        "P12_007": null
      },
      "geometry": {
        "type": "MultiPoint",
        "coordinates": [
          [
            136.27505555586924,
            35.383121666331874
          ]
        ]
      }
    },
    {
      "type": "Feature",
      "properties": {
        "P12_001": 10112,
        "P12_002": "長浜八幡宮",
        "P12_003": "25",
        "P12_004": "25203",
        "P12_005": "‐",
        "P12_006": "長浜市宮前町13-55",
        "P12_007": null
      },
      "geometry": {
        "type": "MultiPoint",
        "coordinates": [
          [
            136.27434409410478,
            35.38261010767036
          ]
        ]
      }
    },
    {
      "type": "Feature",
      "properties": {
        "P12_001": 10113,
        "P12_002": "慶雲館（盆梅展含む）",
        "P12_003": "25",
        "P12_004": "25203",
        "P12_005": "‐",
        "P12_006": "長浜市港町2-5",
        "P12_007": null
      },
      "geometry": {
        "type": "MultiPoint",
        "coordinates": [
          [
            136.26635305564912,
            35.37581083280372
          ]
        ]
      }
    },
    {
      "type": "Feature",
      "properties": {
        "P12_001": 10114,
        "P12_002": "鉄道スクエア",
        "P12_003": "25",
        "P12_004": "25203",
        "P12_005": "‐",
        "P12_006": "長浜市北船町1-41",
        "P12_007": null
      },
      "geometry": {
        "type": "MultiPoint",
        "coordinates": [
          [
            136.26601000026142,
            35.37672700005106
          ]
        ]
      }
    },
    {
      "type": "Feature",
      "properties": {
        "P12_001": 10115,
        "P12_002": "黒壁ガラス館",
        "P12_003": "25",
        "P12_004": "25203",
        "P12_005": "‐",
        "P12_006": "長浜市元浜町12-38",
        "P12_007": null
      },
      "geometry": {
        "type": "MultiPoint",
        "coordinates": [
          [
            136.2670790000958,
            35.38069600052006
          ]
        ]
      }
    },
    {
      "type": "Feature",
      "properties": {
        "P12_001": 10116,
        "P12_002": "長濱オルゴール堂",
        "P12_003": "25",
        "P12_004": "25203",
        "P12_005": "‐",
        "P12_006": "長浜市元浜町13-31（ＰＯＷビル）",
        "P12_007": null
      },
      "geometry": {
        "type": "MultiPoint",
        "coordinates": [
          [
            136.26844361248277,
            35.381150554754356
          ]
        ]
      }
    },
    {
      "type": "Feature",
      "properties": {
        "P12_001": 10117,
        "P12_002": "海洋堂フィギュアミュージアム黒壁　龍遊館",
        "P12_003": "25",
        "P12_004": "25203",
        "P12_005": "‐",
        "P12_006": "長浜市元浜町13-31",
        "P12_007": null
      },
      "geometry": {
        "type": "MultiPoint",
        "coordinates": [
          [
            136.26844361248277,
            35.381150554754356
          ]
        ]
      }
    },
    {
      "type": "Feature",
      "properties": {
        "P12_001": 10118,
        "P12_002": "金糞岳",
        "P12_003": "25",
        "P12_004": "25203",
        "P12_005": "‐",
        "P12_006": "長浜市高山町",
        "P12_007": null
      },
      "geometry": {
        "type": "MultiPoint",
        "coordinates": [
          [
            136.3367057575647,
            35.54820203229798
          ]
        ]
      }
    },
    {
      "type": "Feature",
      "properties": {
        "P12_001": 10119,
        "P12_002": "浅井文化スポーツ公園",
        "P12_003": "25",
        "P12_004": "25203",
        "P12_005": "‐",
        "P12_006": "長浜市大依町15",
        "P12_007": null
      },
      "geometry": {
        "type": "MultiPoint",
        "coordinates": [
          [
            136.31247800005974,
            35.43242600015981
          ]
        ]
      }
    },
    {
      "type": "Feature",
      "properties": {
        "P12_001": 10120,
        "P12_002": "高山キャンプ場",
        "P12_003": "25",
        "P12_004": "25203",
        "P12_005": "‐",
        "P12_006": "長浜市高山町2324",
        "P12_007": null
      },
      "geometry": {
        "type": "MultiPoint",
        "coordinates": [
          [
            136.31002499665635,
            35.496237220571345
          ]
        ]
      }
    },
    {
      "type": "Feature",
      "properties": {
        "P12_001": 10121,
        "P12_002": "五先賢の館",
        "P12_003": "25",
        "P12_004": "25203",
        "P12_005": "‐",
        "P12_006": "長浜市北野町1386",
        "P12_007": null
      },
      "geometry": {
        "type": "MultiPoint",
        "coordinates": [
          [
            136.2922339999992,
            35.45803000008448
          ]
        ]
      }
    },
    {
      "type": "Feature",
      "properties": {
        "P12_001": 10122,
        "P12_002": "戦国大河あざい館（浅井歴史民俗資料館）",
        "P12_003": "25",
        "P12_004": "25203",
        "P12_005": "‐",
        "P12_006": "長浜市大依町528",
        "P12_007": null
      },
      "geometry": {
        "type": "MultiPoint",
        "coordinates": [
          [
            136.3119588888917,
            35.43418222233174
          ]
        ]
      }
    },
    {
      "type": "Feature",
      "properties": {
        "P12_001": 10123,
        "P12_002": "浅井能楽資料館",
        "P12_003": "25",
        "P12_004": "25203",
        "P12_005": "‐",
        "P12_006": "長浜市力丸町106",
        "P12_007": null
      },
      "geometry": {
        "type": "MultiPoint",
        "coordinates": [
          [
            136.29670416656415,
            35.45760777737706
          ]
        ]
      }
    },
    {
      "type": "Feature",
      "properties": {
        "P12_001": 10124,
        "P12_002": "孤篷庵",
        "P12_003": "25",
        "P12_004": "25203",
        "P12_005": "‐",
        "P12_006": "長浜市上野町135",
        "P12_007": null
      },
      "geometry": {
        "type": "MultiPoint",
        "coordinates": [
          [
            136.31410027810546,
            35.454412499637215
          ]
        ]
      }
    },
    {
      "type": "Feature",
      "properties": {
        "P12_001": 10125,
        "P12_002": "浅井ふれあいの里・プラザふくらの森",
        "P12_003": "25",
        "P12_004": "25203",
        "P12_005": "‐",
        "P12_006": "長浜市内保町2843",
        "P12_007": null
      },
      "geometry": {
        "type": "MultiPoint",
        "coordinates": [
          [
            136.3054060003867,
            35.430123000076435
          ]
        ]
      }
    },
    {
      "type": "Feature",
      "properties": {
        "P12_001": 10126,
        "P12_002": "今荘観光ぶどう園",
        "P12_003": "25",
        "P12_004": "25203",
        "P12_005": "‐",
        "P12_006": "長浜市今荘町1418",
        "P12_007": null
      },
      "geometry": {
        "type": "MultiPoint",
        "coordinates": [
          [
            136.3415680501255,
            35.41248332784335
          ]
        ]
      }
    },
    {
      "type": "Feature",
      "properties": {
        "P12_001": 10127,
        "P12_002": "竹生島",
        "P12_003": "25",
        "P12_004": "25203",
        "P12_005": "‐",
        "P12_006": "長浜市早崎町",
        "P12_007": null
      },
      "geometry": {
        "type": "MultiPoint",
        "coordinates": [
          [
            136.14371186431117,
            35.42218773667474
          ]
        ]
      }
    },
    {
      "type": "Feature",
      "properties": {
        "P12_001": 10128,
        "P12_002": "奥びわスポーツの森",
        "P12_003": "25",
        "P12_004": "25203",
        "P12_005": "‐",
        "P12_006": "長浜市早崎町1667",
        "P12_007": null
      },
      "geometry": {
        "type": "MultiPoint",
        "coordinates": [
          [
            136.20931361153396,
            35.41187138955303
          ]
        ]
      }
    },
    {
      "type": "Feature",
      "properties": {
        "P12_001": 10129,
        "P12_002": "南浜水泳場",
        "P12_003": "25",
        "P12_004": "25203",
        "P12_005": "‐",
        "P12_006": "長浜市南浜町",
        "P12_007": null
      },
      "geometry": {
        "type": "MultiPoint",
        "coordinates": [
          [
            136.22509943838838,
            35.38750530552551
          ]
        ]
      }
    },
    {
      "type": "Feature",
      "properties": {
        "P12_001": 10130,
        "P12_002": "冨田人形会館",
        "P12_003": "25",
        "P12_004": "25203",
        "P12_005": "‐",
        "P12_006": "長浜市富田町935",
        "P12_007": null
      },
      "geometry": {
        "type": "MultiPoint",
        "coordinates": [
          [
            136.22248638893575,
            35.431453888785995
          ]
        ]
      }
    },
    {
      "type": "Feature",
      "properties": {
        "P12_001": 10131,
        "P12_002": "安楽寺",
        "P12_003": "25",
        "P12_004": "25203",
        "P12_005": "‐",
        "P12_006": "長浜市細江町105",
        "P12_007": null
      },
      "geometry": {
        "type": "MultiPoint",
        "coordinates": [
          [
            136.24978324390167,
            35.40209319584437
          ]
        ]
      }
    },
    {
      "type": "Feature",
      "properties": {
        "P12_001": 10132,
        "P12_002": "産直びわ　みずべの里",
        "P12_003": "25",
        "P12_004": "25203",
        "P12_005": "‐",
        "P12_006": "長浜市南浜町297",
        "P12_007": null
      },
      "geometry": {
        "type": "MultiPoint",
        "coordinates": [
          [
            136.22525499592143,
            35.389553334318975
          ]
        ]
      }
    },
    {
      "type": "Feature",
      "properties": {
        "P12_001": 10133,
        "P12_002": "南浜観光ぶどう園",
        "P12_003": "25",
        "P12_004": "25203",
        "P12_005": "‐",
        "P12_006": "長浜市南浜町845",
        "P12_007": null
      },
      "geometry": {
        "type": "MultiPoint",
        "coordinates": [
          [
            136.22388333195022,
            35.390569444124594
          ]
        ]
      }
    },
    {
      "type": "Feature",
      "properties": {
        "P12_001": 10134,
        "P12_002": "虎姫時遊館",
        "P12_003": "25",
        "P12_004": "25203",
        "P12_005": "‐",
        "P12_006": "長浜市三川町 1635-2",
        "P12_007": null
      },
      "geometry": {
        "type": "MultiPoint",
        "coordinates": [
          [
            136.2634691654697,
            35.429260834420006
          ]
        ]
      }
    },
    {
      "type": "Feature",
      "properties": {
        "P12_001": 10135,
        "P12_002": "山本山",
        "P12_003": "25",
        "P12_004": "25203",
        "P12_005": "‐",
        "P12_006": "長浜市湖北町山本",
        "P12_007": null
      },
      "geometry": {
        "type": "MultiPoint",
        "coordinates": [
          [
            136.20593698460425,
            35.45027521083239
          ]
        ]
      }
    },
    {
      "type": "Feature",
      "properties": {
        "P12_001": 10136,
        "P12_002": "水鳥公園",
        "P12_003": "25",
        "P12_004": "25203",
        "P12_005": "‐",
        "P12_006": "長浜市湖北町",
        "P12_007": null
      },
      "geometry": {
        "type": "MultiPoint",
        "coordinates": [
          [
            136.18997800048442,
            35.44653999992113
          ]
        ]
      }
    },
    {
      "type": "Feature",
      "properties": {
        "P12_001": 10137,
        "P12_002": "小谷城戦国歴史資料館",
        "P12_003": "25",
        "P12_004": "25203",
        "P12_005": "‐",
        "P12_006": "長浜市小谷郡上町139",
        "P12_007": null
      },
      "geometry": {
        "type": "MultiPoint",
        "coordinates": [
          [
            136.26949499999432,
            35.45261899966715
          ]
        ]
      }
    },
    {
      "type": "Feature",
      "properties": {
        "P12_001": 10138,
        "P12_002": "小谷城跡",
        "P12_003": "25",
        "P12_004": "25203",
        "P12_005": "‐",
        "P12_006": "長浜市小谷郡上町、湖北町伊部",
        "P12_007": null
      },
      "geometry": {
        "type": "MultiPoint",
        "coordinates": [
          [
            136.27709499973446,
            35.459363999549
          ]
        ]
      }
    },
    {
      "type": "Feature",
      "properties": {
        "P12_001": 10139,
        "P12_002": "野鳥センター",
        "P12_003": "25",
        "P12_004": "25203",
        "P12_005": "‐",
        "P12_006": "長浜市湖北町今西",
        "P12_007": null
      },
      "geometry": {
        "type": "MultiPoint",
        "coordinates": [
          [
            136.19011532696084,
            35.44705605879011
          ]
        ]
      }
    },
    {
      "type": "Feature",
      "properties": {
        "P12_001": 10140,
        "P12_002": "みずどりステーション",
        "P12_003": "25",
        "P12_004": "25203",
        "P12_005": "‐",
        "P12_006": "長浜市湖北町今西1731-1",
        "P12_007": null
      },
      "geometry": {
        "type": "MultiPoint",
        "coordinates": [
          [
            136.190642500551,
            35.444993611166296
          ]
        ]
      }
    },
    {
      "type": "Feature",
      "properties": {
        "P12_001": 10141,
        "P12_002": "高月観音の里歴史民俗資料館",
        "P12_003": "25",
        "P12_004": "25203",
        "P12_005": "‐",
        "P12_006": "長浜市高月町渡岸寺229",
        "P12_007": null
      },
      "geometry": {
        "type": "MultiPoint",
        "coordinates": [
          [
            136.24010611150788,
            35.475070832652875
          ]
        ]
      }
    },
    {
      "type": "Feature",
      "properties": {
        "P12_001": 10142,
        "P12_002": "高月観音堂",
        "P12_003": "25",
        "P12_004": "25203",
        "P12_005": "‐",
        "P12_006": "長浜市高月町高月4",
        "P12_007": null
      },
      "geometry": {
        "type": "MultiPoint",
        "coordinates": [
          [
            136.2370080001192,
            35.469211999534195
          ]
        ]
      }
    },
    {
      "type": "Feature",
      "properties": {
        "P12_001": 10143,
        "P12_002": "渡岸寺観音堂",
        "P12_003": "25",
        "P12_004": "25203",
        "P12_005": "‐",
        "P12_006": "長浜市高月町渡岸寺215",
        "P12_007": null
      },
      "geometry": {
        "type": "MultiPoint",
        "coordinates": [
          [
            136.23921900045661,
            35.475929999969594
          ]
        ]
      }
    },
    {
      "type": "Feature",
      "properties": {
        "P12_001": 10144,
        "P12_002": "西野薬師堂",
        "P12_003": "25",
        "P12_004": "25203",
        "P12_005": "‐",
        "P12_006": "長浜市高月町西野1696",
        "P12_007": null
      },
      "geometry": {
        "type": "MultiPoint",
        "coordinates": [
          [
            136.20376833334194,
            35.470235277835855
          ]
        ]
      }
    },
    {
      "type": "Feature",
      "properties": {
        "P12_001": 10145,
        "P12_002": "赤後寺",
        "P12_003": "25",
        "P12_004": "25203",
        "P12_005": "‐",
        "P12_006": "長浜市高月町唐川1056",
        "P12_007": null
      },
      "geometry": {
        "type": "MultiPoint",
        "coordinates": [
          [
            136.21651200012877,
            35.49166000050866
          ]
        ]
      }
    },
    {
      "type": "Feature",
      "properties": {
        "P12_001": 10146,
        "P12_002": "東アジア交流ハウス雨森芳洲庵",
        "P12_003": "25",
        "P12_004": "25203",
        "P12_005": "‐",
        "P12_006": "長浜市高月町雨森1166",
        "P12_007": null
      },
      "geometry": {
        "type": "MultiPoint",
        "coordinates": [
          [
            136.2439074999312,
            35.48783055503611
          ]
        ]
      }
    },
    {
      "type": "Feature",
      "properties": {
        "P12_001": 10147,
        "P12_002": "西野水道",
        "P12_003": "25",
        "P12_004": "25203",
        "P12_005": "‐",
        "P12_006": "長浜市高月町西野字嶋津地先",
        "P12_007": null
      },
      "geometry": {
        "type": "MultiPoint",
        "coordinates": [
          [
            136.19640891034305,
            35.46626060174543
          ]
        ]
      }
    },
    {
      "type": "Feature",
      "properties": {
        "P12_001": 10148,
        "P12_002": "片山港周辺",
        "P12_003": "25",
        "P12_004": "25203",
        "P12_005": "‐",
        "P12_006": "長浜市高月町片山字浅井地先",
        "P12_007": null
      },
      "geometry": {
        "type": "MultiPoint",
        "coordinates": [
          [
            136.1989612978257,
            35.45489456952879
          ]
        ]
      }
    },
    {
      "type": "Feature",
      "properties": {
        "P12_001": 10149,
        "P12_002": "大見いこいの広場",
        "P12_003": "25",
        "P12_004": "25203",
        "P12_005": "‐",
        "P12_006": "長浜市木之本町大見678",
        "P12_007": null
      },
      "geometry": {
        "type": "MultiPoint",
        "coordinates": [
          [
            136.23809777789018,
            35.53252694436304
          ]
        ]
      }
    },
    {
      "type": "Feature",
      "properties": {
        "P12_001": 10150,
        "P12_002": "横山岳",
        "P12_003": "25",
        "P12_004": "25203",
        "P12_005": "‐",
        "P12_006": "長浜市木之本町杉野",
        "P12_007": null
      },
      "geometry": {
        "type": "MultiPoint",
        "coordinates": [
          [
            136.26188699988518,
            35.60154400015551
          ]
        ]
      }
    },
    {
      "type": "Feature",
      "properties": {
        "P12_001": 10151,
        "P12_002": "賤ヶ岳リフト",
        "P12_003": "25",
        "P12_004": "25203",
        "P12_005": "‐",
        "P12_006": "長浜市木之本町大音",
        "P12_007": null
      },
      "geometry": {
        "type": "MultiPoint",
        "coordinates": [
          [
            136.19716900024923,
            35.50256000044374
          ]
        ]
      }
    },
    {
      "type": "Feature",
      "properties": {
        "P12_001": 10152,
        "P12_002": "石道寺",
        "P12_003": "25",
        "P12_004": "25203",
        "P12_005": "‐",
        "P12_006": "長浜市木之本町石道",
        "P12_007": null
      },
      "geometry": {
        "type": "MultiPoint",
        "coordinates": [
          [
            136.25787448032304,
            35.50364936362729
          ]
        ]
      }
    },
    {
      "type": "Feature",
      "properties": {
        "P12_001": 10153,
        "P12_002": "医王寺",
        "P12_003": "25",
        "P12_004": "25203",
        "P12_005": "‐",
        "P12_006": "長浜市木之本町大見",
        "P12_007": null
      },
      "geometry": {
        "type": "MultiPoint",
        "coordinates": [
          [
            136.23866400004363,
            35.53241600039814
          ]
        ]
      }
    },
    {
      "type": "Feature",
      "properties": {
        "P12_001": 10154,
        "P12_002": "木之本地蔵院",
        "P12_003": "25",
        "P12_004": "25203",
        "P12_005": "‐",
        "P12_006": "長浜市木之本町木之本944",
        "P12_007": null
      },
      "geometry": {
        "type": "MultiPoint",
        "coordinates": [
          [
            136.22581078683845,
            35.50606956425901
          ]
        ]
      }
    },
    {
      "type": "Feature",
      "properties": {
        "P12_001": 10155,
        "P12_002": "黒田観音寺",
        "P12_003": "25",
        "P12_004": "25203",
        "P12_005": "‐",
        "P12_006": "長浜市木之本町黒田",
        "P12_007": null
      },
      "geometry": {
        "type": "MultiPoint",
        "coordinates": [
          [
            136.20861500018214,
            35.5133149999873
          ]
        ]
      }
    },
    {
      "type": "Feature",
      "properties": {
        "P12_001": 10156,
        "P12_002": "己高閣・世代閣",
        "P12_003": "25",
        "P12_004": "25203",
        "P12_005": "‐",
        "P12_006": "長浜市木之本町古橋1103",
        "P12_007": null
      },
      "geometry": {
        "type": "MultiPoint",
        "coordinates": [
          [
            136.2519599998542,
            35.50797700023844
          ]
        ]
      }
    },
    {
      "type": "Feature",
      "properties": {
        "P12_001": 10157,
        "P12_002": "おかん　ふれあいステーション",
        "P12_003": "25",
        "P12_004": "25203",
        "P12_005": "‐",
        "P12_006": "長浜市木之本町木之本1543",
        "P12_007": null
      },
      "geometry": {
        "type": "MultiPoint",
        "coordinates": [
          [
            136.2219600004537,
            35.5055674961431
          ]
        ]
      }
    },
    {
      "type": "Feature",
      "properties": {
        "P12_001": 10158,
        "P12_002": "戦国大河きのもと館（きのもと交遊館）",
        "P12_003": "25",
        "P12_004": "25203",
        "P12_005": "‐",
        "P12_006": "長浜市木之本町木之本1118",
        "P12_007": null
      },
      "geometry": {
        "type": "MultiPoint",
        "coordinates": [
          [
            136.22585200006984,
            35.50412999999958
          ]
        ]
      }
    },
    {
      "type": "Feature",
      "properties": {
        "P12_001": 10159,
        "P12_002": "丹生川渓谷",
        "P12_003": "25",
        "P12_004": "25203",
        "P12_005": "‐",
        "P12_006": "長浜市余呉町",
        "P12_007": null
      },
      "geometry": {
        "type": "MultiPoint",
        "coordinates": [
          [
            136.22365803019397,
            35.57680154715371
          ]
        ]
      }
    },
    {
      "type": "Feature",
      "properties": {
        "P12_001": 10160,
        "P12_002": "余呉高原リゾート・ヤップ",
        "P12_003": "25",
        "P12_004": "25203",
        "P12_005": "‐",
        "P12_006": "長浜市余呉町中河内",
        "P12_007": null
      },
      "geometry": {
        "type": "MultiPoint",
        "coordinates": [
          [
            136.15801200035355,
            35.69825000003755
          ]
        ]
      }
    },
    {
      "type": "Feature",
      "properties": {
        "P12_001": 10161,
        "P12_002": "茶わんまつりの館",
        "P12_003": "25",
        "P12_004": "25203",
        "P12_005": "‐",
        "P12_006": "長浜市余呉町上丹生",
        "P12_007": null
      },
      "geometry": {
        "type": "MultiPoint",
        "coordinates": [
          [
            136.23401899987698,
            35.56470700022794
          ]
        ]
      }
    },
    {
      "type": "Feature",
      "properties": {
        "P12_001": 10162,
        "P12_002": "妙理の里",
        "P12_003": "25",
        "P12_004": "25203",
        "P12_005": "‐",
        "P12_006": "長浜市余呉町菅並480",
        "P12_007": null
      },
      "geometry": {
        "type": "MultiPoint",
        "coordinates": [
          [
            136.22399800000778,
            35.598603999475074
          ]
        ]
      }
    },
    {
      "type": "Feature",
      "properties": {
        "P12_001": 10163,
        "P12_002": "ランタの館",
        "P12_003": "25",
        "P12_004": "25203",
        "P12_005": "‐",
        "P12_006": "長浜市西浅井町菅浦624-2",
        "P12_007": null
      },
      "geometry": {
        "type": "MultiPoint",
        "coordinates": [
          [
            136.1333522220275,
            35.457983889145225
          ]
        ]
      }
    },
    {
      "type": "Feature",
      "properties": {
        "P12_001": 10164,
        "P12_002": "二本松水泳場",
        "P12_003": "25",
        "P12_004": "25203",
        "P12_005": "‐",
        "P12_006": "長浜市西浅井町",
        "P12_007": null
      },
      "geometry": {
        "type": "MultiPoint",
        "coordinates": [
          [
            136.10608374157152,
            35.459771249443634
          ]
        ]
      }
    },
    {
      "type": "Feature",
      "properties": {
        "P12_001": 10165,
        "P12_002": "北淡海・丸子船の館",
        "P12_003": "25",
        "P12_004": "25203",
        "P12_005": "‐",
        "P12_006": "長浜市西浅井町大浦582",
        "P12_007": null
      },
      "geometry": {
        "type": "MultiPoint",
        "coordinates": [
          [
            136.12365300048566,
            35.488910999643
          ]
        ]
      }
    },
    {
      "type": "Feature",
      "properties": {
        "P12_001": 10166,
        "P12_002": "和蔵堂",
        "P12_003": "25",
        "P12_004": "25203",
        "P12_005": "‐",
        "P12_006": "長浜市西浅井町山門964",
        "P12_007": null
      },
      "geometry": {
        "type": "MultiPoint",
        "coordinates": [
          [
            136.12171888881574,
            35.52072083339982
          ]
        ]
      }
    },
    {
      "type": "Feature",
      "properties": {
        "P12_001": 10167,
        "P12_002": "奥琵琶湖パークウェイ（売店）",
        "P12_003": "25",
        "P12_004": "25203",
        "P12_005": "‐",
        "P12_006": "長浜市西浅井町菅浦",
        "P12_007": null
      },
      "geometry": {
        "type": "MultiPoint",
        "coordinates": [
          [
            136.14794472227118,
            35.45335263331742
          ]
        ]
      }
    },
    {
      "type": "Feature",
      "properties": {
        "P12_001": 10168,
        "P12_002": "山門水源の森",
        "P12_003": "25",
        "P12_004": "25203",
        "P12_005": "‐",
        "P12_006": "長浜市西浅井町山門964",
        "P12_007": null
      },
      "geometry": {
        "type": "MultiPoint",
        "coordinates": [
          [
            136.12218499664039,
            35.521243607506506
          ]
        ]
      }
    },
    {
      "type": "Feature",
      "properties": {
        "P12_001": 10169,
        "P12_002": "塩津海道あぢかまの里",
        "P12_003": "25",
        "P12_004": "25203",
        "P12_005": "‐",
        "P12_006": "長浜市西浅井町菅浦",
        "P12_007": null
      },
      "geometry": {
        "type": "MultiPoint",
        "coordinates": [
          [
            136.16285099957406,
            35.52051300007497
          ]
        ]
      }
    },
    {
      "type": "Feature",
      "properties": {
        "P12_001": 10170,
        "P12_002": "長浜ドーム宿泊研修館",
        "P12_003": "25",
        "P12_004": "25203",
        "P12_005": "‐",
        "P12_006": "長浜市田村町1411-1",
        "P12_007": null
      },
      "geometry": {
        "type": "MultiPoint",
        "coordinates": [
          [
            136.27873799995882,
            35.35138799975641
          ]
        ]
      }
    },
    {
      "type": "Feature",
      "properties": {
        "P12_001": 10171,
        "P12_002": "グリーンホテルYes長浜みなと館",
        "P12_003": "25",
        "P12_004": "25203",
        "P12_005": "‐",
        "P12_006": "長浜市港町2-28",
        "P12_007": null
      },
      "geometry": {
        "type": "MultiPoint",
        "coordinates": [
          [
            136.26587999966227,
            35.375147000034076
          ]
        ]
      }
    },
    {
      "type": "Feature",
      "properties": {
        "P12_001": 10172,
        "P12_002": "ビジネスホテルウェルネス",
        "P12_003": "25",
        "P12_004": "25203",
        "P12_005": "‐",
        "P12_006": "長浜市神照町951-1",
        "P12_007": null
      },
      "geometry": {
        "type": "MultiPoint",
        "coordinates": [
          [
            136.26717555760592,
            35.39474944443134
          ]
        ]
      }
    },
    {
      "type": "Feature",
      "properties": {
        "P12_001": 10173,
        "P12_002": "長浜ビジネスホテル",
        "P12_003": "25",
        "P12_004": "25203",
        "P12_005": "‐",
        "P12_006": "長浜市川崎町300",
        "P12_007": null
      },
      "geometry": {
        "type": "MultiPoint",
        "coordinates": [
          [
            136.282876666525,
            35.39198000017694
          ]
        ]
      }
    },
    {
      "type": "Feature",
      "properties": {
        "P12_001": 10174,
        "P12_002": "己高庵",
        "P12_003": "25",
        "P12_004": "25203",
        "P12_005": "‐",
        "P12_006": "長浜市木之本町古橋1094",
        "P12_007": null
      },
      "geometry": {
        "type": "MultiPoint",
        "coordinates": [
          [
            136.2524859998291,
            35.509505999702185
          ]
        ]
      }
    },
    {
      "type": "Feature",
      "properties": {
        "P12_001": 10175,
        "P12_002": "大浦地区　民宿・旅館",
        "P12_003": "25",
        "P12_004": "25203",
        "P12_005": "‐",
        "P12_006": "長浜市西浅井町大浦",
        "P12_007": null
      },
      "geometry": {
        "type": "MultiPoint",
        "coordinates": [
          [
            136.12207781184156,
            35.48965863214022
          ]
        ]
      }
    },
    {
      "type": "Feature",
      "properties": {
        "P12_001": 10176,
        "P12_002": "沖島",
        "P12_003": "25",
        "P12_004": "25204",
        "P12_005": "‐",
        "P12_006": "近江八幡市沖島町",
        "P12_007": null
      },
      "geometry": {
        "type": "MultiPoint",
        "coordinates": [
          [
            136.0597420002931,
            35.20626500012969
          ]
        ]
      }
    },
    {
      "type": "Feature",
      "properties": {
        "P12_001": 10177,
        "P12_002": "水郷めぐり",
        "P12_003": "25",
        "P12_004": "25204",
        "P12_005": "‐",
        "P12_006": "近江八幡市北之庄町（ほか）",
        "P12_007": null
      },
      "geometry": {
        "type": "MultiPoint",
        "coordinates": [
          [
            136.09667750026654,
            35.15037222220036
          ]
        ]
      }
    },
    {
      "type": "Feature",
      "properties": {
        "P12_001": 10178,
        "P12_002": "八幡山ロープウェー",
        "P12_003": "25",
        "P12_004": "25204",
        "P12_005": "‐",
        "P12_006": "近江八幡市宮内町257",
        "P12_007": null
      },
      "geometry": {
        "type": "MultiPoint",
        "coordinates": [
          [
            136.0888989994893,
            35.141330999526076
          ]
        ]
      }
    },
    {
      "type": "Feature",
      "properties": {
        "P12_001": 10179,
        "P12_002": "安土城跡",
        "P12_003": "25",
        "P12_004": "25204",
        "P12_005": "‐",
        "P12_006": "近江八幡市安土町下豊浦",
        "P12_007": null
      },
      "geometry": {
        "type": "MultiPoint",
        "coordinates": [
          [
            136.13940600028673,
            35.15591900046155
          ]
        ]
      }
    },
    {
      "type": "Feature",
      "properties": {
        "P12_001": 10180,
        "P12_002": "佐佐木源氏　沙沙貴神社",
        "P12_003": "25",
        "P12_004": "25204",
        "P12_005": "‐",
        "P12_006": "近江八幡市安土町常楽寺1",
        "P12_007": null
      },
      "geometry": {
        "type": "MultiPoint",
        "coordinates": [
          [
            136.1345440000057,
            35.13682999970479
          ]
        ]
      }
    },
    {
      "type": "Feature",
      "properties": {
        "P12_001": 10181,
        "P12_002": "桑実寺",
        "P12_003": "25",
        "P12_004": "25204",
        "P12_005": "‐",
        "P12_006": "近江八幡市安土町桑実寺292",
        "P12_007": null
      },
      "geometry": {
        "type": "MultiPoint",
        "coordinates": [
          [
            136.15407100027653,
            35.1481400005606
          ]
        ]
      }
    },
    {
      "type": "Feature",
      "properties": {
        "P12_001": 10182,
        "P12_002": "八幡堀",
        "P12_003": "25",
        "P12_004": "25204",
        "P12_005": "‐",
        "P12_006": "近江八幡市",
        "P12_007": null
      },
      "geometry": {
        "type": "MultiPoint",
        "coordinates": [
          [
            136.09797275603796,
            35.1283455715909
          ]
        ]
      }
    },
    {
      "type": "Feature",
      "properties": {
        "P12_001": 10183,
        "P12_002": "かわらミュージアム",
        "P12_003": "25",
        "P12_004": "25204",
        "P12_005": "‐",
        "P12_006": "近江八幡市多賀町738-2",
        "P12_007": null
      },
      "geometry": {
        "type": "MultiPoint",
        "coordinates": [
          [
            136.09194499966202,
            35.14060800035901
          ]
        ]
      }
    },
    {
      "type": "Feature",
      "properties": {
        "P12_001": 10184,
        "P12_002": "安土城天主　信長の館",
        "P12_003": "25",
        "P12_004": "25204",
        "P12_005": "‐",
        "P12_006": "近江八幡市安土町桑実寺800",
        "P12_007": null
      },
      "geometry": {
        "type": "MultiPoint",
        "coordinates": [
          [
            136.1480102828483,
            35.14876388544502
          ]
        ]
      }
    },
    {
      "type": "Feature",
      "properties": {
        "P12_001": 10185,
        "P12_002": "滋賀県立安土城考古博物館",
        "P12_003": "25",
        "P12_004": "25204",
        "P12_005": "‐",
        "P12_006": "近江八幡市安土町下豊浦6678",
        "P12_007": null
      },
      "geometry": {
        "type": "MultiPoint",
        "coordinates": [
          [
            136.1477649999548,
            35.149882222086944
          ]
        ]
      }
    },
    {
      "type": "Feature",
      "properties": {
        "P12_001": 10186,
        "P12_002": "近江八幡市立資料館",
        "P12_003": "25",
        "P12_004": "25204",
        "P12_005": "‐",
        "P12_006": "近江八幡市新町2-22",
        "P12_007": null
      },
      "geometry": {
        "type": "MultiPoint",
        "coordinates": [
          [
            136.08923755736748,
            35.137905442282374
          ]
        ]
      }
    },
    {
      "type": "Feature",
      "properties": {
        "P12_001": 10187,
        "P12_002": "安土城郭資料館",
        "P12_003": "25",
        "P12_004": "25204",
        "P12_005": "‐",
        "P12_006": "近江八幡市安土町小中700",
        "P12_007": null
      },
      "geometry": {
        "type": "MultiPoint",
        "coordinates": [
          [
            136.13344555546803,
            35.14201555537363
          ]
        ]
      }
    },
    {
      "type": "Feature",
      "properties": {
        "P12_001": 10188,
        "P12_002": "あきんどの里",
        "P12_003": "25",
        "P12_004": "25204",
        "P12_005": "‐",
        "P12_006": "近江八幡市多賀町569",
        "P12_007": null
      },
      "geometry": {
        "type": "MultiPoint",
        "coordinates": [
          [
            136.09516249964975,
            35.14212138849132
          ]
        ]
      }
    },
    {
      "type": "Feature",
      "properties": {
        "P12_001": 10189,
        "P12_002": "びわこだいなか愛菜館",
        "P12_003": "25",
        "P12_004": "25204",
        "P12_005": "‐",
        "P12_006": "近江八幡市大中町450-5",
        "P12_007": null
      },
      "geometry": {
        "type": "MultiPoint",
        "coordinates": [
          [
            136.09841666319846,
            35.1889391679083
          ]
        ]
      }
    },
    {
      "type": "Feature",
      "properties": {
        "P12_001": 10190,
        "P12_002": "休暇村近江八幡",
        "P12_003": "25",
        "P12_004": "25204",
        "P12_005": "‐",
        "P12_006": "近江八幡市沖島町宮ヶ浜",
        "P12_007": null
      },
      "geometry": {
        "type": "MultiPoint",
        "coordinates": [
          [
            136.08071524261447,
            35.188741916906
          ]
        ]
      }
    },
    {
      "type": "Feature",
      "properties": {
        "P12_001": 10191,
        "P12_002": "左義長まつり",
        "P12_003": "25",
        "P12_004": "25204",
        "P12_005": "‐",
        "P12_006": "近江八幡市宮内町257",
        "P12_007": null
      },
      "geometry": {
        "type": "MultiPoint",
        "coordinates": [
          [
            136.08965055572867,
            35.1410355551468
          ]
        ]
      }
    },
    {
      "type": "Feature",
      "properties": {
        "P12_001": 10192,
        "P12_002": "八幡まつり",
        "P12_003": "25",
        "P12_004": "25204",
        "P12_005": "‐",
        "P12_006": "近江八幡市宮内町257",
        "P12_007": null
      },
      "geometry": {
        "type": "MultiPoint",
        "coordinates": [
          [
            136.08965055572867,
            35.1410355551468
          ]
        ]
      }
    },
    {
      "type": "Feature",
      "properties": {
        "P12_001": 10193,
        "P12_002": "篠田の花火",
        "P12_003": "25",
        "P12_004": "25204",
        "P12_005": "‐",
        "P12_006": "近江八幡市上田町1615",
        "P12_007": null
      },
      "geometry": {
        "type": "MultiPoint",
        "coordinates": [
          [
            136.11802583362544,
            35.11433305492659
          ]
        ]
      }
    },
    {
      "type": "Feature",
      "properties": {
        "P12_001": 10194,
        "P12_002": "あづち信長まつり",
        "P12_003": "25",
        "P12_004": "25204",
        "P12_005": "‐",
        "P12_006": "近江八幡市桜宮町286",
        "P12_007": null
      },
      "geometry": {
        "type": "MultiPoint",
        "coordinates": [
          [
            136.09797275603796,
            35.1283455715909
          ]
        ]
      }
    },
    {
      "type": "Feature",
      "properties": {
        "P12_001": 10195,
        "P12_002": "八幡てんびんまつり",
        "P12_003": "25",
        "P12_004": "25204",
        "P12_005": "‐",
        "P12_006": "近江八幡市桜宮町（ほか）",
        "P12_007": null
      },
      "geometry": {
        "type": "MultiPoint",
        "coordinates": [
          [
            136.09797275603796,
            35.1283455715909
          ]
        ]
      }
    },
    {
      "type": "Feature",
      "properties": {
        "P12_001": 10196,
        "P12_002": "八幡堀まつり",
        "P12_003": "25",
        "P12_004": "25204",
        "P12_005": "‐",
        "P12_006": "近江八幡市",
        "P12_007": null
      },
      "geometry": {
        "type": "MultiPoint",
        "coordinates": [
          [
            136.09797275603796,
            35.1283455715909
          ]
        ]
      }
    },
    {
      "type": "Feature",
      "properties": {
        "P12_001": 10197,
        "P12_002": "草津宿街道交流館",
        "P12_003": "25",
        "P12_004": "25206",
        "P12_005": "‐",
        "P12_006": "草津市草津3-10-4",
        "P12_007": null
      },
      "geometry": {
        "type": "MultiPoint",
        "coordinates": [
          [
            135.95906861062792,
            35.01565777718474
          ]
        ]
      }
    },
    {
      "type": "Feature",
      "properties": {
        "P12_001": 10198,
        "P12_002": "水生植物公園みずの森",
        "P12_003": "25",
        "P12_004": "25206",
        "P12_005": "‐",
        "P12_006": "草津市下物町1091",
        "P12_007": null
      },
      "geometry": {
        "type": "MultiPoint",
        "coordinates": [
          [
            135.9404570005902,
            35.07387300033872
          ]
        ]
      }
    },
    {
      "type": "Feature",
      "properties": {
        "P12_001": 10199,
        "P12_002": "道の駅草津",
        "P12_003": "25",
        "P12_004": "25206",
        "P12_005": "‐",
        "P12_006": "草津市下物町1436",
        "P12_007": null
      },
      "geometry": {
        "type": "MultiPoint",
        "coordinates": [
          [
            135.9393647218045,
            35.07008666656645
          ]
        ]
      }
    },
    {
      "type": "Feature",
      "properties": {
        "P12_001": 10200,
        "P12_002": "ロックベイ　ガーデン",
        "P12_003": "25",
        "P12_004": "25206",
        "P12_005": "‐",
        "P12_006": "草津市下物町1431",
        "P12_007": null
      },
      "geometry": {
        "type": "MultiPoint",
        "coordinates": [
          [
            135.9399625002692,
            35.06964027817634
          ]
        ]
      }
    },
    {
      "type": "Feature",
      "properties": {
        "P12_001": 10201,
        "P12_002": "ロクハ公園",
        "P12_003": "25",
        "P12_004": "25206",
        "P12_005": "‐",
        "P12_006": "草津市追分町623",
        "P12_007": null
      },
      "geometry": {
        "type": "MultiPoint",
        "coordinates": [
          [
            135.9689569443076,
            34.99672222235273
          ]
        ]
      }
    },
    {
      "type": "Feature",
      "properties": {
        "P12_001": 10202,
        "P12_002": "矢橋帰帆島公園",
        "P12_003": "25",
        "P12_004": "25206",
        "P12_005": "‐",
        "P12_006": "草津市矢橋町2108",
        "P12_007": null
      },
      "geometry": {
        "type": "MultiPoint",
        "coordinates": [
          [
            135.9143301734988,
            35.006109594082545
          ]
        ]
      }
    },
    {
      "type": "Feature",
      "properties": {
        "P12_001": 10203,
        "P12_002": "草津宿本陣",
        "P12_003": "25",
        "P12_004": "25206",
        "P12_005": "‐",
        "P12_006": "草津市草津1-2-8",
        "P12_007": null
      },
      "geometry": {
        "type": "MultiPoint",
        "coordinates": [
          [
            135.9602825002372,
            35.01773361121724
          ]
        ]
      }
    },
    {
      "type": "Feature",
      "properties": {
        "P12_001": 10204,
        "P12_002": "三大神社",
        "P12_003": "25",
        "P12_004": "25206",
        "P12_005": "‐",
        "P12_006": "草津市志那町309",
        "P12_007": null
      },
      "geometry": {
        "type": "MultiPoint",
        "coordinates": [
          [
            135.93728694523645,
            35.04831361038487
          ]
        ]
      }
    },
    {
      "type": "Feature",
      "properties": {
        "P12_001": 10205,
        "P12_002": "立木神社",
        "P12_003": "25",
        "P12_004": "25206",
        "P12_005": "‐",
        "P12_006": "草津市草津4-1-3",
        "P12_007": null
      },
      "geometry": {
        "type": "MultiPoint",
        "coordinates": [
          [
            135.9559808306509,
            35.01352472378704
          ]
        ]
      }
    },
    {
      "type": "Feature",
      "properties": {
        "P12_001": 10206,
        "P12_002": "太田酒造（株）　道灌蔵・不盡蔵",
        "P12_003": "25",
        "P12_004": "25206",
        "P12_005": "‐",
        "P12_006": "草津市草津3-10-37",
        "P12_007": null
      },
      "geometry": {
        "type": "MultiPoint",
        "coordinates": [
          [
            135.95852305579444,
            35.01514361138862
          ]
        ]
      }
    },
    {
      "type": "Feature",
      "properties": {
        "P12_001": 10207,
        "P12_002": "宿場そば・うばがもちや",
        "P12_003": "25",
        "P12_004": "25206",
        "P12_005": "‐",
        "P12_006": "草津市追分町17",
        "P12_007": null
      },
      "geometry": {
        "type": "MultiPoint",
        "coordinates": [
          [
            135.96457700042833,
            35.00323799943419
          ]
        ]
      }
    },
    {
      "type": "Feature",
      "properties": {
        "P12_001": 10208,
        "P12_002": "草津宿場まつり",
        "P12_003": "25",
        "P12_004": "25206",
        "P12_005": "‐",
        "P12_006": "草津市草津3-13-30",
        "P12_007": null
      },
      "geometry": {
        "type": "MultiPoint",
        "coordinates": [
          [
            135.96025856478104,
            35.01383270381626
          ]
        ]
      }
    },
    {
      "type": "Feature",
      "properties": {
        "P12_001": 10209,
        "P12_002": "草津納涼まつり",
        "P12_003": "25",
        "P12_004": "25206",
        "P12_005": "‐",
        "P12_006": "草津市大路2-11-51",
        "P12_007": null
      },
      "geometry": {
        "type": "MultiPoint",
        "coordinates": [
          [
            135.9680051657059,
            35.019192046275975
          ]
        ]
      }
    },
    {
      "type": "Feature",
      "properties": {
        "P12_001": 10210,
        "P12_002": "くさつ街あかり",
        "P12_003": "25",
        "P12_004": "25206",
        "P12_005": "‐",
        "P12_006": "草津市草津3-13-30",
        "P12_007": null
      },
      "geometry": {
        "type": "MultiPoint",
        "coordinates": [
          [
            135.96025856478104,
            35.01383270381626
          ]
        ]
      }
    },
    {
      "type": "Feature",
      "properties": {
        "P12_001": 10211,
        "P12_002": "琵琶湖博物館",
        "P12_003": "25",
        "P12_004": "25206",
        "P12_005": "‐",
        "P12_006": "草津市下物町1091",
        "P12_007": null
      },
      "geometry": {
        "type": "MultiPoint",
        "coordinates": [
          [
            135.93488840207817,
            35.07405481357881
          ]
        ]
      }
    },
    {
      "type": "Feature",
      "properties": {
        "P12_001": 10212,
        "P12_002": "イナズマロックフェス",
        "P12_003": "25",
        "P12_004": "25206",
        "P12_005": "‐",
        "P12_006": "草津市下物町1091",
        "P12_007": null
      },
      "geometry": {
        "type": "MultiPoint",
        "coordinates": [
          [
            135.93280203878317,
            35.07468745246399
          ]
        ]
      }
    },
    {
      "type": "Feature",
      "properties": {
        "P12_001": 10213,
        "P12_002": "熱気球搭乗体験",
        "P12_003": "25",
        "P12_004": "25206",
        "P12_005": "‐",
        "P12_006": "草津市下物町1091",
        "P12_007": null
      },
      "geometry": {
        "type": "MultiPoint",
        "coordinates": [
          [
            135.9352746123335,
            35.07333312832128
          ]
        ]
      }
    },
    {
      "type": "Feature",
      "properties": {
        "P12_001": 10214,
        "P12_002": "みなくさまつり",
        "P12_003": "25",
        "P12_004": "25206",
        "P12_005": "‐",
        "P12_006": "草津市西渋川1",
        "P12_007": null
      },
      "geometry": {
        "type": "MultiPoint",
        "coordinates": [
          [
            135.96065629984844,
            35.0231157550881
          ]
        ]
      }
    },
    {
      "type": "Feature",
      "properties": {
        "P12_001": 10215,
        "P12_002": "大庄屋諏訪家屋敷",
        "P12_003": "25",
        "P12_004": "25207",
        "P12_005": "‐",
        "P12_006": "守山市赤野井町171",
        "P12_007": null
      },
      "geometry": {
        "type": "MultiPoint",
        "coordinates": [
          [
            135.96837194430987,
            35.077608611448284
          ]
        ]
      }
    },
    {
      "type": "Feature",
      "properties": {
        "P12_001": 10216,
        "P12_002": "琵琶湖レークサイドゴルフコース",
        "P12_003": "25",
        "P12_004": "25207",
        "P12_005": "‐",
        "P12_006": "守山市木浜町2300",
        "P12_007": null
      },
      "geometry": {
        "type": "MultiPoint",
        "coordinates": [
          [
            135.9392913883869,
            35.09960194487388
          ]
        ]
      }
    },
    {
      "type": "Feature",
      "properties": {
        "P12_001": 10217,
        "P12_002": "勝部神社",
        "P12_003": "25",
        "P12_004": "25207",
        "P12_005": "‐",
        "P12_006": "守山市勝部町1-8-8",
        "P12_007": null
      },
      "geometry": {
        "type": "MultiPoint",
        "coordinates": [
          [
            135.99069200053543,
            35.05082300038123
          ]
        ]
      }
    },
    {
      "type": "Feature",
      "properties": {
        "P12_001": 10218,
        "P12_002": "住吉神社",
        "P12_003": "25",
        "P12_004": "25207",
        "P12_005": "‐",
        "P12_006": "守山市浮気町152",
        "P12_007": null
      },
      "geometry": {
        "type": "MultiPoint",
        "coordinates": [
          [
            136.00216027757483,
            35.050877777187736
          ]
        ]
      }
    },
    {
      "type": "Feature",
      "properties": {
        "P12_001": 10219,
        "P12_002": "小津神社",
        "P12_003": "25",
        "P12_004": "25207",
        "P12_005": "‐",
        "P12_006": "守山市杉江町495",
        "P12_007": null
      },
      "geometry": {
        "type": "MultiPoint",
        "coordinates": [
          [
            135.95957517625345,
            35.07302039717365
          ]
        ]
      }
    },
    {
      "type": "Feature",
      "properties": {
        "P12_001": 10220,
        "P12_002": "下新川神社",
        "P12_003": "25",
        "P12_004": "25207",
        "P12_005": "‐",
        "P12_006": "守山市幸津川1365",
        "P12_007": null
      },
      "geometry": {
        "type": "MultiPoint",
        "coordinates": [
          [
            135.9838205838529,
            35.108454880088686
          ]
        ]
      }
    },
    {
      "type": "Feature",
      "properties": {
        "P12_001": 10221,
        "P12_002": "近江妙蓮公園",
        "P12_003": "25",
        "P12_004": "25207",
        "P12_005": "‐",
        "P12_006": "守山市中町39",
        "P12_007": null
      },
      "geometry": {
        "type": "MultiPoint",
        "coordinates": [
          [
            135.9976105551831,
            35.08674250026621
          ]
        ]
      }
    },
    {
      "type": "Feature",
      "properties": {
        "P12_001": 10222,
        "P12_002": "佐川美術館",
        "P12_003": "25",
        "P12_004": "25207",
        "P12_005": "‐",
        "P12_006": "守山市水保町北川2891",
        "P12_007": null
      },
      "geometry": {
        "type": "MultiPoint",
        "coordinates": [
          [
            135.94611583347898,
            35.10914444426072
          ]
        ]
      }
    },
    {
      "type": "Feature",
      "properties": {
        "P12_001": 10223,
        "P12_002": "守山市魚つり場",
        "P12_003": "25",
        "P12_004": "25207",
        "P12_005": "‐",
        "P12_006": "守山市木浜町",
        "P12_007": null
      },
      "geometry": {
        "type": "MultiPoint",
        "coordinates": [
          [
            135.93925600006446,
            35.094819000396626
          ]
        ]
      }
    },
    {
      "type": "Feature",
      "properties": {
        "P12_001": 10224,
        "P12_002": "もりやまバラ・ハーブ園",
        "P12_003": "25",
        "P12_004": "25207",
        "P12_005": "‐",
        "P12_006": "守山市幸津川町2840",
        "P12_007": null
      },
      "geometry": {
        "type": "MultiPoint",
        "coordinates": [
          [
            135.97177724702237,
            35.1095840166891
          ]
        ]
      }
    },
    {
      "type": "Feature",
      "properties": {
        "P12_001": 10225,
        "P12_002": "もりやま芦刈園",
        "P12_003": "25",
        "P12_004": "25207",
        "P12_005": "‐",
        "P12_006": "守山市杉江町地先",
        "P12_007": null
      },
      "geometry": {
        "type": "MultiPoint",
        "coordinates": [
          [
            135.95225499966853,
            35.07771900053149
          ]
        ]
      }
    },
    {
      "type": "Feature",
      "properties": {
        "P12_001": 10226,
        "P12_002": "もりやまフルーツランド",
        "P12_003": "25",
        "P12_004": "25207",
        "P12_005": "‐",
        "P12_006": "守山市幸津川町4279",
        "P12_007": null
      },
      "geometry": {
        "type": "MultiPoint",
        "coordinates": [
          [
            135.9706397224453,
            35.120241667319135
          ]
        ]
      }
    },
    {
      "type": "Feature",
      "properties": {
        "P12_001": 10227,
        "P12_002": "ほたるの森資料館",
        "P12_003": "25",
        "P12_004": "25207",
        "P12_005": "‐",
        "P12_006": "守山市三宅町10",
        "P12_007": null
      },
      "geometry": {
        "type": "MultiPoint",
        "coordinates": [
          [
            135.98006944414954,
            35.065275277432136
          ]
        ]
      }
    },
    {
      "type": "Feature",
      "properties": {
        "P12_001": 10228,
        "P12_002": "埋蔵文化財センター",
        "P12_003": "25",
        "P12_004": "25207",
        "P12_005": "‐",
        "P12_006": "守山市服部町2250",
        "P12_007": null
      },
      "geometry": {
        "type": "MultiPoint",
        "coordinates": [
          [
            135.9925586117905,
            35.10801583286445
          ]
        ]
      }
    },
    {
      "type": "Feature",
      "properties": {
        "P12_001": 10229,
        "P12_002": "第１なぎさ公園",
        "P12_003": "25",
        "P12_004": "25207",
        "P12_005": "‐",
        "P12_006": "守山市今浜町地先",
        "P12_007": null
      },
      "geometry": {
        "type": "MultiPoint",
        "coordinates": [
          [
            135.9505649774918,
            35.12653762581084
          ]
        ]
      }
    },
    {
      "type": "Feature",
      "properties": {
        "P12_001": 10230,
        "P12_002": "第２なぎさ公園水泳場",
        "P12_003": "25",
        "P12_004": "25207",
        "P12_005": "‐",
        "P12_006": "守山市今浜町地先",
        "P12_007": null
      },
      "geometry": {
        "type": "MultiPoint",
        "coordinates": [
          [
            135.95600270665966,
            35.12635978667487
          ]
        ]
      }
    },
    {
      "type": "Feature",
      "properties": {
        "P12_001": 10231,
        "P12_002": "みさき自然公園",
        "P12_003": "25",
        "P12_004": "25207",
        "P12_005": "‐",
        "P12_006": "守山市今浜町地先",
        "P12_007": null
      },
      "geometry": {
        "type": "MultiPoint",
        "coordinates": [
          [
            135.95416699970735,
            35.12098399921223
          ]
        ]
      }
    },
    {
      "type": "Feature",
      "properties": {
        "P12_001": 10232,
        "P12_002": "中山道街道文化交流館",
        "P12_003": "25",
        "P12_004": "25207",
        "P12_005": "‐",
        "P12_006": "守山市守山1-8-14",
        "P12_007": null
      },
      "geometry": {
        "type": "MultiPoint",
        "coordinates": [
          [
            135.9924250004135,
            35.05558694488167
          ]
        ]
      }
    },
    {
      "type": "Feature",
      "properties": {
        "P12_001": 10233,
        "P12_002": "ファーマーズマーケットおうみんち",
        "P12_003": "25",
        "P12_004": "25207",
        "P12_005": "‐",
        "P12_006": "守山市洲本町2785",
        "P12_007": null
      },
      "geometry": {
        "type": "MultiPoint",
        "coordinates": [
          [
            135.97187999996208,
            35.089582499932476
          ]
        ]
      }
    },
    {
      "type": "Feature",
      "properties": {
        "P12_001": 10234,
        "P12_002": "もりやま夏まつり",
        "P12_003": "25",
        "P12_004": "25207",
        "P12_005": "‐",
        "P12_006": "守山市梅田町（ほか）",
        "P12_007": null
      },
      "geometry": {
        "type": "MultiPoint",
        "coordinates": [
          [
            135.9948529954694,
            35.052278511743964
          ]
        ]
      }
    },
    {
      "type": "Feature",
      "properties": {
        "P12_001": 10235,
        "P12_002": "ぐるり蓮の旅（ハスバス）",
        "P12_003": "25",
        "P12_004": "25207",
        "P12_005": "‐",
        "P12_006": "守山市内",
        "P12_007": null
      },
      "geometry": {
        "type": "MultiPoint",
        "coordinates": [
          [
            135.99444027769675,
            35.058904444084874
          ]
        ]
      }
    },
    {
      "type": "Feature",
      "properties": {
        "P12_001": 10236,
        "P12_002": "ほたるパーク＆ウォーク",
        "P12_003": "25",
        "P12_004": "25207",
        "P12_005": "‐",
        "P12_006": "守山市内",
        "P12_007": null
      },
      "geometry": {
        "type": "MultiPoint",
        "coordinates": [
          [
            135.99444027769675,
            35.058904444084874
          ]
        ]
      }
    },
    {
      "type": "Feature",
      "properties": {
        "P12_001": 10237,
        "P12_002": "もりやまいち",
        "P12_003": "25",
        "P12_004": "25207",
        "P12_005": "‐",
        "P12_006": "守山市守山1",
        "P12_007": null
      },
      "geometry": {
        "type": "MultiPoint",
        "coordinates": [
          [
            135.99294083355267,
            35.05436972238482
          ]
        ]
      }
    },
    {
      "type": "Feature",
      "properties": {
        "P12_001": 10238,
        "P12_002": "もりやまハーフマラソン",
        "P12_003": "25",
        "P12_004": "25207",
        "P12_005": "‐",
        "P12_006": "守山市内",
        "P12_007": null
      },
      "geometry": {
        "type": "MultiPoint",
        "coordinates": [
          [
            135.99444027769675,
            35.058904444084874
          ]
        ]
      }
    },
    {
      "type": "Feature",
      "properties": {
        "P12_001": 10239,
        "P12_002": "お満燈籠伝説大火祭り",
        "P12_003": "25",
        "P12_004": "25207",
        "P12_005": "‐",
        "P12_006": "守山市内",
        "P12_007": null
      },
      "geometry": {
        "type": "MultiPoint",
        "coordinates": [
          [
            135.99444027769675,
            35.058904444084874
          ]
        ]
      }
    },
    {
      "type": "Feature",
      "properties": {
        "P12_001": 10240,
        "P12_002": "東門院門前アート市",
        "P12_003": "25",
        "P12_004": "25207",
        "P12_005": "‐",
        "P12_006": "守山市守山2-2-46",
        "P12_007": null
      },
      "geometry": {
        "type": "MultiPoint",
        "coordinates": [
          [
            135.99113472238957,
            35.05587277730689
          ]
        ]
      }
    },
    {
      "type": "Feature",
      "properties": {
        "P12_001": 10241,
        "P12_002": "和っと守山中山道",
        "P12_003": "25",
        "P12_004": "25207",
        "P12_005": "‐",
        "P12_006": "守山市",
        "P12_007": null
      },
      "geometry": {
        "type": "MultiPoint",
        "coordinates": [
          [
            135.99444027769675,
            35.058904444084874
          ]
        ]
      }
    },
    {
      "type": "Feature",
      "properties": {
        "P12_001": 10242,
        "P12_002": "勝部の火祭り",
        "P12_003": "25",
        "P12_004": "25207",
        "P12_005": "‐",
        "P12_006": "守山市勝部町1-8-8",
        "P12_007": null
      },
      "geometry": {
        "type": "MultiPoint",
        "coordinates": [
          [
            135.99069200053543,
            35.05082599962026
          ]
        ]
      }
    },
    {
      "type": "Feature",
      "properties": {
        "P12_001": 10243,
        "P12_002": "すし切りまつり",
        "P12_003": "25",
        "P12_004": "25207",
        "P12_005": "‐",
        "P12_006": "守山市幸津川1365",
        "P12_007": null
      },
      "geometry": {
        "type": "MultiPoint",
        "coordinates": [
          [
            135.9833536108805,
            35.10835444470189
          ]
        ]
      }
    },
    {
      "type": "Feature",
      "properties": {
        "P12_001": 10244,
        "P12_002": "長刀まつり",
        "P12_003": "25",
        "P12_004": "25207",
        "P12_005": "‐",
        "P12_006": "守山市杉江町495",
        "P12_007": null
      },
      "geometry": {
        "type": "MultiPoint",
        "coordinates": [
          [
            135.9600069443651,
            35.07270666687924
          ]
        ]
      }
    },
    {
      "type": "Feature",
      "properties": {
        "P12_001": 10245,
        "P12_002": "栗東自然観察の森",
        "P12_003": "25",
        "P12_004": "25208",
        "P12_005": "‐",
        "P12_006": "栗東市安養寺178-2",
        "P12_007": null
      },
      "geometry": {
        "type": "MultiPoint",
        "coordinates": [
          [
            136.0060194447417,
            35.016324999499204
          ]
        ]
      }
    },
    {
      "type": "Feature",
      "properties": {
        "P12_001": 10246,
        "P12_002": "栗東歴史民俗博物館",
        "P12_003": "25",
        "P12_004": "25208",
        "P12_005": "‐",
        "P12_006": "栗東市小野223-8",
        "P12_007": null
      },
      "geometry": {
        "type": "MultiPoint",
        "coordinates": [
          [
            136.00878305599326,
            35.01791750009261
          ]
        ]
      }
    },
    {
      "type": "Feature",
      "properties": {
        "P12_001": 10247,
        "P12_002": "栗東市出土文化財センター",
        "P12_003": "25",
        "P12_004": "25208",
        "P12_005": "‐",
        "P12_006": "栗東市下戸山47",
        "P12_007": null
      },
      "geometry": {
        "type": "MultiPoint",
        "coordinates": [
          [
            135.99387339813893,
            35.01308414052073
          ]
        ]
      }
    },
    {
      "type": "Feature",
      "properties": {
        "P12_001": 10248,
        "P12_002": "金勝山県民の森",
        "P12_003": "25",
        "P12_004": "25208",
        "P12_005": "‐",
        "P12_006": "栗東市荒張、観音寺",
        "P12_007": null
      },
      "geometry": {
        "type": "MultiPoint",
        "coordinates": [
          [
            136.03833399961445,
            34.96967999963232
          ]
        ]
      }
    },
    {
      "type": "Feature",
      "properties": {
        "P12_001": 10249,
        "P12_002": "野洲川ローンプレーフィールド",
        "P12_003": "25",
        "P12_004": "25208",
        "P12_005": "‐",
        "P12_006": "栗東市出庭2083",
        "P12_007": null
      },
      "geometry": {
        "type": "MultiPoint",
        "coordinates": [
          [
            136.01170694441998,
            35.04754305506799
          ]
        ]
      }
    },
    {
      "type": "Feature",
      "properties": {
        "P12_001": 10250,
        "P12_002": "日向山石段",
        "P12_003": "25",
        "P12_004": "25208",
        "P12_005": "‐",
        "P12_006": "栗東市六地蔵",
        "P12_007": null
      },
      "geometry": {
        "type": "MultiPoint",
        "coordinates": [
          [
            136.02386962668197,
            35.02277741394653
          ]
        ]
      }
    },
    {
      "type": "Feature",
      "properties": {
        "P12_001": 10251,
        "P12_002": "こんぜの里　バンガロー村",
        "P12_003": "25",
        "P12_004": "25208",
        "P12_005": "‐",
        "P12_006": "栗東市観音寺535",
        "P12_007": null
      },
      "geometry": {
        "type": "MultiPoint",
        "coordinates": [
          [
            136.0411186109352,
            34.969678611079075
          ]
        ]
      }
    },
    {
      "type": "Feature",
      "properties": {
        "P12_001": 10252,
        "P12_002": "こんぜの里　森遊館",
        "P12_003": "25",
        "P12_004": "25208",
        "P12_005": "‐",
        "P12_006": "栗東市観音寺537-1",
        "P12_007": null
      },
      "geometry": {
        "type": "MultiPoint",
        "coordinates": [
          [
            136.04225000033728,
            34.96697555567738
          ]
        ]
      }
    },
    {
      "type": "Feature",
      "properties": {
        "P12_001": 10253,
        "P12_002": "こんぜの里　森の未来館",
        "P12_003": "25",
        "P12_004": "25208",
        "P12_005": "‐",
        "P12_006": "栗東市観音寺459-20",
        "P12_007": null
      },
      "geometry": {
        "type": "MultiPoint",
        "coordinates": [
          [
            136.04233888932833,
            34.9639433340177
          ]
        ]
      }
    },
    {
      "type": "Feature",
      "properties": {
        "P12_001": 10254,
        "P12_002": "金勝山ハイキングコース",
        "P12_003": "25",
        "P12_004": "25208",
        "P12_005": "‐",
        "P12_006": "栗東市",
        "P12_007": null
      },
      "geometry": {
        "type": "MultiPoint",
        "coordinates": [
          [
            135.99792361098594,
            35.02149194459764
          ]
        ]
      }
    },
    {
      "type": "Feature",
      "properties": {
        "P12_001": 10255,
        "P12_002": "栗東夏まつり",
        "P12_003": "25",
        "P12_004": "25208",
        "P12_005": "‐",
        "P12_006": "栗東市",
        "P12_007": null
      },
      "geometry": {
        "type": "MultiPoint",
        "coordinates": [
          [
            135.99792361098594,
            35.02149194459764
          ]
        ]
      }
    },
    {
      "type": "Feature",
      "properties": {
        "P12_001": 10256,
        "P12_002": "大池寺",
        "P12_003": "25",
        "P12_004": "25209",
        "P12_005": "‐",
        "P12_006": "甲賀市水口町名坂1168",
        "P12_007": null
      },
      "geometry": {
        "type": "MultiPoint",
        "coordinates": [
          [
            136.17195100013862,
            34.983847999185855
          ]
        ]
      }
    },
    {
      "type": "Feature",
      "properties": {
        "P12_001": 10257,
        "P12_002": "みなくち子どもの森",
        "P12_003": "25",
        "P12_004": "25209",
        "P12_005": "‐",
        "P12_006": "甲賀市水口町北内貴10",
        "P12_007": null
      },
      "geometry": {
        "type": "MultiPoint",
        "coordinates": [
          [
            136.16738361146452,
            34.956748611059595
          ]
        ]
      }
    },
    {
      "type": "Feature",
      "properties": {
        "P12_001": 10258,
        "P12_002": "水口歴史民俗資料館",
        "P12_003": "25",
        "P12_004": "25209",
        "P12_005": "‐",
        "P12_006": "甲賀市水口町水口5368",
        "P12_007": null
      },
      "geometry": {
        "type": "MultiPoint",
        "coordinates": [
          [
            136.1663920000908,
            34.967969999915624
          ]
        ]
      }
    },
    {
      "type": "Feature",
      "properties": {
        "P12_001": 10259,
        "P12_002": "水口城資料館",
        "P12_003": "25",
        "P12_004": "25209",
        "P12_005": "‐",
        "P12_006": "甲賀市水口町本丸4103",
        "P12_007": null
      },
      "geometry": {
        "type": "MultiPoint",
        "coordinates": [
          [
            136.1655770002784,
            34.97011200066834
          ]
        ]
      }
    },
    {
      "type": "Feature",
      "properties": {
        "P12_001": 10260,
        "P12_002": "名神竜王カントリー倶楽部",
        "P12_003": "25",
        "P12_004": "25209",
        "P12_005": "‐",
        "P12_006": "甲賀市水口町春日1616",
        "P12_007": null
      },
      "geometry": {
        "type": "MultiPoint",
        "coordinates": [
          [
            136.16430666651956,
            35.02999527736023
          ]
        ]
      }
    },
    {
      "type": "Feature",
      "properties": {
        "P12_001": 10261,
        "P12_002": "滋賀ゴルフクラブ",
        "P12_003": "25",
        "P12_004": "25209",
        "P12_005": "‐",
        "P12_006": "甲賀市水口町嶬峨1115",
        "P12_007": null
      },
      "geometry": {
        "type": "MultiPoint",
        "coordinates": [
          [
            136.1969691681926,
            34.94530555190977
          ]
        ]
      }
    },
    {
      "type": "Feature",
      "properties": {
        "P12_001": 10262,
        "P12_002": "ベアズパウジャパンカントリークラブ",
        "P12_003": "25",
        "P12_004": "25209",
        "P12_005": "‐",
        "P12_006": "甲賀市水口町春日146",
        "P12_007": null
      },
      "geometry": {
        "type": "MultiPoint",
        "coordinates": [
          [
            136.1682747227004,
            35.01478944487701
          ]
        ]
      }
    },
    {
      "type": "Feature",
      "properties": {
        "P12_001": 10263,
        "P12_002": "水口スポーツの森",
        "P12_003": "25",
        "P12_004": "25209",
        "P12_005": "‐",
        "P12_006": "甲賀市水口町北内貴230",
        "P12_007": null
      },
      "geometry": {
        "type": "MultiPoint",
        "coordinates": [
          [
            136.16193777760645,
            34.959739722010625
          ]
        ]
      }
    },
    {
      "type": "Feature",
      "properties": {
        "P12_001": 10264,
        "P12_002": "水口曳山祭",
        "P12_003": "25",
        "P12_004": "25209",
        "P12_005": "‐",
        "P12_006": "甲賀市水口町宮の前3-14",
        "P12_007": null
      },
      "geometry": {
        "type": "MultiPoint",
        "coordinates": [
          [
            136.1678527742862,
            34.96717583559638
          ]
        ]
      }
    },
    {
      "type": "Feature",
      "properties": {
        "P12_001": 10265,
        "P12_002": "甲賀夏まつり",
        "P12_003": "25",
        "P12_004": "25209",
        "P12_005": "‐",
        "P12_006": "甲賀市水口町水口6053",
        "P12_007": null
      },
      "geometry": {
        "type": "MultiPoint",
        "coordinates": [
          [
            136.1667858338992,
            34.96611444492572
          ]
        ]
      }
    },
    {
      "type": "Feature",
      "properties": {
        "P12_001": 10266,
        "P12_002": "杣川夏まつり",
        "P12_003": "25",
        "P12_004": "25209",
        "P12_005": "‐",
        "P12_006": "甲賀市水口町貴生川308-1",
        "P12_007": null
      },
      "geometry": {
        "type": "MultiPoint",
        "coordinates": [
          [
            136.15163111168647,
            34.95224055515757
          ]
        ]
      }
    },
    {
      "type": "Feature",
      "properties": {
        "P12_001": 10267,
        "P12_002": "田村神社（万燈祭・田村祭含む）",
        "P12_003": "25",
        "P12_004": "25209",
        "P12_005": "‐",
        "P12_006": "甲賀市土山町北土山470",
        "P12_007": null
      },
      "geometry": {
        "type": "MultiPoint",
        "coordinates": [
          [
            136.29847388935855,
            34.930613333038934
          ]
        ]
      }
    },
    {
      "type": "Feature",
      "properties": {
        "P12_001": 10268,
        "P12_002": "東海道伝馬館",
        "P12_003": "25",
        "P12_004": "25209",
        "P12_005": "‐",
        "P12_006": "甲賀市土山町北土山1570",
        "P12_007": null
      },
      "geometry": {
        "type": "MultiPoint",
        "coordinates": [
          [
            136.28334899945685,
            34.93553899992497
          ]
        ]
      }
    },
    {
      "type": "Feature",
      "properties": {
        "P12_001": 10269,
        "P12_002": "黒滝遊漁場",
        "P12_003": "25",
        "P12_004": "25209",
        "P12_005": "‐",
        "P12_006": "甲賀市土山町黒滝466",
        "P12_007": null
      },
      "geometry": {
        "type": "MultiPoint",
        "coordinates": [
          [
            136.34909999996512,
            34.9361529994614
          ]
        ]
      }
    },
    {
      "type": "Feature",
      "properties": {
        "P12_001": 10270,
        "P12_002": "名神栗東カントリー倶楽部",
        "P12_003": "25",
        "P12_004": "25209",
        "P12_005": "‐",
        "P12_006": "甲賀市土山町大野4970",
        "P12_007": null
      },
      "geometry": {
        "type": "MultiPoint",
        "coordinates": [
          [
            136.2612639999337,
            34.95751900000192
          ]
        ]
      }
    },
    {
      "type": "Feature",
      "properties": {
        "P12_001": 10271,
        "P12_002": "双鈴ゴルフクラブ　土山コース",
        "P12_003": "25",
        "P12_004": "25209",
        "P12_005": "‐",
        "P12_006": "甲賀市土山町南土山1118",
        "P12_007": null
      },
      "geometry": {
        "type": "MultiPoint",
        "coordinates": [
          [
            136.29673749993572,
            34.91856722269921
          ]
        ]
      }
    },
    {
      "type": "Feature",
      "properties": {
        "P12_001": 10272,
        "P12_002": "ダイヤモンド滋賀カントリークラブ",
        "P12_003": "25",
        "P12_004": "25209",
        "P12_005": "‐",
        "P12_006": "甲賀市土山町黒川1711",
        "P12_007": null
      },
      "geometry": {
        "type": "MultiPoint",
        "coordinates": [
          [
            136.33851611082991,
            34.92838027772768
          ]
        ]
      }
    },
    {
      "type": "Feature",
      "properties": {
        "P12_001": 10273,
        "P12_002": "青土ダムエコーバレイ",
        "P12_003": "25",
        "P12_004": "25209",
        "P12_005": "‐",
        "P12_006": "甲賀市土山町青土101-7",
        "P12_007": null
      },
      "geometry": {
        "type": "MultiPoint",
        "coordinates": [
          [
            136.3048410004119,
            34.95248500078219
          ]
        ]
      }
    },
    {
      "type": "Feature",
      "properties": {
        "P12_001": 10274,
        "P12_002": "リップルＣＨＡＣＨＡ",
        "P12_003": "25",
        "P12_004": "25209",
        "P12_005": "‐",
        "P12_006": "甲賀市土山町鮎河2642",
        "P12_007": null
      },
      "geometry": {
        "type": "MultiPoint",
        "coordinates": [
          [
            136.31691800066528,
            34.95052100014408
          ]
        ]
      }
    },
    {
      "type": "Feature",
      "properties": {
        "P12_001": 10275,
        "P12_002": "道の駅「あいの土山」",
        "P12_003": "25",
        "P12_004": "25209",
        "P12_005": "‐",
        "P12_006": "甲賀市土山町北土山2900",
        "P12_007": null
      },
      "geometry": {
        "type": "MultiPoint",
        "coordinates": [
          [
            136.2956720002627,
            34.927780000046994
          ]
        ]
      }
    },
    {
      "type": "Feature",
      "properties": {
        "P12_001": 10276,
        "P12_002": "うぐい川　咲くや鮎河さくらまつりホタル鑑賞",
        "P12_003": "25",
        "P12_004": "25209",
        "P12_005": "‐",
        "P12_006": "甲賀市土山町鮎河878",
        "P12_007": null
      },
      "geometry": {
        "type": "MultiPoint",
        "coordinates": [
          [
            136.34109277730988,
            34.961842778521486
          ]
        ]
      }
    },
    {
      "type": "Feature",
      "properties": {
        "P12_001": 10277,
        "P12_002": "あいの土山マラソン",
        "P12_003": "25",
        "P12_004": "25209",
        "P12_005": "‐",
        "P12_006": "甲賀市土山町北土山1715",
        "P12_007": null
      },
      "geometry": {
        "type": "MultiPoint",
        "coordinates": [
          [
            136.2828416667096,
            34.93796111071674
          ]
        ]
      }
    },
    {
      "type": "Feature",
      "properties": {
        "P12_001": 10278,
        "P12_002": "櫟野寺",
        "P12_003": "25",
        "P12_004": "25209",
        "P12_005": "‐",
        "P12_006": "甲賀市甲賀町櫟野1359",
        "P12_007": null
      },
      "geometry": {
        "type": "MultiPoint",
        "coordinates": [
          [
            136.2524947529306,
            34.897100151850566
          ]
        ]
      }
    },
    {
      "type": "Feature",
      "properties": {
        "P12_001": 10279,
        "P12_002": "油日神社（歴史民俗資料館含む）",
        "P12_003": "25",
        "P12_004": "25209",
        "P12_005": "‐",
        "P12_006": "甲賀市甲賀町油日1042",
        "P12_007": null
      },
      "geometry": {
        "type": "MultiPoint",
        "coordinates": [
          [
            136.24979173619977,
            34.88699130800251
          ]
        ]
      }
    },
    {
      "type": "Feature",
      "properties": {
        "P12_001": 10280,
        "P12_002": "大甲賀カントリークラブ",
        "P12_003": "25",
        "P12_004": "25209",
        "P12_005": "‐",
        "P12_006": "甲賀市甲賀町油日1695",
        "P12_007": null
      },
      "geometry": {
        "type": "MultiPoint",
        "coordinates": [
          [
            136.25803222230923,
            34.8808374999507
          ]
        ]
      }
    },
    {
      "type": "Feature",
      "properties": {
        "P12_001": 10281,
        "P12_002": "コムウッドゴルフクラブ",
        "P12_003": "25",
        "P12_004": "25209",
        "P12_005": "‐",
        "P12_006": "甲賀市甲賀町大原上田111",
        "P12_007": null
      },
      "geometry": {
        "type": "MultiPoint",
        "coordinates": [
          [
            136.2603999996603,
            34.916380556217746
          ]
        ]
      }
    },
    {
      "type": "Feature",
      "properties": {
        "P12_001": 10282,
        "P12_002": "富士スタジアムゴルフ倶楽部",
        "P12_003": "25",
        "P12_004": "25209",
        "P12_005": "‐",
        "P12_006": "甲賀市甲賀町五反田547",
        "P12_007": null
      },
      "geometry": {
        "type": "MultiPoint",
        "coordinates": [
          [
            136.2371258328909,
            34.86367583357293
          ]
        ]
      }
    },
    {
      "type": "Feature",
      "properties": {
        "P12_001": 10283,
        "P12_002": "甲賀もちふる里館",
        "P12_003": "25",
        "P12_004": "25209",
        "P12_005": "‐",
        "P12_006": "甲賀市甲賀町小佐治2121-1",
        "P12_007": null
      },
      "geometry": {
        "type": "MultiPoint",
        "coordinates": [
          [
            136.2172839997569,
            34.93463899979008
          ]
        ]
      }
    },
    {
      "type": "Feature",
      "properties": {
        "P12_001": 10284,
        "P12_002": "甲賀観光センター",
        "P12_003": "25",
        "P12_004": "25209",
        "P12_005": "‐",
        "P12_006": "甲賀市甲賀町大久保507-2（甲賀創建館内）",
        "P12_007": null
      },
      "geometry": {
        "type": "MultiPoint",
        "coordinates": [
          [
            136.23151900060145,
            34.90151600026326
          ]
        ]
      }
    },
    {
      "type": "Feature",
      "properties": {
        "P12_001": 10285,
        "P12_002": "大原祇園まつり",
        "P12_003": "25",
        "P12_004": "25209",
        "P12_005": "‐",
        "P12_006": "甲賀市甲賀町鳥居野783",
        "P12_007": null
      },
      "geometry": {
        "type": "MultiPoint",
        "coordinates": [
          [
            136.22219100031452,
            34.91265400038185
          ]
        ]
      }
    },
    {
      "type": "Feature",
      "properties": {
        "P12_001": 10286,
        "P12_002": "ござれＧＯ－ＳＨＵ！",
        "P12_003": "25",
        "P12_004": "25209",
        "P12_005": "‐",
        "P12_006": "甲賀市甲賀町相模173-1",
        "P12_007": null
      },
      "geometry": {
        "type": "MultiPoint",
        "coordinates": [
          [
            136.2165474999672,
            34.903419166261585
          ]
        ]
      }
    },
    {
      "type": "Feature",
      "properties": {
        "P12_001": 10287,
        "P12_002": "ビジネスホテル山水",
        "P12_003": "25",
        "P12_004": "25209",
        "P12_005": "‐",
        "P12_006": "甲賀市甲賀町大原市場345",
        "P12_007": null
      },
      "geometry": {
        "type": "MultiPoint",
        "coordinates": [
          [
            136.2094555551298,
            34.90499000038824
          ]
        ]
      }
    },
    {
      "type": "Feature",
      "properties": {
        "P12_001": 10288,
        "P12_002": "くすり学習館",
        "P12_003": "25",
        "P12_004": "25209",
        "P12_005": "‐",
        "P12_006": "甲賀市甲賀町大原中898-1",
        "P12_007": null
      },
      "geometry": {
        "type": "MultiPoint",
        "coordinates": [
          [
            136.22893400010412,
            34.9003020000373
          ]
        ]
      }
    },
    {
      "type": "Feature",
      "properties": {
        "P12_001": 10289,
        "P12_002": "和太鼓サウンド夢の森",
        "P12_003": "25",
        "P12_004": "25209",
        "P12_005": "‐",
        "P12_006": "甲賀市甲賀町大久保507-2",
        "P12_007": null
      },
      "geometry": {
        "type": "MultiPoint",
        "coordinates": [
          [
            136.23151900060145,
            34.90151600026326
          ]
        ]
      }
    },
    {
      "type": "Feature",
      "properties": {
        "P12_001": 10290,
        "P12_002": "六角堂",
        "P12_003": "25",
        "P12_004": "25209",
        "P12_005": "‐",
        "P12_006": "甲賀市甲南町野田810",
        "P12_007": null
      },
      "geometry": {
        "type": "MultiPoint",
        "coordinates": [
          [
            136.18324100007214,
            34.91737799969496
          ]
        ]
      }
    },
    {
      "type": "Feature",
      "properties": {
        "P12_001": 10291,
        "P12_002": "甲賀流忍術屋敷",
        "P12_003": "25",
        "P12_004": "25209",
        "P12_005": "‐",
        "P12_006": "甲賀市甲南町竜法師2331",
        "P12_007": null
      },
      "geometry": {
        "type": "MultiPoint",
        "coordinates": [
          [
            136.1673690001793,
            34.91846000012896
          ]
        ]
      }
    },
    {
      "type": "Feature",
      "properties": {
        "P12_001": 10292,
        "P12_002": "成田ふれあい牧場",
        "P12_003": "25",
        "P12_004": "25209",
        "P12_005": "‐",
        "P12_006": "甲賀市甲南町新治696",
        "P12_007": null
      },
      "geometry": {
        "type": "MultiPoint",
        "coordinates": [
          [
            136.16041749976785,
            34.909568888693286
          ]
        ]
      }
    },
    {
      "type": "Feature",
      "properties": {
        "P12_001": 10293,
        "P12_002": "甲南へらの池",
        "P12_003": "25",
        "P12_004": "25209",
        "P12_005": "‐",
        "P12_006": "甲賀市甲南町柑子1451",
        "P12_007": null
      },
      "geometry": {
        "type": "MultiPoint",
        "coordinates": [
          [
            136.16645527818855,
            34.895016388495605
          ]
        ]
      }
    },
    {
      "type": "Feature",
      "properties": {
        "P12_001": 10294,
        "P12_002": "センチュリー・シガ・ゴルフクラブ",
        "P12_003": "25",
        "P12_004": "25209",
        "P12_005": "‐",
        "P12_006": "甲賀市甲南町池田2118",
        "P12_007": null
      },
      "geometry": {
        "type": "MultiPoint",
        "coordinates": [
          [
            136.1859174993931,
            34.903036666608955
          ]
        ]
      }
    },
    {
      "type": "Feature",
      "properties": {
        "P12_001": 10295,
        "P12_002": "滋賀甲南カントリークラブ",
        "P12_003": "25",
        "P12_004": "25209",
        "P12_005": "‐",
        "P12_006": "甲賀市甲南町寺庄151",
        "P12_007": null
      },
      "geometry": {
        "type": "MultiPoint",
        "coordinates": [
          [
            136.19624777791273,
            34.915097222758675
          ]
        ]
      }
    },
    {
      "type": "Feature",
      "properties": {
        "P12_001": 10296,
        "P12_002": "宮乃温泉",
        "P12_003": "25",
        "P12_004": "25209",
        "P12_005": "‐",
        "P12_006": "甲賀市甲南町杉谷364-1",
        "P12_007": null
      },
      "geometry": {
        "type": "MultiPoint",
        "coordinates": [
          [
            136.15602299946192,
            34.92575900037764
          ]
        ]
      }
    },
    {
      "type": "Feature",
      "properties": {
        "P12_001": 10297,
        "P12_002": "塩野温泉",
        "P12_003": "25",
        "P12_004": "25209",
        "P12_005": "‐",
        "P12_006": "甲賀市甲南町塩野269",
        "P12_007": null
      },
      "geometry": {
        "type": "MultiPoint",
        "coordinates": [
          [
            136.15047900010586,
            34.93084999952788
          ]
        ]
      }
    },
    {
      "type": "Feature",
      "properties": {
        "P12_001": 10298,
        "P12_002": "紫香楽宮跡（宮町遺跡・甲賀寺跡）",
        "P12_003": "25",
        "P12_004": "25209",
        "P12_005": "‐",
        "P12_006": "甲賀市信楽町宮町　および　牧",
        "P12_007": null
      },
      "geometry": {
        "type": "MultiPoint",
        "coordinates": [
          [
            136.08269835654403,
            34.91828265741873
          ]
        ]
      }
    },
    {
      "type": "Feature",
      "properties": {
        "P12_001": 10299,
        "P12_002": "信楽伝統産業会館",
        "P12_003": "25",
        "P12_004": "25209",
        "P12_005": "‐",
        "P12_006": "甲賀市信楽町長野1142",
        "P12_007": null
      },
      "geometry": {
        "type": "MultiPoint",
        "coordinates": [
          [
            136.05653222278397,
            34.87853027755034
          ]
        ]
      }
    },
    {
      "type": "Feature",
      "properties": {
        "P12_001": 10300,
        "P12_002": "陶芸の森（産業展示館・陶芸館）",
        "P12_003": "25",
        "P12_004": "25209",
        "P12_005": "‐",
        "P12_006": "甲賀市信楽町勅旨2188-7",
        "P12_007": null
      },
      "geometry": {
        "type": "MultiPoint",
        "coordinates": [
          [
            136.05861999981323,
            34.88620900034516
          ]
        ]
      }
    },
    {
      "type": "Feature",
      "properties": {
        "P12_001": 10301,
        "P12_002": "ＭＩＨＯ　ＭＵＳＥＵＭ",
        "P12_003": "25",
        "P12_004": "25209",
        "P12_005": "‐",
        "P12_006": "甲賀市信楽桃谷300",
        "P12_007": null
      },
      "geometry": {
        "type": "MultiPoint",
        "coordinates": [
          [
            136.01616399976888,
            34.914869999151165
          ]
        ]
      }
    },
    {
      "type": "Feature",
      "properties": {
        "P12_001": 10302,
        "P12_002": "秀明自然農法　しがらきの里",
        "P12_003": "25",
        "P12_004": "25209",
        "P12_005": "‐",
        "P12_006": "甲賀市信楽町田代316",
        "P12_007": null
      },
      "geometry": {
        "type": "MultiPoint",
        "coordinates": [
          [
            136.01783399943963,
            34.90893300055757
          ]
        ]
      }
    },
    {
      "type": "Feature",
      "properties": {
        "P12_001": 10303,
        "P12_002": "信楽陶舗大小屋",
        "P12_003": "25",
        "P12_004": "25209",
        "P12_005": "‐",
        "P12_006": "甲賀市信楽町勅旨2349",
        "P12_007": null
      },
      "geometry": {
        "type": "MultiPoint",
        "coordinates": [
          [
            136.06220899984555,
            34.886720999674424
          ]
        ]
      }
    },
    {
      "type": "Feature",
      "properties": {
        "P12_001": 10304,
        "P12_002": "（株）信楽陶苑　たぬき村",
        "P12_003": "25",
        "P12_004": "25209",
        "P12_005": "‐",
        "P12_006": "甲賀市信楽町牧1293-2",
        "P12_007": null
      },
      "geometry": {
        "type": "MultiPoint",
        "coordinates": [
          [
            136.0770519441919,
            34.914324444317685
          ]
        ]
      }
    },
    {
      "type": "Feature",
      "properties": {
        "P12_001": 10305,
        "P12_002": "（株）澤善",
        "P12_003": "25",
        "P12_004": "25209",
        "P12_005": "‐",
        "P12_006": "甲賀市信楽町勅旨1424-1",
        "P12_007": null
      },
      "geometry": {
        "type": "MultiPoint",
        "coordinates": [
          [
            136.0725627776501,
            34.89574611099425
          ]
        ]
      }
    },
    {
      "type": "Feature",
      "properties": {
        "P12_001": 10306,
        "P12_002": "（株）信楽陶芸村",
        "P12_003": "25",
        "P12_004": "25209",
        "P12_005": "‐",
        "P12_006": "甲賀市信楽町長野1131",
        "P12_007": null
      },
      "geometry": {
        "type": "MultiPoint",
        "coordinates": [
          [
            136.05696444505315,
            34.88023000071399
          ]
        ]
      }
    },
    {
      "type": "Feature",
      "properties": {
        "P12_001": 10307,
        "P12_002": "（株）宗陶苑",
        "P12_003": "25",
        "P12_004": "25209",
        "P12_005": "‐",
        "P12_006": "甲賀市信楽町長野1423-13",
        "P12_007": null
      },
      "geometry": {
        "type": "MultiPoint",
        "coordinates": [
          [
            136.0477909995551,
            34.87701000061111
          ]
        ]
      }
    },
    {
      "type": "Feature",
      "properties": {
        "P12_001": 10308,
        "P12_002": "マルタカ陶器（株）遊器陶舎",
        "P12_003": "25",
        "P12_004": "25209",
        "P12_005": "‐",
        "P12_006": "甲賀市信楽町勅旨2344",
        "P12_007": null
      },
      "geometry": {
        "type": "MultiPoint",
        "coordinates": [
          [
            136.06309500023417,
            34.88788416662106
          ]
        ]
      }
    },
    {
      "type": "Feature",
      "properties": {
        "P12_001": 10309,
        "P12_002": "朝宮ゴルフコース",
        "P12_003": "25",
        "P12_004": "25209",
        "P12_005": "‐",
        "P12_006": "甲賀市信楽町上朝宮1-1",
        "P12_007": null
      },
      "geometry": {
        "type": "MultiPoint",
        "coordinates": [
          [
            136.0012400004257,
            34.8498869998852
          ]
        ]
      }
    },
    {
      "type": "Feature",
      "properties": {
        "P12_001": 10310,
        "P12_002": "紫香楽国際カントリークラブ",
        "P12_003": "25",
        "P12_004": "25209",
        "P12_005": "‐",
        "P12_006": "甲賀市信楽町長野1532-2",
        "P12_007": null
      },
      "geometry": {
        "type": "MultiPoint",
        "coordinates": [
          [
            136.05037222200053,
            34.892512499652184
          ]
        ]
      }
    },
    {
      "type": "Feature",
      "properties": {
        "P12_001": 10311,
        "P12_002": "オレンジシガカントリークラブ",
        "P12_003": "25",
        "P12_004": "25209",
        "P12_005": "‐",
        "P12_006": "甲賀市信楽町宮町1000",
        "P12_007": null
      },
      "geometry": {
        "type": "MultiPoint",
        "coordinates": [
          [
            136.09575499729533,
            34.94488611170476
          ]
        ]
      }
    },
    {
      "type": "Feature",
      "properties": {
        "P12_001": 10312,
        "P12_002": "ザ・カントリークラブ",
        "P12_003": "25",
        "P12_004": "25209",
        "P12_005": "‐",
        "P12_006": "甲賀市信楽町牧1782-2",
        "P12_007": null
      },
      "geometry": {
        "type": "MultiPoint",
        "coordinates": [
          [
            136.04439361087645,
            34.90026972157045
          ]
        ]
      }
    },
    {
      "type": "Feature",
      "properties": {
        "P12_001": 10313,
        "P12_002": "滋賀カントリー倶楽部",
        "P12_003": "25",
        "P12_004": "25209",
        "P12_005": "‐",
        "P12_006": "甲賀市信楽町上朝宮1224",
        "P12_007": null
      },
      "geometry": {
        "type": "MultiPoint",
        "coordinates": [
          [
            136.00832833268646,
            34.86918972182826
          ]
        ]
      }
    },
    {
      "type": "Feature",
      "properties": {
        "P12_001": 10314,
        "P12_002": "信楽カントリー倶楽部　田代コース",
        "P12_003": "25",
        "P12_004": "25209",
        "P12_005": "‐",
        "P12_006": "甲賀市信楽町田代763",
        "P12_007": null
      },
      "geometry": {
        "type": "MultiPoint",
        "coordinates": [
          [
            136.0159011081497,
            34.89203527800572
          ]
        ]
      }
    },
    {
      "type": "Feature",
      "properties": {
        "P12_001": 10315,
        "P12_002": "信楽カントリー倶楽部　杉山コース",
        "P12_003": "25",
        "P12_004": "25209",
        "P12_005": "‐",
        "P12_006": "甲賀市信楽町畑55-1",
        "P12_007": null
      },
      "geometry": {
        "type": "MultiPoint",
        "coordinates": [
          [
            136.01885111108993,
            34.88525222241219
          ]
        ]
      }
    },
    {
      "type": "Feature",
      "properties": {
        "P12_001": 10316,
        "P12_002": "デイリー信楽カントリー倶楽部",
        "P12_003": "25",
        "P12_004": "25209",
        "P12_005": "‐",
        "P12_006": "甲賀市信楽町多羅尾1577",
        "P12_007": null
      },
      "geometry": {
        "type": "MultiPoint",
        "coordinates": [
          [
            136.0328570006501,
            34.819430000094485
          ]
        ]
      }
    },
    {
      "type": "Feature",
      "properties": {
        "P12_001": 10317,
        "P12_002": "メイプルヒルズゴルフ倶楽部",
        "P12_003": "25",
        "P12_004": "25209",
        "P12_005": "‐",
        "P12_006": "甲賀市信楽町田代65",
        "P12_007": null
      },
      "geometry": {
        "type": "MultiPoint",
        "coordinates": [
          [
            136.0269194444768,
            34.89805833362527
          ]
        ]
      }
    },
    {
      "type": "Feature",
      "properties": {
        "P12_001": 10318,
        "P12_002": "協和ゴルフ倶楽部",
        "P12_003": "25",
        "P12_004": "25209",
        "P12_005": "‐",
        "P12_006": "京都府和束町湯船中の谷199",
        "P12_007": null
      },
      "geometry": {
        "type": "MultiPoint",
        "coordinates": [
          [
            135.96636700023691,
            34.85115299981112
          ]
        ]
      }
    },
    {
      "type": "Feature",
      "properties": {
        "P12_001": 10319,
        "P12_002": "タラオカントリークラブ",
        "P12_003": "25",
        "P12_004": "25209",
        "P12_005": "‐",
        "P12_006": "甲賀市信楽町多羅尾1",
        "P12_007": null
      },
      "geometry": {
        "type": "MultiPoint",
        "coordinates": [
          [
            136.08151199967915,
            34.81411699969982
          ]
        ]
      }
    },
    {
      "type": "Feature",
      "properties": {
        "P12_001": 10320,
        "P12_002": "田代高原の郷",
        "P12_003": "25",
        "P12_004": "25209",
        "P12_005": "‐",
        "P12_006": "甲賀市信楽町田代212",
        "P12_007": null
      },
      "geometry": {
        "type": "MultiPoint",
        "coordinates": [
          [
            136.02086166153651,
            34.90852360847782
          ]
        ]
      }
    },
    {
      "type": "Feature",
      "properties": {
        "P12_001": 10321,
        "P12_002": "信楽駅前陶器市（信楽遊ランド春）",
        "P12_003": "25",
        "P12_004": "25209",
        "P12_005": "‐",
        "P12_006": "甲賀市信楽町長野192",
        "P12_007": null
      },
      "geometry": {
        "type": "MultiPoint",
        "coordinates": [
          [
            136.06078305549363,
            34.876780277787645
          ]
        ]
      }
    },
    {
      "type": "Feature",
      "properties": {
        "P12_001": 10322,
        "P12_002": "畑のしだれ桜",
        "P12_003": "25",
        "P12_004": "25209",
        "P12_005": "‐",
        "P12_006": "甲賀市信楽町畑629",
        "P12_007": null
      },
      "geometry": {
        "type": "MultiPoint",
        "coordinates": [
          [
            136.00109249991897,
            34.884223888121994
          ]
        ]
      }
    },
    {
      "type": "Feature",
      "properties": {
        "P12_001": 10323,
        "P12_002": "しがらき火まつり",
        "P12_003": "25",
        "P12_004": "25209",
        "P12_005": "‐",
        "P12_006": "甲賀市信楽町長野1142",
        "P12_007": null
      },
      "geometry": {
        "type": "MultiPoint",
        "coordinates": [
          [
            136.05653222278397,
            34.87853027755034
          ]
        ]
      }
    },
    {
      "type": "Feature",
      "properties": {
        "P12_001": 10324,
        "P12_002": "信楽陶器まつり",
        "P12_003": "25",
        "P12_004": "25209",
        "P12_005": "‐",
        "P12_006": "甲賀市信楽町勅旨2188-7",
        "P12_007": null
      },
      "geometry": {
        "type": "MultiPoint",
        "coordinates": [
          [
            136.05756749984027,
            34.884256944502454
          ]
        ]
      }
    },
    {
      "type": "Feature",
      "properties": {
        "P12_001": 10325,
        "P12_002": "信楽盆梅展",
        "P12_003": "25",
        "P12_004": "25209",
        "P12_005": "‐",
        "P12_006": "甲賀市信楽町長野192",
        "P12_007": null
      },
      "geometry": {
        "type": "MultiPoint",
        "coordinates": [
          [
            136.06078305549363,
            34.876780277787645
          ]
        ]
      }
    },
    {
      "type": "Feature",
      "properties": {
        "P12_001": 10326,
        "P12_002": "水口センチュリーホテル",
        "P12_003": "25",
        "P12_004": "25209",
        "P12_005": "‐",
        "P12_006": "甲賀市水口町名坂170-1",
        "P12_007": null
      },
      "geometry": {
        "type": "MultiPoint",
        "coordinates": [
          [
            136.17317888859486,
            34.977637777561426
          ]
        ]
      }
    },
    {
      "type": "Feature",
      "properties": {
        "P12_001": 10327,
        "P12_002": "あや乃旅館",
        "P12_003": "25",
        "P12_004": "25209",
        "P12_005": "‐",
        "P12_006": "甲賀市水口町八坂3-41",
        "P12_007": null
      },
      "geometry": {
        "type": "MultiPoint",
        "coordinates": [
          [
            136.17166611110224,
            34.97386888883818
          ]
        ]
      }
    },
    {
      "type": "Feature",
      "properties": {
        "P12_001": 10328,
        "P12_002": "澤善光雲荘",
        "P12_003": "25",
        "P12_004": "25209",
        "P12_005": "‐",
        "P12_006": "甲賀市信楽町勅旨1424-1",
        "P12_007": null
      },
      "geometry": {
        "type": "MultiPoint",
        "coordinates": [
          [
            136.07269400042787,
            34.89618700003007
          ]
        ]
      }
    },
    {
      "type": "Feature",
      "properties": {
        "P12_001": 10329,
        "P12_002": "野洲川歴史公園サッカー場（ビッグレイク）",
        "P12_003": "25",
        "P12_004": "25207",
        "P12_005": "‐",
        "P12_006": "守山市服部町2439",
        "P12_007": null
      },
      "geometry": {
        "type": "MultiPoint",
        "coordinates": [
          [
            135.99138028137497,
            35.10889841403065
          ]
        ]
      }
    },
    {
      "type": "Feature",
      "properties": {
        "P12_001": 10330,
        "P12_002": "県立近江富士花緑公園",
        "P12_003": "25",
        "P12_004": "25210",
        "P12_005": "‐",
        "P12_006": "野洲市三上517",
        "P12_007": null
      },
      "geometry": {
        "type": "MultiPoint",
        "coordinates": [
          [
            136.04483530210757,
            35.05163229219659
          ]
        ]
      }
    },
    {
      "type": "Feature",
      "properties": {
        "P12_001": 10331,
        "P12_002": "銅鐸博物館",
        "P12_003": "25",
        "P12_004": "25210",
        "P12_005": "‐",
        "P12_006": "野洲市辻町57-1",
        "P12_007": null
      },
      "geometry": {
        "type": "MultiPoint",
        "coordinates": [
          [
            136.04482416670203,
            35.07265972226844
          ]
        ]
      }
    },
    {
      "type": "Feature",
      "properties": {
        "P12_001": 10332,
        "P12_002": "御上神社",
        "P12_003": "25",
        "P12_004": "25210",
        "P12_005": "‐",
        "P12_006": "野洲市三上838",
        "P12_007": null
      },
      "geometry": {
        "type": "MultiPoint",
        "coordinates": [
          [
            136.02741222169675,
            35.05002277822871
          ]
        ]
      }
    },
    {
      "type": "Feature",
      "properties": {
        "P12_001": 10333,
        "P12_002": "三上山",
        "P12_003": "25",
        "P12_004": "25210",
        "P12_005": "‐",
        "P12_006": "野洲市三上",
        "P12_007": null
      },
      "geometry": {
        "type": "MultiPoint",
        "coordinates": [
          [
            136.03765399973236,
            35.050640000036026
          ]
        ]
      }
    },
    {
      "type": "Feature",
      "properties": {
        "P12_001": 10334,
        "P12_002": "びわ湖鮎家の郷",
        "P12_003": "25",
        "P12_004": "25210",
        "P12_005": "‐",
        "P12_006": "野洲市吉川4187",
        "P12_007": null
      },
      "geometry": {
        "type": "MultiPoint",
        "coordinates": [
          [
            135.9813050002257,
            35.12977499991638
          ]
        ]
      }
    },
    {
      "type": "Feature",
      "properties": {
        "P12_001": 10335,
        "P12_002": "ビワコマイアミランド",
        "P12_003": "25",
        "P12_004": "25210",
        "P12_005": "‐",
        "P12_006": "野洲市吉川3326-1",
        "P12_007": null
      },
      "geometry": {
        "type": "MultiPoint",
        "coordinates": [
          [
            135.9954738892087,
            35.140223889121216
          ]
        ]
      }
    },
    {
      "type": "Feature",
      "properties": {
        "P12_001": 10336,
        "P12_002": "兵主大社",
        "P12_003": "25",
        "P12_004": "25210",
        "P12_005": "‐",
        "P12_006": "野洲市五条566",
        "P12_007": null
      },
      "geometry": {
        "type": "MultiPoint",
        "coordinates": [
          [
            136.0099877779137,
            35.11529916602376
          ]
        ]
      }
    },
    {
      "type": "Feature",
      "properties": {
        "P12_001": 10337,
        "P12_002": "錦織寺",
        "P12_003": "25",
        "P12_004": "25210",
        "P12_005": "‐",
        "P12_006": "野洲市木部826",
        "P12_007": null
      },
      "geometry": {
        "type": "MultiPoint",
        "coordinates": [
          [
            136.02559722163448,
            35.0993755558373
          ]
        ]
      }
    },
    {
      "type": "Feature",
      "properties": {
        "P12_001": 10338,
        "P12_002": "ちゅうずドリームファーム",
        "P12_003": "25",
        "P12_004": "25210",
        "P12_005": "‐",
        "P12_006": "野洲市吉川2425",
        "P12_007": null
      },
      "geometry": {
        "type": "MultiPoint",
        "coordinates": [
          [
            135.99344694412127,
            35.12906305521585
          ]
        ]
      }
    },
    {
      "type": "Feature",
      "properties": {
        "P12_001": 10339,
        "P12_002": "滋賀県希望が丘文化公園新緑祭",
        "P12_003": "25",
        "P12_004": "25210",
        "P12_005": "‐",
        "P12_006": "野洲市北桜978",
        "P12_007": null
      },
      "geometry": {
        "type": "MultiPoint",
        "coordinates": [
          [
            136.05239444384858,
            35.05125722274266
          ]
        ]
      }
    },
    {
      "type": "Feature",
      "properties": {
        "P12_001": 10340,
        "P12_002": "滋賀県希望が丘文化公園ふれあい広場",
        "P12_003": "25",
        "P12_004": "25210",
        "P12_005": "‐",
        "P12_006": "野洲市北桜978",
        "P12_007": null
      },
      "geometry": {
        "type": "MultiPoint",
        "coordinates": [
          [
            136.05239444384858,
            35.05125722274266
          ]
        ]
      }
    },
    {
      "type": "Feature",
      "properties": {
        "P12_001": 10341,
        "P12_002": "御上神社　初詣",
        "P12_003": "25",
        "P12_004": "25210",
        "P12_005": "‐",
        "P12_006": "野洲市三上838",
        "P12_007": null
      },
      "geometry": {
        "type": "MultiPoint",
        "coordinates": [
          [
            136.02741222169675,
            35.05002277822871
          ]
        ]
      }
    },
    {
      "type": "Feature",
      "properties": {
        "P12_001": 10342,
        "P12_002": "兵主大社　初詣",
        "P12_003": "25",
        "P12_004": "25210",
        "P12_005": "‐",
        "P12_006": "野洲市五条566",
        "P12_007": null
      },
      "geometry": {
        "type": "MultiPoint",
        "coordinates": [
          [
            136.0101160041503,
            35.11529916602376
          ]
        ]
      }
    },
    {
      "type": "Feature",
      "properties": {
        "P12_001": 10343,
        "P12_002": "湖南市伝統工芸会館",
        "P12_003": "25",
        "P12_004": "25211",
        "P12_005": "‐",
        "P12_006": "湖南市岩根1656",
        "P12_007": null
      },
      "geometry": {
        "type": "MultiPoint",
        "coordinates": [
          [
            136.120011999854,
            34.99673800005871
          ]
        ]
      }
    },
    {
      "type": "Feature",
      "properties": {
        "P12_001": 10344,
        "P12_002": "甲賀カントリー倶楽部",
        "P12_003": "25",
        "P12_004": "25211",
        "P12_005": "‐",
        "P12_006": "湖南市三雲3354",
        "P12_007": null
      },
      "geometry": {
        "type": "MultiPoint",
        "coordinates": [
          [
            136.11008305548864,
            34.96125250040262
          ]
        ]
      }
    },
    {
      "type": "Feature",
      "properties": {
        "P12_001": 10345,
        "P12_002": "近江カントリー倶楽部",
        "P12_003": "25",
        "P12_004": "25211",
        "P12_005": "‐",
        "P12_006": "湖南市菩提寺1410",
        "P12_007": null
      },
      "geometry": {
        "type": "MultiPoint",
        "coordinates": [
          [
            136.0736263887469,
            35.035202499495824
          ]
        ]
      }
    },
    {
      "type": "Feature",
      "properties": {
        "P12_001": 10346,
        "P12_002": "十二坊温泉ゆらら",
        "P12_003": "25",
        "P12_004": "25211",
        "P12_005": "‐",
        "P12_006": "湖南市岩根678-28",
        "P12_007": null
      },
      "geometry": {
        "type": "MultiPoint",
        "coordinates": [
          [
            136.10880666659443,
            35.01279027984759
          ]
        ]
      }
    },
    {
      "type": "Feature",
      "properties": {
        "P12_001": 10347,
        "P12_002": "さくらまつり",
        "P12_003": "25",
        "P12_004": "25211",
        "P12_005": "‐",
        "P12_006": "湖南市大池町（にごり池自然公園）",
        "P12_007": null
      },
      "geometry": {
        "type": "MultiPoint",
        "coordinates": [
          [
            136.12287799981993,
            35.00399999950042
          ]
        ]
      }
    },
    {
      "type": "Feature",
      "properties": {
        "P12_001": 10348,
        "P12_002": "善水寺",
        "P12_003": "25",
        "P12_004": "25211",
        "P12_005": "‐",
        "P12_006": "湖南市岩根3518",
        "P12_007": null
      },
      "geometry": {
        "type": "MultiPoint",
        "coordinates": [
          [
            136.11255500041295,
            35.00644699992915
          ]
        ]
      }
    },
    {
      "type": "Feature",
      "properties": {
        "P12_001": 10349,
        "P12_002": "野洲川漁業協同組合",
        "P12_003": "25",
        "P12_004": "25211",
        "P12_005": "‐",
        "P12_006": "湖南市夏見618",
        "P12_007": null
      },
      "geometry": {
        "type": "MultiPoint",
        "coordinates": [
          [
            136.09676805570132,
            34.99867666679478
          ]
        ]
      }
    },
    {
      "type": "Feature",
      "properties": {
        "P12_001": 10350,
        "P12_002": "雨山文化運動公園",
        "P12_003": "25",
        "P12_004": "25211",
        "P12_005": "‐",
        "P12_006": "湖南市雨山2-1-1",
        "P12_007": null
      },
      "geometry": {
        "type": "MultiPoint",
        "coordinates": [
          [
            136.04398750042287,
            35.00533249979509
          ]
        ]
      }
    },
    {
      "type": "Feature",
      "properties": {
        "P12_001": 10351,
        "P12_002": "長寿寺",
        "P12_003": "25",
        "P12_004": "25211",
        "P12_005": "‐",
        "P12_006": "湖南市東寺5-1-11",
        "P12_007": null
      },
      "geometry": {
        "type": "MultiPoint",
        "coordinates": [
          [
            136.0598859997392,
            34.98534199973358
          ]
        ]
      }
    },
    {
      "type": "Feature",
      "properties": {
        "P12_001": 10352,
        "P12_002": "常楽寺",
        "P12_003": "25",
        "P12_004": "25211",
        "P12_005": "‐",
        "P12_006": "湖南市西寺6-5-1",
        "P12_007": null
      },
      "geometry": {
        "type": "MultiPoint",
        "coordinates": [
          [
            136.04858444441663,
            34.990148610769836
          ]
        ]
      }
    },
    {
      "type": "Feature",
      "properties": {
        "P12_001": 10353,
        "P12_002": "夏まつり",
        "P12_003": "25",
        "P12_004": "25211",
        "P12_005": "‐",
        "P12_006": "湖南市夏見地先（野洲川親水公園）",
        "P12_007": null
      },
      "geometry": {
        "type": "MultiPoint",
        "coordinates": [
          [
            136.08706200021118,
            35.00705500008826
          ]
        ]
      }
    },
    {
      "type": "Feature",
      "properties": {
        "P12_001": 10354,
        "P12_002": "マキノサニービーチ（高木浜）",
        "P12_003": "25",
        "P12_004": "25212",
        "P12_005": "‐",
        "P12_006": "高島市マキノ町西浜763-1",
        "P12_007": null
      },
      "geometry": {
        "type": "MultiPoint",
        "coordinates": [
          [
            136.06159400026297,
            35.455507999794406
          ]
        ]
      }
    },
    {
      "type": "Feature",
      "properties": {
        "P12_001": 10355,
        "P12_002": "マキノサニービーチ（知内浜）",
        "P12_003": "25",
        "P12_004": "25212",
        "P12_005": "‐",
        "P12_006": "高島市マキノ町知内2010",
        "P12_007": null
      },
      "geometry": {
        "type": "MultiPoint",
        "coordinates": [
          [
            136.06011699959993,
            35.45178499987787
          ]
        ]
      }
    },
    {
      "type": "Feature",
      "properties": {
        "P12_001": 10356,
        "P12_002": "海津大崎",
        "P12_003": "25",
        "P12_004": "25212",
        "P12_005": "‐",
        "P12_006": "高島市マキノ町海津",
        "P12_007": null
      },
      "geometry": {
        "type": "MultiPoint",
        "coordinates": [
          [
            136.08762400004764,
            35.4492679998184
          ]
        ]
      }
    },
    {
      "type": "Feature",
      "properties": {
        "P12_001": 10357,
        "P12_002": "マキノピックランド",
        "P12_003": "25",
        "P12_004": "25212",
        "P12_005": "‐",
        "P12_006": "高島市マキノ町寺久保835-1",
        "P12_007": null
      },
      "geometry": {
        "type": "MultiPoint",
        "coordinates": [
          [
            136.03697499989642,
            35.471191110581344
          ]
        ]
      }
    },
    {
      "type": "Feature",
      "properties": {
        "P12_001": 10358,
        "P12_002": "マキノ高原、さらさ",
        "P12_003": "25",
        "P12_004": "25212",
        "P12_005": "‐",
        "P12_006": "高島市マキノ町牧野931",
        "P12_007": null
      },
      "geometry": {
        "type": "MultiPoint",
        "coordinates": [
          [
            136.03456167008505,
            35.49629805071453
          ]
        ]
      }
    },
    {
      "type": "Feature",
      "properties": {
        "P12_001": 10359,
        "P12_002": "白谷温泉",
        "P12_003": "25",
        "P12_004": "25212",
        "P12_005": "‐",
        "P12_006": "高島市マキノ町白谷370-1",
        "P12_007": null
      },
      "geometry": {
        "type": "MultiPoint",
        "coordinates": [
          [
            136.04239611139144,
            35.50085639220879
          ]
        ]
      }
    },
    {
      "type": "Feature",
      "properties": {
        "P12_001": 10360,
        "P12_002": "林間スポーツセンター",
        "P12_003": "25",
        "P12_004": "25212",
        "P12_005": "‐",
        "P12_006": "高島市マキノ町蛭口",
        "P12_007": null
      },
      "geometry": {
        "type": "MultiPoint",
        "coordinates": [
          [
            136.055334000264,
            35.465878999616166
          ]
        ]
      }
    },
    {
      "type": "Feature",
      "properties": {
        "P12_001": 10361,
        "P12_002": "道の駅「マキノ追坂峠」",
        "P12_003": "25",
        "P12_004": "25212",
        "P12_005": "‐",
        "P12_006": "高島市マキノ町海津",
        "P12_007": null
      },
      "geometry": {
        "type": "MultiPoint",
        "coordinates": [
          [
            136.08302900038814,
            35.481109999626824
          ]
        ]
      }
    },
    {
      "type": "Feature",
      "properties": {
        "P12_001": 10362,
        "P12_002": "マキノ資料館",
        "P12_003": "25",
        "P12_004": "25212",
        "P12_005": "‐",
        "P12_006": "高島市マキノ町蛭口260-1",
        "P12_007": null
      },
      "geometry": {
        "type": "MultiPoint",
        "coordinates": [
          [
            136.0491302780399,
            35.46299666706261
          ]
        ]
      }
    },
    {
      "type": "Feature",
      "properties": {
        "P12_001": 10363,
        "P12_002": "八幡浜周辺",
        "P12_003": "25",
        "P12_004": "25212",
        "P12_005": "‐",
        "P12_006": "高島市今津町今津",
        "P12_007": null
      },
      "geometry": {
        "type": "MultiPoint",
        "coordinates": [
          [
            136.03905321803165,
            35.40431936234876
          ]
        ]
      }
    },
    {
      "type": "Feature",
      "properties": {
        "P12_001": 10364,
        "P12_002": "ザゼン草群生地",
        "P12_003": "25",
        "P12_004": "25212",
        "P12_005": "‐",
        "P12_006": "高島市今津町弘川",
        "P12_007": null
      },
      "geometry": {
        "type": "MultiPoint",
        "coordinates": [
          [
            136.02056229431446,
            35.40845731755121
          ]
        ]
      }
    },
    {
      "type": "Feature",
      "properties": {
        "P12_001": 10365,
        "P12_002": "貫川内湖",
        "P12_003": "25",
        "P12_004": "25212",
        "P12_005": "‐",
        "P12_006": "高島市今津町桂",
        "P12_007": null
      },
      "geometry": {
        "type": "MultiPoint",
        "coordinates": [
          [
            136.0396692563312,
            35.42973669449293
          ]
        ]
      }
    },
    {
      "type": "Feature",
      "properties": {
        "P12_001": 10366,
        "P12_002": "石田川周辺",
        "P12_003": "25",
        "P12_004": "25212",
        "P12_005": "‐",
        "P12_006": "高島市今津町保坂",
        "P12_007": null
      },
      "geometry": {
        "type": "MultiPoint",
        "coordinates": [
          [
            135.93924180606462,
            35.413518666952996
          ]
        ]
      }
    },
    {
      "type": "Feature",
      "properties": {
        "P12_001": 10367,
        "P12_002": "今津浜・浜分沼",
        "P12_003": "25",
        "P12_004": "25212",
        "P12_005": "‐",
        "P12_006": "高島市今津町浜分",
        "P12_007": null
      },
      "geometry": {
        "type": "MultiPoint",
        "coordinates": [
          [
            136.04502445831213,
            35.42153277481776
          ]
        ]
      }
    },
    {
      "type": "Feature",
      "properties": {
        "P12_001": 10368,
        "P12_002": "総合運動公園周辺",
        "P12_003": "25",
        "P12_004": "25212",
        "P12_005": "‐",
        "P12_006": "高島市今津町日置前3110",
        "P12_007": null
      },
      "geometry": {
        "type": "MultiPoint",
        "coordinates": [
          [
            135.99974749994726,
            35.418070833702075
          ]
        ]
      }
    },
    {
      "type": "Feature",
      "properties": {
        "P12_001": 10369,
        "P12_002": "家族旅行村ビラデスト今津",
        "P12_003": "25",
        "P12_004": "25212",
        "P12_005": "‐",
        "P12_006": "高島市今津町深清水2405-1",
        "P12_007": null
      },
      "geometry": {
        "type": "MultiPoint",
        "coordinates": [
          [
            135.99904024880846,
            35.4594765191261
          ]
        ]
      }
    },
    {
      "type": "Feature",
      "properties": {
        "P12_001": 10370,
        "P12_002": "ヴォーリズ資料館",
        "P12_003": "25",
        "P12_004": "25212",
        "P12_005": "‐",
        "P12_006": "高島市今津町今津175",
        "P12_007": null
      },
      "geometry": {
        "type": "MultiPoint",
        "coordinates": [
          [
            136.03578586232777,
            35.40243463874765
          ]
        ]
      }
    },
    {
      "type": "Feature",
      "properties": {
        "P12_001": 10371,
        "P12_002": "琵琶湖周航の歌資料館",
        "P12_003": "25",
        "P12_004": "25212",
        "P12_005": "‐",
        "P12_006": "高島市今津町中沼1-5-7",
        "P12_007": null
      },
      "geometry": {
        "type": "MultiPoint",
        "coordinates": [
          [
            136.0340739065856,
            35.39758328014432
          ]
        ]
      }
    },
    {
      "type": "Feature",
      "properties": {
        "P12_001": 10372,
        "P12_002": "高島市民会館",
        "P12_003": "25",
        "P12_004": "25212",
        "P12_005": "‐",
        "P12_006": "高島市今津町中沼1-3-1",
        "P12_007": null
      },
      "geometry": {
        "type": "MultiPoint",
        "coordinates": [
          [
            136.03378444449663,
            35.39900305514692
          ]
        ]
      }
    },
    {
      "type": "Feature",
      "properties": {
        "P12_001": 10373,
        "P12_002": "グリーンパーク想い出の森",
        "P12_003": "25",
        "P12_004": "25212",
        "P12_005": "‐",
        "P12_006": "高島市朽木柏341-3",
        "P12_007": null
      },
      "geometry": {
        "type": "MultiPoint",
        "coordinates": [
          [
            135.92138611128007,
            35.343217777678376
          ]
        ]
      }
    },
    {
      "type": "Feature",
      "properties": {
        "P12_001": 10374,
        "P12_002": "滋賀県立いきものふれあいの里",
        "P12_003": "25",
        "P12_004": "25212",
        "P12_005": "‐",
        "P12_006": "高島市朽木柏341-3",
        "P12_007": null
      },
      "geometry": {
        "type": "MultiPoint",
        "coordinates": [
          [
            135.91758835971507,
            35.33806003534244
          ]
        ]
      }
    },
    {
      "type": "Feature",
      "properties": {
        "P12_001": 10375,
        "P12_002": "朽木新本陣・日曜朝市",
        "P12_003": "25",
        "P12_004": "25212",
        "P12_005": "‐",
        "P12_006": "高島市朽木市場777",
        "P12_007": null
      },
      "geometry": {
        "type": "MultiPoint",
        "coordinates": [
          [
            135.91573555575133,
            35.35124749957248
          ]
        ]
      }
    },
    {
      "type": "Feature",
      "properties": {
        "P12_001": 10376,
        "P12_002": "くつきの森（旧朝日の森）",
        "P12_003": "25",
        "P12_004": "25212",
        "P12_005": "‐",
        "P12_006": "高島市朽木麻生443",
        "P12_007": null
      },
      "geometry": {
        "type": "MultiPoint",
        "coordinates": [
          [
            135.9054120005634,
            35.37026800076768
          ]
        ]
      }
    },
    {
      "type": "Feature",
      "properties": {
        "P12_001": 10377,
        "P12_002": "朽木陣屋跡・朽木資料館",
        "P12_003": "25",
        "P12_004": "25212",
        "P12_005": "‐",
        "P12_006": "高島市朽木野尻478-22",
        "P12_007": null
      },
      "geometry": {
        "type": "MultiPoint",
        "coordinates": [
          [
            135.92110999962688,
            35.35715999973428
          ]
        ]
      }
    },
    {
      "type": "Feature",
      "properties": {
        "P12_001": 10378,
        "P12_002": "朽木ふる里まつり",
        "P12_003": "25",
        "P12_004": "25212",
        "P12_005": "‐",
        "P12_006": "高島市朽木市場",
        "P12_007": null
      },
      "geometry": {
        "type": "MultiPoint",
        "coordinates": [
          [
            135.91841636732158,
            35.35266504155845
          ]
        ]
      }
    },
    {
      "type": "Feature",
      "properties": {
        "P12_001": 10379,
        "P12_002": "朽木スキー場",
        "P12_003": "25",
        "P12_004": "25212",
        "P12_005": "‐",
        "P12_006": "高島市朽木宮前坊180-1",
        "P12_007": null
      },
      "geometry": {
        "type": "MultiPoint",
        "coordinates": [
          [
            135.93976600020085,
            35.32904600007288
          ]
        ]
      }
    },
    {
      "type": "Feature",
      "properties": {
        "P12_001": 10380,
        "P12_002": "丸八百貨店",
        "P12_003": "25",
        "P12_004": "25212",
        "P12_005": "‐",
        "P12_006": "高島市朽木市場709",
        "P12_007": null
      },
      "geometry": {
        "type": "MultiPoint",
        "coordinates": [
          [
            135.9160579995771,
            35.354092999492366
          ]
        ]
      }
    },
    {
      "type": "Feature",
      "properties": {
        "P12_001": 10381,
        "P12_002": "針畑郷山村都市交流館山帰来",
        "P12_003": "25",
        "P12_004": "25212",
        "P12_005": "‐",
        "P12_006": "高島市朽木中牧528",
        "P12_007": null
      },
      "geometry": {
        "type": "MultiPoint",
        "coordinates": [
          [
            135.79773166638336,
            35.35787361177779
          ]
        ]
      }
    },
    {
      "type": "Feature",
      "properties": {
        "P12_001": 10382,
        "P12_002": "やまびこ館",
        "P12_003": "25",
        "P12_004": "25212",
        "P12_005": "‐",
        "P12_006": "高島市朽木市場792",
        "P12_007": null
      },
      "geometry": {
        "type": "MultiPoint",
        "coordinates": [
          [
            135.91610888951368,
            35.3519097216564
          ]
        ]
      }
    },
    {
      "type": "Feature",
      "properties": {
        "P12_001": 10383,
        "P12_002": "河川つり客（安曇川）",
        "P12_003": "25",
        "P12_004": "25212",
        "P12_005": "‐",
        "P12_006": "高島市安曇川町下古賀",
        "P12_007": null
      },
      "geometry": {
        "type": "MultiPoint",
        "coordinates": [
          [
            135.98907200047256,
            35.351895000653826
          ]
        ]
      }
    },
    {
      "type": "Feature",
      "properties": {
        "P12_001": 10384,
        "P12_002": "近江聖人中江藤樹記念館",
        "P12_003": "25",
        "P12_004": "25212",
        "P12_005": "‐",
        "P12_006": "高島市安曇川町上小川69",
        "P12_007": null
      },
      "geometry": {
        "type": "MultiPoint",
        "coordinates": [
          [
            136.03142222315716,
            35.324706388988716
          ]
        ]
      }
    },
    {
      "type": "Feature",
      "properties": {
        "P12_001": 10385,
        "P12_002": "滋賀県立びわ湖こどもの国",
        "P12_003": "25",
        "P12_004": "25212",
        "P12_005": "‐",
        "P12_006": "高島市安曇川町北船木2981",
        "P12_007": null
      },
      "geometry": {
        "type": "MultiPoint",
        "coordinates": [
          [
            136.07519667608585,
            35.3198044390237
          ]
        ]
      }
    },
    {
      "type": "Feature",
      "properties": {
        "P12_001": 10386,
        "P12_002": "藤樹の里文化芸術会館",
        "P12_003": "25",
        "P12_004": "25212",
        "P12_005": "‐",
        "P12_006": "高島市安曇川町上小川106",
        "P12_007": null
      },
      "geometry": {
        "type": "MultiPoint",
        "coordinates": [
          [
            136.0298925015378,
            35.32462416667198
          ]
        ]
      }
    },
    {
      "type": "Feature",
      "properties": {
        "P12_001": 10387,
        "P12_002": "道の駅藤樹の里あどがわ",
        "P12_003": "25",
        "P12_004": "25212",
        "P12_005": "‐",
        "P12_006": "高島市安曇川町青柳1162-1",
        "P12_007": null
      },
      "geometry": {
        "type": "MultiPoint",
        "coordinates": [
          [
            136.02994666320797,
            35.32614083373255
          ]
        ]
      }
    },
    {
      "type": "Feature",
      "properties": {
        "P12_001": 10388,
        "P12_002": "河川つり客（鴨川）",
        "P12_003": "25",
        "P12_004": "25212",
        "P12_005": "‐",
        "P12_006": "高島市高島",
        "P12_007": null
      },
      "geometry": {
        "type": "MultiPoint",
        "coordinates": [
          [
            135.97274243001914,
            35.31676827023955
          ]
        ]
      }
    },
    {
      "type": "Feature",
      "properties": {
        "P12_001": 10389,
        "P12_002": "歴史民俗資料館",
        "P12_003": "25",
        "P12_004": "25212",
        "P12_005": "‐",
        "P12_006": "高島市鴨2239",
        "P12_007": null
      },
      "geometry": {
        "type": "MultiPoint",
        "coordinates": [
          [
            136.01379000090787,
            35.31550972299539
          ]
        ]
      }
    },
    {
      "type": "Feature",
      "properties": {
        "P12_001": 10390,
        "P12_002": "ガリバー青少年旅行村",
        "P12_003": "25",
        "P12_004": "25212",
        "P12_005": "‐",
        "P12_006": "高島市鹿ヶ瀬987-1",
        "P12_007": null
      },
      "geometry": {
        "type": "MultiPoint",
        "coordinates": [
          [
            135.9263127773129,
            35.27341360915079
          ]
        ]
      }
    },
    {
      "type": "Feature",
      "properties": {
        "P12_001": 10391,
        "P12_002": "八ッ淵の滝",
        "P12_003": "25",
        "P12_004": "25212",
        "P12_005": "‐",
        "P12_006": "高島市鹿ヶ瀬",
        "P12_007": null
      },
      "geometry": {
        "type": "MultiPoint",
        "coordinates": [
          [
            135.91900799981943,
            35.26924699974927
          ]
        ]
      }
    },
    {
      "type": "Feature",
      "properties": {
        "P12_001": 10392,
        "P12_002": "乙女ヶ池",
        "P12_003": "25",
        "P12_004": "25212",
        "P12_005": "‐",
        "P12_006": "高島市勝野",
        "P12_007": null
      },
      "geometry": {
        "type": "MultiPoint",
        "coordinates": [
          [
            136.01510656701453,
            35.28834751542553
          ]
        ]
      }
    },
    {
      "type": "Feature",
      "properties": {
        "P12_001": 10393,
        "P12_002": "鵜川四十八体石仏群",
        "P12_003": "25",
        "P12_004": "25212",
        "P12_005": "‐",
        "P12_006": "高島市鵜川",
        "P12_007": null
      },
      "geometry": {
        "type": "MultiPoint",
        "coordinates": [
          [
            136.01664599951334,
            35.27951999954837
          ]
        ]
      }
    },
    {
      "type": "Feature",
      "properties": {
        "P12_001": 10394,
        "P12_002": "大溝まつり",
        "P12_003": "25",
        "P12_004": "25212",
        "P12_005": "‐",
        "P12_006": "高島市勝野",
        "P12_007": null
      },
      "geometry": {
        "type": "MultiPoint",
        "coordinates": [
          [
            136.00492638444518,
            35.29225213342926
          ]
        ]
      }
    },
    {
      "type": "Feature",
      "properties": {
        "P12_001": 10395,
        "P12_002": "日吉神社",
        "P12_003": "25",
        "P12_004": "25212",
        "P12_005": "‐",
        "P12_006": "高島市勝野",
        "P12_007": null
      },
      "geometry": {
        "type": "MultiPoint",
        "coordinates": [
          [
            136.00472555054375,
            35.292230041583196
          ]
        ]
      }
    },
    {
      "type": "Feature",
      "properties": {
        "P12_001": 10396,
        "P12_002": "アイリッシュパーク",
        "P12_003": "25",
        "P12_004": "25212",
        "P12_005": "‐",
        "P12_006": "高島市勝野640",
        "P12_007": null
      },
      "geometry": {
        "type": "MultiPoint",
        "coordinates": [
          [
            136.01105028374366,
            35.300515273461144
          ]
        ]
      }
    },
    {
      "type": "Feature",
      "properties": {
        "P12_001": 10397,
        "P12_002": "畑の棚田",
        "P12_003": "25",
        "P12_004": "25212",
        "P12_005": "‐",
        "P12_006": "高島市畑",
        "P12_007": null
      },
      "geometry": {
        "type": "MultiPoint",
        "coordinates": [
          [
            135.92920999994158,
            35.29600699992318
          ]
        ]
      }
    },
    {
      "type": "Feature",
      "properties": {
        "P12_001": 10398,
        "P12_002": "うかわファームマート",
        "P12_003": "25",
        "P12_004": "25212",
        "P12_005": "‐",
        "P12_006": "高島市鵜川817-1",
        "P12_007": null
      },
      "geometry": {
        "type": "MultiPoint",
        "coordinates": [
          [
            135.99386799950867,
            35.26817199963813
          ]
        ]
      }
    },
    {
      "type": "Feature",
      "properties": {
        "P12_001": 10399,
        "P12_002": "大阪市立びわ湖青少年の家",
        "P12_003": "25",
        "P12_004": "25212",
        "P12_005": "‐",
        "P12_006": "高島市勝野1523-1",
        "P12_007": null
      },
      "geometry": {
        "type": "MultiPoint",
        "coordinates": [
          [
            136.01796638953726,
            35.2960769446953
          ]
        ]
      }
    },
    {
      "type": "Feature",
      "properties": {
        "P12_001": 10400,
        "P12_002": "しんあさひ風車村",
        "P12_003": "25",
        "P12_004": "25212",
        "P12_005": "‐",
        "P12_006": "高島市新旭町藁園336",
        "P12_007": null
      },
      "geometry": {
        "type": "MultiPoint",
        "coordinates": [
          [
            136.06704886781108,
            35.350428057109184
          ]
        ]
      }
    },
    {
      "type": "Feature",
      "properties": {
        "P12_001": 10401,
        "P12_002": "竹馬祭・七川祭",
        "P12_003": "25",
        "P12_004": "25212",
        "P12_005": "‐",
        "P12_006": "高島市新旭町",
        "P12_007": null
      },
      "geometry": {
        "type": "MultiPoint",
        "coordinates": [
          [
            136.03549666643812,
            35.35269888934232
          ]
        ]
      }
    },
    {
      "type": "Feature",
      "properties": {
        "P12_001": 10402,
        "P12_002": "新旭水鳥観察センター",
        "P12_003": "25",
        "P12_004": "25212",
        "P12_005": "‐",
        "P12_006": "高島市新旭町饗庭1600-1",
        "P12_007": null
      },
      "geometry": {
        "type": "MultiPoint",
        "coordinates": [
          [
            136.03556389166033,
            35.38015056079979
          ]
        ]
      }
    },
    {
      "type": "Feature",
      "properties": {
        "P12_001": 10403,
        "P12_002": "新旭里山体験交流館「もりっこ」",
        "P12_003": "25",
        "P12_004": "25212",
        "P12_005": "‐",
        "P12_006": "高島市新旭町饗庭3106-6",
        "P12_007": null
      },
      "geometry": {
        "type": "MultiPoint",
        "coordinates": [
          [
            136.02339749969497,
            35.37831555531869
          ]
        ]
      }
    },
    {
      "type": "Feature",
      "properties": {
        "P12_001": 10404,
        "P12_002": "六ツ矢崎浜オートキャンプ場",
        "P12_003": "25",
        "P12_004": "25212",
        "P12_005": "‐",
        "P12_006": "高島市新旭町深溝",
        "P12_007": null
      },
      "geometry": {
        "type": "MultiPoint",
        "coordinates": [
          [
            136.06617799941523,
            35.35699600026527
          ]
        ]
      }
    },
    {
      "type": "Feature",
      "properties": {
        "P12_001": 10405,
        "P12_002": "高島トレイル",
        "P12_003": "25",
        "P12_004": "25212",
        "P12_005": "‐",
        "P12_006": "高島市内",
        "P12_007": null
      },
      "geometry": {
        "type": "MultiPoint",
        "coordinates": [
          [
            136.03549666643812,
            35.35269888934232
          ]
        ]
      }
    },
    {
      "type": "Feature",
      "properties": {
        "P12_001": 10406,
        "P12_002": "湖西夢ふるさとワイワイ倶楽部実行委員会イベント",
        "P12_003": "25",
        "P12_004": "25212",
        "P12_005": "‐",
        "P12_006": "高島市内",
        "P12_007": null
      },
      "geometry": {
        "type": "MultiPoint",
        "coordinates": [
          [
            136.03549666643812,
            35.35269888934232
          ]
        ]
      }
    },
    {
      "type": "Feature",
      "properties": {
        "P12_001": 10407,
        "P12_002": "世界凧博物館東近江大凧会館",
        "P12_003": "25",
        "P12_004": "25213",
        "P12_005": "‐",
        "P12_006": "東近江市八日市東本町3-5",
        "P12_007": null
      },
      "geometry": {
        "type": "MultiPoint",
        "coordinates": [
          [
            136.20322111116536,
            35.10887805607746
          ]
        ]
      }
    },
    {
      "type": "Feature",
      "properties": {
        "P12_001": 10408,
        "P12_002": "泉神社湧水",
        "P12_003": "25",
        "P12_004": "25214",
        "P12_005": "‐",
        "P12_006": "米原市大清水",
        "P12_007": null
      },
      "geometry": {
        "type": "MultiPoint",
        "coordinates": [
          [
            136.40157299969428,
            35.37506299975769
          ]
        ]
      }
    },
    {
      "type": "Feature",
      "properties": {
        "P12_001": 10409,
        "P12_002": "伊吹山",
        "P12_003": "25",
        "P12_004": "25214",
        "P12_005": "‐",
        "P12_006": "米原市上野他",
        "P12_007": null
      },
      "geometry": {
        "type": "MultiPoint",
        "coordinates": [
          [
            136.40628100006813,
            35.41788999982367
          ]
        ]
      }
    },
    {
      "type": "Feature",
      "properties": {
        "P12_001": 10410,
        "P12_002": "奥伊吹スキー場",
        "P12_003": "25",
        "P12_004": "25214",
        "P12_005": "‐",
        "P12_006": "米原市甲津原",
        "P12_007": null
      },
      "geometry": {
        "type": "MultiPoint",
        "coordinates": [
          [
            136.3874259993105,
            35.52225300027578
          ]
        ]
      }
    },
    {
      "type": "Feature",
      "properties": {
        "P12_001": 10411,
        "P12_002": "伊吹薬草の里文化センター",
        "P12_003": "25",
        "P12_004": "25214",
        "P12_005": "‐",
        "P12_006": "米原市春照37",
        "P12_007": null
      },
      "geometry": {
        "type": "MultiPoint",
        "coordinates": [
          [
            136.38307833389808,
            35.3821244404906
          ]
        ]
      }
    },
    {
      "type": "Feature",
      "properties": {
        "P12_001": 10412,
        "P12_002": "道の駅「伊吹の里」",
        "P12_003": "25",
        "P12_004": "25214",
        "P12_005": "‐",
        "P12_006": "米原市伊吹",
        "P12_007": null
      },
      "geometry": {
        "type": "MultiPoint",
        "coordinates": [
          [
            136.3709359996967,
            35.396860999535534
          ]
        ]
      }
    },
    {
      "type": "Feature",
      "properties": {
        "P12_001": 10413,
        "P12_002": "グリーンパーク山東",
        "P12_003": "25",
        "P12_004": "25214",
        "P12_005": "‐",
        "P12_006": "米原市池下80-1",
        "P12_007": null
      },
      "geometry": {
        "type": "MultiPoint",
        "coordinates": [
          [
            136.35956805552144,
            35.373552778138276
          ]
        ]
      }
    },
    {
      "type": "Feature",
      "properties": {
        "P12_001": 10414,
        "P12_002": "天の川ほたるまつり",
        "P12_003": "25",
        "P12_004": "25214",
        "P12_005": "‐",
        "P12_006": "米原市長岡周辺",
        "P12_007": null
      },
      "geometry": {
        "type": "MultiPoint",
        "coordinates": [
          [
            136.3671929997572,
            35.37116800000325
          ]
        ]
      }
    },
    {
      "type": "Feature",
      "properties": {
        "P12_001": 10415,
        "P12_002": "朝妻・筑摩・磯湖岸",
        "P12_003": "25",
        "P12_004": "25214",
        "P12_005": "‐",
        "P12_006": "米原市朝妻他",
        "P12_007": null
      },
      "geometry": {
        "type": "MultiPoint",
        "coordinates": [
          [
            136.26746344678065,
            35.31835831298582
          ]
        ]
      }
    },
    {
      "type": "Feature",
      "properties": {
        "P12_001": 10416,
        "P12_002": "中山道醒井宿",
        "P12_003": "25",
        "P12_004": "25214",
        "P12_005": "‐",
        "P12_006": "米原市醒井688-10",
        "P12_007": null
      },
      "geometry": {
        "type": "MultiPoint",
        "coordinates": [
          [
            136.34471249908268,
            35.327062499434874
          ]
        ]
      }
    },
    {
      "type": "Feature",
      "properties": {
        "P12_001": 10417,
        "P12_002": "滋賀県醒井養鱒場",
        "P12_003": "25",
        "P12_004": "25214",
        "P12_005": "‐",
        "P12_006": "米原市上丹生",
        "P12_007": null
      },
      "geometry": {
        "type": "MultiPoint",
        "coordinates": [
          [
            136.3493600002639,
            35.30368600060848
          ]
        ]
      }
    },
    {
      "type": "Feature",
      "properties": {
        "P12_001": 10418,
        "P12_002": "近江母の郷文化センター",
        "P12_003": "25",
        "P12_004": "25214",
        "P12_005": "‐",
        "P12_006": "米原市宇賀野1364-1",
        "P12_007": null
      },
      "geometry": {
        "type": "MultiPoint",
        "coordinates": [
          [
            136.2776983297142,
            35.34327305810518
          ]
        ]
      }
    },
    {
      "type": "Feature",
      "properties": {
        "P12_001": 10419,
        "P12_002": "しゃくなげ渓",
        "P12_003": "25",
        "P12_004": "25383",
        "P12_005": "‐",
        "P12_006": "日野町大字鎌掛1",
        "P12_007": null
      },
      "geometry": {
        "type": "MultiPoint",
        "coordinates": [
          [
            136.29107555629196,
            34.983788832788434
          ]
        ]
      }
    },
    {
      "type": "Feature",
      "properties": {
        "P12_001": 10420,
        "P12_002": "正法寺（藤の寺）",
        "P12_003": "25",
        "P12_004": "25383",
        "P12_005": "‐",
        "P12_006": "日野町大字鎌掛2145",
        "P12_007": null
      },
      "geometry": {
        "type": "MultiPoint",
        "coordinates": [
          [
            136.26543399977936,
            34.984435000175154
          ]
        ]
      }
    },
    {
      "type": "Feature",
      "properties": {
        "P12_001": 10421,
        "P12_002": "近江日野商人館",
        "P12_003": "25",
        "P12_004": "25383",
        "P12_005": "‐",
        "P12_006": "日野町大字大窪1011",
        "P12_007": null
      },
      "geometry": {
        "type": "MultiPoint",
        "coordinates": [
          [
            136.2477302778301,
            35.01156555520623
          ]
        ]
      }
    },
    {
      "type": "Feature",
      "properties": {
        "P12_001": 10422,
        "P12_002": "綿向山",
        "P12_003": "25",
        "P12_004": "25383",
        "P12_005": "‐",
        "P12_006": "日野町大字北畑",
        "P12_007": null
      },
      "geometry": {
        "type": "MultiPoint",
        "coordinates": [
          [
            136.34165090916224,
            35.013683010762406
          ]
        ]
      }
    },
    {
      "type": "Feature",
      "properties": {
        "P12_001": 10423,
        "P12_002": "日野川ダム",
        "P12_003": "25",
        "P12_004": "25383",
        "P12_005": "‐",
        "P12_006": "日野町大字西大路",
        "P12_007": null
      },
      "geometry": {
        "type": "MultiPoint",
        "coordinates": [
          [
            136.26047400037487,
            35.00462999977475
          ]
        ]
      }
    },
    {
      "type": "Feature",
      "properties": {
        "P12_001": 10424,
        "P12_002": "蒲生ゴルフ倶楽部",
        "P12_003": "25",
        "P12_004": "25383",
        "P12_005": "‐",
        "P12_006": "日野町大字中山724-1",
        "P12_007": null
      },
      "geometry": {
        "type": "MultiPoint",
        "coordinates": [
          [
            136.19870888870435,
            34.99847444434016
          ]
        ]
      }
    },
    {
      "type": "Feature",
      "properties": {
        "P12_001": 10425,
        "P12_002": "日野ゴルフ倶楽部",
        "P12_003": "25",
        "P12_004": "25383",
        "P12_005": "‐",
        "P12_006": "日野町大字杣1146-1",
        "P12_007": null
      },
      "geometry": {
        "type": "MultiPoint",
        "coordinates": [
          [
            136.27258888906601,
            35.052766111566825
          ]
        ]
      }
    },
    {
      "type": "Feature",
      "properties": {
        "P12_001": 10426,
        "P12_002": "近江ヒルズゴルフ倶楽部",
        "P12_003": "25",
        "P12_004": "25383",
        "P12_005": "‐",
        "P12_006": "日野町大字鎌掛1-314",
        "P12_007": null
      },
      "geometry": {
        "type": "MultiPoint",
        "coordinates": [
          [
            136.27790472232516,
            34.9895191671759
          ]
        ]
      }
    },
    {
      "type": "Feature",
      "properties": {
        "P12_001": 10427,
        "P12_002": "日野祭",
        "P12_003": "25",
        "P12_004": "25383",
        "P12_005": "‐",
        "P12_006": "日野町大字村井、上野田",
        "P12_007": null
      },
      "geometry": {
        "type": "MultiPoint",
        "coordinates": [
          [
            136.26181700025438,
            35.01491400008109
          ]
        ]
      }
    },
    {
      "type": "Feature",
      "properties": {
        "P12_001": 10428,
        "P12_002": "火ふり祭",
        "P12_003": "25",
        "P12_004": "25383",
        "P12_005": "‐",
        "P12_006": "日野町大字上野田",
        "P12_007": null
      },
      "geometry": {
        "type": "MultiPoint",
        "coordinates": [
          [
            136.23097699988875,
            35.014314999437715
          ]
        ]
      }
    },
    {
      "type": "Feature",
      "properties": {
        "P12_001": 10429,
        "P12_002": "近江中山の芋競べ祭り",
        "P12_003": "25",
        "P12_004": "25383",
        "P12_005": "‐",
        "P12_006": "日野町大字中山",
        "P12_007": null
      },
      "geometry": {
        "type": "MultiPoint",
        "coordinates": [
          [
            136.194757999682,
            35.011930000069526
          ]
        ]
      }
    },
    {
      "type": "Feature",
      "properties": {
        "P12_001": 10430,
        "P12_002": "グリムＭＴＢフェスティバル",
        "P12_003": "25",
        "P12_004": "25383",
        "P12_005": "‐",
        "P12_006": "日野町大字熊野431",
        "P12_007": null
      },
      "geometry": {
        "type": "MultiPoint",
        "coordinates": [
          [
            136.31918833467398,
            34.995594165838156
          ]
        ]
      }
    },
    {
      "type": "Feature",
      "properties": {
        "P12_001": 10431,
        "P12_002": "氏郷まつり「夏の陣」",
        "P12_003": "25",
        "P12_004": "25383",
        "P12_005": "‐",
        "P12_006": "日野町河原1-1周辺",
        "P12_007": null
      },
      "geometry": {
        "type": "MultiPoint",
        "coordinates": [
          [
            136.2452183373564,
            35.018619439835334
          ]
        ]
      }
    },
    {
      "type": "Feature",
      "properties": {
        "P12_001": 10432,
        "P12_002": "畜産技術振興センター",
        "P12_003": "25",
        "P12_004": "25383",
        "P12_005": "‐",
        "P12_006": "日野町大字山本695",
        "P12_007": null
      },
      "geometry": {
        "type": "MultiPoint",
        "coordinates": [
          [
            136.2244419997985,
            35.027819999893154
          ]
        ]
      }
    },
    {
      "type": "Feature",
      "properties": {
        "P12_001": 10433,
        "P12_002": "滋賀農業公園ブルーメの丘",
        "P12_003": "25",
        "P12_004": "25383",
        "P12_005": "‐",
        "P12_006": "日野町大字西大路864-5",
        "P12_007": null
      },
      "geometry": {
        "type": "MultiPoint",
        "coordinates": [
          [
            136.2794847223421,
            35.01389833364124
          ]
        ]
      }
    },
    {
      "type": "Feature",
      "properties": {
        "P12_001": 10434,
        "P12_002": "氏郷まつり“楽市楽座”",
        "P12_003": "25",
        "P12_004": "25383",
        "P12_005": "‐",
        "P12_006": "日野町河原1-1周辺",
        "P12_007": null
      },
      "geometry": {
        "type": "MultiPoint",
        "coordinates": [
          [
            136.2458311111169,
            35.01804000034576
          ]
        ]
      }
    },
    {
      "type": "Feature",
      "properties": {
        "P12_001": 10435,
        "P12_002": "馬見岡綿向神社",
        "P12_003": "25",
        "P12_004": "25383",
        "P12_005": "‐",
        "P12_006": "日野町大字村井711",
        "P12_007": null
      },
      "geometry": {
        "type": "MultiPoint",
        "coordinates": [
          [
            136.26181700025438,
            35.01491400008109
          ]
        ]
      }
    },
    {
      "type": "Feature",
      "properties": {
        "P12_001": 10436,
        "P12_002": "グリム冒険の森",
        "P12_003": "25",
        "P12_004": "25383",
        "P12_005": "‐",
        "P12_006": "日野町大字熊野431",
        "P12_007": null
      },
      "geometry": {
        "type": "MultiPoint",
        "coordinates": [
          [
            136.3193733333128,
            34.995411389424135
          ]
        ]
      }
    },
    {
      "type": "Feature",
      "properties": {
        "P12_001": 10437,
        "P12_002": "木工芸体験施設ＧＲＩＭＭ",
        "P12_003": "25",
        "P12_004": "25383",
        "P12_005": "‐",
        "P12_006": "日野町大字熊野431",
        "P12_007": null
      },
      "geometry": {
        "type": "MultiPoint",
        "coordinates": [
          [
            136.3193733333128,
            34.995411389424135
          ]
        ]
      }
    },
    {
      "type": "Feature",
      "properties": {
        "P12_001": 10438,
        "P12_002": "日野ダリア園",
        "P12_003": "25",
        "P12_004": "25383",
        "P12_005": "‐",
        "P12_006": "日野町大字鎌掛2198-1",
        "P12_007": null
      },
      "geometry": {
        "type": "MultiPoint",
        "coordinates": [
          [
            136.26439305429608,
            34.984336114320286
          ]
        ]
      }
    },
    {
      "type": "Feature",
      "properties": {
        "P12_001": 10439,
        "P12_002": "日野まちかど感応館",
        "P12_003": "25",
        "P12_004": "25383",
        "P12_005": "‐",
        "P12_006": "日野町大字村井1284",
        "P12_007": null
      },
      "geometry": {
        "type": "MultiPoint",
        "coordinates": [
          [
            136.25367305546717,
            35.01254055520252
          ]
        ]
      }
    },
    {
      "type": "Feature",
      "properties": {
        "P12_001": 10440,
        "P12_002": "日野ひなまつり紀行",
        "P12_003": "25",
        "P12_004": "25383",
        "P12_005": "‐",
        "P12_006": "日野町大字村井1284",
        "P12_007": null
      },
      "geometry": {
        "type": "MultiPoint",
        "coordinates": [
          [
            136.25396499968508,
            35.012477000113506
          ]
        ]
      }
    },
    {
      "type": "Feature",
      "properties": {
        "P12_001": 10441,
        "P12_002": "ふれあい綿向山Ｄａｙ",
        "P12_003": "25",
        "P12_004": "25383",
        "P12_005": "‐",
        "P12_006": "日野町大字北畑",
        "P12_007": null
      },
      "geometry": {
        "type": "MultiPoint",
        "coordinates": [
          [
            136.34159535354274,
            35.01372745435856
          ]
        ]
      }
    },
    {
      "type": "Feature",
      "properties": {
        "P12_001": 10442,
        "P12_002": "ホンシャクナゲ（しゃくなげ渓）",
        "P12_003": "25",
        "P12_004": "25383",
        "P12_005": "‐",
        "P12_006": "日野町大字鎌掛1",
        "P12_007": null
      },
      "geometry": {
        "type": "MultiPoint",
        "coordinates": [
          [
            136.29114600018784,
            34.98405899992298
          ]
        ]
      }
    },
    {
      "type": "Feature",
      "properties": {
        "P12_001": 10443,
        "P12_002": "藤（正法寺）",
        "P12_003": "25",
        "P12_004": "25383",
        "P12_005": "‐",
        "P12_006": "日野町大字鎌掛2145",
        "P12_007": null
      },
      "geometry": {
        "type": "MultiPoint",
        "coordinates": [
          [
            136.26543399977936,
            34.984435000175154
          ]
        ]
      }
    },
    {
      "type": "Feature",
      "properties": {
        "P12_001": 10444,
        "P12_002": "サツキ（雲迎寺）",
        "P12_003": "25",
        "P12_004": "25383",
        "P12_005": "‐",
        "P12_006": "日野町大字音羽261",
        "P12_007": null
      },
      "geometry": {
        "type": "MultiPoint",
        "coordinates": [
          [
            136.28717166583976,
            35.00252166604213
          ]
        ]
      }
    },
    {
      "type": "Feature",
      "properties": {
        "P12_001": 10445,
        "P12_002": "馬見岡綿向神社（初詣）",
        "P12_003": "25",
        "P12_004": "25383",
        "P12_005": "‐",
        "P12_006": "日野町大字村井711",
        "P12_007": null
      },
      "geometry": {
        "type": "MultiPoint",
        "coordinates": [
          [
            136.26181700025438,
            35.01491400008109
          ]
        ]
      }
    },
    {
      "type": "Feature",
      "properties": {
        "P12_001": 10446,
        "P12_002": "滋賀県希望が丘文化公園",
        "P12_003": "25",
        "P12_004": "25384",
        "P12_005": "‐",
        "P12_006": "竜王町大字薬師1178",
        "P12_007": null
      },
      "geometry": {
        "type": "MultiPoint",
        "coordinates": [
          [
            136.08270900002037,
            35.04645699959093
          ]
        ]
      }
    },
    {
      "type": "Feature",
      "properties": {
        "P12_001": 10447,
        "P12_002": "道の駅「竜王かがみの里」",
        "P12_003": "25",
        "P12_004": "25384",
        "P12_005": "‐",
        "P12_006": "竜王町鏡1231-2",
        "P12_007": null
      },
      "geometry": {
        "type": "MultiPoint",
        "coordinates": [
          [
            136.0793169443216,
            35.085747222356474
          ]
        ]
      }
    },
    {
      "type": "Feature",
      "properties": {
        "P12_001": 10448,
        "P12_002": "アグリパーク竜王",
        "P12_003": "25",
        "P12_004": "25384",
        "P12_005": "‐",
        "P12_006": "竜王町山之上6526",
        "P12_007": null
      },
      "geometry": {
        "type": "MultiPoint",
        "coordinates": [
          [
            136.1448386105135,
            35.043498889262366
          ]
        ]
      }
    },
    {
      "type": "Feature",
      "properties": {
        "P12_001": 10449,
        "P12_002": "蒲生野の湯",
        "P12_003": "25",
        "P12_004": "25384",
        "P12_005": "‐",
        "P12_006": "竜王町山之上7104-1",
        "P12_007": null
      },
      "geometry": {
        "type": "MultiPoint",
        "coordinates": [
          [
            136.1400290002382,
            35.0446259996902
          ]
        ]
      }
    },
    {
      "type": "Feature",
      "properties": {
        "P12_001": 10450,
        "P12_002": "希望が丘文化公園",
        "P12_003": "25",
        "P12_004": "25384",
        "P12_005": "‐",
        "P12_006": "竜王町薬師1178",
        "P12_007": null
      },
      "geometry": {
        "type": "MultiPoint",
        "coordinates": [
          [
            136.08270900002037,
            35.04645699959093
          ]
        ]
      }
    },
    {
      "type": "Feature",
      "properties": {
        "P12_001": 10451,
        "P12_002": "苗村神社",
        "P12_003": "25",
        "P12_004": "25384",
        "P12_005": "‐",
        "P12_006": "竜王町綾戸467",
        "P12_007": null
      },
      "geometry": {
        "type": "MultiPoint",
        "coordinates": [
          [
            136.1279299998697,
            35.064887000534725
          ]
        ]
      }
    },
    {
      "type": "Feature",
      "properties": {
        "P12_001": 10452,
        "P12_002": "妹背の里",
        "P12_003": "25",
        "P12_004": "25384",
        "P12_005": "‐",
        "P12_006": "竜王町川守5",
        "P12_007": null
      },
      "geometry": {
        "type": "MultiPoint",
        "coordinates": [
          [
            136.1455608335657,
            35.06794277813674
          ]
        ]
      }
    },
    {
      "type": "Feature",
      "properties": {
        "P12_001": 10453,
        "P12_002": "竜王ゴルフコース",
        "P12_003": "25",
        "P12_004": "25384",
        "P12_005": "‐",
        "P12_006": "竜王町山中1391",
        "P12_007": null
      },
      "geometry": {
        "type": "MultiPoint",
        "coordinates": [
          [
            136.09335555571442,
            35.03705888905654
          ]
        ]
      }
    },
    {
      "type": "Feature",
      "properties": {
        "P12_001": 10454,
        "P12_002": "鏡神社・周辺史跡",
        "P12_003": "25",
        "P12_004": "25384",
        "P12_005": "‐",
        "P12_006": "竜王町鏡",
        "P12_007": null
      },
      "geometry": {
        "type": "MultiPoint",
        "coordinates": [
          [
            136.07924662633081,
            35.0867847405234
          ]
        ]
      }
    },
    {
      "type": "Feature",
      "properties": {
        "P12_001": 10455,
        "P12_002": "ケンケト祭り",
        "P12_003": "25",
        "P12_004": "25384",
        "P12_005": "‐",
        "P12_006": "竜王町山之上",
        "P12_007": null
      },
      "geometry": {
        "type": "MultiPoint",
        "coordinates": [
          [
            136.14877999999703,
            35.05000599957725
          ]
        ]
      }
    },
    {
      "type": "Feature",
      "properties": {
        "P12_001": 10456,
        "P12_002": "川守観光ぶどう園",
        "P12_003": "25",
        "P12_004": "25384",
        "P12_005": "‐",
        "P12_006": "竜王町川守",
        "P12_007": null
      },
      "geometry": {
        "type": "MultiPoint",
        "coordinates": [
          [
            136.13935888930132,
            35.07041833293977
          ]
        ]
      }
    },
    {
      "type": "Feature",
      "properties": {
        "P12_001": 10457,
        "P12_002": "雪野山ハイキングコース",
        "P12_003": "25",
        "P12_004": "25384",
        "P12_005": "‐",
        "P12_006": "竜王町川守",
        "P12_007": null
      },
      "geometry": {
        "type": "MultiPoint",
        "coordinates": [
          [
            136.13935888930132,
            35.07041833293977
          ]
        ]
      }
    },
    {
      "type": "Feature",
      "properties": {
        "P12_001": 10458,
        "P12_002": "鏡山ハイキングコース",
        "P12_003": "25",
        "P12_004": "25384",
        "P12_005": "‐",
        "P12_006": "竜王町鏡～薬師",
        "P12_007": null
      },
      "geometry": {
        "type": "MultiPoint",
        "coordinates": [
          [
            136.08438666641155,
            35.08172027856807
          ]
        ]
      }
    },
    {
      "type": "Feature",
      "properties": {
        "P12_001": 10459,
        "P12_002": "龍王寺",
        "P12_003": "25",
        "P12_004": "25384",
        "P12_005": "‐",
        "P12_006": "竜王町川守",
        "P12_007": null
      },
      "geometry": {
        "type": "MultiPoint",
        "coordinates": [
          [
            136.1434079995796,
            35.072299000598434
          ]
        ]
      }
    },
    {
      "type": "Feature",
      "properties": {
        "P12_001": 10460,
        "P12_002": "御崎神社　火祭り",
        "P12_003": "25",
        "P12_004": "25425",
        "P12_005": "‐",
        "P12_006": "愛荘町川原",
        "P12_007": null
      },
      "geometry": {
        "type": "MultiPoint",
        "coordinates": [
          [
            136.19689100001972,
            35.1861659995613
          ]
        ]
      }
    },
    {
      "type": "Feature",
      "properties": {
        "P12_001": 10461,
        "P12_002": "るーぶる愛知川",
        "P12_003": "25",
        "P12_004": "25425",
        "P12_005": "‐",
        "P12_006": "愛荘町市895-3",
        "P12_007": null
      },
      "geometry": {
        "type": "MultiPoint",
        "coordinates": [
          [
            136.2132536124643,
            35.175886945526145
          ]
        ]
      }
    },
    {
      "type": "Feature",
      "properties": {
        "P12_001": 10462,
        "P12_002": "愛知川びんてまりの館",
        "P12_003": "25",
        "P12_004": "25425",
        "P12_005": "‐",
        "P12_006": "愛荘町市1673",
        "P12_007": null
      },
      "geometry": {
        "type": "MultiPoint",
        "coordinates": [
          [
            136.21477111139768,
            35.17081777741856
          ]
        ]
      }
    },
    {
      "type": "Feature",
      "properties": {
        "P12_001": 10463,
        "P12_002": "祇園納涼祭花火大会",
        "P12_003": "25",
        "P12_004": "25425",
        "P12_005": "‐",
        "P12_006": "愛荘町愛知川",
        "P12_007": null
      },
      "geometry": {
        "type": "MultiPoint",
        "coordinates": [
          [
            136.20404944432642,
            35.17221583379376
          ]
        ]
      }
    },
    {
      "type": "Feature",
      "properties": {
        "P12_001": 10464,
        "P12_002": "愛荘６６かまど祭（中山道６６番祭）",
        "P12_003": "25",
        "P12_004": "25425",
        "P12_005": "‐",
        "P12_006": "愛荘町",
        "P12_007": null
      },
      "geometry": {
        "type": "MultiPoint",
        "coordinates": [
          [
            136.2123208338395,
            35.16881027837172
          ]
        ]
      }
    },
    {
      "type": "Feature",
      "properties": {
        "P12_001": 10465,
        "P12_002": "中山道",
        "P12_003": "25",
        "P12_004": "25425",
        "P12_005": "‐",
        "P12_006": "愛荘町愛知川",
        "P12_007": null
      },
      "geometry": {
        "type": "MultiPoint",
        "coordinates": [
          [
            136.208785999974,
            35.17122199929588
          ]
        ]
      }
    },
    {
      "type": "Feature",
      "properties": {
        "P12_001": 10466,
        "P12_002": "中山道宿場まつりｉｎえちがわ",
        "P12_003": "25",
        "P12_004": "25425",
        "P12_005": "‐",
        "P12_006": "愛荘町愛知川",
        "P12_007": null
      },
      "geometry": {
        "type": "MultiPoint",
        "coordinates": [
          [
            136.20161334997613,
            35.16337200601333
          ]
        ]
      }
    },
    {
      "type": "Feature",
      "properties": {
        "P12_001": 10467,
        "P12_002": "手おりの里金剛苑",
        "P12_003": "25",
        "P12_004": "25425",
        "P12_005": "‐",
        "P12_006": "愛荘町蚊野外514",
        "P12_007": null
      },
      "geometry": {
        "type": "MultiPoint",
        "coordinates": [
          [
            136.26689083314545,
            35.1572000001799
          ]
        ]
      }
    },
    {
      "type": "Feature",
      "properties": {
        "P12_001": 10468,
        "P12_002": "愛荘町立歴史文化博物館",
        "P12_003": "25",
        "P12_004": "25425",
        "P12_005": "‐",
        "P12_006": "愛荘町松尾寺878",
        "P12_007": null
      },
      "geometry": {
        "type": "MultiPoint",
        "coordinates": [
          [
            136.27817389031281,
            35.16356277740033
          ]
        ]
      }
    },
    {
      "type": "Feature",
      "properties": {
        "P12_001": 10469,
        "P12_002": "依智秦氏の里　古墳公園",
        "P12_003": "25",
        "P12_004": "25425",
        "P12_005": "‐",
        "P12_006": "愛荘町上蚊野642",
        "P12_007": null
      },
      "geometry": {
        "type": "MultiPoint",
        "coordinates": [
          [
            136.27592109848,
            35.15656193658418
          ]
        ]
      }
    },
    {
      "type": "Feature",
      "properties": {
        "P12_001": 10470,
        "P12_002": "郷土の偉人館　西澤眞蔵記念館",
        "P12_003": "25",
        "P12_004": "25425",
        "P12_005": "‐",
        "P12_006": "愛荘町上蚊野642",
        "P12_007": null
      },
      "geometry": {
        "type": "MultiPoint",
        "coordinates": [
          [
            136.22683333309192,
            35.16771305421412
          ]
        ]
      }
    },
    {
      "type": "Feature",
      "properties": {
        "P12_001": 10471,
        "P12_002": "阿自岐神社",
        "P12_003": "25",
        "P12_004": "25441",
        "P12_005": "‐",
        "P12_006": "豊郷町安食南663",
        "P12_007": null
      },
      "geometry": {
        "type": "MultiPoint",
        "coordinates": [
          [
            136.22776699934764,
            35.2120770001535
          ]
        ]
      }
    },
    {
      "type": "Feature",
      "properties": {
        "P12_001": 10472,
        "P12_002": "伊藤忠兵衛記念館",
        "P12_003": "25",
        "P12_004": "25441",
        "P12_005": "‐",
        "P12_006": "豊郷町八目128-1",
        "P12_007": null
      },
      "geometry": {
        "type": "MultiPoint",
        "coordinates": [
          [
            136.22772805510567,
            35.19794916702051
          ]
        ]
      }
    },
    {
      "type": "Feature",
      "properties": {
        "P12_001": 10473,
        "P12_002": "先人を偲ぶ館",
        "P12_003": "25",
        "P12_004": "25441",
        "P12_005": "‐",
        "P12_006": "豊郷町四十九院815",
        "P12_007": null
      },
      "geometry": {
        "type": "MultiPoint",
        "coordinates": [
          [
            136.2356811115941,
            35.20671083363811
          ]
        ]
      }
    },
    {
      "type": "Feature",
      "properties": {
        "P12_001": 10474,
        "P12_002": "豊会館",
        "P12_003": "25",
        "P12_004": "25441",
        "P12_005": "‐",
        "P12_006": "豊郷町下枝56",
        "P12_007": null
      },
      "geometry": {
        "type": "MultiPoint",
        "coordinates": [
          [
            136.22260361106783,
            35.19232277717447
          ]
        ]
      }
    },
    {
      "type": "Feature",
      "properties": {
        "P12_001": 10475,
        "P12_002": "（株）岡村本家",
        "P12_003": "25",
        "P12_004": "25441",
        "P12_005": "‐",
        "P12_006": "豊郷町吉田100",
        "P12_007": null
      },
      "geometry": {
        "type": "MultiPoint",
        "coordinates": [
          [
            136.2320933337404,
            35.1859125004616
          ]
        ]
      }
    },
    {
      "type": "Feature",
      "properties": {
        "P12_001": 10476,
        "P12_002": "豊郷小学校旧校舎群",
        "P12_003": "25",
        "P12_004": "25441",
        "P12_005": "‐",
        "P12_006": "豊郷町石畑518",
        "P12_007": null
      },
      "geometry": {
        "type": "MultiPoint",
        "coordinates": [
          [
            136.23249278201638,
            35.20359333466473
          ]
        ]
      }
    },
    {
      "type": "Feature",
      "properties": {
        "P12_001": 10477,
        "P12_002": "とっとまつり",
        "P12_003": "25",
        "P12_004": "25441",
        "P12_005": "‐",
        "P12_006": "豊郷町",
        "P12_007": null
      },
      "geometry": {
        "type": "MultiPoint",
        "coordinates": [
          [
            136.23249278201638,
            35.20359333466473
          ]
        ]
      }
    },
    {
      "type": "Feature",
      "properties": {
        "P12_001": 10478,
        "P12_002": "多賀大社",
        "P12_003": "25",
        "P12_004": "25443",
        "P12_005": "‐",
        "P12_006": "多賀町多賀604",
        "P12_007": null
      },
      "geometry": {
        "type": "MultiPoint",
        "coordinates": [
          [
            136.29061916654132,
            35.225452222142394
          ]
        ]
      }
    },
    {
      "type": "Feature",
      "properties": {
        "P12_001": 10479,
        "P12_002": "多賀町立博物館",
        "P12_003": "25",
        "P12_004": "25443",
        "P12_005": "‐",
        "P12_006": "多賀町四手976-2",
        "P12_007": null
      },
      "geometry": {
        "type": "MultiPoint",
        "coordinates": [
          [
            136.30247555590222,
            35.22114610900576
          ]
        ]
      }
    },
    {
      "type": "Feature",
      "properties": {
        "P12_001": 10480,
        "P12_002": "河内の風穴",
        "P12_003": "25",
        "P12_004": "25443",
        "P12_005": "‐",
        "P12_006": "多賀町河内",
        "P12_007": null
      },
      "geometry": {
        "type": "MultiPoint",
        "coordinates": [
          [
            136.35002200021518,
            35.25249100045937
          ]
        ]
      }
    },
    {
      "type": "Feature",
      "properties": {
        "P12_001": 10481,
        "P12_002": "ダイニックアストロパーク天究館",
        "P12_003": "25",
        "P12_004": "25443",
        "P12_005": "‐",
        "P12_006": "多賀町多賀270",
        "P12_007": null
      },
      "geometry": {
        "type": "MultiPoint",
        "coordinates": [
          [
            136.30468200027417,
            35.211339000294686
          ]
        ]
      }
    },
    {
      "type": "Feature",
      "properties": {
        "P12_001": 10482,
        "P12_002": "高取山ふれあい公園",
        "P12_003": "25",
        "P12_004": "25443",
        "P12_005": "‐",
        "P12_006": "多賀町藤瀬1090",
        "P12_007": null
      },
      "geometry": {
        "type": "MultiPoint",
        "coordinates": [
          [
            136.29441100056727,
            35.176221999645634
          ]
        ]
      }
    },
    {
      "type": "Feature",
      "properties": {
        "P12_001": 10483,
        "P12_002": "キリンビール滋賀工場",
        "P12_003": "25",
        "P12_004": "25443",
        "P12_005": "‐",
        "P12_006": "多賀町敏満寺1600",
        "P12_007": null
      },
      "geometry": {
        "type": "MultiPoint",
        "coordinates": [
          [
            136.27100888904909,
            35.22375111132476
          ]
        ]
      }
    },
    {
      "type": "Feature",
      "properties": {
        "P12_001": 10484,
        "P12_002": "多賀グリーン倶楽部",
        "P12_003": "25",
        "P12_004": "25443",
        "P12_005": "‐",
        "P12_006": "多賀町多賀270",
        "P12_007": -1
      },
      "geometry": {
        "type": "MultiPoint",
        "coordinates": [
          [
            136.3034409997024,
            35.21367700019346
          ]
        ]
      }
    }
  ],
  "bbox": [
    135.79773166638336,
    34.81411699969982,
    136.40628100006813,
    35.69825000003755
  ]
}