{
  "type": "FeatureCollection",
  "features": [
    {
      "type": "Feature",
      "properties": {
        "P12_001": 10001,
        "P12_002": "祇園祭",
        "P12_003": "26",
        "P12_004": "26100",
        "P12_005": "年中行事",
        "P12_006": "京都市",
        "P12_007": -1
      },
      "geometry": {
        "type": "MultiPoint",
        "coordinates": [
          [
            135.76802899993845,
            35.01163600000143
          ]
        ]
      }
    },
    {
      "type": "Feature",
      "properties": {
        "P12_001": 10002,
        "P12_002": "葵祭",
        "P12_003": "26",
        "P12_004": "26100",
        "P12_005": "年中行事",
        "P12_006": "京都市",
        "P12_007": -1
      },
      "geometry": {
        "type": "MultiPoint",
        "coordinates": [
          [
            135.76802899993845,
            35.01163600000143
          ]
        ]
      }
    },
    {
      "type": "Feature",
      "properties": {
        "P12_001": 10003,
        "P12_002": "時代祭",
        "P12_003": "26",
        "P12_004": "26100",
        "P12_005": "年中行事",
        "P12_006": "京都市",
        "P12_007": -1
      },
      "geometry": {
        "type": "MultiPoint",
        "coordinates": [
          [
            135.76802899993845,
            35.01163600000143
          ]
        ]
      }
    },
    {
      "type": "Feature",
      "properties": {
        "P12_001": 10004,
        "P12_002": "京都市",
        "P12_003": "26",
        "P12_004": "26100",
        "P12_005": "‐",
        "P12_006": "京都市",
        "P12_007": -1
      },
      "geometry": {
        "type": "MultiPoint",
        "coordinates": [
          [
            135.76802899993845,
            35.01163600000143
          ]
        ]
      }
    },
    {
      "type": "Feature",
      "properties": {
        "P12_001": 10005,
        "P12_002": "鹿苑寺（金閣寺）",
        "P12_003": "26",
        "P12_004": "26101",
        "P12_005": "神社・寺院・教会",
        "P12_006": "京都市北区金閣寺町1",
        "P12_007": -1
      },
      "geometry": {
        "type": "MultiPoint",
        "coordinates": [
          [
            135.72924300096383,
            35.03937000102479
          ]
        ]
      }
    },
    {
      "type": "Feature",
      "properties": {
        "P12_001": 10006,
        "P12_002": "大徳寺",
        "P12_003": "26",
        "P12_004": "26101",
        "P12_005": "神社・寺院・教会",
        "P12_006": "京都市北区紫野大徳寺町53",
        "P12_007": -1
      },
      "geometry": {
        "type": "MultiPoint",
        "coordinates": [
          [
            135.74600300043824,
            35.04389099907041
          ]
        ]
      }
    },
    {
      "type": "Feature",
      "properties": {
        "P12_001": 10007,
        "P12_002": "御室のサクラ",
        "P12_003": "26",
        "P12_004": "26101",
        "P12_005": "植物",
        "P12_006": "京都市北区金閣寺町1",
        "P12_007": -1
      },
      "geometry": {
        "type": "MultiPoint",
        "coordinates": [
          [
            135.72932700034085,
            35.039355000333046
          ]
        ]
      }
    },
    {
      "type": "Feature",
      "properties": {
        "P12_001": 10008,
        "P12_002": "京都御所",
        "P12_003": "26",
        "P12_004": "26102",
        "P12_005": "城跡・城郭・宮殿",
        "P12_006": "京都市上京区京都御苑内",
        "P12_007": -1
      },
      "geometry": {
        "type": "MultiPoint",
        "coordinates": [
          [
            135.76212500016868,
            35.02541399955646
          ]
        ]
      }
    },
    {
      "type": "Feature",
      "properties": {
        "P12_001": 10009,
        "P12_002": "仙洞御所",
        "P12_003": "26",
        "P12_004": "26102",
        "P12_005": "庭園・公園",
        "P12_006": "京都市上京区京都御苑内",
        "P12_007": -1
      },
      "geometry": {
        "type": "MultiPoint",
        "coordinates": [
          [
            135.7653000008944,
            35.021530000309326
          ]
        ]
      }
    },
    {
      "type": "Feature",
      "properties": {
        "P12_001": 10010,
        "P12_002": "京懐石",
        "P12_003": "26",
        "P12_004": "26102",
        "P12_005": "食",
        "P12_006": "京都市上京区",
        "P12_007": -1
      },
      "geometry": {
        "type": "MultiPoint",
        "coordinates": [
          [
            135.75559699950202,
            35.02124699984921
          ]
        ]
      }
    },
    {
      "type": "Feature",
      "properties": {
        "P12_001": 10011,
        "P12_002": "川床の京料理",
        "P12_003": "26",
        "P12_004": "26102",
        "P12_005": "食",
        "P12_006": "京都市上京区",
        "P12_007": -1
      },
      "geometry": {
        "type": "MultiPoint",
        "coordinates": [
          [
            135.75559699950202,
            35.02124699984921
          ]
        ]
      }
    },
    {
      "type": "Feature",
      "properties": {
        "P12_001": 10012,
        "P12_002": "南禅寺",
        "P12_003": "26",
        "P12_004": "26103",
        "P12_005": "神社・寺院・教会",
        "P12_006": "京都市左京区南禅寺福地町",
        "P12_007": -1
      },
      "geometry": {
        "type": "MultiPoint",
        "coordinates": [
          [
            135.79380199956267,
            35.01124499905751
          ]
        ]
      }
    },
    {
      "type": "Feature",
      "properties": {
        "P12_001": 10013,
        "P12_002": "鞍馬寺",
        "P12_003": "26",
        "P12_004": "26103",
        "P12_005": "神社・寺院・教会",
        "P12_006": "京都市左京区鞍馬本町1074",
        "P12_007": -1
      },
      "geometry": {
        "type": "MultiPoint",
        "coordinates": [
          [
            135.7705264352469,
            35.11790707854891
          ]
        ]
      }
    },
    {
      "type": "Feature",
      "properties": {
        "P12_001": 10014,
        "P12_002": "慈照寺（銀閣寺）",
        "P12_003": "26",
        "P12_004": "26103",
        "P12_005": "神社・寺院・教会",
        "P12_006": "京都市左京区銀閣寺町2",
        "P12_007": -1
      },
      "geometry": {
        "type": "MultiPoint",
        "coordinates": [
          [
            135.79820600030678,
            35.02702099901995
          ]
        ]
      }
    },
    {
      "type": "Feature",
      "properties": {
        "P12_001": 10015,
        "P12_002": "平安神宮",
        "P12_003": "26",
        "P12_004": "26103",
        "P12_005": "神社・寺院・教会",
        "P12_006": "京都市左京区岡崎西天王町97",
        "P12_007": -1
      },
      "geometry": {
        "type": "MultiPoint",
        "coordinates": [
          [
            135.78242600015983,
            35.01598199986944
          ]
        ]
      }
    },
    {
      "type": "Feature",
      "properties": {
        "P12_001": 10016,
        "P12_002": "円通寺",
        "P12_003": "26",
        "P12_004": "26103",
        "P12_005": "神社・寺院・教会",
        "P12_006": "京都市左京区岩倉幡枝町389",
        "P12_007": -1
      },
      "geometry": {
        "type": "MultiPoint",
        "coordinates": [
          [
            135.76851199972907,
            35.064383999821814
          ]
        ]
      }
    },
    {
      "type": "Feature",
      "properties": {
        "P12_001": 10017,
        "P12_002": "修学院離宮庭園",
        "P12_003": "26",
        "P12_004": "26103",
        "P12_005": "庭園・公園",
        "P12_006": "京都市左京区修学院薮添",
        "P12_007": -1
      },
      "geometry": {
        "type": "MultiPoint",
        "coordinates": [
          [
            135.8036399999861,
            35.05394099937769
          ]
        ]
      }
    },
    {
      "type": "Feature",
      "properties": {
        "P12_001": 10018,
        "P12_002": "二条城",
        "P12_003": "26",
        "P12_004": "26104",
        "P12_005": "城跡・城郭・宮殿",
        "P12_006": "京都市中京区二条通堀川西入二条城町541",
        "P12_007": -1
      },
      "geometry": {
        "type": "MultiPoint",
        "coordinates": [
          [
            135.74821800006077,
            35.01423000091387
          ]
        ]
      }
    },
    {
      "type": "Feature",
      "properties": {
        "P12_001": 10019,
        "P12_002": "清水寺",
        "P12_003": "26",
        "P12_004": "26105",
        "P12_005": "神社・寺院・教会",
        "P12_006": "京都市東山区",
        "P12_007": -1
      },
      "geometry": {
        "type": "MultiPoint",
        "coordinates": [
          [
            135.7850459995733,
            34.99485599960474
          ]
        ]
      }
    },
    {
      "type": "Feature",
      "properties": {
        "P12_001": 10020,
        "P12_002": "蓮華王院（三十三間堂）",
        "P12_003": "26",
        "P12_004": "26105",
        "P12_005": "神社・寺院・教会",
        "P12_006": "京都市東山区三十三間道廻町657",
        "P12_007": -1
      },
      "geometry": {
        "type": "MultiPoint",
        "coordinates": [
          [
            135.77171299895576,
            34.98788500009272
          ]
        ]
      }
    },
    {
      "type": "Feature",
      "properties": {
        "P12_001": 10021,
        "P12_002": "東福寺",
        "P12_003": "26",
        "P12_004": "26105",
        "P12_005": "神社・寺院・教会",
        "P12_006": "京都市東山区本町15-778",
        "P12_007": -1
      },
      "geometry": {
        "type": "MultiPoint",
        "coordinates": [
          [
            135.77379377925956,
            34.97635588841359
          ]
        ]
      }
    },
    {
      "type": "Feature",
      "properties": {
        "P12_001": 10022,
        "P12_002": "八坂神社",
        "P12_003": "26",
        "P12_004": "26105",
        "P12_005": "神社・寺院・教会",
        "P12_006": "京都市東山区祇園町北側625",
        "P12_007": -1
      },
      "geometry": {
        "type": "MultiPoint",
        "coordinates": [
          [
            135.77852599927553,
            35.00363399970939
          ]
        ]
      }
    },
    {
      "type": "Feature",
      "properties": {
        "P12_001": 10023,
        "P12_002": "祇園界隈",
        "P12_003": "26",
        "P12_004": "26105",
        "P12_005": "集落・街",
        "P12_006": "京都市東山区",
        "P12_007": -1
      },
      "geometry": {
        "type": "MultiPoint",
        "coordinates": [
          [
            135.7771319997421,
            35.0037759999625
          ]
        ]
      }
    },
    {
      "type": "Feature",
      "properties": {
        "P12_001": 10024,
        "P12_002": "産寧坂の街並み",
        "P12_003": "26",
        "P12_004": "26105",
        "P12_005": "集落・街",
        "P12_006": "京都市東山区",
        "P12_007": -1
      },
      "geometry": {
        "type": "MultiPoint",
        "coordinates": [
          [
            135.78043299998308,
            35.00027999972224
          ]
        ]
      }
    },
    {
      "type": "Feature",
      "properties": {
        "P12_001": 10025,
        "P12_002": "京都国立博物館",
        "P12_003": "26",
        "P12_004": "26105",
        "P12_005": "博物館・美術館",
        "P12_006": "京都市東山区茶屋町527",
        "P12_007": -1
      },
      "geometry": {
        "type": "MultiPoint",
        "coordinates": [
          [
            135.77311599980362,
            34.98998900089174
          ]
        ]
      }
    },
    {
      "type": "Feature",
      "properties": {
        "P12_001": 10026,
        "P12_002": "南座で上演される歌舞伎",
        "P12_003": "26",
        "P12_004": "26105",
        "P12_005": "芸能・興行・イベント",
        "P12_006": "京都市東山区四条大橋東詰",
        "P12_007": -1
      },
      "geometry": {
        "type": "MultiPoint",
        "coordinates": [
          [
            135.7723839993222,
            35.00350199901811
          ]
        ]
      }
    },
    {
      "type": "Feature",
      "properties": {
        "P12_001": 10027,
        "P12_002": "都をどり（祇園甲部歌舞練場）",
        "P12_003": "26",
        "P12_004": "26105",
        "P12_005": "芸能・興行・イベント",
        "P12_006": "京都市東山区祇園町南側570-2",
        "P12_007": -1
      },
      "geometry": {
        "type": "MultiPoint",
        "coordinates": [
          [
            135.77593400025398,
            35.00165099999373
          ]
        ]
      }
    },
    {
      "type": "Feature",
      "properties": {
        "P12_001": 10028,
        "P12_002": "真宗本廟（東本願寺）",
        "P12_003": "26",
        "P12_004": "26106",
        "P12_005": "神社・寺院・教会",
        "P12_006": "京都市下京区烏丸七条上ル",
        "P12_007": -1
      },
      "geometry": {
        "type": "MultiPoint",
        "coordinates": [
          [
            135.7584209993297,
            34.99100799931978
          ]
        ]
      }
    },
    {
      "type": "Feature",
      "properties": {
        "P12_001": 10029,
        "P12_002": "本願寺（西本願寺）",
        "P12_003": "26",
        "P12_004": "26106",
        "P12_005": "神社・寺院・教会",
        "P12_006": "京都市下京区堀川通花屋町下ル",
        "P12_007": -1
      },
      "geometry": {
        "type": "MultiPoint",
        "coordinates": [
          [
            135.7516719992634,
            34.9913809994336
          ]
        ]
      }
    },
    {
      "type": "Feature",
      "properties": {
        "P12_001": 10030,
        "P12_002": "教王護国寺（東寺）",
        "P12_003": "26",
        "P12_004": "26107",
        "P12_005": "神社・寺院・教会",
        "P12_006": "京都市南区九条1",
        "P12_007": -1
      },
      "geometry": {
        "type": "MultiPoint",
        "coordinates": [
          [
            135.74769400017806,
            34.98035700007557
          ]
        ]
      }
    },
    {
      "type": "Feature",
      "properties": {
        "P12_001": 10031,
        "P12_002": "龍安寺",
        "P12_003": "26",
        "P12_004": "26108",
        "P12_005": "神社・寺院・教会",
        "P12_006": "京都市右京区龍安寺御陵下町13",
        "P12_007": -1
      },
      "geometry": {
        "type": "MultiPoint",
        "coordinates": [
          [
            135.7182630000375,
            35.03449399919873
          ]
        ]
      }
    },
    {
      "type": "Feature",
      "properties": {
        "P12_001": 10032,
        "P12_002": "天龍寺",
        "P12_003": "26",
        "P12_004": "26108",
        "P12_005": "神社・寺院・教会",
        "P12_006": "京都市右京区嵯峨天竜寺芒ノ馬場町68",
        "P12_007": -1
      },
      "geometry": {
        "type": "MultiPoint",
        "coordinates": [
          [
            135.67369000039332,
            35.01585300021583
          ]
        ]
      }
    },
    {
      "type": "Feature",
      "properties": {
        "P12_001": 10033,
        "P12_002": "妙心寺",
        "P12_003": "26",
        "P12_004": "26108",
        "P12_005": "神社・寺院・教会",
        "P12_006": "京都市右京区花園妙心寺町64",
        "P12_007": -1
      },
      "geometry": {
        "type": "MultiPoint",
        "coordinates": [
          [
            135.72119199931137,
            35.02124899994146
          ]
        ]
      }
    },
    {
      "type": "Feature",
      "properties": {
        "P12_001": 10034,
        "P12_002": "東映太秦映画村",
        "P12_003": "26",
        "P12_004": "26108",
        "P12_005": "テーマ・公園テーマ施設",
        "P12_006": "京都市右京区太秦東蜂岡町10",
        "P12_007": -1
      },
      "geometry": {
        "type": "MultiPoint",
        "coordinates": [
          [
            135.70862399889847,
            35.01680300085786
          ]
        ]
      }
    },
    {
      "type": "Feature",
      "properties": {
        "P12_001": 10035,
        "P12_002": "醍醐寺",
        "P12_003": "26",
        "P12_004": "26109",
        "P12_005": "神社・寺院・教会",
        "P12_006": "京都市伏見区醍醐東大路町22",
        "P12_007": -1
      },
      "geometry": {
        "type": "MultiPoint",
        "coordinates": [
          [
            135.81958000031682,
            34.95111599970369
          ]
        ]
      }
    },
    {
      "type": "Feature",
      "properties": {
        "P12_001": 10036,
        "P12_002": "西芳寺（苔寺）",
        "P12_003": "26",
        "P12_004": "26111",
        "P12_005": "神社・寺院・教会",
        "P12_006": "京都市西京区松尾神ケ谷町56",
        "P12_007": -1
      },
      "geometry": {
        "type": "MultiPoint",
        "coordinates": [
          [
            135.68330899971068,
            34.991963999339134
          ]
        ]
      }
    },
    {
      "type": "Feature",
      "properties": {
        "P12_001": 10037,
        "P12_002": "桂離宮",
        "P12_003": "26",
        "P12_004": "26111",
        "P12_005": "城跡・城郭・宮殿",
        "P12_006": "京都市西京区桂御園",
        "P12_007": -1
      },
      "geometry": {
        "type": "MultiPoint",
        "coordinates": [
          [
            135.70957199944826,
            34.983991000384435
          ]
        ]
      }
    },
    {
      "type": "Feature",
      "properties": {
        "P12_001": 10038,
        "P12_002": "福知山市郷土資料館",
        "P12_003": "26",
        "P12_004": "26201",
        "P12_005": "‐",
        "P12_006": "福知山市内記５",
        "P12_007": null
      },
      "geometry": {
        "type": "MultiPoint",
        "coordinates": [
          [
            135.12690000023485,
            35.2968250007732
          ]
        ]
      }
    },
    {
      "type": "Feature",
      "properties": {
        "P12_001": 10039,
        "P12_002": "福知山市佐藤太清記念美術館",
        "P12_003": "26",
        "P12_004": "26201",
        "P12_005": "‐",
        "P12_006": "福知山市岡ノ32-64",
        "P12_007": null
      },
      "geometry": {
        "type": "MultiPoint",
        "coordinates": [
          [
            135.13043200033655,
            35.295110999972735
          ]
        ]
      }
    },
    {
      "type": "Feature",
      "properties": {
        "P12_001": 10040,
        "P12_002": "福知山市芦田均記念館",
        "P12_003": "26",
        "P12_004": "26201",
        "P12_005": "‐",
        "P12_006": "福知山市字宮36",
        "P12_007": null
      },
      "geometry": {
        "type": "MultiPoint",
        "coordinates": [
          [
            135.17863799934423,
            35.260163999968654
          ]
        ]
      }
    },
    {
      "type": "Feature",
      "properties": {
        "P12_001": 10041,
        "P12_002": "福知山市丹波生活衣館",
        "P12_003": "26",
        "P12_004": "26201",
        "P12_005": "‐",
        "P12_006": "福知山市内記10",
        "P12_007": null
      },
      "geometry": {
        "type": "MultiPoint",
        "coordinates": [
          [
            135.12851000073601,
            35.29776100076964
          ]
        ]
      }
    },
    {
      "type": "Feature",
      "properties": {
        "P12_001": 10042,
        "P12_002": "福知山市児童科学館",
        "P12_003": "26",
        "P12_004": "26201",
        "P12_005": "‐",
        "P12_006": "福知山市猪崎377-1",
        "P12_007": null
      },
      "geometry": {
        "type": "MultiPoint",
        "coordinates": [
          [
            135.13873100083504,
            35.31066199945178
          ]
        ]
      }
    },
    {
      "type": "Feature",
      "properties": {
        "P12_001": 10043,
        "P12_002": "福知山市動物園",
        "P12_003": "26",
        "P12_004": "26201",
        "P12_005": "‐",
        "P12_006": "福知山市猪崎377-1",
        "P12_007": null
      },
      "geometry": {
        "type": "MultiPoint",
        "coordinates": [
          [
            135.13873100083504,
            35.31066199945178
          ]
        ]
      }
    },
    {
      "type": "Feature",
      "properties": {
        "P12_001": 10044,
        "P12_002": "福知山市都市緑化植物園",
        "P12_003": "26",
        "P12_004": "26201",
        "P12_005": "‐",
        "P12_006": "福知山市猪崎377-1",
        "P12_007": null
      },
      "geometry": {
        "type": "MultiPoint",
        "coordinates": [
          [
            135.13873100083504,
            35.31066199945178
          ]
        ]
      }
    },
    {
      "type": "Feature",
      "properties": {
        "P12_001": 10045,
        "P12_002": "福知山鉄道館ポッポランド",
        "P12_003": "26",
        "P12_004": "26201",
        "P12_005": "‐",
        "P12_006": "福知山市下新32",
        "P12_007": null
      },
      "geometry": {
        "type": "MultiPoint",
        "coordinates": [
          [
            135.1256179995711,
            35.301685000962095
          ]
        ]
      }
    },
    {
      "type": "Feature",
      "properties": {
        "P12_001": 10046,
        "P12_002": "観音寺",
        "P12_003": "26",
        "P12_004": "26201",
        "P12_005": "‐",
        "P12_006": "福知山市観音寺1067",
        "P12_007": null
      },
      "geometry": {
        "type": "MultiPoint",
        "coordinates": [
          [
            135.19240916764898,
            35.300646111329
          ]
        ]
      }
    },
    {
      "type": "Feature",
      "properties": {
        "P12_001": 10047,
        "P12_002": "長安寺",
        "P12_003": "26",
        "P12_004": "26201",
        "P12_005": "‐",
        "P12_006": "福知山市奥野部577",
        "P12_007": null
      },
      "geometry": {
        "type": "MultiPoint",
        "coordinates": [
          [
            135.0844030000984,
            35.31414499999181
          ]
        ]
      }
    },
    {
      "type": "Feature",
      "properties": {
        "P12_001": 10048,
        "P12_002": "御霊神社",
        "P12_003": "26",
        "P12_004": "26201",
        "P12_005": "‐",
        "P12_006": "福知山市中ノ238",
        "P12_007": null
      },
      "geometry": {
        "type": "MultiPoint",
        "coordinates": [
          [
            135.12169899960918,
            35.301349000755806
          ]
        ]
      }
    },
    {
      "type": "Feature",
      "properties": {
        "P12_001": 10049,
        "P12_002": "福知山温泉（養老の湯）",
        "P12_003": "26",
        "P12_004": "26201",
        "P12_005": "‐",
        "P12_006": "福知山市字長田小字宿81-33",
        "P12_007": null
      },
      "geometry": {
        "type": "MultiPoint",
        "coordinates": [
          [
            135.15780199896312,
            35.28040800002924
          ]
        ]
      }
    },
    {
      "type": "Feature",
      "properties": {
        "P12_001": 10050,
        "P12_002": "福知山温泉（ホテルロイヤルヒル）",
        "P12_003": "26",
        "P12_004": "26201",
        "P12_005": "‐",
        "P12_006": "福知山市字土師小字澤居山173",
        "P12_007": null
      },
      "geometry": {
        "type": "MultiPoint",
        "coordinates": [
          [
            135.151042999335,
            35.28590700000808
          ]
        ]
      }
    },
    {
      "type": "Feature",
      "properties": {
        "P12_001": 10051,
        "P12_002": "福知山お城まつり",
        "P12_003": "26",
        "P12_004": "26201",
        "P12_005": "‐",
        "P12_006": "福知山市",
        "P12_007": null
      },
      "geometry": {
        "type": "MultiPoint",
        "coordinates": [
          [
            135.12656299998253,
            35.29670000040477
          ]
        ]
      }
    },
    {
      "type": "Feature",
      "properties": {
        "P12_001": 10052,
        "P12_002": "福知山ドッコイセまつり",
        "P12_003": "26",
        "P12_004": "26201",
        "P12_005": "‐",
        "P12_006": "福知山市",
        "P12_007": null
      },
      "geometry": {
        "type": "MultiPoint",
        "coordinates": [
          [
            135.12656299998253,
            35.29670000040477
          ]
        ]
      }
    },
    {
      "type": "Feature",
      "properties": {
        "P12_001": 10053,
        "P12_002": "ドッコイセ福知山花火大会",
        "P12_003": "26",
        "P12_004": "26201",
        "P12_005": "‐",
        "P12_006": "福知山市",
        "P12_007": null
      },
      "geometry": {
        "type": "MultiPoint",
        "coordinates": [
          [
            135.12656299998253,
            35.29670000040477
          ]
        ]
      }
    },
    {
      "type": "Feature",
      "properties": {
        "P12_001": 10054,
        "P12_002": "丹波光秀ききょう祭",
        "P12_003": "26",
        "P12_004": "26201",
        "P12_005": "‐",
        "P12_006": "福知山市",
        "P12_007": -1
      },
      "geometry": {
        "type": "MultiPoint",
        "coordinates": [
          [
            135.12169899960918,
            35.301349000755806
          ]
        ]
      }
    },
    {
      "type": "Feature",
      "properties": {
        "P12_001": 10055,
        "P12_002": "北近畿の都　福知山産業フェア",
        "P12_003": "26",
        "P12_004": "26201",
        "P12_005": "‐",
        "P12_006": "福知山市",
        "P12_007": null
      },
      "geometry": {
        "type": "MultiPoint",
        "coordinates": [
          [
            135.13655299932157,
            35.31102699919671
          ]
        ]
      }
    },
    {
      "type": "Feature",
      "properties": {
        "P12_001": 10056,
        "P12_002": "福知山マラソン",
        "P12_003": "26",
        "P12_004": "26201",
        "P12_005": "‐",
        "P12_006": "福知山市",
        "P12_007": null
      },
      "geometry": {
        "type": "MultiPoint",
        "coordinates": [
          [
            135.13593000026935,
            35.312872999789136
          ]
        ]
      }
    },
    {
      "type": "Feature",
      "properties": {
        "P12_001": 10057,
        "P12_002": "福知山市治水記念館",
        "P12_003": "26",
        "P12_004": "26201",
        "P12_005": "‐",
        "P12_006": "福知山市字下柳39",
        "P12_007": null
      },
      "geometry": {
        "type": "MultiPoint",
        "coordinates": [
          [
            135.12571300035472,
            35.30342999959487
          ]
        ]
      }
    },
    {
      "type": "Feature",
      "properties": {
        "P12_001": 10058,
        "P12_002": "大呂グランドゴルフクラブ",
        "P12_003": "26",
        "P12_004": "26201",
        "P12_005": "‐",
        "P12_006": "福知山市字大呂294",
        "P12_007": null
      },
      "geometry": {
        "type": "MultiPoint",
        "coordinates": [
          [
            135.0892720007023,
            35.361521999440754
          ]
        ]
      }
    },
    {
      "type": "Feature",
      "properties": {
        "P12_001": 10059,
        "P12_002": "福知山カントリー倶楽部",
        "P12_003": "26",
        "P12_004": "26201",
        "P12_005": "‐",
        "P12_006": "福知山市字畑中194",
        "P12_007": null
      },
      "geometry": {
        "type": "MultiPoint",
        "coordinates": [
          [
            135.0495560011086,
            35.29191400003111
          ]
        ]
      }
    },
    {
      "type": "Feature",
      "properties": {
        "P12_001": 10060,
        "P12_002": "洞玄寺",
        "P12_003": "26",
        "P12_004": "26201",
        "P12_005": "‐",
        "P12_006": "福知山市字石原1256",
        "P12_007": null
      },
      "geometry": {
        "type": "MultiPoint",
        "coordinates": [
          [
            135.1777230003163,
            35.2985090010896
          ]
        ]
      }
    },
    {
      "type": "Feature",
      "properties": {
        "P12_001": 10061,
        "P12_002": "養泉寺",
        "P12_003": "26",
        "P12_004": "26201",
        "P12_005": "‐",
        "P12_006": "福知山市字中375",
        "P12_007": null
      },
      "geometry": {
        "type": "MultiPoint",
        "coordinates": [
          [
            135.13130700021793,
            35.313286999095794
          ]
        ]
      }
    },
    {
      "type": "Feature",
      "properties": {
        "P12_001": 10062,
        "P12_002": "三和荘",
        "P12_003": "26",
        "P12_004": "26201",
        "P12_005": "‐",
        "P12_006": "福知山市三和町寺尾権現4",
        "P12_007": null
      },
      "geometry": {
        "type": "MultiPoint",
        "coordinates": [
          [
            135.22234900060596,
            35.22348799937174
          ]
        ]
      }
    },
    {
      "type": "Feature",
      "properties": {
        "P12_001": 10063,
        "P12_002": "夜久野高原",
        "P12_003": "26",
        "P12_004": "26201",
        "P12_005": "‐",
        "P12_006": "福知山市",
        "P12_007": null
      },
      "geometry": {
        "type": "MultiPoint",
        "coordinates": [
          [
            134.9289980002576,
            35.34565599892528
          ]
        ]
      }
    },
    {
      "type": "Feature",
      "properties": {
        "P12_001": 10064,
        "P12_002": "額田一宮神社秋まつり",
        "P12_003": "26",
        "P12_004": "26201",
        "P12_005": "‐",
        "P12_006": "福知山市",
        "P12_007": null
      },
      "geometry": {
        "type": "MultiPoint",
        "coordinates": [
          [
            134.99602400110678,
            35.32157099980185
          ]
        ]
      }
    },
    {
      "type": "Feature",
      "properties": {
        "P12_001": 10065,
        "P12_002": "農匠の郷やくの",
        "P12_003": "26",
        "P12_004": "26201",
        "P12_005": "‐",
        "P12_006": "福知山市夜久野町平野2150",
        "P12_007": null
      },
      "geometry": {
        "type": "MultiPoint",
        "coordinates": [
          [
            134.92923799963398,
            35.338353000290795
          ]
        ]
      }
    },
    {
      "type": "Feature",
      "properties": {
        "P12_001": 10066,
        "P12_002": "大江山",
        "P12_003": "26",
        "P12_004": "26201",
        "P12_005": "‐",
        "P12_006": "福知山市",
        "P12_007": null
      },
      "geometry": {
        "type": "MultiPoint",
        "coordinates": [
          [
            135.10684637406098,
            35.45363197083884
          ]
        ]
      }
    },
    {
      "type": "Feature",
      "properties": {
        "P12_001": 10067,
        "P12_002": "元伊勢",
        "P12_003": "26",
        "P12_004": "26201",
        "P12_005": "‐",
        "P12_006": "福知山市",
        "P12_007": null
      },
      "geometry": {
        "type": "MultiPoint",
        "coordinates": [
          [
            135.12656299998253,
            35.29670000040477
          ]
        ]
      }
    },
    {
      "type": "Feature",
      "properties": {
        "P12_001": 10068,
        "P12_002": "日本の鬼の交流博物館",
        "P12_003": "26",
        "P12_004": "26201",
        "P12_005": "‐",
        "P12_006": "福知山市大江町仏性寺909",
        "P12_007": null
      },
      "geometry": {
        "type": "MultiPoint",
        "coordinates": [
          [
            135.14445799963698,
            35.45903799980391
          ]
        ]
      }
    },
    {
      "type": "Feature",
      "properties": {
        "P12_001": 10069,
        "P12_002": "鬼瓦公園",
        "P12_003": "26",
        "P12_004": "26201",
        "P12_005": "‐",
        "P12_006": "福知山市大江町河守",
        "P12_007": null
      },
      "geometry": {
        "type": "MultiPoint",
        "coordinates": [
          [
            135.1472837918136,
            35.389285410992954
          ]
        ]
      }
    },
    {
      "type": "Feature",
      "properties": {
        "P12_001": 10070,
        "P12_002": "大江山の家",
        "P12_003": "26",
        "P12_004": "26201",
        "P12_005": "‐",
        "P12_006": "福知山市大江町仏性寺",
        "P12_007": null
      },
      "geometry": {
        "type": "MultiPoint",
        "coordinates": [
          [
            135.1447079994747,
            35.456796998982384
          ]
        ]
      }
    },
    {
      "type": "Feature",
      "properties": {
        "P12_001": 10071,
        "P12_002": "あしぎぬ大雲の里",
        "P12_003": "26",
        "P12_004": "26201",
        "P12_005": "‐",
        "P12_006": "福知山市大江町北有路1936",
        "P12_007": null
      },
      "geometry": {
        "type": "MultiPoint",
        "coordinates": [
          [
            135.1777439994861,
            35.39296799897403
          ]
        ]
      }
    },
    {
      "type": "Feature",
      "properties": {
        "P12_001": 10072,
        "P12_002": "大江山酒呑童子祭り",
        "P12_003": "26",
        "P12_004": "26201",
        "P12_005": "‐",
        "P12_006": "福知山市大江町河守",
        "P12_007": null
      },
      "geometry": {
        "type": "MultiPoint",
        "coordinates": [
          [
            135.145995000369,
            35.389247999195845
          ]
        ]
      }
    },
    {
      "type": "Feature",
      "properties": {
        "P12_001": 10073,
        "P12_002": "大原神社",
        "P12_003": "26",
        "P12_004": "26201",
        "P12_005": "‐",
        "P12_006": "福知山市三和町大原鎮座",
        "P12_007": null
      },
      "geometry": {
        "type": "MultiPoint",
        "coordinates": [
          [
            135.29437000067503,
            35.245478999955935
          ]
        ]
      }
    },
    {
      "type": "Feature",
      "properties": {
        "P12_001": 10074,
        "P12_002": "和紙伝承館",
        "P12_003": "26",
        "P12_004": "26201",
        "P12_005": "‐",
        "P12_006": "福知山市大江町二俣1883",
        "P12_007": null
      },
      "geometry": {
        "type": "MultiPoint",
        "coordinates": [
          [
            135.1523389997451,
            35.41378899956271
          ]
        ]
      }
    },
    {
      "type": "Feature",
      "properties": {
        "P12_001": 10075,
        "P12_002": "野笹のすいれんまつり",
        "P12_003": "26",
        "P12_004": "26201",
        "P12_005": "‐",
        "P12_006": "福知山市",
        "P12_007": null
      },
      "geometry": {
        "type": "MultiPoint",
        "coordinates": [
          [
            135.12656299998253,
            35.29670000040477
          ]
        ]
      }
    },
    {
      "type": "Feature",
      "properties": {
        "P12_001": 10076,
        "P12_002": "長尾の芝桜",
        "P12_003": "26",
        "P12_004": "26201",
        "P12_005": "‐",
        "P12_006": "福知山市",
        "P12_007": null
      },
      "geometry": {
        "type": "MultiPoint",
        "coordinates": [
          [
            135.12656299998253,
            35.29670000040477
          ]
        ]
      }
    },
    {
      "type": "Feature",
      "properties": {
        "P12_001": 10077,
        "P12_002": "三段池公園テニスコート",
        "P12_003": "26",
        "P12_004": "26201",
        "P12_005": "‐",
        "P12_006": "福知山市字猪崎377-1",
        "P12_007": null
      },
      "geometry": {
        "type": "MultiPoint",
        "coordinates": [
          [
            135.13655299932157,
            35.31102699919671
          ]
        ]
      }
    },
    {
      "type": "Feature",
      "properties": {
        "P12_001": 10078,
        "P12_002": "武道館",
        "P12_003": "26",
        "P12_004": "26201",
        "P12_005": "‐",
        "P12_006": "福知山市猪崎377-24",
        "P12_007": null
      },
      "geometry": {
        "type": "MultiPoint",
        "coordinates": [
          [
            135.13472600050454,
            35.31204799951564
          ]
        ]
      }
    },
    {
      "type": "Feature",
      "properties": {
        "P12_001": 10079,
        "P12_002": "京都府・緑化センターのしだれ桜",
        "P12_003": "26",
        "P12_004": "26201",
        "P12_005": "‐",
        "P12_006": "福知山市夜久野町平野",
        "P12_007": null
      },
      "geometry": {
        "type": "MultiPoint",
        "coordinates": [
          [
            134.92018899962272,
            35.33979200010077
          ]
        ]
      }
    },
    {
      "type": "Feature",
      "properties": {
        "P12_001": 10080,
        "P12_002": "才ノ神の藤まつり",
        "P12_003": "26",
        "P12_004": "26201",
        "P12_005": "‐",
        "P12_006": "福知山市大江町南有路",
        "P12_007": null
      },
      "geometry": {
        "type": "MultiPoint",
        "coordinates": [
          [
            135.19242900039808,
            35.37993799973896
          ]
        ]
      }
    },
    {
      "type": "Feature",
      "properties": {
        "P12_001": 10081,
        "P12_002": "五老スカイタワー",
        "P12_003": "26",
        "P12_004": "26202",
        "P12_005": "‐",
        "P12_006": "舞鶴市上安237",
        "P12_007": null
      },
      "geometry": {
        "type": "MultiPoint",
        "coordinates": [
          [
            135.34359000057816,
            35.464800000219896
          ]
        ]
      }
    },
    {
      "type": "Feature",
      "properties": {
        "P12_001": 10082,
        "P12_002": "赤れんが博物館",
        "P12_003": "26",
        "P12_004": "26202",
        "P12_005": "‐",
        "P12_006": "舞鶴市字浜2011",
        "P12_007": null
      },
      "geometry": {
        "type": "MultiPoint",
        "coordinates": [
          [
            135.3874410002021,
            35.47606899918503
          ]
        ]
      }
    },
    {
      "type": "Feature",
      "properties": {
        "P12_001": 10083,
        "P12_002": "舞鶴引揚記念館",
        "P12_003": "26",
        "P12_004": "26202",
        "P12_005": "‐",
        "P12_006": "舞鶴市字平1584",
        "P12_007": null
      },
      "geometry": {
        "type": "MultiPoint",
        "coordinates": [
          [
            135.39669299968227,
            35.4999999993006
          ]
        ]
      }
    },
    {
      "type": "Feature",
      "properties": {
        "P12_001": 10084,
        "P12_002": "舞鶴港とれとれセンター",
        "P12_003": "26",
        "P12_004": "26202",
        "P12_005": "‐",
        "P12_006": "舞鶴市字下福井905",
        "P12_007": null
      },
      "geometry": {
        "type": "MultiPoint",
        "coordinates": [
          [
            135.31450699939853,
            35.450348999306925
          ]
        ]
      }
    },
    {
      "type": "Feature",
      "properties": {
        "P12_001": 10085,
        "P12_002": "金剛院",
        "P12_003": "26",
        "P12_004": "26202",
        "P12_005": "‐",
        "P12_006": "舞鶴市鹿原595",
        "P12_007": null
      },
      "geometry": {
        "type": "MultiPoint",
        "coordinates": [
          [
            135.44729200022573,
            35.47620399911534
          ]
        ]
      }
    },
    {
      "type": "Feature",
      "properties": {
        "P12_001": 10086,
        "P12_002": "松尾寺",
        "P12_003": "26",
        "P12_004": "26202",
        "P12_005": "‐",
        "P12_006": "舞鶴市字松尾532",
        "P12_007": null
      },
      "geometry": {
        "type": "MultiPoint",
        "coordinates": [
          [
            135.4693679993337,
            35.4974339996794
          ]
        ]
      }
    },
    {
      "type": "Feature",
      "properties": {
        "P12_001": 10087,
        "P12_002": "海水浴（神崎）",
        "P12_003": "26",
        "P12_004": "26202",
        "P12_005": "‐",
        "P12_006": "舞鶴市東神崎",
        "P12_007": null
      },
      "geometry": {
        "type": "MultiPoint",
        "coordinates": [
          [
            135.29500700037283,
            35.51533100032543
          ]
        ]
      }
    },
    {
      "type": "Feature",
      "properties": {
        "P12_001": 10088,
        "P12_002": "海水浴（竜宮浜）",
        "P12_003": "26",
        "P12_004": "26202",
        "P12_005": "‐",
        "P12_006": "舞鶴市三浜",
        "P12_007": null
      },
      "geometry": {
        "type": "MultiPoint",
        "coordinates": [
          [
            135.39934400052528,
            35.560517999506146
          ]
        ]
      }
    },
    {
      "type": "Feature",
      "properties": {
        "P12_001": 10089,
        "P12_002": "海水浴（野原）",
        "P12_003": "26",
        "P12_004": "26202",
        "P12_005": "‐",
        "P12_006": "舞鶴市字野原",
        "P12_007": null
      },
      "geometry": {
        "type": "MultiPoint",
        "coordinates": [
          [
            135.42777777842184,
            35.56888888821169
          ]
        ]
      }
    },
    {
      "type": "Feature",
      "properties": {
        "P12_001": 10090,
        "P12_002": "海上自衛隊",
        "P12_003": "26",
        "P12_004": "26202",
        "P12_005": "‐",
        "P12_006": "舞鶴市長浜731-20",
        "P12_007": null
      },
      "geometry": {
        "type": "MultiPoint",
        "coordinates": [
          [
            135.3628909994202,
            35.48607300006893
          ]
        ]
      }
    },
    {
      "type": "Feature",
      "properties": {
        "P12_001": 10091,
        "P12_002": "舞鶴カントリークラブ",
        "P12_003": "26",
        "P12_004": "26202",
        "P12_005": "‐",
        "P12_006": "舞鶴市栃尾字細野924-1",
        "P12_007": null
      },
      "geometry": {
        "type": "MultiPoint",
        "coordinates": [
          [
            135.4491310004953,
            35.52539700047123
          ]
        ]
      }
    },
    {
      "type": "Feature",
      "properties": {
        "P12_001": 10092,
        "P12_002": "つり（遊漁船による）",
        "P12_003": "26",
        "P12_004": "26202",
        "P12_005": "‐",
        "P12_006": "舞鶴市",
        "P12_007": null
      },
      "geometry": {
        "type": "MultiPoint",
        "coordinates": [
          [
            135.3301959998456,
            35.43862700013602
          ]
        ]
      }
    },
    {
      "type": "Feature",
      "properties": {
        "P12_001": 10093,
        "P12_002": "青葉山ろく公園",
        "P12_003": "26",
        "P12_004": "26202",
        "P12_005": "‐",
        "P12_006": "舞鶴市岡安無番地",
        "P12_007": null
      },
      "geometry": {
        "type": "MultiPoint",
        "coordinates": [
          [
            135.44524600030275,
            35.4974060001868
          ]
        ]
      }
    },
    {
      "type": "Feature",
      "properties": {
        "P12_001": 10094,
        "P12_002": "魚まつり",
        "P12_003": "26",
        "P12_004": "26202",
        "P12_005": "‐",
        "P12_006": "舞鶴市",
        "P12_007": null
      },
      "geometry": {
        "type": "MultiPoint",
        "coordinates": [
          [
            135.3269444443307,
            35.455555555944215
          ]
        ]
      }
    },
    {
      "type": "Feature",
      "properties": {
        "P12_001": 10095,
        "P12_002": "舞鶴港遊覧船",
        "P12_003": "26",
        "P12_004": "26202",
        "P12_005": "‐",
        "P12_006": "舞鶴市",
        "P12_007": null
      },
      "geometry": {
        "type": "MultiPoint",
        "coordinates": [
          [
            135.3869410005268,
            35.47622199994538
          ]
        ]
      }
    },
    {
      "type": "Feature",
      "properties": {
        "P12_001": 10096,
        "P12_002": "舞鶴自然文化園",
        "P12_003": "26",
        "P12_004": "26202",
        "P12_005": "‐",
        "P12_006": "舞鶴市字多称寺24-12",
        "P12_007": null
      },
      "geometry": {
        "type": "MultiPoint",
        "coordinates": [
          [
            135.39739999991014,
            35.53881000028133
          ]
        ]
      }
    },
    {
      "type": "Feature",
      "properties": {
        "P12_001": 10097,
        "P12_002": "舞鶴親海公園",
        "P12_003": "26",
        "P12_004": "26202",
        "P12_005": "‐",
        "P12_006": "舞鶴市千歳地内",
        "P12_007": null
      },
      "geometry": {
        "type": "MultiPoint",
        "coordinates": [
          [
            135.34405300034575,
            35.514266000675434
          ]
        ]
      }
    },
    {
      "type": "Feature",
      "properties": {
        "P12_001": 10098,
        "P12_002": "大庄屋　上野家",
        "P12_003": "26",
        "P12_004": "26202",
        "P12_005": "‐",
        "P12_006": "舞鶴市西方寺285",
        "P12_007": null
      },
      "geometry": {
        "type": "MultiPoint",
        "coordinates": [
          [
            135.21586300007743,
            35.445584000801034
          ]
        ]
      }
    },
    {
      "type": "Feature",
      "properties": {
        "P12_001": 10099,
        "P12_002": "舞鶴ふるるファーム",
        "P12_003": "26",
        "P12_004": "26202",
        "P12_005": "‐",
        "P12_006": "舞鶴市字瀬崎60",
        "P12_007": null
      },
      "geometry": {
        "type": "MultiPoint",
        "coordinates": [
          [
            135.34744999961788,
            35.53664500026662
          ]
        ]
      }
    },
    {
      "type": "Feature",
      "properties": {
        "P12_001": 10100,
        "P12_002": "まいづる智恵蔵",
        "P12_003": "26",
        "P12_004": "26202",
        "P12_005": "‐",
        "P12_006": "舞鶴市字北吸1039-2",
        "P12_007": null
      },
      "geometry": {
        "type": "MultiPoint",
        "coordinates": [
          [
            135.38543100014056,
            35.47469700066608
          ]
        ]
      }
    },
    {
      "type": "Feature",
      "properties": {
        "P12_001": 10101,
        "P12_002": "田辺城資料館",
        "P12_003": "26",
        "P12_004": "26202",
        "P12_005": "‐",
        "P12_006": "舞鶴市字南田辺15-22",
        "P12_007": null
      },
      "geometry": {
        "type": "MultiPoint",
        "coordinates": [
          [
            135.33096999956592,
            35.44578500017769
          ]
        ]
      }
    },
    {
      "type": "Feature",
      "properties": {
        "P12_001": 10102,
        "P12_002": "竜宮浜ととのいえ",
        "P12_003": "26",
        "P12_004": "26202",
        "P12_005": "‐",
        "P12_006": "舞鶴市小橋104-13",
        "P12_007": null
      },
      "geometry": {
        "type": "MultiPoint",
        "coordinates": [
          [
            135.3995340002939,
            35.56369300023181
          ]
        ]
      }
    },
    {
      "type": "Feature",
      "properties": {
        "P12_001": 10103,
        "P12_002": "まいづる田辺城まつり",
        "P12_003": "26",
        "P12_004": "26202",
        "P12_005": "‐",
        "P12_006": "舞鶴市",
        "P12_007": null
      },
      "geometry": {
        "type": "MultiPoint",
        "coordinates": [
          [
            135.33096999956592,
            35.44578500017769
          ]
        ]
      }
    },
    {
      "type": "Feature",
      "properties": {
        "P12_001": 10104,
        "P12_002": "みなと舞鶴ちゃったまつり",
        "P12_003": "26",
        "P12_004": "26202",
        "P12_005": "‐",
        "P12_006": "舞鶴市",
        "P12_007": null
      },
      "geometry": {
        "type": "MultiPoint",
        "coordinates": [
          [
            135.39811099942312,
            35.48051000073599
          ]
        ]
      }
    },
    {
      "type": "Feature",
      "properties": {
        "P12_001": 10105,
        "P12_002": "赤れんがフェスティバル",
        "P12_003": "26",
        "P12_004": "26202",
        "P12_005": "‐",
        "P12_006": "舞鶴市",
        "P12_007": -1
      },
      "geometry": {
        "type": "MultiPoint",
        "coordinates": [
          [
            135.38457400019,
            35.4743980003675
          ]
        ]
      }
    },
    {
      "type": "Feature",
      "properties": {
        "P12_001": 10106,
        "P12_002": "まち遊びフェスティバル",
        "P12_003": "26",
        "P12_004": "26202",
        "P12_005": "‐",
        "P12_006": "舞鶴市",
        "P12_007": null
      },
      "geometry": {
        "type": "MultiPoint",
        "coordinates": [
          [
            135.39144700057864,
            35.47888900062691
          ]
        ]
      }
    },
    {
      "type": "Feature",
      "properties": {
        "P12_001": 10107,
        "P12_002": "赤れんがアート＆クラフトフェスタ",
        "P12_003": "26",
        "P12_004": "26202",
        "P12_005": "‐",
        "P12_006": "舞鶴市",
        "P12_007": null
      },
      "geometry": {
        "type": "MultiPoint",
        "coordinates": [
          [
            135.38543100014056,
            35.47469700066608
          ]
        ]
      }
    },
    {
      "type": "Feature",
      "properties": {
        "P12_001": 10108,
        "P12_002": "大本本部",
        "P12_003": "26",
        "P12_004": "26203",
        "P12_005": "‐",
        "P12_006": "綾部市本宮町1-1",
        "P12_007": null
      },
      "geometry": {
        "type": "MultiPoint",
        "coordinates": [
          [
            135.2618470000391,
            35.2949950000193
          ]
        ]
      }
    },
    {
      "type": "Feature",
      "properties": {
        "P12_001": 10109,
        "P12_002": "安国寺",
        "P12_003": "26",
        "P12_004": "26203",
        "P12_005": "‐",
        "P12_006": "綾部市安国寺町寺ノ段1",
        "P12_007": null
      },
      "geometry": {
        "type": "MultiPoint",
        "coordinates": [
          [
            135.3071569446373,
            35.34094194431532
          ]
        ]
      }
    },
    {
      "type": "Feature",
      "properties": {
        "P12_001": 10110,
        "P12_002": "楞厳寺",
        "P12_003": "26",
        "P12_004": "26203",
        "P12_005": "‐",
        "P12_006": "綾部市舘町楞厳寺6",
        "P12_007": null
      },
      "geometry": {
        "type": "MultiPoint",
        "coordinates": [
          [
            135.22435599962978,
            35.324140000460716
          ]
        ]
      }
    },
    {
      "type": "Feature",
      "properties": {
        "P12_001": 10111,
        "P12_002": "あやべ若宮神社・厄除神社",
        "P12_003": "26",
        "P12_004": "26203",
        "P12_005": "‐",
        "P12_006": "綾部市上野藤山1-乙",
        "P12_007": null
      },
      "geometry": {
        "type": "MultiPoint",
        "coordinates": [
          [
            135.25640935720617,
            35.292007142815464
          ]
        ]
      }
    },
    {
      "type": "Feature",
      "properties": {
        "P12_001": 10112,
        "P12_002": "私市円山古墳公園",
        "P12_003": "26",
        "P12_004": "26203",
        "P12_005": "‐",
        "P12_006": "綾部市私市町円山8-2",
        "P12_007": null
      },
      "geometry": {
        "type": "MultiPoint",
        "coordinates": [
          [
            135.1963890004521,
            35.31438900045208
          ]
        ]
      }
    },
    {
      "type": "Feature",
      "properties": {
        "P12_001": 10113,
        "P12_002": "グンゼ博物苑",
        "P12_003": "26",
        "P12_004": "26203",
        "P12_005": "‐",
        "P12_006": "綾部市青野町膳所1",
        "P12_007": null
      },
      "geometry": {
        "type": "MultiPoint",
        "coordinates": [
          [
            135.2572580006563,
            35.30550700094739
          ]
        ]
      }
    },
    {
      "type": "Feature",
      "properties": {
        "P12_001": 10114,
        "P12_002": "綾部市天文館「パオ」",
        "P12_003": "26",
        "P12_004": "26203",
        "P12_005": "‐",
        "P12_006": "綾部市里町久田21-8",
        "P12_007": null
      },
      "geometry": {
        "type": "MultiPoint",
        "coordinates": [
          [
            135.26400128013506,
            35.31122627007636
          ]
        ]
      }
    },
    {
      "type": "Feature",
      "properties": {
        "P12_001": 10115,
        "P12_002": "綾部ふれあい牧場",
        "P12_003": "26",
        "P12_004": "26203",
        "P12_005": "‐",
        "P12_006": "綾部市位田町桧前81",
        "P12_007": null
      },
      "geometry": {
        "type": "MultiPoint",
        "coordinates": [
          [
            135.23834100063675,
            35.324594998960094
          ]
        ]
      }
    },
    {
      "type": "Feature",
      "properties": {
        "P12_001": 10116,
        "P12_002": "乙味渓流荘",
        "P12_003": "26",
        "P12_004": "26203",
        "P12_005": "‐",
        "P12_006": "綾部市釜輪町奥山口30",
        "P12_007": null
      },
      "geometry": {
        "type": "MultiPoint",
        "coordinates": [
          [
            135.35356900030922,
            35.300164000068605
          ]
        ]
      }
    },
    {
      "type": "Feature",
      "properties": {
        "P12_001": 10117,
        "P12_002": "黒谷和紙",
        "P12_003": "26",
        "P12_004": "26203",
        "P12_005": "‐",
        "P12_006": "綾部市黒谷町東谷3",
        "P12_007": null
      },
      "geometry": {
        "type": "MultiPoint",
        "coordinates": [
          [
            135.31362499919442,
            35.380947999550585
          ]
        ]
      }
    },
    {
      "type": "Feature",
      "properties": {
        "P12_001": 10118,
        "P12_002": "黒谷和紙工芸の里",
        "P12_003": "26",
        "P12_004": "26203",
        "P12_005": "‐",
        "P12_006": "綾部市十倉名畑町欠戸31",
        "P12_007": null
      },
      "geometry": {
        "type": "MultiPoint",
        "coordinates": [
          [
            135.3478099991322,
            35.33653500009024
          ]
        ]
      }
    },
    {
      "type": "Feature",
      "properties": {
        "P12_001": 10119,
        "P12_002": "上林山荘",
        "P12_003": "26",
        "P12_004": "26203",
        "P12_005": "‐",
        "P12_006": "綾部市八津合町古城山1-1",
        "P12_007": null
      },
      "geometry": {
        "type": "MultiPoint",
        "coordinates": [
          [
            135.4054660004556,
            35.35970599933245
          ]
        ]
      }
    },
    {
      "type": "Feature",
      "properties": {
        "P12_001": 10120,
        "P12_002": "あやべ青少年山の家",
        "P12_003": "26",
        "P12_004": "26203",
        "P12_005": "‐",
        "P12_006": "綾部市睦寄町今竹10",
        "P12_007": null
      },
      "geometry": {
        "type": "MultiPoint",
        "coordinates": [
          [
            135.43782999915516,
            35.37239099884556
          ]
        ]
      }
    },
    {
      "type": "Feature",
      "properties": {
        "P12_001": 10121,
        "P12_002": "二王公園",
        "P12_003": "26",
        "P12_004": "26203",
        "P12_005": "‐",
        "P12_006": "綾部市睦寄町和上50",
        "P12_007": null
      },
      "geometry": {
        "type": "MultiPoint",
        "coordinates": [
          [
            135.43780500070034,
            35.372990999535034
          ]
        ]
      }
    },
    {
      "type": "Feature",
      "properties": {
        "P12_001": 10122,
        "P12_002": "あやべ温泉",
        "P12_003": "26",
        "P12_004": "26203",
        "P12_005": "‐",
        "P12_006": "綾部市睦寄町在ノ向10",
        "P12_007": null
      },
      "geometry": {
        "type": "MultiPoint",
        "coordinates": [
          [
            135.4348270000661,
            35.377299000348614
          ]
        ]
      }
    },
    {
      "type": "Feature",
      "properties": {
        "P12_001": 10123,
        "P12_002": "栄温泉　うし乃湯",
        "P12_003": "26",
        "P12_004": "26203",
        "P12_005": "‐",
        "P12_006": "綾部市幸通東石ヶ壺7-6",
        "P12_007": null
      },
      "geometry": {
        "type": "MultiPoint",
        "coordinates": [
          [
            135.25171000021635,
            35.30199199893167
          ]
        ]
      }
    },
    {
      "type": "Feature",
      "properties": {
        "P12_001": 10124,
        "P12_002": "あやべ丹の国まつり",
        "P12_003": "26",
        "P12_004": "26203",
        "P12_005": "‐",
        "P12_006": "綾部市",
        "P12_007": null
      },
      "geometry": {
        "type": "MultiPoint",
        "coordinates": [
          [
            135.25881199947423,
            35.298916000073405
          ]
        ]
      }
    },
    {
      "type": "Feature",
      "properties": {
        "P12_001": 10125,
        "P12_002": "あやべ水無月まつり",
        "P12_003": "26",
        "P12_004": "26203",
        "P12_005": "‐",
        "P12_006": "綾部市並松町",
        "P12_007": null
      },
      "geometry": {
        "type": "MultiPoint",
        "coordinates": [
          [
            135.26564611047968,
            35.29948805522963
          ]
        ]
      }
    },
    {
      "type": "Feature",
      "properties": {
        "P12_001": 10126,
        "P12_002": "あやべ産業まつり",
        "P12_003": "26",
        "P12_004": "26203",
        "P12_005": "‐",
        "P12_006": "綾部市",
        "P12_007": null
      },
      "geometry": {
        "type": "MultiPoint",
        "coordinates": [
          [
            135.25881199947423,
            35.298916000073405
          ]
        ]
      }
    },
    {
      "type": "Feature",
      "properties": {
        "P12_001": 10127,
        "P12_002": "綾部もみじまつり",
        "P12_003": "26",
        "P12_004": "26203",
        "P12_005": "‐",
        "P12_006": "綾部市",
        "P12_007": null
      },
      "geometry": {
        "type": "MultiPoint",
        "coordinates": [
          [
            135.2618470000391,
            35.2949950000193
          ]
        ]
      }
    },
    {
      "type": "Feature",
      "properties": {
        "P12_001": 10128,
        "P12_002": "綾部バラまつり",
        "P12_003": "26",
        "P12_004": "26203",
        "P12_005": "‐",
        "P12_006": "綾部市",
        "P12_007": null
      },
      "geometry": {
        "type": "MultiPoint",
        "coordinates": [
          [
            135.25742599941043,
            35.305662999148126
          ]
        ]
      }
    },
    {
      "type": "Feature",
      "properties": {
        "P12_001": 10129,
        "P12_002": "平等院",
        "P12_003": "26",
        "P12_004": "26204",
        "P12_005": "神社・寺院・教会",
        "P12_006": "宇治市宇治蓮華",
        "P12_007": null
      },
      "geometry": {
        "type": "MultiPoint",
        "coordinates": [
          [
            135.80769000059308,
            34.889270999457096
          ]
        ]
      }
    },
    {
      "type": "Feature",
      "properties": {
        "P12_001": 10130,
        "P12_002": "府立宇治公園",
        "P12_003": "26",
        "P12_004": "26204",
        "P12_005": "‐",
        "P12_006": "宇治市",
        "P12_007": null
      },
      "geometry": {
        "type": "MultiPoint",
        "coordinates": [
          [
            135.80876699989722,
            34.888351001097874
          ]
        ]
      }
    },
    {
      "type": "Feature",
      "properties": {
        "P12_001": 10131,
        "P12_002": "観光遊覧",
        "P12_003": "26",
        "P12_004": "26204",
        "P12_005": "‐",
        "P12_006": "宇治市宇治塔川3",
        "P12_007": null
      },
      "geometry": {
        "type": "MultiPoint",
        "coordinates": [
          [
            135.8088510001736,
            34.88834400077508
          ]
        ]
      }
    },
    {
      "type": "Feature",
      "properties": {
        "P12_001": 10132,
        "P12_002": "黄檗山萬福寺",
        "P12_003": "26",
        "P12_004": "26204",
        "P12_005": "‐",
        "P12_006": "宇治市五ケ庄三番割34",
        "P12_007": null
      },
      "geometry": {
        "type": "MultiPoint",
        "coordinates": [
          [
            135.80604199923891,
            34.91430599922256
          ]
        ]
      }
    },
    {
      "type": "Feature",
      "properties": {
        "P12_001": 10133,
        "P12_002": "宝蔵院",
        "P12_003": "26",
        "P12_004": "26204",
        "P12_005": "‐",
        "P12_006": "宇治市五ヶ庄34-4",
        "P12_007": null
      },
      "geometry": {
        "type": "MultiPoint",
        "coordinates": [
          [
            135.8043050009751,
            34.915251999680095
          ]
        ]
      }
    },
    {
      "type": "Feature",
      "properties": {
        "P12_001": 10134,
        "P12_002": "三室戸寺",
        "P12_003": "26",
        "P12_004": "26204",
        "P12_005": "‐",
        "P12_006": "宇治市菟道滋賀谷21",
        "P12_007": null
      },
      "geometry": {
        "type": "MultiPoint",
        "coordinates": [
          [
            135.81915999893488,
            34.900486999575435
          ]
        ]
      }
    },
    {
      "type": "Feature",
      "properties": {
        "P12_001": 10135,
        "P12_002": "興聖寺",
        "P12_003": "26",
        "P12_004": "26204",
        "P12_005": "‐",
        "P12_006": "宇治市宇治山田27",
        "P12_007": null
      },
      "geometry": {
        "type": "MultiPoint",
        "coordinates": [
          [
            135.81369400047777,
            34.890027000146006
          ]
        ]
      }
    },
    {
      "type": "Feature",
      "properties": {
        "P12_001": 10136,
        "P12_002": "橋寺放生院",
        "P12_003": "26",
        "P12_004": "26204",
        "P12_005": "‐",
        "P12_006": "宇治市宇治東内11",
        "P12_007": null
      },
      "geometry": {
        "type": "MultiPoint",
        "coordinates": [
          [
            135.80796399883957,
            34.893260000848386
          ]
        ]
      }
    },
    {
      "type": "Feature",
      "properties": {
        "P12_001": 10137,
        "P12_002": "恵心院",
        "P12_003": "26",
        "P12_004": "26204",
        "P12_005": "‐",
        "P12_006": "宇治市宇治山田67",
        "P12_007": null
      },
      "geometry": {
        "type": "MultiPoint",
        "coordinates": [
          [
            135.81115000007253,
            34.89031899922247
          ]
        ]
      }
    },
    {
      "type": "Feature",
      "properties": {
        "P12_001": 10138,
        "P12_002": "宇治神社",
        "P12_003": "26",
        "P12_004": "26204",
        "P12_005": "‐",
        "P12_006": "宇治市宇治山田1",
        "P12_007": null
      },
      "geometry": {
        "type": "MultiPoint",
        "coordinates": [
          [
            135.8107249993593,
            34.89108200023418
          ]
        ]
      }
    },
    {
      "type": "Feature",
      "properties": {
        "P12_001": 10139,
        "P12_002": "宇治上神社",
        "P12_003": "26",
        "P12_004": "26204",
        "P12_005": "‐",
        "P12_006": "宇治市宇治山田59",
        "P12_007": null
      },
      "geometry": {
        "type": "MultiPoint",
        "coordinates": [
          [
            135.81143899901065,
            34.89206799893907
          ]
        ]
      }
    },
    {
      "type": "Feature",
      "properties": {
        "P12_001": 10140,
        "P12_002": "県神社",
        "P12_003": "26",
        "P12_004": "26204",
        "P12_005": "‐",
        "P12_006": "宇治市宇治蓮華72",
        "P12_007": null
      },
      "geometry": {
        "type": "MultiPoint",
        "coordinates": [
          [
            135.80593211377607,
            34.8884481656504
          ]
        ]
      }
    },
    {
      "type": "Feature",
      "properties": {
        "P12_001": 10141,
        "P12_002": "源氏物語ミュージアム",
        "P12_003": "26",
        "P12_004": "26204",
        "P12_005": "‐",
        "P12_006": "宇治市宇治東内45-26",
        "P12_007": null
      },
      "geometry": {
        "type": "MultiPoint",
        "coordinates": [
          [
            135.81014817150094,
            34.89407533700722
          ]
        ]
      }
    },
    {
      "type": "Feature",
      "properties": {
        "P12_001": 10142,
        "P12_002": "上林記念館",
        "P12_003": "26",
        "P12_004": "26204",
        "P12_005": "‐",
        "P12_006": "宇治市宇治妙楽38",
        "P12_007": null
      },
      "geometry": {
        "type": "MultiPoint",
        "coordinates": [
          [
            135.80418299984558,
            34.89102900048806
          ]
        ]
      }
    },
    {
      "type": "Feature",
      "properties": {
        "P12_001": 10143,
        "P12_002": "三休庵宇治茶資料室",
        "P12_003": "26",
        "P12_004": "26204",
        "P12_005": "‐",
        "P12_006": "宇治市宇治蓮華27-2",
        "P12_007": null
      },
      "geometry": {
        "type": "MultiPoint",
        "coordinates": [
          [
            135.80615599999942,
            34.89102699949649
          ]
        ]
      }
    },
    {
      "type": "Feature",
      "properties": {
        "P12_001": 10144,
        "P12_002": "歴史資料館",
        "P12_003": "26",
        "P12_004": "26204",
        "P12_005": "‐",
        "P12_006": "宇治市折居台1-1",
        "P12_007": null
      },
      "geometry": {
        "type": "MultiPoint",
        "coordinates": [
          [
            135.80407899954628,
            34.87929000053316
          ]
        ]
      }
    },
    {
      "type": "Feature",
      "properties": {
        "P12_001": 10145,
        "P12_002": "植物公園",
        "P12_003": "26",
        "P12_004": "26204",
        "P12_005": "‐",
        "P12_006": "宇治市広野町八軒屋谷25-1",
        "P12_007": null
      },
      "geometry": {
        "type": "MultiPoint",
        "coordinates": [
          [
            135.7961809995536,
            34.871178999711105
          ]
        ]
      }
    },
    {
      "type": "Feature",
      "properties": {
        "P12_001": 10146,
        "P12_002": "天ヶ瀬ダム",
        "P12_003": "26",
        "P12_004": "26204",
        "P12_005": "‐",
        "P12_006": "宇治市",
        "P12_007": null
      },
      "geometry": {
        "type": "MultiPoint",
        "coordinates": [
          [
            135.82798999963882,
            34.88098099937366
          ]
        ]
      }
    },
    {
      "type": "Feature",
      "properties": {
        "P12_001": 10147,
        "P12_002": "匠の館",
        "P12_003": "26",
        "P12_004": "26204",
        "P12_005": "‐",
        "P12_006": "宇治市宇治又振17-1",
        "P12_007": null
      },
      "geometry": {
        "type": "MultiPoint",
        "coordinates": [
          [
            135.80893800058834,
            34.89166500013971
          ]
        ]
      }
    },
    {
      "type": "Feature",
      "properties": {
        "P12_001": 10148,
        "P12_002": "宇治川（釣り）",
        "P12_003": "26",
        "P12_004": "26204",
        "P12_005": "‐",
        "P12_006": "宇治市",
        "P12_007": null
      },
      "geometry": {
        "type": "MultiPoint",
        "coordinates": [
          [
            135.80923599904213,
            34.8887920007503
          ]
        ]
      }
    },
    {
      "type": "Feature",
      "properties": {
        "P12_001": 10149,
        "P12_002": "市営茶室　対鳳庵",
        "P12_003": "26",
        "P12_004": "26204",
        "P12_005": "‐",
        "P12_006": "宇治市宇治塔川1-5",
        "P12_007": null
      },
      "geometry": {
        "type": "MultiPoint",
        "coordinates": [
          [
            135.80871499929788,
            34.88902399975785
          ]
        ]
      }
    },
    {
      "type": "Feature",
      "properties": {
        "P12_001": 10150,
        "P12_002": "京都府茶業センター",
        "P12_003": "26",
        "P12_004": "26204",
        "P12_005": "‐",
        "P12_006": "宇治市宇治折居25",
        "P12_007": null
      },
      "geometry": {
        "type": "MultiPoint",
        "coordinates": [
          [
            135.8050280001421,
            34.876193999853285
          ]
        ]
      }
    },
    {
      "type": "Feature",
      "properties": {
        "P12_001": 10151,
        "P12_002": "ヤクルト本社京都工場",
        "P12_003": "26",
        "P12_004": "26204",
        "P12_005": "‐",
        "P12_006": "宇治市槇島町十八38",
        "P12_007": null
      },
      "geometry": {
        "type": "MultiPoint",
        "coordinates": [
          [
            135.78492199925097,
            34.91139399983325
          ]
        ]
      }
    },
    {
      "type": "Feature",
      "properties": {
        "P12_001": 10152,
        "P12_002": "丸久小山園",
        "P12_003": "26",
        "P12_004": "26204",
        "P12_005": "‐",
        "P12_006": "宇治市小倉町寺内86",
        "P12_007": null
      },
      "geometry": {
        "type": "MultiPoint",
        "coordinates": [
          [
            135.78566875670776,
            34.89587403595806
          ]
        ]
      }
    },
    {
      "type": "Feature",
      "properties": {
        "P12_001": 10153,
        "P12_002": "日清都カントリークラブ",
        "P12_003": "26",
        "P12_004": "26204",
        "P12_005": "‐",
        "P12_006": "宇治市莵道新池1",
        "P12_007": null
      },
      "geometry": {
        "type": "MultiPoint",
        "coordinates": [
          [
            135.82555555644387,
            34.913888888261624
          ]
        ]
      }
    },
    {
      "type": "Feature",
      "properties": {
        "P12_001": 10154,
        "P12_002": "宇治カントリークラブ",
        "P12_003": "26",
        "P12_004": "26204",
        "P12_005": "‐",
        "P12_006": "宇治市五ヶ庄広岡谷4",
        "P12_007": null
      },
      "geometry": {
        "type": "MultiPoint",
        "coordinates": [
          [
            135.8148830004502,
            34.91847699911426
          ]
        ]
      }
    },
    {
      "type": "Feature",
      "properties": {
        "P12_001": 10155,
        "P12_002": "山城総合運動公園太陽が丘",
        "P12_003": "26",
        "P12_004": "26204",
        "P12_005": "‐",
        "P12_006": "宇治市広野町八軒屋谷1",
        "P12_007": null
      },
      "geometry": {
        "type": "MultiPoint",
        "coordinates": [
          [
            135.8089310002655,
            34.87048699927567
          ]
        ]
      }
    },
    {
      "type": "Feature",
      "properties": {
        "P12_001": 10156,
        "P12_002": "天ヶ瀬森林公園",
        "P12_003": "26",
        "P12_004": "26204",
        "P12_005": "‐",
        "P12_006": "宇治市",
        "P12_007": null
      },
      "geometry": {
        "type": "MultiPoint",
        "coordinates": [
          [
            135.83333333416613,
            34.87944444380611
          ]
        ]
      }
    },
    {
      "type": "Feature",
      "properties": {
        "P12_001": 10157,
        "P12_002": "総合野外活動センターアクトパル宇治",
        "P12_003": "26",
        "P12_004": "26204",
        "P12_005": "‐",
        "P12_006": "宇治市西笠取辻出川西1",
        "P12_007": null
      },
      "geometry": {
        "type": "MultiPoint",
        "coordinates": [
          [
            135.85583214054088,
            34.933958035834735
          ]
        ]
      }
    },
    {
      "type": "Feature",
      "properties": {
        "P12_001": 10158,
        "P12_002": "京都ＹＭＣＡリトリートセンター",
        "P12_003": "26",
        "P12_004": "26204",
        "P12_005": "‐",
        "P12_006": "宇治市二尾宇川18",
        "P12_007": null
      },
      "geometry": {
        "type": "MultiPoint",
        "coordinates": [
          [
            135.86267200001282,
            34.91305900017278
          ]
        ]
      }
    },
    {
      "type": "Feature",
      "properties": {
        "P12_001": 10159,
        "P12_002": "京都笠取国際射撃場",
        "P12_003": "26",
        "P12_004": "26204",
        "P12_005": "‐",
        "P12_006": "宇治市西笠取引坂1-1",
        "P12_007": null
      },
      "geometry": {
        "type": "MultiPoint",
        "coordinates": [
          [
            135.8513140005408,
            34.9292379998339
          ]
        ]
      }
    },
    {
      "type": "Feature",
      "properties": {
        "P12_001": 10160,
        "P12_002": "青少年文化研修道場",
        "P12_003": "26",
        "P12_004": "26204",
        "P12_005": "‐",
        "P12_006": "宇治市五ケ庄三番割35",
        "P12_007": null
      },
      "geometry": {
        "type": "MultiPoint",
        "coordinates": [
          [
            135.80681699990464,
            34.911447000478745
          ]
        ]
      }
    },
    {
      "type": "Feature",
      "properties": {
        "P12_001": 10161,
        "P12_002": "普茶料理　萬福寺",
        "P12_003": "26",
        "P12_004": "26204",
        "P12_005": "‐",
        "P12_006": "宇治市五ヶ庄三番割34",
        "P12_007": null
      },
      "geometry": {
        "type": "MultiPoint",
        "coordinates": [
          [
            135.80604199923891,
            34.91430599922256
          ]
        ]
      }
    },
    {
      "type": "Feature",
      "properties": {
        "P12_001": 10162,
        "P12_002": "宇治川さくらまつり",
        "P12_003": "26",
        "P12_004": "26204",
        "P12_005": "‐",
        "P12_006": "宇治市",
        "P12_007": null
      },
      "geometry": {
        "type": "MultiPoint",
        "coordinates": [
          [
            135.80876699989722,
            34.888351001097874
          ]
        ]
      }
    },
    {
      "type": "Feature",
      "properties": {
        "P12_001": 10163,
        "P12_002": "全国煎茶道大会",
        "P12_003": "26",
        "P12_004": "26204",
        "P12_005": "‐",
        "P12_006": "宇治市",
        "P12_007": null
      },
      "geometry": {
        "type": "MultiPoint",
        "coordinates": [
          [
            135.80604199923891,
            34.91430599922256
          ]
        ]
      }
    },
    {
      "type": "Feature",
      "properties": {
        "P12_001": 10164,
        "P12_002": "県まつり",
        "P12_003": "26",
        "P12_004": "26204",
        "P12_005": "‐",
        "P12_006": "宇治市",
        "P12_007": null
      },
      "geometry": {
        "type": "MultiPoint",
        "coordinates": [
          [
            135.8059321002862,
            34.888448170147
          ]
        ]
      }
    },
    {
      "type": "Feature",
      "properties": {
        "P12_001": 10165,
        "P12_002": "宇治川の鵜飼",
        "P12_003": "26",
        "P12_004": "26204",
        "P12_005": "‐",
        "P12_006": "宇治市",
        "P12_007": null
      },
      "geometry": {
        "type": "MultiPoint",
        "coordinates": [
          [
            135.80923599904213,
            34.8887920007503
          ]
        ]
      }
    },
    {
      "type": "Feature",
      "properties": {
        "P12_001": 10166,
        "P12_002": "宇治川花火大会",
        "P12_003": "26",
        "P12_004": "26204",
        "P12_005": "‐",
        "P12_006": "宇治市",
        "P12_007": null
      },
      "geometry": {
        "type": "MultiPoint",
        "coordinates": [
          [
            135.7998539998623,
            34.8844609997754
          ]
        ]
      }
    },
    {
      "type": "Feature",
      "properties": {
        "P12_001": 10167,
        "P12_002": "全国有名盆踊り大会",
        "P12_003": "26",
        "P12_004": "26204",
        "P12_005": "‐",
        "P12_006": "宇治市",
        "P12_007": null
      },
      "geometry": {
        "type": "MultiPoint",
        "coordinates": [
          [
            135.8088610006347,
            34.88991100019257
          ]
        ]
      }
    },
    {
      "type": "Feature",
      "properties": {
        "P12_001": 10168,
        "P12_002": "宇治灯り絵巻",
        "P12_003": "26",
        "P12_004": "26204",
        "P12_005": "‐",
        "P12_006": "宇治市",
        "P12_007": null
      },
      "geometry": {
        "type": "MultiPoint",
        "coordinates": [
          [
            135.8088610006347,
            34.88991100019257
          ]
        ]
      }
    },
    {
      "type": "Feature",
      "properties": {
        "P12_001": 10169,
        "P12_002": "宇治茶まつり",
        "P12_003": "26",
        "P12_004": "26204",
        "P12_005": "‐",
        "P12_006": "宇治市",
        "P12_007": null
      },
      "geometry": {
        "type": "MultiPoint",
        "coordinates": [
          [
            135.81369400047777,
            34.890027000146006
          ]
        ]
      }
    },
    {
      "type": "Feature",
      "properties": {
        "P12_001": 10170,
        "P12_002": "月見の夕べ",
        "P12_003": "26",
        "P12_004": "26204",
        "P12_005": "‐",
        "P12_006": "宇治市",
        "P12_007": null
      },
      "geometry": {
        "type": "MultiPoint",
        "coordinates": [
          [
            135.80604199923891,
            34.91430599922256
          ]
        ]
      }
    },
    {
      "type": "Feature",
      "properties": {
        "P12_001": 10171,
        "P12_002": "宇治駐屯地一般公開",
        "P12_003": "26",
        "P12_004": "26204",
        "P12_005": "‐",
        "P12_006": "宇治市五ヶ庄官有地",
        "P12_007": null
      },
      "geometry": {
        "type": "MultiPoint",
        "coordinates": [
          [
            135.7964629999675,
            34.91213399978432
          ]
        ]
      }
    },
    {
      "type": "Feature",
      "properties": {
        "P12_001": 10172,
        "P12_002": "宇治文化センター",
        "P12_003": "26",
        "P12_004": "26204",
        "P12_005": "‐",
        "P12_006": "宇治市折居台1-1",
        "P12_007": null
      },
      "geometry": {
        "type": "MultiPoint",
        "coordinates": [
          [
            135.80473704068197,
            34.879570390261335
          ]
        ]
      }
    },
    {
      "type": "Feature",
      "properties": {
        "P12_001": 10173,
        "P12_002": "源氏ろまん",
        "P12_003": "26",
        "P12_004": "26204",
        "P12_005": "‐",
        "P12_006": "宇治市",
        "P12_007": null
      },
      "geometry": {
        "type": "MultiPoint",
        "coordinates": [
          [
            135.7998539998623,
            34.8844609997754
          ]
        ]
      }
    },
    {
      "type": "Feature",
      "properties": {
        "P12_001": 10174,
        "P12_002": "宇治十帖スタンプラリー",
        "P12_003": "26",
        "P12_004": "26204",
        "P12_005": "‐",
        "P12_006": "宇治市",
        "P12_007": null
      },
      "geometry": {
        "type": "MultiPoint",
        "coordinates": [
          [
            135.7998539998623,
            34.8844609997754
          ]
        ]
      }
    },
    {
      "type": "Feature",
      "properties": {
        "P12_001": 10175,
        "P12_002": "京都大作戦",
        "P12_003": "26",
        "P12_004": "26204",
        "P12_005": "‐",
        "P12_006": "宇治市",
        "P12_007": null
      },
      "geometry": {
        "type": "MultiPoint",
        "coordinates": [
          [
            135.8039840005613,
            34.86964500001682
          ]
        ]
      }
    },
    {
      "type": "Feature",
      "properties": {
        "P12_001": 10176,
        "P12_002": "第２６回宇治川マラソン大会",
        "P12_003": "26",
        "P12_004": "26204",
        "P12_005": "‐",
        "P12_006": "宇治市",
        "P12_007": null
      },
      "geometry": {
        "type": "MultiPoint",
        "coordinates": [
          [
            135.8039840005613,
            34.86964500001682
          ]
        ]
      }
    },
    {
      "type": "Feature",
      "properties": {
        "P12_001": 10177,
        "P12_002": "天橋立",
        "P12_003": "26",
        "P12_004": "26205",
        "P12_005": "海岸・岬",
        "P12_006": "宮津市",
        "P12_007": -1
      },
      "geometry": {
        "type": "MultiPoint",
        "coordinates": [
          [
            135.19181999929356,
            35.569802000462005
          ]
        ]
      }
    },
    {
      "type": "Feature",
      "properties": {
        "P12_001": 10178,
        "P12_002": "宮津天橋立ロイヤルホテル",
        "P12_003": "26",
        "P12_004": "26205",
        "P12_005": "‐",
        "P12_006": "宮津市字田井小字岩本58",
        "P12_007": null
      },
      "geometry": {
        "type": "MultiPoint",
        "coordinates": [
          [
            135.23419900028375,
            35.578486999875224
          ]
        ]
      }
    },
    {
      "type": "Feature",
      "properties": {
        "P12_001": 10179,
        "P12_002": "天橋立ホテル",
        "P12_003": "26",
        "P12_004": "26205",
        "P12_005": "‐",
        "P12_006": "宮津市字文珠310",
        "P12_007": null
      },
      "geometry": {
        "type": "MultiPoint",
        "coordinates": [
          [
            135.18207096430365,
            35.55860542300195
          ]
        ]
      }
    },
    {
      "type": "Feature",
      "properties": {
        "P12_001": 10180,
        "P12_002": "文珠荘",
        "P12_003": "26",
        "P12_004": "26205",
        "P12_005": "‐",
        "P12_006": "宮津市天の橋立海岸",
        "P12_007": null
      },
      "geometry": {
        "type": "MultiPoint",
        "coordinates": [
          [
            135.18557199984798,
            35.55638800060581
          ]
        ]
      }
    },
    {
      "type": "Feature",
      "properties": {
        "P12_001": 10181,
        "P12_002": "ホテル北野屋",
        "P12_003": "26",
        "P12_004": "26205",
        "P12_005": "‐",
        "P12_006": "宮津市字文珠100",
        "P12_007": null
      },
      "geometry": {
        "type": "MultiPoint",
        "coordinates": [
          [
            135.1774925004786,
            35.559967222309524
          ]
        ]
      }
    },
    {
      "type": "Feature",
      "properties": {
        "P12_001": 10182,
        "P12_002": "京都府立青少年海洋センター",
        "P12_003": "26",
        "P12_004": "26205",
        "P12_005": "‐",
        "P12_006": "宮津市字田井小字大池382",
        "P12_007": null
      },
      "geometry": {
        "type": "MultiPoint",
        "coordinates": [
          [
            135.23089400075764,
            35.58252599997496
          ]
        ]
      }
    },
    {
      "type": "Feature",
      "properties": {
        "P12_001": 10183,
        "P12_002": "丹後海陸交通株式会社（傘松公園）",
        "P12_003": "26",
        "P12_004": "26205",
        "P12_005": "‐",
        "P12_006": "宮津市大垣75",
        "P12_007": null
      },
      "geometry": {
        "type": "MultiPoint",
        "coordinates": [
          [
            135.19530800096356,
            35.583235000295076
          ]
        ]
      }
    },
    {
      "type": "Feature",
      "properties": {
        "P12_001": 10184,
        "P12_002": "天橋立ビューランド",
        "P12_003": "26",
        "P12_004": "26205",
        "P12_005": "‐",
        "P12_006": "宮津市文珠437",
        "P12_007": null
      },
      "geometry": {
        "type": "MultiPoint",
        "coordinates": [
          [
            135.18396200114546,
            35.55593799963901
          ]
        ]
      }
    },
    {
      "type": "Feature",
      "properties": {
        "P12_001": 10185,
        "P12_002": "丹後魚っ知館（宮津市字小田宿野）",
        "P12_003": "26",
        "P12_004": "26205",
        "P12_005": "‐",
        "P12_006": "宮津市小田宿野1001",
        "P12_007": null
      },
      "geometry": {
        "type": "MultiPoint",
        "coordinates": [
          [
            135.25488599918958,
            35.55605900072237
          ]
        ]
      }
    },
    {
      "type": "Feature",
      "properties": {
        "P12_001": 10186,
        "P12_002": "天橋立ワイナリー",
        "P12_003": "26",
        "P12_004": "26205",
        "P12_005": "‐",
        "P12_006": "宮津市国分123",
        "P12_007": null
      },
      "geometry": {
        "type": "MultiPoint",
        "coordinates": [
          [
            135.17750598131602,
            35.57557990179106
          ]
        ]
      }
    },
    {
      "type": "Feature",
      "properties": {
        "P12_001": 10187,
        "P12_002": "丹後海と星の見える丘公園",
        "P12_003": "26",
        "P12_004": "26205",
        "P12_005": "‐",
        "P12_006": "宮津市里波見",
        "P12_007": null
      },
      "geometry": {
        "type": "MultiPoint",
        "coordinates": [
          [
            135.2360839999767,
            35.62273399977431
          ]
        ]
      }
    },
    {
      "type": "Feature",
      "properties": {
        "P12_001": 10188,
        "P12_002": "天橋立温泉　智恵の湯",
        "P12_003": "26",
        "P12_004": "26205",
        "P12_005": "‐",
        "P12_006": "宮津市文珠640-73",
        "P12_007": null
      },
      "geometry": {
        "type": "MultiPoint",
        "coordinates": [
          [
            135.18301499974245,
            35.557393000186835
          ]
        ]
      }
    },
    {
      "type": "Feature",
      "properties": {
        "P12_001": 10189,
        "P12_002": "智恩寺　駐車場",
        "P12_003": "26",
        "P12_004": "26205",
        "P12_005": "‐",
        "P12_006": "宮津市字文珠466",
        "P12_007": null
      },
      "geometry": {
        "type": "MultiPoint",
        "coordinates": [
          [
            135.18392833322605,
            35.55872222245267
          ]
        ]
      }
    },
    {
      "type": "Feature",
      "properties": {
        "P12_001": 10190,
        "P12_002": "丹後海陸交通（駐車場）",
        "P12_003": "26",
        "P12_004": "26205",
        "P12_005": "‐",
        "P12_006": "宮津市",
        "P12_007": -1
      },
      "geometry": {
        "type": "MultiPoint",
        "coordinates": [
          [
            135.19556700031683,
            35.53557700047821
          ]
        ]
      }
    },
    {
      "type": "Feature",
      "properties": {
        "P12_001": 10191,
        "P12_002": "湯の花温泉",
        "P12_003": "26",
        "P12_004": "26206",
        "P12_005": "‐",
        "P12_006": "亀岡市稗田野町",
        "P12_007": null
      },
      "geometry": {
        "type": "MultiPoint",
        "coordinates": [
          [
            135.51723199965716,
            35.01891599937392
          ]
        ]
      }
    },
    {
      "type": "Feature",
      "properties": {
        "P12_001": 10192,
        "P12_002": "保津川下り",
        "P12_003": "26",
        "P12_004": "26206",
        "P12_005": "‐",
        "P12_006": "亀岡市保津町下中島2",
        "P12_007": null
      },
      "geometry": {
        "type": "MultiPoint",
        "coordinates": [
          [
            135.58687999911274,
            35.01725199908054
          ]
        ]
      }
    },
    {
      "type": "Feature",
      "properties": {
        "P12_001": 10193,
        "P12_002": "穴太寺",
        "P12_003": "26",
        "P12_004": "26206",
        "P12_005": "‐",
        "P12_006": "亀岡市曽我部町穴太東ノ辻46",
        "P12_007": null
      },
      "geometry": {
        "type": "MultiPoint",
        "coordinates": [
          [
            135.54927709336323,
            35.00664534270845
          ]
        ]
      }
    },
    {
      "type": "Feature",
      "properties": {
        "P12_001": 10194,
        "P12_002": "谷性寺",
        "P12_003": "26",
        "P12_004": "26206",
        "P12_005": "‐",
        "P12_006": "亀岡市宮前町猪倉土山39",
        "P12_007": null
      },
      "geometry": {
        "type": "MultiPoint",
        "coordinates": [
          [
            135.49244699972928,
            35.03336699938757
          ]
        ]
      }
    },
    {
      "type": "Feature",
      "properties": {
        "P12_001": 10195,
        "P12_002": "金剛寺",
        "P12_003": "26",
        "P12_004": "26206",
        "P12_005": "‐",
        "P12_006": "亀岡市曽我部町穴太宮垣内43",
        "P12_007": null
      },
      "geometry": {
        "type": "MultiPoint",
        "coordinates": [
          [
            135.54588739838482,
            35.008704049152584
          ]
        ]
      }
    },
    {
      "type": "Feature",
      "properties": {
        "P12_001": 10196,
        "P12_002": "篠村八幡宮",
        "P12_003": "26",
        "P12_004": "26206",
        "P12_005": "‐",
        "P12_006": "亀岡市篠町篠八幡裏4",
        "P12_007": null
      },
      "geometry": {
        "type": "MultiPoint",
        "coordinates": [
          [
            135.61127975735496,
            35.002767755627474
          ]
        ]
      }
    },
    {
      "type": "Feature",
      "properties": {
        "P12_001": 10197,
        "P12_002": "出雲大神宮",
        "P12_003": "26",
        "P12_004": "26206",
        "P12_005": "‐",
        "P12_006": "亀岡市千歳町千歳出雲",
        "P12_007": null
      },
      "geometry": {
        "type": "MultiPoint",
        "coordinates": [
          [
            135.57841199981397,
            35.05940499954113
          ]
        ]
      }
    },
    {
      "type": "Feature",
      "properties": {
        "P12_001": 10198,
        "P12_002": "宝泉寺",
        "P12_003": "26",
        "P12_004": "26206",
        "P12_005": "‐",
        "P12_006": "亀岡市篠町山本中条52",
        "P12_007": null
      },
      "geometry": {
        "type": "MultiPoint",
        "coordinates": [
          [
            135.61240299979863,
            35.01140500014071
          ]
        ]
      }
    },
    {
      "type": "Feature",
      "properties": {
        "P12_001": 10199,
        "P12_002": "七福神めぐり",
        "P12_003": "26",
        "P12_004": "26206",
        "P12_005": "‐",
        "P12_006": "亀岡市",
        "P12_007": null
      },
      "geometry": {
        "type": "MultiPoint",
        "coordinates": [
          [
            135.57360900045512,
            35.01340799987935
          ]
        ]
      }
    },
    {
      "type": "Feature",
      "properties": {
        "P12_001": 10200,
        "P12_002": "亀岡カントリークラブ",
        "P12_003": "26",
        "P12_004": "26206",
        "P12_005": "‐",
        "P12_006": "亀岡市東別院神原",
        "P12_007": null
      },
      "geometry": {
        "type": "MultiPoint",
        "coordinates": [
          [
            135.56145000091692,
            34.99168699915572
          ]
        ]
      }
    },
    {
      "type": "Feature",
      "properties": {
        "P12_001": 10201,
        "P12_002": "加舎の里カントリー",
        "P12_003": "26",
        "P12_004": "26206",
        "P12_005": "‐",
        "P12_006": "亀岡市梅町西加舎クボラ1-146",
        "P12_007": null
      },
      "geometry": {
        "type": "MultiPoint",
        "coordinates": [
          [
            135.46258499949818,
            35.00725700041028
          ]
        ]
      }
    },
    {
      "type": "Feature",
      "properties": {
        "P12_001": 10202,
        "P12_002": "トロッコ列車",
        "P12_003": "26",
        "P12_004": "26206",
        "P12_005": "‐",
        "P12_006": "亀岡市",
        "P12_007": null
      },
      "geometry": {
        "type": "MultiPoint",
        "coordinates": [
          [
            135.57360900045512,
            35.01340799987935
          ]
        ]
      }
    },
    {
      "type": "Feature",
      "properties": {
        "P12_001": 10203,
        "P12_002": "ラフティング",
        "P12_003": "26",
        "P12_004": "26206",
        "P12_005": "‐",
        "P12_006": "亀岡市",
        "P12_007": null
      },
      "geometry": {
        "type": "MultiPoint",
        "coordinates": [
          [
            135.57360900045512,
            35.01340799987935
          ]
        ]
      }
    },
    {
      "type": "Feature",
      "properties": {
        "P12_001": 10204,
        "P12_002": "ほん梅の里",
        "P12_003": "26",
        "P12_004": "26206",
        "P12_005": "‐",
        "P12_006": "亀岡市本梅町中野清水口3",
        "P12_007": null
      },
      "geometry": {
        "type": "MultiPoint",
        "coordinates": [
          [
            135.48511999908874,
            35.02461800062031
          ]
        ]
      }
    },
    {
      "type": "Feature",
      "properties": {
        "P12_001": 10205,
        "P12_002": "宮本屋",
        "P12_003": "26",
        "P12_004": "26206",
        "P12_005": "‐",
        "P12_006": "亀岡市ひえ田野町佐伯大日堂32",
        "P12_007": null
      },
      "geometry": {
        "type": "MultiPoint",
        "coordinates": [
          [
            135.5346732688563,
            35.016822047599476
          ]
        ]
      }
    },
    {
      "type": "Feature",
      "properties": {
        "P12_001": 10206,
        "P12_002": "へき亭",
        "P12_003": "26",
        "P12_004": "26206",
        "P12_005": "‐",
        "P12_006": "亀岡市千歳町毘沙門向畑40",
        "P12_007": null
      },
      "geometry": {
        "type": "MultiPoint",
        "coordinates": [
          [
            135.58465800006672,
            35.03495400062667
          ]
        ]
      }
    },
    {
      "type": "Feature",
      "properties": {
        "P12_001": 10207,
        "P12_002": "楽々荘",
        "P12_003": "26",
        "P12_004": "26206",
        "P12_005": "‐",
        "P12_006": "亀岡市北町44",
        "P12_007": null
      },
      "geometry": {
        "type": "MultiPoint",
        "coordinates": [
          [
            135.5765746273173,
            35.01598427335557
          ]
        ]
      }
    },
    {
      "type": "Feature",
      "properties": {
        "P12_001": 10208,
        "P12_002": "風土館季楽",
        "P12_003": "26",
        "P12_004": "26206",
        "P12_005": "‐",
        "P12_006": "亀岡市西別院町犬甘野樋ノ口1-2",
        "P12_007": null
      },
      "geometry": {
        "type": "MultiPoint",
        "coordinates": [
          [
            135.5093660002408,
            34.97343200088619
          ]
        ]
      }
    },
    {
      "type": "Feature",
      "properties": {
        "P12_001": 10209,
        "P12_002": "四季菜",
        "P12_003": "26",
        "P12_004": "26206",
        "P12_005": "‐",
        "P12_006": "亀岡市",
        "P12_007": null
      },
      "geometry": {
        "type": "MultiPoint",
        "coordinates": [
          [
            135.57360900045512,
            35.01340799987935
          ]
        ]
      }
    },
    {
      "type": "Feature",
      "properties": {
        "P12_001": 10210,
        "P12_002": "亀岡光秀まつり",
        "P12_003": "26",
        "P12_004": "26206",
        "P12_005": "‐",
        "P12_006": "亀岡市",
        "P12_007": null
      },
      "geometry": {
        "type": "MultiPoint",
        "coordinates": [
          [
            135.58118899927297,
            35.01357199934836
          ]
        ]
      }
    },
    {
      "type": "Feature",
      "properties": {
        "P12_001": 10211,
        "P12_002": "亀岡大踊り大会",
        "P12_003": "26",
        "P12_004": "26206",
        "P12_005": "‐",
        "P12_006": "亀岡市",
        "P12_007": null
      },
      "geometry": {
        "type": "MultiPoint",
        "coordinates": [
          [
            135.57360900045512,
            35.01340799987935
          ]
        ]
      }
    },
    {
      "type": "Feature",
      "properties": {
        "P12_001": 10212,
        "P12_002": "保津川花火大会",
        "P12_003": "26",
        "P12_004": "26206",
        "P12_005": "‐",
        "P12_006": "亀岡市",
        "P12_007": null
      },
      "geometry": {
        "type": "MultiPoint",
        "coordinates": [
          [
            135.57360900045512,
            35.01340799987935
          ]
        ]
      }
    },
    {
      "type": "Feature",
      "properties": {
        "P12_001": 10213,
        "P12_002": "亀岡祭",
        "P12_003": "26",
        "P12_004": "26206",
        "P12_005": "‐",
        "P12_006": "亀岡市",
        "P12_007": null
      },
      "geometry": {
        "type": "MultiPoint",
        "coordinates": [
          [
            135.58118899927297,
            35.01357199934836
          ]
        ]
      }
    },
    {
      "type": "Feature",
      "properties": {
        "P12_001": 10214,
        "P12_002": "佐伯灯籠",
        "P12_003": "26",
        "P12_004": "26206",
        "P12_005": "‐",
        "P12_006": "亀岡市稗田野町",
        "P12_007": null
      },
      "geometry": {
        "type": "MultiPoint",
        "coordinates": [
          [
            135.5349460008573,
            35.01755799970198
          ]
        ]
      }
    },
    {
      "type": "Feature",
      "properties": {
        "P12_001": 10215,
        "P12_002": "ききょうの里",
        "P12_003": "26",
        "P12_004": "26206",
        "P12_005": "‐",
        "P12_006": "亀岡市宮前町猪倉",
        "P12_007": null
      },
      "geometry": {
        "type": "MultiPoint",
        "coordinates": [
          [
            135.49244699972928,
            35.03336699938757
          ]
        ]
      }
    },
    {
      "type": "Feature",
      "properties": {
        "P12_001": 10216,
        "P12_002": "夢コスモス園",
        "P12_003": "26",
        "P12_004": "26206",
        "P12_005": "‐",
        "P12_006": "亀岡市吉川町穴川野水",
        "P12_007": null
      },
      "geometry": {
        "type": "MultiPoint",
        "coordinates": [
          [
            135.55471099951308,
            35.01544400024045
          ]
        ]
      }
    },
    {
      "type": "Feature",
      "properties": {
        "P12_001": 10217,
        "P12_002": "紅葉ライトアップ",
        "P12_003": "26",
        "P12_004": "26206",
        "P12_005": "‐",
        "P12_006": "亀岡市",
        "P12_007": null
      },
      "geometry": {
        "type": "MultiPoint",
        "coordinates": [
          [
            135.5181420002532,
            35.011600000139936
          ]
        ]
      }
    },
    {
      "type": "Feature",
      "properties": {
        "P12_001": 10218,
        "P12_002": "保津観光なのはな園",
        "P12_003": "26",
        "P12_004": "26206",
        "P12_005": "‐",
        "P12_006": "亀岡市",
        "P12_007": null
      },
      "geometry": {
        "type": "MultiPoint",
        "coordinates": [
          [
            135.57360900045512,
            35.01340799987935
          ]
        ]
      }
    },
    {
      "type": "Feature",
      "properties": {
        "P12_001": 10219,
        "P12_002": "保津観光ひまわり園",
        "P12_003": "26",
        "P12_004": "26206",
        "P12_005": "‐",
        "P12_006": "亀岡市",
        "P12_007": null
      },
      "geometry": {
        "type": "MultiPoint",
        "coordinates": [
          [
            135.57360900045512,
            35.01340799987935
          ]
        ]
      }
    },
    {
      "type": "Feature",
      "properties": {
        "P12_001": 10220,
        "P12_002": "保津観光コスモス園",
        "P12_003": "26",
        "P12_004": "26206",
        "P12_005": "‐",
        "P12_006": "亀岡市",
        "P12_007": null
      },
      "geometry": {
        "type": "MultiPoint",
        "coordinates": [
          [
            135.57360900045512,
            35.01340799987935
          ]
        ]
      }
    },
    {
      "type": "Feature",
      "properties": {
        "P12_001": 10221,
        "P12_002": "亀山城跡（大本本部）",
        "P12_003": "26",
        "P12_004": "26206",
        "P12_005": "‐",
        "P12_006": "亀岡市荒塚町内丸1",
        "P12_007": null
      },
      "geometry": {
        "type": "MultiPoint",
        "coordinates": [
          [
            135.58118899927297,
            35.01357199934836
          ]
        ]
      }
    },
    {
      "type": "Feature",
      "properties": {
        "P12_001": 10222,
        "P12_002": "七谷川野外活動センター",
        "P12_003": "26",
        "P12_004": "26206",
        "P12_005": "‐",
        "P12_006": "亀岡市千歳町千歳南山40",
        "P12_007": null
      },
      "geometry": {
        "type": "MultiPoint",
        "coordinates": [
          [
            135.58632699969132,
            35.04578099989328
          ]
        ]
      }
    },
    {
      "type": "Feature",
      "properties": {
        "P12_001": 10223,
        "P12_002": "宝さがしゲーム",
        "P12_003": "26",
        "P12_004": "26206",
        "P12_005": "‐",
        "P12_006": "亀岡市",
        "P12_007": -1
      },
      "geometry": {
        "type": "MultiPoint",
        "coordinates": [
          [
            135.57360900045512,
            35.01340799987935
          ]
        ]
      }
    },
    {
      "type": "Feature",
      "properties": {
        "P12_001": 10224,
        "P12_002": "鴻ノ巣山",
        "P12_003": "26",
        "P12_004": "26207",
        "P12_005": "‐",
        "P12_006": "城陽市",
        "P12_007": null
      },
      "geometry": {
        "type": "MultiPoint",
        "coordinates": [
          [
            135.7961720000378,
            34.85609099910039
          ]
        ]
      }
    },
    {
      "type": "Feature",
      "properties": {
        "P12_001": 10225,
        "P12_002": "歴史民俗資料館",
        "P12_003": "26",
        "P12_004": "26207",
        "P12_005": "‐",
        "P12_006": "城陽市寺田今堀1",
        "P12_007": null
      },
      "geometry": {
        "type": "MultiPoint",
        "coordinates": [
          [
            135.77353599938692,
            34.8492419998185
          ]
        ]
      }
    },
    {
      "type": "Feature",
      "properties": {
        "P12_001": 10226,
        "P12_002": "プラネタリウム",
        "P12_003": "26",
        "P12_004": "26207",
        "P12_005": "‐",
        "P12_006": "城陽市寺田今堀1",
        "P12_007": null
      },
      "geometry": {
        "type": "MultiPoint",
        "coordinates": [
          [
            135.77353599938692,
            34.8492419998185
          ]
        ]
      }
    },
    {
      "type": "Feature",
      "properties": {
        "P12_001": 10227,
        "P12_002": "青谷梅林",
        "P12_003": "26",
        "P12_004": "26207",
        "P12_005": "‐",
        "P12_006": "城陽市",
        "P12_007": null
      },
      "geometry": {
        "type": "MultiPoint",
        "coordinates": [
          [
            135.80905400054178,
            34.836208000398926
          ]
        ]
      }
    },
    {
      "type": "Feature",
      "properties": {
        "P12_001": 10228,
        "P12_002": "あらす観光いも掘り農園",
        "P12_003": "26",
        "P12_004": "26207",
        "P12_005": "‐",
        "P12_006": "城陽市寺田塚本",
        "P12_007": null
      },
      "geometry": {
        "type": "MultiPoint",
        "coordinates": [
          [
            135.76109799957305,
            34.85994399961595
          ]
        ]
      }
    },
    {
      "type": "Feature",
      "properties": {
        "P12_001": 10229,
        "P12_002": "ゴルフ場",
        "P12_003": "26",
        "P12_004": "26207",
        "P12_005": "‐",
        "P12_006": "城陽市",
        "P12_007": null
      },
      "geometry": {
        "type": "MultiPoint",
        "coordinates": [
          [
            135.77997400039987,
            34.85300799991933
          ]
        ]
      }
    },
    {
      "type": "Feature",
      "properties": {
        "P12_001": 10230,
        "P12_002": "青少年野外活動総合センター",
        "P12_003": "26",
        "P12_004": "26207",
        "P12_005": "‐",
        "P12_006": "城陽市寺田南中芝80",
        "P12_007": null
      },
      "geometry": {
        "type": "MultiPoint",
        "coordinates": [
          [
            135.80010200050697,
            34.85394200072278
          ]
        ]
      }
    },
    {
      "type": "Feature",
      "properties": {
        "P12_001": 10231,
        "P12_002": "鴻ノ巣山運動公園レクリエーションゾーン",
        "P12_003": "26",
        "P12_004": "26207",
        "P12_005": "‐",
        "P12_006": "城陽市寺田奥山1",
        "P12_007": null
      },
      "geometry": {
        "type": "MultiPoint",
        "coordinates": [
          [
            135.78705799972693,
            34.845042999534826
          ]
        ]
      }
    },
    {
      "type": "Feature",
      "properties": {
        "P12_001": 10232,
        "P12_002": "サンガタウン城陽",
        "P12_003": "26",
        "P12_004": "26207",
        "P12_005": "‐",
        "P12_006": "城陽市寺田大谷141",
        "P12_007": null
      },
      "geometry": {
        "type": "MultiPoint",
        "coordinates": [
          [
            135.80166100045483,
            34.85999400012304
          ]
        ]
      }
    },
    {
      "type": "Feature",
      "properties": {
        "P12_001": 10233,
        "P12_002": "花しょうぶまつり",
        "P12_003": "26",
        "P12_004": "26207",
        "P12_005": "‐",
        "P12_006": "城陽市",
        "P12_007": -1
      },
      "geometry": {
        "type": "MultiPoint",
        "coordinates": [
          [
            135.79419124413073,
            34.8350356441797
          ]
        ]
      }
    },
    {
      "type": "Feature",
      "properties": {
        "P12_001": 10234,
        "P12_002": "城陽茶まつり",
        "P12_003": "26",
        "P12_004": "26207",
        "P12_005": "‐",
        "P12_006": "城陽市",
        "P12_007": -1
      },
      "geometry": {
        "type": "MultiPoint",
        "coordinates": [
          [
            135.78407154816352,
            34.84095460597035
          ]
        ]
      }
    },
    {
      "type": "Feature",
      "properties": {
        "P12_001": 10235,
        "P12_002": "光のページェントＴＷＩＮＫＬＥ　ＪＯＹＯ",
        "P12_003": "26",
        "P12_004": "26207",
        "P12_005": "‐",
        "P12_006": "城陽市",
        "P12_007": null
      },
      "geometry": {
        "type": "MultiPoint",
        "coordinates": [
          [
            135.80010200050697,
            34.85394200072278
          ]
        ]
      }
    },
    {
      "type": "Feature",
      "properties": {
        "P12_001": 10236,
        "P12_002": "文化パルク（プラムホール、ふれあいホール等）",
        "P12_003": "26",
        "P12_004": "26207",
        "P12_005": "‐",
        "P12_006": "城陽市寺田今堀1",
        "P12_007": null
      },
      "geometry": {
        "type": "MultiPoint",
        "coordinates": [
          [
            135.77353599938692,
            34.8492419998185
          ]
        ]
      }
    },
    {
      "type": "Feature",
      "properties": {
        "P12_001": 10237,
        "P12_002": "産業まつり",
        "P12_003": "26",
        "P12_004": "26207",
        "P12_005": "‐",
        "P12_006": "城陽市",
        "P12_007": null
      },
      "geometry": {
        "type": "MultiPoint",
        "coordinates": [
          [
            135.77353599938692,
            34.8492419998185
          ]
        ]
      }
    },
    {
      "type": "Feature",
      "properties": {
        "P12_001": 10238,
        "P12_002": "山背古道",
        "P12_003": "26",
        "P12_004": "26207",
        "P12_005": "‐",
        "P12_006": "城陽市",
        "P12_007": -1
      },
      "geometry": {
        "type": "MultiPoint",
        "coordinates": [
          [
            135.77997400039987,
            34.85300799991933
          ]
        ]
      }
    },
    {
      "type": "Feature",
      "properties": {
        "P12_001": 10239,
        "P12_002": "スタンプラリー",
        "P12_003": "26",
        "P12_004": "26207",
        "P12_005": "‐",
        "P12_006": "城陽市",
        "P12_007": -1
      },
      "geometry": {
        "type": "MultiPoint",
        "coordinates": [
          [
            135.77997400039987,
            34.85300799991933
          ]
        ]
      }
    },
    {
      "type": "Feature",
      "properties": {
        "P12_001": 10240,
        "P12_002": "さくらまつり",
        "P12_003": "26",
        "P12_004": "26207",
        "P12_005": "‐",
        "P12_006": "城陽市",
        "P12_007": -1
      },
      "geometry": {
        "type": "MultiPoint",
        "coordinates": [
          [
            135.80010200050697,
            34.85394200072278
          ]
        ]
      }
    },
    {
      "type": "Feature",
      "properties": {
        "P12_001": 10241,
        "P12_002": "城陽酒造",
        "P12_003": "26",
        "P12_004": "26207",
        "P12_005": "‐",
        "P12_006": "城陽市奈島久保野34‐1",
        "P12_007": -1
      },
      "geometry": {
        "type": "MultiPoint",
        "coordinates": [
          [
            135.79828600039866,
            34.82830499927633
          ]
        ]
      }
    },
    {
      "type": "Feature",
      "properties": {
        "P12_001": 10242,
        "P12_002": "鴨谷の滝",
        "P12_003": "26",
        "P12_004": "26207",
        "P12_005": "‐",
        "P12_006": "城陽市",
        "P12_007": -1
      },
      "geometry": {
        "type": "MultiPoint",
        "coordinates": [
          [
            135.83318900107156,
            34.83388500029258
          ]
        ]
      }
    },
    {
      "type": "Feature",
      "properties": {
        "P12_001": 10243,
        "P12_002": "山背彩りの市",
        "P12_003": "26",
        "P12_004": "26207",
        "P12_005": "‐",
        "P12_006": "城陽市",
        "P12_007": -1
      },
      "geometry": {
        "type": "MultiPoint",
        "coordinates": [
          [
            135.77997400039987,
            34.85300799991933
          ]
        ]
      }
    },
    {
      "type": "Feature",
      "properties": {
        "P12_001": 10244,
        "P12_002": "城陽旬菜市",
        "P12_003": "26",
        "P12_004": "26207",
        "P12_005": "‐",
        "P12_006": "城陽市寺田島垣内73-6",
        "P12_007": -1
      },
      "geometry": {
        "type": "MultiPoint",
        "coordinates": [
          [
            135.77268599975912,
            34.84867000042021
          ]
        ]
      }
    },
    {
      "type": "Feature",
      "properties": {
        "P12_001": 10245,
        "P12_002": "ショップ五里五里の里",
        "P12_003": "26",
        "P12_004": "26207",
        "P12_005": "‐",
        "P12_006": "城陽市寺田北山田27-7",
        "P12_007": -1
      },
      "geometry": {
        "type": "MultiPoint",
        "coordinates": [
          [
            135.78067400030488,
            34.85668799965151
          ]
        ]
      }
    },
    {
      "type": "Feature",
      "properties": {
        "P12_001": 10246,
        "P12_002": "緑化まつり",
        "P12_003": "26",
        "P12_004": "26207",
        "P12_005": "‐",
        "P12_006": "城陽市",
        "P12_007": -1
      },
      "geometry": {
        "type": "MultiPoint",
        "coordinates": [
          [
            135.80010200050697,
            34.85394200072278
          ]
        ]
      }
    },
    {
      "type": "Feature",
      "properties": {
        "P12_001": 10247,
        "P12_002": "城陽ＧＥＮＫＩ！秋ＨＡＮＡＢＩ２０１２",
        "P12_003": "26",
        "P12_004": "26207",
        "P12_005": "‐",
        "P12_006": "城陽市",
        "P12_007": -1
      },
      "geometry": {
        "type": "MultiPoint",
        "coordinates": [
          [
            135.77997400039987,
            34.85300799991933
          ]
        ]
      }
    },
    {
      "type": "Feature",
      "properties": {
        "P12_001": 10248,
        "P12_002": "向日神社",
        "P12_003": "26",
        "P12_004": "26208",
        "P12_005": "‐",
        "P12_006": "向日市向日町北山63",
        "P12_007": null
      },
      "geometry": {
        "type": "MultiPoint",
        "coordinates": [
          [
            135.69711000032635,
            34.944153060815154
          ]
        ]
      }
    },
    {
      "type": "Feature",
      "properties": {
        "P12_001": 10249,
        "P12_002": "向日市文化資料館",
        "P12_003": "26",
        "P12_004": "26208",
        "P12_005": "‐",
        "P12_006": "向日市寺戸町南垣内40-1",
        "P12_007": null
      },
      "geometry": {
        "type": "MultiPoint",
        "coordinates": [
          [
            135.69946305577548,
            34.94933000097882
          ]
        ]
      }
    },
    {
      "type": "Feature",
      "properties": {
        "P12_001": 10250,
        "P12_002": "向日市天文館",
        "P12_003": "26",
        "P12_004": "26208",
        "P12_005": "‐",
        "P12_006": "向日市向日町南山82-1",
        "P12_007": null
      },
      "geometry": {
        "type": "MultiPoint",
        "coordinates": [
          [
            135.69776805585116,
            34.943699999455475
          ]
        ]
      }
    },
    {
      "type": "Feature",
      "properties": {
        "P12_001": 10251,
        "P12_002": "向日神社夏越の祓",
        "P12_003": "26",
        "P12_004": "26208",
        "P12_005": "‐",
        "P12_006": "向日市向日町北山63",
        "P12_007": null
      },
      "geometry": {
        "type": "MultiPoint",
        "coordinates": [
          [
            135.69711000032635,
            34.944153056318555
          ]
        ]
      }
    },
    {
      "type": "Feature",
      "properties": {
        "P12_001": 10252,
        "P12_002": "向日神社例大祭",
        "P12_003": "26",
        "P12_004": "26208",
        "P12_005": "‐",
        "P12_006": "向日市向日町北山63",
        "P12_007": null
      },
      "geometry": {
        "type": "MultiPoint",
        "coordinates": [
          [
            135.69711000032635,
            34.944153056318555
          ]
        ]
      }
    },
    {
      "type": "Feature",
      "properties": {
        "P12_001": 10253,
        "P12_002": "向日神社御火焚き祭",
        "P12_003": "26",
        "P12_004": "26208",
        "P12_005": "‐",
        "P12_006": "向日市向日町北山63",
        "P12_007": null
      },
      "geometry": {
        "type": "MultiPoint",
        "coordinates": [
          [
            135.69711000032635,
            34.944153056318555
          ]
        ]
      }
    },
    {
      "type": "Feature",
      "properties": {
        "P12_001": 10254,
        "P12_002": "桜まつり",
        "P12_003": "26",
        "P12_004": "26208",
        "P12_005": "‐",
        "P12_006": "向日市向日町北山63",
        "P12_007": null
      },
      "geometry": {
        "type": "MultiPoint",
        "coordinates": [
          [
            135.69711000032635,
            34.944153056318555
          ]
        ]
      }
    },
    {
      "type": "Feature",
      "properties": {
        "P12_001": 10255,
        "P12_002": "竹の径散策道",
        "P12_003": "26",
        "P12_004": "26208",
        "P12_005": "‐",
        "P12_006": "向日市",
        "P12_007": null
      },
      "geometry": {
        "type": "MultiPoint",
        "coordinates": [
          [
            135.68805555581935,
            34.95833333341665
          ]
        ]
      }
    },
    {
      "type": "Feature",
      "properties": {
        "P12_001": 10256,
        "P12_002": "竹の径・かぐやの夕べ",
        "P12_003": "26",
        "P12_004": "26208",
        "P12_005": "‐",
        "P12_006": "向日市",
        "P12_007": null
      },
      "geometry": {
        "type": "MultiPoint",
        "coordinates": [
          [
            135.68805559988607,
            34.95833333071869
          ]
        ]
      }
    },
    {
      "type": "Feature",
      "properties": {
        "P12_001": 10257,
        "P12_002": "向日神社古神礼焚上祭",
        "P12_003": "26",
        "P12_004": "26208",
        "P12_005": "‐",
        "P12_006": "向日市向日町北山63",
        "P12_007": null
      },
      "geometry": {
        "type": "MultiPoint",
        "coordinates": [
          [
            135.69711000032635,
            34.944153056318555
          ]
        ]
      }
    },
    {
      "type": "Feature",
      "properties": {
        "P12_001": 10258,
        "P12_002": "向日神社節分祭",
        "P12_003": "26",
        "P12_004": "26208",
        "P12_005": "‐",
        "P12_006": "向日市向日町北山63",
        "P12_007": null
      },
      "geometry": {
        "type": "MultiPoint",
        "coordinates": [
          [
            135.69711000032635,
            34.944153056318555
          ]
        ]
      }
    },
    {
      "type": "Feature",
      "properties": {
        "P12_001": 10259,
        "P12_002": "向日神社稲荷社初午祭",
        "P12_003": "26",
        "P12_004": "26208",
        "P12_005": "‐",
        "P12_006": "向日市向日町北山63",
        "P12_007": null
      },
      "geometry": {
        "type": "MultiPoint",
        "coordinates": [
          [
            135.69711000032635,
            34.944153056318555
          ]
        ]
      }
    },
    {
      "type": "Feature",
      "properties": {
        "P12_001": 10260,
        "P12_002": "向日神社観月祭",
        "P12_003": "26",
        "P12_004": "26208",
        "P12_005": "‐",
        "P12_006": "向日市向日町北山63",
        "P12_007": null
      },
      "geometry": {
        "type": "MultiPoint",
        "coordinates": [
          [
            135.69711000032635,
            34.944153056318555
          ]
        ]
      }
    },
    {
      "type": "Feature",
      "properties": {
        "P12_001": 10261,
        "P12_002": "長岡宮朝堂院西第四堂跡",
        "P12_003": "26",
        "P12_004": "26208",
        "P12_005": "‐",
        "P12_006": "向日市",
        "P12_007": null
      },
      "geometry": {
        "type": "MultiPoint",
        "coordinates": [
          [
            135.70284699958938,
            34.94147400022496
          ]
        ]
      }
    },
    {
      "type": "Feature",
      "properties": {
        "P12_001": 10262,
        "P12_002": "向日市まつり",
        "P12_003": "26",
        "P12_004": "26208",
        "P12_005": "‐",
        "P12_006": "向日市",
        "P12_007": null
      },
      "geometry": {
        "type": "MultiPoint",
        "coordinates": [
          [
            135.69893000061904,
            34.94661611144443
          ]
        ]
      }
    },
    {
      "type": "Feature",
      "properties": {
        "P12_001": 10263,
        "P12_002": "ＫＡＲＡ－１",
        "P12_003": "26",
        "P12_004": "26208",
        "P12_005": "‐",
        "P12_006": "向日市",
        "P12_007": null
      },
      "geometry": {
        "type": "MultiPoint",
        "coordinates": [
          [
            135.69893000061904,
            34.94661611144443
          ]
        ]
      }
    },
    {
      "type": "Feature",
      "properties": {
        "P12_001": 10264,
        "P12_002": "ＪＲふれあいハイキング",
        "P12_003": "26",
        "P12_004": "26208",
        "P12_005": "‐",
        "P12_006": "向日市",
        "P12_007": null
      },
      "geometry": {
        "type": "MultiPoint",
        "coordinates": [
          [
            135.70825499986836,
            34.95472099957453
          ]
        ]
      }
    },
    {
      "type": "Feature",
      "properties": {
        "P12_001": 10265,
        "P12_002": "氏子祭",
        "P12_003": "26",
        "P12_004": "26208",
        "P12_005": "‐",
        "P12_006": "向日市向日町北山63",
        "P12_007": null
      },
      "geometry": {
        "type": "MultiPoint",
        "coordinates": [
          [
            135.69711000032635,
            34.944153060815154
          ]
        ]
      }
    },
    {
      "type": "Feature",
      "properties": {
        "P12_001": 10266,
        "P12_002": "長岡天満宮",
        "P12_003": "26",
        "P12_004": "26209",
        "P12_005": "‐",
        "P12_006": "長岡京市天神2-15-13",
        "P12_007": null
      },
      "geometry": {
        "type": "MultiPoint",
        "coordinates": [
          [
            135.6869179997659,
            34.92262699983621
          ]
        ]
      }
    },
    {
      "type": "Feature",
      "properties": {
        "P12_001": 10267,
        "P12_002": "光明寺",
        "P12_003": "26",
        "P12_004": "26209",
        "P12_005": "‐",
        "P12_006": "長岡京市粟生西条ノ内26-1",
        "P12_007": null
      },
      "geometry": {
        "type": "MultiPoint",
        "coordinates": [
          [
            135.6751796275379,
            34.93841171962521
          ]
        ]
      }
    },
    {
      "type": "Feature",
      "properties": {
        "P12_001": 10268,
        "P12_002": "楊谷寺",
        "P12_003": "26",
        "P12_004": "26209",
        "P12_005": "‐",
        "P12_006": "長岡京市浄土谷2",
        "P12_007": null
      },
      "geometry": {
        "type": "MultiPoint",
        "coordinates": [
          [
            135.65198738361096,
            34.91492791369234
          ]
        ]
      }
    },
    {
      "type": "Feature",
      "properties": {
        "P12_001": 10269,
        "P12_002": "乙訓寺",
        "P12_003": "26",
        "P12_004": "26209",
        "P12_005": "‐",
        "P12_006": "長岡京市今里3-14-7",
        "P12_007": null
      },
      "geometry": {
        "type": "MultiPoint",
        "coordinates": [
          [
            135.68907100012666,
            34.936292000475476
          ]
        ]
      }
    },
    {
      "type": "Feature",
      "properties": {
        "P12_001": 10270,
        "P12_002": "勝龍寺",
        "P12_003": "26",
        "P12_004": "26209",
        "P12_005": "‐",
        "P12_006": "長岡京市勝龍寺19-25",
        "P12_007": null
      },
      "geometry": {
        "type": "MultiPoint",
        "coordinates": [
          [
            135.7011349997805,
            34.916641000781624
          ]
        ]
      }
    },
    {
      "type": "Feature",
      "properties": {
        "P12_001": 10271,
        "P12_002": "勝竜寺城公園",
        "P12_003": "26",
        "P12_004": "26209",
        "P12_005": "‐",
        "P12_006": "長岡京市勝竜寺13-1",
        "P12_007": null
      },
      "geometry": {
        "type": "MultiPoint",
        "coordinates": [
          [
            135.70069099998977,
            34.91810799918488
          ]
        ]
      }
    },
    {
      "type": "Feature",
      "properties": {
        "P12_001": 10272,
        "P12_002": "中山修一記念館",
        "P12_003": "26",
        "P12_004": "26209",
        "P12_005": "‐",
        "P12_006": "長岡京市久貝3-3-3",
        "P12_007": null
      },
      "geometry": {
        "type": "MultiPoint",
        "coordinates": [
          [
            135.69931109013476,
            34.91103085269174
          ]
        ]
      }
    },
    {
      "type": "Feature",
      "properties": {
        "P12_001": 10273,
        "P12_002": "西山キャンプ場",
        "P12_003": "26",
        "P12_004": "26209",
        "P12_005": "‐",
        "P12_006": "長岡京市",
        "P12_007": null
      },
      "geometry": {
        "type": "MultiPoint",
        "coordinates": [
          [
            135.6583479997604,
            34.93282500067329
          ]
        ]
      }
    },
    {
      "type": "Feature",
      "properties": {
        "P12_001": 10274,
        "P12_002": "長岡京市立神足ふれあい町家（旧石田家住宅）",
        "P12_003": "26",
        "P12_004": "26209",
        "P12_005": "‐",
        "P12_006": "長岡京市神足2-13-10",
        "P12_007": null
      },
      "geometry": {
        "type": "MultiPoint",
        "coordinates": [
          [
            135.69839754081397,
            34.91995435680815
          ]
        ]
      }
    },
    {
      "type": "Feature",
      "properties": {
        "P12_001": 10275,
        "P12_002": "ガラシャ祭",
        "P12_003": "26",
        "P12_004": "26209",
        "P12_005": "‐",
        "P12_006": "長岡京市",
        "P12_007": null
      },
      "geometry": {
        "type": "MultiPoint",
        "coordinates": [
          [
            135.70069099998977,
            34.91810799918488
          ]
        ]
      }
    },
    {
      "type": "Feature",
      "properties": {
        "P12_001": 10276,
        "P12_002": "サントリー京都ビール工場",
        "P12_003": "26",
        "P12_004": "26209",
        "P12_005": "‐",
        "P12_006": "長岡京市調子3-1-1",
        "P12_007": null
      },
      "geometry": {
        "type": "MultiPoint",
        "coordinates": [
          [
            135.6942777770978,
            34.90961111096408
          ]
        ]
      }
    },
    {
      "type": "Feature",
      "properties": {
        "P12_001": 10277,
        "P12_002": "西山グリーンハウス",
        "P12_003": "26",
        "P12_004": "26209",
        "P12_005": "‐",
        "P12_006": "長岡京市",
        "P12_007": null
      },
      "geometry": {
        "type": "MultiPoint",
        "coordinates": [
          [
            135.67622299939194,
            34.9342780002296
          ]
        ]
      }
    },
    {
      "type": "Feature",
      "properties": {
        "P12_001": 10278,
        "P12_002": "辻観光農園（いも掘り）",
        "P12_003": "26",
        "P12_004": "26209",
        "P12_005": "‐",
        "P12_006": "長岡京市",
        "P12_007": null
      },
      "geometry": {
        "type": "MultiPoint",
        "coordinates": [
          [
            135.6883610006597,
            34.94283299904373
          ]
        ]
      }
    },
    {
      "type": "Feature",
      "properties": {
        "P12_001": 10279,
        "P12_002": "長岡京市井ノ内観光（いも掘り）",
        "P12_003": "26",
        "P12_004": "26209",
        "P12_005": "‐",
        "P12_006": "長岡京市",
        "P12_007": null
      },
      "geometry": {
        "type": "MultiPoint",
        "coordinates": [
          [
            135.68604196296633,
            34.940864755404164
          ]
        ]
      }
    },
    {
      "type": "Feature",
      "properties": {
        "P12_001": 10280,
        "P12_002": "みかん狩り",
        "P12_003": "26",
        "P12_004": "26209",
        "P12_005": "‐",
        "P12_006": "長岡京市",
        "P12_007": null
      },
      "geometry": {
        "type": "MultiPoint",
        "coordinates": [
          [
            135.6731666660089,
            34.922750001011764
          ]
        ]
      }
    },
    {
      "type": "Feature",
      "properties": {
        "P12_001": 10281,
        "P12_002": "流れ橋",
        "P12_003": "26",
        "P12_004": "26210",
        "P12_005": "‐",
        "P12_006": "八幡市",
        "P12_007": null
      },
      "geometry": {
        "type": "MultiPoint",
        "coordinates": [
          [
            135.74777777742258,
            34.86805555442038
          ]
        ]
      }
    },
    {
      "type": "Feature",
      "properties": {
        "P12_001": 10282,
        "P12_002": "淀川河川公園背割堤地区",
        "P12_003": "26",
        "P12_004": "26210",
        "P12_005": "‐",
        "P12_006": "八幡市",
        "P12_007": null
      },
      "geometry": {
        "type": "MultiPoint",
        "coordinates": [
          [
            135.69714650021092,
            34.89044849979848
          ]
        ]
      }
    },
    {
      "type": "Feature",
      "properties": {
        "P12_001": 10283,
        "P12_002": "石清水八幡宮",
        "P12_003": "26",
        "P12_004": "26210",
        "P12_005": "‐",
        "P12_006": "八幡市八幡高坊30",
        "P12_007": null
      },
      "geometry": {
        "type": "MultiPoint",
        "coordinates": [
          [
            135.70007408485117,
            34.879750663862126
          ]
        ]
      }
    },
    {
      "type": "Feature",
      "properties": {
        "P12_001": 10284,
        "P12_002": "松花堂庭園",
        "P12_003": "26",
        "P12_004": "26210",
        "P12_005": "‐",
        "P12_006": "八幡市",
        "P12_007": null
      },
      "geometry": {
        "type": "MultiPoint",
        "coordinates": [
          [
            135.70481199937433,
            34.8629890006419
          ]
        ]
      }
    },
    {
      "type": "Feature",
      "properties": {
        "P12_001": 10285,
        "P12_002": "松花堂美術館",
        "P12_003": "26",
        "P12_004": "26210",
        "P12_005": "‐",
        "P12_006": "八幡市",
        "P12_007": null
      },
      "geometry": {
        "type": "MultiPoint",
        "coordinates": [
          [
            135.70481199937433,
            34.8629890006419
          ]
        ]
      }
    },
    {
      "type": "Feature",
      "properties": {
        "P12_001": 10286,
        "P12_002": "こども動物園",
        "P12_003": "26",
        "P12_004": "26210",
        "P12_005": "‐",
        "P12_006": "八幡市男山美桜18",
        "P12_007": null
      },
      "geometry": {
        "type": "MultiPoint",
        "coordinates": [
          [
            135.69991400013112,
            34.863756000039416
          ]
        ]
      }
    },
    {
      "type": "Feature",
      "properties": {
        "P12_001": 10287,
        "P12_002": "四季彩館",
        "P12_003": "26",
        "P12_004": "26210",
        "P12_005": "‐",
        "P12_006": "八幡市上津屋里垣内56-1",
        "P12_007": null
      },
      "geometry": {
        "type": "MultiPoint",
        "coordinates": [
          [
            135.74378397814814,
            34.866042008332045
          ]
        ]
      }
    },
    {
      "type": "Feature",
      "properties": {
        "P12_001": 10288,
        "P12_002": "男山レクリェーションセンター",
        "P12_003": "26",
        "P12_004": "26210",
        "P12_005": "‐",
        "P12_006": "八幡市八幡大谷85-21",
        "P12_007": null
      },
      "geometry": {
        "type": "MultiPoint",
        "coordinates": [
          [
            135.6957580000318,
            34.879596000255276
          ]
        ]
      }
    },
    {
      "type": "Feature",
      "properties": {
        "P12_001": 10289,
        "P12_002": "八幡市民スポーツ公園",
        "P12_003": "26",
        "P12_004": "26210",
        "P12_005": "‐",
        "P12_006": "八幡市野尻正畑12",
        "P12_007": null
      },
      "geometry": {
        "type": "MultiPoint",
        "coordinates": [
          [
            135.74391239324245,
            34.86213455476593
          ]
        ]
      }
    },
    {
      "type": "Feature",
      "properties": {
        "P12_001": 10290,
        "P12_002": "やわた太鼓まつり",
        "P12_003": "26",
        "P12_004": "26210",
        "P12_005": "‐",
        "P12_006": "八幡市",
        "P12_007": null
      },
      "geometry": {
        "type": "MultiPoint",
        "coordinates": [
          [
            135.70144600063247,
            34.88248100019803
          ]
        ]
      }
    },
    {
      "type": "Feature",
      "properties": {
        "P12_001": 10291,
        "P12_002": "八幡市文化センター",
        "P12_003": "26",
        "P12_004": "26210",
        "P12_005": "‐",
        "P12_006": "八幡市八幡高畑5-3",
        "P12_007": null
      },
      "geometry": {
        "type": "MultiPoint",
        "coordinates": [
          [
            135.70762347524328,
            34.87466176372948
          ]
        ]
      }
    },
    {
      "type": "Feature",
      "properties": {
        "P12_001": 10292,
        "P12_002": "酬恩庵（一休寺）",
        "P12_003": "26",
        "P12_004": "26211",
        "P12_005": "神社・寺院・教会",
        "P12_006": "京田辺市薪里ノ内102",
        "P12_007": null
      },
      "geometry": {
        "type": "MultiPoint",
        "coordinates": [
          [
            135.7575560008089,
            34.82101900052652
          ]
        ]
      }
    },
    {
      "type": "Feature",
      "properties": {
        "P12_001": 10293,
        "P12_002": "田辺カントリー倶楽部",
        "P12_003": "26",
        "P12_004": "26211",
        "P12_005": "‐",
        "P12_006": "京田辺市薪小字平田谷73-1",
        "P12_007": null
      },
      "geometry": {
        "type": "MultiPoint",
        "coordinates": [
          [
            135.74740700043276,
            34.82265000019743
          ]
        ]
      }
    },
    {
      "type": "Feature",
      "properties": {
        "P12_001": 10294,
        "P12_002": "野外活動センター",
        "P12_003": "26",
        "P12_004": "26211",
        "P12_005": "‐",
        "P12_006": "京田辺市大住竜王谷9-1",
        "P12_007": null
      },
      "geometry": {
        "type": "MultiPoint",
        "coordinates": [
          [
            135.73769999975525,
            34.822779999897136
          ]
        ]
      }
    },
    {
      "type": "Feature",
      "properties": {
        "P12_001": 10295,
        "P12_002": "キララフェスティバル",
        "P12_003": "26",
        "P12_004": "26211",
        "P12_005": "‐",
        "P12_006": "京田辺市",
        "P12_007": null
      },
      "geometry": {
        "type": "MultiPoint",
        "coordinates": [
          [
            135.77360894070011,
            34.82087886007139
          ]
        ]
      }
    },
    {
      "type": "Feature",
      "properties": {
        "P12_001": 10296,
        "P12_002": "甘南備山",
        "P12_003": "26",
        "P12_004": "26211",
        "P12_005": "‐",
        "P12_006": "京田辺市薪甘南備山",
        "P12_007": null
      },
      "geometry": {
        "type": "MultiPoint",
        "coordinates": [
          [
            135.74418899952275,
            34.80872699935156
          ]
        ]
      }
    },
    {
      "type": "Feature",
      "properties": {
        "P12_001": 10297,
        "P12_002": "観音寺",
        "P12_003": "26",
        "P12_004": "26211",
        "P12_005": "‐",
        "P12_006": "京田辺市普賢寺下大門13",
        "P12_007": null
      },
      "geometry": {
        "type": "MultiPoint",
        "coordinates": [
          [
            135.76191200023868,
            34.79533699970284
          ]
        ]
      }
    },
    {
      "type": "Feature",
      "properties": {
        "P12_001": 10298,
        "P12_002": "寿宝寺",
        "P12_003": "26",
        "P12_004": "26211",
        "P12_005": "‐",
        "P12_006": "京田辺市三山木塔ノ島20",
        "P12_007": null
      },
      "geometry": {
        "type": "MultiPoint",
        "coordinates": [
          [
            135.78900499958115,
            34.80009399963842
          ]
        ]
      }
    },
    {
      "type": "Feature",
      "properties": {
        "P12_001": 10299,
        "P12_002": "産業祭",
        "P12_003": "26",
        "P12_004": "26211",
        "P12_005": "‐",
        "P12_006": "京田辺市",
        "P12_007": null
      },
      "geometry": {
        "type": "MultiPoint",
        "coordinates": [
          [
            135.7663899998986,
            34.81518099930372
          ]
        ]
      }
    },
    {
      "type": "Feature",
      "properties": {
        "P12_001": 10300,
        "P12_002": "大住隼人舞",
        "P12_003": "26",
        "P12_004": "26211",
        "P12_005": "‐",
        "P12_006": "京田辺市",
        "P12_007": null
      },
      "geometry": {
        "type": "MultiPoint",
        "coordinates": [
          [
            135.7410469994195,
            34.836268000467896
          ]
        ]
      }
    },
    {
      "type": "Feature",
      "properties": {
        "P12_001": 10301,
        "P12_002": "西八さわやか朝市",
        "P12_003": "26",
        "P12_004": "26211",
        "P12_005": "‐",
        "P12_006": "京田辺市大住内山1-1",
        "P12_007": null
      },
      "geometry": {
        "type": "MultiPoint",
        "coordinates": [
          [
            135.7416770005932,
            34.83543499982545
          ]
        ]
      }
    },
    {
      "type": "Feature",
      "properties": {
        "P12_001": 10302,
        "P12_002": "普賢寺ふれあいの駅",
        "P12_003": "26",
        "P12_004": "26211",
        "P12_005": "‐",
        "P12_006": "京田辺市普賢寺小田垣内6-2-1",
        "P12_007": null
      },
      "geometry": {
        "type": "MultiPoint",
        "coordinates": [
          [
            135.76112900010332,
            34.792814000265935
          ]
        ]
      }
    },
    {
      "type": "Feature",
      "properties": {
        "P12_001": 10303,
        "P12_002": "山本駅朝市",
        "P12_003": "26",
        "P12_004": "26211",
        "P12_005": "‐",
        "P12_006": "京田辺市",
        "P12_007": null
      },
      "geometry": {
        "type": "MultiPoint",
        "coordinates": [
          [
            135.78900499958115,
            34.80032700049071
          ]
        ]
      }
    },
    {
      "type": "Feature",
      "properties": {
        "P12_001": 10304,
        "P12_002": "一休さんウォーク",
        "P12_003": "26",
        "P12_004": "26211",
        "P12_005": "‐",
        "P12_006": "京田辺市",
        "P12_007": null
      },
      "geometry": {
        "type": "MultiPoint",
        "coordinates": [
          [
            135.76751099943317,
            34.81305599933495
          ]
        ]
      }
    },
    {
      "type": "Feature",
      "properties": {
        "P12_001": 10305,
        "P12_002": "虚空蔵谷川（桜並木）",
        "P12_003": "26",
        "P12_004": "26211",
        "P12_005": "‐",
        "P12_006": "京田辺市",
        "P12_007": null
      },
      "geometry": {
        "type": "MultiPoint",
        "coordinates": [
          [
            135.73920724461868,
            34.84076867023799
          ]
        ]
      }
    },
    {
      "type": "Feature",
      "properties": {
        "P12_001": 10306,
        "P12_002": "新春甘南備山初登り",
        "P12_003": "26",
        "P12_004": "26211",
        "P12_005": "‐",
        "P12_006": "京田辺市",
        "P12_007": null
      },
      "geometry": {
        "type": "MultiPoint",
        "coordinates": [
          [
            135.74418899952275,
            34.80872699935156
          ]
        ]
      }
    },
    {
      "type": "Feature",
      "properties": {
        "P12_001": 10307,
        "P12_002": "竹送り",
        "P12_003": "26",
        "P12_004": "26211",
        "P12_005": "‐",
        "P12_006": "京田辺市",
        "P12_007": null
      },
      "geometry": {
        "type": "MultiPoint",
        "coordinates": [
          [
            135.76191200023868,
            34.79533699970284
          ]
        ]
      }
    },
    {
      "type": "Feature",
      "properties": {
        "P12_001": 10308,
        "P12_002": "茶まつり",
        "P12_003": "26",
        "P12_004": "26211",
        "P12_005": "‐",
        "P12_006": "京田辺市",
        "P12_007": null
      },
      "geometry": {
        "type": "MultiPoint",
        "coordinates": [
          [
            135.7575560008089,
            34.82101900052652
          ]
        ]
      }
    },
    {
      "type": "Feature",
      "properties": {
        "P12_001": 10309,
        "P12_002": "花見ウォーク",
        "P12_003": "26",
        "P12_004": "26211",
        "P12_005": "‐",
        "P12_006": "京田辺市",
        "P12_007": null
      },
      "geometry": {
        "type": "MultiPoint",
        "coordinates": [
          [
            135.76191200023868,
            34.79533699970284
          ]
        ]
      }
    },
    {
      "type": "Feature",
      "properties": {
        "P12_001": 10310,
        "P12_002": "ぼたん園",
        "P12_003": "26",
        "P12_004": "26211",
        "P12_005": "‐",
        "P12_006": "京田辺市",
        "P12_007": null
      },
      "geometry": {
        "type": "MultiPoint",
        "coordinates": [
          [
            135.7389139990819,
            34.78183200014672
          ]
        ]
      }
    },
    {
      "type": "Feature",
      "properties": {
        "P12_001": 10311,
        "P12_002": "澤井家住宅",
        "P12_003": "26",
        "P12_004": "26211",
        "P12_005": "‐",
        "P12_006": "京田辺市大住岡村55",
        "P12_007": null
      },
      "geometry": {
        "type": "MultiPoint",
        "coordinates": [
          [
            135.75032972153952,
            34.83671416672547
          ]
        ]
      }
    },
    {
      "type": "Feature",
      "properties": {
        "P12_001": 10312,
        "P12_002": "金刀比羅神社",
        "P12_003": "26",
        "P12_004": "26212",
        "P12_005": "‐",
        "P12_006": "京丹後市峰山町泉1165-2",
        "P12_007": null
      },
      "geometry": {
        "type": "MultiPoint",
        "coordinates": [
          [
            135.06031199979907,
            35.6212079995496
          ]
        ]
      }
    },
    {
      "type": "Feature",
      "properties": {
        "P12_001": 10313,
        "P12_002": "天女の里",
        "P12_003": "26",
        "P12_004": "26212",
        "P12_005": "‐",
        "P12_006": "京丹後市峰山町鱒留1642",
        "P12_007": null
      },
      "geometry": {
        "type": "MultiPoint",
        "coordinates": [
          [
            135.01749300010192,
            35.56093499985042
          ]
        ]
      }
    },
    {
      "type": "Feature",
      "properties": {
        "P12_001": 10314,
        "P12_002": "途中ヶ丘公園",
        "P12_003": "26",
        "P12_004": "26212",
        "P12_005": "‐",
        "P12_006": "京丹後市峰山町長岡876",
        "P12_007": null
      },
      "geometry": {
        "type": "MultiPoint",
        "coordinates": [
          [
            135.05927799977997,
            35.606831999397286
          ]
        ]
      }
    },
    {
      "type": "Feature",
      "properties": {
        "P12_001": 10315,
        "P12_002": "峰山総合公園",
        "P12_003": "26",
        "P12_004": "26212",
        "P12_005": "‐",
        "P12_006": "京丹後市峰山町荒山248",
        "P12_007": null
      },
      "geometry": {
        "type": "MultiPoint",
        "coordinates": [
          [
            135.0663888879369,
            35.62027777769731
          ]
        ]
      }
    },
    {
      "type": "Feature",
      "properties": {
        "P12_001": 10316,
        "P12_002": "フェスタ「飛天」",
        "P12_003": "26",
        "P12_004": "26212",
        "P12_005": "‐",
        "P12_006": "京丹後市",
        "P12_007": null
      },
      "geometry": {
        "type": "MultiPoint",
        "coordinates": [
          [
            135.06100739157796,
            35.62418395332685
          ]
        ]
      }
    },
    {
      "type": "Feature",
      "properties": {
        "P12_001": 10317,
        "P12_002": "京丹後商工祭",
        "P12_003": "26",
        "P12_004": "26212",
        "P12_005": "‐",
        "P12_006": "京丹後市",
        "P12_007": null
      },
      "geometry": {
        "type": "MultiPoint",
        "coordinates": [
          [
            135.06808000009198,
            35.67455520056211
          ]
        ]
      }
    },
    {
      "type": "Feature",
      "properties": {
        "P12_001": 10318,
        "P12_002": "大宮売神社",
        "P12_003": "26",
        "P12_004": "26212",
        "P12_005": "‐",
        "P12_006": "京丹後市大宮町周枳1020",
        "P12_007": -1
      },
      "geometry": {
        "type": "MultiPoint",
        "coordinates": [
          [
            135.10189500005424,
            35.59128999943397
          ]
        ]
      }
    },
    {
      "type": "Feature",
      "properties": {
        "P12_001": 10319,
        "P12_002": "大宮小町公園",
        "P12_003": "26",
        "P12_004": "26212",
        "P12_005": "‐",
        "P12_006": "京丹後市大宮町五十河302",
        "P12_007": null
      },
      "geometry": {
        "type": "MultiPoint",
        "coordinates": [
          [
            135.14678600087325,
            35.607568000063225
          ]
        ]
      }
    },
    {
      "type": "Feature",
      "properties": {
        "P12_001": 10320,
        "P12_002": "大宮ふれあい工房",
        "P12_003": "26",
        "P12_004": "26212",
        "P12_005": "‐",
        "P12_006": "京丹後市大宮町三坂105-3",
        "P12_007": null
      },
      "geometry": {
        "type": "MultiPoint",
        "coordinates": [
          [
            135.10193300090737,
            35.57811599895422
          ]
        ]
      }
    },
    {
      "type": "Feature",
      "properties": {
        "P12_001": 10321,
        "P12_002": "おおみや小町温泉",
        "P12_003": "26",
        "P12_004": "26212",
        "P12_005": "‐",
        "P12_006": "京丹後市大宮町三坂有明105-15",
        "P12_007": null
      },
      "geometry": {
        "type": "MultiPoint",
        "coordinates": [
          [
            135.10100999971178,
            35.57893600079586
          ]
        ]
      }
    },
    {
      "type": "Feature",
      "properties": {
        "P12_001": 10322,
        "P12_002": "木津温泉周辺",
        "P12_003": "26",
        "P12_004": "26212",
        "P12_005": "‐",
        "P12_006": "京丹後市",
        "P12_007": null
      },
      "geometry": {
        "type": "MultiPoint",
        "coordinates": [
          [
            134.97263799914435,
            35.650085000222646
          ]
        ]
      }
    },
    {
      "type": "Feature",
      "properties": {
        "P12_001": 10323,
        "P12_002": "山陰海岸国立公園浜詰海岸周辺",
        "P12_003": "26",
        "P12_004": "26212",
        "P12_005": "‐",
        "P12_006": "京丹後市網野町浜詰",
        "P12_007": null
      },
      "geometry": {
        "type": "MultiPoint",
        "coordinates": [
          [
            134.9664387618394,
            35.66548578863831
          ]
        ]
      }
    },
    {
      "type": "Feature",
      "properties": {
        "P12_001": 10324,
        "P12_002": "夕日ヶ浦浜詰海水浴場",
        "P12_003": "26",
        "P12_004": "26212",
        "P12_005": "‐",
        "P12_006": "京丹後市網野町浜詰",
        "P12_007": null
      },
      "geometry": {
        "type": "MultiPoint",
        "coordinates": [
          [
            134.96647099983682,
            35.66564899940187
          ]
        ]
      }
    },
    {
      "type": "Feature",
      "properties": {
        "P12_001": 10325,
        "P12_002": "山陰海岸国立公園若狭湾国定公園八丁浜海岸周辺",
        "P12_003": "26",
        "P12_004": "26212",
        "P12_005": "‐",
        "P12_006": "京丹後市網野町浅茂川",
        "P12_007": null
      },
      "geometry": {
        "type": "MultiPoint",
        "coordinates": [
          [
            135.0270949995347,
            35.689889999424
          ]
        ]
      }
    },
    {
      "type": "Feature",
      "properties": {
        "P12_001": 10326,
        "P12_002": "八丁浜浅茂川海水浴場",
        "P12_003": "26",
        "P12_004": "26212",
        "P12_005": "‐",
        "P12_006": "京丹後市網野町浅茂川",
        "P12_007": null
      },
      "geometry": {
        "type": "MultiPoint",
        "coordinates": [
          [
            135.0270949995347,
            35.689889999424
          ]
        ]
      }
    },
    {
      "type": "Feature",
      "properties": {
        "P12_001": 10327,
        "P12_002": "八丁浜小浜海水浴場",
        "P12_003": "26",
        "P12_004": "26212",
        "P12_005": "‐",
        "P12_006": "京丹後市",
        "P12_007": null
      },
      "geometry": {
        "type": "MultiPoint",
        "coordinates": [
          [
            135.0291549992039,
            35.691201999672614
          ]
        ]
      }
    },
    {
      "type": "Feature",
      "properties": {
        "P12_001": 10328,
        "P12_002": "若狭湾国定公園琴引浜海岸周辺",
        "P12_003": "26",
        "P12_004": "26212",
        "P12_005": "‐",
        "P12_006": "京丹後市網野町掛津",
        "P12_007": null
      },
      "geometry": {
        "type": "MultiPoint",
        "coordinates": [
          [
            135.05558100106236,
            35.70588200035411
          ]
        ]
      }
    },
    {
      "type": "Feature",
      "properties": {
        "P12_001": 10329,
        "P12_002": "琴引浜掛津海水浴場",
        "P12_003": "26",
        "P12_004": "26212",
        "P12_005": "‐",
        "P12_006": "京丹後市網野町掛津",
        "P12_007": null
      },
      "geometry": {
        "type": "MultiPoint",
        "coordinates": [
          [
            135.05558100106236,
            35.70588200035411
          ]
        ]
      }
    },
    {
      "type": "Feature",
      "properties": {
        "P12_001": 10330,
        "P12_002": "浅茂川温泉静の里",
        "P12_003": "26",
        "P12_004": "26212",
        "P12_005": "‐",
        "P12_006": "京丹後市網野町浅茂川1449",
        "P12_007": null
      },
      "geometry": {
        "type": "MultiPoint",
        "coordinates": [
          [
            135.01412600041465,
            35.68906099986532
          ]
        ]
      }
    },
    {
      "type": "Feature",
      "properties": {
        "P12_001": 10331,
        "P12_002": "琴引浜鳴き砂文化館",
        "P12_003": "26",
        "P12_004": "26212",
        "P12_005": "‐",
        "P12_006": "京丹後市網野町掛津1250",
        "P12_007": null
      },
      "geometry": {
        "type": "MultiPoint",
        "coordinates": [
          [
            135.05718399944203,
            35.69758800008617
          ]
        ]
      }
    },
    {
      "type": "Feature",
      "properties": {
        "P12_001": 10332,
        "P12_002": "静の杜",
        "P12_003": "26",
        "P12_004": "26212",
        "P12_005": "‐",
        "P12_006": "京丹後市網野町磯",
        "P12_007": null
      },
      "geometry": {
        "type": "MultiPoint",
        "coordinates": [
          [
            134.99222500038354,
            35.6885770000286
          ]
        ]
      }
    },
    {
      "type": "Feature",
      "properties": {
        "P12_001": 10333,
        "P12_002": "碇高原",
        "P12_003": "26",
        "P12_004": "26212",
        "P12_005": "‐",
        "P12_006": "京丹後市丹後町碇",
        "P12_007": null
      },
      "geometry": {
        "type": "MultiPoint",
        "coordinates": [
          [
            135.19273300002794,
            35.71907399986526
          ]
        ]
      }
    },
    {
      "type": "Feature",
      "properties": {
        "P12_001": 10334,
        "P12_002": "古代の里資料館",
        "P12_003": "26",
        "P12_004": "26212",
        "P12_005": "‐",
        "P12_006": "京丹後市丹後町宮108",
        "P12_007": null
      },
      "geometry": {
        "type": "MultiPoint",
        "coordinates": [
          [
            135.11026300013737,
            35.73745599949484
          ]
        ]
      }
    },
    {
      "type": "Feature",
      "properties": {
        "P12_001": 10335,
        "P12_002": "経ヶ岬灯台",
        "P12_003": "26",
        "P12_004": "26212",
        "P12_005": "‐",
        "P12_006": "京丹後市丹後町袖志",
        "P12_007": null
      },
      "geometry": {
        "type": "MultiPoint",
        "coordinates": [
          [
            135.22298099917384,
            35.77861800101999
          ]
        ]
      }
    },
    {
      "type": "Feature",
      "properties": {
        "P12_001": 10336,
        "P12_002": "後ヶ浜海水浴場",
        "P12_003": "26",
        "P12_004": "26212",
        "P12_005": "‐",
        "P12_006": "京丹後市",
        "P12_007": null
      },
      "geometry": {
        "type": "MultiPoint",
        "coordinates": [
          [
            135.098194000253,
            35.74120899989549
          ]
        ]
      }
    },
    {
      "type": "Feature",
      "properties": {
        "P12_001": 10337,
        "P12_002": "竹野海水浴場",
        "P12_003": "26",
        "P12_004": "26212",
        "P12_005": "‐",
        "P12_006": "京丹後市",
        "P12_007": null
      },
      "geometry": {
        "type": "MultiPoint",
        "coordinates": [
          [
            135.11269400072763,
            35.743988999492785
          ]
        ]
      }
    },
    {
      "type": "Feature",
      "properties": {
        "P12_001": 10338,
        "P12_002": "丹後松島海水浴場",
        "P12_003": "26",
        "P12_004": "26212",
        "P12_005": "‐",
        "P12_006": "京丹後市",
        "P12_007": null
      },
      "geometry": {
        "type": "MultiPoint",
        "coordinates": [
          [
            135.16591999920865,
            35.75885899994296
          ]
        ]
      }
    },
    {
      "type": "Feature",
      "properties": {
        "P12_001": 10339,
        "P12_002": "丹後温泉はしうど荘",
        "P12_003": "26",
        "P12_004": "26212",
        "P12_005": "‐",
        "P12_006": "京丹後市丹後町間人632-1",
        "P12_007": null
      },
      "geometry": {
        "type": "MultiPoint",
        "coordinates": [
          [
            135.1026840004663,
            35.74057300024384
          ]
        ]
      }
    },
    {
      "type": "Feature",
      "properties": {
        "P12_001": 10340,
        "P12_002": "宇川温泉よし野の里",
        "P12_003": "26",
        "P12_004": "26212",
        "P12_005": "‐",
        "P12_006": "京丹後市丹後町久僧1562",
        "P12_007": null
      },
      "geometry": {
        "type": "MultiPoint",
        "coordinates": [
          [
            135.1770659996962,
            35.75495899995792
          ]
        ]
      }
    },
    {
      "type": "Feature",
      "properties": {
        "P12_001": 10341,
        "P12_002": "道の駅てんきてんき丹後",
        "P12_003": "26",
        "P12_004": "26212",
        "P12_005": "‐",
        "P12_006": "京丹後市丹後町竹野313-1",
        "P12_007": null
      },
      "geometry": {
        "type": "MultiPoint",
        "coordinates": [
          [
            135.1048959999505,
            35.738898999489265
          ]
        ]
      }
    },
    {
      "type": "Feature",
      "properties": {
        "P12_001": 10342,
        "P12_002": "碇高原ステーキハウス",
        "P12_003": "26",
        "P12_004": "26212",
        "P12_005": "‐",
        "P12_006": "京丹後市丹後町碇1",
        "P12_007": null
      },
      "geometry": {
        "type": "MultiPoint",
        "coordinates": [
          [
            135.1904859998291,
            35.71882100078858
          ]
        ]
      }
    },
    {
      "type": "Feature",
      "properties": {
        "P12_001": 10343,
        "P12_002": "スイス村",
        "P12_003": "26",
        "P12_004": "26212",
        "P12_005": "‐",
        "P12_006": "京丹後市弥栄町野中2562",
        "P12_007": null
      },
      "geometry": {
        "type": "MultiPoint",
        "coordinates": [
          [
            135.20614899997645,
            35.69224599925349
          ]
        ]
      }
    },
    {
      "type": "Feature",
      "properties": {
        "P12_001": 10344,
        "P12_002": "あしぎぬ温泉",
        "P12_003": "26",
        "P12_004": "26212",
        "P12_005": "‐",
        "P12_006": "京丹後市弥栄町木橋548",
        "P12_007": null
      },
      "geometry": {
        "type": "MultiPoint",
        "coordinates": [
          [
            135.07999999940057,
            35.66826999976075
          ]
        ]
      }
    },
    {
      "type": "Feature",
      "properties": {
        "P12_001": 10345,
        "P12_002": "丹後あじわいの郷",
        "P12_003": "26",
        "P12_004": "26212",
        "P12_005": "‐",
        "P12_006": "京丹後市弥栄町鳥取123",
        "P12_007": null
      },
      "geometry": {
        "type": "MultiPoint",
        "coordinates": [
          [
            135.06808000009198,
            35.67455520056211
          ]
        ]
      }
    },
    {
      "type": "Feature",
      "properties": {
        "P12_001": 10346,
        "P12_002": "如意寺",
        "P12_003": "26",
        "P12_004": "26212",
        "P12_005": "‐",
        "P12_006": "京丹後市久美浜町1845",
        "P12_007": null
      },
      "geometry": {
        "type": "MultiPoint",
        "coordinates": [
          [
            134.88936399904935,
            35.609957999662015
          ]
        ]
      }
    },
    {
      "type": "Feature",
      "properties": {
        "P12_001": 10347,
        "P12_002": "豪商「稲葉本家」",
        "P12_003": "26",
        "P12_004": "26212",
        "P12_005": "‐",
        "P12_006": "京丹後市久美浜町3102",
        "P12_007": null
      },
      "geometry": {
        "type": "MultiPoint",
        "coordinates": [
          [
            134.89758500044752,
            35.60616099993024
          ]
        ]
      }
    },
    {
      "type": "Feature",
      "properties": {
        "P12_001": 10348,
        "P12_002": "ゴルフ場",
        "P12_003": "26",
        "P12_004": "26212",
        "P12_005": "‐",
        "P12_006": "京丹後市",
        "P12_007": null
      },
      "geometry": {
        "type": "MultiPoint",
        "coordinates": [
          [
            134.93445600014434,
            35.645634000009125
          ]
        ]
      }
    },
    {
      "type": "Feature",
      "properties": {
        "P12_001": 10349,
        "P12_002": "かぶと山公園キャンプ場",
        "P12_003": "26",
        "P12_004": "26212",
        "P12_005": "‐",
        "P12_006": "京丹後市久美浜町向磯6",
        "P12_007": null
      },
      "geometry": {
        "type": "MultiPoint",
        "coordinates": [
          [
            134.90749999902584,
            35.61444444395596
          ]
        ]
      }
    },
    {
      "type": "Feature",
      "properties": {
        "P12_001": 10350,
        "P12_002": "奥山自然たいけん公園",
        "P12_003": "26",
        "P12_004": "26212",
        "P12_005": "‐",
        "P12_006": "京丹後市久美浜町二俣60-20",
        "P12_007": null
      },
      "geometry": {
        "type": "MultiPoint",
        "coordinates": [
          [
            134.9967289994438,
            35.546757000735056
          ]
        ]
      }
    },
    {
      "type": "Feature",
      "properties": {
        "P12_001": 10351,
        "P12_002": "小天橋海水浴場",
        "P12_003": "26",
        "P12_004": "26212",
        "P12_005": "‐",
        "P12_006": "京丹後市",
        "P12_007": null
      },
      "geometry": {
        "type": "MultiPoint",
        "coordinates": [
          [
            134.90490999919712,
            35.645693000032
          ]
        ]
      }
    },
    {
      "type": "Feature",
      "properties": {
        "P12_001": 10352,
        "P12_002": "葛野浜海水浴場",
        "P12_003": "26",
        "P12_004": "26212",
        "P12_005": "‐",
        "P12_006": "京丹後市",
        "P12_007": null
      },
      "geometry": {
        "type": "MultiPoint",
        "coordinates": [
          [
            134.92091699991965,
            35.645727999847395
          ]
        ]
      }
    },
    {
      "type": "Feature",
      "properties": {
        "P12_001": 10353,
        "P12_002": "箱石浜海水浴場",
        "P12_003": "26",
        "P12_004": "26212",
        "P12_005": "‐",
        "P12_006": "京丹後市",
        "P12_007": null
      },
      "geometry": {
        "type": "MultiPoint",
        "coordinates": [
          [
            134.94323300110216,
            35.653539999471434
          ]
        ]
      }
    },
    {
      "type": "Feature",
      "properties": {
        "P12_001": 10354,
        "P12_002": "蒲井浜海水浴場",
        "P12_003": "26",
        "P12_004": "26212",
        "P12_005": "‐",
        "P12_006": "京丹後市",
        "P12_007": null
      },
      "geometry": {
        "type": "MultiPoint",
        "coordinates": [
          [
            134.88276499960512,
            35.647750999609
          ]
        ]
      }
    },
    {
      "type": "Feature",
      "properties": {
        "P12_001": 10355,
        "P12_002": "中央運動公園",
        "P12_003": "26",
        "P12_004": "26212",
        "P12_005": "‐",
        "P12_006": "京丹後市久美浜町永留244-1",
        "P12_007": null
      },
      "geometry": {
        "type": "MultiPoint",
        "coordinates": [
          [
            134.93932799908794,
            35.58921900015679
          ]
        ]
      }
    },
    {
      "type": "Feature",
      "properties": {
        "P12_001": 10356,
        "P12_002": "久美浜地域温泉",
        "P12_003": "26",
        "P12_004": "26212",
        "P12_005": "‐",
        "P12_006": "京丹後市",
        "P12_007": null
      },
      "geometry": {
        "type": "MultiPoint",
        "coordinates": [
          [
            134.89480199981256,
            35.60245599994448
          ]
        ]
      }
    },
    {
      "type": "Feature",
      "properties": {
        "P12_001": 10357,
        "P12_002": "久美浜町観光総合案内所",
        "P12_003": "26",
        "P12_004": "26212",
        "P12_005": "‐",
        "P12_006": "京丹後市久美浜町772",
        "P12_007": null
      },
      "geometry": {
        "type": "MultiPoint",
        "coordinates": [
          [
            134.89480199981256,
            35.60245599994448
          ]
        ]
      }
    },
    {
      "type": "Feature",
      "properties": {
        "P12_001": 10358,
        "P12_002": "くみはまＳＡＮＫＡＩＫＡＮ",
        "P12_003": "26",
        "P12_004": "26212",
        "P12_005": "‐",
        "P12_006": "京丹後市久美浜町浦明1709",
        "P12_007": null
      },
      "geometry": {
        "type": "MultiPoint",
        "coordinates": [
          [
            134.93185866724377,
            35.63049298076652
          ]
        ]
      }
    },
    {
      "type": "Feature",
      "properties": {
        "P12_001": 10359,
        "P12_002": "茶屋あそび石",
        "P12_003": "26",
        "P12_004": "26212",
        "P12_005": "‐",
        "P12_006": "京丹後市久美浜町二俣60-20",
        "P12_007": null
      },
      "geometry": {
        "type": "MultiPoint",
        "coordinates": [
          [
            134.9967289994438,
            35.546757000735056
          ]
        ]
      }
    },
    {
      "type": "Feature",
      "properties": {
        "P12_001": 10360,
        "P12_002": "風蘭の館",
        "P12_003": "26",
        "P12_004": "26212",
        "P12_005": "‐",
        "P12_006": "京丹後市久美浜町蒲井518-1",
        "P12_007": null
      },
      "geometry": {
        "type": "MultiPoint",
        "coordinates": [
          [
            134.8824579998369,
            35.651203999664915
          ]
        ]
      }
    },
    {
      "type": "Feature",
      "properties": {
        "P12_001": 10361,
        "P12_002": "千日会観光祭",
        "P12_003": "26",
        "P12_004": "26212",
        "P12_005": "‐",
        "P12_006": "京丹後市",
        "P12_007": null
      },
      "geometry": {
        "type": "MultiPoint",
        "coordinates": [
          [
            134.91553199980206,
            35.616906000811355
          ]
        ]
      }
    },
    {
      "type": "Feature",
      "properties": {
        "P12_001": 10362,
        "P12_002": "かぶと山公園まつり",
        "P12_003": "26",
        "P12_004": "26212",
        "P12_005": "‐",
        "P12_006": "京丹後市",
        "P12_007": null
      },
      "geometry": {
        "type": "MultiPoint",
        "coordinates": [
          [
            134.90749999902584,
            35.61444443945936
          ]
        ]
      }
    },
    {
      "type": "Feature",
      "properties": {
        "P12_001": 10363,
        "P12_002": "ドラゴンカヌー市民大会",
        "P12_003": "26",
        "P12_004": "26212",
        "P12_005": "‐",
        "P12_006": "京丹後市",
        "P12_007": null
      },
      "geometry": {
        "type": "MultiPoint",
        "coordinates": [
          [
            134.91534700026386,
            35.6360469994695
          ]
        ]
      }
    },
    {
      "type": "Feature",
      "properties": {
        "P12_001": 10364,
        "P12_002": "ドラゴンカヌー選手権大会",
        "P12_003": "26",
        "P12_004": "26212",
        "P12_005": "‐",
        "P12_006": "京丹後市",
        "P12_007": null
      },
      "geometry": {
        "type": "MultiPoint",
        "coordinates": [
          [
            134.91534700026386,
            35.6360469994695
          ]
        ]
      }
    },
    {
      "type": "Feature",
      "properties": {
        "P12_001": 10365,
        "P12_002": "果実祭",
        "P12_003": "26",
        "P12_004": "26212",
        "P12_005": "‐",
        "P12_006": "京丹後市",
        "P12_007": null
      },
      "geometry": {
        "type": "MultiPoint",
        "coordinates": [
          [
            134.89480199981256,
            35.60245599994448
          ]
        ]
      }
    },
    {
      "type": "Feature",
      "properties": {
        "P12_001": 10366,
        "P12_002": "久美浜まるかじりまつり",
        "P12_003": "26",
        "P12_004": "26212",
        "P12_005": "‐",
        "P12_006": "京丹後市",
        "P12_007": null
      },
      "geometry": {
        "type": "MultiPoint",
        "coordinates": [
          [
            134.899745001131,
            35.60795199978503
          ]
        ]
      }
    },
    {
      "type": "Feature",
      "properties": {
        "P12_001": 10367,
        "P12_002": "カキ・魚まつり",
        "P12_003": "26",
        "P12_004": "26212",
        "P12_005": "‐",
        "P12_006": "京丹後市",
        "P12_007": null
      },
      "geometry": {
        "type": "MultiPoint",
        "coordinates": [
          [
            134.90298600040364,
            35.64190500071527
          ]
        ]
      }
    },
    {
      "type": "Feature",
      "properties": {
        "P12_001": 10368,
        "P12_002": "歴史街道ウルトラマラソン",
        "P12_003": "26",
        "P12_004": "26212",
        "P12_005": "‐",
        "P12_006": "京丹後市",
        "P12_007": null
      },
      "geometry": {
        "type": "MultiPoint",
        "coordinates": [
          [
            135.02540299974874,
            35.681506999548446
          ]
        ]
      }
    },
    {
      "type": "Feature",
      "properties": {
        "P12_001": 10369,
        "P12_002": "美山町北山村集落",
        "P12_003": "26",
        "P12_004": "26213",
        "P12_005": "集落・街",
        "P12_006": "南丹市美山町",
        "P12_007": -1
      },
      "geometry": {
        "type": "MultiPoint",
        "coordinates": [
          [
            135.6230919998959,
            35.31387800026954
          ]
        ]
      }
    },
    {
      "type": "Feature",
      "properties": {
        "P12_001": 10370,
        "P12_002": "スプリングスひよし",
        "P12_003": "26",
        "P12_004": "26213",
        "P12_005": "‐",
        "P12_006": "南丹市日吉町中宮ノ向8",
        "P12_007": null
      },
      "geometry": {
        "type": "MultiPoint",
        "coordinates": [
          [
            135.51778899926296,
            35.1524069994835
          ]
        ]
      }
    },
    {
      "type": "Feature",
      "properties": {
        "P12_001": 10371,
        "P12_002": "日吉ダムビジターセンター",
        "P12_003": "26",
        "P12_004": "26213",
        "P12_005": "‐",
        "P12_006": "南丹市日吉町中神子ヶ谷68",
        "P12_007": null
      },
      "geometry": {
        "type": "MultiPoint",
        "coordinates": [
          [
            135.52022599923055,
            35.148353999637436
          ]
        ]
      }
    },
    {
      "type": "Feature",
      "properties": {
        "P12_001": 10372,
        "P12_002": "日吉ダムインフォギャラリー",
        "P12_003": "26",
        "P12_004": "26213",
        "P12_005": "‐",
        "P12_006": "南丹市日吉町中神子ヶ谷68",
        "P12_007": null
      },
      "geometry": {
        "type": "MultiPoint",
        "coordinates": [
          [
            135.52022599923055,
            35.148353999637436
          ]
        ]
      }
    },
    {
      "type": "Feature",
      "properties": {
        "P12_001": 10373,
        "P12_002": "府民の森ひよし",
        "P12_003": "26",
        "P12_004": "26213",
        "P12_005": "‐",
        "P12_006": "南丹市日吉町天若上ノ所25",
        "P12_007": null
      },
      "geometry": {
        "type": "MultiPoint",
        "coordinates": [
          [
            135.5299520007843,
            35.13710700078752
          ]
        ]
      }
    },
    {
      "type": "Feature",
      "properties": {
        "P12_001": 10374,
        "P12_002": "日吉町郷土資料館",
        "P12_003": "26",
        "P12_004": "26213",
        "P12_005": "‐",
        "P12_006": "南丹市日吉町天若登地谷7",
        "P12_007": null
      },
      "geometry": {
        "type": "MultiPoint",
        "coordinates": [
          [
            135.53085900034262,
            35.13696100034991
          ]
        ]
      }
    },
    {
      "type": "Feature",
      "properties": {
        "P12_001": 10375,
        "P12_002": "木もれ陽の宿（日吉山の家）",
        "P12_003": "26",
        "P12_004": "26213",
        "P12_005": "‐",
        "P12_006": "南丹市日吉町生畑ツノ元下16",
        "P12_007": null
      },
      "geometry": {
        "type": "MultiPoint",
        "coordinates": [
          [
            135.5468220008347,
            35.1844290003981
          ]
        ]
      }
    },
    {
      "type": "Feature",
      "properties": {
        "P12_001": 10376,
        "P12_002": "かやぶき音楽堂",
        "P12_003": "26",
        "P12_004": "26213",
        "P12_005": "‐",
        "P12_006": "南丹市日吉町上胡麻南2",
        "P12_007": null
      },
      "geometry": {
        "type": "MultiPoint",
        "coordinates": [
          [
            135.4697200002779,
            35.187342999879604
          ]
        ]
      }
    },
    {
      "type": "Feature",
      "properties": {
        "P12_001": 10377,
        "P12_002": "るり渓",
        "P12_003": "26",
        "P12_004": "26213",
        "P12_005": "‐",
        "P12_006": "南丹市園部町大河内",
        "P12_007": null
      },
      "geometry": {
        "type": "MultiPoint",
        "coordinates": [
          [
            135.40445154450322,
            35.03606070903453
          ]
        ]
      }
    },
    {
      "type": "Feature",
      "properties": {
        "P12_001": 10378,
        "P12_002": "るり渓（公園）",
        "P12_003": "26",
        "P12_004": "26213",
        "P12_005": "‐",
        "P12_006": "南丹市園部町大河内浦田12-1",
        "P12_007": null
      },
      "geometry": {
        "type": "MultiPoint",
        "coordinates": [
          [
            135.39995200068438,
            35.0292970005562
          ]
        ]
      }
    },
    {
      "type": "Feature",
      "properties": {
        "P12_001": 10379,
        "P12_002": "道の駅京都新光悦村",
        "P12_003": "26",
        "P12_004": "26213",
        "P12_005": "‐",
        "P12_006": "南丹市園部町曽我谷縄手15-3",
        "P12_007": null
      },
      "geometry": {
        "type": "MultiPoint",
        "coordinates": [
          [
            135.48221299993008,
            35.12388599993898
          ]
        ]
      }
    },
    {
      "type": "Feature",
      "properties": {
        "P12_001": 10380,
        "P12_002": "京都新新光悦村",
        "P12_003": "26",
        "P12_004": "26213",
        "P12_005": "‐",
        "P12_006": "南丹市園部町内林町京都新光悦村",
        "P12_007": null
      },
      "geometry": {
        "type": "MultiPoint",
        "coordinates": [
          [
            135.47509399988826,
            35.122178000314534
          ]
        ]
      }
    },
    {
      "type": "Feature",
      "properties": {
        "P12_001": 10381,
        "P12_002": "大堰川　（花火大会）",
        "P12_003": "26",
        "P12_004": "26213",
        "P12_005": "‐",
        "P12_006": "南丹市",
        "P12_007": null
      },
      "geometry": {
        "type": "MultiPoint",
        "coordinates": [
          [
            135.53688000011198,
            35.07028699954543
          ]
        ]
      }
    },
    {
      "type": "Feature",
      "properties": {
        "P12_001": 10382,
        "P12_002": "大堰川　（花見）",
        "P12_003": "26",
        "P12_004": "26213",
        "P12_005": "‐",
        "P12_006": "南丹市",
        "P12_007": null
      },
      "geometry": {
        "type": "MultiPoint",
        "coordinates": [
          [
            135.47025999999903,
            35.10737400110929
          ]
        ]
      }
    },
    {
      "type": "Feature",
      "properties": {
        "P12_001": 10383,
        "P12_002": "運動公園　（サンサン祭）",
        "P12_003": "26",
        "P12_004": "26213",
        "P12_005": "‐",
        "P12_006": "南丹市日吉町天若上ノ所25",
        "P12_007": -1
      },
      "geometry": {
        "type": "MultiPoint",
        "coordinates": [
          [
            135.5299520007843,
            35.13710700078752
          ]
        ]
      }
    },
    {
      "type": "Feature",
      "properties": {
        "P12_001": 10384,
        "P12_002": "運動公園　（施設利用）",
        "P12_003": "26",
        "P12_004": "26213",
        "P12_005": "‐",
        "P12_006": "南丹市美山町長谷",
        "P12_007": null
      },
      "geometry": {
        "type": "MultiPoint",
        "coordinates": [
          [
            135.53595799896254,
            35.27788699978527
          ]
        ]
      }
    },
    {
      "type": "Feature",
      "properties": {
        "P12_001": 10385,
        "P12_002": "文覚ふれあい公園",
        "P12_003": "26",
        "P12_004": "26213",
        "P12_005": "‐",
        "P12_006": "南丹市八木町室橋山田7",
        "P12_007": null
      },
      "geometry": {
        "type": "MultiPoint",
        "coordinates": [
          [
            135.52196700037678,
            35.09958900003238
          ]
        ]
      }
    },
    {
      "type": "Feature",
      "properties": {
        "P12_001": 10386,
        "P12_002": "西地区コミュニティー公園",
        "P12_003": "26",
        "P12_004": "26213",
        "P12_005": "‐",
        "P12_006": "南丹市八木町鳥羽",
        "P12_007": null
      },
      "geometry": {
        "type": "MultiPoint",
        "coordinates": [
          [
            135.50785370658332,
            35.08884834647404
          ]
        ]
      }
    },
    {
      "type": "Feature",
      "properties": {
        "P12_001": 10387,
        "P12_002": "清源寺",
        "P12_003": "26",
        "P12_004": "26213",
        "P12_005": "‐",
        "P12_006": "南丹市八木町諸畑102",
        "P12_007": null
      },
      "geometry": {
        "type": "MultiPoint",
        "coordinates": [
          [
            135.53435400053672,
            35.10473199978202
          ]
        ]
      }
    },
    {
      "type": "Feature",
      "properties": {
        "P12_001": 10388,
        "P12_002": "京都帝釈天",
        "P12_003": "26",
        "P12_004": "26213",
        "P12_005": "‐",
        "P12_006": "南丹市八木町船枝志運山1",
        "P12_007": null
      },
      "geometry": {
        "type": "MultiPoint",
        "coordinates": [
          [
            135.52222999991466,
            35.11444400069013
          ]
        ]
      }
    },
    {
      "type": "Feature",
      "properties": {
        "P12_001": 10389,
        "P12_002": "氷室の郷",
        "P12_003": "26",
        "P12_004": "26213",
        "P12_005": "‐",
        "P12_006": "南丹市八木町氷所赤見21-1",
        "P12_007": null
      },
      "geometry": {
        "type": "MultiPoint",
        "coordinates": [
          [
            135.5428685082751,
            35.090814813053214
          ]
        ]
      }
    },
    {
      "type": "Feature",
      "properties": {
        "P12_001": 10390,
        "P12_002": "夜市等",
        "P12_003": "26",
        "P12_004": "26213",
        "P12_005": "‐",
        "P12_006": "南丹市",
        "P12_007": null
      },
      "geometry": {
        "type": "MultiPoint",
        "coordinates": [
          [
            135.47025999999903,
            35.10737400110929
          ]
        ]
      }
    },
    {
      "type": "Feature",
      "properties": {
        "P12_001": 10391,
        "P12_002": "パラグライダー練習場",
        "P12_003": "26",
        "P12_004": "26213",
        "P12_005": "‐",
        "P12_006": "南丹市八木町玉の井",
        "P12_007": null
      },
      "geometry": {
        "type": "MultiPoint",
        "coordinates": [
          [
            135.54059300046663,
            35.06770099990126
          ]
        ]
      }
    },
    {
      "type": "Feature",
      "properties": {
        "P12_001": 10392,
        "P12_002": "芦生原生林",
        "P12_003": "26",
        "P12_004": "26213",
        "P12_005": "‐",
        "P12_006": "南丹市",
        "P12_007": null
      },
      "geometry": {
        "type": "MultiPoint",
        "coordinates": [
          [
            135.71753200050148,
            35.30879599973565
          ]
        ]
      }
    },
    {
      "type": "Feature",
      "properties": {
        "P12_001": 10393,
        "P12_002": "佐々里ナチュラルランド",
        "P12_003": "26",
        "P12_004": "26213",
        "P12_005": "‐",
        "P12_006": "南丹市美山町佐々里",
        "P12_007": null
      },
      "geometry": {
        "type": "MultiPoint",
        "coordinates": [
          [
            135.69201799933126,
            35.27162200045501
          ]
        ]
      }
    },
    {
      "type": "Feature",
      "properties": {
        "P12_001": 10394,
        "P12_002": "観光農園江和ランド",
        "P12_003": "26",
        "P12_004": "26213",
        "P12_005": "‐",
        "P12_006": "南丹市美山町江和下黒田4-1",
        "P12_007": null
      },
      "geometry": {
        "type": "MultiPoint",
        "coordinates": [
          [
            135.65112100013414,
            35.318676000297216
          ]
        ]
      }
    },
    {
      "type": "Feature",
      "properties": {
        "P12_001": 10395,
        "P12_002": "美山町自然文化村",
        "P12_003": "26",
        "P12_004": "26213",
        "P12_005": "‐",
        "P12_006": "南丹市美山町中下向56",
        "P12_007": null
      },
      "geometry": {
        "type": "MultiPoint",
        "coordinates": [
          [
            135.63937699904932,
            35.31064000023588
          ]
        ]
      }
    },
    {
      "type": "Feature",
      "properties": {
        "P12_001": 10396,
        "P12_002": "美山民俗資料館",
        "P12_003": "26",
        "P12_004": "26213",
        "P12_005": "‐",
        "P12_006": "南丹市美山町北中牧4",
        "P12_007": null
      },
      "geometry": {
        "type": "MultiPoint",
        "coordinates": [
          [
            135.62281099952804,
            35.31437300061356
          ]
        ]
      }
    },
    {
      "type": "Feature",
      "properties": {
        "P12_001": 10397,
        "P12_002": "かやぶきの里",
        "P12_003": "26",
        "P12_004": "26213",
        "P12_005": "‐",
        "P12_006": "南丹市美山町北揚石21-1",
        "P12_007": null
      },
      "geometry": {
        "type": "MultiPoint",
        "coordinates": [
          [
            135.62187299943946,
            35.311032000326634
          ]
        ]
      }
    },
    {
      "type": "Feature",
      "properties": {
        "P12_001": 10398,
        "P12_002": "ふらっと美山",
        "P12_003": "26",
        "P12_004": "26213",
        "P12_005": "‐",
        "P12_006": "南丹市美山町安掛下23-2",
        "P12_007": null
      },
      "geometry": {
        "type": "MultiPoint",
        "coordinates": [
          [
            135.58827100030646,
            35.27663000027434
          ]
        ]
      }
    },
    {
      "type": "Feature",
      "properties": {
        "P12_001": 10399,
        "P12_002": "はーばりすとくらぶ美山",
        "P12_003": "26",
        "P12_004": "26213",
        "P12_005": "‐",
        "P12_006": "南丹市美山町野添エビスドウ49-3",
        "P12_007": null
      },
      "geometry": {
        "type": "MultiPoint",
        "coordinates": [
          [
            135.5934899999636,
            35.27561100004766
          ]
        ]
      }
    },
    {
      "type": "Feature",
      "properties": {
        "P12_001": 10400,
        "P12_002": "美山かやぶき美術館",
        "P12_003": "26",
        "P12_004": "26213",
        "P12_005": "‐",
        "P12_006": "南丹市美山町島朴ノ木21",
        "P12_007": null
      },
      "geometry": {
        "type": "MultiPoint",
        "coordinates": [
          [
            135.551738352543,
            35.26805086455579
          ]
        ]
      }
    },
    {
      "type": "Feature",
      "properties": {
        "P12_001": 10401,
        "P12_002": "長谷運動広場",
        "P12_003": "26",
        "P12_004": "26213",
        "P12_005": "‐",
        "P12_006": "南丹市美山町長谷中西通り108",
        "P12_007": null
      },
      "geometry": {
        "type": "MultiPoint",
        "coordinates": [
          [
            135.5492779998799,
            35.27163700024744
          ]
        ]
      }
    },
    {
      "type": "Feature",
      "properties": {
        "P12_001": 10402,
        "P12_002": "中風寺",
        "P12_003": "26",
        "P12_004": "26213",
        "P12_005": "‐",
        "P12_006": "南丹市美山町豊郷保土呂16",
        "P12_007": null
      },
      "geometry": {
        "type": "MultiPoint",
        "coordinates": [
          [
            135.5422650002297,
            35.330252000829205
          ]
        ]
      }
    },
    {
      "type": "Feature",
      "properties": {
        "P12_001": 10403,
        "P12_002": "虹の湖パターゴルフ場",
        "P12_003": "26",
        "P12_004": "26213",
        "P12_005": "‐",
        "P12_006": "南丹市",
        "P12_007": null
      },
      "geometry": {
        "type": "MultiPoint",
        "coordinates": [
          [
            135.45860200108154,
            35.26101600058803
          ]
        ]
      }
    },
    {
      "type": "Feature",
      "properties": {
        "P12_001": 10404,
        "P12_002": "大野ダム公園",
        "P12_003": "26",
        "P12_004": "26213",
        "P12_005": "‐",
        "P12_006": "南丹市美山町樫原",
        "P12_007": null
      },
      "geometry": {
        "type": "MultiPoint",
        "coordinates": [
          [
            135.46072976106973,
            35.26196100010014
          ]
        ]
      }
    },
    {
      "type": "Feature",
      "properties": {
        "P12_001": 10405,
        "P12_002": "美山川",
        "P12_003": "26",
        "P12_004": "26213",
        "P12_005": "‐",
        "P12_006": "南丹市",
        "P12_007": null
      },
      "geometry": {
        "type": "MultiPoint",
        "coordinates": [
          [
            135.71679483341484,
            35.33971999947846
          ]
        ]
      }
    },
    {
      "type": "Feature",
      "properties": {
        "P12_001": 10406,
        "P12_002": "青空市場",
        "P12_003": "26",
        "P12_004": "26213",
        "P12_005": "‐",
        "P12_006": "南丹市",
        "P12_007": null
      },
      "geometry": {
        "type": "MultiPoint",
        "coordinates": [
          [
            135.47025999999903,
            35.10737400110929
          ]
        ]
      }
    },
    {
      "type": "Feature",
      "properties": {
        "P12_001": 10407,
        "P12_002": "大野屋",
        "P12_003": "26",
        "P12_004": "26213",
        "P12_005": "‐",
        "P12_006": "南丹市美山町大野廣畑1-2",
        "P12_007": null
      },
      "geometry": {
        "type": "MultiPoint",
        "coordinates": [
          [
            135.51245799893752,
            35.2780389996002
          ]
        ]
      }
    },
    {
      "type": "Feature",
      "properties": {
        "P12_001": 10408,
        "P12_002": "ショップ２１",
        "P12_003": "26",
        "P12_004": "26213",
        "P12_005": "‐",
        "P12_006": "南丹市美山町中上前83-1",
        "P12_007": null
      },
      "geometry": {
        "type": "MultiPoint",
        "coordinates": [
          [
            135.63936900047906,
            35.31190999944698
          ]
        ]
      }
    },
    {
      "type": "Feature",
      "properties": {
        "P12_001": 10409,
        "P12_002": "タナセン",
        "P12_003": "26",
        "P12_004": "26213",
        "P12_005": "‐",
        "P12_006": "南丹市美山町鶴ケ岡新釈迦堂前1",
        "P12_007": null
      },
      "geometry": {
        "type": "MultiPoint",
        "coordinates": [
          [
            135.55730599957224,
            35.322136000675926
          ]
        ]
      }
    },
    {
      "type": "Feature",
      "properties": {
        "P12_001": 10410,
        "P12_002": "やまざと市",
        "P12_003": "26",
        "P12_004": "26213",
        "P12_005": "‐",
        "P12_006": "南丹市美山町",
        "P12_007": null
      },
      "geometry": {
        "type": "MultiPoint",
        "coordinates": [
          [
            135.55864900035112,
            35.24271900038161
          ]
        ]
      }
    },
    {
      "type": "Feature",
      "properties": {
        "P12_001": 10411,
        "P12_002": "ふりーく○おおまる",
        "P12_003": "26",
        "P12_004": "26213",
        "P12_005": "‐",
        "P12_006": "南丹市美山町宮脇",
        "P12_007": null
      },
      "geometry": {
        "type": "MultiPoint",
        "coordinates": [
          [
            135.56535000000258,
            35.25633400051379
          ]
        ]
      }
    },
    {
      "type": "Feature",
      "properties": {
        "P12_001": 10412,
        "P12_002": "鮎まつり",
        "P12_003": "26",
        "P12_004": "26213",
        "P12_005": "‐",
        "P12_006": "南丹市美山町",
        "P12_007": null
      },
      "geometry": {
        "type": "MultiPoint",
        "coordinates": [
          [
            135.6347820002892,
            35.30874300088885
          ]
        ]
      }
    },
    {
      "type": "Feature",
      "properties": {
        "P12_001": 10413,
        "P12_002": "クラウンヒルズ京都ゴルフクラブ",
        "P12_003": "26",
        "P12_004": "26213",
        "P12_005": "‐",
        "P12_006": "南丹市日吉町保野田池ヶ谷1",
        "P12_007": null
      },
      "geometry": {
        "type": "MultiPoint",
        "coordinates": [
          [
            135.48553100005563,
            35.16132100046383
          ]
        ]
      }
    },
    {
      "type": "Feature",
      "properties": {
        "P12_001": 10414,
        "P12_002": "るり渓ゴルフクラブ",
        "P12_003": "26",
        "P12_004": "26213",
        "P12_005": "‐",
        "P12_006": "南丹市園部町大河内深田1",
        "P12_007": null
      },
      "geometry": {
        "type": "MultiPoint",
        "coordinates": [
          [
            135.3884199994834,
            35.036144999791986
          ]
        ]
      }
    },
    {
      "type": "Feature",
      "properties": {
        "P12_001": 10415,
        "P12_002": "浄瑠璃寺",
        "P12_003": "26",
        "P12_004": "26214",
        "P12_005": "神社・寺院・教会",
        "P12_006": "木津川市加茂町西小札場40",
        "P12_007": null
      },
      "geometry": {
        "type": "MultiPoint",
        "coordinates": [
          [
            135.87292100050388,
            34.71593700019247
          ]
        ]
      }
    },
    {
      "type": "Feature",
      "properties": {
        "P12_001": 10416,
        "P12_002": "蟹満寺",
        "P12_003": "26",
        "P12_004": "26214",
        "P12_005": "‐",
        "P12_006": "木津川市山城町綺田浜36",
        "P12_007": null
      },
      "geometry": {
        "type": "MultiPoint",
        "coordinates": [
          [
            135.81588777789875,
            34.78641027691282
          ]
        ]
      }
    },
    {
      "type": "Feature",
      "properties": {
        "P12_001": 10417,
        "P12_002": "神童寺",
        "P12_003": "26",
        "P12_004": "26214",
        "P12_005": "‐",
        "P12_006": "木津川市山城町神童子不晴谷112",
        "P12_007": null
      },
      "geometry": {
        "type": "MultiPoint",
        "coordinates": [
          [
            135.8324021842135,
            34.765968761449244
          ]
        ]
      }
    },
    {
      "type": "Feature",
      "properties": {
        "P12_001": 10418,
        "P12_002": "玉台寺",
        "P12_003": "26",
        "P12_004": "26214",
        "P12_005": "‐",
        "P12_006": "木津川市山城町椿井天敷堂37",
        "P12_007": null
      },
      "geometry": {
        "type": "MultiPoint",
        "coordinates": [
          [
            135.82306899933496,
            34.75717700081799
          ]
        ]
      }
    },
    {
      "type": "Feature",
      "properties": {
        "P12_001": 10419,
        "P12_002": "泉橋寺",
        "P12_003": "26",
        "P12_004": "26214",
        "P12_005": "‐",
        "P12_006": "木津川市山城町上狛西下55",
        "P12_007": null
      },
      "geometry": {
        "type": "MultiPoint",
        "coordinates": [
          [
            135.8195049995561,
            34.74484199945874
          ]
        ]
      }
    },
    {
      "type": "Feature",
      "properties": {
        "P12_001": 10420,
        "P12_002": "松尾神社",
        "P12_003": "26",
        "P12_004": "26214",
        "P12_005": "‐",
        "P12_006": "木津川市山城町椿井松尾41",
        "P12_007": null
      },
      "geometry": {
        "type": "MultiPoint",
        "coordinates": [
          [
            135.82046599980606,
            34.7596310006702
          ]
        ]
      }
    },
    {
      "type": "Feature",
      "properties": {
        "P12_001": 10421,
        "P12_002": "涌出宮（和伎神社）",
        "P12_003": "26",
        "P12_004": "26214",
        "P12_005": "‐",
        "P12_006": "木津川市山城町平尾里屋敷54",
        "P12_007": null
      },
      "geometry": {
        "type": "MultiPoint",
        "coordinates": [
          [
            135.81734749898794,
            34.77535222292681
          ]
        ]
      }
    },
    {
      "type": "Feature",
      "properties": {
        "P12_001": 10422,
        "P12_002": "高麗寺跡",
        "P12_003": "26",
        "P12_004": "26214",
        "P12_005": "‐",
        "P12_006": "木津川市山城町上狛",
        "P12_007": null
      },
      "geometry": {
        "type": "MultiPoint",
        "coordinates": [
          [
            135.8270039991353,
            34.749380000087
          ]
        ]
      }
    },
    {
      "type": "Feature",
      "properties": {
        "P12_001": 10423,
        "P12_002": "天神神社",
        "P12_003": "26",
        "P12_004": "26214",
        "P12_005": "‐",
        "P12_006": "木津川市",
        "P12_007": null
      },
      "geometry": {
        "type": "MultiPoint",
        "coordinates": [
          [
            135.8367449024554,
            34.76558081640161
          ]
        ]
      }
    },
    {
      "type": "Feature",
      "properties": {
        "P12_001": 10424,
        "P12_002": "小林家住宅",
        "P12_003": "26",
        "P12_004": "26214",
        "P12_005": "‐",
        "P12_006": "木津川市山城町上狛東林1",
        "P12_007": null
      },
      "geometry": {
        "type": "MultiPoint",
        "coordinates": [
          [
            135.81881400006614,
            34.75461799972095
          ]
        ]
      }
    },
    {
      "type": "Feature",
      "properties": {
        "P12_001": 10425,
        "P12_002": "虫送り（椿井地区）",
        "P12_003": "26",
        "P12_004": "26214",
        "P12_005": "‐",
        "P12_006": "木津川市",
        "P12_007": null
      },
      "geometry": {
        "type": "MultiPoint",
        "coordinates": [
          [
            135.82042499971408,
            34.759450000417246
          ]
        ]
      }
    },
    {
      "type": "Feature",
      "properties": {
        "P12_001": 10426,
        "P12_002": "椿井大塚山古墳",
        "P12_003": "26",
        "P12_004": "26214",
        "P12_005": "‐",
        "P12_006": "木津川市山城町椿井三階",
        "P12_007": null
      },
      "geometry": {
        "type": "MultiPoint",
        "coordinates": [
          [
            135.817840000116,
            34.76209999941551
          ]
        ]
      }
    },
    {
      "type": "Feature",
      "properties": {
        "P12_001": 10427,
        "P12_002": "府立山城郷土資料館",
        "P12_003": "26",
        "P12_004": "26214",
        "P12_005": "‐",
        "P12_006": "木津川市山城町上狛千両岩",
        "P12_007": null
      },
      "geometry": {
        "type": "MultiPoint",
        "coordinates": [
          [
            135.83394900014628,
            34.752249000191284
          ]
        ]
      }
    },
    {
      "type": "Feature",
      "properties": {
        "P12_001": 10428,
        "P12_002": "山城町森林公園",
        "P12_003": "26",
        "P12_004": "26214",
        "P12_005": "‐",
        "P12_006": "木津川市山城町神童子三上山1",
        "P12_007": null
      },
      "geometry": {
        "type": "MultiPoint",
        "coordinates": [
          [
            135.84816242265777,
            34.7832666085672
          ]
        ]
      }
    },
    {
      "type": "Feature",
      "properties": {
        "P12_001": 10429,
        "P12_002": "不動川砂防歴史公園",
        "P12_003": "26",
        "P12_004": "26214",
        "P12_005": "‐",
        "P12_006": "木津川市山城町平尾地内",
        "P12_007": null
      },
      "geometry": {
        "type": "MultiPoint",
        "coordinates": [
          [
            135.8348189997971,
            34.785048999211995
          ]
        ]
      }
    },
    {
      "type": "Feature",
      "properties": {
        "P12_001": 10430,
        "P12_002": "不動川公園（テニスコート・多目的広場）",
        "P12_003": "26",
        "P12_004": "26214",
        "P12_005": "‐",
        "P12_006": "木津川市山城町平尾大谷1",
        "P12_007": null
      },
      "geometry": {
        "type": "MultiPoint",
        "coordinates": [
          [
            135.82200600067642,
            34.777681000277994
          ]
        ]
      }
    },
    {
      "type": "Feature",
      "properties": {
        "P12_001": 10431,
        "P12_002": "東公園テニスコート",
        "P12_003": "26",
        "P12_004": "26214",
        "P12_005": "‐",
        "P12_006": "木津川市山城上狛北野田芝60",
        "P12_007": null
      },
      "geometry": {
        "type": "MultiPoint",
        "coordinates": [
          [
            135.82167600074695,
            34.75057600038218
          ]
        ]
      }
    },
    {
      "type": "Feature",
      "properties": {
        "P12_001": 10432,
        "P12_002": "やすらぎタウン山城プール",
        "P12_003": "26",
        "P12_004": "26214",
        "P12_005": "‐",
        "P12_006": "木津川市山城町椿井柳田26",
        "P12_007": null
      },
      "geometry": {
        "type": "MultiPoint",
        "coordinates": [
          [
            135.81552199934083,
            34.757111999619156
          ]
        ]
      }
    },
    {
      "type": "Feature",
      "properties": {
        "P12_001": 10433,
        "P12_002": "やましろふれあい朝市",
        "P12_003": "26",
        "P12_004": "26214",
        "P12_005": "‐",
        "P12_006": "木津川市",
        "P12_007": null
      },
      "geometry": {
        "type": "MultiPoint",
        "coordinates": [
          [
            135.82011700079897,
            34.73716199962661
          ]
        ]
      }
    },
    {
      "type": "Feature",
      "properties": {
        "P12_001": 10434,
        "P12_002": "やましろまつり",
        "P12_003": "26",
        "P12_004": "26214",
        "P12_005": "‐",
        "P12_006": "木津川市山城町平尾前田24",
        "P12_007": null
      },
      "geometry": {
        "type": "MultiPoint",
        "coordinates": [
          [
            135.81218099995328,
            34.77590400016953
          ]
        ]
      }
    },
    {
      "type": "Feature",
      "properties": {
        "P12_001": 10435,
        "P12_002": "美加ノ原カンツリークラブ",
        "P12_003": "26",
        "P12_004": "26214",
        "P12_005": "‐",
        "P12_006": "木津川市鹿背山",
        "P12_007": null
      },
      "geometry": {
        "type": "MultiPoint",
        "coordinates": [
          [
            135.84907500071074,
            34.73063800004371
          ]
        ]
      }
    },
    {
      "type": "Feature",
      "properties": {
        "P12_001": 10436,
        "P12_002": "積水ハウス（兜台）",
        "P12_003": "26",
        "P12_004": "26214",
        "P12_005": "‐",
        "P12_006": "木津川市兜台6-6-4",
        "P12_007": null
      },
      "geometry": {
        "type": "MultiPoint",
        "coordinates": [
          [
            135.78826125305443,
            34.73169558388412
          ]
        ]
      }
    },
    {
      "type": "Feature",
      "properties": {
        "P12_001": 10437,
        "P12_002": "福寿園（兜台）",
        "P12_003": "26",
        "P12_004": "26214",
        "P12_005": "‐",
        "P12_006": "木津川市山城町上狛東作り道11-1",
        "P12_007": null
      },
      "geometry": {
        "type": "MultiPoint",
        "coordinates": [
          [
            135.81953000070905,
            34.74737800039446
          ]
        ]
      }
    },
    {
      "type": "Feature",
      "properties": {
        "P12_001": 10438,
        "P12_002": "松下資料館（兜台）",
        "P12_003": "26",
        "P12_004": "26214",
        "P12_005": "‐",
        "P12_006": "木津川市相楽台3-1-1",
        "P12_007": null
      },
      "geometry": {
        "type": "MultiPoint",
        "coordinates": [
          [
            135.7919790000309,
            34.732896998997376
          ]
        ]
      }
    },
    {
      "type": "Feature",
      "properties": {
        "P12_001": 10439,
        "P12_002": "日本原子力研究所関西研究所",
        "P12_003": "26",
        "P12_004": "26214",
        "P12_005": "‐",
        "P12_006": "木津川市梅美台8-1",
        "P12_007": null
      },
      "geometry": {
        "type": "MultiPoint",
        "coordinates": [
          [
            135.83839908305129,
            34.7129044421863
          ]
        ]
      }
    },
    {
      "type": "Feature",
      "properties": {
        "P12_001": 10440,
        "P12_002": "きっづ光科学館ふぉとん",
        "P12_003": "26",
        "P12_004": "26214",
        "P12_005": "‐",
        "P12_006": "木津川市梅美台8-1-6",
        "P12_007": null
      },
      "geometry": {
        "type": "MultiPoint",
        "coordinates": [
          [
            135.8357320086253,
            34.713832982306315
          ]
        ]
      }
    },
    {
      "type": "Feature",
      "properties": {
        "P12_001": 10441,
        "P12_002": "大智寺",
        "P12_003": "26",
        "P12_004": "26214",
        "P12_005": "‐",
        "P12_006": "木津川市木津雲村42-1",
        "P12_007": null
      },
      "geometry": {
        "type": "MultiPoint",
        "coordinates": [
          [
            135.82197799938524,
            34.7410120009032
          ]
        ]
      }
    },
    {
      "type": "Feature",
      "properties": {
        "P12_001": 10442,
        "P12_002": "ＪＡ花野果市",
        "P12_003": "26",
        "P12_004": "26214",
        "P12_005": "‐",
        "P12_006": "木津川市木津八色18-7",
        "P12_007": null
      },
      "geometry": {
        "type": "MultiPoint",
        "coordinates": [
          [
            135.82194899984654,
            34.73208500022264
          ]
        ]
      }
    },
    {
      "type": "Feature",
      "properties": {
        "P12_001": 10443,
        "P12_002": "木津グリーンぱる",
        "P12_003": "26",
        "P12_004": "26214",
        "P12_005": "‐",
        "P12_006": "木津川市市坂加茂田",
        "P12_007": -1
      },
      "geometry": {
        "type": "MultiPoint",
        "coordinates": [
          [
            135.81834299992954,
            34.72479100020456
          ]
        ]
      }
    },
    {
      "type": "Feature",
      "properties": {
        "P12_001": 10444,
        "P12_002": "ショップ木の津",
        "P12_003": "26",
        "P12_004": "26214",
        "P12_005": "‐",
        "P12_006": "木津川市相楽城西（アルプラザ木津店内）",
        "P12_007": -1
      },
      "geometry": {
        "type": "MultiPoint",
        "coordinates": [
          [
            135.7920070004228,
            34.73858099941367
          ]
        ]
      }
    },
    {
      "type": "Feature",
      "properties": {
        "P12_001": 10445,
        "P12_002": "鹿背山柿出荷組合",
        "P12_003": "26",
        "P12_004": "26214",
        "P12_005": "‐",
        "P12_006": "木津川市木津白口26-2",
        "P12_007": null
      },
      "geometry": {
        "type": "MultiPoint",
        "coordinates": [
          [
            135.83387710024806,
            34.74351441216044
          ]
        ]
      }
    },
    {
      "type": "Feature",
      "properties": {
        "P12_001": 10446,
        "P12_002": "木津御輿太鼓祭（木津）",
        "P12_003": "26",
        "P12_004": "26214",
        "P12_005": "‐",
        "P12_006": "木津川市",
        "P12_007": null
      },
      "geometry": {
        "type": "MultiPoint",
        "coordinates": [
          [
            135.82011700079897,
            34.73716199962661
          ]
        ]
      }
    },
    {
      "type": "Feature",
      "properties": {
        "P12_001": 10447,
        "P12_002": "七夕まつり（木津）",
        "P12_003": "26",
        "P12_004": "26214",
        "P12_005": "‐",
        "P12_006": "木津川市",
        "P12_007": null
      },
      "geometry": {
        "type": "MultiPoint",
        "coordinates": [
          [
            135.8186099996518,
            34.736348999906454
          ]
        ]
      }
    },
    {
      "type": "Feature",
      "properties": {
        "P12_001": 10448,
        "P12_002": "御田まつり（相楽）",
        "P12_003": "26",
        "P12_004": "26214",
        "P12_005": "‐",
        "P12_006": "木津川市",
        "P12_007": null
      },
      "geometry": {
        "type": "MultiPoint",
        "coordinates": [
          [
            135.80018499983794,
            34.73659499955966
          ]
        ]
      }
    },
    {
      "type": "Feature",
      "properties": {
        "P12_001": 10449,
        "P12_002": "もちばなまつり（相楽）",
        "P12_003": "26",
        "P12_004": "26214",
        "P12_005": "‐",
        "P12_006": "木津川市",
        "P12_007": null
      },
      "geometry": {
        "type": "MultiPoint",
        "coordinates": [
          [
            135.80018499983794,
            34.73659499955966
          ]
        ]
      }
    },
    {
      "type": "Feature",
      "properties": {
        "P12_001": 10450,
        "P12_002": "虫送り（鹿背山）",
        "P12_003": "26",
        "P12_004": "26214",
        "P12_005": "‐",
        "P12_006": "木津川市",
        "P12_007": null
      },
      "geometry": {
        "type": "MultiPoint",
        "coordinates": [
          [
            135.84151700020948,
            34.74464300017439
          ]
        ]
      }
    },
    {
      "type": "Feature",
      "properties": {
        "P12_001": 10451,
        "P12_002": "木の津まつり（木津）",
        "P12_003": "26",
        "P12_004": "26214",
        "P12_005": "‐",
        "P12_006": "木津川市",
        "P12_007": null
      },
      "geometry": {
        "type": "MultiPoint",
        "coordinates": [
          [
            135.80907599975762,
            34.72849600019032
          ]
        ]
      }
    },
    {
      "type": "Feature",
      "properties": {
        "P12_001": 10452,
        "P12_002": "山背古道ウォーキング",
        "P12_003": "26",
        "P12_004": "26214",
        "P12_005": "‐",
        "P12_006": "木津川市",
        "P12_007": null
      },
      "geometry": {
        "type": "MultiPoint",
        "coordinates": [
          [
            135.82011700079897,
            34.73716199962661
          ]
        ]
      }
    },
    {
      "type": "Feature",
      "properties": {
        "P12_001": 10453,
        "P12_002": "木津川市夏祭り（木津）",
        "P12_003": "26",
        "P12_004": "26214",
        "P12_005": "‐",
        "P12_006": "木津川市",
        "P12_007": null
      },
      "geometry": {
        "type": "MultiPoint",
        "coordinates": [
          [
            135.81505799952708,
            34.73972600005493
          ]
        ]
      }
    },
    {
      "type": "Feature",
      "properties": {
        "P12_001": 10454,
        "P12_002": "緑とふれあい桜まつり",
        "P12_003": "26",
        "P12_004": "26214",
        "P12_005": "‐",
        "P12_006": "木津川市",
        "P12_007": null
      },
      "geometry": {
        "type": "MultiPoint",
        "coordinates": [
          [
            135.80871499929788,
            34.7324599995294
          ]
        ]
      }
    },
    {
      "type": "Feature",
      "properties": {
        "P12_001": 10455,
        "P12_002": "岩船寺",
        "P12_003": "26",
        "P12_004": "26214",
        "P12_005": "‐",
        "P12_006": "木津川市加茂町岩船上ノ門43",
        "P12_007": null
      },
      "geometry": {
        "type": "MultiPoint",
        "coordinates": [
          [
            135.8858530006155,
            34.72026799936873
          ]
        ]
      }
    },
    {
      "type": "Feature",
      "properties": {
        "P12_001": 10456,
        "P12_002": "海住山寺",
        "P12_003": "26",
        "P12_004": "26214",
        "P12_005": "‐",
        "P12_006": "木津川市加茂町例幣海住山20",
        "P12_007": null
      },
      "geometry": {
        "type": "MultiPoint",
        "coordinates": [
          [
            135.86186437194328,
            34.77686351294085
          ]
        ]
      }
    },
    {
      "type": "Feature",
      "properties": {
        "P12_001": 10457,
        "P12_002": "恭仁神社",
        "P12_003": "26",
        "P12_004": "26214",
        "P12_005": "‐",
        "P12_006": "木津川市加茂町西宮ノ東35",
        "P12_007": null
      },
      "geometry": {
        "type": "MultiPoint",
        "coordinates": [
          [
            135.8548079997894,
            34.76792199900109
          ]
        ]
      }
    },
    {
      "type": "Feature",
      "properties": {
        "P12_001": 10458,
        "P12_002": "岡田鴨神社",
        "P12_003": "26",
        "P12_004": "26214",
        "P12_005": "‐",
        "P12_006": "木津川市加茂町北鴨村47",
        "P12_007": null
      },
      "geometry": {
        "type": "MultiPoint",
        "coordinates": [
          [
            135.8763580789622,
            34.76152041063847
          ]
        ]
      }
    },
    {
      "type": "Feature",
      "properties": {
        "P12_001": 10459,
        "P12_002": "山城国分寺跡等",
        "P12_003": "26",
        "P12_004": "26214",
        "P12_005": "‐",
        "P12_006": "木津川市",
        "P12_007": null
      },
      "geometry": {
        "type": "MultiPoint",
        "coordinates": [
          [
            135.86190200047702,
            34.76585700000061
          ]
        ]
      }
    },
    {
      "type": "Feature",
      "properties": {
        "P12_001": 10460,
        "P12_002": "プラネタリウム館",
        "P12_003": "26",
        "P12_004": "26214",
        "P12_005": "‐",
        "P12_006": "木津川市加茂町岩船ガンド2",
        "P12_007": null
      },
      "geometry": {
        "type": "MultiPoint",
        "coordinates": [
          [
            135.87016800035303,
            34.72444699962938
          ]
        ]
      }
    },
    {
      "type": "Feature",
      "properties": {
        "P12_001": 10461,
        "P12_002": "加茂カントリークラブ",
        "P12_003": "26",
        "P12_004": "26214",
        "P12_005": "‐",
        "P12_006": "木津川市加茂町高去花原7",
        "P12_007": null
      },
      "geometry": {
        "type": "MultiPoint",
        "coordinates": [
          [
            135.90420916632002,
            34.73986138939165
          ]
        ]
      }
    },
    {
      "type": "Feature",
      "properties": {
        "P12_001": 10462,
        "P12_002": "石仏ハイキングコース",
        "P12_003": "26",
        "P12_004": "26214",
        "P12_005": "‐",
        "P12_006": "木津川市加茂町",
        "P12_007": null
      },
      "geometry": {
        "type": "MultiPoint",
        "coordinates": [
          [
            135.8692290002183,
            34.7546030008279
          ]
        ]
      }
    },
    {
      "type": "Feature",
      "properties": {
        "P12_001": 10463,
        "P12_002": "加茂まつり等",
        "P12_003": "26",
        "P12_004": "26214",
        "P12_005": "‐",
        "P12_006": "木津川市加茂町",
        "P12_007": -1
      },
      "geometry": {
        "type": "MultiPoint",
        "coordinates": [
          [
            135.8628589996432,
            34.76560599921754
          ]
        ]
      }
    },
    {
      "type": "Feature",
      "properties": {
        "P12_001": 10464,
        "P12_002": "たかさり工房",
        "P12_003": "26",
        "P12_004": "26214",
        "P12_005": "‐",
        "P12_006": "木津川市加茂町高去3",
        "P12_007": null
      },
      "geometry": {
        "type": "MultiPoint",
        "coordinates": [
          [
            135.88863700039735,
            34.736596000505074
          ]
        ]
      }
    },
    {
      "type": "Feature",
      "properties": {
        "P12_001": 10465,
        "P12_002": "加茂あきんどまつり（産業祭）",
        "P12_003": "26",
        "P12_004": "26214",
        "P12_005": "‐",
        "P12_006": "木津川市加茂町",
        "P12_007": null
      },
      "geometry": {
        "type": "MultiPoint",
        "coordinates": [
          [
            135.8692290002183,
            34.7546030008279
          ]
        ]
      }
    },
    {
      "type": "Feature",
      "properties": {
        "P12_001": 10466,
        "P12_002": "山の家（施設・テニス・ゲートボール）",
        "P12_003": "26",
        "P12_004": "26214",
        "P12_005": "‐",
        "P12_006": "木津川市加茂町尻枝七辻15-1",
        "P12_007": null
      },
      "geometry": {
        "type": "MultiPoint",
        "coordinates": [
          [
            135.8693439992262,
            34.72373099988579
          ]
        ]
      }
    },
    {
      "type": "Feature",
      "properties": {
        "P12_001": 10467,
        "P12_002": "加茂プール",
        "P12_003": "26",
        "P12_004": "26214",
        "P12_005": "‐",
        "P12_006": "木津川市加茂町里中森11",
        "P12_007": null
      },
      "geometry": {
        "type": "MultiPoint",
        "coordinates": [
          [
            135.87016800035303,
            34.75503700015747
          ]
        ]
      }
    },
    {
      "type": "Feature",
      "properties": {
        "P12_001": 10468,
        "P12_002": "恭仁京朝市",
        "P12_003": "26",
        "P12_004": "26214",
        "P12_005": "‐",
        "P12_006": "木津川市加茂町例幣",
        "P12_007": null
      },
      "geometry": {
        "type": "MultiPoint",
        "coordinates": [
          [
            135.8614190006864,
            34.76500900046506
          ]
        ]
      }
    },
    {
      "type": "Feature",
      "properties": {
        "P12_001": 10469,
        "P12_002": "フレッシュやまびこ会",
        "P12_003": "26",
        "P12_004": "26214",
        "P12_005": "‐",
        "P12_006": "木津川市加茂町南加茂台5-12",
        "P12_007": -1
      },
      "geometry": {
        "type": "MultiPoint",
        "coordinates": [
          [
            135.87018100095247,
            34.73852400038237
          ]
        ]
      }
    },
    {
      "type": "Feature",
      "properties": {
        "P12_001": 10470,
        "P12_002": "木津川アート",
        "P12_003": "26",
        "P12_004": "26214",
        "P12_005": "‐",
        "P12_006": "木津川市州見台1-1-1",
        "P12_007": -1
      },
      "geometry": {
        "type": "MultiPoint",
        "coordinates": [
          [
            135.81704600037267,
            34.71994999999254
          ]
        ]
      }
    },
    {
      "type": "Feature",
      "properties": {
        "P12_001": 10471,
        "P12_002": "パーク＆バスライド",
        "P12_003": "26",
        "P12_004": "26214",
        "P12_005": "‐",
        "P12_006": "木津川市",
        "P12_007": -1
      },
      "geometry": {
        "type": "MultiPoint",
        "coordinates": [
          [
            135.82011700079897,
            34.73716199962661
          ]
        ]
      }
    },
    {
      "type": "Feature",
      "properties": {
        "P12_001": 10472,
        "P12_002": "桜まつり",
        "P12_003": "26",
        "P12_004": "26214",
        "P12_005": "‐",
        "P12_006": "木津川市",
        "P12_007": -1
      },
      "geometry": {
        "type": "MultiPoint",
        "coordinates": [
          [
            135.82011700079897,
            34.73716199962661
          ]
        ]
      }
    },
    {
      "type": "Feature",
      "properties": {
        "P12_001": 10473,
        "P12_002": "文化財整理保管センター分室",
        "P12_003": "26",
        "P12_004": "26214",
        "P12_005": "‐",
        "P12_006": "木津川市加茂町岡崎考28",
        "P12_007": -1
      },
      "geometry": {
        "type": "MultiPoint",
        "coordinates": [
          [
            135.86413399998412,
            34.76570700027787
          ]
        ]
      }
    },
    {
      "type": "Feature",
      "properties": {
        "P12_001": 10474,
        "P12_002": "木津グラウンド",
        "P12_003": "26",
        "P12_004": "26214",
        "P12_005": "‐",
        "P12_006": "木津川市木津川端69-1",
        "P12_007": -1
      },
      "geometry": {
        "type": "MultiPoint",
        "coordinates": [
          [
            135.81505799952708,
            34.73972600005493
          ]
        ]
      }
    },
    {
      "type": "Feature",
      "properties": {
        "P12_001": 10475,
        "P12_002": "兜谷公園テニス・グラウンド",
        "P12_003": "26",
        "P12_004": "26214",
        "P12_005": "‐",
        "P12_006": "木津川市兜台6-4",
        "P12_007": -1
      },
      "geometry": {
        "type": "MultiPoint",
        "coordinates": [
          [
            135.78767500030108,
            34.730151000068645
          ]
        ]
      }
    },
    {
      "type": "Feature",
      "properties": {
        "P12_001": 10476,
        "P12_002": "木津川台公園グランド・テニス",
        "P12_003": "26",
        "P12_004": "26214",
        "P12_005": "‐",
        "P12_006": "木津川市木津川台6",
        "P12_007": -1
      },
      "geometry": {
        "type": "MultiPoint",
        "coordinates": [
          [
            135.78567500070073,
            34.74228799949162
          ]
        ]
      }
    },
    {
      "type": "Feature",
      "properties": {
        "P12_001": 10477,
        "P12_002": "梅美台公園テニスコート",
        "P12_003": "26",
        "P12_004": "26214",
        "P12_005": "‐",
        "P12_006": "木津川市梅美台1-9",
        "P12_007": -1
      },
      "geometry": {
        "type": "MultiPoint",
        "coordinates": [
          [
            135.83789100026956,
            34.71633999899183
          ]
        ]
      }
    },
    {
      "type": "Feature",
      "properties": {
        "P12_001": 10478,
        "P12_002": "塚穴公園テニスコート",
        "P12_003": "26",
        "P12_004": "26214",
        "P12_005": "‐",
        "P12_006": "木津川市南加茂台6-15",
        "P12_007": -1
      },
      "geometry": {
        "type": "MultiPoint",
        "coordinates": [
          [
            135.86807199902364,
            34.7391319996421
          ]
        ]
      }
    },
    {
      "type": "Feature",
      "properties": {
        "P12_001": 10479,
        "P12_002": "加茂グラウンド",
        "P12_003": "26",
        "P12_004": "26214",
        "P12_005": "‐",
        "P12_006": "木津川市加茂町大野中宇祢57",
        "P12_007": -1
      },
      "geometry": {
        "type": "MultiPoint",
        "coordinates": [
          [
            135.88210100026106,
            34.755621999255936
          ]
        ]
      }
    },
    {
      "type": "Feature",
      "properties": {
        "P12_001": 10480,
        "P12_002": "加茂体育館",
        "P12_003": "26",
        "P12_004": "26214",
        "P12_005": "‐",
        "P12_006": "木津川市加茂町里東上田1",
        "P12_007": -1
      },
      "geometry": {
        "type": "MultiPoint",
        "coordinates": [
          [
            135.8672550000183,
            34.74831099935318
          ]
        ]
      }
    },
    {
      "type": "Feature",
      "properties": {
        "P12_001": 10481,
        "P12_002": "山城コミュニティ運動広場",
        "P12_003": "26",
        "P12_004": "26214",
        "P12_005": "‐",
        "P12_006": "木津川市山城町上狛川原3",
        "P12_007": -1
      },
      "geometry": {
        "type": "MultiPoint",
        "coordinates": [
          [
            135.8117790003007,
            34.74468399936711
          ]
        ]
      }
    },
    {
      "type": "Feature",
      "properties": {
        "P12_001": 10482,
        "P12_002": "中央体育館",
        "P12_003": "26",
        "P12_004": "26214",
        "P12_005": "‐",
        "P12_006": "木津川市木津石塚147",
        "P12_007": -1
      },
      "geometry": {
        "type": "MultiPoint",
        "coordinates": [
          [
            135.80907599975762,
            34.72849600019032
          ]
        ]
      }
    },
    {
      "type": "Feature",
      "properties": {
        "P12_001": 10483,
        "P12_002": "市民スポーツセンター",
        "P12_003": "26",
        "P12_004": "26214",
        "P12_005": "‐",
        "P12_006": "木津川市木津田中前40-1",
        "P12_007": -1
      },
      "geometry": {
        "type": "MultiPoint",
        "coordinates": [
          [
            135.8096009996865,
            34.73208500022264
          ]
        ]
      }
    },
    {
      "type": "Feature",
      "properties": {
        "P12_001": 10484,
        "P12_002": "平安京テニスクラブ",
        "P12_003": "26",
        "P12_004": "26214",
        "P12_005": "‐",
        "P12_006": "木津川市加茂町高田鶉原16",
        "P12_007": -1
      },
      "geometry": {
        "type": "MultiPoint",
        "coordinates": [
          [
            135.85516399911933,
            34.724267000321845
          ]
        ]
      }
    },
    {
      "type": "Feature",
      "properties": {
        "P12_001": 10485,
        "P12_002": "中央交流会館",
        "P12_003": "26",
        "P12_004": "26214",
        "P12_005": "‐",
        "P12_006": "木津川市木津宮ノ内92",
        "P12_007": -1
      },
      "geometry": {
        "type": "MultiPoint",
        "coordinates": [
          [
            135.81879999942055,
            34.73067099976686
          ]
        ]
      }
    },
    {
      "type": "Feature",
      "properties": {
        "P12_001": 10486,
        "P12_002": "加茂文化センター",
        "P12_003": "26",
        "P12_004": "26214",
        "P12_005": "‐",
        "P12_006": "木津川市加茂町里南古田156",
        "P12_007": -1
      },
      "geometry": {
        "type": "MultiPoint",
        "coordinates": [
          [
            135.8664369991683,
            34.75199499926987
          ]
        ]
      }
    },
    {
      "type": "Feature",
      "properties": {
        "P12_001": 10487,
        "P12_002": "山城総合文化センター",
        "P12_003": "26",
        "P12_004": "26214",
        "P12_005": "‐",
        "P12_006": "木津川市山城町平尾前田24",
        "P12_007": -1
      },
      "geometry": {
        "type": "MultiPoint",
        "coordinates": [
          [
            135.81218099995328,
            34.77590400016953
          ]
        ]
      }
    },
    {
      "type": "Feature",
      "properties": {
        "P12_001": 10488,
        "P12_002": "赤田川グラウンド",
        "P12_003": "26",
        "P12_004": "26214",
        "P12_005": "‐",
        "P12_006": "木津川市加茂町里赤田川1",
        "P12_007": -1
      },
      "geometry": {
        "type": "MultiPoint",
        "coordinates": [
          [
            135.86950999968678,
            34.75565800001675
          ]
        ]
      }
    },
    {
      "type": "Feature",
      "properties": {
        "P12_001": 10489,
        "P12_002": "アサヒビール大山崎山荘美術館",
        "P12_003": "26",
        "P12_004": "26303",
        "P12_005": "‐",
        "P12_006": "大山崎町銭原5-3",
        "P12_007": null
      },
      "geometry": {
        "type": "MultiPoint",
        "coordinates": [
          [
            135.67964305638202,
            34.89556500012469
          ]
        ]
      }
    },
    {
      "type": "Feature",
      "properties": {
        "P12_001": 10490,
        "P12_002": "観音寺",
        "P12_003": "26",
        "P12_004": "26303",
        "P12_005": "‐",
        "P12_006": "大山崎町字大山崎小字白味才",
        "P12_007": null
      },
      "geometry": {
        "type": "MultiPoint",
        "coordinates": [
          [
            135.682099253278,
            34.89813996238939
          ]
        ]
      }
    },
    {
      "type": "Feature",
      "properties": {
        "P12_001": 10491,
        "P12_002": "小倉神社",
        "P12_003": "26",
        "P12_004": "26303",
        "P12_005": "‐",
        "P12_006": "大山崎町字円明寺小字鳥居前83",
        "P12_007": null
      },
      "geometry": {
        "type": "MultiPoint",
        "coordinates": [
          [
            135.67728499980296,
            34.90954700099337
          ]
        ]
      }
    },
    {
      "type": "Feature",
      "properties": {
        "P12_001": 10492,
        "P12_002": "歴史資料館",
        "P12_003": "26",
        "P12_004": "26303",
        "P12_005": "‐",
        "P12_006": "大山崎町字大山崎小字竜光3",
        "P12_007": null
      },
      "geometry": {
        "type": "MultiPoint",
        "coordinates": [
          [
            135.68285694559165,
            34.89264611192857
          ]
        ]
      }
    },
    {
      "type": "Feature",
      "properties": {
        "P12_001": 10493,
        "P12_002": "宝積寺",
        "P12_003": "26",
        "P12_004": "26303",
        "P12_005": "‐",
        "P12_006": "大山崎町大山崎銭原1",
        "P12_007": null
      },
      "geometry": {
        "type": "MultiPoint",
        "coordinates": [
          [
            135.6785213868526,
            34.89540657375443
          ]
        ]
      }
    },
    {
      "type": "Feature",
      "properties": {
        "P12_001": 10494,
        "P12_002": "天王山ハイキングコース",
        "P12_003": "26",
        "P12_004": "26303",
        "P12_005": "‐",
        "P12_006": "大山崎町",
        "P12_007": null
      },
      "geometry": {
        "type": "MultiPoint",
        "coordinates": [
          [
            135.67866500048945,
            34.901698000562305
          ]
        ]
      }
    },
    {
      "type": "Feature",
      "properties": {
        "P12_001": 10495,
        "P12_002": "離宮八幡宮",
        "P12_003": "26",
        "P12_004": "26303",
        "P12_005": "‐",
        "P12_006": "大山崎町字大山崎小字西谷21-1",
        "P12_007": null
      },
      "geometry": {
        "type": "MultiPoint",
        "coordinates": [
          [
            135.67950399961,
            34.891813000669515
          ]
        ]
      }
    },
    {
      "type": "Feature",
      "properties": {
        "P12_001": 10496,
        "P12_002": "コカ・コーラウエスト（株）エコラ館",
        "P12_003": "26",
        "P12_004": "26322",
        "P12_005": "‐",
        "P12_006": "久御山町田井新荒見128",
        "P12_007": null
      },
      "geometry": {
        "type": "MultiPoint",
        "coordinates": [
          [
            135.74350200021718,
            34.883392999986995
          ]
        ]
      }
    },
    {
      "type": "Feature",
      "properties": {
        "P12_001": 10497,
        "P12_002": "ＫＴＣものづくり技術館",
        "P12_003": "26",
        "P12_004": "26322",
        "P12_005": "‐",
        "P12_006": "久御山町佐山新開地128",
        "P12_007": -1
      },
      "geometry": {
        "type": "MultiPoint",
        "coordinates": [
          [
            135.74828600049864,
            34.88186300047715
          ]
        ]
      }
    },
    {
      "type": "Feature",
      "properties": {
        "P12_001": 10498,
        "P12_002": "前川桜並木",
        "P12_003": "26",
        "P12_004": "26322",
        "P12_005": "‐",
        "P12_006": "久御山町",
        "P12_007": null
      },
      "geometry": {
        "type": "MultiPoint",
        "coordinates": [
          [
            135.73963312217097,
            34.90475366484981
          ]
        ]
      }
    },
    {
      "type": "Feature",
      "properties": {
        "P12_001": 10499,
        "P12_002": "万灯呂山展望台",
        "P12_003": "26",
        "P12_004": "26343",
        "P12_005": "‐",
        "P12_006": "井手町多賀",
        "P12_007": null
      },
      "geometry": {
        "type": "MultiPoint",
        "coordinates": [
          [
            135.82313599972667,
            34.81351300062454
          ]
        ]
      }
    },
    {
      "type": "Feature",
      "properties": {
        "P12_001": 10500,
        "P12_002": "谷川ホタル公園",
        "P12_003": "26",
        "P12_004": "26343",
        "P12_005": "‐",
        "P12_006": "井手町多賀天王山",
        "P12_007": null
      },
      "geometry": {
        "type": "MultiPoint",
        "coordinates": [
          [
            135.81257399919082,
            34.817612999940025
          ]
        ]
      }
    },
    {
      "type": "Feature",
      "properties": {
        "P12_001": 10501,
        "P12_002": "玉川堤",
        "P12_003": "26",
        "P12_004": "26343",
        "P12_005": "‐",
        "P12_006": "井手町",
        "P12_007": null
      },
      "geometry": {
        "type": "MultiPoint",
        "coordinates": [
          [
            135.81000073484608,
            34.79828063364437
          ]
        ]
      }
    },
    {
      "type": "Feature",
      "properties": {
        "P12_001": 10502,
        "P12_002": "さくら祭",
        "P12_003": "26",
        "P12_004": "26343",
        "P12_005": "‐",
        "P12_006": "井手町",
        "P12_007": null
      },
      "geometry": {
        "type": "MultiPoint",
        "coordinates": [
          [
            135.81000070067182,
            34.79828063004709
          ]
        ]
      }
    },
    {
      "type": "Feature",
      "properties": {
        "P12_001": 10503,
        "P12_002": "地蔵禅院",
        "P12_003": "26",
        "P12_004": "26343",
        "P12_005": "‐",
        "P12_006": "井手町井手東垣内16",
        "P12_007": null
      },
      "geometry": {
        "type": "MultiPoint",
        "coordinates": [
          [
            135.81923916625453,
            34.80393416592909
          ]
        ]
      }
    },
    {
      "type": "Feature",
      "properties": {
        "P12_001": 10504,
        "P12_002": "玉川森林王国",
        "P12_003": "26",
        "P12_004": "26343",
        "P12_005": "‐",
        "P12_006": "井手町田村新田小字腰越6-1",
        "P12_007": null
      },
      "geometry": {
        "type": "MultiPoint",
        "coordinates": [
          [
            135.87391099939316,
            34.80762799993232
          ]
        ]
      }
    },
    {
      "type": "Feature",
      "properties": {
        "P12_001": 10505,
        "P12_002": "山城多賀フルーツライン",
        "P12_003": "26",
        "P12_004": "26343",
        "P12_005": "‐",
        "P12_006": "井手町多賀庵垣内16",
        "P12_007": null
      },
      "geometry": {
        "type": "MultiPoint",
        "coordinates": [
          [
            135.8142460007524,
            34.81944499988691
          ]
        ]
      }
    },
    {
      "type": "Feature",
      "properties": {
        "P12_001": 10506,
        "P12_002": "みどり農園",
        "P12_003": "26",
        "P12_004": "26343",
        "P12_005": "‐",
        "P12_006": "井手町多賀小払1",
        "P12_007": null
      },
      "geometry": {
        "type": "MultiPoint",
        "coordinates": [
          [
            135.81654299965976,
            34.82049200050545
          ]
        ]
      }
    },
    {
      "type": "Feature",
      "properties": {
        "P12_001": 10507,
        "P12_002": "大正池野外活動センター",
        "P12_003": "26",
        "P12_004": "26343",
        "P12_005": "‐",
        "P12_006": "井手町多賀一ノ谷20-1",
        "P12_007": null
      },
      "geometry": {
        "type": "MultiPoint",
        "coordinates": [
          [
            135.85563700024738,
            34.81190999954691
          ]
        ]
      }
    },
    {
      "type": "Feature",
      "properties": {
        "P12_001": 10508,
        "P12_002": "井手町まちづくりセンター椿坂",
        "P12_003": "26",
        "P12_004": "26343",
        "P12_005": "‐",
        "P12_006": "井手町大字井手小字石橋44",
        "P12_007": null
      },
      "geometry": {
        "type": "MultiPoint",
        "coordinates": [
          [
            135.8179079996545,
            34.800886000188825
          ]
        ]
      }
    },
    {
      "type": "Feature",
      "properties": {
        "P12_001": 10509,
        "P12_002": "大正池渓流センター",
        "P12_003": "26",
        "P12_004": "26343",
        "P12_005": "‐",
        "P12_006": "井手町田村新田百塚14",
        "P12_007": null
      },
      "geometry": {
        "type": "MultiPoint",
        "coordinates": [
          [
            135.85436099986032,
            34.809852999116686
          ]
        ]
      }
    },
    {
      "type": "Feature",
      "properties": {
        "P12_001": 10510,
        "P12_002": "京都府立山城勤労者福祉会館",
        "P12_003": "26",
        "P12_004": "26343",
        "P12_005": "‐",
        "P12_006": "井手町大字井手小字大塚99-35",
        "P12_007": null
      },
      "geometry": {
        "type": "MultiPoint",
        "coordinates": [
          [
            135.81342805566032,
            34.805659167236854
          ]
        ]
      }
    },
    {
      "type": "Feature",
      "properties": {
        "P12_001": 10511,
        "P12_002": "井手町住民グランド",
        "P12_003": "26",
        "P12_004": "26343",
        "P12_005": "‐",
        "P12_006": "井手町大字多賀小字一の谷17-1／18-1／19-1",
        "P12_007": null
      },
      "geometry": {
        "type": "MultiPoint",
        "coordinates": [
          [
            135.85684299920513,
            34.811844000100564
          ]
        ]
      }
    },
    {
      "type": "Feature",
      "properties": {
        "P12_001": 10512,
        "P12_002": "なごやか市",
        "P12_003": "26",
        "P12_004": "26343",
        "P12_005": "‐",
        "P12_006": "井手町大字多賀小字東松ヶ花56-1",
        "P12_007": -1
      },
      "geometry": {
        "type": "MultiPoint",
        "coordinates": [
          [
            135.80450899959067,
            34.81895899995794
          ]
        ]
      }
    },
    {
      "type": "Feature",
      "properties": {
        "P12_001": 10513,
        "P12_002": "玉水駅前休憩所さくら",
        "P12_003": "26",
        "P12_004": "26343",
        "P12_005": "‐",
        "P12_006": "井手町井手柏原4-10",
        "P12_007": -1
      },
      "geometry": {
        "type": "MultiPoint",
        "coordinates": [
          [
            135.80683500073474,
            34.79997599959273
          ]
        ]
      }
    },
    {
      "type": "Feature",
      "properties": {
        "P12_001": 10514,
        "P12_002": "末山・くつわ池自然公園",
        "P12_003": "26",
        "P12_004": "26344",
        "P12_005": "‐",
        "P12_006": "宇治田原町大字郷之口小字末山3-3",
        "P12_007": null
      },
      "geometry": {
        "type": "MultiPoint",
        "coordinates": [
          [
            135.8344299998447,
            34.85981800010069
          ]
        ]
      }
    },
    {
      "type": "Feature",
      "properties": {
        "P12_001": 10515,
        "P12_002": "禅定寺",
        "P12_003": "26",
        "P12_004": "26344",
        "P12_005": "‐",
        "P12_006": "宇治田原町大字禅定寺小字庄地100",
        "P12_007": null
      },
      "geometry": {
        "type": "MultiPoint",
        "coordinates": [
          [
            135.87517100084108,
            34.87681999994311
          ]
        ]
      }
    },
    {
      "type": "Feature",
      "properties": {
        "P12_001": 10516,
        "P12_002": "猿丸神社",
        "P12_003": "26",
        "P12_004": "26344",
        "P12_005": "‐",
        "P12_006": "宇治田原町大字禅定寺小字粽谷44",
        "P12_007": null
      },
      "geometry": {
        "type": "MultiPoint",
        "coordinates": [
          [
            135.88417199953824,
            34.880159999284615
          ]
        ]
      }
    },
    {
      "type": "Feature",
      "properties": {
        "P12_001": 10517,
        "P12_002": "くつわ池山の家",
        "P12_003": "26",
        "P12_004": "26344",
        "P12_005": "‐",
        "P12_006": "宇治田原町郷之口末山3",
        "P12_007": null
      },
      "geometry": {
        "type": "MultiPoint",
        "coordinates": [
          [
            135.83795200038458,
            34.855361000509845
          ]
        ]
      }
    },
    {
      "type": "Feature",
      "properties": {
        "P12_001": 10518,
        "P12_002": "くれどき市",
        "P12_003": "26",
        "P12_004": "26344",
        "P12_005": "‐",
        "P12_006": "宇治田原町立川宮ノ本22",
        "P12_007": null
      },
      "geometry": {
        "type": "MultiPoint",
        "coordinates": [
          [
            135.86573299997804,
            34.85432499949917
          ]
        ]
      }
    },
    {
      "type": "Feature",
      "properties": {
        "P12_001": 10519,
        "P12_002": "くつわ池和み市",
        "P12_003": "26",
        "P12_004": "26344",
        "P12_005": "‐",
        "P12_006": "宇治田原町郷ノ口西ノ山",
        "P12_007": null
      },
      "geometry": {
        "type": "MultiPoint",
        "coordinates": [
          [
            135.8344299998447,
            34.85981800010069
          ]
        ]
      }
    },
    {
      "type": "Feature",
      "properties": {
        "P12_001": 10520,
        "P12_002": "猿丸市",
        "P12_003": "26",
        "P12_004": "26344",
        "P12_005": "‐",
        "P12_006": "宇治田原町大字禅定寺小字粽谷44",
        "P12_007": null
      },
      "geometry": {
        "type": "MultiPoint",
        "coordinates": [
          [
            135.88417199953824,
            34.880159999284615
          ]
        ]
      }
    },
    {
      "type": "Feature",
      "properties": {
        "P12_001": 10521,
        "P12_002": "ＪＡ農産物直売所田原店",
        "P12_003": "26",
        "P12_004": "26344",
        "P12_005": "‐",
        "P12_006": "宇治田原町大字郷之口小字中林12",
        "P12_007": null
      },
      "geometry": {
        "type": "MultiPoint",
        "coordinates": [
          [
            135.85290500016572,
            34.85068899999743
          ]
        ]
      }
    },
    {
      "type": "Feature",
      "properties": {
        "P12_001": 10522,
        "P12_002": "笠置山自然公園",
        "P12_003": "26",
        "P12_004": "26364",
        "P12_005": "‐",
        "P12_006": "笠置町笠置笠置山",
        "P12_007": null
      },
      "geometry": {
        "type": "MultiPoint",
        "coordinates": [
          [
            135.94150800049385,
            34.75437699939903
          ]
        ]
      }
    },
    {
      "type": "Feature",
      "properties": {
        "P12_001": 10523,
        "P12_002": "ハイキング",
        "P12_003": "26",
        "P12_004": "26364",
        "P12_005": "‐",
        "P12_006": "笠置町",
        "P12_007": null
      },
      "geometry": {
        "type": "MultiPoint",
        "coordinates": [
          [
            135.93948533977664,
            34.76041190808314
          ]
        ]
      }
    },
    {
      "type": "Feature",
      "properties": {
        "P12_001": 10524,
        "P12_002": "木津川（キャンプ・カヌー客）",
        "P12_003": "26",
        "P12_004": "26364",
        "P12_005": "‐",
        "P12_006": "笠置町",
        "P12_007": null
      },
      "geometry": {
        "type": "MultiPoint",
        "coordinates": [
          [
            135.93948533977664,
            34.76041190808314
          ]
        ]
      }
    },
    {
      "type": "Feature",
      "properties": {
        "P12_001": 10525,
        "P12_002": "温泉（笠置いこいの館）",
        "P12_003": "26",
        "P12_004": "26364",
        "P12_005": "‐",
        "P12_006": "笠置町隅田24",
        "P12_007": null
      },
      "geometry": {
        "type": "MultiPoint",
        "coordinates": [
          [
            135.93420800109845,
            34.75704500102603
          ]
        ]
      }
    },
    {
      "type": "Feature",
      "properties": {
        "P12_001": 10526,
        "P12_002": "和束町の茶畑",
        "P12_003": "26",
        "P12_004": "26365",
        "P12_005": "郷土景観",
        "P12_006": "和束町",
        "P12_007": -1
      },
      "geometry": {
        "type": "MultiPoint",
        "coordinates": [
          [
            135.90488000031178,
            34.795709999816665
          ]
        ]
      }
    },
    {
      "type": "Feature",
      "properties": {
        "P12_001": 10527,
        "P12_002": "和束青少年山の家",
        "P12_003": "26",
        "P12_004": "26365",
        "P12_005": "‐",
        "P12_006": "和束町大字白栖小字猪ヶ口25-5",
        "P12_007": null
      },
      "geometry": {
        "type": "MultiPoint",
        "coordinates": [
          [
            135.8965010006208,
            34.79463499970552
          ]
        ]
      }
    },
    {
      "type": "Feature",
      "properties": {
        "P12_001": 10528,
        "P12_002": "和束町体験交流センター",
        "P12_003": "26",
        "P12_004": "26365",
        "P12_005": "‐",
        "P12_006": "和束町中平田23-1",
        "P12_007": -1
      },
      "geometry": {
        "type": "MultiPoint",
        "coordinates": [
          [
            135.9080836345522,
            34.80201726188716
          ]
        ]
      }
    },
    {
      "type": "Feature",
      "properties": {
        "P12_001": 10529,
        "P12_002": "和束運動公園",
        "P12_003": "26",
        "P12_004": "26365",
        "P12_005": "‐",
        "P12_006": "和束町大字白栖小字猪ケ口25-5",
        "P12_007": null
      },
      "geometry": {
        "type": "MultiPoint",
        "coordinates": [
          [
            135.895530000809,
            34.794787000419774
          ]
        ]
      }
    },
    {
      "type": "Feature",
      "properties": {
        "P12_001": 10530,
        "P12_002": "ワラビ取りツアー",
        "P12_003": "26",
        "P12_004": "26365",
        "P12_005": "‐",
        "P12_006": "和束町",
        "P12_007": null
      },
      "geometry": {
        "type": "MultiPoint",
        "coordinates": [
          [
            135.90488000031178,
            34.795709999816665
          ]
        ]
      }
    },
    {
      "type": "Feature",
      "properties": {
        "P12_001": 10531,
        "P12_002": "茶摘み体験ツアー",
        "P12_003": "26",
        "P12_004": "26365",
        "P12_005": "‐",
        "P12_006": "和束町",
        "P12_007": null
      },
      "geometry": {
        "type": "MultiPoint",
        "coordinates": [
          [
            135.90488000031178,
            34.795709999816665
          ]
        ]
      }
    },
    {
      "type": "Feature",
      "properties": {
        "P12_001": 10532,
        "P12_002": "松茸ツアー",
        "P12_003": "26",
        "P12_004": "26365",
        "P12_005": "‐",
        "P12_006": "和束町",
        "P12_007": null
      },
      "geometry": {
        "type": "MultiPoint",
        "coordinates": [
          [
            135.90488000031178,
            34.795709999816665
          ]
        ]
      }
    },
    {
      "type": "Feature",
      "properties": {
        "P12_001": 10533,
        "P12_002": "湯船森林公園",
        "P12_003": "26",
        "P12_004": "26365",
        "P12_005": "‐",
        "P12_006": "和束町湯船籔田",
        "P12_007": null
      },
      "geometry": {
        "type": "MultiPoint",
        "coordinates": [
          [
            135.99403999934657,
            34.83191599942387
          ]
        ]
      }
    },
    {
      "type": "Feature",
      "properties": {
        "P12_001": 10534,
        "P12_002": "茶源郷まつり",
        "P12_003": "26",
        "P12_004": "26365",
        "P12_005": "‐",
        "P12_006": "和束町",
        "P12_007": -1
      },
      "geometry": {
        "type": "MultiPoint",
        "coordinates": [
          [
            135.895530000809,
            34.794787000419774
          ]
        ]
      }
    },
    {
      "type": "Feature",
      "properties": {
        "P12_001": 10535,
        "P12_002": "グリーンフェスタｉｎわづか",
        "P12_003": "26",
        "P12_004": "26365",
        "P12_005": "‐",
        "P12_006": "和束町",
        "P12_007": null
      },
      "geometry": {
        "type": "MultiPoint",
        "coordinates": [
          [
            135.90488000031178,
            34.795709999816665
          ]
        ]
      }
    },
    {
      "type": "Feature",
      "properties": {
        "P12_001": 10536,
        "P12_002": "鷲峰山　金胎寺",
        "P12_003": "26",
        "P12_004": "26365",
        "P12_005": "‐",
        "P12_006": "和束町原山鷲峰山",
        "P12_007": null
      },
      "geometry": {
        "type": "MultiPoint",
        "coordinates": [
          [
            135.9093960008248,
            34.82923199975704
          ]
        ]
      }
    },
    {
      "type": "Feature",
      "properties": {
        "P12_001": 10537,
        "P12_002": "お茶まつり",
        "P12_003": "26",
        "P12_004": "26365",
        "P12_005": "‐",
        "P12_006": "和束町",
        "P12_007": null
      },
      "geometry": {
        "type": "MultiPoint",
        "coordinates": [
          [
            135.90488000031178,
            34.795709999816665
          ]
        ]
      }
    },
    {
      "type": "Feature",
      "properties": {
        "P12_001": 10538,
        "P12_002": "お茶供養まつり",
        "P12_003": "26",
        "P12_004": "26365",
        "P12_005": "‐",
        "P12_006": "和束町",
        "P12_007": null
      },
      "geometry": {
        "type": "MultiPoint",
        "coordinates": [
          [
            135.9093960008248,
            34.82923199975704
          ]
        ]
      }
    },
    {
      "type": "Feature",
      "properties": {
        "P12_001": 10539,
        "P12_002": "和束茶カフェ",
        "P12_003": "26",
        "P12_004": "26365",
        "P12_005": "‐",
        "P12_006": "和束町白栖大狭間35",
        "P12_007": null
      },
      "geometry": {
        "type": "MultiPoint",
        "coordinates": [
          [
            135.89831400059074,
            34.79618700022991
          ]
        ]
      }
    },
    {
      "type": "Feature",
      "properties": {
        "P12_001": 10540,
        "P12_002": "春を呼ぶ茶源郷からの灯り",
        "P12_003": "26",
        "P12_004": "26365",
        "P12_005": "‐",
        "P12_006": "和束町",
        "P12_007": -1
      },
      "geometry": {
        "type": "MultiPoint",
        "coordinates": [
          [
            135.895530000809,
            34.794787000419774
          ]
        ]
      }
    },
    {
      "type": "Feature",
      "properties": {
        "P12_001": 10541,
        "P12_002": "ガイドツアー",
        "P12_003": "26",
        "P12_004": "26365",
        "P12_005": "‐",
        "P12_006": "和束町",
        "P12_007": -1
      },
      "geometry": {
        "type": "MultiPoint",
        "coordinates": [
          [
            135.90488000031178,
            34.795709999816665
          ]
        ]
      }
    },
    {
      "type": "Feature",
      "properties": {
        "P12_001": 10542,
        "P12_002": "茶の道ロングライド",
        "P12_003": "26",
        "P12_004": "26365",
        "P12_005": "‐",
        "P12_006": "和束町",
        "P12_007": -1
      },
      "geometry": {
        "type": "MultiPoint",
        "coordinates": [
          [
            135.90488000031178,
            34.795709999816665
          ]
        ]
      }
    },
    {
      "type": "Feature",
      "properties": {
        "P12_001": 10543,
        "P12_002": "精華町川西観光苺園",
        "P12_003": "26",
        "P12_004": "26366",
        "P12_005": "‐",
        "P12_006": "精華町下狛明法寺94-1",
        "P12_007": null
      },
      "geometry": {
        "type": "MultiPoint",
        "coordinates": [
          [
            135.7876159993789,
            34.770179999707295
          ]
        ]
      }
    },
    {
      "type": "Feature",
      "properties": {
        "P12_001": 10544,
        "P12_002": "けいはんな記念公園",
        "P12_003": "26",
        "P12_004": "26366",
        "P12_005": "‐",
        "P12_006": "精華町精華台6-1",
        "P12_007": null
      },
      "geometry": {
        "type": "MultiPoint",
        "coordinates": [
          [
            135.77510300060305,
            34.74725800025658
          ]
        ]
      }
    },
    {
      "type": "Feature",
      "properties": {
        "P12_001": 10545,
        "P12_002": "華やぎ観光農園",
        "P12_003": "26",
        "P12_004": "26366",
        "P12_005": "‐",
        "P12_006": "精華町下狛鐘付田31",
        "P12_007": null
      },
      "geometry": {
        "type": "MultiPoint",
        "coordinates": [
          [
            135.79062399959798,
            34.7699189993624
          ]
        ]
      }
    },
    {
      "type": "Feature",
      "properties": {
        "P12_001": 10546,
        "P12_002": "野殿童仙房高原",
        "P12_003": "26",
        "P12_004": "26367",
        "P12_005": "‐",
        "P12_006": "南山城村童仙房",
        "P12_007": null
      },
      "geometry": {
        "type": "MultiPoint",
        "coordinates": [
          [
            135.95943199968713,
            34.80121400002611
          ]
        ]
      }
    },
    {
      "type": "Feature",
      "properties": {
        "P12_001": 10547,
        "P12_002": "恋志谷神社・春光寺等",
        "P12_003": "26",
        "P12_004": "26367",
        "P12_005": "‐",
        "P12_006": "南山城村",
        "P12_007": null
      },
      "geometry": {
        "type": "MultiPoint",
        "coordinates": [
          [
            135.98772900059294,
            34.76841400010608
          ],
          [
            135.99678399998163,
            34.773347000064064
          ]
        ]
      }
    },
    {
      "type": "Feature",
      "properties": {
        "P12_001": 10548,
        "P12_002": "グリーンパル南山城",
        "P12_003": "26",
        "P12_004": "26367",
        "P12_005": "‐",
        "P12_006": "南山城村大字田山小字ツルギ55-2",
        "P12_007": null
      },
      "geometry": {
        "type": "MultiPoint",
        "coordinates": [
          [
            136.014726000005,
            34.754310999053416
          ]
        ]
      }
    },
    {
      "type": "Feature",
      "properties": {
        "P12_001": 10549,
        "P12_002": "レイクフォレストリゾート",
        "P12_003": "26",
        "P12_004": "26367",
        "P12_005": "‐",
        "P12_006": "南山城村南大河原新林18",
        "P12_007": null
      },
      "geometry": {
        "type": "MultiPoint",
        "coordinates": [
          [
            135.9897260009542,
            34.74731599933398
          ]
        ]
      }
    },
    {
      "type": "Feature",
      "properties": {
        "P12_001": 10550,
        "P12_002": "月ヶ瀬カントリークラブ",
        "P12_003": "26",
        "P12_004": "26367",
        "P12_005": "‐",
        "P12_006": "南山城村大字田山谷尾112-10",
        "P12_007": null
      },
      "geometry": {
        "type": "MultiPoint",
        "coordinates": [
          [
            136.02713999961134,
            34.7158709998468
          ]
        ]
      }
    },
    {
      "type": "Feature",
      "properties": {
        "P12_001": 10551,
        "P12_002": "農林産物直売施設",
        "P12_003": "26",
        "P12_004": "26367",
        "P12_005": "‐",
        "P12_006": "南山城村大字北大河原小字久保1-3",
        "P12_007": null
      },
      "geometry": {
        "type": "MultiPoint",
        "coordinates": [
          [
            135.99141800074017,
            34.77276999953591
          ]
        ]
      }
    },
    {
      "type": "Feature",
      "properties": {
        "P12_001": 10552,
        "P12_002": "高山ダム・木津川周辺",
        "P12_003": "26",
        "P12_004": "26367",
        "P12_005": "‐",
        "P12_006": "南山城村",
        "P12_007": null
      },
      "geometry": {
        "type": "MultiPoint",
        "coordinates": [
          [
            136.01128300041023,
            34.7529809997734
          ]
        ]
      }
    },
    {
      "type": "Feature",
      "properties": {
        "P12_001": 10553,
        "P12_002": "田山花踊り",
        "P12_003": "26",
        "P12_004": "26367",
        "P12_005": "‐",
        "P12_006": "南山城村",
        "P12_007": null
      },
      "geometry": {
        "type": "MultiPoint",
        "coordinates": [
          [
            136.02174800096952,
            34.7391249993193
          ]
        ]
      }
    },
    {
      "type": "Feature",
      "properties": {
        "P12_001": 10554,
        "P12_002": "京都食彩の工房",
        "P12_003": "26",
        "P12_004": "26407",
        "P12_005": "‐",
        "P12_006": "京丹波町高岡島田23",
        "P12_007": null
      },
      "geometry": {
        "type": "MultiPoint",
        "coordinates": [
          [
            135.41372500090813,
            35.13291300073445
          ]
        ]
      }
    },
    {
      "type": "Feature",
      "properties": {
        "P12_001": 10555,
        "P12_002": "グランペール京都ゴルフ倶楽部",
        "P12_003": "26",
        "P12_004": "26407",
        "P12_005": "‐",
        "P12_006": "京丹波町実勢上ノ谷4－1",
        "P12_007": null
      },
      "geometry": {
        "type": "MultiPoint",
        "coordinates": [
          [
            135.45808100043791,
            35.17707400026495
          ]
        ]
      }
    },
    {
      "type": "Feature",
      "properties": {
        "P12_001": 10556,
        "P12_002": "道の駅「和」",
        "P12_003": "26",
        "P12_004": "26407",
        "P12_005": "‐",
        "P12_006": "京丹波町坂原上モジリ11",
        "P12_007": null
      },
      "geometry": {
        "type": "MultiPoint",
        "coordinates": [
          [
            135.39755900094724,
            35.27025000013742
          ]
        ]
      }
    },
    {
      "type": "Feature",
      "properties": {
        "P12_001": 10557,
        "P12_002": "太閤坦カントリークラブ",
        "P12_003": "26",
        "P12_004": "26407",
        "P12_005": "‐",
        "P12_006": "京丹波町字上野41-6",
        "P12_007": null
      },
      "geometry": {
        "type": "MultiPoint",
        "coordinates": [
          [
            135.44812399902344,
            35.16442299962176
          ]
        ]
      }
    },
    {
      "type": "Feature",
      "properties": {
        "P12_001": 10558,
        "P12_002": "京都府立丹波自然運動公園",
        "P12_003": "26",
        "P12_004": "26407",
        "P12_005": "‐",
        "P12_006": "京丹波町曽根崩下代110-7",
        "P12_007": null
      },
      "geometry": {
        "type": "MultiPoint",
        "coordinates": [
          [
            135.4157610003699,
            35.16599900035362
          ]
        ]
      }
    },
    {
      "type": "Feature",
      "properties": {
        "P12_001": 10559,
        "P12_002": "グリーンランドみずほ",
        "P12_003": "26",
        "P12_004": "26407",
        "P12_005": "‐",
        "P12_006": "京丹波町大朴皿引1-4",
        "P12_007": null
      },
      "geometry": {
        "type": "MultiPoint",
        "coordinates": [
          [
            135.36566999987065,
            35.164214999023045
          ]
        ]
      }
    },
    {
      "type": "Feature",
      "properties": {
        "P12_001": 10560,
        "P12_002": "道の駅｢マーケス」（朝市）",
        "P12_003": "26",
        "P12_004": "26407",
        "P12_005": "‐",
        "P12_006": "京丹波町須知色紙田3-5",
        "P12_007": null
      },
      "geometry": {
        "type": "MultiPoint",
        "coordinates": [
          [
            135.42870500013566,
            35.15481299982014
          ]
        ]
      }
    },
    {
      "type": "Feature",
      "properties": {
        "P12_001": 10561,
        "P12_002": "質志鍾乳洞公園",
        "P12_003": "26",
        "P12_004": "26407",
        "P12_005": "‐",
        "P12_006": "京丹波町",
        "P12_007": null
      },
      "geometry": {
        "type": "MultiPoint",
        "coordinates": [
          [
            135.32022799972242,
            35.237069999780715
          ]
        ]
      }
    },
    {
      "type": "Feature",
      "properties": {
        "P12_001": 10562,
        "P12_002": "丹波ワインハウス",
        "P12_003": "26",
        "P12_004": "26407",
        "P12_005": "‐",
        "P12_006": "京丹波町豊田千原83",
        "P12_007": null
      },
      "geometry": {
        "type": "MultiPoint",
        "coordinates": [
          [
            135.396901000281,
            35.1716359995018
          ]
        ]
      }
    },
    {
      "type": "Feature",
      "properties": {
        "P12_001": 10563,
        "P12_002": "瑞穂ゴルフ倶楽部",
        "P12_003": "26",
        "P12_004": "26407",
        "P12_005": "‐",
        "P12_006": "京丹波町大朴皿引１",
        "P12_007": null
      },
      "geometry": {
        "type": "MultiPoint",
        "coordinates": [
          [
            135.37185900019279,
            35.16211999953839
          ]
        ]
      }
    },
    {
      "type": "Feature",
      "properties": {
        "P12_001": 10564,
        "P12_002": "わち山野草の森",
        "P12_003": "26",
        "P12_004": "26407",
        "P12_005": "‐",
        "P12_006": "京丹波町坂原シヨガキ5",
        "P12_007": null
      },
      "geometry": {
        "type": "MultiPoint",
        "coordinates": [
          [
            135.39808399907736,
            35.265813999716386
          ]
        ]
      }
    },
    {
      "type": "Feature",
      "properties": {
        "P12_001": 10565,
        "P12_002": "道の駅「さらびき」",
        "P12_003": "26",
        "P12_004": "26407",
        "P12_005": "‐",
        "P12_006": "京丹波町大朴休石10-1",
        "P12_007": null
      },
      "geometry": {
        "type": "MultiPoint",
        "coordinates": [
          [
            135.36138500101708,
            35.167300000095
          ]
        ]
      }
    },
    {
      "type": "Feature",
      "properties": {
        "P12_001": 10566,
        "P12_002": "伊根の舟屋群",
        "P12_003": "26",
        "P12_004": "26463",
        "P12_005": "集落・街",
        "P12_006": "伊根町平田",
        "P12_007": -1
      },
      "geometry": {
        "type": "MultiPoint",
        "coordinates": [
          [
            135.28671699939002,
            35.6753780001946
          ]
        ]
      }
    },
    {
      "type": "Feature",
      "properties": {
        "P12_001": 10567,
        "P12_002": "舟屋の里公園",
        "P12_003": "26",
        "P12_004": "26463",
        "P12_005": "‐",
        "P12_006": "伊根町字亀島459",
        "P12_007": null
      },
      "geometry": {
        "type": "MultiPoint",
        "coordinates": [
          [
            135.29110999962688,
            35.67447800005971
          ]
        ]
      }
    },
    {
      "type": "Feature",
      "properties": {
        "P12_001": 10568,
        "P12_002": "水の江里浦嶋公園",
        "P12_003": "26",
        "P12_004": "26463",
        "P12_005": "‐",
        "P12_006": "伊根町本庄浜111-1",
        "P12_007": null
      },
      "geometry": {
        "type": "MultiPoint",
        "coordinates": [
          [
            135.25729401310832,
            35.7297529707231
          ]
        ]
      }
    },
    {
      "type": "Feature",
      "properties": {
        "P12_001": 10569,
        "P12_002": "伊根湾めぐり遊覧船",
        "P12_003": "26",
        "P12_004": "26463",
        "P12_005": "‐",
        "P12_006": "伊根町",
        "P12_007": null
      },
      "geometry": {
        "type": "MultiPoint",
        "coordinates": [
          [
            135.2860929993925,
            35.67136299940296
          ]
        ]
      }
    },
    {
      "type": "Feature",
      "properties": {
        "P12_001": 10570,
        "P12_002": "泊海水浴場",
        "P12_003": "26",
        "P12_004": "26463",
        "P12_005": "‐",
        "P12_006": "伊根町",
        "P12_007": null
      },
      "geometry": {
        "type": "MultiPoint",
        "coordinates": [
          [
            135.28576100026999,
            35.705434999525664
          ]
        ]
      }
    },
    {
      "type": "Feature",
      "properties": {
        "P12_001": 10571,
        "P12_002": "本庄浜海水浴場",
        "P12_003": "26",
        "P12_004": "26463",
        "P12_005": "‐",
        "P12_006": "伊根町",
        "P12_007": null
      },
      "geometry": {
        "type": "MultiPoint",
        "coordinates": [
          [
            135.27391599992347,
            35.73059199952121
          ]
        ]
      }
    },
    {
      "type": "Feature",
      "properties": {
        "P12_001": 10572,
        "P12_002": "奥伊根温泉",
        "P12_003": "26",
        "P12_004": "26463",
        "P12_005": "‐",
        "P12_006": "伊根町",
        "P12_007": null
      },
      "geometry": {
        "type": "MultiPoint",
        "coordinates": [
          [
            135.28745100086303,
            35.71456400052824
          ]
        ]
      }
    },
    {
      "type": "Feature",
      "properties": {
        "P12_001": 10573,
        "P12_002": "伊根温泉リゾート",
        "P12_003": "26",
        "P12_004": "26463",
        "P12_005": "‐",
        "P12_006": "伊根町六万部465-8",
        "P12_007": -1
      },
      "geometry": {
        "type": "MultiPoint",
        "coordinates": [
          [
            135.28397099956203,
            35.7020149991929
          ]
        ]
      }
    },
    {
      "type": "Feature",
      "properties": {
        "P12_001": 10574,
        "P12_002": "古墳公園",
        "P12_003": "26",
        "P12_004": "26465",
        "P12_005": "‐",
        "P12_006": "与謝野町字明石2341",
        "P12_007": null
      },
      "geometry": {
        "type": "MultiPoint",
        "coordinates": [
          [
            135.1045660000209,
            35.50645600024427
          ]
        ]
      }
    },
    {
      "type": "Feature",
      "properties": {
        "P12_001": 10575,
        "P12_002": "江山文庫",
        "P12_003": "26",
        "P12_004": "26465",
        "P12_005": "‐",
        "P12_006": "与謝野町金屋1682",
        "P12_007": null
      },
      "geometry": {
        "type": "MultiPoint",
        "coordinates": [
          [
            135.1038880002311,
            35.48129499916496
          ]
        ]
      }
    },
    {
      "type": "Feature",
      "properties": {
        "P12_001": 10576,
        "P12_002": "椿文化資料館",
        "P12_003": "26",
        "P12_004": "26465",
        "P12_005": "‐",
        "P12_006": "与謝野町滝1986",
        "P12_007": null
      },
      "geometry": {
        "type": "MultiPoint",
        "coordinates": [
          [
            135.0593509995491,
            35.47559499980946
          ]
        ]
      }
    },
    {
      "type": "Feature",
      "properties": {
        "P12_001": 10577,
        "P12_002": "旧尾藤家住宅",
        "P12_003": "26",
        "P12_004": "26465",
        "P12_005": "‐",
        "P12_006": "与謝野町加悦1085",
        "P12_007": null
      },
      "geometry": {
        "type": "MultiPoint",
        "coordinates": [
          [
            135.09197800048435,
            35.50458100011309
          ]
        ]
      }
    },
    {
      "type": "Feature",
      "properties": {
        "P12_001": 10578,
        "P12_002": "文化・工芸の里（旧：加悦工芸の里）",
        "P12_003": "26",
        "P12_004": "26465",
        "P12_005": "‐",
        "P12_006": "与謝野町",
        "P12_007": null
      },
      "geometry": {
        "type": "MultiPoint",
        "coordinates": [
          [
            135.15288609062065,
            35.56534349090941
          ]
        ]
      }
    },
    {
      "type": "Feature",
      "properties": {
        "P12_001": 10579,
        "P12_002": "平林キャンプ場",
        "P12_003": "26",
        "P12_004": "26465",
        "P12_005": "‐",
        "P12_006": "与謝野町字滝小字平林",
        "P12_007": null
      },
      "geometry": {
        "type": "MultiPoint",
        "coordinates": [
          [
            135.09833599960677,
            35.47952500027861
          ]
        ]
      }
    },
    {
      "type": "Feature",
      "properties": {
        "P12_001": 10580,
        "P12_002": "池ヶ成キャンプ場",
        "P12_003": "26",
        "P12_004": "26465",
        "P12_005": "‐",
        "P12_006": "与謝野町字温江",
        "P12_007": null
      },
      "geometry": {
        "type": "MultiPoint",
        "coordinates": [
          [
            135.11669799921333,
            35.48053300089731
          ]
        ]
      }
    },
    {
      "type": "Feature",
      "properties": {
        "P12_001": 10581,
        "P12_002": "加悦双峰公園",
        "P12_003": "26",
        "P12_004": "26465",
        "P12_005": "‐",
        "P12_006": "与謝野町与謝292-2",
        "P12_007": null
      },
      "geometry": {
        "type": "MultiPoint",
        "coordinates": [
          [
            135.09093799928928,
            35.44620399971484
          ]
        ]
      }
    },
    {
      "type": "Feature",
      "properties": {
        "P12_001": 10582,
        "P12_002": "滝のツバキ公園",
        "P12_003": "26",
        "P12_004": "26465",
        "P12_005": "‐",
        "P12_006": "与謝野町滝316",
        "P12_007": null
      },
      "geometry": {
        "type": "MultiPoint",
        "coordinates": [
          [
            135.05713499988042,
            35.465640000285816
          ]
        ]
      }
    },
    {
      "type": "Feature",
      "properties": {
        "P12_001": 10583,
        "P12_002": "加悦ＳＬ広場",
        "P12_003": "26",
        "P12_004": "26465",
        "P12_005": "‐",
        "P12_006": "与謝野町滝941-2",
        "P12_007": null
      },
      "geometry": {
        "type": "MultiPoint",
        "coordinates": [
          [
            135.09243699916829,
            35.480849999328086
          ]
        ]
      }
    },
    {
      "type": "Feature",
      "properties": {
        "P12_001": 10584,
        "P12_002": "かや山の家",
        "P12_003": "26",
        "P12_004": "26465",
        "P12_005": "‐",
        "P12_006": "与謝野町宇温江1400",
        "P12_007": null
      },
      "geometry": {
        "type": "MultiPoint",
        "coordinates": [
          [
            135.10465600057398,
            35.4958810009075
          ]
        ]
      }
    },
    {
      "type": "Feature",
      "properties": {
        "P12_001": 10585,
        "P12_002": "道の駅シルクのまちかや",
        "P12_003": "26",
        "P12_004": "26465",
        "P12_005": "‐",
        "P12_006": "与謝野町滝98",
        "P12_007": null
      },
      "geometry": {
        "type": "MultiPoint",
        "coordinates": [
          [
            135.0936540004318,
            35.48153599948682
          ]
        ]
      }
    },
    {
      "type": "Feature",
      "properties": {
        "P12_001": 10586,
        "P12_002": "ちんざん",
        "P12_003": "26",
        "P12_004": "26465",
        "P12_005": "‐",
        "P12_006": "与謝野町滝1991",
        "P12_007": null
      },
      "geometry": {
        "type": "MultiPoint",
        "coordinates": [
          [
            135.05905100010364,
            35.47516999999556
          ]
        ]
      }
    },
    {
      "type": "Feature",
      "properties": {
        "P12_001": 10587,
        "P12_002": "クアハウス岩滝",
        "P12_003": "26",
        "P12_004": "26465",
        "P12_005": "‐",
        "P12_006": "与謝野町岩滝470",
        "P12_007": null
      },
      "geometry": {
        "type": "MultiPoint",
        "coordinates": [
          [
            135.15361900031667,
            35.57243800061332
          ]
        ]
      }
    },
    {
      "type": "Feature",
      "properties": {
        "P12_001": 10588,
        "P12_002": "大内峠一字観公園",
        "P12_003": "26",
        "P12_004": "26465",
        "P12_005": "‐",
        "P12_006": "与謝野町字弓木3211",
        "P12_007": null
      },
      "geometry": {
        "type": "MultiPoint",
        "coordinates": [
          [
            135.13616199927696,
            35.56493999928159
          ]
        ]
      }
    },
    {
      "type": "Feature",
      "properties": {
        "P12_001": 10589,
        "P12_002": "橋立ベイホテル",
        "P12_003": "26",
        "P12_004": "26465",
        "P12_005": "‐",
        "P12_006": "与謝野町字岩滝68",
        "P12_007": null
      },
      "geometry": {
        "type": "MultiPoint",
        "coordinates": [
          [
            135.1543860006135,
            35.57352999970976
          ]
        ]
      }
    },
    {
      "type": "Feature",
      "properties": {
        "P12_001": 10590,
        "P12_002": "ホテル喜楽家",
        "P12_003": "26",
        "P12_004": "26465",
        "P12_005": "‐",
        "P12_006": "与謝野町字男山81",
        "P12_007": null
      },
      "geometry": {
        "type": "MultiPoint",
        "coordinates": [
          [
            135.15924595763488,
            35.56919736196875
          ]
        ]
      }
    },
    {
      "type": "Feature",
      "properties": {
        "P12_001": 10591,
        "P12_002": "夢織館・シルクロード衣装館",
        "P12_003": "26",
        "P12_004": "26465",
        "P12_005": "‐",
        "P12_006": "与謝野町弓木",
        "P12_007": null
      },
      "geometry": {
        "type": "MultiPoint",
        "coordinates": [
          [
            135.15288609062065,
            35.56534349090941
          ]
        ]
      }
    },
    {
      "type": "Feature",
      "properties": {
        "P12_001": 10592,
        "P12_002": "京都府野田川ユースセンター",
        "P12_003": "26",
        "P12_004": "26465",
        "P12_005": "‐",
        "P12_006": "与謝野町字三河内小字梅谷48-1",
        "P12_007": null
      },
      "geometry": {
        "type": "MultiPoint",
        "coordinates": [
          [
            135.088848999182,
            35.52460700001308
          ]
        ]
      }
    },
    {
      "type": "Feature",
      "properties": {
        "P12_001": 10593,
        "P12_002": "野田川町フォレストパーク",
        "P12_003": "26",
        "P12_004": "26465",
        "P12_005": "‐",
        "P12_006": "与謝野町字三河内28",
        "P12_007": null
      },
      "geometry": {
        "type": "MultiPoint",
        "coordinates": [
          [
            135.09057000030532,
            35.52512099943465
          ]
        ]
      }
    },
    {
      "type": "Feature",
      "properties": {
        "P12_001": 10594,
        "P12_002": "出雲大社巌分祠",
        "P12_003": "26",
        "P12_004": "26465",
        "P12_005": "‐",
        "P12_006": "与謝野町三河内146",
        "P12_007": null
      },
      "geometry": {
        "type": "MultiPoint",
        "coordinates": [
          [
            135.08576399900937,
            35.51803800015364
          ]
        ]
      }
    },
    {
      "type": "Feature",
      "properties": {
        "P12_001": 10595,
        "P12_002": "丹後ちりめん歴史館",
        "P12_003": "26",
        "P12_004": "26465",
        "P12_005": "‐",
        "P12_006": "与謝野町岩屋317",
        "P12_007": null
      },
      "geometry": {
        "type": "MultiPoint",
        "coordinates": [
          [
            135.07856499977504,
            35.52835900036763
          ]
        ]
      }
    },
    {
      "type": "Feature",
      "properties": {
        "P12_001": 10596,
        "P12_002": "ひまわりフェスティバル",
        "P12_003": "26",
        "P12_004": "26465",
        "P12_005": "‐",
        "P12_006": "与謝野町字金屋",
        "P12_007": null
      },
      "geometry": {
        "type": "MultiPoint",
        "coordinates": [
          [
            135.10249499984445,
            35.48476400085798
          ]
        ]
      }
    },
    {
      "type": "Feature",
      "properties": {
        "P12_001": 10597,
        "P12_002": "リフレかやの里",
        "P12_003": "26",
        "P12_004": "26465",
        "P12_005": "‐",
        "P12_006": "与謝野町字金屋1730",
        "P12_007": null
      },
      "geometry": {
        "type": "MultiPoint",
        "coordinates": [
          [
            135.10187199989298,
            35.48346699950247
          ]
        ]
      }
    }
  ],
  "bbox": [
    134.8824579998369,
    34.7129044421863,
    136.02713999961134,
    35.77861800101999
  ]
}