{
  "type": "FeatureCollection",
  "features": [
    {
      "type": "Feature",
      "properties": {
        "P12_001": 10001,
        "P12_002": "東大寺",
        "P12_003": "29",
        "P12_004": "29201",
        "P12_005": "神社・寺院・教会",
        "P12_006": "奈良市",
        "P12_007": null
      },
      "geometry": {
        "type": "MultiPoint",
        "coordinates": [
          [
            135.83984461014074,
            34.68893237992546
          ]
        ]
      }
    },
    {
      "type": "Feature",
      "properties": {
        "P12_001": 10002,
        "P12_002": "奈良国立博物館",
        "P12_003": "29",
        "P12_004": "29201",
        "P12_005": "博物館・美術館",
        "P12_006": "奈良市",
        "P12_007": null
      },
      "geometry": {
        "type": "MultiPoint",
        "coordinates": [
          [
            135.83800400008465,
            34.683072999119645
          ]
        ]
      }
    },
    {
      "type": "Feature",
      "properties": {
        "P12_001": 10003,
        "P12_002": "唐招提寺",
        "P12_003": "29",
        "P12_004": "29201",
        "P12_005": "神社・寺院・教会",
        "P12_006": "奈良市",
        "P12_007": null
      },
      "geometry": {
        "type": "MultiPoint",
        "coordinates": [
          [
            135.7848329996433,
            34.67556100073966
          ]
        ]
      }
    },
    {
      "type": "Feature",
      "properties": {
        "P12_001": 10004,
        "P12_002": "薬師寺",
        "P12_003": "29",
        "P12_004": "29201",
        "P12_005": "神社・寺院・教会",
        "P12_006": "奈良市",
        "P12_007": null
      },
      "geometry": {
        "type": "MultiPoint",
        "coordinates": [
          [
            135.7843129990457,
            34.66835200014475
          ]
        ]
      }
    },
    {
      "type": "Feature",
      "properties": {
        "P12_001": 10005,
        "P12_002": "東大寺二月堂修二会（お水取り）",
        "P12_003": "29",
        "P12_004": "29201",
        "P12_005": "年中行事",
        "P12_006": "奈良市",
        "P12_007": null
      },
      "geometry": {
        "type": "MultiPoint",
        "coordinates": [
          [
            135.84427999992215,
            34.689283999557006
          ]
        ]
      }
    },
    {
      "type": "Feature",
      "properties": {
        "P12_001": 10006,
        "P12_002": "奈良のシカ",
        "P12_003": "29",
        "P12_004": "29201",
        "P12_005": "動物",
        "P12_006": "奈良市",
        "P12_007": -1
      },
      "geometry": {
        "type": "MultiPoint",
        "coordinates": [
          [
            135.84301199990398,
            34.68504700021896
          ]
        ]
      }
    },
    {
      "type": "Feature",
      "properties": {
        "P12_001": 10007,
        "P12_002": "平城宮跡",
        "P12_003": "29",
        "P12_004": "29201",
        "P12_005": "史跡",
        "P12_006": "奈良市",
        "P12_007": -1
      },
      "geometry": {
        "type": "MultiPoint",
        "coordinates": [
          [
            135.79428100006817,
            34.69071000056613
          ]
        ]
      }
    },
    {
      "type": "Feature",
      "properties": {
        "P12_001": 10008,
        "P12_002": "春日大社",
        "P12_003": "29",
        "P12_004": "29201",
        "P12_005": "神社・寺院・教会",
        "P12_006": "奈良市",
        "P12_007": -1
      },
      "geometry": {
        "type": "MultiPoint",
        "coordinates": [
          [
            135.84838599951433,
            34.68138000018689
          ]
        ]
      }
    },
    {
      "type": "Feature",
      "properties": {
        "P12_001": 10009,
        "P12_002": "興福寺",
        "P12_003": "29",
        "P12_004": "29201",
        "P12_005": "神社・寺院・教会",
        "P12_006": "奈良市",
        "P12_007": -1
      },
      "geometry": {
        "type": "MultiPoint",
        "coordinates": [
          [
            135.83222699987618,
            34.682883000250285
          ]
        ]
      }
    },
    {
      "type": "Feature",
      "properties": {
        "P12_001": 10010,
        "P12_002": "慈眼寺",
        "P12_003": "29",
        "P12_004": "29201",
        "P12_005": "‐",
        "P12_006": "奈良市",
        "P12_007": null
      },
      "geometry": {
        "type": "MultiPoint",
        "coordinates": [
          [
            135.82583200084628,
            34.68801300029975
          ]
        ]
      }
    },
    {
      "type": "Feature",
      "properties": {
        "P12_001": 10011,
        "P12_002": "称名寺",
        "P12_003": "29",
        "P12_004": "29201",
        "P12_005": "‐",
        "P12_006": "奈良市",
        "P12_007": null
      },
      "geometry": {
        "type": "MultiPoint",
        "coordinates": [
          [
            135.82469099949014,
            34.687090000003536
          ]
        ]
      }
    },
    {
      "type": "Feature",
      "properties": {
        "P12_001": 10012,
        "P12_002": "興福寺・国宝館",
        "P12_003": "29",
        "P12_004": "29201",
        "P12_005": "‐",
        "P12_006": "奈良市",
        "P12_007": null
      },
      "geometry": {
        "type": "MultiPoint",
        "coordinates": [
          [
            135.83254500015175,
            34.683533000547584
          ]
        ]
      }
    },
    {
      "type": "Feature",
      "properties": {
        "P12_001": 10013,
        "P12_002": "元興寺",
        "P12_003": "29",
        "P12_004": "29201",
        "P12_005": "‐",
        "P12_006": "奈良市",
        "P12_007": null
      },
      "geometry": {
        "type": "MultiPoint",
        "coordinates": [
          [
            135.83134355805885,
            34.677742103115634
          ]
        ]
      }
    },
    {
      "type": "Feature",
      "properties": {
        "P12_001": 10014,
        "P12_002": "十輪院",
        "P12_003": "29",
        "P12_004": "29201",
        "P12_005": "‐",
        "P12_006": "奈良市",
        "P12_007": null
      },
      "geometry": {
        "type": "MultiPoint",
        "coordinates": [
          [
            135.8332145364218,
            34.67625746361114
          ]
        ]
      }
    },
    {
      "type": "Feature",
      "properties": {
        "P12_001": 10015,
        "P12_002": "率川神社",
        "P12_003": "29",
        "P12_004": "29201",
        "P12_005": "‐",
        "P12_006": "奈良市",
        "P12_007": null
      },
      "geometry": {
        "type": "MultiPoint",
        "coordinates": [
          [
            135.82573299987814,
            34.68128300021033
          ]
        ]
      }
    },
    {
      "type": "Feature",
      "properties": {
        "P12_001": 10016,
        "P12_002": "漢国神社（林神社）",
        "P12_003": "29",
        "P12_004": "29201",
        "P12_005": "‐",
        "P12_006": "奈良市",
        "P12_007": null
      },
      "geometry": {
        "type": "MultiPoint",
        "coordinates": [
          [
            135.8254369997178,
            34.68354000087038
          ]
        ]
      }
    },
    {
      "type": "Feature",
      "properties": {
        "P12_001": 10017,
        "P12_002": "奈良県立美術館",
        "P12_003": "29",
        "P12_004": "29201",
        "P12_005": "‐",
        "P12_006": "奈良市",
        "P12_007": null
      },
      "geometry": {
        "type": "MultiPoint",
        "coordinates": [
          [
            135.8327570000356,
            34.68591899996193
          ]
        ]
      }
    },
    {
      "type": "Feature",
      "properties": {
        "P12_001": 10018,
        "P12_002": "奈良県商工観光館（きて　みて　なら　SHOP）",
        "P12_003": "29",
        "P12_004": "29201",
        "P12_005": "‐",
        "P12_006": "奈良市",
        "P12_007": null
      },
      "geometry": {
        "type": "MultiPoint",
        "coordinates": [
          [
            135.8292929994724,
            34.684804000704105
          ]
        ]
      }
    },
    {
      "type": "Feature",
      "properties": {
        "P12_001": 10019,
        "P12_002": "なら奈良館",
        "P12_003": "29",
        "P12_004": "29201",
        "P12_005": "‐",
        "P12_006": "奈良市",
        "P12_007": null
      },
      "geometry": {
        "type": "MultiPoint",
        "coordinates": [
          [
            135.82815900023775,
            34.684108000084166
          ]
        ]
      }
    },
    {
      "type": "Feature",
      "properties": {
        "P12_001": 10020,
        "P12_002": "奈良市観光センター",
        "P12_003": "29",
        "P12_004": "29201",
        "P12_005": "‐",
        "P12_006": "奈良市",
        "P12_007": null
      },
      "geometry": {
        "type": "MultiPoint",
        "coordinates": [
          [
            135.82585399916275,
            34.682235000045296
          ]
        ]
      }
    },
    {
      "type": "Feature",
      "properties": {
        "P12_001": 10021,
        "P12_002": "あしびの郷",
        "P12_003": "29",
        "P12_004": "29201",
        "P12_005": "‐",
        "P12_006": "奈良市",
        "P12_007": null
      },
      "geometry": {
        "type": "MultiPoint",
        "coordinates": [
          [
            135.82863199956716,
            34.67788099980834
          ]
        ]
      }
    },
    {
      "type": "Feature",
      "properties": {
        "P12_001": 10022,
        "P12_002": "名勝大乗院庭園文化館",
        "P12_003": "29",
        "P12_004": "29201",
        "P12_005": "‐",
        "P12_006": "奈良市",
        "P12_007": null
      },
      "geometry": {
        "type": "MultiPoint",
        "coordinates": [
          [
            135.83448799982136,
            34.67771400020098
          ]
        ]
      }
    },
    {
      "type": "Feature",
      "properties": {
        "P12_001": 10023,
        "P12_002": "今西家書院",
        "P12_003": "29",
        "P12_004": "29201",
        "P12_005": "‐",
        "P12_006": "奈良市",
        "P12_007": null
      },
      "geometry": {
        "type": "MultiPoint",
        "coordinates": [
          [
            135.8340510003535,
            34.67695699946603
          ]
        ]
      }
    },
    {
      "type": "Feature",
      "properties": {
        "P12_001": 10024,
        "P12_002": "奈良市音声館",
        "P12_003": "29",
        "P12_004": "29201",
        "P12_005": "‐",
        "P12_006": "奈良市",
        "P12_007": null
      },
      "geometry": {
        "type": "MultiPoint",
        "coordinates": [
          [
            135.8286779998898,
            34.67604600062248
          ]
        ]
      }
    },
    {
      "type": "Feature",
      "properties": {
        "P12_001": 10025,
        "P12_002": "奈良市ならまち格子の家",
        "P12_003": "29",
        "P12_004": "29201",
        "P12_005": "‐",
        "P12_006": "奈良市",
        "P12_007": null
      },
      "geometry": {
        "type": "MultiPoint",
        "coordinates": [
          [
            135.83073099923627,
            34.67501599988856
          ]
        ]
      }
    },
    {
      "type": "Feature",
      "properties": {
        "P12_001": 10026,
        "P12_002": "ならまち振興館",
        "P12_003": "29",
        "P12_004": "29201",
        "P12_005": "‐",
        "P12_006": "奈良市",
        "P12_007": null
      },
      "geometry": {
        "type": "MultiPoint",
        "coordinates": [
          [
            135.8307359994668,
            34.67406900028419
          ]
        ]
      }
    },
    {
      "type": "Feature",
      "properties": {
        "P12_001": 10027,
        "P12_002": "春日大社（宝物殿・万葉植物園）",
        "P12_003": "29",
        "P12_004": "29201",
        "P12_005": "‐",
        "P12_006": "奈良市",
        "P12_007": null
      },
      "geometry": {
        "type": "MultiPoint",
        "coordinates": [
          [
            135.8465619999364,
            34.68146899979456
          ]
        ]
      }
    },
    {
      "type": "Feature",
      "properties": {
        "P12_001": 10028,
        "P12_002": "福智院",
        "P12_003": "29",
        "P12_004": "29201",
        "P12_005": "‐",
        "P12_006": "奈良市",
        "P12_007": null
      },
      "geometry": {
        "type": "MultiPoint",
        "coordinates": [
          [
            135.83533399926466,
            34.677044000780086
          ]
        ]
      }
    },
    {
      "type": "Feature",
      "properties": {
        "P12_001": 10029,
        "P12_002": "新薬師寺",
        "P12_003": "29",
        "P12_004": "29201",
        "P12_005": "‐",
        "P12_006": "奈良市",
        "P12_007": null
      },
      "geometry": {
        "type": "MultiPoint",
        "coordinates": [
          [
            135.84617400003015,
            34.67586399942411
          ]
        ]
      }
    },
    {
      "type": "Feature",
      "properties": {
        "P12_001": 10030,
        "P12_002": "白毫寺",
        "P12_003": "29",
        "P12_004": "29201",
        "P12_005": "‐",
        "P12_006": "奈良市",
        "P12_007": null
      },
      "geometry": {
        "type": "MultiPoint",
        "coordinates": [
          [
            135.85121099938817,
            34.67096000080346
          ]
        ]
      }
    },
    {
      "type": "Feature",
      "properties": {
        "P12_001": 10031,
        "P12_002": "奈良の鹿愛護会",
        "P12_003": "29",
        "P12_004": "29201",
        "P12_005": "‐",
        "P12_006": "奈良市",
        "P12_007": null
      },
      "geometry": {
        "type": "MultiPoint",
        "coordinates": [
          [
            135.84364999964782,
            34.68043299968326
          ]
        ]
      }
    },
    {
      "type": "Feature",
      "properties": {
        "P12_001": 10032,
        "P12_002": "依水園・寧楽美術館",
        "P12_003": "29",
        "P12_004": "29201",
        "P12_005": "‐",
        "P12_006": "奈良市",
        "P12_007": null
      },
      "geometry": {
        "type": "MultiPoint",
        "coordinates": [
          [
            135.83715140051675,
            34.68605287484036
          ],
          [
            135.8376710000167,
            34.68568800010115
          ]
        ]
      }
    },
    {
      "type": "Feature",
      "properties": {
        "P12_001": 10033,
        "P12_002": "志賀直哉旧居",
        "P12_003": "29",
        "P12_004": "29201",
        "P12_005": "‐",
        "P12_006": "奈良市",
        "P12_007": null
      },
      "geometry": {
        "type": "MultiPoint",
        "coordinates": [
          [
            135.84362699948645,
            34.67781400031589
          ]
        ]
      }
    },
    {
      "type": "Feature",
      "properties": {
        "P12_001": 10034,
        "P12_002": "奈良市写真美術館",
        "P12_003": "29",
        "P12_004": "29201",
        "P12_005": "‐",
        "P12_006": "奈良市",
        "P12_007": null
      },
      "geometry": {
        "type": "MultiPoint",
        "coordinates": [
          [
            135.84543300003304,
            34.67559900069335
          ]
        ]
      }
    },
    {
      "type": "Feature",
      "properties": {
        "P12_001": 10035,
        "P12_002": "秋篠寺",
        "P12_003": "29",
        "P12_004": "29201",
        "P12_005": "‐",
        "P12_006": "奈良市",
        "P12_007": null
      },
      "geometry": {
        "type": "MultiPoint",
        "coordinates": [
          [
            135.77564299942492,
            34.7031659994114
          ]
        ]
      }
    },
    {
      "type": "Feature",
      "properties": {
        "P12_001": 10036,
        "P12_002": "般若寺",
        "P12_003": "29",
        "P12_004": "29201",
        "P12_005": "‐",
        "P12_006": "奈良市",
        "P12_007": null
      },
      "geometry": {
        "type": "MultiPoint",
        "coordinates": [
          [
            135.8362159994689,
            34.700066000345714
          ]
        ]
      }
    },
    {
      "type": "Feature",
      "properties": {
        "P12_001": 10037,
        "P12_002": "不退寺",
        "P12_003": "29",
        "P12_004": "29201",
        "P12_005": "‐",
        "P12_006": "奈良市",
        "P12_007": null
      },
      "geometry": {
        "type": "MultiPoint",
        "coordinates": [
          [
            135.8125189993524,
            34.69477900025072
          ]
        ]
      }
    },
    {
      "type": "Feature",
      "properties": {
        "P12_001": 10038,
        "P12_002": "法華寺",
        "P12_003": "29",
        "P12_004": "29201",
        "P12_005": "‐",
        "P12_006": "奈良市",
        "P12_007": null
      },
      "geometry": {
        "type": "MultiPoint",
        "coordinates": [
          [
            135.80412199973057,
            34.69240600053655
          ]
        ]
      }
    },
    {
      "type": "Feature",
      "properties": {
        "P12_001": 10039,
        "P12_002": "海龍王寺",
        "P12_003": "29",
        "P12_004": "29201",
        "P12_005": "‐",
        "P12_006": "奈良市",
        "P12_007": null
      },
      "geometry": {
        "type": "MultiPoint",
        "coordinates": [
          [
            135.80555300007097,
            34.69290300007344
          ]
        ]
      }
    },
    {
      "type": "Feature",
      "properties": {
        "P12_001": 10040,
        "P12_002": "平城宮跡　（資料館のみ・朱雀門、東院庭園カウントなし）",
        "P12_003": "29",
        "P12_004": "29201",
        "P12_005": "‐",
        "P12_006": "奈良市",
        "P12_007": null
      },
      "geometry": {
        "type": "MultiPoint",
        "coordinates": [
          [
            135.78929893579732,
            34.692376677241896
          ]
        ]
      }
    },
    {
      "type": "Feature",
      "properties": {
        "P12_001": 10041,
        "P12_002": "平城京左京三条二坊宮跡庭園",
        "P12_003": "29",
        "P12_004": "29201",
        "P12_005": "‐",
        "P12_006": "奈良市",
        "P12_007": null
      },
      "geometry": {
        "type": "MultiPoint",
        "coordinates": [
          [
            135.80222799962257,
            34.68381500006228
          ]
        ]
      }
    },
    {
      "type": "Feature",
      "properties": {
        "P12_001": 10042,
        "P12_002": "帯解寺",
        "P12_003": "29",
        "P12_004": "29201",
        "P12_005": "‐",
        "P12_006": "奈良市",
        "P12_007": null
      },
      "geometry": {
        "type": "MultiPoint",
        "coordinates": [
          [
            135.8268390005195,
            34.64485700035033
          ]
        ]
      }
    },
    {
      "type": "Feature",
      "properties": {
        "P12_001": 10043,
        "P12_002": "正暦寺",
        "P12_003": "29",
        "P12_004": "29201",
        "P12_005": "‐",
        "P12_006": "奈良市",
        "P12_007": null
      },
      "geometry": {
        "type": "MultiPoint",
        "coordinates": [
          [
            135.8684549995986,
            34.64466899977458
          ]
        ]
      }
    },
    {
      "type": "Feature",
      "properties": {
        "P12_001": 10044,
        "P12_002": "弘仁寺",
        "P12_003": "29",
        "P12_004": "29201",
        "P12_005": "‐",
        "P12_006": "奈良市",
        "P12_007": null
      },
      "geometry": {
        "type": "MultiPoint",
        "coordinates": [
          [
            135.85340199970256,
            34.62891700001961
          ]
        ]
      }
    },
    {
      "type": "Feature",
      "properties": {
        "P12_001": 10045,
        "P12_002": "西大寺",
        "P12_003": "29",
        "P12_004": "29201",
        "P12_005": "‐",
        "P12_006": "奈良市",
        "P12_007": null
      },
      "geometry": {
        "type": "MultiPoint",
        "coordinates": [
          [
            135.77952899966363,
            34.69360500007076
          ]
        ]
      }
    },
    {
      "type": "Feature",
      "properties": {
        "P12_001": 10046,
        "P12_002": "大安寺",
        "P12_003": "29",
        "P12_004": "29201",
        "P12_005": "‐",
        "P12_006": "奈良市",
        "P12_007": null
      },
      "geometry": {
        "type": "MultiPoint",
        "coordinates": [
          [
            135.81271399935167,
            34.66801099970792
          ]
        ]
      }
    },
    {
      "type": "Feature",
      "properties": {
        "P12_001": 10047,
        "P12_002": "菅原天満宮",
        "P12_003": "29",
        "P12_004": "29201",
        "P12_005": "‐",
        "P12_006": "奈良市",
        "P12_007": null
      },
      "geometry": {
        "type": "MultiPoint",
        "coordinates": [
          [
            135.77835799962202,
            34.68583099950109
          ]
        ]
      }
    },
    {
      "type": "Feature",
      "properties": {
        "P12_001": 10048,
        "P12_002": "がんこ一徹長屋・墨の資料館",
        "P12_003": "29",
        "P12_004": "29201",
        "P12_005": "‐",
        "P12_006": "奈良市",
        "P12_007": null
      },
      "geometry": {
        "type": "MultiPoint",
        "coordinates": [
          [
            135.78264899965166,
            34.67218900082179
          ]
        ]
      }
    },
    {
      "type": "Feature",
      "properties": {
        "P12_001": 10049,
        "P12_002": "霊山寺",
        "P12_003": "29",
        "P12_004": "29201",
        "P12_005": "‐",
        "P12_006": "奈良市",
        "P12_007": null
      },
      "geometry": {
        "type": "MultiPoint",
        "coordinates": [
          [
            135.7423939994835,
            34.67343900000992
          ]
        ]
      }
    },
    {
      "type": "Feature",
      "properties": {
        "P12_001": 10050,
        "P12_002": "松伯美術館",
        "P12_003": "29",
        "P12_004": "29201",
        "P12_005": "‐",
        "P12_006": "奈良市",
        "P12_007": null
      },
      "geometry": {
        "type": "MultiPoint",
        "coordinates": [
          [
            135.74715999983414,
            34.7099920003306
          ]
        ]
      }
    },
    {
      "type": "Feature",
      "properties": {
        "P12_001": 10051,
        "P12_002": "大和文華館",
        "P12_003": "29",
        "P12_004": "29201",
        "P12_005": "‐",
        "P12_006": "奈良市",
        "P12_007": null
      },
      "geometry": {
        "type": "MultiPoint",
        "coordinates": [
          [
            135.75668999954394,
            34.695395999925495
          ]
        ]
      }
    },
    {
      "type": "Feature",
      "properties": {
        "P12_001": 10052,
        "P12_002": "中野美術館",
        "P12_003": "29",
        "P12_004": "29201",
        "P12_005": "‐",
        "P12_006": "奈良市",
        "P12_007": null
      },
      "geometry": {
        "type": "MultiPoint",
        "coordinates": [
          [
            135.75597403487393,
            34.69423486994333
          ]
        ]
      }
    },
    {
      "type": "Feature",
      "properties": {
        "P12_001": 10053,
        "P12_002": "円成寺",
        "P12_003": "29",
        "P12_004": "29201",
        "P12_005": "‐",
        "P12_006": "奈良市",
        "P12_007": null
      },
      "geometry": {
        "type": "MultiPoint",
        "coordinates": [
          [
            135.9153920003406,
            34.69582900010835
          ]
        ]
      }
    },
    {
      "type": "Feature",
      "properties": {
        "P12_001": 10054,
        "P12_002": "芳徳寺",
        "P12_003": "29",
        "P12_004": "29201",
        "P12_005": "‐",
        "P12_006": "奈良市",
        "P12_007": null
      },
      "geometry": {
        "type": "MultiPoint",
        "coordinates": [
          [
            135.9539690004691,
            34.73164500061631
          ]
        ]
      }
    },
    {
      "type": "Feature",
      "properties": {
        "P12_001": 10055,
        "P12_002": "旧柳生藩家老屋敷",
        "P12_003": "29",
        "P12_004": "29201",
        "P12_005": "‐",
        "P12_006": "奈良市",
        "P12_007": null
      },
      "geometry": {
        "type": "MultiPoint",
        "coordinates": [
          [
            135.9502449996071,
            34.7324599995294
          ]
        ]
      }
    },
    {
      "type": "Feature",
      "properties": {
        "P12_001": 10056,
        "P12_002": "新若草山自動車道株式会社（新若草山ドライブコース）",
        "P12_003": "29",
        "P12_004": "29201",
        "P12_005": "‐",
        "P12_006": "奈良市",
        "P12_007": null
      },
      "geometry": {
        "type": "MultiPoint",
        "coordinates": [
          [
            135.8404579999368,
            34.69313199984197
          ]
        ]
      }
    },
    {
      "type": "Feature",
      "properties": {
        "P12_001": 10057,
        "P12_002": "奈良市杉岡華邨書道美術館",
        "P12_003": "29",
        "P12_004": "29201",
        "P12_005": "‐",
        "P12_006": "奈良市",
        "P12_007": null
      },
      "geometry": {
        "type": "MultiPoint",
        "coordinates": [
          [
            135.82928299991056,
            34.677896000500084
          ]
        ]
      }
    },
    {
      "type": "Feature",
      "properties": {
        "P12_001": 10058,
        "P12_002": "なら工藝館",
        "P12_003": "29",
        "P12_004": "29201",
        "P12_005": "‐",
        "P12_006": "奈良市",
        "P12_007": null
      },
      "geometry": {
        "type": "MultiPoint",
        "coordinates": [
          [
            135.8282789994763,
            34.67871200035859
          ]
        ]
      }
    },
    {
      "type": "Feature",
      "properties": {
        "P12_001": 10059,
        "P12_002": "なら瑠璃会",
        "P12_003": "29",
        "P12_004": "29201",
        "P12_005": "‐",
        "P12_006": "奈良市",
        "P12_007": null
      },
      "geometry": {
        "type": "MultiPoint",
        "coordinates": [
          [
            135.83161999976323,
            34.681402000302114
          ]
        ]
      }
    },
    {
      "type": "Feature",
      "properties": {
        "P12_001": 10060,
        "P12_002": "柳生地区【大和青垣国定公園】",
        "P12_003": "29",
        "P12_004": "29201",
        "P12_005": "‐",
        "P12_006": "奈良市",
        "P12_007": null
      },
      "geometry": {
        "type": "MultiPoint",
        "coordinates": [
          [
            135.9519710000617,
            34.733964000538265
          ]
        ]
      }
    },
    {
      "type": "Feature",
      "properties": {
        "P12_001": 10061,
        "P12_002": "円成寺地区【大和青垣国定公園】",
        "P12_003": "29",
        "P12_004": "29201",
        "P12_005": "‐",
        "P12_006": "奈良市",
        "P12_007": null
      },
      "geometry": {
        "type": "MultiPoint",
        "coordinates": [
          [
            135.9152100000415,
            34.69566699983221
          ]
        ]
      }
    },
    {
      "type": "Feature",
      "properties": {
        "P12_001": 10062,
        "P12_002": "白毫寺地区【大和青垣国定公園】",
        "P12_003": "29",
        "P12_004": "29201",
        "P12_005": "‐",
        "P12_006": "奈良市",
        "P12_007": null
      },
      "geometry": {
        "type": "MultiPoint",
        "coordinates": [
          [
            135.85129099948006,
            34.67107299971923
          ]
        ]
      }
    },
    {
      "type": "Feature",
      "properties": {
        "P12_001": 10063,
        "P12_002": "弘仁寺地区【大和青垣国定公園】",
        "P12_003": "29",
        "P12_004": "29201",
        "P12_005": "‐",
        "P12_006": "奈良市",
        "P12_007": null
      },
      "geometry": {
        "type": "MultiPoint",
        "coordinates": [
          [
            135.85340199970256,
            34.62891700001961
          ]
        ]
      }
    },
    {
      "type": "Feature",
      "properties": {
        "P12_001": 10064,
        "P12_002": "高円山地区【大和青垣国定公園】",
        "P12_003": "29",
        "P12_004": "29201",
        "P12_005": "‐",
        "P12_006": "奈良市",
        "P12_007": null
      },
      "geometry": {
        "type": "MultiPoint",
        "coordinates": [
          [
            135.86990599996204,
            34.66723199975701
          ]
        ]
      }
    },
    {
      "type": "Feature",
      "properties": {
        "P12_001": 10065,
        "P12_002": "追分地区【奈良県立矢田自然公園】",
        "P12_003": "29",
        "P12_004": "29201",
        "P12_005": "‐",
        "P12_006": "奈良市",
        "P12_007": null
      },
      "geometry": {
        "type": "MultiPoint",
        "coordinates": [
          [
            135.73624699929962,
            34.6641450003915
          ]
        ]
      }
    },
    {
      "type": "Feature",
      "properties": {
        "P12_001": 10066,
        "P12_002": "月ヶ瀬地区【奈良県立月ヶ瀬神野山自然公園】",
        "P12_003": "29",
        "P12_004": "29201",
        "P12_005": "‐",
        "P12_006": "奈良市",
        "P12_007": null
      },
      "geometry": {
        "type": "MultiPoint",
        "coordinates": [
          [
            135.99999999990018,
            34.66856000074347
          ]
        ]
      }
    },
    {
      "type": "Feature",
      "properties": {
        "P12_001": 10067,
        "P12_002": "都祁地区【奈良県立月ヶ瀬神野山自然公園】",
        "P12_003": "29",
        "P12_004": "29201",
        "P12_005": "‐",
        "P12_006": "奈良市",
        "P12_007": null
      },
      "geometry": {
        "type": "MultiPoint",
        "coordinates": [
          [
            135.99999999990018,
            34.66856000074347
          ]
        ]
      }
    },
    {
      "type": "Feature",
      "properties": {
        "P12_001": 10068,
        "P12_002": "都祁地区【室生赤目青山国定公園】",
        "P12_003": "29",
        "P12_004": "29201",
        "P12_005": "‐",
        "P12_006": "奈良市",
        "P12_007": null
      },
      "geometry": {
        "type": "MultiPoint",
        "coordinates": [
          [
            135.96743099984087,
            34.60343700041727
          ]
        ]
      }
    },
    {
      "type": "Feature",
      "properties": {
        "P12_001": 10069,
        "P12_002": "府県境～白毫寺【東海自然歩道】",
        "P12_003": "29",
        "P12_004": "29201",
        "P12_005": "‐",
        "P12_006": "奈良市",
        "P12_007": null
      },
      "geometry": {
        "type": "MultiPoint",
        "coordinates": [
          [
            135.85006800063775,
            34.67381000003155
          ]
        ]
      }
    },
    {
      "type": "Feature",
      "properties": {
        "P12_001": 10070,
        "P12_002": "白毫寺～天理市境【東海自然歩道】",
        "P12_003": "29",
        "P12_004": "29201",
        "P12_005": "‐",
        "P12_006": "奈良市",
        "P12_007": null
      },
      "geometry": {
        "type": "MultiPoint",
        "coordinates": [
          [
            135.8400689999844,
            34.64544499958714
          ]
        ]
      }
    },
    {
      "type": "Feature",
      "properties": {
        "P12_001": 10071,
        "P12_002": "霊山寺～大和郡山市境【近畿自然歩道】",
        "P12_003": "29",
        "P12_004": "29201",
        "P12_005": "‐",
        "P12_006": "奈良市",
        "P12_007": null
      },
      "geometry": {
        "type": "MultiPoint",
        "coordinates": [
          [
            135.7423939994835,
            34.67343900000992
          ]
        ]
      }
    },
    {
      "type": "Feature",
      "properties": {
        "P12_001": 10072,
        "P12_002": "春日大社初詣",
        "P12_003": "29",
        "P12_004": "29201",
        "P12_005": "‐",
        "P12_006": "奈良市",
        "P12_007": null
      },
      "geometry": {
        "type": "MultiPoint",
        "coordinates": [
          [
            135.84838599951433,
            34.68138000018689
          ]
        ]
      }
    },
    {
      "type": "Feature",
      "properties": {
        "P12_001": 10073,
        "P12_002": "南市初戎",
        "P12_003": "29",
        "P12_004": "29201",
        "P12_005": "‐",
        "P12_006": "奈良市",
        "P12_007": null
      },
      "geometry": {
        "type": "MultiPoint",
        "coordinates": [
          [
            135.84838599951433,
            34.68138000018689
          ]
        ]
      }
    },
    {
      "type": "Feature",
      "properties": {
        "P12_001": 10074,
        "P12_002": "若草山山焼",
        "P12_003": "29",
        "P12_004": "29201",
        "P12_005": "‐",
        "P12_006": "奈良市",
        "P12_007": null
      },
      "geometry": {
        "type": "MultiPoint",
        "coordinates": [
          [
            135.85401800023055,
            34.6905979989985
          ]
        ]
      }
    },
    {
      "type": "Feature",
      "properties": {
        "P12_001": 10075,
        "P12_002": "大安寺光仁会",
        "P12_003": "29",
        "P12_004": "29201",
        "P12_005": "‐",
        "P12_006": "奈良市",
        "P12_007": null
      },
      "geometry": {
        "type": "MultiPoint",
        "coordinates": [
          [
            135.81271399935167,
            34.66801099970792
          ]
        ]
      }
    },
    {
      "type": "Feature",
      "properties": {
        "P12_001": 10076,
        "P12_002": "平城遷都祭",
        "P12_003": "29",
        "P12_004": "29201",
        "P12_005": "‐",
        "P12_006": "奈良市",
        "P12_007": null
      },
      "geometry": {
        "type": "MultiPoint",
        "coordinates": [
          [
            135.79428100006817,
            34.69071000056613
          ]
        ]
      }
    },
    {
      "type": "Feature",
      "properties": {
        "P12_001": 10077,
        "P12_002": "興福寺薪御能",
        "P12_003": "29",
        "P12_004": "29201",
        "P12_005": "‐",
        "P12_006": "奈良市",
        "P12_007": null
      },
      "geometry": {
        "type": "MultiPoint",
        "coordinates": [
          [
            135.83222699987618,
            34.682883000250285
          ]
        ]
      }
    },
    {
      "type": "Feature",
      "properties": {
        "P12_001": 10078,
        "P12_002": "ＪＲ奈良駅総合案内所",
        "P12_003": "29",
        "P12_004": "29201",
        "P12_005": "‐",
        "P12_006": "奈良市",
        "P12_007": null
      },
      "geometry": {
        "type": "MultiPoint",
        "coordinates": [
          [
            135.81945800008668,
            34.68128000007198
          ]
        ]
      }
    },
    {
      "type": "Feature",
      "properties": {
        "P12_001": 10079,
        "P12_002": "近鉄奈良駅総合案内所",
        "P12_003": "29",
        "P12_004": "29201",
        "P12_005": "‐",
        "P12_006": "奈良市",
        "P12_007": null
      },
      "geometry": {
        "type": "MultiPoint",
        "coordinates": [
          [
            135.82741800024053,
            34.68443100059028
          ]
        ]
      }
    },
    {
      "type": "Feature",
      "properties": {
        "P12_001": 10080,
        "P12_002": "奈良市総合観光案内所",
        "P12_003": "29",
        "P12_004": "29201",
        "P12_005": "‐",
        "P12_006": "奈良市",
        "P12_007": null
      },
      "geometry": {
        "type": "MultiPoint",
        "coordinates": [
          [
            135.81985399946257,
            34.6817270000011
          ]
        ]
      }
    },
    {
      "type": "Feature",
      "properties": {
        "P12_001": 10081,
        "P12_002": "未来工房奈良オリエント館",
        "P12_003": "29",
        "P12_004": "29201",
        "P12_005": "‐",
        "P12_006": "奈良市",
        "P12_007": null
      },
      "geometry": {
        "type": "MultiPoint",
        "coordinates": [
          [
            135.8297350000703,
            34.67640400094393
          ]
        ]
      }
    },
    {
      "type": "Feature",
      "properties": {
        "P12_001": 10082,
        "P12_002": "新若草山自動車道株式会社（高円山ドライブコース）",
        "P12_003": "29",
        "P12_004": "29201",
        "P12_005": "‐",
        "P12_006": "奈良市",
        "P12_007": null
      },
      "geometry": {
        "type": "MultiPoint",
        "coordinates": [
          [
            135.8592759998876,
            34.663803999954666
          ]
        ]
      }
    },
    {
      "type": "Feature",
      "properties": {
        "P12_001": 10083,
        "P12_002": "なら燈花会",
        "P12_003": "29",
        "P12_004": "29201",
        "P12_005": "‐",
        "P12_006": "奈良市",
        "P12_007": null
      },
      "geometry": {
        "type": "MultiPoint",
        "coordinates": [
          [
            135.84301199990398,
            34.68504700021896
          ]
        ]
      }
    },
    {
      "type": "Feature",
      "properties": {
        "P12_001": 10084,
        "P12_002": "奈良大文字送り火",
        "P12_003": "29",
        "P12_004": "29201",
        "P12_005": "‐",
        "P12_006": "奈良市",
        "P12_007": null
      },
      "geometry": {
        "type": "MultiPoint",
        "coordinates": [
          [
            135.8049199996583,
            34.68509599978063
          ]
        ]
      }
    },
    {
      "type": "Feature",
      "properties": {
        "P12_001": 10085,
        "P12_002": "采女祭",
        "P12_003": "29",
        "P12_004": "29201",
        "P12_005": "‐",
        "P12_006": "奈良市",
        "P12_007": null
      },
      "geometry": {
        "type": "MultiPoint",
        "coordinates": [
          [
            135.84838599951433,
            34.68138000018689
          ]
        ]
      }
    },
    {
      "type": "Feature",
      "properties": {
        "P12_001": 10086,
        "P12_002": "鹿の角きり",
        "P12_003": "29",
        "P12_004": "29201",
        "P12_005": "‐",
        "P12_006": "奈良市",
        "P12_007": null
      },
      "geometry": {
        "type": "MultiPoint",
        "coordinates": [
          [
            135.84301199990398,
            34.68504700021896
          ]
        ]
      }
    },
    {
      "type": "Feature",
      "properties": {
        "P12_001": 10087,
        "P12_002": "なら国際映画祭",
        "P12_003": "29",
        "P12_004": "29201",
        "P12_005": "‐",
        "P12_006": "奈良市",
        "P12_007": null
      },
      "geometry": {
        "type": "MultiPoint",
        "coordinates": [
          [
            135.80500000064956,
            34.6850870002649
          ]
        ]
      }
    },
    {
      "type": "Feature",
      "properties": {
        "P12_001": 10088,
        "P12_002": "奈良フードフェスティバル",
        "P12_003": "29",
        "P12_004": "29201",
        "P12_005": "‐",
        "P12_006": "奈良市",
        "P12_007": null
      },
      "geometry": {
        "type": "MultiPoint",
        "coordinates": [
          [
            135.83274200024323,
            34.68533500090962
          ]
        ]
      }
    },
    {
      "type": "Feature",
      "properties": {
        "P12_001": 10089,
        "P12_002": "奈良マラソン",
        "P12_003": "29",
        "P12_004": "29201",
        "P12_005": "‐",
        "P12_006": "奈良市",
        "P12_007": null
      },
      "geometry": {
        "type": "MultiPoint",
        "coordinates": [
          [
            135.82917500032602,
            34.697598998994636
          ]
        ]
      }
    },
    {
      "type": "Feature",
      "properties": {
        "P12_001": 10090,
        "P12_002": "県立美術館",
        "P12_003": "29",
        "P12_004": "29201",
        "P12_005": "‐",
        "P12_006": "奈良市",
        "P12_007": null
      },
      "geometry": {
        "type": "MultiPoint",
        "coordinates": [
          [
            135.8327570000356,
            34.68591899996193
          ]
        ]
      }
    },
    {
      "type": "Feature",
      "properties": {
        "P12_001": 10091,
        "P12_002": "バサラ祭り",
        "P12_003": "29",
        "P12_004": "29201",
        "P12_005": "‐",
        "P12_006": "奈良市",
        "P12_007": null
      },
      "geometry": {
        "type": "MultiPoint",
        "coordinates": [
          [
            135.79439199979106,
            34.69003800015366
          ]
        ]
      }
    },
    {
      "type": "Feature",
      "properties": {
        "P12_001": 10092,
        "P12_002": "喜光寺",
        "P12_003": "29",
        "P12_004": "29201",
        "P12_005": "‐",
        "P12_006": "奈良市",
        "P12_007": null
      },
      "geometry": {
        "type": "MultiPoint",
        "coordinates": [
          [
            135.77762536242062,
            34.684775337511894
          ]
        ]
      }
    },
    {
      "type": "Feature",
      "properties": {
        "P12_001": 10093,
        "P12_002": "奈良町からくりおもちゃ館",
        "P12_003": "29",
        "P12_004": "29201",
        "P12_005": "‐",
        "P12_006": "奈良市",
        "P12_007": null
      },
      "geometry": {
        "type": "MultiPoint",
        "coordinates": [
          [
            135.82810300035328,
            34.67733599985655
          ]
        ]
      }
    },
    {
      "type": "Feature",
      "properties": {
        "P12_001": 10094,
        "P12_002": "ムジークフェストなら",
        "P12_003": "29",
        "P12_004": "29201",
        "P12_005": "‐",
        "P12_006": "奈良市",
        "P12_007": null
      },
      "geometry": {
        "type": "MultiPoint",
        "coordinates": [
          [
            135.83274200024323,
            34.68533500090962
          ]
        ]
      }
    },
    {
      "type": "Feature",
      "properties": {
        "P12_001": 10095,
        "P12_002": "旧鍋屋交番きたまち案内所",
        "P12_003": "29",
        "P12_004": "29201",
        "P12_005": "‐",
        "P12_006": "奈良市",
        "P12_007": null
      },
      "geometry": {
        "type": "MultiPoint",
        "coordinates": [
          [
            135.82974400048533,
            34.687435000624816
          ]
        ]
      }
    },
    {
      "type": "Feature",
      "properties": {
        "P12_001": 10096,
        "P12_002": "きたまち転害門観光案内所",
        "P12_003": "29",
        "P12_004": "29201",
        "P12_005": "‐",
        "P12_006": "奈良市",
        "P12_007": null
      },
      "geometry": {
        "type": "MultiPoint",
        "coordinates": [
          [
            135.83485200041957,
            34.6918050007003
          ]
        ]
      }
    },
    {
      "type": "Feature",
      "properties": {
        "P12_001": 10097,
        "P12_002": "春日若宮おんまつり",
        "P12_003": "29",
        "P12_004": "29201",
        "P12_005": "‐",
        "P12_006": "奈良市",
        "P12_007": null
      },
      "geometry": {
        "type": "MultiPoint",
        "coordinates": [
          [
            135.8483860004136,
            34.68138000018689
          ]
        ]
      }
    },
    {
      "type": "Feature",
      "properties": {
        "P12_001": 10098,
        "P12_002": "高田温泉さくら荘",
        "P12_003": "29",
        "P12_004": "29202",
        "P12_005": "‐",
        "P12_006": "大和高田市",
        "P12_007": null
      },
      "geometry": {
        "type": "MultiPoint",
        "coordinates": [
          [
            135.73217999970734,
            34.51960299967874
          ]
        ]
      }
    },
    {
      "type": "Feature",
      "properties": {
        "P12_001": 10099,
        "P12_002": "高田千本桜",
        "P12_003": "29",
        "P12_004": "29202",
        "P12_005": "‐",
        "P12_006": "大和高田市",
        "P12_007": null
      },
      "geometry": {
        "type": "MultiPoint",
        "coordinates": [
          [
            135.7364539998523,
            34.515070999327236
          ]
        ]
      }
    },
    {
      "type": "Feature",
      "properties": {
        "P12_001": 10100,
        "P12_002": "おかげ祭り",
        "P12_003": "29",
        "P12_004": "29202",
        "P12_005": "‐",
        "P12_006": "大和高田市",
        "P12_007": null
      },
      "geometry": {
        "type": "MultiPoint",
        "coordinates": [
          [
            135.7364539998523,
            34.515070999327236
          ]
        ]
      }
    },
    {
      "type": "Feature",
      "properties": {
        "P12_001": 10101,
        "P12_002": "高田活活まつり",
        "P12_003": "29",
        "P12_004": "29202",
        "P12_005": "‐",
        "P12_006": "大和高田市",
        "P12_007": null
      },
      "geometry": {
        "type": "MultiPoint",
        "coordinates": [
          [
            135.744177000768,
            34.513756999885686
          ]
        ]
      }
    },
    {
      "type": "Feature",
      "properties": {
        "P12_001": 10102,
        "P12_002": "奥田の蓮取り行事",
        "P12_003": "29",
        "P12_004": "29202",
        "P12_005": "‐",
        "P12_006": "大和高田市",
        "P12_007": null
      },
      "geometry": {
        "type": "MultiPoint",
        "coordinates": [
          [
            135.7364539998523,
            34.515070999327236
          ]
        ]
      }
    },
    {
      "type": "Feature",
      "properties": {
        "P12_001": 10103,
        "P12_002": "地場産業フェア＆やまとたかだ元気ウィーク",
        "P12_003": "29",
        "P12_004": "29202",
        "P12_005": "‐",
        "P12_006": "大和高田市",
        "P12_007": null
      },
      "geometry": {
        "type": "MultiPoint",
        "coordinates": [
          [
            135.7447690001893,
            34.51709700012651
          ]
        ]
      }
    },
    {
      "type": "Feature",
      "properties": {
        "P12_001": 10104,
        "P12_002": "県立民俗博物館",
        "P12_003": "29",
        "P12_004": "29203",
        "P12_005": "‐",
        "P12_006": "大和郡山市",
        "P12_007": null
      },
      "geometry": {
        "type": "MultiPoint",
        "coordinates": [
          [
            135.75410029289424,
            34.652875165956175
          ]
        ]
      }
    },
    {
      "type": "Feature",
      "properties": {
        "P12_001": 10105,
        "P12_002": "柳沢文庫",
        "P12_003": "29",
        "P12_004": "29203",
        "P12_005": "‐",
        "P12_006": "大和郡山市",
        "P12_007": null
      },
      "geometry": {
        "type": "MultiPoint",
        "coordinates": [
          [
            135.7803709998218,
            34.65098799979643
          ]
        ]
      }
    },
    {
      "type": "Feature",
      "properties": {
        "P12_001": 10106,
        "P12_002": "郡山城跡",
        "P12_003": "29",
        "P12_004": "29203",
        "P12_005": "‐",
        "P12_006": "大和郡山市",
        "P12_007": null
      },
      "geometry": {
        "type": "MultiPoint",
        "coordinates": [
          [
            135.77982599987,
            34.65155900004788
          ]
        ]
      }
    },
    {
      "type": "Feature",
      "properties": {
        "P12_001": 10107,
        "P12_002": "お城まつり",
        "P12_003": "29",
        "P12_004": "29203",
        "P12_005": "‐",
        "P12_006": "大和郡山市",
        "P12_007": null
      },
      "geometry": {
        "type": "MultiPoint",
        "coordinates": [
          [
            135.78275500004327,
            34.64937400001014
          ]
        ]
      }
    },
    {
      "type": "Feature",
      "properties": {
        "P12_001": 10108,
        "P12_002": "松尾寺",
        "P12_003": "29",
        "P12_004": "29203",
        "P12_005": "‐",
        "P12_006": "大和郡山市",
        "P12_007": null
      },
      "geometry": {
        "type": "MultiPoint",
        "coordinates": [
          [
            135.72811100002275,
            34.63408399997667
          ]
        ]
      }
    },
    {
      "type": "Feature",
      "properties": {
        "P12_001": 10109,
        "P12_002": "矢田寺",
        "P12_003": "29",
        "P12_004": "29203",
        "P12_005": "‐",
        "P12_006": "大和郡山市",
        "P12_007": null
      },
      "geometry": {
        "type": "MultiPoint",
        "coordinates": [
          [
            135.7361919994613,
            34.64925600086377
          ]
        ]
      }
    },
    {
      "type": "Feature",
      "properties": {
        "P12_001": 10110,
        "P12_002": "東明寺",
        "P12_003": "29",
        "P12_004": "29203",
        "P12_005": "‐",
        "P12_006": "大和郡山市",
        "P12_007": null
      },
      "geometry": {
        "type": "MultiPoint",
        "coordinates": [
          [
            135.73822799982236,
            34.657499999725246
          ]
        ]
      }
    },
    {
      "type": "Feature",
      "properties": {
        "P12_001": 10111,
        "P12_002": "慈光院",
        "P12_003": "29",
        "P12_004": "29203",
        "P12_005": "‐",
        "P12_006": "大和郡山市",
        "P12_007": null
      },
      "geometry": {
        "type": "MultiPoint",
        "coordinates": [
          [
            135.75803000018448,
            34.63205499993836
          ]
        ]
      }
    },
    {
      "type": "Feature",
      "properties": {
        "P12_001": 10112,
        "P12_002": "箱本館「紺屋」",
        "P12_003": "29",
        "P12_004": "29203",
        "P12_005": "‐",
        "P12_006": "大和郡山市",
        "P12_007": null
      },
      "geometry": {
        "type": "MultiPoint",
        "coordinates": [
          [
            135.7851970002414,
            34.64773199983199
          ]
        ]
      }
    },
    {
      "type": "Feature",
      "properties": {
        "P12_001": 10113,
        "P12_002": "金魚すくい選手権大会",
        "P12_003": "29",
        "P12_004": "29203",
        "P12_005": "‐",
        "P12_006": "大和郡山市",
        "P12_007": null
      },
      "geometry": {
        "type": "MultiPoint",
        "coordinates": [
          [
            135.74602799979243,
            34.6463440005752
          ]
        ]
      }
    },
    {
      "type": "Feature",
      "properties": {
        "P12_001": 10114,
        "P12_002": "やまとの夏まつり",
        "P12_003": "29",
        "P12_004": "29203",
        "P12_005": "‐",
        "P12_006": "大和郡山市",
        "P12_007": null
      },
      "geometry": {
        "type": "MultiPoint",
        "coordinates": [
          [
            135.78275500004327,
            34.64937400001014
          ]
        ]
      }
    },
    {
      "type": "Feature",
      "properties": {
        "P12_001": 10115,
        "P12_002": "白川溜池漁業協同組合（釣り客）",
        "P12_003": "29",
        "P12_004": "29204",
        "P12_005": "‐",
        "P12_006": "天理市",
        "P12_007": null
      },
      "geometry": {
        "type": "MultiPoint",
        "coordinates": [
          [
            135.8498139997164,
            34.62371300015491
          ]
        ]
      }
    },
    {
      "type": "Feature",
      "properties": {
        "P12_001": 10116,
        "P12_002": "天理観光農園",
        "P12_003": "29",
        "P12_004": "29204",
        "P12_005": "‐",
        "P12_006": "天理市",
        "P12_007": null
      },
      "geometry": {
        "type": "MultiPoint",
        "coordinates": [
          [
            135.85322999986465,
            34.58636000071351
          ]
        ]
      }
    },
    {
      "type": "Feature",
      "properties": {
        "P12_001": 10117,
        "P12_002": "石上神宮（初詣を含む）",
        "P12_003": "29",
        "P12_004": "29204",
        "P12_005": "‐",
        "P12_006": "天理市",
        "P12_007": null
      },
      "geometry": {
        "type": "MultiPoint",
        "coordinates": [
          [
            135.85194399991576,
            34.5980629999076
          ]
        ]
      }
    },
    {
      "type": "Feature",
      "properties": {
        "P12_001": 10118,
        "P12_002": "大和神社（初詣を含む）",
        "P12_003": "29",
        "P12_004": "29204",
        "P12_005": "‐",
        "P12_006": "天理市",
        "P12_007": null
      },
      "geometry": {
        "type": "MultiPoint",
        "coordinates": [
          [
            135.8376259997401,
            34.57104999975775
          ]
        ]
      }
    },
    {
      "type": "Feature",
      "properties": {
        "P12_001": 10119,
        "P12_002": "長岳寺",
        "P12_003": "29",
        "P12_004": "29204",
        "P12_005": "‐",
        "P12_006": "天理市",
        "P12_007": null
      },
      "geometry": {
        "type": "MultiPoint",
        "coordinates": [
          [
            135.8520330004227,
            34.56098900074187
          ]
        ]
      }
    },
    {
      "type": "Feature",
      "properties": {
        "P12_001": 10120,
        "P12_002": "天理市トレイルセンター",
        "P12_003": "29",
        "P12_004": "29204",
        "P12_005": "‐",
        "P12_006": "天理市",
        "P12_007": null
      },
      "geometry": {
        "type": "MultiPoint",
        "coordinates": [
          [
            135.8492299997647,
            34.56027099910739
          ]
        ]
      }
    },
    {
      "type": "Feature",
      "properties": {
        "P12_001": 10121,
        "P12_002": "山の辺の道",
        "P12_003": "29",
        "P12_004": "29204",
        "P12_005": "‐",
        "P12_006": "天理市",
        "P12_007": null
      },
      "geometry": {
        "type": "MultiPoint",
        "coordinates": [
          [
            135.83733499981042,
            34.59663699979774
          ]
        ]
      }
    },
    {
      "type": "Feature",
      "properties": {
        "P12_001": 10122,
        "P12_002": "天理参考館",
        "P12_003": "29",
        "P12_004": "29204",
        "P12_005": "‐",
        "P12_006": "天理市",
        "P12_007": null
      },
      "geometry": {
        "type": "MultiPoint",
        "coordinates": [
          [
            135.8428230001814,
            34.59757200064735
          ]
        ]
      }
    },
    {
      "type": "Feature",
      "properties": {
        "P12_001": 10123,
        "P12_002": "シャープ総合開発センター　歴史／技術ホール天理",
        "P12_003": "29",
        "P12_004": "29204",
        "P12_005": "‐",
        "P12_006": "天理市",
        "P12_007": null
      },
      "geometry": {
        "type": "MultiPoint",
        "coordinates": [
          [
            135.84404230640735,
            34.61947324259614
          ]
        ]
      }
    },
    {
      "type": "Feature",
      "properties": {
        "P12_001": 10124,
        "P12_002": "てくてくてんりウォーキングフェスタ",
        "P12_003": "29",
        "P12_004": "29204",
        "P12_005": "‐",
        "P12_006": "天理市",
        "P12_007": null
      },
      "geometry": {
        "type": "MultiPoint",
        "coordinates": [
          [
            135.83737799999471,
            34.59662800028207
          ]
        ]
      }
    },
    {
      "type": "Feature",
      "properties": {
        "P12_001": 10125,
        "P12_002": "春日台カントリー倶楽部",
        "P12_003": "29",
        "P12_004": "29204",
        "P12_005": "‐",
        "P12_006": "天理市",
        "P12_007": null
      },
      "geometry": {
        "type": "MultiPoint",
        "coordinates": [
          [
            135.92745199981005,
            34.60007199992293
          ]
        ]
      }
    },
    {
      "type": "Feature",
      "properties": {
        "P12_001": 10126,
        "P12_002": "天理ゴルフ倶楽部",
        "P12_003": "29",
        "P12_004": "29204",
        "P12_005": "‐",
        "P12_006": "天理市",
        "P12_007": null
      },
      "geometry": {
        "type": "MultiPoint",
        "coordinates": [
          [
            135.9136868821439,
            34.59011169349992
          ]
        ]
      }
    },
    {
      "type": "Feature",
      "properties": {
        "P12_001": 10127,
        "P12_002": "ヤマトカントリークラブ",
        "P12_003": "29",
        "P12_004": "29204",
        "P12_005": "‐",
        "P12_006": "天理市",
        "P12_007": null
      },
      "geometry": {
        "type": "MultiPoint",
        "coordinates": [
          [
            135.90701399979628,
            34.62998299971571
          ]
        ]
      }
    },
    {
      "type": "Feature",
      "properties": {
        "P12_001": 10128,
        "P12_002": "奈良健康ランド（大和温泉）",
        "P12_003": "29",
        "P12_004": "29204",
        "P12_005": "‐",
        "P12_006": "天理市",
        "P12_007": null
      },
      "geometry": {
        "type": "MultiPoint",
        "coordinates": [
          [
            135.79583899997,
            34.592180000206895
          ]
        ]
      }
    },
    {
      "type": "Feature",
      "properties": {
        "P12_001": 10129,
        "P12_002": "八重桜カントリークラブ",
        "P12_003": "29",
        "P12_004": "29204",
        "P12_005": "‐",
        "P12_006": "天理市",
        "P12_007": null
      },
      "geometry": {
        "type": "MultiPoint",
        "coordinates": [
          [
            135.94426700002214,
            34.61991300028478
          ]
        ]
      }
    },
    {
      "type": "Feature",
      "properties": {
        "P12_001": 10130,
        "P12_002": "天理市観光案内所",
        "P12_003": "29",
        "P12_004": "29204",
        "P12_005": "‐",
        "P12_006": "天理市",
        "P12_007": null
      },
      "geometry": {
        "type": "MultiPoint",
        "coordinates": [
          [
            135.8333569998257,
            34.600079999392506
          ]
        ]
      }
    },
    {
      "type": "Feature",
      "properties": {
        "P12_001": 10131,
        "P12_002": "黒塚古墳展示館",
        "P12_003": "29",
        "P12_004": "29204",
        "P12_005": "‐",
        "P12_006": "天理市",
        "P12_007": null
      },
      "geometry": {
        "type": "MultiPoint",
        "coordinates": [
          [
            135.84404099969242,
            34.56006899968463
          ]
        ]
      }
    },
    {
      "type": "Feature",
      "properties": {
        "P12_001": 10132,
        "P12_002": "白川溜池【大和青垣国定公園】",
        "P12_003": "29",
        "P12_004": "29204",
        "P12_005": "‐",
        "P12_006": "天理市",
        "P12_007": null
      },
      "geometry": {
        "type": "MultiPoint",
        "coordinates": [
          [
            135.84979299964732,
            34.62371900043155
          ]
        ]
      }
    },
    {
      "type": "Feature",
      "properties": {
        "P12_001": 10133,
        "P12_002": "石上神宮【大和青垣国定公園】",
        "P12_003": "29",
        "P12_004": "29204",
        "P12_005": "‐",
        "P12_006": "天理市",
        "P12_007": null
      },
      "geometry": {
        "type": "MultiPoint",
        "coordinates": [
          [
            135.85194399991576,
            34.5980629999076
          ]
        ]
      }
    },
    {
      "type": "Feature",
      "properties": {
        "P12_001": 10134,
        "P12_002": "長岳寺【大和青垣国定公園】",
        "P12_003": "29",
        "P12_004": "29204",
        "P12_005": "‐",
        "P12_006": "天理市",
        "P12_007": null
      },
      "geometry": {
        "type": "MultiPoint",
        "coordinates": [
          [
            135.8520330004227,
            34.56098900074187
          ]
        ]
      }
    },
    {
      "type": "Feature",
      "properties": {
        "P12_001": 10135,
        "P12_002": "天理市トレイルセンター【大和青垣国定公園】",
        "P12_003": "29",
        "P12_004": "29204",
        "P12_005": "‐",
        "P12_006": "天理市",
        "P12_007": null
      },
      "geometry": {
        "type": "MultiPoint",
        "coordinates": [
          [
            135.85178400063114,
            34.56283800057332
          ]
        ]
      }
    },
    {
      "type": "Feature",
      "properties": {
        "P12_001": 10136,
        "P12_002": "山の辺の道【大和青垣国定公園】",
        "P12_003": "29",
        "P12_004": "29204",
        "P12_005": "‐",
        "P12_006": "天理市",
        "P12_007": null
      },
      "geometry": {
        "type": "MultiPoint",
        "coordinates": [
          [
            135.85200799926986,
            34.59317799946518
          ]
        ]
      }
    },
    {
      "type": "Feature",
      "properties": {
        "P12_001": 10137,
        "P12_002": "奈良市界～石上神宮【東海自然歩道】",
        "P12_003": "29",
        "P12_004": "29204",
        "P12_005": "‐",
        "P12_006": "天理市",
        "P12_007": null
      },
      "geometry": {
        "type": "MultiPoint",
        "coordinates": [
          [
            135.85194399991576,
            34.5980629999076
          ]
        ]
      }
    },
    {
      "type": "Feature",
      "properties": {
        "P12_001": 10138,
        "P12_002": "石上神宮～桜井市界【東海自然歩道】",
        "P12_003": "29",
        "P12_004": "29204",
        "P12_005": "‐",
        "P12_006": "天理市",
        "P12_007": null
      },
      "geometry": {
        "type": "MultiPoint",
        "coordinates": [
          [
            135.85324400051024,
            34.55380899968566
          ]
        ]
      }
    },
    {
      "type": "Feature",
      "properties": {
        "P12_001": 10139,
        "P12_002": "天理市観光物産センター（ナビ天理）",
        "P12_003": "29",
        "P12_004": "29204",
        "P12_005": "‐",
        "P12_006": "天理市",
        "P12_007": null
      },
      "geometry": {
        "type": "MultiPoint",
        "coordinates": [
          [
            135.8305780002746,
            34.60057800077419
          ]
        ]
      }
    },
    {
      "type": "Feature",
      "properties": {
        "P12_001": 10140,
        "P12_002": "今井町の街並み",
        "P12_003": "29",
        "P12_004": "29205",
        "P12_005": "集落・街",
        "P12_006": "橿原市",
        "P12_007": -1
      },
      "geometry": {
        "type": "MultiPoint",
        "coordinates": [
          [
            135.78689300021188,
            34.50735900071737
          ]
        ]
      }
    },
    {
      "type": "Feature",
      "properties": {
        "P12_001": 10141,
        "P12_002": "橿原神宮",
        "P12_003": "29",
        "P12_004": "29205",
        "P12_005": "‐",
        "P12_006": "橿原市",
        "P12_007": null
      },
      "geometry": {
        "type": "MultiPoint",
        "coordinates": [
          [
            135.7862740004448,
            34.48824999993758
          ]
        ]
      }
    },
    {
      "type": "Feature",
      "properties": {
        "P12_001": 10142,
        "P12_002": "県立橿原考古学研究所　附属博物館",
        "P12_003": "29",
        "P12_004": "29205",
        "P12_005": "‐",
        "P12_006": "橿原市",
        "P12_007": null
      },
      "geometry": {
        "type": "MultiPoint",
        "coordinates": [
          [
            135.79135500003326,
            34.49226199969161
          ]
        ]
      }
    },
    {
      "type": "Feature",
      "properties": {
        "P12_001": 10143,
        "P12_002": "奈良国立文化財研究所　藤原宮跡資料室",
        "P12_003": "29",
        "P12_004": "29205",
        "P12_005": "‐",
        "P12_006": "橿原市",
        "P12_007": null
      },
      "geometry": {
        "type": "MultiPoint",
        "coordinates": [
          [
            135.81541600074786,
            34.49768599980911
          ]
        ]
      }
    },
    {
      "type": "Feature",
      "properties": {
        "P12_001": 10144,
        "P12_002": "今井町まちなみ交流センター",
        "P12_003": "29",
        "P12_004": "29205",
        "P12_005": "‐",
        "P12_006": "橿原市",
        "P12_007": null
      },
      "geometry": {
        "type": "MultiPoint",
        "coordinates": [
          [
            135.78926499987995,
            34.50515100051831
          ]
        ]
      }
    },
    {
      "type": "Feature",
      "properties": {
        "P12_001": 10145,
        "P12_002": "橿原市千塚資料館",
        "P12_003": "29",
        "P12_004": "29205",
        "P12_005": "‐",
        "P12_006": "橿原市",
        "P12_007": null
      },
      "geometry": {
        "type": "MultiPoint",
        "coordinates": [
          [
            135.77193400015403,
            34.47997899983102
          ]
        ]
      }
    },
    {
      "type": "Feature",
      "properties": {
        "P12_001": 10146,
        "P12_002": "橿原市昆虫館",
        "P12_003": "29",
        "P12_004": "29205",
        "P12_005": "‐",
        "P12_006": "橿原市",
        "P12_007": null
      },
      "geometry": {
        "type": "MultiPoint",
        "coordinates": [
          [
            135.82712700031084,
            34.490989000342154
          ]
        ]
      }
    },
    {
      "type": "Feature",
      "properties": {
        "P12_001": 10147,
        "P12_002": "おふさ観音",
        "P12_003": "29",
        "P12_004": "29205",
        "P12_005": "‐",
        "P12_006": "橿原市",
        "P12_007": null
      },
      "geometry": {
        "type": "MultiPoint",
        "coordinates": [
          [
            135.79710300070303,
            34.50322900001839
          ]
        ]
      }
    },
    {
      "type": "Feature",
      "properties": {
        "P12_001": 10148,
        "P12_002": "こども科学館",
        "P12_003": "29",
        "P12_004": "29205",
        "P12_005": "‐",
        "P12_006": "橿原市",
        "P12_007": null
      },
      "geometry": {
        "type": "MultiPoint",
        "coordinates": [
          [
            135.79639400038286,
            34.50041600069795
          ]
        ]
      }
    },
    {
      "type": "Feature",
      "properties": {
        "P12_001": 10149,
        "P12_002": "橿原市藤原京資料室",
        "P12_003": "29",
        "P12_004": "29205",
        "P12_005": "‐",
        "P12_006": "橿原市",
        "P12_007": null
      },
      "geometry": {
        "type": "MultiPoint",
        "coordinates": [
          [
            135.80419700049129,
            34.50227999942251
          ]
        ]
      }
    },
    {
      "type": "Feature",
      "properties": {
        "P12_001": 10150,
        "P12_002": "藤原京ラビリンス",
        "P12_003": "29",
        "P12_004": "29205",
        "P12_005": "‐",
        "P12_006": "橿原市",
        "P12_007": null
      },
      "geometry": {
        "type": "MultiPoint",
        "coordinates": [
          [
            135.80719355323993,
            34.502135096157815
          ]
        ]
      }
    },
    {
      "type": "Feature",
      "properties": {
        "P12_001": 10151,
        "P12_002": "八木札の辻交流館",
        "P12_003": "29",
        "P12_004": "29205",
        "P12_005": "‐",
        "P12_006": "橿原市",
        "P12_007": null
      },
      "geometry": {
        "type": "MultiPoint",
        "coordinates": [
          [
            135.79589300066152,
            34.510996000265266
          ]
        ]
      }
    },
    {
      "type": "Feature",
      "properties": {
        "P12_001": 10152,
        "P12_002": "春の神武祭",
        "P12_003": "29",
        "P12_004": "29205",
        "P12_005": "‐",
        "P12_006": "橿原市",
        "P12_007": null
      },
      "geometry": {
        "type": "MultiPoint",
        "coordinates": [
          [
            135.7863130004447,
            34.488262999637755
          ]
        ]
      }
    },
    {
      "type": "Feature",
      "properties": {
        "P12_001": 10153,
        "P12_002": "長谷寺（行事を含む）",
        "P12_003": "29",
        "P12_004": "29206",
        "P12_005": "神社・寺院・教会",
        "P12_006": "桜井市",
        "P12_007": null
      },
      "geometry": {
        "type": "MultiPoint",
        "coordinates": [
          [
            135.90684037758137,
            34.53590124494656
          ]
        ]
      }
    },
    {
      "type": "Feature",
      "properties": {
        "P12_001": 10154,
        "P12_002": "桜井市立埋蔵文化財センター",
        "P12_003": "29",
        "P12_004": "29206",
        "P12_005": "‐",
        "P12_006": "桜井市",
        "P12_007": null
      },
      "geometry": {
        "type": "MultiPoint",
        "coordinates": [
          [
            135.84171499944773,
            34.52967100081611
          ]
        ]
      }
    },
    {
      "type": "Feature",
      "properties": {
        "P12_001": 10155,
        "P12_002": "談山神社（行事を含む）",
        "P12_003": "29",
        "P12_004": "29206",
        "P12_005": "‐",
        "P12_006": "桜井市",
        "P12_007": null
      },
      "geometry": {
        "type": "MultiPoint",
        "coordinates": [
          [
            135.86175399994715,
            34.465951000438395
          ]
        ]
      }
    },
    {
      "type": "Feature",
      "properties": {
        "P12_001": 10156,
        "P12_002": "大神神社（行事を含む）",
        "P12_003": "29",
        "P12_004": "29206",
        "P12_005": "‐",
        "P12_006": "桜井市",
        "P12_007": null
      },
      "geometry": {
        "type": "MultiPoint",
        "coordinates": [
          [
            135.84648099979836,
            34.519393999933186
          ]
        ]
      }
    },
    {
      "type": "Feature",
      "properties": {
        "P12_001": 10157,
        "P12_002": "聖林寺",
        "P12_003": "29",
        "P12_004": "29206",
        "P12_005": "‐",
        "P12_006": "桜井市",
        "P12_007": null
      },
      "geometry": {
        "type": "MultiPoint",
        "coordinates": [
          [
            135.85184600079242,
            34.49170600013184
          ]
        ]
      }
    },
    {
      "type": "Feature",
      "properties": {
        "P12_001": 10158,
        "P12_002": "安倍文殊院",
        "P12_003": "29",
        "P12_004": "29206",
        "P12_005": "‐",
        "P12_006": "桜井市",
        "P12_007": null
      },
      "geometry": {
        "type": "MultiPoint",
        "coordinates": [
          [
            135.84177600046212,
            34.503749999762704
          ]
        ]
      }
    },
    {
      "type": "Feature",
      "properties": {
        "P12_001": 10159,
        "P12_002": "荒神の里　笠そば処",
        "P12_003": "29",
        "P12_004": "29206",
        "P12_005": "‐",
        "P12_006": "桜井市",
        "P12_007": null
      },
      "geometry": {
        "type": "MultiPoint",
        "coordinates": [
          [
            135.89472300046612,
            34.560959999404474
          ]
        ]
      }
    },
    {
      "type": "Feature",
      "properties": {
        "P12_001": 10160,
        "P12_002": "喜多美術館",
        "P12_003": "29",
        "P12_004": "29206",
        "P12_005": "‐",
        "P12_006": "桜井市",
        "P12_007": null
      },
      "geometry": {
        "type": "MultiPoint",
        "coordinates": [
          [
            135.85387500083073,
            34.524666000235754
          ]
        ]
      }
    },
    {
      "type": "Feature",
      "properties": {
        "P12_001": 10161,
        "P12_002": "桜井市初瀬観光センター",
        "P12_003": "29",
        "P12_004": "29206",
        "P12_005": "‐",
        "P12_006": "桜井市",
        "P12_007": null
      },
      "geometry": {
        "type": "MultiPoint",
        "coordinates": [
          [
            135.90141999993307,
            34.52726400043332
          ]
        ]
      }
    },
    {
      "type": "Feature",
      "properties": {
        "P12_001": 10162,
        "P12_002": "桜井観光案内所",
        "P12_003": "29",
        "P12_004": "29206",
        "P12_005": "‐",
        "P12_006": "桜井市",
        "P12_007": null
      },
      "geometry": {
        "type": "MultiPoint",
        "coordinates": [
          [
            135.84666300009746,
            34.51352900016326
          ]
        ]
      }
    },
    {
      "type": "Feature",
      "properties": {
        "P12_001": 10163,
        "P12_002": "石位寺",
        "P12_003": "29",
        "P12_004": "29206",
        "P12_005": "‐",
        "P12_006": "桜井市",
        "P12_007": null
      },
      "geometry": {
        "type": "MultiPoint",
        "coordinates": [
          [
            135.87333400156297,
            34.5054804635526
          ]
        ]
      }
    },
    {
      "type": "Feature",
      "properties": {
        "P12_001": 10164,
        "P12_002": "大神神社【大和青垣国定公園】",
        "P12_003": "29",
        "P12_004": "29206",
        "P12_005": "‐",
        "P12_006": "桜井市",
        "P12_007": null
      },
      "geometry": {
        "type": "MultiPoint",
        "coordinates": [
          [
            135.84648099979836,
            34.519393999933186
          ]
        ]
      }
    },
    {
      "type": "Feature",
      "properties": {
        "P12_001": 10165,
        "P12_002": "天理・桜井市境～金屋【東海自然歩道】",
        "P12_003": "29",
        "P12_004": "29206",
        "P12_005": "‐",
        "P12_006": "桜井市",
        "P12_007": null
      },
      "geometry": {
        "type": "MultiPoint",
        "coordinates": [
          [
            135.85341799954108,
            34.52322099924976
          ]
        ]
      }
    },
    {
      "type": "Feature",
      "properties": {
        "P12_001": 10166,
        "P12_002": "金屋～宇陀市榛原区・桜井市境【東海自然歩道】",
        "P12_003": "29",
        "P12_004": "29206",
        "P12_005": "‐",
        "P12_006": "桜井市",
        "P12_007": null
      },
      "geometry": {
        "type": "MultiPoint",
        "coordinates": [
          [
            135.92772599985506,
            34.54093500044996
          ]
        ]
      }
    },
    {
      "type": "Feature",
      "properties": {
        "P12_001": 10167,
        "P12_002": "等弥神社",
        "P12_003": "29",
        "P12_004": "29206",
        "P12_005": "‐",
        "P12_006": "桜井市",
        "P12_007": null
      },
      "geometry": {
        "type": "MultiPoint",
        "coordinates": [
          [
            135.8539920008302,
            34.50648299989058
          ]
        ]
      }
    },
    {
      "type": "Feature",
      "properties": {
        "P12_001": 10168,
        "P12_002": "おんぱら祭奉納花火大会",
        "P12_003": "29",
        "P12_004": "29206",
        "P12_005": "‐",
        "P12_006": "桜井市",
        "P12_007": null
      },
      "geometry": {
        "type": "MultiPoint",
        "coordinates": [
          [
            135.8432160003182,
            34.51871400005109
          ]
        ]
      }
    },
    {
      "type": "Feature",
      "properties": {
        "P12_001": 10169,
        "P12_002": "大和さくらい万葉まつり",
        "P12_003": "29",
        "P12_004": "29206",
        "P12_005": "‐",
        "P12_006": "桜井市",
        "P12_007": null
      },
      "geometry": {
        "type": "MultiPoint",
        "coordinates": [
          [
            135.85422299979166,
            34.52004999960786
          ]
        ]
      }
    },
    {
      "type": "Feature",
      "properties": {
        "P12_001": 10170,
        "P12_002": "與喜天満神社",
        "P12_003": "29",
        "P12_004": "29206",
        "P12_005": "‐",
        "P12_006": "桜井市",
        "P12_007": null
      },
      "geometry": {
        "type": "MultiPoint",
        "coordinates": [
          [
            135.91152100079364,
            34.53498500035755
          ]
        ]
      }
    },
    {
      "type": "Feature",
      "properties": {
        "P12_001": 10171,
        "P12_002": "まちなみ伝承館",
        "P12_003": "29",
        "P12_004": "29207",
        "P12_005": "‐",
        "P12_006": "五條市",
        "P12_007": null
      },
      "geometry": {
        "type": "MultiPoint",
        "coordinates": [
          [
            135.6933579999718,
            34.34872900054302
          ]
        ]
      }
    },
    {
      "type": "Feature",
      "properties": {
        "P12_001": 10172,
        "P12_002": "長屋門",
        "P12_003": "29",
        "P12_004": "29207",
        "P12_005": "‐",
        "P12_006": "五條市",
        "P12_007": null
      },
      "geometry": {
        "type": "MultiPoint",
        "coordinates": [
          [
            135.69067099926724,
            34.35015199961515
          ]
        ]
      }
    },
    {
      "type": "Feature",
      "properties": {
        "P12_001": 10173,
        "P12_002": "まちや館",
        "P12_003": "29",
        "P12_004": "29207",
        "P12_005": "‐",
        "P12_006": "五條市",
        "P12_007": null
      },
      "geometry": {
        "type": "MultiPoint",
        "coordinates": [
          [
            135.69436600059055,
            34.34961400088548
          ]
        ]
      }
    },
    {
      "type": "Feature",
      "properties": {
        "P12_001": 10174,
        "P12_002": "賀名生の里歴史民族資料館",
        "P12_003": "29",
        "P12_004": "29207",
        "P12_005": "‐",
        "P12_006": "五條市",
        "P12_007": null
      },
      "geometry": {
        "type": "MultiPoint",
        "coordinates": [
          [
            135.71958899913307,
            34.29851799990581
          ]
        ]
      }
    },
    {
      "type": "Feature",
      "properties": {
        "P12_001": 10175,
        "P12_002": "モンベルクラブ",
        "P12_003": "29",
        "P12_004": "29207",
        "P12_005": "‐",
        "P12_006": "五條市",
        "P12_007": null
      },
      "geometry": {
        "type": "MultiPoint",
        "coordinates": [
          [
            135.72221300052956,
            34.35605300014589
          ]
        ]
      }
    },
    {
      "type": "Feature",
      "properties": {
        "P12_001": 10176,
        "P12_002": "リバーサイドホテル",
        "P12_003": "29",
        "P12_004": "29207",
        "P12_005": "‐",
        "P12_006": "五條市",
        "P12_007": null
      },
      "geometry": {
        "type": "MultiPoint",
        "coordinates": [
          [
            135.68852400008257,
            34.3480449995771
          ]
        ]
      }
    },
    {
      "type": "Feature",
      "properties": {
        "P12_001": 10177,
        "P12_002": "金剛乃湯",
        "P12_003": "29",
        "P12_004": "29207",
        "P12_005": "‐",
        "P12_006": "五條市",
        "P12_007": null
      },
      "geometry": {
        "type": "MultiPoint",
        "coordinates": [
          [
            135.68939300058662,
            34.34789399980832
          ]
        ]
      }
    },
    {
      "type": "Feature",
      "properties": {
        "P12_001": 10178,
        "P12_002": "金剛寺",
        "P12_003": "29",
        "P12_004": "29207",
        "P12_005": "‐",
        "P12_006": "五條市",
        "P12_007": null
      },
      "geometry": {
        "type": "MultiPoint",
        "coordinates": [
          [
            135.70184800028505,
            34.34570899977058
          ]
        ]
      }
    },
    {
      "type": "Feature",
      "properties": {
        "P12_001": 10179,
        "P12_002": "榮山寺",
        "P12_003": "29",
        "P12_004": "29207",
        "P12_005": "‐",
        "P12_006": "五條市",
        "P12_007": null
      },
      "geometry": {
        "type": "MultiPoint",
        "coordinates": [
          [
            135.7206630000975,
            34.355910999892785
          ]
        ]
      }
    },
    {
      "type": "Feature",
      "properties": {
        "P12_001": 10180,
        "P12_002": "五條市漁業協同組合（釣り客）",
        "P12_003": "29",
        "P12_004": "29207",
        "P12_005": "‐",
        "P12_006": "五條市",
        "P12_007": null
      },
      "geometry": {
        "type": "MultiPoint",
        "coordinates": [
          [
            135.70196899956977,
            34.354662999897585
          ]
        ]
      }
    },
    {
      "type": "Feature",
      "properties": {
        "P12_001": 10181,
        "P12_002": "吉野川やな漁",
        "P12_003": "29",
        "P12_004": "29207",
        "P12_005": "‐",
        "P12_006": "五條市",
        "P12_007": null
      },
      "geometry": {
        "type": "MultiPoint",
        "coordinates": [
          [
            135.69622900016827,
            34.348433999529504
          ]
        ]
      }
    },
    {
      "type": "Feature",
      "properties": {
        "P12_001": 10182,
        "P12_002": "吉野川祭り",
        "P12_003": "29",
        "P12_004": "29207",
        "P12_005": "‐",
        "P12_006": "五條市",
        "P12_007": null
      },
      "geometry": {
        "type": "MultiPoint",
        "coordinates": [
          [
            135.69622900016827,
            34.348433999529504
          ]
        ]
      }
    },
    {
      "type": "Feature",
      "properties": {
        "P12_001": 10183,
        "P12_002": "念仏寺鬼はしり",
        "P12_003": "29",
        "P12_004": "29207",
        "P12_005": "‐",
        "P12_006": "五條市",
        "P12_007": null
      },
      "geometry": {
        "type": "MultiPoint",
        "coordinates": [
          [
            135.67218200009927,
            34.32923800013367
          ]
        ]
      }
    },
    {
      "type": "Feature",
      "properties": {
        "P12_001": 10184,
        "P12_002": "カルディアキャンプ場",
        "P12_003": "29",
        "P12_004": "29207",
        "P12_005": "‐",
        "P12_006": "五條市",
        "P12_007": null
      },
      "geometry": {
        "type": "MultiPoint",
        "coordinates": [
          [
            135.74908099938864,
            34.36661400063565
          ]
        ]
      }
    },
    {
      "type": "Feature",
      "properties": {
        "P12_001": 10185,
        "P12_002": "かげろう座",
        "P12_003": "29",
        "P12_004": "29207",
        "P12_005": "‐",
        "P12_006": "五條市",
        "P12_007": null
      },
      "geometry": {
        "type": "MultiPoint",
        "coordinates": [
          [
            135.69565799991688,
            34.351019000026895
          ]
        ]
      }
    },
    {
      "type": "Feature",
      "properties": {
        "P12_001": 10186,
        "P12_002": "川開きフェスタ",
        "P12_003": "29",
        "P12_004": "29207",
        "P12_005": "‐",
        "P12_006": "五條市",
        "P12_007": null
      },
      "geometry": {
        "type": "MultiPoint",
        "coordinates": [
          [
            135.69622900016827,
            34.348433999529504
          ]
        ]
      }
    },
    {
      "type": "Feature",
      "properties": {
        "P12_001": 10187,
        "P12_002": "流しびな",
        "P12_003": "29",
        "P12_004": "29207",
        "P12_005": "‐",
        "P12_006": "五條市",
        "P12_007": null
      },
      "geometry": {
        "type": "MultiPoint",
        "coordinates": [
          [
            135.75227499919197,
            34.36982300023135
          ]
        ]
      }
    },
    {
      "type": "Feature",
      "properties": {
        "P12_001": 10188,
        "P12_002": "奈良県果樹振興センター（柿博物館）",
        "P12_003": "29",
        "P12_004": "29207",
        "P12_005": "‐",
        "P12_006": "五條市",
        "P12_007": null
      },
      "geometry": {
        "type": "MultiPoint",
        "coordinates": [
          [
            135.72210200080679,
            34.32274599932845
          ]
        ]
      }
    },
    {
      "type": "Feature",
      "properties": {
        "P12_001": 10189,
        "P12_002": "きすみ館（西吉野温泉）",
        "P12_003": "29",
        "P12_004": "29207",
        "P12_005": "‐",
        "P12_006": "五條市",
        "P12_007": null
      },
      "geometry": {
        "type": "MultiPoint",
        "coordinates": [
          [
            135.75243200013676,
            34.2878740009844
          ]
        ]
      }
    },
    {
      "type": "Feature",
      "properties": {
        "P12_001": 10190,
        "P12_002": "西吉野観光農園（柿狩り）",
        "P12_003": "29",
        "P12_004": "29207",
        "P12_005": "‐",
        "P12_006": "五條市",
        "P12_007": null
      },
      "geometry": {
        "type": "MultiPoint",
        "coordinates": [
          [
            135.6936320000168,
            34.35203000078394
          ]
        ]
      }
    },
    {
      "type": "Feature",
      "properties": {
        "P12_001": 10191,
        "P12_002": "賀名生梅林",
        "P12_003": "29",
        "P12_004": "29207",
        "P12_005": "‐",
        "P12_006": "五條市",
        "P12_007": null
      },
      "geometry": {
        "type": "MultiPoint",
        "coordinates": [
          [
            135.71671399965146,
            34.296726000004924
          ]
        ]
      }
    },
    {
      "type": "Feature",
      "properties": {
        "P12_001": 10192,
        "P12_002": "道の駅「吉野路　大塔」",
        "P12_003": "29",
        "P12_004": "29207",
        "P12_005": "‐",
        "P12_006": "五條市",
        "P12_007": null
      },
      "geometry": {
        "type": "MultiPoint",
        "coordinates": [
          [
            135.73289000007355,
            34.21429199997584
          ]
        ]
      }
    },
    {
      "type": "Feature",
      "properties": {
        "P12_001": 10193,
        "P12_002": "道の駅「吉野路　大塔」レストラン",
        "P12_003": "29",
        "P12_004": "29207",
        "P12_005": "‐",
        "P12_006": "五條市",
        "P12_007": null
      },
      "geometry": {
        "type": "MultiPoint",
        "coordinates": [
          [
            135.73289000007355,
            34.21429199997584
          ]
        ]
      }
    },
    {
      "type": "Feature",
      "properties": {
        "P12_001": 10194,
        "P12_002": "ふれあい交流館（夢乃湯）",
        "P12_003": "29",
        "P12_004": "29207",
        "P12_005": "‐",
        "P12_006": "五條市",
        "P12_007": null
      },
      "geometry": {
        "type": "MultiPoint",
        "coordinates": [
          [
            135.74542800000222,
            34.15129800070224
          ]
        ]
      }
    },
    {
      "type": "Feature",
      "properties": {
        "P12_001": 10195,
        "P12_002": "ふれあい交流館",
        "P12_003": "29",
        "P12_004": "29207",
        "P12_005": "‐",
        "P12_006": "五條市",
        "P12_007": null
      },
      "geometry": {
        "type": "MultiPoint",
        "coordinates": [
          [
            135.74542800000222,
            34.15129800070224
          ]
        ]
      }
    },
    {
      "type": "Feature",
      "properties": {
        "P12_001": 10196,
        "P12_002": "赤谷オートキャンプ場（森の湯）",
        "P12_003": "29",
        "P12_004": "29207",
        "P12_005": "‐",
        "P12_006": "五條市",
        "P12_007": null
      },
      "geometry": {
        "type": "MultiPoint",
        "coordinates": [
          [
            135.72500299968874,
            34.13698499985793
          ]
        ]
      }
    },
    {
      "type": "Feature",
      "properties": {
        "P12_001": 10197,
        "P12_002": "赤谷オートキャンプ場",
        "P12_003": "29",
        "P12_004": "29207",
        "P12_005": "‐",
        "P12_006": "五條市",
        "P12_007": null
      },
      "geometry": {
        "type": "MultiPoint",
        "coordinates": [
          [
            135.72500299968874,
            34.13698499985793
          ]
        ]
      }
    },
    {
      "type": "Feature",
      "properties": {
        "P12_001": 10198,
        "P12_002": "星のくに（星乃湯）",
        "P12_003": "29",
        "P12_004": "29207",
        "P12_005": "‐",
        "P12_006": "五條市",
        "P12_007": null
      },
      "geometry": {
        "type": "MultiPoint",
        "coordinates": [
          [
            135.73260302101266,
            34.21328709482361
          ]
        ]
      }
    },
    {
      "type": "Feature",
      "properties": {
        "P12_001": 10199,
        "P12_002": "星のくに（プラネタリウム）",
        "P12_003": "29",
        "P12_004": "29207",
        "P12_005": "‐",
        "P12_006": "五條市",
        "P12_007": null
      },
      "geometry": {
        "type": "MultiPoint",
        "coordinates": [
          [
            135.73306026781722,
            34.21224327690578
          ]
        ]
      }
    },
    {
      "type": "Feature",
      "properties": {
        "P12_001": 10200,
        "P12_002": "星のくに",
        "P12_003": "29",
        "P12_004": "29207",
        "P12_005": "‐",
        "P12_006": "五條市",
        "P12_007": null
      },
      "geometry": {
        "type": "MultiPoint",
        "coordinates": [
          [
            135.73259700005156,
            34.213309999656815
          ]
        ]
      }
    },
    {
      "type": "Feature",
      "properties": {
        "P12_001": 10201,
        "P12_002": "チビッコゲレンデ",
        "P12_003": "29",
        "P12_004": "29207",
        "P12_005": "‐",
        "P12_006": "五條市",
        "P12_007": null
      },
      "geometry": {
        "type": "MultiPoint",
        "coordinates": [
          [
            135.73242520166184,
            34.214601105057
          ]
        ]
      }
    },
    {
      "type": "Feature",
      "properties": {
        "P12_001": 10202,
        "P12_002": "大塔郷土館「歴史の蔵」",
        "P12_003": "29",
        "P12_004": "29207",
        "P12_005": "‐",
        "P12_006": "五條市",
        "P12_007": null
      },
      "geometry": {
        "type": "MultiPoint",
        "coordinates": [
          [
            135.73353999947142,
            34.21375800053136
          ]
        ]
      }
    },
    {
      "type": "Feature",
      "properties": {
        "P12_001": 10203,
        "P12_002": "大塔郷土館　食事",
        "P12_003": "29",
        "P12_004": "29207",
        "P12_005": "‐",
        "P12_006": "五條市",
        "P12_007": null
      },
      "geometry": {
        "type": "MultiPoint",
        "coordinates": [
          [
            135.73353999947142,
            34.21375800053136
          ]
        ]
      }
    },
    {
      "type": "Feature",
      "properties": {
        "P12_001": 10204,
        "P12_002": "藤岡家住宅",
        "P12_003": "29",
        "P12_004": "29207",
        "P12_005": "‐",
        "P12_006": "五條市",
        "P12_007": null
      },
      "geometry": {
        "type": "MultiPoint",
        "coordinates": [
          [
            135.7029260005346,
            34.38303900084924
          ]
        ]
      }
    },
    {
      "type": "Feature",
      "properties": {
        "P12_001": 10205,
        "P12_002": "こんぴら館",
        "P12_003": "29",
        "P12_004": "29207",
        "P12_005": "‐",
        "P12_006": "五條市",
        "P12_007": null
      },
      "geometry": {
        "type": "MultiPoint",
        "coordinates": [
          [
            135.73183499998538,
            34.26137700034832
          ]
        ]
      }
    },
    {
      "type": "Feature",
      "properties": {
        "P12_001": 10206,
        "P12_002": "吉野川祭納涼花火大会",
        "P12_003": "29",
        "P12_004": "29207",
        "P12_005": "‐",
        "P12_006": "五條市",
        "P12_007": null
      },
      "geometry": {
        "type": "MultiPoint",
        "coordinates": [
          [
            135.70109849989592,
            34.34816630103404
          ]
        ]
      }
    },
    {
      "type": "Feature",
      "properties": {
        "P12_001": 10207,
        "P12_002": "水平社博物館",
        "P12_003": "29",
        "P12_004": "29208",
        "P12_005": "‐",
        "P12_006": "御所市",
        "P12_007": null
      },
      "geometry": {
        "type": "MultiPoint",
        "coordinates": [
          [
            135.7612139995265,
            34.460385999214566
          ]
        ]
      }
    },
    {
      "type": "Feature",
      "properties": {
        "P12_001": 10208,
        "P12_002": "葛城山キャンプ場",
        "P12_003": "29",
        "P12_004": "29208",
        "P12_005": "‐",
        "P12_006": "御所市",
        "P12_007": null
      },
      "geometry": {
        "type": "MultiPoint",
        "coordinates": [
          [
            135.68330552383088,
            34.457032322084046
          ]
        ]
      }
    },
    {
      "type": "Feature",
      "properties": {
        "P12_001": 10209,
        "P12_002": "葛城山・葛城高原【金剛生駒紀泉国定公園】",
        "P12_003": "29",
        "P12_004": "29208",
        "P12_005": "‐",
        "P12_006": "御所市",
        "P12_007": null
      },
      "geometry": {
        "type": "MultiPoint",
        "coordinates": [
          [
            135.68371409752763,
            34.4553146367611
          ]
        ]
      }
    },
    {
      "type": "Feature",
      "properties": {
        "P12_001": 10210,
        "P12_002": "葛城の道【近畿自然歩道】",
        "P12_003": "29",
        "P12_004": "29208",
        "P12_005": "‐",
        "P12_006": "御所市",
        "P12_007": null
      },
      "geometry": {
        "type": "MultiPoint",
        "coordinates": [
          [
            135.6987639003338,
            34.414766700422945
          ]
        ]
      }
    },
    {
      "type": "Feature",
      "properties": {
        "P12_001": 10211,
        "P12_002": "高山竹林園",
        "P12_003": "29",
        "P12_004": "29209",
        "P12_005": "‐",
        "P12_006": "生駒市",
        "P12_007": null
      },
      "geometry": {
        "type": "MultiPoint",
        "coordinates": [
          [
            135.72125899970308,
            34.749704000639156
          ]
        ]
      }
    },
    {
      "type": "Feature",
      "properties": {
        "P12_001": 10212,
        "P12_002": "生駒山麓公園",
        "P12_003": "29",
        "P12_004": "29209",
        "P12_005": "‐",
        "P12_006": "生駒市",
        "P12_007": null
      },
      "geometry": {
        "type": "MultiPoint",
        "coordinates": [
          [
            135.67745299945648,
            34.70302900028821
          ]
        ]
      }
    },
    {
      "type": "Feature",
      "properties": {
        "P12_001": 10213,
        "P12_002": "宝山寺",
        "P12_003": "29",
        "P12_004": "29209",
        "P12_005": "‐",
        "P12_006": "生駒市",
        "P12_007": null
      },
      "geometry": {
        "type": "MultiPoint",
        "coordinates": [
          [
            135.68681789892696,
            34.68430123561359
          ]
        ]
      }
    },
    {
      "type": "Feature",
      "properties": {
        "P12_001": 10214,
        "P12_002": "くろんど池",
        "P12_003": "29",
        "P12_004": "29209",
        "P12_005": "‐",
        "P12_006": "生駒市",
        "P12_007": null
      },
      "geometry": {
        "type": "MultiPoint",
        "coordinates": [
          [
            135.71568599990906,
            34.762731999782034
          ]
        ]
      }
    },
    {
      "type": "Feature",
      "properties": {
        "P12_001": 10215,
        "P12_002": "スカイランド生駒",
        "P12_003": "29",
        "P12_004": "29209",
        "P12_005": "‐",
        "P12_006": "生駒市",
        "P12_007": null
      },
      "geometry": {
        "type": "MultiPoint",
        "coordinates": [
          [
            135.67840100000626,
            34.679730000539166
          ]
        ]
      }
    },
    {
      "type": "Feature",
      "properties": {
        "P12_001": 10216,
        "P12_002": "金剛生駒紀泉国定公園",
        "P12_003": "29",
        "P12_004": "29209",
        "P12_005": "‐",
        "P12_006": "生駒市",
        "P12_007": null
      },
      "geometry": {
        "type": "MultiPoint",
        "coordinates": [
          [
            135.72106399970392,
            34.75134500077121
          ]
        ]
      }
    },
    {
      "type": "Feature",
      "properties": {
        "P12_001": 10217,
        "P12_002": "近畿自然歩道",
        "P12_003": "29",
        "P12_004": "29209",
        "P12_005": "‐",
        "P12_006": "生駒市",
        "P12_007": null
      },
      "geometry": {
        "type": "MultiPoint",
        "coordinates": [
          [
            135.6925020000673,
            34.693120999334724
          ]
        ]
      }
    },
    {
      "type": "Feature",
      "properties": {
        "P12_001": 10218,
        "P12_002": "二上山博物館",
        "P12_003": "29",
        "P12_004": "29210",
        "P12_005": "‐",
        "P12_006": "香芝市",
        "P12_007": null
      },
      "geometry": {
        "type": "MultiPoint",
        "coordinates": [
          [
            135.69918399974188,
            34.542585000097745
          ]
        ]
      }
    },
    {
      "type": "Feature",
      "properties": {
        "P12_001": 10219,
        "P12_002": "阿日寺",
        "P12_003": "29",
        "P12_004": "29210",
        "P12_005": "‐",
        "P12_006": "香芝市",
        "P12_007": null
      },
      "geometry": {
        "type": "MultiPoint",
        "coordinates": [
          [
            135.7060859996692,
            34.53243199953721
          ]
        ]
      }
    },
    {
      "type": "Feature",
      "properties": {
        "P12_001": 10220,
        "P12_002": "香芝ウォーク",
        "P12_003": "29",
        "P12_004": "29210",
        "P12_005": "‐",
        "P12_006": "香芝市",
        "P12_007": null
      },
      "geometry": {
        "type": "MultiPoint",
        "coordinates": [
          [
            135.6991609995805,
            34.54129600001045
          ]
        ]
      }
    },
    {
      "type": "Feature",
      "properties": {
        "P12_001": 10221,
        "P12_002": "道の駅",
        "P12_003": "29",
        "P12_004": "29211",
        "P12_005": "‐",
        "P12_006": "葛城市",
        "P12_007": null
      },
      "geometry": {
        "type": "MultiPoint",
        "coordinates": [
          [
            135.69327699983376,
            34.52650800064379
          ]
        ]
      }
    },
    {
      "type": "Feature",
      "properties": {
        "P12_001": 10222,
        "P12_002": "観光休憩所　（相撲館入館者含）",
        "P12_003": "29",
        "P12_004": "29211",
        "P12_005": "‐",
        "P12_006": "葛城市",
        "P12_007": null
      },
      "geometry": {
        "type": "MultiPoint",
        "coordinates": [
          [
            135.70315499940375,
            34.51560500057036
          ]
        ]
      }
    },
    {
      "type": "Feature",
      "properties": {
        "P12_001": 10223,
        "P12_002": "石光寺",
        "P12_003": "29",
        "P12_004": "29211",
        "P12_005": "‐",
        "P12_006": "葛城市",
        "P12_007": null
      },
      "geometry": {
        "type": "MultiPoint",
        "coordinates": [
          [
            135.69528199966464,
            34.52341099991776
          ]
        ]
      }
    },
    {
      "type": "Feature",
      "properties": {
        "P12_001": 10224,
        "P12_002": "ふるさと公園",
        "P12_003": "29",
        "P12_004": "29211",
        "P12_005": "‐",
        "P12_006": "葛城市",
        "P12_007": null
      },
      "geometry": {
        "type": "MultiPoint",
        "coordinates": [
          [
            135.69183299979318,
            34.525816000208295
          ]
        ]
      }
    },
    {
      "type": "Feature",
      "properties": {
        "P12_001": 10225,
        "P12_002": "綿弓塚",
        "P12_003": "29",
        "P12_004": "29211",
        "P12_005": "‐",
        "P12_006": "葛城市",
        "P12_007": null
      },
      "geometry": {
        "type": "MultiPoint",
        "coordinates": [
          [
            135.69853499949068,
            34.508752999351486
          ]
        ]
      }
    },
    {
      "type": "Feature",
      "properties": {
        "P12_001": 10226,
        "P12_002": "當麻寺",
        "P12_003": "29",
        "P12_004": "29211",
        "P12_005": "‐",
        "P12_006": "葛城市",
        "P12_007": null
      },
      "geometry": {
        "type": "MultiPoint",
        "coordinates": [
          [
            135.69463800054336,
            34.516095999830554
          ]
        ]
      }
    },
    {
      "type": "Feature",
      "properties": {
        "P12_001": 10227,
        "P12_002": "二上神社口駅",
        "P12_003": "29",
        "P12_004": "29211",
        "P12_005": "‐",
        "P12_006": "葛城市",
        "P12_007": null
      },
      "geometry": {
        "type": "MultiPoint",
        "coordinates": [
          [
            135.69427399994515,
            34.53202399960793
          ]
        ]
      }
    },
    {
      "type": "Feature",
      "properties": {
        "P12_001": 10228,
        "P12_002": "歴史博物館",
        "P12_003": "29",
        "P12_004": "29211",
        "P12_005": "‐",
        "P12_006": "葛城市",
        "P12_007": null
      },
      "geometry": {
        "type": "MultiPoint",
        "coordinates": [
          [
            135.73092400024245,
            34.47713800011866
          ]
        ]
      }
    },
    {
      "type": "Feature",
      "properties": {
        "P12_001": 10229,
        "P12_002": "屋敷山公園",
        "P12_003": "29",
        "P12_004": "29211",
        "P12_005": "‐",
        "P12_006": "葛城市",
        "P12_007": null
      },
      "geometry": {
        "type": "MultiPoint",
        "coordinates": [
          [
            135.71374899961666,
            34.48613899971514
          ]
        ]
      }
    },
    {
      "type": "Feature",
      "properties": {
        "P12_001": 10230,
        "P12_002": "葛城山麓公園",
        "P12_003": "29",
        "P12_004": "29211",
        "P12_005": "‐",
        "P12_006": "葛城市",
        "P12_007": null
      },
      "geometry": {
        "type": "MultiPoint",
        "coordinates": [
          [
            135.70557399944062,
            34.47674099979736
          ]
        ]
      }
    },
    {
      "type": "Feature",
      "properties": {
        "P12_001": 10231,
        "P12_002": "金剛生駒紀泉公園",
        "P12_003": "29",
        "P12_004": "29211",
        "P12_005": "‐",
        "P12_006": "葛城市",
        "P12_007": null
      },
      "geometry": {
        "type": "MultiPoint",
        "coordinates": [
          [
            135.69316899934995,
            34.52466100000521
          ]
        ]
      }
    },
    {
      "type": "Feature",
      "properties": {
        "P12_001": 10232,
        "P12_002": "二上山、葛城山麓周辺歩道【近畿自然歩道】",
        "P12_003": "29",
        "P12_004": "29211",
        "P12_005": "‐",
        "P12_006": "葛城市",
        "P12_007": null
      },
      "geometry": {
        "type": "MultiPoint",
        "coordinates": [
          [
            135.69427399994515,
            34.53202399960793
          ]
        ]
      }
    },
    {
      "type": "Feature",
      "properties": {
        "P12_001": 10233,
        "P12_002": "ラッテ高松",
        "P12_003": "29",
        "P12_004": "29211",
        "P12_005": "‐",
        "P12_006": "葛城市",
        "P12_007": null
      },
      "geometry": {
        "type": "MultiPoint",
        "coordinates": [
          [
            135.70312000048773,
            34.47111999958838
          ]
        ]
      }
    },
    {
      "type": "Feature",
      "properties": {
        "P12_001": 10234,
        "P12_002": "かつらぎの森",
        "P12_003": "29",
        "P12_004": "29211",
        "P12_005": "‐",
        "P12_006": "葛城市",
        "P12_007": null
      },
      "geometry": {
        "type": "MultiPoint",
        "coordinates": [
          [
            135.70853999952146,
            34.49073800045841
          ]
        ]
      }
    },
    {
      "type": "Feature",
      "properties": {
        "P12_001": 10235,
        "P12_002": "室生寺",
        "P12_003": "29",
        "P12_004": "29212",
        "P12_005": "神社・寺院・教会",
        "P12_006": "宇陀市",
        "P12_007": null
      },
      "geometry": {
        "type": "MultiPoint",
        "coordinates": [
          [
            136.04044729940335,
            34.53810957159948
          ]
        ]
      }
    },
    {
      "type": "Feature",
      "properties": {
        "P12_001": 10236,
        "P12_002": "阿騎野ふるさと夏祭り",
        "P12_003": "29",
        "P12_004": "29212",
        "P12_005": "‐",
        "P12_006": "宇陀市",
        "P12_007": null
      },
      "geometry": {
        "type": "MultiPoint",
        "coordinates": [
          [
            135.92870800017408,
            34.472068000138165
          ]
        ]
      }
    },
    {
      "type": "Feature",
      "properties": {
        "P12_001": 10237,
        "P12_002": "あきの螢能",
        "P12_003": "29",
        "P12_004": "29212",
        "P12_005": "‐",
        "P12_006": "宇陀市",
        "P12_007": null
      },
      "geometry": {
        "type": "MultiPoint",
        "coordinates": [
          [
            135.92397500044592,
            34.478242000667876
          ]
        ]
      }
    },
    {
      "type": "Feature",
      "properties": {
        "P12_001": 10238,
        "P12_002": "又兵衛桜祭り",
        "P12_003": "29",
        "P12_004": "29212",
        "P12_005": "‐",
        "P12_006": "宇陀市",
        "P12_007": null
      },
      "geometry": {
        "type": "MultiPoint",
        "coordinates": [
          [
            135.91511699935006,
            34.474490000313324
          ]
        ]
      }
    },
    {
      "type": "Feature",
      "properties": {
        "P12_001": 10239,
        "P12_002": "かぎろひを観る会",
        "P12_003": "29",
        "P12_004": "29212",
        "P12_005": "‐",
        "P12_006": "宇陀市",
        "P12_007": null
      },
      "geometry": {
        "type": "MultiPoint",
        "coordinates": [
          [
            135.92811899999197,
            34.4788980003425
          ]
        ]
      }
    },
    {
      "type": "Feature",
      "properties": {
        "P12_001": 10240,
        "P12_002": "宇陀松山町並みライトアップ他",
        "P12_003": "29",
        "P12_004": "29212",
        "P12_005": "‐",
        "P12_006": "宇陀市",
        "P12_007": null
      },
      "geometry": {
        "type": "MultiPoint",
        "coordinates": [
          [
            135.9324570003903,
            34.48112599966521
          ]
        ]
      }
    },
    {
      "type": "Feature",
      "properties": {
        "P12_001": 10241,
        "P12_002": "あきのの湯",
        "P12_003": "29",
        "P12_004": "29212",
        "P12_005": "‐",
        "P12_006": "宇陀市",
        "P12_007": null
      },
      "geometry": {
        "type": "MultiPoint",
        "coordinates": [
          [
            135.9279620008457,
            34.471708999770556
          ]
        ]
      }
    },
    {
      "type": "Feature",
      "properties": {
        "P12_001": 10242,
        "P12_002": "道の駅「宇陀路　大宇陀」",
        "P12_003": "29",
        "P12_004": "29212",
        "P12_005": "‐",
        "P12_006": "宇陀市",
        "P12_007": null
      },
      "geometry": {
        "type": "MultiPoint",
        "coordinates": [
          [
            135.93220353636423,
            34.47601189603222
          ]
        ]
      }
    },
    {
      "type": "Feature",
      "properties": {
        "P12_001": 10243,
        "P12_002": "阿騎野新鮮野菜直売所",
        "P12_003": "29",
        "P12_004": "29212",
        "P12_005": "‐",
        "P12_006": "宇陀市",
        "P12_007": null
      },
      "geometry": {
        "type": "MultiPoint",
        "coordinates": [
          [
            135.93219199986095,
            34.47624499940724
          ]
        ]
      }
    },
    {
      "type": "Feature",
      "properties": {
        "P12_001": 10244,
        "P12_002": "薬の館（大宇陀町歴史文館）",
        "P12_003": "29",
        "P12_004": "29212",
        "P12_005": "‐",
        "P12_006": "宇陀市",
        "P12_007": null
      },
      "geometry": {
        "type": "MultiPoint",
        "coordinates": [
          [
            135.93265699972085,
            34.48139000014845
          ]
        ]
      }
    },
    {
      "type": "Feature",
      "properties": {
        "P12_001": 10245,
        "P12_002": "森野旧薬園",
        "P12_003": "29",
        "P12_004": "29212",
        "P12_005": "‐",
        "P12_006": "宇陀市",
        "P12_007": null
      },
      "geometry": {
        "type": "MultiPoint",
        "coordinates": [
          [
            135.93255200027465,
            34.47792600048456
          ]
        ]
      }
    },
    {
      "type": "Feature",
      "properties": {
        "P12_001": 10246,
        "P12_002": "伝建地区",
        "P12_003": "29",
        "P12_004": "29212",
        "P12_005": "‐",
        "P12_006": "宇陀市",
        "P12_007": null
      },
      "geometry": {
        "type": "MultiPoint",
        "coordinates": [
          [
            135.9325267023455,
            34.48151688279796
          ]
        ]
      }
    },
    {
      "type": "Feature",
      "properties": {
        "P12_001": 10247,
        "P12_002": "佛隆寺",
        "P12_003": "29",
        "P12_004": "29212",
        "P12_005": "‐",
        "P12_006": "宇陀市",
        "P12_007": null
      },
      "geometry": {
        "type": "MultiPoint",
        "coordinates": [
          [
            136.0096990002088,
            34.515315999833604
          ]
        ]
      }
    },
    {
      "type": "Feature",
      "properties": {
        "P12_001": 10248,
        "P12_002": "墨坂神社",
        "P12_003": "29",
        "P12_004": "29212",
        "P12_005": "‐",
        "P12_006": "宇陀市",
        "P12_007": null
      },
      "geometry": {
        "type": "MultiPoint",
        "coordinates": [
          [
            135.9606391848506,
            34.52841990535438
          ]
        ]
      }
    },
    {
      "type": "Feature",
      "properties": {
        "P12_001": 10249,
        "P12_002": "宇陀市榛原夏祭り花火大会",
        "P12_003": "29",
        "P12_004": "29212",
        "P12_005": "‐",
        "P12_006": "宇陀市",
        "P12_007": null
      },
      "geometry": {
        "type": "MultiPoint",
        "coordinates": [
          [
            135.94819779998852,
            34.52460839955802
          ]
        ]
      }
    },
    {
      "type": "Feature",
      "properties": {
        "P12_001": 10250,
        "P12_002": "美榛温泉・美榛苑",
        "P12_003": "29",
        "P12_004": "29212",
        "P12_005": "‐",
        "P12_006": "宇陀市",
        "P12_007": null
      },
      "geometry": {
        "type": "MultiPoint",
        "coordinates": [
          [
            135.96903900024972,
            34.53528200056394
          ]
        ]
      }
    },
    {
      "type": "Feature",
      "properties": {
        "P12_001": 10251,
        "P12_002": "大野寺",
        "P12_003": "29",
        "P12_004": "29212",
        "P12_005": "‐",
        "P12_006": "宇陀市",
        "P12_007": null
      },
      "geometry": {
        "type": "MultiPoint",
        "coordinates": [
          [
            136.01568900034715,
            34.56260099953653
          ]
        ]
      }
    },
    {
      "type": "Feature",
      "properties": {
        "P12_001": 10252,
        "P12_002": "竜鎮渓谷",
        "P12_003": "29",
        "P12_004": "29212",
        "P12_005": "‐",
        "P12_006": "宇陀市",
        "P12_007": null
      },
      "geometry": {
        "type": "MultiPoint",
        "coordinates": [
          [
            136.03105100010362,
            34.55094000048069
          ]
        ]
      }
    },
    {
      "type": "Feature",
      "properties": {
        "P12_001": 10253,
        "P12_002": "室生山上公園芸術の森",
        "P12_003": "29",
        "P12_004": "29212",
        "P12_005": "‐",
        "P12_006": "宇陀市",
        "P12_007": null
      },
      "geometry": {
        "type": "MultiPoint",
        "coordinates": [
          [
            136.0324170001445,
            34.538303000483154
          ]
        ]
      }
    },
    {
      "type": "Feature",
      "properties": {
        "P12_001": 10254,
        "P12_002": "弁財天石楠花の丘",
        "P12_003": "29",
        "P12_004": "29212",
        "P12_005": "‐",
        "P12_006": "宇陀市",
        "P12_007": null
      },
      "geometry": {
        "type": "MultiPoint",
        "coordinates": [
          [
            136.04361100014762,
            34.48395600066897
          ]
        ]
      }
    },
    {
      "type": "Feature",
      "properties": {
        "P12_001": 10255,
        "P12_002": "道の駅「宇陀路　室生」",
        "P12_003": "29",
        "P12_004": "29212",
        "P12_005": "‐",
        "P12_006": "宇陀市",
        "P12_007": null
      },
      "geometry": {
        "type": "MultiPoint",
        "coordinates": [
          [
            136.0344093546081,
            34.57649237032666
          ]
        ]
      }
    },
    {
      "type": "Feature",
      "properties": {
        "P12_001": 10256,
        "P12_002": "寺社",
        "P12_003": "29",
        "P12_004": "29212",
        "P12_005": "‐",
        "P12_006": "宇陀市",
        "P12_007": null
      },
      "geometry": {
        "type": "MultiPoint",
        "coordinates": [
          [
            135.95226900031423,
            34.52802899973858
          ]
        ]
      }
    },
    {
      "type": "Feature",
      "properties": {
        "P12_001": 10257,
        "P12_002": "水分桜",
        "P12_003": "29",
        "P12_004": "29212",
        "P12_005": "‐",
        "P12_006": "宇陀市",
        "P12_007": null
      },
      "geometry": {
        "type": "MultiPoint",
        "coordinates": [
          [
            135.9697025560282,
            34.47294369339676
          ]
        ]
      }
    },
    {
      "type": "Feature",
      "properties": {
        "P12_001": 10258,
        "P12_002": "鳥見山公園",
        "P12_003": "29",
        "P12_004": "29212",
        "P12_005": "‐",
        "P12_006": "宇陀市",
        "P12_007": null
      },
      "geometry": {
        "type": "MultiPoint",
        "coordinates": [
          [
            135.9426583332156,
            34.544636110867884
          ]
        ]
      }
    },
    {
      "type": "Feature",
      "properties": {
        "P12_001": 10259,
        "P12_002": "宇陀市榛原区、室生区【室生赤目青山国定公園】",
        "P12_003": "29",
        "P12_004": "29212",
        "P12_005": "‐",
        "P12_006": "宇陀市",
        "P12_007": null
      },
      "geometry": {
        "type": "MultiPoint",
        "coordinates": [
          [
            136.0406139995365,
            34.537891999516205
          ]
        ]
      }
    },
    {
      "type": "Feature",
      "properties": {
        "P12_001": 10260,
        "P12_002": "榛原区　鳥見山～室生区　竜鎮【東海自然歩道】",
        "P12_003": "29",
        "P12_004": "29212",
        "P12_005": "‐",
        "P12_006": "宇陀市",
        "P12_007": null
      },
      "geometry": {
        "type": "MultiPoint",
        "coordinates": [
          [
            135.9747400005507,
            34.55273900070438
          ]
        ]
      }
    },
    {
      "type": "Feature",
      "properties": {
        "P12_001": 10261,
        "P12_002": "室生区　大野～室生区　室生【東海自然歩道】",
        "P12_003": "29",
        "P12_004": "29212",
        "P12_005": "‐",
        "P12_006": "宇陀市",
        "P12_007": null
      },
      "geometry": {
        "type": "MultiPoint",
        "coordinates": [
          [
            136.0406139995365,
            34.537891999516205
          ]
        ]
      }
    },
    {
      "type": "Feature",
      "properties": {
        "P12_001": 10262,
        "P12_002": "室生区　室生～室生区　下田口【東海自然歩道】",
        "P12_003": "29",
        "P12_004": "29212",
        "P12_005": "‐",
        "P12_006": "宇陀市",
        "P12_007": null
      },
      "geometry": {
        "type": "MultiPoint",
        "coordinates": [
          [
            136.01860000058957,
            34.55263300031277
          ]
        ]
      }
    },
    {
      "type": "Feature",
      "properties": {
        "P12_001": 10263,
        "P12_002": "大宇陀区　宮奥～大宇陀区　　半阪【近畿自然歩道】",
        "P12_003": "29",
        "P12_004": "29212",
        "P12_005": "‐",
        "P12_006": "宇陀市",
        "P12_007": null
      },
      "geometry": {
        "type": "MultiPoint",
        "coordinates": [
          [
            135.91377110005624,
            34.45259379996395
          ]
        ]
      }
    },
    {
      "type": "Feature",
      "properties": {
        "P12_001": 10264,
        "P12_002": "豊里漁業協同組合（釣り客）",
        "P12_003": "29",
        "P12_004": "29322",
        "P12_005": "‐",
        "P12_006": "山添村",
        "P12_007": null
      },
      "geometry": {
        "type": "MultiPoint",
        "coordinates": [
          [
            136.0437999998702,
            34.68128000007198
          ]
        ]
      }
    },
    {
      "type": "Feature",
      "properties": {
        "P12_001": 10265,
        "P12_002": "布目川漁業協同組合（布目ダム周辺）",
        "P12_003": "29",
        "P12_004": "29322",
        "P12_005": "‐",
        "P12_006": "山添村",
        "P12_007": null
      },
      "geometry": {
        "type": "MultiPoint",
        "coordinates": [
          [
            136.0437999998702,
            34.68128000007198
          ]
        ]
      }
    },
    {
      "type": "Feature",
      "properties": {
        "P12_001": 10266,
        "P12_002": "波多野漁業協同組合（名張川流域）",
        "P12_003": "29",
        "P12_004": "29322",
        "P12_005": "‐",
        "P12_006": "山添村",
        "P12_007": null
      },
      "geometry": {
        "type": "MultiPoint",
        "coordinates": [
          [
            136.0437999998702,
            34.68128000007198
          ]
        ]
      }
    },
    {
      "type": "Feature",
      "properties": {
        "P12_001": 10267,
        "P12_002": "山添村Ｂ＆Ｇ海洋センター",
        "P12_003": "29",
        "P12_004": "29322",
        "P12_005": "‐",
        "P12_006": "山添村",
        "P12_007": null
      },
      "geometry": {
        "type": "MultiPoint",
        "coordinates": [
          [
            135.97464299967476,
            34.68152299958683
          ]
        ]
      }
    },
    {
      "type": "Feature",
      "properties": {
        "P12_001": 10268,
        "P12_002": "山添村歴史民俗資料館",
        "P12_003": "29",
        "P12_004": "29322",
        "P12_005": "‐",
        "P12_006": "山添村",
        "P12_007": null
      },
      "geometry": {
        "type": "MultiPoint",
        "coordinates": [
          [
            136.052256999561,
            34.68094000058062
          ]
        ]
      }
    },
    {
      "type": "Feature",
      "properties": {
        "P12_001": 10269,
        "P12_002": "産直センター山添花香房",
        "P12_003": "29",
        "P12_004": "29322",
        "P12_005": "‐",
        "P12_006": "山添村",
        "P12_007": null
      },
      "geometry": {
        "type": "MultiPoint",
        "coordinates": [
          [
            136.0406280001821,
            34.682474000274965
          ]
        ]
      }
    },
    {
      "type": "Feature",
      "properties": {
        "P12_001": 10270,
        "P12_002": "カントリーパーク大川",
        "P12_003": "29",
        "P12_004": "29322",
        "P12_005": "‐",
        "P12_006": "山添村",
        "P12_007": null
      },
      "geometry": {
        "type": "MultiPoint",
        "coordinates": [
          [
            136.0735169997098,
            34.69647600026724
          ]
        ]
      }
    },
    {
      "type": "Feature",
      "properties": {
        "P12_001": 10271,
        "P12_002": "めえめえ牧場",
        "P12_003": "29",
        "P12_004": "29322",
        "P12_005": "‐",
        "P12_006": "山添村",
        "P12_007": null
      },
      "geometry": {
        "type": "MultiPoint",
        "coordinates": [
          [
            135.99104499972702,
            34.6794729994794
          ]
        ]
      }
    },
    {
      "type": "Feature",
      "properties": {
        "P12_001": 10272,
        "P12_002": "茶の里　映山紅",
        "P12_003": "29",
        "P12_004": "29322",
        "P12_005": "‐",
        "P12_006": "山添村",
        "P12_007": null
      },
      "geometry": {
        "type": "MultiPoint",
        "coordinates": [
          [
            135.99889800034248,
            34.67500600032673
          ]
        ]
      }
    },
    {
      "type": "Feature",
      "properties": {
        "P12_001": 10273,
        "P12_002": "神野山キャンプ場",
        "P12_003": "29",
        "P12_004": "29322",
        "P12_005": "‐",
        "P12_006": "山添村",
        "P12_007": null
      },
      "geometry": {
        "type": "MultiPoint",
        "coordinates": [
          [
            136.00265800016666,
            34.667494000148054
          ]
        ]
      }
    },
    {
      "type": "Feature",
      "properties": {
        "P12_001": 10274,
        "P12_002": "森林科学館",
        "P12_003": "29",
        "P12_004": "29322",
        "P12_005": "‐",
        "P12_006": "山添村",
        "P12_007": null
      },
      "geometry": {
        "type": "MultiPoint",
        "coordinates": [
          [
            136.0026309998209,
            34.668546999244654
          ]
        ]
      }
    },
    {
      "type": "Feature",
      "properties": {
        "P12_001": 10275,
        "P12_002": "羊毛館",
        "P12_003": "29",
        "P12_004": "29322",
        "P12_005": "‐",
        "P12_006": "山添村",
        "P12_007": null
      },
      "geometry": {
        "type": "MultiPoint",
        "coordinates": [
          [
            135.99104499972702,
            34.6794729994794
          ]
        ]
      }
    },
    {
      "type": "Feature",
      "properties": {
        "P12_001": 10276,
        "P12_002": "木工館",
        "P12_003": "29",
        "P12_004": "29322",
        "P12_005": "‐",
        "P12_006": "山添村",
        "P12_007": null
      },
      "geometry": {
        "type": "MultiPoint",
        "coordinates": [
          [
            135.99901400029592,
            34.67323199945724
          ]
        ]
      }
    },
    {
      "type": "Feature",
      "properties": {
        "P12_001": 10277,
        "P12_002": "バーベキュー場",
        "P12_003": "29",
        "P12_004": "29322",
        "P12_005": "‐",
        "P12_006": "山添村",
        "P12_007": null
      },
      "geometry": {
        "type": "MultiPoint",
        "coordinates": [
          [
            136.0437999998702,
            34.68128000007198
          ]
        ]
      }
    },
    {
      "type": "Feature",
      "properties": {
        "P12_001": 10278,
        "P12_002": "フォレストパーク神野山",
        "P12_003": "29",
        "P12_004": "29322",
        "P12_005": "‐",
        "P12_006": "山添村",
        "P12_007": null
      },
      "geometry": {
        "type": "MultiPoint",
        "coordinates": [
          [
            135.99761599967871,
            34.66775100030844
          ]
        ]
      }
    },
    {
      "type": "Feature",
      "properties": {
        "P12_001": 10279,
        "P12_002": "県立月ヶ瀬神野山自然公園",
        "P12_003": "29",
        "P12_004": "29322",
        "P12_005": "‐",
        "P12_006": "山添村",
        "P12_007": null
      },
      "geometry": {
        "type": "MultiPoint",
        "coordinates": [
          [
            135.99999999990018,
            34.66856000074347
          ]
        ]
      }
    },
    {
      "type": "Feature",
      "properties": {
        "P12_001": 10280,
        "P12_002": "神野山つつじまつり（５月３日）",
        "P12_003": "29",
        "P12_004": "29322",
        "P12_005": "‐",
        "P12_006": "山添村",
        "P12_007": null
      },
      "geometry": {
        "type": "MultiPoint",
        "coordinates": [
          [
            135.9963630003523,
            34.66789799989283
          ]
        ]
      }
    },
    {
      "type": "Feature",
      "properties": {
        "P12_001": 10281,
        "P12_002": "七夕の集いｉｎ鍋倉（８月３日）",
        "P12_003": "29",
        "P12_004": "29322",
        "P12_005": "‐",
        "P12_006": "山添村",
        "P12_007": null
      },
      "geometry": {
        "type": "MultiPoint",
        "coordinates": [
          [
            136.00767600044708,
            34.667508000793646
          ]
        ]
      }
    },
    {
      "type": "Feature",
      "properties": {
        "P12_001": 10282,
        "P12_002": "鍋倉渓ライトアップ（８月１日～２０日）",
        "P12_003": "29",
        "P12_004": "29322",
        "P12_005": "‐",
        "P12_006": "山添村",
        "P12_007": null
      },
      "geometry": {
        "type": "MultiPoint",
        "coordinates": [
          [
            136.0028700000505,
            34.671024999304336
          ]
        ]
      }
    },
    {
      "type": "Feature",
      "properties": {
        "P12_001": 10283,
        "P12_002": "布目湖釣り大会（９月上旬）",
        "P12_003": "29",
        "P12_004": "29322",
        "P12_005": "‐",
        "P12_006": "山添村",
        "P12_007": null
      },
      "geometry": {
        "type": "MultiPoint",
        "coordinates": [
          [
            135.98073700011253,
            34.69013400008407
          ]
        ]
      }
    },
    {
      "type": "Feature",
      "properties": {
        "P12_001": 10284,
        "P12_002": "山添ふれあいむらまつり（１１月３日）",
        "P12_003": "29",
        "P12_004": "29322",
        "P12_005": "‐",
        "P12_006": "山添村",
        "P12_007": null
      },
      "geometry": {
        "type": "MultiPoint",
        "coordinates": [
          [
            136.04205600038415,
            34.68578200083874
          ]
        ]
      }
    },
    {
      "type": "Feature",
      "properties": {
        "P12_001": 10285,
        "P12_002": "布目ダムマラソン大会（１２月１日）",
        "P12_003": "29",
        "P12_004": "29322",
        "P12_005": "‐",
        "P12_006": "山添村",
        "P12_007": null
      },
      "geometry": {
        "type": "MultiPoint",
        "coordinates": [
          [
            135.9814376493281,
            34.697260649759244
          ]
        ]
      }
    },
    {
      "type": "Feature",
      "properties": {
        "P12_001": 10286,
        "P12_002": "映山紅手作り市（１２月１日）",
        "P12_003": "29",
        "P12_004": "29322",
        "P12_005": "‐",
        "P12_006": "山添村",
        "P12_007": null
      },
      "geometry": {
        "type": "MultiPoint",
        "coordinates": [
          [
            136.00768099977836,
            34.66751200007877
          ]
        ]
      }
    },
    {
      "type": "Feature",
      "properties": {
        "P12_001": 10287,
        "P12_002": "信貴山朝護孫子寺（行事を含む）",
        "P12_003": "29",
        "P12_004": "29342",
        "P12_005": "‐",
        "P12_006": "平群町",
        "P12_007": null
      },
      "geometry": {
        "type": "MultiPoint",
        "coordinates": [
          [
            135.66970500008574,
            34.609415000002286
          ]
        ]
      }
    },
    {
      "type": "Feature",
      "properties": {
        "P12_001": 10288,
        "P12_002": "道の駅「大和路へぐり」",
        "P12_003": "29",
        "P12_004": "29342",
        "P12_005": "‐",
        "P12_006": "平群町",
        "P12_007": null
      },
      "geometry": {
        "type": "MultiPoint",
        "coordinates": [
          [
            135.70629100012957,
            34.623558000201626
          ]
        ]
      }
    },
    {
      "type": "Feature",
      "properties": {
        "P12_001": 10289,
        "P12_002": "かんぽの宿大和平群",
        "P12_003": "29",
        "P12_004": "29342",
        "P12_005": "‐",
        "P12_006": "平群町",
        "P12_007": null
      },
      "geometry": {
        "type": "MultiPoint",
        "coordinates": [
          [
            135.70484899928192,
            34.64139899916455
          ]
        ]
      }
    },
    {
      "type": "Feature",
      "properties": {
        "P12_001": 10290,
        "P12_002": "へぐり時代祭り",
        "P12_003": "29",
        "P12_004": "29342",
        "P12_005": "‐",
        "P12_006": "平群町",
        "P12_007": null
      },
      "geometry": {
        "type": "MultiPoint",
        "coordinates": [
          [
            135.6705089993909,
            34.60968699995516
          ]
        ]
      }
    },
    {
      "type": "Feature",
      "properties": {
        "P12_001": 10291,
        "P12_002": "信貴山のどか村",
        "P12_003": "29",
        "P12_004": "29343",
        "P12_005": "‐",
        "P12_006": "三郷町",
        "P12_007": null
      },
      "geometry": {
        "type": "MultiPoint",
        "coordinates": [
          [
            135.65862285416142,
            34.60315142429886
          ]
        ]
      }
    },
    {
      "type": "Feature",
      "properties": {
        "P12_001": 10292,
        "P12_002": "龍田大社",
        "P12_003": "29",
        "P12_004": "29343",
        "P12_005": "‐",
        "P12_006": "三郷町",
        "P12_007": null
      },
      "geometry": {
        "type": "MultiPoint",
        "coordinates": [
          [
            135.6880858611736,
            34.593337649812725
          ]
        ]
      }
    },
    {
      "type": "Feature",
      "properties": {
        "P12_001": 10293,
        "P12_002": "法隆寺",
        "P12_003": "29",
        "P12_004": "29344",
        "P12_005": "神社・寺院・教会",
        "P12_006": "斑鳩町",
        "P12_007": null
      },
      "geometry": {
        "type": "MultiPoint",
        "coordinates": [
          [
            135.73418200029914,
            34.614737000812
          ]
        ]
      }
    },
    {
      "type": "Feature",
      "properties": {
        "P12_001": 10294,
        "P12_002": "竜田川もみじまつり",
        "P12_003": "29",
        "P12_004": "29344",
        "P12_005": "‐",
        "P12_006": "斑鳩町",
        "P12_007": null
      },
      "geometry": {
        "type": "MultiPoint",
        "coordinates": [
          [
            135.71772799964754,
            34.60496499983492
          ]
        ]
      }
    },
    {
      "type": "Feature",
      "properties": {
        "P12_001": 10295,
        "P12_002": "法隆寺　ｉ　センター",
        "P12_003": "29",
        "P12_004": "29344",
        "P12_005": "‐",
        "P12_006": "斑鳩町",
        "P12_007": null
      },
      "geometry": {
        "type": "MultiPoint",
        "coordinates": [
          [
            135.73542640210678,
            34.609691432713475
          ]
        ]
      }
    },
    {
      "type": "Feature",
      "properties": {
        "P12_001": 10296,
        "P12_002": "斑鳩の里",
        "P12_003": "29",
        "P12_004": "29344",
        "P12_005": "‐",
        "P12_006": "斑鳩町",
        "P12_007": null
      },
      "geometry": {
        "type": "MultiPoint",
        "coordinates": [
          [
            135.73542640210678,
            34.609691432713475
          ]
        ]
      }
    },
    {
      "type": "Feature",
      "properties": {
        "P12_001": 10297,
        "P12_002": "法隆寺観光自動車駐車場",
        "P12_003": "29",
        "P12_004": "29344",
        "P12_005": "‐",
        "P12_006": "斑鳩町",
        "P12_007": null
      },
      "geometry": {
        "type": "MultiPoint",
        "coordinates": [
          [
            135.73526900006436,
            34.610246999699314
          ]
        ]
      }
    },
    {
      "type": "Feature",
      "properties": {
        "P12_001": 10298,
        "P12_002": "中宮寺",
        "P12_003": "29",
        "P12_004": "29344",
        "P12_005": "‐",
        "P12_006": "斑鳩町",
        "P12_007": null
      },
      "geometry": {
        "type": "MultiPoint",
        "coordinates": [
          [
            135.73950799949466,
            34.61500100039592
          ]
        ]
      }
    },
    {
      "type": "Feature",
      "properties": {
        "P12_001": 10299,
        "P12_002": "法輪寺",
        "P12_003": "29",
        "P12_004": "29344",
        "P12_005": "‐",
        "P12_006": "斑鳩町",
        "P12_007": null
      },
      "geometry": {
        "type": "MultiPoint",
        "coordinates": [
          [
            135.738849000581,
            34.62250500020565
          ]
        ]
      }
    },
    {
      "type": "Feature",
      "properties": {
        "P12_001": 10300,
        "P12_002": "法起寺",
        "P12_003": "29",
        "P12_004": "29344",
        "P12_005": "‐",
        "P12_006": "斑鳩町",
        "P12_007": null
      },
      "geometry": {
        "type": "MultiPoint",
        "coordinates": [
          [
            135.74622100059878,
            34.62299100013462
          ]
        ]
      }
    },
    {
      "type": "Feature",
      "properties": {
        "P12_001": 10301,
        "P12_002": "中家住宅",
        "P12_003": "29",
        "P12_004": "29345",
        "P12_005": "‐",
        "P12_006": "安堵町窪田133",
        "P12_007": null
      },
      "geometry": {
        "type": "MultiPoint",
        "coordinates": [
          [
            135.76522500013368,
            34.59766200030111
          ]
        ]
      }
    },
    {
      "type": "Feature",
      "properties": {
        "P12_001": 10302,
        "P12_002": "富本憲吉記念館",
        "P12_003": "29",
        "P12_004": "29345",
        "P12_005": "‐",
        "P12_006": "安堵町東安堵1442",
        "P12_007": null
      },
      "geometry": {
        "type": "MultiPoint",
        "coordinates": [
          [
            135.75744500018664,
            34.60404799981541
          ]
        ]
      }
    },
    {
      "type": "Feature",
      "properties": {
        "P12_001": 10303,
        "P12_002": "安堵町歴史民俗資料館",
        "P12_003": "29",
        "P12_004": "29345",
        "P12_005": "‐",
        "P12_006": "安堵町東安堵1318-2",
        "P12_007": null
      },
      "geometry": {
        "type": "MultiPoint",
        "coordinates": [
          [
            135.75834000009104,
            34.604866000665425
          ]
        ]
      }
    },
    {
      "type": "Feature",
      "properties": {
        "P12_001": 10304,
        "P12_002": "安堵町ふれあい盆踊り大会",
        "P12_003": "29",
        "P12_004": "29345",
        "P12_005": "‐",
        "P12_006": "安堵町窪田中央公園体育館グラウンド内",
        "P12_007": null
      },
      "geometry": {
        "type": "MultiPoint",
        "coordinates": [
          [
            135.757589000532,
            34.59807599960777
          ]
        ]
      }
    },
    {
      "type": "Feature",
      "properties": {
        "P12_001": 10305,
        "P12_002": "飽波神社なもで踊り奉納",
        "P12_003": "29",
        "P12_004": "29345",
        "P12_005": "‐",
        "P12_006": "安堵町東安堵1379",
        "P12_007": null
      },
      "geometry": {
        "type": "MultiPoint",
        "coordinates": [
          [
            135.75580300000854,
            34.60466499949018
          ]
        ]
      }
    },
    {
      "type": "Feature",
      "properties": {
        "P12_001": 10306,
        "P12_002": "太子道の集い",
        "P12_003": "29",
        "P12_004": "29362",
        "P12_005": "‐",
        "P12_006": "三宅町",
        "P12_007": null
      },
      "geometry": {
        "type": "MultiPoint",
        "coordinates": [
          [
            135.77314400019554,
            34.57369799956308
          ]
        ]
      }
    },
    {
      "type": "Feature",
      "properties": {
        "P12_001": 10307,
        "P12_002": "十六市",
        "P12_003": "29",
        "P12_004": "29363",
        "P12_005": "‐",
        "P12_006": "田原本町",
        "P12_007": null
      },
      "geometry": {
        "type": "MultiPoint",
        "coordinates": [
          [
            135.79487599962772,
            34.55660099983635
          ]
        ]
      }
    },
    {
      "type": "Feature",
      "properties": {
        "P12_001": 10308,
        "P12_002": "唐古・鍵考古学ミュージアム",
        "P12_003": "29",
        "P12_004": "29363",
        "P12_005": "‐",
        "P12_006": "田原本町",
        "P12_007": null
      },
      "geometry": {
        "type": "MultiPoint",
        "coordinates": [
          [
            135.8023499998527,
            34.557395999625726
          ]
        ]
      }
    },
    {
      "type": "Feature",
      "properties": {
        "P12_001": 10309,
        "P12_002": "ファームガーデン",
        "P12_003": "29",
        "P12_004": "29385",
        "P12_005": "‐",
        "P12_006": "曽爾村",
        "P12_007": null
      },
      "geometry": {
        "type": "MultiPoint",
        "coordinates": [
          [
            136.15156699991712,
            34.524507999244804
          ]
        ]
      }
    },
    {
      "type": "Feature",
      "properties": {
        "P12_001": 10310,
        "P12_002": "曽爾高原温泉お亀の湯",
        "P12_003": "29",
        "P12_004": "29385",
        "P12_005": "‐",
        "P12_006": "曽爾村",
        "P12_007": null
      },
      "geometry": {
        "type": "MultiPoint",
        "coordinates": [
          [
            136.15151300012496,
            34.524463999913735
          ]
        ]
      }
    },
    {
      "type": "Feature",
      "properties": {
        "P12_001": 10311,
        "P12_002": "静山荘",
        "P12_003": "29",
        "P12_004": "29385",
        "P12_005": "‐",
        "P12_006": "曽爾村",
        "P12_007": null
      },
      "geometry": {
        "type": "MultiPoint",
        "coordinates": [
          [
            136.09859400051278,
            34.50523200065635
          ]
        ]
      }
    },
    {
      "type": "Feature",
      "properties": {
        "P12_001": 10312,
        "P12_002": "高原ホテル曽爾",
        "P12_003": "29",
        "P12_004": "29385",
        "P12_005": "‐",
        "P12_006": "曽爾村",
        "P12_007": null
      },
      "geometry": {
        "type": "MultiPoint",
        "coordinates": [
          [
            136.13113200004182,
            34.51666000065853
          ]
        ]
      }
    },
    {
      "type": "Feature",
      "properties": {
        "P12_001": 10313,
        "P12_002": "奥香落山荘",
        "P12_003": "29",
        "P12_004": "29385",
        "P12_005": "‐",
        "P12_006": "曽爾村",
        "P12_007": null
      },
      "geometry": {
        "type": "MultiPoint",
        "coordinates": [
          [
            136.12594699925467,
            34.51789899933942
          ]
        ]
      }
    },
    {
      "type": "Feature",
      "properties": {
        "P12_001": 10314,
        "P12_002": "サン・ヴィレッジ曽爾（奥香落オートキャンプ場）",
        "P12_003": "29",
        "P12_004": "29385",
        "P12_005": "‐",
        "P12_006": "曽爾村",
        "P12_007": null
      },
      "geometry": {
        "type": "MultiPoint",
        "coordinates": [
          [
            136.1230300005342,
            34.51822000065255
          ]
        ]
      }
    },
    {
      "type": "Feature",
      "properties": {
        "P12_001": 10315,
        "P12_002": "木治屋",
        "P12_003": "29",
        "P12_004": "29385",
        "P12_005": "‐",
        "P12_006": "曽爾村",
        "P12_007": null
      },
      "geometry": {
        "type": "MultiPoint",
        "coordinates": [
          [
            136.14614599993797,
            34.53917500022612
          ]
        ]
      }
    },
    {
      "type": "Feature",
      "properties": {
        "P12_001": 10316,
        "P12_002": "小太郎岩",
        "P12_003": "29",
        "P12_004": "29385",
        "P12_005": "‐",
        "P12_006": "曽爾村",
        "P12_007": null
      },
      "geometry": {
        "type": "MultiPoint",
        "coordinates": [
          [
            136.14320699930363,
            34.55362200005533
          ]
        ]
      }
    },
    {
      "type": "Feature",
      "properties": {
        "P12_001": 10317,
        "P12_002": "倶留尊山",
        "P12_003": "29",
        "P12_004": "29385",
        "P12_005": "‐",
        "P12_006": "曽爾村",
        "P12_007": null
      },
      "geometry": {
        "type": "MultiPoint",
        "coordinates": [
          [
            136.170301012182,
            34.530913785642724
          ]
        ]
      }
    },
    {
      "type": "Feature",
      "properties": {
        "P12_001": 10318,
        "P12_002": "曽爾高原",
        "P12_003": "29",
        "P12_004": "29385",
        "P12_005": "‐",
        "P12_006": "曽爾村",
        "P12_007": null
      },
      "geometry": {
        "type": "MultiPoint",
        "coordinates": [
          [
            136.16430018420624,
            34.52058306016016
          ]
        ]
      }
    },
    {
      "type": "Feature",
      "properties": {
        "P12_001": 10319,
        "P12_002": "曽爾村ぬるべの郷夏まつり",
        "P12_003": "29",
        "P12_004": "29385",
        "P12_005": "‐",
        "P12_006": "曽爾村",
        "P12_007": null
      },
      "geometry": {
        "type": "MultiPoint",
        "coordinates": [
          [
            136.12688000001208,
            34.50864200052797
          ]
        ]
      }
    },
    {
      "type": "Feature",
      "properties": {
        "P12_001": 10320,
        "P12_002": "古光山・後古光山【室生赤目青山国定公園】",
        "P12_003": "29",
        "P12_004": "29385",
        "P12_005": "‐",
        "P12_006": "曽爾村",
        "P12_007": null
      },
      "geometry": {
        "type": "MultiPoint",
        "coordinates": [
          [
            136.15103760410216,
            34.505025435375615
          ],
          [
            136.15742752376127,
            34.50740751104786
          ]
        ]
      }
    },
    {
      "type": "Feature",
      "properties": {
        "P12_001": 10321,
        "P12_002": "鎧岳・兜岳【室生赤目青山国定公園】",
        "P12_003": "29",
        "P12_004": "29385",
        "P12_005": "‐",
        "P12_006": "曽爾村",
        "P12_007": null
      },
      "geometry": {
        "type": "MultiPoint",
        "coordinates": [
          [
            136.1207180000357,
            34.5259920002307
          ],
          [
            136.13028799979145,
            34.528959000357645
          ]
        ]
      }
    },
    {
      "type": "Feature",
      "properties": {
        "P12_001": 10322,
        "P12_002": "屏風岩【室生赤目青山国定公園】",
        "P12_003": "29",
        "P12_004": "29385",
        "P12_005": "‐",
        "P12_006": "曽爾村",
        "P12_007": null
      },
      "geometry": {
        "type": "MultiPoint",
        "coordinates": [
          [
            136.10213999946143,
            34.51084899978156
          ]
        ]
      }
    },
    {
      "type": "Feature",
      "properties": {
        "P12_001": 10323,
        "P12_002": "住塚山・国見山【室生赤目青山国定公園】",
        "P12_003": "29",
        "P12_004": "29385",
        "P12_005": "‐",
        "P12_006": "曽爾村",
        "P12_007": null
      },
      "geometry": {
        "type": "MultiPoint",
        "coordinates": [
          [
            136.08661810923843,
            34.509772825155835
          ]
        ]
      }
    },
    {
      "type": "Feature",
      "properties": {
        "P12_001": 10324,
        "P12_002": "宇陀市・曽爾村界（クマタワ峠）～津市美杉町・曽爾村界（亀山峠）【東海自然歩道】",
        "P12_003": "29",
        "P12_004": "29385",
        "P12_005": "‐",
        "P12_006": "曽爾村",
        "P12_007": null
      },
      "geometry": {
        "type": "MultiPoint",
        "coordinates": [
          [
            136.16614300029926,
            34.521947999900306
          ]
        ]
      }
    },
    {
      "type": "Feature",
      "properties": {
        "P12_001": 10325,
        "P12_002": "亀山",
        "P12_003": "29",
        "P12_004": "29385",
        "P12_005": "‐",
        "P12_006": "曽爾村",
        "P12_007": null
      },
      "geometry": {
        "type": "MultiPoint",
        "coordinates": [
          [
            136.16498742812735,
            34.517096092710574
          ]
        ]
      }
    },
    {
      "type": "Feature",
      "properties": {
        "P12_001": 10326,
        "P12_002": "三峰山（霧氷まつり含む）",
        "P12_003": "29",
        "P12_004": "29386",
        "P12_005": "‐",
        "P12_006": "御杖村",
        "P12_007": null
      },
      "geometry": {
        "type": "MultiPoint",
        "coordinates": [
          [
            136.205989824271,
            34.44891870423487
          ]
        ]
      }
    },
    {
      "type": "Feature",
      "properties": {
        "P12_001": 10327,
        "P12_002": "みつえ青少年旅行村",
        "P12_003": "29",
        "P12_004": "29386",
        "P12_005": "‐",
        "P12_006": "御杖村",
        "P12_007": null
      },
      "geometry": {
        "type": "MultiPoint",
        "coordinates": [
          [
            136.1910109995581,
            34.4686419995287
          ]
        ]
      }
    },
    {
      "type": "Feature",
      "properties": {
        "P12_001": 10328,
        "P12_002": "御杖村ふれあいの里（三季館）",
        "P12_003": "29",
        "P12_004": "29386",
        "P12_005": "‐",
        "P12_006": "御杖村",
        "P12_007": null
      },
      "geometry": {
        "type": "MultiPoint",
        "coordinates": [
          [
            136.165968000323,
            34.4881000002149
          ]
        ]
      }
    },
    {
      "type": "Feature",
      "properties": {
        "P12_001": 10329,
        "P12_002": "御杖村漁業協同組合（釣り客）",
        "P12_003": "29",
        "P12_004": "29386",
        "P12_005": "‐",
        "P12_006": "御杖村",
        "P12_007": null
      },
      "geometry": {
        "type": "MultiPoint",
        "coordinates": [
          [
            136.16591599972367,
            34.48838900005234
          ]
        ]
      }
    },
    {
      "type": "Feature",
      "properties": {
        "P12_001": 10330,
        "P12_002": "御杖村ふるさと夏まつり",
        "P12_003": "29",
        "P12_004": "29386",
        "P12_005": "‐",
        "P12_006": "御杖村",
        "P12_007": null
      },
      "geometry": {
        "type": "MultiPoint",
        "coordinates": [
          [
            136.19952199994043,
            34.515836000431136
          ]
        ]
      }
    },
    {
      "type": "Feature",
      "properties": {
        "P12_001": 10331,
        "P12_002": "南法華寺（壷阪寺）",
        "P12_003": "29",
        "P12_004": "29401",
        "P12_005": "‐",
        "P12_006": "高取町",
        "P12_007": null
      },
      "geometry": {
        "type": "MultiPoint",
        "coordinates": [
          [
            135.80987399968535,
            34.426433000082966
          ]
        ]
      }
    },
    {
      "type": "Feature",
      "properties": {
        "P12_001": 10332,
        "P12_002": "高取城跡",
        "P12_003": "29",
        "P12_004": "29401",
        "P12_005": "‐",
        "P12_006": "高取町",
        "P12_007": null
      },
      "geometry": {
        "type": "MultiPoint",
        "coordinates": [
          [
            135.8269135066531,
            34.429450639235654
          ]
        ]
      }
    },
    {
      "type": "Feature",
      "properties": {
        "P12_001": 10333,
        "P12_002": "夢創館",
        "P12_003": "29",
        "P12_004": "29401",
        "P12_005": "‐",
        "P12_006": "高取町",
        "P12_007": null
      },
      "geometry": {
        "type": "MultiPoint",
        "coordinates": [
          [
            135.8005050002057,
            34.444758999828025
          ]
        ]
      }
    },
    {
      "type": "Feature",
      "properties": {
        "P12_001": 10334,
        "P12_002": "子嶋寺",
        "P12_003": "29",
        "P12_004": "29401",
        "P12_005": "‐",
        "P12_006": "高取町",
        "P12_007": null
      },
      "geometry": {
        "type": "MultiPoint",
        "coordinates": [
          [
            135.7986299991752,
            34.45218500053738
          ]
        ]
      }
    },
    {
      "type": "Feature",
      "properties": {
        "P12_001": 10335,
        "P12_002": "光雲寺",
        "P12_003": "29",
        "P12_004": "29401",
        "P12_005": "‐",
        "P12_006": "高取町",
        "P12_007": null
      },
      "geometry": {
        "type": "MultiPoint",
        "coordinates": [
          [
            135.76533299971823,
            34.46042600015983
          ]
        ]
      }
    },
    {
      "type": "Feature",
      "properties": {
        "P12_001": 10336,
        "P12_002": "町屋の雛めぐり",
        "P12_003": "29",
        "P12_004": "29401",
        "P12_005": "‐",
        "P12_006": "高取町",
        "P12_007": null
      },
      "geometry": {
        "type": "MultiPoint",
        "coordinates": [
          [
            135.7931749994267,
            34.44951299962531
          ]
        ]
      }
    },
    {
      "type": "Feature",
      "properties": {
        "P12_001": 10337,
        "P12_002": "たかとり城まつり",
        "P12_003": "29",
        "P12_004": "29401",
        "P12_005": "‐",
        "P12_006": "高取町",
        "P12_007": null
      },
      "geometry": {
        "type": "MultiPoint",
        "coordinates": [
          [
            135.8269135066531,
            34.429450639235654
          ]
        ]
      }
    },
    {
      "type": "Feature",
      "properties": {
        "P12_001": 10338,
        "P12_002": "石舞台古墳",
        "P12_003": "29",
        "P12_004": "29402",
        "P12_005": "‐",
        "P12_006": "明日香村",
        "P12_007": null
      },
      "geometry": {
        "type": "MultiPoint",
        "coordinates": [
          [
            135.82614600003797,
            34.4667899995589
          ]
        ]
      }
    },
    {
      "type": "Feature",
      "properties": {
        "P12_001": 10339,
        "P12_002": "高松塚壁画館",
        "P12_003": "29",
        "P12_004": "29402",
        "P12_005": "‐",
        "P12_006": "明日香村",
        "P12_007": null
      },
      "geometry": {
        "type": "MultiPoint",
        "coordinates": [
          [
            135.8061010001611,
            34.462934000703626
          ]
        ]
      }
    },
    {
      "type": "Feature",
      "properties": {
        "P12_001": 10340,
        "P12_002": "奈良文化財研究所飛鳥資料館",
        "P12_003": "29",
        "P12_004": "29402",
        "P12_005": "‐",
        "P12_006": "明日香村",
        "P12_007": null
      },
      "geometry": {
        "type": "MultiPoint",
        "coordinates": [
          [
            135.8256479995556,
            34.48351300002497
          ]
        ]
      }
    },
    {
      "type": "Feature",
      "properties": {
        "P12_001": 10341,
        "P12_002": "国営飛鳥歴史公園館",
        "P12_003": "29",
        "P12_004": "29402",
        "P12_005": "‐",
        "P12_006": "明日香村",
        "P12_007": null
      },
      "geometry": {
        "type": "MultiPoint",
        "coordinates": [
          [
            135.80353499964053,
            34.465683999816804
          ]
        ]
      }
    },
    {
      "type": "Feature",
      "properties": {
        "P12_001": 10342,
        "P12_002": "県立万葉文化館",
        "P12_003": "29",
        "P12_004": "29402",
        "P12_005": "‐",
        "P12_006": "明日香村",
        "P12_007": null
      },
      "geometry": {
        "type": "MultiPoint",
        "coordinates": [
          [
            135.822856999451,
            34.477704999286345
          ]
        ]
      }
    },
    {
      "type": "Feature",
      "properties": {
        "P12_001": 10343,
        "P12_002": "亀形石造物",
        "P12_003": "29",
        "P12_004": "29402",
        "P12_005": "‐",
        "P12_006": "明日香村",
        "P12_007": null
      },
      "geometry": {
        "type": "MultiPoint",
        "coordinates": [
          [
            135.82328074560996,
            34.47567703976364
          ]
        ]
      }
    },
    {
      "type": "Feature",
      "properties": {
        "P12_001": 10344,
        "P12_002": "犬養万葉記念館",
        "P12_003": "29",
        "P12_004": "29402",
        "P12_005": "‐",
        "P12_006": "明日香村",
        "P12_007": null
      },
      "geometry": {
        "type": "MultiPoint",
        "coordinates": [
          [
            135.82265499912899,
            34.47054299906023
          ]
        ]
      }
    },
    {
      "type": "Feature",
      "properties": {
        "P12_001": 10345,
        "P12_002": "橘寺",
        "P12_003": "29",
        "P12_004": "29402",
        "P12_005": "‐",
        "P12_006": "明日香村",
        "P12_007": null
      },
      "geometry": {
        "type": "MultiPoint",
        "coordinates": [
          [
            135.8174160003482,
            34.47010599959225
          ]
        ]
      }
    },
    {
      "type": "Feature",
      "properties": {
        "P12_001": 10346,
        "P12_002": "飛鳥光の回廊",
        "P12_003": "29",
        "P12_004": "29402",
        "P12_005": "‐",
        "P12_006": "明日香村",
        "P12_007": null
      },
      "geometry": {
        "type": "MultiPoint",
        "coordinates": [
          [
            135.82064099978243,
            34.47127799968001
          ]
        ]
      }
    },
    {
      "type": "Feature",
      "properties": {
        "P12_001": 10347,
        "P12_002": "彼岸花祭り",
        "P12_003": "29",
        "P12_004": "29402",
        "P12_005": "‐",
        "P12_006": "明日香村",
        "P12_007": null
      },
      "geometry": {
        "type": "MultiPoint",
        "coordinates": [
          [
            135.82381900064638,
            34.4546599995594
          ]
        ]
      }
    },
    {
      "type": "Feature",
      "properties": {
        "P12_001": 10348,
        "P12_002": "万葉の明日香路に月を観る会",
        "P12_003": "29",
        "P12_004": "29402",
        "P12_005": "‐",
        "P12_006": "明日香村",
        "P12_007": null
      },
      "geometry": {
        "type": "MultiPoint",
        "coordinates": [
          [
            135.82614600003797,
            34.4667899995589
          ]
        ]
      }
    },
    {
      "type": "Feature",
      "properties": {
        "P12_001": 10349,
        "P12_002": "石舞台P（バス）【駐車場】",
        "P12_003": "29",
        "P12_004": "29402",
        "P12_005": "‐",
        "P12_006": "明日香村",
        "P12_007": null
      },
      "geometry": {
        "type": "MultiPoint",
        "coordinates": [
          [
            135.8240166833233,
            34.46679597735255
          ]
        ]
      }
    },
    {
      "type": "Feature",
      "properties": {
        "P12_001": 10350,
        "P12_002": "石舞台P（乗用車）【駐車場】",
        "P12_003": "29",
        "P12_004": "29402",
        "P12_005": "‐",
        "P12_006": "明日香村",
        "P12_007": null
      },
      "geometry": {
        "type": "MultiPoint",
        "coordinates": [
          [
            135.8240166833233,
            34.46679597735255
          ]
        ]
      }
    },
    {
      "type": "Feature",
      "properties": {
        "P12_001": 10351,
        "P12_002": "豊浦P（バス）【駐車場】",
        "P12_003": "29",
        "P12_004": "29402",
        "P12_005": "‐",
        "P12_006": "明日香村",
        "P12_007": null
      },
      "geometry": {
        "type": "MultiPoint",
        "coordinates": [
          [
            135.81539899906466,
            34.48131899957224
          ]
        ]
      }
    },
    {
      "type": "Feature",
      "properties": {
        "P12_001": 10352,
        "P12_002": "豊浦P（乗用車）【駐車場】",
        "P12_003": "29",
        "P12_004": "29402",
        "P12_005": "‐",
        "P12_006": "明日香村",
        "P12_007": null
      },
      "geometry": {
        "type": "MultiPoint",
        "coordinates": [
          [
            135.81539899906466,
            34.48131899957224
          ]
        ]
      }
    },
    {
      "type": "Feature",
      "properties": {
        "P12_001": 10353,
        "P12_002": "野口P（バス）【駐車場】",
        "P12_003": "29",
        "P12_004": "29402",
        "P12_005": "‐",
        "P12_006": "明日香村",
        "P12_007": null
      },
      "geometry": {
        "type": "MultiPoint",
        "coordinates": [
          [
            135.8091050001957,
            34.471033000072964
          ]
        ]
      }
    },
    {
      "type": "Feature",
      "properties": {
        "P12_001": 10354,
        "P12_002": "野口P（乗用車）【駐車場】",
        "P12_003": "29",
        "P12_004": "29402",
        "P12_005": "‐",
        "P12_006": "明日香村",
        "P12_007": null
      },
      "geometry": {
        "type": "MultiPoint",
        "coordinates": [
          [
            135.8091050001957,
            34.471033000072964
          ]
        ]
      }
    },
    {
      "type": "Feature",
      "properties": {
        "P12_001": 10355,
        "P12_002": "岡寺P（バス）【駐車場】",
        "P12_003": "29",
        "P12_004": "29402",
        "P12_005": "‐",
        "P12_006": "明日香村",
        "P12_007": null
      },
      "geometry": {
        "type": "MultiPoint",
        "coordinates": [
          [
            135.82593799943913,
            34.47242000018292
          ]
        ]
      }
    },
    {
      "type": "Feature",
      "properties": {
        "P12_001": 10356,
        "P12_002": "岡寺P（乗用車）【駐車場】",
        "P12_003": "29",
        "P12_004": "29402",
        "P12_005": "‐",
        "P12_006": "明日香村",
        "P12_007": null
      },
      "geometry": {
        "type": "MultiPoint",
        "coordinates": [
          [
            135.82593799943913,
            34.47242000018292
          ]
        ]
      }
    },
    {
      "type": "Feature",
      "properties": {
        "P12_001": 10357,
        "P12_002": "達磨寺",
        "P12_003": "29",
        "P12_004": "29425",
        "P12_005": "‐",
        "P12_006": "王寺町",
        "P12_007": null
      },
      "geometry": {
        "type": "MultiPoint",
        "coordinates": [
          [
            135.7068490006809,
            34.589744000285464
          ]
        ]
      }
    },
    {
      "type": "Feature",
      "properties": {
        "P12_001": 10358,
        "P12_002": "達磨会式",
        "P12_003": "29",
        "P12_004": "29425",
        "P12_005": "‐",
        "P12_006": "王寺町",
        "P12_007": null
      },
      "geometry": {
        "type": "MultiPoint",
        "coordinates": [
          [
            135.7068490006809,
            34.589744000285464
          ]
        ]
      }
    },
    {
      "type": "Feature",
      "properties": {
        "P12_001": 10359,
        "P12_002": "かぐや姫まつり",
        "P12_003": "29",
        "P12_004": "29426",
        "P12_005": "‐",
        "P12_006": "広陵町",
        "P12_007": null
      },
      "geometry": {
        "type": "MultiPoint",
        "coordinates": [
          [
            135.73569500082374,
            34.55453799912942
          ]
        ]
      }
    },
    {
      "type": "Feature",
      "properties": {
        "P12_001": 10360,
        "P12_002": "靴下の市＆広域地域特産品交流物産フェア",
        "P12_003": "29",
        "P12_004": "29426",
        "P12_005": "‐",
        "P12_006": "広陵町",
        "P12_007": null
      },
      "geometry": {
        "type": "MultiPoint",
        "coordinates": [
          [
            135.7356939998782,
            34.55453500078971
          ]
        ]
      }
    },
    {
      "type": "Feature",
      "properties": {
        "P12_001": 10361,
        "P12_002": "広瀬神社",
        "P12_003": "29",
        "P12_004": "29427",
        "P12_005": "‐",
        "P12_006": "河合町",
        "P12_007": null
      },
      "geometry": {
        "type": "MultiPoint",
        "coordinates": [
          [
            135.74839400008307,
            34.59142599961024
          ]
        ]
      }
    },
    {
      "type": "Feature",
      "properties": {
        "P12_001": 10362,
        "P12_002": "全国都市緑化ならフェア",
        "P12_003": "29",
        "P12_004": "29427",
        "P12_005": "‐",
        "P12_006": "河合町",
        "P12_007": null
      },
      "geometry": {
        "type": "MultiPoint",
        "coordinates": [
          [
            135.7368019997126,
            34.56296500013468
          ]
        ]
      }
    },
    {
      "type": "Feature",
      "properties": {
        "P12_001": 10363,
        "P12_002": "馬見丘陵公園館入館者",
        "P12_003": "29",
        "P12_004": "29427",
        "P12_005": "‐",
        "P12_006": "河合町",
        "P12_007": null
      },
      "geometry": {
        "type": "MultiPoint",
        "coordinates": [
          [
            135.7368019997126,
            34.56296500013468
          ]
        ]
      }
    },
    {
      "type": "Feature",
      "properties": {
        "P12_001": 10364,
        "P12_002": "古墳等観光案内",
        "P12_003": "29",
        "P12_004": "29427",
        "P12_005": "‐",
        "P12_006": "河合町",
        "P12_007": null
      },
      "geometry": {
        "type": "MultiPoint",
        "coordinates": [
          [
            135.736885999989,
            34.57737700014849
          ]
        ]
      }
    },
    {
      "type": "Feature",
      "properties": {
        "P12_001": 10365,
        "P12_002": "吉野山のサクラ",
        "P12_003": "29",
        "P12_004": "29441",
        "P12_005": "植物",
        "P12_006": "吉野町",
        "P12_007": -1
      },
      "geometry": {
        "type": "MultiPoint",
        "coordinates": [
          [
            135.86614858568873,
            34.367920303679114
          ]
        ]
      }
    },
    {
      "type": "Feature",
      "properties": {
        "P12_001": 10366,
        "P12_002": "吉野温泉元湯",
        "P12_003": "29",
        "P12_004": "29441",
        "P12_005": "‐",
        "P12_006": "吉野町",
        "P12_007": null
      },
      "geometry": {
        "type": "MultiPoint",
        "coordinates": [
          [
            135.863514000171,
            34.36799400042281
          ]
        ]
      }
    },
    {
      "type": "Feature",
      "properties": {
        "P12_001": 10367,
        "P12_002": "新吉野温泉　辰巳屋",
        "P12_003": "29",
        "P12_004": "29441",
        "P12_005": "‐",
        "P12_006": "吉野町",
        "P12_007": null
      },
      "geometry": {
        "type": "MultiPoint",
        "coordinates": [
          [
            135.85794999989264,
            34.370873999235755
          ]
        ]
      }
    },
    {
      "type": "Feature",
      "properties": {
        "P12_001": 10368,
        "P12_002": "竹林院群芳園",
        "P12_003": "29",
        "P12_004": "29441",
        "P12_005": "‐",
        "P12_006": "吉野町",
        "P12_007": null
      },
      "geometry": {
        "type": "MultiPoint",
        "coordinates": [
          [
            135.8634389994104,
            34.36026099994524
          ]
        ]
      }
    },
    {
      "type": "Feature",
      "properties": {
        "P12_001": 10369,
        "P12_002": "東南院",
        "P12_003": "29",
        "P12_004": "29441",
        "P12_005": "‐",
        "P12_006": "吉野町",
        "P12_007": null
      },
      "geometry": {
        "type": "MultiPoint",
        "coordinates": [
          [
            135.86090800050385,
            34.365829999554876
          ]
        ]
      }
    },
    {
      "type": "Feature",
      "properties": {
        "P12_001": 10370,
        "P12_002": "宮滝温泉元湯　まつや",
        "P12_003": "29",
        "P12_004": "29441",
        "P12_005": "‐",
        "P12_006": "吉野町",
        "P12_007": null
      },
      "geometry": {
        "type": "MultiPoint",
        "coordinates": [
          [
            135.89680618465775,
            34.37727709216415
          ]
        ]
      }
    },
    {
      "type": "Feature",
      "properties": {
        "P12_001": 10371,
        "P12_002": "中荘温泉",
        "P12_003": "29",
        "P12_004": "29441",
        "P12_005": "‐",
        "P12_006": "吉野町",
        "P12_007": null
      },
      "geometry": {
        "type": "MultiPoint",
        "coordinates": [
          [
            135.88650300001348,
            34.38323900017974
          ]
        ]
      }
    },
    {
      "type": "Feature",
      "properties": {
        "P12_001": 10372,
        "P12_002": "吉野歴史資料館",
        "P12_003": "29",
        "P12_004": "29441",
        "P12_005": "‐",
        "P12_006": "吉野町",
        "P12_007": null
      },
      "geometry": {
        "type": "MultiPoint",
        "coordinates": [
          [
            135.89541299991004,
            34.378527000520705
          ]
        ]
      }
    },
    {
      "type": "Feature",
      "properties": {
        "P12_001": 10373,
        "P12_002": "金峯山寺蔵王堂（含む蛙飛び）",
        "P12_003": "29",
        "P12_004": "29441",
        "P12_005": "‐",
        "P12_006": "吉野町",
        "P12_007": null
      },
      "geometry": {
        "type": "MultiPoint",
        "coordinates": [
          [
            135.85890000053462,
            34.36835199984495
          ]
        ]
      }
    },
    {
      "type": "Feature",
      "properties": {
        "P12_001": 10374,
        "P12_002": "吉野山",
        "P12_003": "29",
        "P12_004": "29441",
        "P12_005": "‐",
        "P12_006": "吉野町",
        "P12_007": null
      },
      "geometry": {
        "type": "MultiPoint",
        "coordinates": [
          [
            135.87111399991124,
            34.35960600031672
          ]
        ]
      }
    },
    {
      "type": "Feature",
      "properties": {
        "P12_001": 10375,
        "P12_002": "吉野川（釣り以外）",
        "P12_003": "29",
        "P12_004": "29441",
        "P12_005": "‐",
        "P12_006": "吉野町",
        "P12_007": null
      },
      "geometry": {
        "type": "MultiPoint",
        "coordinates": [
          [
            135.85521200043354,
            34.39419300080641
          ]
        ]
      }
    },
    {
      "type": "Feature",
      "properties": {
        "P12_001": 10376,
        "P12_002": "津風呂湖（釣り以外）",
        "P12_003": "29",
        "P12_004": "29441",
        "P12_005": "‐",
        "P12_006": "吉野町",
        "P12_007": null
      },
      "geometry": {
        "type": "MultiPoint",
        "coordinates": [
          [
            135.9015412267463,
            34.39545331791635
          ]
        ]
      }
    },
    {
      "type": "Feature",
      "properties": {
        "P12_001": 10377,
        "P12_002": "吉野神宮（初詣含む）",
        "P12_003": "29",
        "P12_004": "29441",
        "P12_005": "‐",
        "P12_006": "吉野町",
        "P12_007": null
      },
      "geometry": {
        "type": "MultiPoint",
        "coordinates": [
          [
            135.84557797524337,
            34.384593624696095
          ]
        ]
      }
    },
    {
      "type": "Feature",
      "properties": {
        "P12_001": 10378,
        "P12_002": "津風呂湖漁業組合（釣り客）",
        "P12_003": "29",
        "P12_004": "29441",
        "P12_005": "‐",
        "P12_006": "吉野町",
        "P12_007": null
      },
      "geometry": {
        "type": "MultiPoint",
        "coordinates": [
          [
            135.85761799987085,
            34.39604900006134
          ]
        ]
      }
    },
    {
      "type": "Feature",
      "properties": {
        "P12_001": 10379,
        "P12_002": "吉野漁業協同組合（釣り客）",
        "P12_003": "29",
        "P12_004": "29441",
        "P12_005": "‐",
        "P12_006": "吉野町",
        "P12_007": null
      },
      "geometry": {
        "type": "MultiPoint",
        "coordinates": [
          [
            135.86372156190066,
            34.39521071320388
          ]
        ]
      }
    },
    {
      "type": "Feature",
      "properties": {
        "P12_001": 10380,
        "P12_002": "吉野山ビジターセンター",
        "P12_003": "29",
        "P12_004": "29441",
        "P12_005": "‐",
        "P12_006": "吉野町",
        "P12_007": null
      },
      "geometry": {
        "type": "MultiPoint",
        "coordinates": [
          [
            135.85963899954027,
            34.36733000037924
          ]
        ]
      }
    },
    {
      "type": "Feature",
      "properties": {
        "P12_001": 10381,
        "P12_002": "湯川屋",
        "P12_003": "29",
        "P12_004": "29441",
        "P12_005": "‐",
        "P12_006": "吉野町",
        "P12_007": null
      },
      "geometry": {
        "type": "MultiPoint",
        "coordinates": [
          [
            135.8583330004676,
            34.36997400000013
          ]
        ]
      }
    },
    {
      "type": "Feature",
      "properties": {
        "P12_001": 10382,
        "P12_002": "近鉄吉野駅",
        "P12_003": "29",
        "P12_004": "29441",
        "P12_005": "‐",
        "P12_006": "吉野町",
        "P12_007": null
      },
      "geometry": {
        "type": "MultiPoint",
        "coordinates": [
          [
            135.85353499954067,
            34.376910999742904
          ]
        ]
      }
    },
    {
      "type": "Feature",
      "properties": {
        "P12_001": 10383,
        "P12_002": "吉野館",
        "P12_003": "29",
        "P12_004": "29441",
        "P12_005": "‐",
        "P12_006": "吉野町",
        "P12_007": null
      },
      "geometry": {
        "type": "MultiPoint",
        "coordinates": [
          [
            135.86204099969245,
            34.36545800038647
          ]
        ]
      }
    },
    {
      "type": "Feature",
      "properties": {
        "P12_001": 10384,
        "P12_002": "宝の家",
        "P12_003": "29",
        "P12_004": "29441",
        "P12_005": "‐",
        "P12_006": "吉野町",
        "P12_007": null
      },
      "geometry": {
        "type": "MultiPoint",
        "coordinates": [
          [
            135.86211600045317,
            34.36566299994752
          ]
        ]
      }
    },
    {
      "type": "Feature",
      "properties": {
        "P12_001": 10385,
        "P12_002": "坂本屋",
        "P12_003": "29",
        "P12_004": "29441",
        "P12_005": "‐",
        "P12_006": "吉野町",
        "P12_007": null
      },
      "geometry": {
        "type": "MultiPoint",
        "coordinates": [
          [
            135.8628939994586,
            34.36482200073482
          ]
        ]
      }
    },
    {
      "type": "Feature",
      "properties": {
        "P12_001": 10386,
        "P12_002": "民宿　新富",
        "P12_003": "29",
        "P12_004": "29441",
        "P12_005": "‐",
        "P12_006": "吉野町",
        "P12_007": null
      },
      "geometry": {
        "type": "MultiPoint",
        "coordinates": [
          [
            135.86185000077694,
            34.36631700042926
          ]
        ]
      }
    },
    {
      "type": "Feature",
      "properties": {
        "P12_001": 10387,
        "P12_002": "吉野運動公園",
        "P12_003": "29",
        "P12_004": "29441",
        "P12_005": "‐",
        "P12_006": "吉野町",
        "P12_007": null
      },
      "geometry": {
        "type": "MultiPoint",
        "coordinates": [
          [
            135.8926819998744,
            34.41221099983784
          ]
        ]
      }
    },
    {
      "type": "Feature",
      "properties": {
        "P12_001": 10388,
        "P12_002": "桜本坊",
        "P12_003": "29",
        "P12_004": "29441",
        "P12_005": "‐",
        "P12_006": "吉野町",
        "P12_007": null
      },
      "geometry": {
        "type": "MultiPoint",
        "coordinates": [
          [
            135.86367700049323,
            34.361102000057315
          ]
        ]
      }
    },
    {
      "type": "Feature",
      "properties": {
        "P12_001": 10389,
        "P12_002": "喜藏院",
        "P12_003": "29",
        "P12_004": "29441",
        "P12_005": "‐",
        "P12_006": "吉野町",
        "P12_007": null
      },
      "geometry": {
        "type": "MultiPoint",
        "coordinates": [
          [
            135.86343799936424,
            34.36250700009805
          ]
        ]
      }
    },
    {
      "type": "Feature",
      "properties": {
        "P12_001": 10390,
        "P12_002": "桜山荘花屋",
        "P12_003": "29",
        "P12_004": "29441",
        "P12_005": "‐",
        "P12_006": "吉野町",
        "P12_007": null
      },
      "geometry": {
        "type": "MultiPoint",
        "coordinates": [
          [
            135.8576559998246,
            34.37112600006492
          ]
        ]
      }
    },
    {
      "type": "Feature",
      "properties": {
        "P12_001": 10391,
        "P12_002": "さこや",
        "P12_003": "29",
        "P12_004": "29441",
        "P12_005": "‐",
        "P12_006": "吉野町",
        "P12_007": null
      },
      "geometry": {
        "type": "MultiPoint",
        "coordinates": [
          [
            135.85779399989326,
            34.37037000027533
          ]
        ]
      }
    },
    {
      "type": "Feature",
      "properties": {
        "P12_001": 10392,
        "P12_002": "吉野山【吉野熊野国定公園】",
        "P12_003": "29",
        "P12_004": "29441",
        "P12_005": "‐",
        "P12_006": "吉野町",
        "P12_007": null
      },
      "geometry": {
        "type": "MultiPoint",
        "coordinates": [
          [
            135.85963899954027,
            34.36733000037924
          ]
        ]
      }
    },
    {
      "type": "Feature",
      "properties": {
        "P12_001": 10393,
        "P12_002": "宮滝　吉野川【吉野川津風呂湖自然公園】",
        "P12_003": "29",
        "P12_004": "29441",
        "P12_005": "‐",
        "P12_006": "吉野町",
        "P12_007": null
      },
      "geometry": {
        "type": "MultiPoint",
        "coordinates": [
          [
            135.88603000068406,
            34.38452899941382
          ]
        ]
      }
    },
    {
      "type": "Feature",
      "properties": {
        "P12_001": 10394,
        "P12_002": "津風呂湖【県立吉野川津風呂湖自然公園】",
        "P12_003": "29",
        "P12_004": "29441",
        "P12_005": "‐",
        "P12_006": "吉野町",
        "P12_007": null
      },
      "geometry": {
        "type": "MultiPoint",
        "coordinates": [
          [
            135.85521200043354,
            34.39419300080641
          ]
        ]
      }
    },
    {
      "type": "Feature",
      "properties": {
        "P12_001": 10395,
        "P12_002": "東吉野村　蟻通　～　吉野町　新子（高見川清流と文学を訪れる道）【近畿自然歩道】",
        "P12_003": "29",
        "P12_004": "29441",
        "P12_005": "‐",
        "P12_006": "吉野町",
        "P12_007": null
      },
      "geometry": {
        "type": "MultiPoint",
        "coordinates": [
          [
            135.95421228416967,
            34.406133521744664
          ]
        ]
      }
    },
    {
      "type": "Feature",
      "properties": {
        "P12_001": 10396,
        "P12_002": "吉野町　入野　～　吉野町　吉野山（吉野山、宮瀧の史跡を巡る道）【近畿自然歩道】",
        "P12_003": "29",
        "P12_004": "29441",
        "P12_005": "‐",
        "P12_006": "吉野町",
        "P12_007": null
      },
      "geometry": {
        "type": "MultiPoint",
        "coordinates": [
          [
            135.85521200043354,
            34.39419300080641
          ]
        ]
      }
    },
    {
      "type": "Feature",
      "properties": {
        "P12_001": 10397,
        "P12_002": "吉野町　丹治　～　大淀町　下淵（下市花の里を楽しむ道）【近畿自然歩道】",
        "P12_003": "29",
        "P12_004": "29441",
        "P12_005": "‐",
        "P12_006": "吉野町",
        "P12_007": null
      },
      "geometry": {
        "type": "MultiPoint",
        "coordinates": [
          [
            135.84577600056207,
            34.38474200024319
          ]
        ]
      }
    },
    {
      "type": "Feature",
      "properties": {
        "P12_001": 10398,
        "P12_002": "吉野町　入野　～　吉野町　平尾（津風呂湖畔を巡る道）【近畿自然歩道】",
        "P12_003": "29",
        "P12_004": "29441",
        "P12_005": "‐",
        "P12_006": "吉野町",
        "P12_007": null
      },
      "geometry": {
        "type": "MultiPoint",
        "coordinates": [
          [
            135.85521200043354,
            34.39419300080641
          ]
        ]
      }
    },
    {
      "type": "Feature",
      "properties": {
        "P12_001": 10399,
        "P12_002": "吉野町　平尾　～　宇陀市　拾生（竜門岳、かぎろいの丘を訪れる道）【近畿自然歩道】",
        "P12_003": "29",
        "P12_004": "29441",
        "P12_005": "‐",
        "P12_006": "吉野町",
        "P12_007": null
      },
      "geometry": {
        "type": "MultiPoint",
        "coordinates": [
          [
            135.84939099999474,
            34.38986800010815
          ]
        ]
      }
    },
    {
      "type": "Feature",
      "properties": {
        "P12_001": 10400,
        "P12_002": "吉野町　吉野山　～　天川村　洞川（吉野古道修験の道）【近畿自然歩道】",
        "P12_003": "29",
        "P12_004": "29441",
        "P12_005": "‐",
        "P12_006": "吉野町",
        "P12_007": null
      },
      "geometry": {
        "type": "MultiPoint",
        "coordinates": [
          [
            135.8842654103205,
            34.40587388387269
          ]
        ]
      }
    },
    {
      "type": "Feature",
      "properties": {
        "P12_001": 10401,
        "P12_002": "桜まつり",
        "P12_003": "29",
        "P12_004": "29441",
        "P12_005": "‐",
        "P12_006": "吉野町",
        "P12_007": null
      },
      "geometry": {
        "type": "MultiPoint",
        "coordinates": [
          [
            135.85393299990812,
            34.37513700067211
          ]
        ]
      }
    },
    {
      "type": "Feature",
      "properties": {
        "P12_001": 10402,
        "P12_002": "桜美荘たいら",
        "P12_003": "29",
        "P12_004": "29441",
        "P12_005": "‐",
        "P12_006": "吉野町",
        "P12_007": null
      },
      "geometry": {
        "type": "MultiPoint",
        "coordinates": [
          [
            135.8662660002758,
            34.355752999801155
          ]
        ]
      }
    },
    {
      "type": "Feature",
      "properties": {
        "P12_001": 10403,
        "P12_002": "戎館",
        "P12_003": "29",
        "P12_004": "29441",
        "P12_005": "‐",
        "P12_006": "吉野町",
        "P12_007": null
      },
      "geometry": {
        "type": "MultiPoint",
        "coordinates": [
          [
            135.86222500008375,
            34.36523499999532
          ]
        ]
      }
    },
    {
      "type": "Feature",
      "properties": {
        "P12_001": 10404,
        "P12_002": "民宿　一休庵",
        "P12_003": "29",
        "P12_004": "29441",
        "P12_005": "‐",
        "P12_006": "吉野町",
        "P12_007": null
      },
      "geometry": {
        "type": "MultiPoint",
        "coordinates": [
          [
            135.8637109993632,
            34.3636830003702
          ]
        ]
      }
    },
    {
      "type": "Feature",
      "properties": {
        "P12_001": 10405,
        "P12_002": "吉野　三茶屋",
        "P12_003": "29",
        "P12_004": "29441",
        "P12_005": "‐",
        "P12_006": "吉野町",
        "P12_007": null
      },
      "geometry": {
        "type": "MultiPoint",
        "coordinates": [
          [
            135.9379609997004,
            34.4213110004024
          ]
        ]
      }
    },
    {
      "type": "Feature",
      "properties": {
        "P12_001": 10406,
        "P12_002": "津風呂湖温泉",
        "P12_003": "29",
        "P12_004": "29441",
        "P12_005": "‐",
        "P12_006": "吉野町",
        "P12_007": null
      },
      "geometry": {
        "type": "MultiPoint",
        "coordinates": [
          [
            135.88183599973172,
            34.39578200033907
          ]
        ]
      }
    },
    {
      "type": "Feature",
      "properties": {
        "P12_001": 10407,
        "P12_002": "津風呂湖観光協会",
        "P12_003": "29",
        "P12_004": "29441",
        "P12_005": "‐",
        "P12_006": "吉野町",
        "P12_007": null
      },
      "geometry": {
        "type": "MultiPoint",
        "coordinates": [
          [
            135.89089599935096,
            34.39848500088215
          ]
        ]
      }
    },
    {
      "type": "Feature",
      "properties": {
        "P12_001": 10408,
        "P12_002": "国栖の里観光協会",
        "P12_003": "29",
        "P12_004": "29441",
        "P12_005": "‐",
        "P12_006": "吉野町",
        "P12_007": null
      },
      "geometry": {
        "type": "MultiPoint",
        "coordinates": [
          [
            135.93268700020496,
            34.384299000498515
          ]
        ]
      }
    },
    {
      "type": "Feature",
      "properties": {
        "P12_001": 10409,
        "P12_002": "県立吉野川津風呂自然公園",
        "P12_003": "29",
        "P12_004": "29441",
        "P12_005": "‐",
        "P12_006": "吉野町",
        "P12_007": null
      },
      "geometry": {
        "type": "MultiPoint",
        "coordinates": [
          [
            135.89127599978758,
            34.39873799995877
          ]
        ]
      }
    },
    {
      "type": "Feature",
      "properties": {
        "P12_001": 10410,
        "P12_002": "大阿太観光農園",
        "P12_003": "29",
        "P12_004": "29442",
        "P12_005": "‐",
        "P12_006": "大淀町",
        "P12_007": null
      },
      "geometry": {
        "type": "MultiPoint",
        "coordinates": [
          [
            135.78971599999352,
            34.390561999736576
          ]
        ]
      }
    },
    {
      "type": "Feature",
      "properties": {
        "P12_001": 10411,
        "P12_002": "世尊寺",
        "P12_003": "29",
        "P12_004": "29442",
        "P12_005": "‐",
        "P12_006": "大淀町",
        "P12_007": null
      },
      "geometry": {
        "type": "MultiPoint",
        "coordinates": [
          [
            135.83128100031797,
            34.404827001065314
          ]
        ]
      }
    },
    {
      "type": "Feature",
      "properties": {
        "P12_001": 10412,
        "P12_002": "吉野路大淀ｉセンター",
        "P12_003": "29",
        "P12_004": "29442",
        "P12_005": "‐",
        "P12_006": "大淀町",
        "P12_007": null
      },
      "geometry": {
        "type": "MultiPoint",
        "coordinates": [
          [
            135.79691700021942,
            34.41220899974559
          ]
        ]
      }
    },
    {
      "type": "Feature",
      "properties": {
        "P12_001": 10413,
        "P12_002": "大淀・吉野川花火大会",
        "P12_003": "29",
        "P12_004": "29442",
        "P12_005": "‐",
        "P12_006": "大淀町",
        "P12_007": null
      },
      "geometry": {
        "type": "MultiPoint",
        "coordinates": [
          [
            135.78896751403965,
            34.38118974471098
          ]
        ]
      }
    },
    {
      "type": "Feature",
      "properties": {
        "P12_001": 10414,
        "P12_002": "下市温泉・秋津荘",
        "P12_003": "29",
        "P12_004": "29443",
        "P12_005": "‐",
        "P12_006": "下市町",
        "P12_007": null
      },
      "geometry": {
        "type": "MultiPoint",
        "coordinates": [
          [
            135.8077840004313,
            34.35254600029771
          ]
        ]
      }
    },
    {
      "type": "Feature",
      "properties": {
        "P12_001": 10415,
        "P12_002": "広橋梅林",
        "P12_003": "29",
        "P12_004": "29443",
        "P12_005": "‐",
        "P12_006": "下市町",
        "P12_007": null
      },
      "geometry": {
        "type": "MultiPoint",
        "coordinates": [
          [
            135.81095700016544,
            34.333714999747485
          ]
        ]
      }
    },
    {
      "type": "Feature",
      "properties": {
        "P12_001": 10416,
        "P12_002": "下市森林公園やすらぎ村",
        "P12_003": "29",
        "P12_004": "29443",
        "P12_005": "‐",
        "P12_006": "下市町",
        "P12_007": null
      },
      "geometry": {
        "type": "MultiPoint",
        "coordinates": [
          [
            135.7896799992326,
            34.294182999645784
          ]
        ]
      }
    },
    {
      "type": "Feature",
      "properties": {
        "P12_001": 10417,
        "P12_002": "道の駅「吉野路　黒滝」",
        "P12_003": "29",
        "P12_004": "29444",
        "P12_005": "‐",
        "P12_006": "黒滝村",
        "P12_007": null
      },
      "geometry": {
        "type": "MultiPoint",
        "coordinates": [
          [
            135.82326100009516,
            34.30588899987748
          ]
        ]
      }
    },
    {
      "type": "Feature",
      "properties": {
        "P12_001": 10418,
        "P12_002": "黒滝・森物語村",
        "P12_003": "29",
        "P12_004": "29444",
        "P12_005": "‐",
        "P12_006": "黒滝村",
        "P12_007": null
      },
      "geometry": {
        "type": "MultiPoint",
        "coordinates": [
          [
            135.8280210001691,
            34.311225999580245
          ]
        ]
      }
    },
    {
      "type": "Feature",
      "properties": {
        "P12_001": 10419,
        "P12_002": "きららの森・赤岩",
        "P12_003": "29",
        "P12_004": "29444",
        "P12_005": "‐",
        "P12_006": "黒滝村",
        "P12_007": null
      },
      "geometry": {
        "type": "MultiPoint",
        "coordinates": [
          [
            135.8704269997063,
            34.302293000421685
          ]
        ]
      }
    },
    {
      "type": "Feature",
      "properties": {
        "P12_001": 10420,
        "P12_002": "洞川温泉センター",
        "P12_003": "29",
        "P12_004": "29446",
        "P12_005": "‐",
        "P12_006": "天川村",
        "P12_007": null
      },
      "geometry": {
        "type": "MultiPoint",
        "coordinates": [
          [
            135.8768809996585,
            34.26349300080142
          ]
        ]
      }
    },
    {
      "type": "Feature",
      "properties": {
        "P12_001": 10421,
        "P12_002": "天の川温泉センター",
        "P12_003": "29",
        "P12_004": "29446",
        "P12_005": "‐",
        "P12_006": "天川村",
        "P12_007": null
      },
      "geometry": {
        "type": "MultiPoint",
        "coordinates": [
          [
            135.83981800010065,
            34.22234700001411
          ]
        ]
      }
    },
    {
      "type": "Feature",
      "properties": {
        "P12_001": 10422,
        "P12_002": "天川薬湯センターみずはの湯",
        "P12_003": "29",
        "P12_004": "29446",
        "P12_005": "‐",
        "P12_006": "天川村",
        "P12_007": null
      },
      "geometry": {
        "type": "MultiPoint",
        "coordinates": [
          [
            135.77686399997367,
            34.194809999981544
          ]
        ]
      }
    },
    {
      "type": "Feature",
      "properties": {
        "P12_001": 10423,
        "P12_002": "洞川行者まつり",
        "P12_003": "29",
        "P12_004": "29446",
        "P12_005": "‐",
        "P12_006": "天川村",
        "P12_007": null
      },
      "geometry": {
        "type": "MultiPoint",
        "coordinates": [
          [
            135.88101199950427,
            34.268490000113445
          ]
        ]
      }
    },
    {
      "type": "Feature",
      "properties": {
        "P12_001": 10424,
        "P12_002": "天川村名水まつり",
        "P12_003": "29",
        "P12_004": "29446",
        "P12_005": "‐",
        "P12_006": "天川村",
        "P12_007": null
      },
      "geometry": {
        "type": "MultiPoint",
        "coordinates": [
          [
            135.88766699973235,
            34.26854000062059
          ]
        ]
      }
    },
    {
      "type": "Feature",
      "properties": {
        "P12_001": 10425,
        "P12_002": "天の川もみじまつり",
        "P12_003": "29",
        "P12_004": "29446",
        "P12_005": "‐",
        "P12_006": "天川村",
        "P12_007": null
      },
      "geometry": {
        "type": "MultiPoint",
        "coordinates": [
          [
            135.8552330005026,
            34.24201200035361
          ]
        ]
      }
    },
    {
      "type": "Feature",
      "properties": {
        "P12_001": 10426,
        "P12_002": "みたらい渓谷",
        "P12_003": "29",
        "P12_004": "29446",
        "P12_005": "‐",
        "P12_006": "天川村",
        "P12_007": null
      },
      "geometry": {
        "type": "MultiPoint",
        "coordinates": [
          [
            135.87483599978168,
            34.23453099980583
          ]
        ]
      }
    },
    {
      "type": "Feature",
      "properties": {
        "P12_001": 10427,
        "P12_002": "山上ヶ岳歴史博物館",
        "P12_003": "29",
        "P12_004": "29446",
        "P12_005": "‐",
        "P12_006": "天川村",
        "P12_007": null
      },
      "geometry": {
        "type": "MultiPoint",
        "coordinates": [
          [
            135.88043699996763,
            34.26937200031762
          ]
        ]
      }
    },
    {
      "type": "Feature",
      "properties": {
        "P12_001": 10428,
        "P12_002": "洞川エコミュージアムセンター",
        "P12_003": "29",
        "P12_004": "29446",
        "P12_005": "‐",
        "P12_006": "天川村",
        "P12_007": null
      },
      "geometry": {
        "type": "MultiPoint",
        "coordinates": [
          [
            135.88766699973235,
            34.26854000062059
          ]
        ]
      }
    },
    {
      "type": "Feature",
      "properties": {
        "P12_001": 10429,
        "P12_002": "村立資料館",
        "P12_003": "29",
        "P12_004": "29446",
        "P12_005": "‐",
        "P12_006": "天川村",
        "P12_007": null
      },
      "geometry": {
        "type": "MultiPoint",
        "coordinates": [
          [
            135.8805869996903,
            34.27034800036
          ]
        ]
      }
    },
    {
      "type": "Feature",
      "properties": {
        "P12_001": 10430,
        "P12_002": "天河大弁財天社",
        "P12_003": "29",
        "P12_004": "29446",
        "P12_005": "‐",
        "P12_006": "天川村",
        "P12_007": null
      },
      "geometry": {
        "type": "MultiPoint",
        "coordinates": [
          [
            135.8416679999783,
            34.22334200003331
          ]
        ]
      }
    },
    {
      "type": "Feature",
      "properties": {
        "P12_001": 10431,
        "P12_002": "天川村漁業協同組合（釣り客）",
        "P12_003": "29",
        "P12_004": "29446",
        "P12_005": "‐",
        "P12_006": "天川村",
        "P12_007": null
      },
      "geometry": {
        "type": "MultiPoint",
        "coordinates": [
          [
            135.86416299952282,
            34.2377020003471
          ]
        ]
      }
    },
    {
      "type": "Feature",
      "properties": {
        "P12_001": 10432,
        "P12_002": "洞川スキー場",
        "P12_003": "29",
        "P12_004": "29446",
        "P12_005": "‐",
        "P12_006": "天川村",
        "P12_007": null
      },
      "geometry": {
        "type": "MultiPoint",
        "coordinates": [
          [
            135.90035600032923,
            34.28711100087202
          ]
        ]
      }
    },
    {
      "type": "Feature",
      "properties": {
        "P12_001": 10433,
        "P12_002": "ごろごろ水",
        "P12_003": "29",
        "P12_004": "29446",
        "P12_005": "‐",
        "P12_006": "天川村",
        "P12_007": null
      },
      "geometry": {
        "type": "MultiPoint",
        "coordinates": [
          [
            135.8796430002243,
            34.268530000159444
          ]
        ]
      }
    },
    {
      "type": "Feature",
      "properties": {
        "P12_001": 10434,
        "P12_002": "大峯山山上ヶ岳登山",
        "P12_003": "29",
        "P12_004": "29446",
        "P12_005": "‐",
        "P12_006": "天川村",
        "P12_007": null
      },
      "geometry": {
        "type": "MultiPoint",
        "coordinates": [
          [
            135.94093500015015,
            34.25237700079799
          ]
        ]
      }
    },
    {
      "type": "Feature",
      "properties": {
        "P12_001": 10435,
        "P12_002": "稲村ヶ岳登山",
        "P12_003": "29",
        "P12_004": "29446",
        "P12_005": "‐",
        "P12_006": "天川村",
        "P12_007": null
      },
      "geometry": {
        "type": "MultiPoint",
        "coordinates": [
          [
            135.9236888892309,
            34.23754722252636
          ]
        ]
      }
    },
    {
      "type": "Feature",
      "properties": {
        "P12_001": 10436,
        "P12_002": "弥山登山",
        "P12_003": "29",
        "P12_004": "29446",
        "P12_005": "‐",
        "P12_006": "天川村",
        "P12_007": null
      },
      "geometry": {
        "type": "MultiPoint",
        "coordinates": [
          [
            135.90948333308938,
            34.18081388964936
          ]
        ]
      }
    },
    {
      "type": "Feature",
      "properties": {
        "P12_001": 10437,
        "P12_002": "行者還岳登山",
        "P12_003": "29",
        "P12_004": "29446",
        "P12_005": "‐",
        "P12_006": "天川村",
        "P12_007": null
      },
      "geometry": {
        "type": "MultiPoint",
        "coordinates": [
          [
            135.94479500008924,
            34.20477800010468
          ]
        ]
      }
    },
    {
      "type": "Feature",
      "properties": {
        "P12_001": 10438,
        "P12_002": "登山（観音峰など）",
        "P12_003": "29",
        "P12_004": "29446",
        "P12_005": "‐",
        "P12_006": "天川村",
        "P12_007": null
      },
      "geometry": {
        "type": "MultiPoint",
        "coordinates": [
          [
            135.88622000045268,
            34.249742000692834
          ]
        ]
      }
    },
    {
      "type": "Feature",
      "properties": {
        "P12_001": 10439,
        "P12_002": "山上ヶ岳宿坊",
        "P12_003": "29",
        "P12_004": "29446",
        "P12_005": "‐",
        "P12_006": "天川村",
        "P12_007": null
      },
      "geometry": {
        "type": "MultiPoint",
        "coordinates": [
          [
            135.9396646457069,
            34.25402922356989
          ]
        ]
      }
    },
    {
      "type": "Feature",
      "properties": {
        "P12_001": 10440,
        "P12_002": "稲村ヶ岳山小屋",
        "P12_003": "29",
        "P12_004": "29446",
        "P12_005": "‐",
        "P12_006": "天川村",
        "P12_007": null
      },
      "geometry": {
        "type": "MultiPoint",
        "coordinates": [
          [
            135.92358799968645,
            34.237861999631605
          ]
        ]
      }
    },
    {
      "type": "Feature",
      "properties": {
        "P12_001": 10441,
        "P12_002": "弥山山小屋",
        "P12_003": "29",
        "P12_004": "29446",
        "P12_005": "‐",
        "P12_006": "天川村",
        "P12_007": null
      },
      "geometry": {
        "type": "MultiPoint",
        "coordinates": [
          [
            135.91037500010623,
            34.17944199994838
          ]
        ]
      }
    },
    {
      "type": "Feature",
      "properties": {
        "P12_001": 10442,
        "P12_002": "五代松鍾乳洞",
        "P12_003": "29",
        "P12_004": "29446",
        "P12_005": "‐",
        "P12_006": "天川村",
        "P12_007": null
      },
      "geometry": {
        "type": "MultiPoint",
        "coordinates": [
          [
            135.895149999473,
            34.26630500097508
          ]
        ]
      }
    },
    {
      "type": "Feature",
      "properties": {
        "P12_001": 10443,
        "P12_002": "面不動鍾乳洞",
        "P12_003": "29",
        "P12_004": "29446",
        "P12_005": "‐",
        "P12_006": "天川村",
        "P12_007": null
      },
      "geometry": {
        "type": "MultiPoint",
        "coordinates": [
          [
            135.8761090000304,
            34.26861800062028
          ]
        ]
      }
    },
    {
      "type": "Feature",
      "properties": {
        "P12_001": 10444,
        "P12_002": "洞川地区キャンプ場",
        "P12_003": "29",
        "P12_004": "29446",
        "P12_005": "‐",
        "P12_006": "天川村",
        "P12_007": null
      },
      "geometry": {
        "type": "MultiPoint",
        "coordinates": [
          [
            135.8806979994132,
            34.26894299941995
          ]
        ]
      }
    },
    {
      "type": "Feature",
      "properties": {
        "P12_001": 10445,
        "P12_002": "中央・西部地区キャンプ場",
        "P12_003": "29",
        "P12_004": "29446",
        "P12_005": "‐",
        "P12_006": "天川村",
        "P12_007": null
      },
      "geometry": {
        "type": "MultiPoint",
        "coordinates": [
          [
            135.82184199940878,
            34.20321300077944
          ]
        ]
      }
    },
    {
      "type": "Feature",
      "properties": {
        "P12_001": 10446,
        "P12_002": "洞川地区旅館・民宿",
        "P12_003": "29",
        "P12_004": "29446",
        "P12_005": "‐",
        "P12_006": "天川村",
        "P12_007": null
      },
      "geometry": {
        "type": "MultiPoint",
        "coordinates": [
          [
            135.88051199982897,
            34.268756999835716
          ]
        ]
      }
    },
    {
      "type": "Feature",
      "properties": {
        "P12_001": 10447,
        "P12_002": "洞川地区旅館・民宿（林間学校）",
        "P12_003": "29",
        "P12_004": "29446",
        "P12_005": "‐",
        "P12_006": "天川村",
        "P12_007": null
      },
      "geometry": {
        "type": "MultiPoint",
        "coordinates": [
          [
            135.88051199982897,
            34.268756999835716
          ]
        ]
      }
    },
    {
      "type": "Feature",
      "properties": {
        "P12_001": 10448,
        "P12_002": "中央・西部地区旅館・民宿",
        "P12_003": "29",
        "P12_004": "29446",
        "P12_005": "‐",
        "P12_006": "天川村",
        "P12_007": null
      },
      "geometry": {
        "type": "MultiPoint",
        "coordinates": [
          [
            135.85514900022622,
            34.24190900010035
          ]
        ]
      }
    },
    {
      "type": "Feature",
      "properties": {
        "P12_001": 10449,
        "P12_002": "中央・西部地区旅館・民宿（林間学校）",
        "P12_003": "29",
        "P12_004": "29446",
        "P12_005": "‐",
        "P12_006": "天川村",
        "P12_007": null
      },
      "geometry": {
        "type": "MultiPoint",
        "coordinates": [
          [
            135.85514900022622,
            34.24190900010035
          ]
        ]
      }
    },
    {
      "type": "Feature",
      "properties": {
        "P12_001": 10450,
        "P12_002": "天川村総合案内所",
        "P12_003": "29",
        "P12_004": "29446",
        "P12_005": "‐",
        "P12_006": "天川村",
        "P12_007": null
      },
      "geometry": {
        "type": "MultiPoint",
        "coordinates": [
          [
            135.855301999188,
            34.24581200022368
          ]
        ]
      }
    },
    {
      "type": "Feature",
      "properties": {
        "P12_001": 10451,
        "P12_002": "洞川温泉観光案内所",
        "P12_003": "29",
        "P12_004": "29446",
        "P12_005": "‐",
        "P12_006": "天川村",
        "P12_007": null
      },
      "geometry": {
        "type": "MultiPoint",
        "coordinates": [
          [
            135.87711499965758,
            34.266159999684305
          ]
        ]
      }
    },
    {
      "type": "Feature",
      "properties": {
        "P12_001": 10452,
        "P12_002": "大峯地区【吉野熊野国立公園】",
        "P12_003": "29",
        "P12_004": "29446",
        "P12_005": "‐",
        "P12_006": "天川村",
        "P12_007": null
      },
      "geometry": {
        "type": "MultiPoint",
        "coordinates": [
          [
            135.9070770000036,
            34.173820999739405
          ]
        ]
      }
    },
    {
      "type": "Feature",
      "properties": {
        "P12_001": 10453,
        "P12_002": "五番関周辺【近畿自然歩道】",
        "P12_003": "29",
        "P12_004": "29446",
        "P12_005": "‐",
        "P12_006": "天川村",
        "P12_007": null
      },
      "geometry": {
        "type": "MultiPoint",
        "coordinates": [
          [
            135.92411299961532,
            34.279430000094465
          ]
        ]
      }
    },
    {
      "type": "Feature",
      "properties": {
        "P12_001": 10454,
        "P12_002": "洞川温泉～大峯大橋（洞川自然研究路）【近畿自然歩道】",
        "P12_003": "29",
        "P12_004": "29446",
        "P12_005": "‐",
        "P12_006": "天川村",
        "P12_007": null
      },
      "geometry": {
        "type": "MultiPoint",
        "coordinates": [
          [
            135.8768809996585,
            34.26349300080142
          ]
        ]
      }
    },
    {
      "type": "Feature",
      "properties": {
        "P12_001": 10455,
        "P12_002": "天川川合～洞川温泉（みたらい遊歩道）【近畿自然歩道】",
        "P12_003": "29",
        "P12_004": "29446",
        "P12_005": "‐",
        "P12_006": "天川村",
        "P12_007": null
      },
      "geometry": {
        "type": "MultiPoint",
        "coordinates": [
          [
            135.86171499994737,
            34.23864500066628
          ]
        ]
      }
    },
    {
      "type": "Feature",
      "properties": {
        "P12_001": 10456,
        "P12_002": "平維盛歴史の里（イベントを含む）",
        "P12_003": "29",
        "P12_004": "29447",
        "P12_005": "‐",
        "P12_006": "野迫川村",
        "P12_007": null
      },
      "geometry": {
        "type": "MultiPoint",
        "coordinates": [
          [
            135.64485500075773,
            34.11357199934832
          ]
        ]
      }
    },
    {
      "type": "Feature",
      "properties": {
        "P12_001": 10457,
        "P12_002": "奧高野自然の里ビレッジ",
        "P12_003": "29",
        "P12_004": "29447",
        "P12_005": "‐",
        "P12_006": "野迫川村",
        "P12_007": null
      },
      "geometry": {
        "type": "MultiPoint",
        "coordinates": [
          [
            135.66711200011878,
            34.20908700006504
          ]
        ]
      }
    },
    {
      "type": "Feature",
      "properties": {
        "P12_001": 10458,
        "P12_002": "村営北今西・宮の向いキャンプ場",
        "P12_003": "29",
        "P12_004": "29447",
        "P12_005": "‐",
        "P12_006": "野迫川村",
        "P12_007": null
      },
      "geometry": {
        "type": "MultiPoint",
        "coordinates": [
          [
            135.6145430004592,
            34.11711800009567
          ],
          [
            135.6159863314041,
            34.11784082029766
          ]
        ]
      }
    },
    {
      "type": "Feature",
      "properties": {
        "P12_001": 10459,
        "P12_002": "野迫川村漁業協同組合（釣り客）",
        "P12_003": "29",
        "P12_004": "29447",
        "P12_005": "‐",
        "P12_006": "野迫川村",
        "P12_007": null
      },
      "geometry": {
        "type": "MultiPoint",
        "coordinates": [
          [
            135.63303000043425,
            34.1662929997222
          ]
        ]
      }
    },
    {
      "type": "Feature",
      "properties": {
        "P12_001": 10460,
        "P12_002": "立里荒神社",
        "P12_003": "29",
        "P12_004": "29447",
        "P12_005": "‐",
        "P12_006": "野迫川村",
        "P12_007": null
      },
      "geometry": {
        "type": "MultiPoint",
        "coordinates": [
          [
            135.65561899981708,
            34.158861000534785
          ]
        ]
      }
    },
    {
      "type": "Feature",
      "properties": {
        "P12_001": 10461,
        "P12_002": "ふるさと山の交流館",
        "P12_003": "29",
        "P12_004": "29447",
        "P12_005": "‐",
        "P12_006": "野迫川村",
        "P12_007": null
      },
      "geometry": {
        "type": "MultiPoint",
        "coordinates": [
          [
            135.61580999953196,
            34.11741799954109
          ]
        ]
      }
    },
    {
      "type": "Feature",
      "properties": {
        "P12_001": 10462,
        "P12_002": "野迫川村総合案内所",
        "P12_003": "29",
        "P12_004": "29447",
        "P12_005": "‐",
        "P12_006": "野迫川村",
        "P12_007": null
      },
      "geometry": {
        "type": "MultiPoint",
        "coordinates": [
          [
            135.61270656325735,
            34.15511630447395
          ]
        ]
      }
    },
    {
      "type": "Feature",
      "properties": {
        "P12_001": 10463,
        "P12_002": "高野龍神国定公園",
        "P12_003": "29",
        "P12_004": "29447",
        "P12_005": "‐",
        "P12_006": "野迫川村",
        "P12_007": null
      },
      "geometry": {
        "type": "MultiPoint",
        "coordinates": [
          [
            135.667418999887,
            34.1792880000412
          ]
        ]
      }
    },
    {
      "type": "Feature",
      "properties": {
        "P12_001": 10464,
        "P12_002": "瀞峡",
        "P12_003": "29",
        "P12_004": "29449",
        "P12_005": "‐",
        "P12_006": "十津川村",
        "P12_007": null
      },
      "geometry": {
        "type": "MultiPoint",
        "coordinates": [
          [
            135.8977270005007,
            33.91282618657931
          ]
        ]
      }
    },
    {
      "type": "Feature",
      "properties": {
        "P12_001": 10465,
        "P12_002": "十津川温泉",
        "P12_003": "29",
        "P12_004": "29449",
        "P12_005": "‐",
        "P12_006": "十津川村",
        "P12_007": null
      },
      "geometry": {
        "type": "MultiPoint",
        "coordinates": [
          [
            135.85473680406028,
            33.913910965918376
          ]
        ]
      }
    },
    {
      "type": "Feature",
      "properties": {
        "P12_001": 10466,
        "P12_002": "湯泉地温泉",
        "P12_003": "29",
        "P12_004": "29449",
        "P12_005": "‐",
        "P12_006": "十津川村",
        "P12_007": null
      },
      "geometry": {
        "type": "MultiPoint",
        "coordinates": [
          [
            135.7900709992773,
            33.986641000481825
          ]
        ]
      }
    },
    {
      "type": "Feature",
      "properties": {
        "P12_001": 10467,
        "P12_002": "上湯温泉",
        "P12_003": "29",
        "P12_004": "29449",
        "P12_005": "‐",
        "P12_006": "十津川村",
        "P12_007": null
      },
      "geometry": {
        "type": "MultiPoint",
        "coordinates": [
          [
            135.78964199927896,
            33.99076900018923
          ]
        ]
      }
    },
    {
      "type": "Feature",
      "properties": {
        "P12_001": 10468,
        "P12_002": "昴の郷",
        "P12_003": "29",
        "P12_004": "29449",
        "P12_005": "‐",
        "P12_006": "十津川村",
        "P12_007": null
      },
      "geometry": {
        "type": "MultiPoint",
        "coordinates": [
          [
            135.73179199980098,
            33.935740999547534
          ]
        ]
      }
    },
    {
      "type": "Feature",
      "properties": {
        "P12_001": 10469,
        "P12_002": "道の駅「十津川郷」",
        "P12_003": "29",
        "P12_004": "29449",
        "P12_005": "‐",
        "P12_006": "十津川村",
        "P12_007": null
      },
      "geometry": {
        "type": "MultiPoint",
        "coordinates": [
          [
            135.79376199951673,
            33.98735299914165
          ]
        ]
      }
    },
    {
      "type": "Feature",
      "properties": {
        "P12_001": 10470,
        "P12_002": "十津川村歴史民俗資料館",
        "P12_003": "29",
        "P12_004": "29449",
        "P12_005": "‐",
        "P12_006": "十津川村",
        "P12_007": null
      },
      "geometry": {
        "type": "MultiPoint",
        "coordinates": [
          [
            135.79367599914815,
            33.98902499980397
          ]
        ]
      }
    },
    {
      "type": "Feature",
      "properties": {
        "P12_001": 10471,
        "P12_002": "紀伊半島森林植物公園",
        "P12_003": "29",
        "P12_004": "29449",
        "P12_005": "‐",
        "P12_006": "十津川村",
        "P12_007": null
      },
      "geometry": {
        "type": "MultiPoint",
        "coordinates": [
          [
            135.79316800000322,
            33.98828399980681
          ]
        ]
      }
    },
    {
      "type": "Feature",
      "properties": {
        "P12_001": 10472,
        "P12_002": "谷瀬の吊り橋",
        "P12_003": "29",
        "P12_004": "29449",
        "P12_005": "‐",
        "P12_006": "十津川村",
        "P12_007": null
      },
      "geometry": {
        "type": "MultiPoint",
        "coordinates": [
          [
            135.7627903303096,
            34.10174327673087
          ]
        ]
      }
    },
    {
      "type": "Feature",
      "properties": {
        "P12_001": 10473,
        "P12_002": "玉置神社",
        "P12_003": "29",
        "P12_004": "29449",
        "P12_005": "‐",
        "P12_006": "十津川村",
        "P12_007": null
      },
      "geometry": {
        "type": "MultiPoint",
        "coordinates": [
          [
            135.831434000179,
            33.924937999589076
          ]
        ]
      }
    },
    {
      "type": "Feature",
      "properties": {
        "P12_001": 10474,
        "P12_002": "十津川村漁業協同組合",
        "P12_003": "29",
        "P12_004": "29449",
        "P12_005": "‐",
        "P12_006": "十津川村",
        "P12_007": null
      },
      "geometry": {
        "type": "MultiPoint",
        "coordinates": [
          [
            135.73762899917904,
            33.95388000056164
          ]
        ]
      }
    },
    {
      "type": "Feature",
      "properties": {
        "P12_001": 10475,
        "P12_002": "つり橋の里キャンプ場",
        "P12_003": "29",
        "P12_004": "29449",
        "P12_005": "‐",
        "P12_006": "十津川村",
        "P12_007": null
      },
      "geometry": {
        "type": "MultiPoint",
        "coordinates": [
          [
            135.76381299977015,
            34.10286100003515
          ]
        ]
      }
    },
    {
      "type": "Feature",
      "properties": {
        "P12_001": 10476,
        "P12_002": "月谷キャンプ場",
        "P12_003": "29",
        "P12_004": "29449",
        "P12_005": "‐",
        "P12_006": "十津川村",
        "P12_007": null
      },
      "geometry": {
        "type": "MultiPoint",
        "coordinates": [
          [
            135.75481500031208,
            34.093408000279055
          ]
        ]
      }
    },
    {
      "type": "Feature",
      "properties": {
        "P12_001": 10477,
        "P12_002": "池穴キャンプ場",
        "P12_003": "29",
        "P12_004": "29449",
        "P12_005": "‐",
        "P12_006": "十津川村",
        "P12_007": null
      },
      "geometry": {
        "type": "MultiPoint",
        "coordinates": [
          [
            135.78021000049114,
            34.02074800041993
          ]
        ]
      }
    },
    {
      "type": "Feature",
      "properties": {
        "P12_001": 10478,
        "P12_002": "平瀬キャンプ場",
        "P12_003": "29",
        "P12_004": "29449",
        "P12_005": "‐",
        "P12_006": "十津川村",
        "P12_007": null
      },
      "geometry": {
        "type": "MultiPoint",
        "coordinates": [
          [
            135.79476499990494,
            33.99131699938005
          ]
        ]
      }
    },
    {
      "type": "Feature",
      "properties": {
        "P12_001": 10479,
        "P12_002": "護摩壇山・伯母子峠【高野龍神国立公園】",
        "P12_003": "29",
        "P12_004": "29449",
        "P12_005": "‐",
        "P12_006": "十津川村",
        "P12_007": null
      },
      "geometry": {
        "type": "MultiPoint",
        "coordinates": [
          [
            135.56713889904097,
            34.0579028000742
          ]
        ]
      }
    },
    {
      "type": "Feature",
      "properties": {
        "P12_001": 10480,
        "P12_002": "小川口～山彦橋～大森山～田戸～玉置口（瀞峡をめぐる道）【近畿自然歩道】",
        "P12_003": "29",
        "P12_004": "29449",
        "P12_005": "‐",
        "P12_006": "十津川村",
        "P12_007": null
      },
      "geometry": {
        "type": "MultiPoint",
        "coordinates": [
          [
            135.88875311636332,
            33.91278778552794
          ]
        ]
      }
    },
    {
      "type": "Feature",
      "properties": {
        "P12_001": 10481,
        "P12_002": "折立～玉置神社～玉置川、平谷～玉置神社～玉置川（置山神代杉をめぐる道）【近畿自然歩道】",
        "P12_003": "29",
        "P12_004": "29449",
        "P12_005": "‐",
        "P12_006": "十津川村",
        "P12_007": null
      },
      "geometry": {
        "type": "MultiPoint",
        "coordinates": [
          [
            135.834258299481,
            33.92159440026143
          ]
        ]
      }
    },
    {
      "type": "Feature",
      "properties": {
        "P12_001": 10482,
        "P12_002": "折立～猿飼～平谷（十津川郷士と温泉の里をめぐる道）【近畿自然歩道】",
        "P12_003": "29",
        "P12_004": "29449",
        "P12_005": "‐",
        "P12_006": "十津川村",
        "P12_007": null
      },
      "geometry": {
        "type": "MultiPoint",
        "coordinates": [
          [
            135.73179199980098,
            33.935740999547534
          ]
        ]
      }
    },
    {
      "type": "Feature",
      "properties": {
        "P12_001": 10483,
        "P12_002": "田戸～東野～立合川渓谷～下尾中（北山峡筏師の道）【近畿自然歩道】",
        "P12_003": "29",
        "P12_004": "29449",
        "P12_005": "‐",
        "P12_006": "十津川村",
        "P12_007": null
      },
      "geometry": {
        "type": "MultiPoint",
        "coordinates": [
          [
            135.80818200079875,
            34.05948599987903
          ]
        ]
      }
    },
    {
      "type": "Feature",
      "properties": {
        "P12_001": 10484,
        "P12_002": "下北山漁業協同組合（釣り客）",
        "P12_003": "29",
        "P12_004": "29450",
        "P12_005": "‐",
        "P12_006": "下北山村",
        "P12_007": null
      },
      "geometry": {
        "type": "MultiPoint",
        "coordinates": [
          [
            135.97983699997758,
            34.00378000034681
          ]
        ]
      }
    },
    {
      "type": "Feature",
      "properties": {
        "P12_001": 10485,
        "P12_002": "池原ダム（釣り客）",
        "P12_003": "29",
        "P12_004": "29450",
        "P12_005": "‐",
        "P12_006": "下北山村",
        "P12_007": null
      },
      "geometry": {
        "type": "MultiPoint",
        "coordinates": [
          [
            135.97119299975725,
            34.04652699942153
          ]
        ]
      }
    },
    {
      "type": "Feature",
      "properties": {
        "P12_001": 10486,
        "P12_002": "下北山総合スポーツ公園",
        "P12_003": "29",
        "P12_004": "29450",
        "P12_005": "‐",
        "P12_006": "下北山村",
        "P12_007": null
      },
      "geometry": {
        "type": "MultiPoint",
        "coordinates": [
          [
            135.96247500062088,
            34.04776900003935
          ]
        ]
      }
    },
    {
      "type": "Feature",
      "properties": {
        "P12_001": 10487,
        "P12_002": "きなりの湯",
        "P12_003": "29",
        "P12_004": "29450",
        "P12_005": "‐",
        "P12_006": "下北山村",
        "P12_007": null
      },
      "geometry": {
        "type": "MultiPoint",
        "coordinates": [
          [
            135.9624199998832,
            34.04967299970923
          ]
        ]
      }
    },
    {
      "type": "Feature",
      "properties": {
        "P12_001": 10488,
        "P12_002": "夏祭り",
        "P12_003": "29",
        "P12_004": "29450",
        "P12_005": "‐",
        "P12_006": "下北山村",
        "P12_007": null
      },
      "geometry": {
        "type": "MultiPoint",
        "coordinates": [
          [
            135.96247500062088,
            34.04776900003935
          ]
        ]
      }
    },
    {
      "type": "Feature",
      "properties": {
        "P12_001": 10489,
        "P12_002": "桜祭り",
        "P12_003": "29",
        "P12_004": "29450",
        "P12_005": "‐",
        "P12_006": "下北山村",
        "P12_007": null
      },
      "geometry": {
        "type": "MultiPoint",
        "coordinates": [
          [
            135.96247500062088,
            34.04776900003935
          ]
        ]
      }
    },
    {
      "type": "Feature",
      "properties": {
        "P12_001": 10490,
        "P12_002": "池の平公園",
        "P12_003": "29",
        "P12_004": "29450",
        "P12_005": "‐",
        "P12_006": "下北山村",
        "P12_007": null
      },
      "geometry": {
        "type": "MultiPoint",
        "coordinates": [
          [
            135.95358099966347,
            34.0312520000798
          ]
        ]
      }
    },
    {
      "type": "Feature",
      "properties": {
        "P12_001": 10491,
        "P12_002": "前鬼不動七重ノ滝",
        "P12_003": "29",
        "P12_004": "29450",
        "P12_005": "‐",
        "P12_006": "下北山村",
        "P12_007": null
      },
      "geometry": {
        "type": "MultiPoint",
        "coordinates": [
          [
            135.95357400024,
            34.03134499987192
          ]
        ]
      }
    },
    {
      "type": "Feature",
      "properties": {
        "P12_001": 10492,
        "P12_002": "池原【吉野熊野国立公園】",
        "P12_003": "29",
        "P12_004": "29450",
        "P12_005": "‐",
        "P12_006": "下北山村",
        "P12_007": null
      },
      "geometry": {
        "type": "MultiPoint",
        "coordinates": [
          [
            135.96247500062088,
            34.04776900003935
          ]
        ]
      }
    },
    {
      "type": "Feature",
      "properties": {
        "P12_001": 10493,
        "P12_002": "池峰（池の平）【吉野熊野国立公園】",
        "P12_003": "29",
        "P12_004": "29450",
        "P12_005": "‐",
        "P12_006": "下北山村",
        "P12_007": null
      },
      "geometry": {
        "type": "MultiPoint",
        "coordinates": [
          [
            135.95641939943584,
            34.02791940036008
          ]
        ]
      }
    },
    {
      "type": "Feature",
      "properties": {
        "P12_001": 10494,
        "P12_002": "前鬼【吉野熊野国立公園】",
        "P12_003": "29",
        "P12_004": "29450",
        "P12_005": "‐",
        "P12_006": "下北山村",
        "P12_007": null
      },
      "geometry": {
        "type": "MultiPoint",
        "coordinates": [
          [
            135.9249580008111,
            34.09664500026662
          ]
        ]
      }
    },
    {
      "type": "Feature",
      "properties": {
        "P12_001": 10495,
        "P12_002": "大台ヶ原山",
        "P12_003": "29",
        "P12_004": "29451",
        "P12_005": "高原・湿原・原野",
        "P12_006": "上北山村",
        "P12_007": -1
      },
      "geometry": {
        "type": "MultiPoint",
        "coordinates": [
          [
            136.10798499920838,
            34.18191000044624
          ]
        ]
      }
    },
    {
      "type": "Feature",
      "properties": {
        "P12_001": 10496,
        "P12_002": "上北山漁業協同組合（釣り客）",
        "P12_003": "29",
        "P12_004": "29451",
        "P12_005": "‐",
        "P12_006": "上北山村",
        "P12_007": null
      },
      "geometry": {
        "type": "MultiPoint",
        "coordinates": [
          [
            136.00051400022096,
            34.13458299970574
          ]
        ]
      }
    },
    {
      "type": "Feature",
      "properties": {
        "P12_001": 10497,
        "P12_002": "道の駅「吉野路　上北山」",
        "P12_003": "29",
        "P12_004": "29451",
        "P12_005": "‐",
        "P12_006": "上北山村",
        "P12_007": null
      },
      "geometry": {
        "type": "MultiPoint",
        "coordinates": [
          [
            136.000108000384,
            34.13975699998559
          ]
        ]
      }
    },
    {
      "type": "Feature",
      "properties": {
        "P12_001": 10498,
        "P12_002": "小処温泉",
        "P12_003": "29",
        "P12_004": "29451",
        "P12_005": "‐",
        "P12_006": "上北山村",
        "P12_007": null
      },
      "geometry": {
        "type": "MultiPoint",
        "coordinates": [
          [
            136.0314340006787,
            34.17957599983259
          ]
        ]
      }
    },
    {
      "type": "Feature",
      "properties": {
        "P12_001": 10499,
        "P12_002": "上北山温泉（薬師湯）",
        "P12_003": "29",
        "P12_004": "29451",
        "P12_005": "‐",
        "P12_006": "上北山村",
        "P12_007": null
      },
      "geometry": {
        "type": "MultiPoint",
        "coordinates": [
          [
            136.0007860001739,
            34.139171999088546
          ]
        ]
      }
    },
    {
      "type": "Feature",
      "properties": {
        "P12_001": 10500,
        "P12_002": "和佐又山スキー場",
        "P12_003": "29",
        "P12_004": "29451",
        "P12_005": "‐",
        "P12_006": "上北山村",
        "P12_007": null
      },
      "geometry": {
        "type": "MultiPoint",
        "coordinates": [
          [
            135.9850480001652,
            34.21789499975449
          ]
        ]
      }
    },
    {
      "type": "Feature",
      "properties": {
        "P12_001": 10501,
        "P12_002": "和佐又山ヒュッテ（泊）",
        "P12_003": "29",
        "P12_004": "29451",
        "P12_005": "‐",
        "P12_006": "上北山村",
        "P12_007": null
      },
      "geometry": {
        "type": "MultiPoint",
        "coordinates": [
          [
            135.98598100002323,
            34.21792100005416
          ]
        ]
      }
    },
    {
      "type": "Feature",
      "properties": {
        "P12_001": 10502,
        "P12_002": "和佐又山日帰り",
        "P12_003": "29",
        "P12_004": "29451",
        "P12_005": "‐",
        "P12_006": "上北山村",
        "P12_007": null
      },
      "geometry": {
        "type": "MultiPoint",
        "coordinates": [
          [
            135.98271300040471,
            34.21513999951139
          ]
        ]
      }
    },
    {
      "type": "Feature",
      "properties": {
        "P12_001": 10503,
        "P12_002": "大台ヶ原（駐車場）",
        "P12_003": "29",
        "P12_004": "29451",
        "P12_005": "‐",
        "P12_006": "上北山村",
        "P12_007": null
      },
      "geometry": {
        "type": "MultiPoint",
        "coordinates": [
          [
            136.0973019993878,
            34.18034900040607
          ]
        ]
      }
    },
    {
      "type": "Feature",
      "properties": {
        "P12_001": 10504,
        "P12_002": "川上村ダムつり公園",
        "P12_003": "29",
        "P12_004": "29452",
        "P12_005": "‐",
        "P12_006": "川上村",
        "P12_007": null
      },
      "geometry": {
        "type": "MultiPoint",
        "coordinates": [
          [
            136.0124629999675,
            34.27390300062302
          ]
        ]
      }
    },
    {
      "type": "Feature",
      "properties": {
        "P12_001": 10505,
        "P12_002": "ホテル杉の湯",
        "P12_003": "29",
        "P12_004": "29452",
        "P12_005": "‐",
        "P12_006": "川上村",
        "P12_007": null
      },
      "geometry": {
        "type": "MultiPoint",
        "coordinates": [
          [
            135.95479900007388,
            34.33697461048996
          ]
        ]
      }
    },
    {
      "type": "Feature",
      "properties": {
        "P12_001": 10506,
        "P12_002": "山鳩湯",
        "P12_003": "29",
        "P12_004": "29452",
        "P12_005": "‐",
        "P12_006": "川上村",
        "P12_007": null
      },
      "geometry": {
        "type": "MultiPoint",
        "coordinates": [
          [
            136.04061100029753,
            34.2621689999994
          ]
        ]
      }
    },
    {
      "type": "Feature",
      "properties": {
        "P12_001": 10507,
        "P12_002": "ホテル杉の湯（温泉入湯者数）",
        "P12_003": "29",
        "P12_004": "29452",
        "P12_005": "‐",
        "P12_006": "川上村",
        "P12_007": null
      },
      "geometry": {
        "type": "MultiPoint",
        "coordinates": [
          [
            135.95480000011992,
            34.33697499989637
          ]
        ]
      }
    },
    {
      "type": "Feature",
      "properties": {
        "P12_001": 10508,
        "P12_002": "山鳩湯（温泉入湯者数）",
        "P12_003": "29",
        "P12_004": "29452",
        "P12_005": "‐",
        "P12_006": "川上村",
        "P12_007": null
      },
      "geometry": {
        "type": "MultiPoint",
        "coordinates": [
          [
            136.0406859992595,
            34.26201800023057
          ]
        ]
      }
    },
    {
      "type": "Feature",
      "properties": {
        "P12_001": 10509,
        "P12_002": "不動窟鍾乳洞",
        "P12_003": "29",
        "P12_004": "29452",
        "P12_005": "‐",
        "P12_006": "川上村",
        "P12_007": null
      },
      "geometry": {
        "type": "MultiPoint",
        "coordinates": [
          [
            136.00582600056953,
            34.280813000019975
          ]
        ]
      }
    },
    {
      "type": "Feature",
      "properties": {
        "P12_001": 10510,
        "P12_002": "大滝ダム学べる建設ステーション",
        "P12_003": "29",
        "P12_004": "29452",
        "P12_005": "‐",
        "P12_006": "川上村",
        "P12_007": null
      },
      "geometry": {
        "type": "MultiPoint",
        "coordinates": [
          [
            135.93546599975616,
            34.35180400025445
          ]
        ]
      }
    },
    {
      "type": "Feature",
      "properties": {
        "P12_001": 10511,
        "P12_002": "山幸彦のもくもく館",
        "P12_003": "29",
        "P12_004": "29452",
        "P12_005": "‐",
        "P12_006": "川上村",
        "P12_007": null
      },
      "geometry": {
        "type": "MultiPoint",
        "coordinates": [
          [
            135.918172999984,
            34.36045699999062
          ]
        ]
      }
    },
    {
      "type": "Feature",
      "properties": {
        "P12_001": 10512,
        "P12_002": "森と水の源流館",
        "P12_003": "29",
        "P12_004": "29452",
        "P12_005": "‐",
        "P12_006": "川上村",
        "P12_007": null
      },
      "geometry": {
        "type": "MultiPoint",
        "coordinates": [
          [
            135.957810999578,
            34.33398899979255
          ]
        ]
      }
    },
    {
      "type": "Feature",
      "properties": {
        "P12_001": 10513,
        "P12_002": "白川渡オートキャンプ場",
        "P12_003": "29",
        "P12_004": "29452",
        "P12_005": "‐",
        "P12_006": "川上村",
        "P12_007": null
      },
      "geometry": {
        "type": "MultiPoint",
        "coordinates": [
          [
            135.99804100039194,
            34.30355799940219
          ]
        ]
      }
    },
    {
      "type": "Feature",
      "properties": {
        "P12_001": 10514,
        "P12_002": "吉野川・紀の川源流まつり",
        "P12_003": "29",
        "P12_004": "29452",
        "P12_005": "‐",
        "P12_006": "川上村",
        "P12_007": null
      },
      "geometry": {
        "type": "MultiPoint",
        "coordinates": [
          [
            135.95780100001616,
            34.33397199990793
          ]
        ]
      }
    },
    {
      "type": "Feature",
      "properties": {
        "P12_001": 10515,
        "P12_002": "筏場【吉野熊野国立公園】",
        "P12_003": "29",
        "P12_004": "29452",
        "P12_005": "‐",
        "P12_006": "川上村",
        "P12_007": null
      },
      "geometry": {
        "type": "MultiPoint",
        "coordinates": [
          [
            135.95485499995834,
            34.337001999342874
          ]
        ]
      }
    },
    {
      "type": "Feature",
      "properties": {
        "P12_001": 10516,
        "P12_002": "東吉野村漁業協同組合　（釣り客）",
        "P12_003": "29",
        "P12_004": "29453",
        "P12_005": "‐",
        "P12_006": "東吉野村",
        "P12_007": null
      },
      "geometry": {
        "type": "MultiPoint",
        "coordinates": [
          [
            135.96836500064433,
            34.40358199940982
          ]
        ]
      }
    },
    {
      "type": "Feature",
      "properties": {
        "P12_001": 10517,
        "P12_002": "明神平",
        "P12_003": "29",
        "P12_004": "29453",
        "P12_005": "‐",
        "P12_006": "東吉野村",
        "P12_007": null
      },
      "geometry": {
        "type": "MultiPoint",
        "coordinates": [
          [
            136.09014200015326,
            34.36600920026444
          ]
        ]
      }
    },
    {
      "type": "Feature",
      "properties": {
        "P12_001": 10518,
        "P12_002": "東吉野やはた温泉",
        "P12_003": "29",
        "P12_004": "29453",
        "P12_005": "‐",
        "P12_006": "東吉野村",
        "P12_007": null
      },
      "geometry": {
        "type": "MultiPoint",
        "coordinates": [
          [
            136.0197879996166,
            34.37566800087757
          ]
        ]
      }
    },
    {
      "type": "Feature",
      "properties": {
        "P12_001": 10519,
        "P12_002": "東吉野ふるさと村",
        "P12_003": "29",
        "P12_004": "29453",
        "P12_005": "‐",
        "P12_006": "東吉野村",
        "P12_007": null
      },
      "geometry": {
        "type": "MultiPoint",
        "coordinates": [
          [
            136.01891800086514,
            34.37615900013782
          ]
        ]
      }
    },
    {
      "type": "Feature",
      "properties": {
        "P12_001": 10520,
        "P12_002": "東吉野キャンプ場",
        "P12_003": "29",
        "P12_004": "29453",
        "P12_005": "‐",
        "P12_006": "東吉野村",
        "P12_007": null
      },
      "geometry": {
        "type": "MultiPoint",
        "coordinates": [
          [
            135.9885510007282,
            34.390720999874304
          ]
        ]
      }
    },
    {
      "type": "Feature",
      "properties": {
        "P12_001": 10521,
        "P12_002": "丹生川神神社　中社　（例祭を含む）",
        "P12_003": "29",
        "P12_004": "29453",
        "P12_005": "‐",
        "P12_006": "東吉野村",
        "P12_007": null
      },
      "geometry": {
        "type": "MultiPoint",
        "coordinates": [
          [
            135.98644199969863,
            34.390261000245005
          ]
        ]
      }
    },
    {
      "type": "Feature",
      "properties": {
        "P12_001": 10522,
        "P12_002": "たかすみの里",
        "P12_003": "29",
        "P12_004": "29453",
        "P12_005": "‐",
        "P12_006": "東吉野村",
        "P12_007": null
      },
      "geometry": {
        "type": "MultiPoint",
        "coordinates": [
          [
            136.06104600017284,
            34.439271999503205
          ]
        ]
      }
    },
    {
      "type": "Feature",
      "properties": {
        "P12_001": 10523,
        "P12_002": "高見山",
        "P12_003": "29",
        "P12_004": "29453",
        "P12_005": "‐",
        "P12_006": "東吉野村",
        "P12_007": null
      },
      "geometry": {
        "type": "MultiPoint",
        "coordinates": [
          [
            136.08830600002193,
            34.428610999797854
          ]
        ]
      }
    },
    {
      "type": "Feature",
      "properties": {
        "P12_001": 10524,
        "P12_002": "薊岳【吉野熊野国立公園】",
        "P12_003": "29",
        "P12_004": "29453",
        "P12_005": "‐",
        "P12_006": "東吉野村",
        "P12_007": null
      },
      "geometry": {
        "type": "MultiPoint",
        "coordinates": [
          [
            136.0685569436481,
            34.357306111887624
          ]
        ]
      }
    },
    {
      "type": "Feature",
      "properties": {
        "P12_001": 10525,
        "P12_002": "高見山【吉野熊野国立公園】",
        "P12_003": "29",
        "P12_004": "29453",
        "P12_005": "‐",
        "P12_006": "東吉野村",
        "P12_007": null
      },
      "geometry": {
        "type": "MultiPoint",
        "coordinates": [
          [
            136.08830600002193,
            34.428610999797854
          ]
        ]
      }
    },
    {
      "type": "Feature",
      "properties": {
        "P12_001": 10526,
        "P12_002": "鷲家口【吉野熊野国立公園】",
        "P12_003": "29",
        "P12_004": "29453",
        "P12_005": "‐",
        "P12_006": "東吉野村",
        "P12_007": null
      },
      "geometry": {
        "type": "MultiPoint",
        "coordinates": [
          [
            135.972871944085,
            34.401175000825674
          ]
        ]
      }
    },
    {
      "type": "Feature",
      "properties": {
        "P12_001": 10527,
        "P12_002": "高見峠（大峠）～中黒【近畿自然歩道】",
        "P12_003": "29",
        "P12_004": "29453",
        "P12_005": "‐",
        "P12_006": "東吉野村",
        "P12_007": null
      },
      "geometry": {
        "type": "MultiPoint",
        "coordinates": [
          [
            136.04205829995067,
            34.41969170001198
          ]
        ]
      }
    }
  ],
  "bbox": [
    135.56713889904097,
    33.91278778552794,
    136.205989824271,
    34.762731999782034
  ]
}